run_id,asof,ticker,pattern,pattern_state,final_score,trend,geometry,compression,sr_quality,volume,readiness,risk,market,liquidity,comp_trend,comp_geometry,comp_compression,comp_sr,comp_volume,comp_readiness,comp_risk,comp_market,comp_liquidity,veto_triggered,veto_reasons,price,trigger,invalid_below,measured_move_target,features_json,note,ret_1h,ret_eod,ret_1d,ret_3d,ret_5d,max_dd_5d,max_fav_5d,touched_invalid_5d,post_hoc_tag
20260505T174455Z-f51937,2026-05-05T17:44:55.334902+00:00,MKSI,breakout_retest_hold,setup,70.68,98.8,98.5,45.6,51.8,24.2,67.2,58.4,84.0,93.8,13.83,21.68,2.74,7.25,3.15,12.1,2.92,4.2,2.81,False,,286.7,285.67,280.2393,290.87,"{""trend"":{""T1_ema_stack"":{""value"":[true,true,true],""score"":100.0},""T2_ema50_slope"":{""value"":0.49044933674118063,""score"":100},""T3_high_proximity"":{""value"":0.9834322368195384,""score"":91.71611840976918},""T4_rs_1m"":{""value"":0.11141236812086874,""score"":100},""T5_rs_3m"":{""value"":0.1991523990352395,""score"":100},""T6_adr_healthy"":{""value"":4.591503469783459,""score"":100.0},""_score"":98.76},""geometry"":{""sub_retest_depth"":100.0,""sub_retest_timing"":100.0,""sub_retest_freshness"":100.0,""sub_hold_quality"":95.1,""_score"":98.53},""compression"":{""VC1_atr_ratio"":{""value"":0.4713418058594621,""score"":100},""VC2_range_contraction"":{""value"":1.187756318029313,""score"":0},""VC3_range_pct_rank"":{""score"":22.499999999999996},""_score"":45.62},""sr_quality"":{""SR1_touches"":{""value"":4,""score"":75.0},""SR2_tightness"":{""value"":3.5844531922596055,""score"":50.47754206041055},""SR3_recency"":{""value"":225,""score"":0.0},""SR4_price_location"":{""score"":30.0},""SR5_reaction"":{""value"":1.9000320726321773,""score"":95.00160363160887},""_score"":51.82,""_levels_found"":4,""_target_level"":264.9688},""volume"":{""V1_rvol_day"":{""value"":0.7570335465403971,""score"":17.135569769359808},""V2_rvol_sameslot"":{""value"":1.4371027940385919,""score"":62.47351960257279,""status"":""ok""},""V3_breakout_bar"":{""value"":0.6476493687156308,""score"":9.843291247708724},""V4_base_dryup"":{""value"":1.2071544606020446,""score"":29.284553939795543},""V5_bo_expansion"":{""value"":0.7570335465403969,""score"":0},""_score"":24.24},""readiness"":{""_distance_atr"":-0.071,""BR1_atr_distance"":{""score"":100.0},""BR2_compression"":{""score"":0},""BR3_retest"":{""score"":91.01966299064952},""BR4_bo_age"":{""score"":60},""_score"":67.2},""risk"":{""R1_stop_clarity"":{""score"":60.891323119433835},""R2_stop_distance_pct"":{""value"":2.2534705266829347,""score"":100.0},""R3_stop_distance_atr"":{""value"":0.4463020255100765,""score"":47.31510127550382},""R4_rr_potential"":{""value"":0.6454408964972974,""score"":0.0},""_score"":58.41},""market"":{""M1_spy_regime"":{""score"":100.0},""M3_earnings_risk"":{""value"":null,""score"":80.0},""M4_vix"":{""value"":null,""score"":60.0},""_score"":84.0},""liquidity"":{""L1_price"":{""value"":286.7,""score"":100.0},""L2_dollar_vol"":{""value"":239671286.67748207,""score"":100.0},""L3_spread_proxy"":{""value"":0.062155563306592235,""score"":37.844436693407765},""L4_volume_zscore"":{""value"":-0.7347963233344212,""score"":100.0},""_score"":93.78},""pattern_structure"":{""level"":285.67,""level_idx"":64,""breakout_idx"":72,""bo_peak_idx"":76,""bo_peak_price"":298.0,""retest_idx"":77,""retest_low"":283.07,""structural_low"":283.07,""current_price"":286.495,""neckline_distance_pct"":-0.002879631407179841,""base_bars"":15,""bars_since_breakout"":7},""pattern_geometry_features"":{""retest_depth_atr"":0.5067584029314078,""bars_breakout_to_retest"":5.0,""bars_since_retest"":2.0,""current_above_level_atr"":0.1607983393916931,""bo_peak_excess_pct"":0.043161690061959544,""atr_pct"":0.050492052419153916},""_schema_version"":""1.0""}",,,,,,,,,,
20260505T174455Z-f51937,2026-05-05T17:44:55.334902+00:00,SGML,double_bottom,candidate,68.72,98.8,76.8,76.3,50.4,34.4,47.4,65.6,84.0,85.9,14.82,19.2,6.11,7.05,4.48,3.79,3.94,5.04,4.3,False,,22.2434,22.94,20.3206,25.2499,"{""trend"":{""T1_ema_stack"":{""value"":[true,true,true],""score"":100.0},""T2_ema50_slope"":{""value"":1.0538687283848387,""score"":100},""T3_high_proximity"":{""value"":0.9855294638901196,""score"":92.7647319450598},""T4_rs_1m"":{""value"":0.434575998640655,""score"":100},""T5_rs_3m"":{""value"":0.8008826844917611,""score"":100},""T6_adr_healthy"":{""value"":8.079971851533378,""score"":98.00070371166557},""_score"":98.81},""geometry"":{""sub_low_similarity"":77.8,""sub_bounce_quality"":100,""sub_separation_fit"":0.0,""sub_right_bottom_reaction"":89.7,""sub_base_context"":100.0,""_score"":76.8},""compression"":{""VC1_atr_ratio"":{""value"":0.3844575779215022,""score"":100},""VC2_range_contraction"":{""value"":0.7660607453865828,""score"":38.98987576890288},""VC3_range_pct_rank"":{""score"":90.83333333333333},""_score"":76.35},""sr_quality"":{""SR1_touches"":{""value"":3,""score"":50.0},""SR2_tightness"":{""value"":0.12970050972229077,""score"":85.85307657280813},""SR3_recency"":{""value"":269,""score"":0.0},""SR4_price_location"":{""score"":30.0},""SR5_reaction"":{""value"":2.6359494157411625,""score"":100},""_score"":50.38,""_levels_found"":5,""_target_level"":16.7833},""volume"":{""V1_rvol_day"":{""value"":0.5109467245844602,""score"":0.7297816389640148},""V2_rvol_sameslot"":{""value"":1.2684931990461297,""score"":51.23287993640865,""status"":""ok""},""V3_breakout_bar"":{""value"":1.085277114080006,""score"":39.0184742720004},""V4_base_dryup"":{""value"":0.7860119951483022,""score"":71.39880048516977},""V5_bo_expansion"":{""value"":0.5109467245844602,""score"":0},""_score"":34.43},""readiness"":{""_distance_atr"":0.38,""BR1_atr_distance"":{""score"":74.6730708550994},""BR2_compression"":{""score"":0},""BR3_retest"":{""score"":50.0},""BR4_bo_age"":{""score"":50.0},""_score"":47.37},""risk"":{""R1_stop_clarity"":{""score"":66.24695859481805},""R2_stop_distance_pct"":{""value"":8.644143880881536,""score"":83.8964029779616},""R3_stop_distance_atr"":{""value"":1.0486087640773354,""score"":77.43043820386677},""R4_rr_potential"":{""value"":1.5636445999392,""score"":28.182229996959997},""_score"":65.61},""market"":{""M1_spy_regime"":{""score"":100.0},""M3_earnings_risk"":{""value"":null,""score"":80.0},""M4_vix"":{""value"":null,""score"":60.0},""_score"":84.0},""liquidity"":{""L1_price"":{""value"":22.2434,""score"":100.0},""L2_dollar_vol"":{""value"":38726371.862565555,""score"":79.4003405685463},""L3_spread_proxy"":{""value"":0.05863761834971278,""score"":41.36238165028722},""L4_volume_zscore"":{""value"":-0.899848889061841,""score"":100.0},""_score"":85.9},""pattern_structure"":{""left_low"":20.6301,""left_idx"":23,""right_low"":20.86,""right_idx"":70,""separation_bars"":47,""structural_low"":20.6301,""current_price"":22.2434,""neckline_distance_pct"":0.0313171547515218,""base_bars"":47},""pattern_geometry_features"":{""low_similarity_pct"":0.011082161768711123,""bounce_pct"":0.11196746501471164,""right_bottom_reaction"":0.8966346153846155,""atr_pct"":0.08243440429841789},""_schema_version"":""1.0""}",,,,,,,,,,
20260505T174455Z-f51937,2026-05-05T17:44:55.334902+00:00,ONTO,double_bottom,candidate,68.27,100.0,71.8,64.8,56.1,37.2,47.2,63.5,84.0,96.4,15.0,17.95,5.18,7.86,4.84,3.78,3.81,5.04,4.82,False,,309.065,316.0,283.68,344.0,"{""trend"":{""T1_ema_stack"":{""value"":[true,true,true],""score"":100.0},""T2_ema50_slope"":{""value"":0.7701454362541372,""score"":100},""T3_high_proximity"":{""value"":1.0,""score"":99.99999999999997},""T4_rs_1m"":{""value"":0.2990148660922354,""score"":100},""T5_rs_3m"":{""value"":0.4961389751892864,""score"":100},""T6_adr_healthy"":{""value"":4.477573833548891,""score"":100.0},""_score"":100.0},""geometry"":{""sub_low_similarity"":93.2,""sub_bounce_quality"":96.0,""sub_separation_fit"":0.0,""sub_right_bottom_reaction"":30.9,""sub_base_context"":100.0,""_score"":71.8},""compression"":{""VC1_atr_ratio"":{""value"":0.6238589793046521,""score"":94.03525517383699},""VC2_range_contraction"":{""value"":0.8448059107423775,""score"":25.86568154293708},""VC3_range_pct_rank"":{""score"":72.5},""_score"":64.79},""sr_quality"":{""SR1_touches"":{""value"":6,""score"":100},""SR2_tightness"":{""value"":4.83241054409357,""score"":40.37452452766287},""SR3_recency"":{""value"":249,""score"":0.0},""SR4_price_location"":{""score"":30.0},""SR5_reaction"":{""value"":1.67615568452394,""score"":83.807784226197},""_score"":56.13,""_levels_found"":6,""_target_level"":225.765},""volume"":{""V1_rvol_day"":{""value"":0.7859407424720942,""score"":19.062716164806282},""V2_rvol_sameslot"":{""value"":1.5847404037795927,""score"":72.31602691863951,""status"":""ok""},""V3_breakout_bar"":{""value"":0.8955090324930041,""score"":26.367268832866937},""V4_base_dryup"":{""value"":0.8831422433075118,""score"":61.68577566924882},""V5_bo_expansion"":{""value"":0.7859407424720942,""score"":0},""_score"":37.2},""readiness"":{""_distance_atr"":0.428,""BR1_atr_distance"":{""score"":71.47712867607636},""BR2_compression"":{""score"":4.484459389743308},""BR3_retest"":{""score"":50.0},""BR4_bo_age"":{""score"":50.0},""_score"":47.21},""risk"":{""R1_stop_clarity"":{""score"":46.69698451938722},""R2_stop_distance_pct"":{""value"":8.213482600747412,""score"":94.6629349813147},""R3_stop_distance_atr"":{""value"":1.5660845462677746,""score"":100.0},""R4_rr_potential"":{""value"":1.3762064211148322,""score"":18.810321055741607},""_score"":63.5},""market"":{""M1_spy_regime"":{""score"":100.0},""M3_earnings_risk"":{""value"":null,""score"":80.0},""M4_vix"":{""value"":null,""score"":60.0},""_score"":84.0},""liquidity"":{""L1_price"":{""value"":309.065,""score"":100.0},""L2_dollar_vol"":{""value"":216760241.3967616,""score"":100.0},""L3_spread_proxy"":{""value"":0.036238331742513674,""score"":63.76166825748633},""L4_volume_zscore"":{""value"":-0.9319096655461321,""score"":100.0},""_score"":96.38},""pattern_structure"":{""left_low"":288.0,""left_idx"":22,""right_low"":288.98,""right_idx"":68,""separation_bars"":46,""structural_low"":288.0,""current_price"":308.995,""neckline_distance_pct"":0.022670269745465123,""base_bars"":46},""pattern_geometry_features"":{""low_similarity_pct"":0.003396998162847995,""bounce_pct"":0.09722222222222222,""right_bottom_reaction"":0.30862796714019414,""atr_pct"":0.05244597183671489},""_schema_version"":""1.0""}",,,,,,,,,,
20260505T174455Z-f51937,2026-05-05T17:44:55.334902+00:00,NBIS,breakout_retest_hold,candidate,67.46,100.0,91.3,41.3,43.2,13.6,71.3,64.7,84.0,93.6,14.0,20.09,2.48,6.05,1.77,12.83,3.23,4.2,2.81,False,,176.5,176.66,172.557,181.7316,"{""trend"":{""T1_ema_stack"":{""value"":[true,true,true],""score"":100.0},""T2_ema50_slope"":{""value"":0.7811250766882621,""score"":100},""T3_high_proximity"":{""value"":1.0,""score"":99.99999999999997},""T4_rs_1m"":{""value"":0.46993689337176625,""score"":100},""T5_rs_3m"":{""value"":0.912551461469912,""score"":100},""T6_adr_healthy"":{""value"":7.7026055294511915,""score"":100.0},""_score"":100.0},""geometry"":{""sub_retest_depth"":100.0,""sub_retest_timing"":100.0,""sub_retest_freshness"":100.0,""sub_hold_quality"":71.1,""_score"":91.33},""compression"":{""VC1_atr_ratio"":{""value"":0.7371734527082848,""score"":65.70663682292879},""VC2_range_contraction"":{""value"":1.1852804008395472,""score"":0},""VC3_range_pct_rank"":{""score"":60.0},""_score"":41.28},""sr_quality"":{""SR1_touches"":{""value"":2,""score"":25.0},""SR2_tightness"":{""value"":0.6400000000000006,""score"":89.81469798192336},""SR3_recency"":{""value"":230,""score"":0.0},""SR4_price_location"":{""score"":30.0},""SR5_reaction"":{""value"":1.965441020167126,""score"":98.2720510083563},""_score"":43.21,""_levels_found"":6,""_target_level"":168.07},""volume"":{""V1_rvol_day"":{""value"":0.5066763333480393,""score"":0.4450888898692866},""V2_rvol_sameslot"":{""value"":0.6359196055637933,""score"":9.061307037586223,""status"":""ok""},""V3_breakout_bar"":{""value"":0.30139575432994825,""score"":0},""V4_base_dryup"":{""value"":0.9158562476811116,""score"":58.41437523188884},""V5_bo_expansion"":{""value"":0.5066763333480394,""score"":0},""_score"":13.58},""readiness"":{""_distance_atr"":0.013,""BR1_atr_distance"":{""score"":99.15122483182697},""BR2_compression"":{""score"":0},""BR3_retest"":{""score"":90.61042470208567},""BR4_bo_age"":{""score"":90},""_score"":71.28},""risk"":{""R1_stop_clarity"":{""score"":72.26096653514449},""R2_stop_distance_pct"":{""value"":2.233994334277611,""score"":100.0},""R3_stop_distance_atr"":{""value"":0.3137550457599688,""score"":40.687752287998435},""R4_rr_potential"":{""value"":1.326812434332095,""score"":16.34062171660475},""_score"":64.66},""market"":{""M1_spy_regime"":{""score"":100.0},""M3_earnings_risk"":{""value"":null,""score"":80.0},""M4_vix"":{""value"":null,""score"":60.0},""_score"":84.0},""liquidity"":{""L1_price"":{""value"":176.5,""score"":100.0},""L2_dollar_vol"":{""value"":1477890830.7018268,""score"":100.0},""L3_spread_proxy"":{""value"":0.06373937677053824,""score"":36.26062322946176},""L4_volume_zscore"":{""value"":-1.7042880643782776,""score"":100.0},""_score"":93.63},""pattern_structure"":{""level"":176.66,""level_idx"":70,""breakout_idx"":75,""bo_peak_idx"":76,""bo_peak_price"":179.96,""retest_idx"":77,""retest_low"":174.3,""structural_low"":174.3,""current_price"":176.5,""neckline_distance_pct"":0.0009065155807365246,""base_bars"":9,""bars_since_breakout"":4},""pattern_geometry_features"":{""retest_depth_atr"":0.4653344168602013,""bars_breakout_to_retest"":2.0,""bars_since_retest"":2.0,""current_above_level_atr"":-0.03154809605831826,""bo_peak_excess_pct"":0.018679950186799566,""atr_pct"":0.07120186159449617},""_schema_version"":""1.0""}",,,,,,,,,,
20260505T174455Z-f51937,2026-05-05T17:44:55.334902+00:00,NXPI,high_tight_pullback,candidate,66.93,100.0,91.5,17.7,46.7,8.3,62.1,72.6,84.0,97.8,12.0,32.02,1.77,3.74,1.16,5.59,0.73,5.04,4.89,False,,296.28,299.8,283.9607,371.1899,"{""trend"":{""T1_ema_stack"":{""value"":[true,true,true],""score"":100.0},""T2_ema50_slope"":{""value"":0.30330969790752416,""score"":100},""T3_high_proximity"":{""value"":1.0,""score"":99.99999999999997},""T4_rs_1m"":{""value"":0.4049545272255335,""score"":100},""T5_rs_3m"":{""value"":0.29304941376996774,""score"":100},""T6_adr_healthy"":{""value"":3.3662182935773575,""score"":100.0},""_score"":100.0},""geometry"":{""sub_pole_impulse"":100.0,""sub_flag_tightness"":85.6,""sub_flag_shallowness"":75.4,""sub_flag_drift"":100,""sub_flag_duration"":100.0,""_score"":91.48},""compression"":{""VC1_atr_ratio"":{""value"":1.3458201854678595,""score"":0},""VC2_range_contraction"":{""value"":1.22301473094805,""score"":0},""VC3_range_pct_rank"":{""score"":70.83333333333333},""_score"":17.71},""sr_quality"":{""SR1_touches"":{""value"":3,""score"":50.0},""SR2_tightness"":{""value"":1.755227114142836,""score"":73.09995287572713},""SR3_recency"":{""value"":288,""score"":0.0},""SR4_price_location"":{""score"":30.0},""SR5_reaction"":{""value"":1.7678170595605145,""score"":88.39085297802572},""_score"":46.72,""_levels_found"":5,""_target_level"":244.4267},""volume"":{""V1_rvol_day"":{""value"":0.38969176878948136,""score"":0},""V2_rvol_sameslot"":{""value"":0.9643352022493259,""score"":30.95568014995506,""status"":""ok""},""V3_breakout_bar"":{""value"":0.6239582973842858,""score"":8.263886492285717},""V4_base_dryup"":{""value"":1.6283979952309675,""score"":0},""V5_bo_expansion"":{""value"":0.38969176878948136,""score"":0},""_score"":8.26},""readiness"":{""_distance_atr"":0.27,""BR1_atr_distance"":{""score"":82.01787010647861},""BR2_compression"":{""score"":47.32176633943014},""BR3_retest"":{""score"":50.0},""BR4_bo_age"":{""score"":50.0},""_score"":62.14},""risk"":{""R1_stop_clarity"":{""score"":33.727549932977524},""R2_stop_distance_pct"":{""value"":4.157984001620072,""score"":100.0},""R3_stop_distance_atr"":{""value"":0.9440062638238952,""score"":72.20031319119475},""R4_rr_potential"":{""value"":6.08070685977871,""score"":100.0},""_score"":72.63},""market"":{""M1_spy_regime"":{""score"":100.0},""M3_earnings_risk"":{""value"":null,""score"":80.0},""M4_vix"":{""value"":null,""score"":60.0},""_score"":84.0},""liquidity"":{""L1_price"":{""value"":296.28,""score"":100.0},""L2_dollar_vol"":{""value"":406520422.5851881,""score"":100.0},""L3_spread_proxy"":{""value"":0.022377480761441866,""score"":77.62251923855814},""L4_volume_zscore"":{""value"":-1.0875132206544715,""score"":100.0},""_score"":97.76},""pattern_structure"":{""pole_low"":228.4101,""pole_low_idx"":28,""peak_price"":299.8,""peak_idx"":50,""pole_gain"":0.31255141519573787,""flag_bars"":9,""flag_low"":288.285,""flag_high"":296.39,""structural_low"":288.285,""current_price"":296.28,""neckline_distance_pct"":0.011880653435939107,""base_bars"":9},""pattern_geometry_features"":{""pole_gain"":0.31255141519573787,""pullback_pct"":0.03840893929286186,""flag_range_pct"":0.027034689793195333,""flag_drift_per_bar"":0.0022135592457584985,""atr_pct"":0.04404614843102085,""pole_atr_multiple"":7.095998772406033},""_schema_version"":""1.0""}",,,,,,,,,,
20260505T174455Z-f51937,2026-05-05T17:44:55.334902+00:00,CRS,inverse_head_shoulders,setup,66.44,92.9,85.3,58.8,51.5,20.7,72.3,30.0,84.0,96.3,11.15,23.89,4.7,7.21,2.89,5.78,1.8,4.2,4.81,False,,442.56,442.48,388.3658,490.68,"{""trend"":{""T1_ema_stack"":{""value"":[true,true,true],""score"":100.0},""T2_ema50_slope"":{""value"":0.34401785907324195,""score"":100},""T3_high_proximity"":{""value"":0.9786603569138232,""score"":89.3301784569116},""T4_rs_1m"":{""value"":0.022521493767398093,""score"":72.52149376739808},""T5_rs_3m"":{""value"":0.25614511641557947,""score"":100},""T6_adr_healthy"":{""value"":4.171200841998511,""score"":100.0},""_score"":92.9},""geometry"":{""sub_head_depth"":74.7,""sub_shoulder_price_sym"":93.8,""sub_shoulder_time_sym"":100,""sub_right_shoulder_reaction"":61.2,""sub_base_context"":100.0,""_score"":85.32},""compression"":{""VC1_atr_ratio"":{""value"":0.3690431637981571,""score"":100},""VC2_range_contraction"":{""value"":1.1395755481380512,""score"":0},""VC3_range_pct_rank"":{""score"":75.0},""_score"":58.75},""sr_quality"":{""SR1_touches"":{""value"":2,""score"":25.0},""SR2_tightness"":{""value"":3.759999999999991,""score"":63.74312305745215},""SR3_recency"":{""value"":225,""score"":0.0},""SR4_price_location"":{""score"":88.68041183204559},""SR5_reaction"":{""value"":1.6387915522303251,""score"":81.93957761151626},""_score"":51.52,""_levels_found"":8,""_target_level"":446.24},""volume"":{""V1_rvol_day"":{""value"":0.29181132653091435,""score"":0},""V2_rvol_sameslot"":{""value"":0.6546801986142181,""score"":10.312013240947875,""status"":""ok""},""V3_breakout_bar"":{""value"":0.843903226973787,""score"":22.926881798252463},""V4_base_dryup"":{""value"":0.8564374857210844,""score"":64.35625142789156},""V5_bo_expansion"":{""value"":0.29181132653091435,""score"":0},""_score"":20.67},""readiness"":{""_distance_atr"":-0.004,""BR1_atr_distance"":{""score"":100.0},""BR2_compression"":{""score"":59.12790527924713},""BR3_retest"":{""score"":50.0},""BR4_bo_age"":{""score"":50.0},""_score"":72.28},""risk"":{""R1_stop_clarity"":{""score"":42.97063254957002},""R2_stop_distance_pct"":{""value"":12.245616413593643,""score"":0.0},""R3_stop_distance_atr"":{""value"":2.6129154792550953,""score"":100.0},""R4_rr_potential"":{""value"":0.8879178952729266,""score"":0.0},""_score"":30.04},""market"":{""M1_spy_regime"":{""score"":100.0},""M3_earnings_risk"":{""value"":null,""score"":80.0},""M4_vix"":{""value"":null,""score"":60.0},""_score"":84.0},""liquidity"":{""L1_price"":{""value"":442.56,""score"":100.0},""L2_dollar_vol"":{""value"":90790354.13273089,""score"":97.90198550454838},""L3_spread_proxy"":{""value"":0.02901301518438185,""score"":70.98698481561814},""L4_volume_zscore"":{""value"":-1.5232965293167413,""score"":100.0},""_score"":96.26},""pattern_structure"":{""left_shoulder"":418.12,""left_shoulder_idx"":66,""head"":394.28,""head_idx"":75,""right_shoulder"":416.04,""right_shoulder_idx"":84,""left_to_head_bars"":9,""head_to_right_bars"":9,""structural_low"":394.28,""current_price"":442.135,""neckline_distance_pct"":0.0007803046580796075,""base_bars"":18},""pattern_geometry_features"":{""head_depth_pct"":0.05466577155461798,""shoulder_price_asymmetry"":0.004987052843579131,""shoulder_time_asymmetry"":0.0,""right_shoulder_reaction"":0.611690363349132,""atr_pct"":0.04686571957958889},""_schema_version"":""1.0""}",,,,,,,,,,
20260505T174455Z-f51937,2026-05-05T17:44:55.334902+00:00,MSTR,breakout_retest_hold,setup,65.7,91.7,75.8,70.0,45.4,18.1,74.9,54.3,84.0,96.4,12.83,16.67,4.2,6.36,2.35,13.48,2.71,4.2,2.89,False,,184.42,183.25,181.8828,186.4068,"{""trend"":{""T1_ema_stack"":{""value"":[true,true,false],""score"":66.66666666666666},""T2_ema50_slope"":{""value"":0.3796778120666912,""score"":100},""T3_high_proximity"":{""value"":1.0,""score"":99.99999999999997},""T4_rs_1m"":{""value"":0.3458847468532751,""score"":100},""T5_rs_3m"":{""value"":0.3342613897014233,""score"":100},""T6_adr_healthy"":{""value"":5.562635179007712,""score"":100.0},""_score"":91.67},""geometry"":{""sub_retest_depth"":35.9,""sub_retest_timing"":100.0,""sub_retest_freshness"":75.0,""sub_hold_quality"":100.0,""_score"":75.77},""compression"":{""VC1_atr_ratio"":{""value"":0.5843368579201202,""score"":100},""VC2_range_contraction"":{""value"":0.8716204007349766,""score"":21.396599877503903},""VC3_range_pct_rank"":{""score"":90.0},""_score"":69.99},""sr_quality"":{""SR1_touches"":{""value"":3,""score"":50.0},""SR2_tightness"":{""value"":2.4634681262173572,""score"":56.04862792176991},""SR3_recency"":{""value"":291,""score"":0.0},""SR4_price_location"":{""score"":30.0},""SR5_reaction"":{""value"":1.937076004611541,""score"":96.85380023057705},""_score"":45.44,""_levels_found"":6,""_target_level"":165.9679},""volume"":{""V1_rvol_day"":{""value"":0.4961148375553437,""score"":0},""V2_rvol_sameslot"":{""value"":0.7887216546668665,""score"":19.248110311124435,""status"":""ok""},""V3_breakout_bar"":{""value"":0.5558722112228804,""score"":3.7248140815253628},""V4_base_dryup"":{""value"":0.8357763406278799,""score"":66.42236593721202},""V5_bo_expansion"":{""value"":0.4961148375553437,""score"":0},""_score"":18.07},""readiness"":{""_distance_atr"":-0.104,""BR1_atr_distance"":{""score"":100.0},""BR2_compression"":{""score"":23.642872824721458},""BR3_retest"":{""score"":100},""BR4_bo_age"":{""score"":60},""_score"":74.91},""risk"":{""R1_stop_clarity"":{""score"":67.22203956171683},""R2_stop_distance_pct"":{""value"":1.3757726927665028,""score"":84.39431731916257},""R3_stop_distance_atr"":{""value"":0.226334207555007,""score"":36.31671037775035},""R4_rr_potential"":{""value"":0.7830623184162631,""score"":0.0},""_score"":54.29},""market"":{""M1_spy_regime"":{""score"":100.0},""M3_earnings_risk"":{""value"":null,""score"":80.0},""M4_vix"":{""value"":null,""score"":60.0},""_score"":84.0},""liquidity"":{""L1_price"":{""value"":184.42,""score"":100.0},""L2_dollar_vol"":{""value"":1714048760.3819191,""score"":100.0},""L3_spread_proxy"":{""value"":0.03627589198568484,""score"":63.72410801431516},""L4_volume_zscore"":{""value"":-1.0115808209563435,""score"":100.0},""_score"":96.37},""pattern_structure"":{""level"":183.25,""level_idx"":22,""breakout_idx"":72,""bo_peak_idx"":76,""bo_peak_price"":190.41,""retest_idx"":79,""retest_low"":183.72,""structural_low"":183.72,""current_price"":184.84,""neckline_distance_pct"":-0.00860203419173341,""base_bars"":57,""bars_since_breakout"":7},""pattern_geometry_features"":{""retest_depth_atr"":-0.14888562054531032,""bars_breakout_to_retest"":7.0,""bars_since_retest"":0.0,""current_above_level_atr"":0.5036768865256266,""bo_peak_excess_pct"":0.03907230559345155,""atr_pct"":0.06078500937301502},""_schema_version"":""1.0""}",,,,,,,,,,
20260505T174455Z-f51937,2026-05-05T17:44:55.334902+00:00,ON,double_bottom,candidate,65.63,99.7,86.5,15.8,37.2,43.5,42.2,66.2,84.0,90.5,14.95,21.63,1.26,5.22,5.65,3.37,3.97,5.04,4.53,False,,102.6,105.58,94.5108,115.21,"{""trend"":{""T1_ema_stack"":{""value"":[true,true,true],""score"":100.0},""T2_ema50_slope"":{""value"":0.7938359141503392,""score"":100},""T3_high_proximity"":{""value"":0.9958264583131127,""score"":97.91322915655631},""T4_rs_1m"":{""value"":0.5176081534572232,""score"":100},""T5_rs_3m"":{""value"":0.6767510462411925,""score"":100},""T6_adr_healthy"":{""value"":4.090554667865449,""score"":100.0},""_score"":99.69},""geometry"":{""sub_low_similarity"":97.3,""sub_bounce_quality"":100,""sub_separation_fit"":20.0,""sub_right_bottom_reaction"":95.6,""sub_base_context"":100.0,""_score"":86.53},""compression"":{""VC1_atr_ratio"":{""value"":0.8440343072618699,""score"":38.99142318453252},""VC2_range_contraction"":{""value"":1.0841997684240352,""score"":0},""VC3_range_pct_rank"":{""score"":0.8333333333333304},""_score"":15.8},""sr_quality"":{""SR1_touches"":{""value"":2,""score"":25.0},""SR2_tightness"":{""value"":0.8300000000000054,""score"":68.00374482848801},""SR3_recency"":{""value"":269,""score"":0.0},""SR4_price_location"":{""score"":30.0},""SR5_reaction"":{""value"":1.6070408282679487,""score"":80.35204141339743},""_score"":37.25,""_levels_found"":4,""_target_level"":72.93},""volume"":{""V1_rvol_day"":{""value"":1.0257673370602018,""score"":35.051155804013455},""V2_rvol_sameslot"":{""value"":1.977249173677565,""score"":98.48327824517101,""status"":""ok""},""V3_breakout_bar"":{""value"":0.8669613030865654,""score"":24.464086872437694},""V4_base_dryup"":{""value"":0.9811869846403265,""score"":51.88130153596735},""V5_bo_expansion"":{""value"":1.0257673370602018,""score"":1.717822470680123},""_score"":43.46},""readiness"":{""_distance_atr"":0.574,""BR1_atr_distance"":{""score"":61.70729300758826},""BR2_compression"":{""score"":0},""BR3_retest"":{""score"":50.0},""BR4_bo_age"":{""score"":50.0},""_score"":42.18},""risk"":{""R1_stop_clarity"":{""score"":44.51733704144776},""R2_stop_distance_pct"":{""value"":7.884259259259252,""score"":100.0},""R3_stop_distance_atr"":{""value"":1.5591910069045265,""score"":100.0},""R4_rr_potential"":{""value"":1.5588589795098446,""score"":27.942948975492232},""_score"":66.17},""market"":{""M1_spy_regime"":{""score"":100.0},""M3_earnings_risk"":{""value"":null,""score"":80.0},""M4_vix"":{""value"":null,""score"":60.0},""_score"":84.0},""liquidity"":{""L1_price"":{""value"":102.6,""score"":100.0},""L2_dollar_vol"":{""value"":1187124735.7980397,""score"":100.0},""L3_spread_proxy"":{""value"":0.09483430799220277,""score"":5.165692007797233},""L4_volume_zscore"":{""value"":0.06848469437888977,""score"":100.0},""_score"":90.52},""pattern_structure"":{""left_low"":95.95,""left_idx"":34,""right_low"":96.08,""right_idx"":76,""separation_bars"":42,""structural_low"":95.95,""current_price"":102.585,""neckline_distance_pct"":0.029195301457328116,""base_bars"":42},""pattern_geometry_features"":{""low_similarity_pct"":0.0013539551111804973,""bounce_pct"":0.10036477331943716,""right_bottom_reaction"":0.9557894736842103,""atr_pct"":0.05056634642160957},""_schema_version"":""1.0""}",,,,,,,,,,
20260505T174455Z-f51937,2026-05-05T17:44:55.334902+00:00,CRS,double_bottom,setup,65.31,92.9,69.4,58.8,51.5,22.7,72.3,58.9,84.0,96.3,13.94,17.34,4.7,7.21,2.95,5.78,3.54,5.04,4.81,False,,442.56,442.48,409.8486,468.87,"{""trend"":{""T1_ema_stack"":{""value"":[true,true,true],""score"":100.0},""T2_ema50_slope"":{""value"":0.34401785907324195,""score"":100},""T3_high_proximity"":{""value"":0.9786603569138232,""score"":89.3301784569116},""T4_rs_1m"":{""value"":0.022521493767398093,""score"":72.52149376739808},""T5_rs_3m"":{""value"":0.25614511641557947,""score"":100},""T6_adr_healthy"":{""value"":4.171200841998511,""score"":100.0},""_score"":92.9},""geometry"":{""sub_low_similarity"":88.8,""sub_bounce_quality"":47.7,""sub_separation_fit"":0.0,""sub_right_bottom_reaction"":87.9,""sub_base_context"":100.0,""_score"":69.37},""compression"":{""VC1_atr_ratio"":{""value"":0.3690431637981571,""score"":100},""VC2_range_contraction"":{""value"":1.1395755481380512,""score"":0},""VC3_range_pct_rank"":{""score"":75.0},""_score"":58.75},""sr_quality"":{""SR1_touches"":{""value"":2,""score"":25.0},""SR2_tightness"":{""value"":3.759999999999991,""score"":63.74312305745215},""SR3_recency"":{""value"":225,""score"":0.0},""SR4_price_location"":{""score"":88.68041183204559},""SR5_reaction"":{""value"":1.6387915522303251,""score"":81.93957761151626},""_score"":51.52,""_levels_found"":8,""_target_level"":446.24},""volume"":{""V1_rvol_day"":{""value"":0.29181132653091435,""score"":0},""V2_rvol_sameslot"":{""value"":0.6546801986142181,""score"":10.312013240947875,""status"":""ok""},""V3_breakout_bar"":{""value"":0.843903226973787,""score"":22.926881798252463},""V4_base_dryup"":{""value"":0.7561017309238522,""score"":74.38982690761478},""V5_bo_expansion"":{""value"":0.29181132653091435,""score"":0},""_score"":22.67},""readiness"":{""_distance_atr"":-0.004,""BR1_atr_distance"":{""score"":100.0},""BR2_compression"":{""score"":59.12790527924713},""BR3_retest"":{""score"":50.0},""BR4_bo_age"":{""score"":50.0},""_score"":72.28},""risk"":{""R1_stop_clarity"":{""score"":39.815994971975556},""R2_stop_distance_pct"":{""value"":7.3913932574114325,""score"":100.0},""R3_stop_distance_atr"":{""value"":1.5771428079449687,""score"":100.0},""R4_rr_potential"":{""value"":0.8043079848431822,""score"":0.0},""_score"":58.94},""market"":{""M1_spy_regime"":{""score"":100.0},""M3_earnings_risk"":{""value"":null,""score"":80.0},""M4_vix"":{""value"":null,""score"":60.0},""_score"":84.0},""liquidity"":{""L1_price"":{""value"":442.56,""score"":100.0},""L2_dollar_vol"":{""value"":90790354.13273089,""score"":97.90198550454838},""L3_spread_proxy"":{""value"":0.02901301518438185,""score"":70.98698481561814},""L4_volume_zscore"":{""value"":-1.5232965293167413,""score"":100.0},""_score"":96.26},""pattern_structure"":{""left_low"":416.09,""left_idx"":23,""right_low"":418.42,""right_idx"":73,""separation_bars"":50,""structural_low"":416.09,""current_price"":442.135,""neckline_distance_pct"":0.0007803046580796075,""base_bars"":50},""pattern_geometry_features"":{""low_similarity_pct"":0.005584115229296332,""bounce_pct"":0.0634237785094572,""right_bottom_reaction"":0.8788395904436886,""atr_pct"":0.04686571957958889},""_schema_version"":""1.0""}",,,,,,,,,,
20260505T174455Z-f51937,2026-05-05T17:44:55.334902+00:00,LRCX,double_bottom,retest_hold,65.31,100.0,71.9,46.6,42.0,42.3,57.5,46.9,84.0,95.2,15.0,17.98,3.73,5.88,5.5,4.6,2.82,5.04,4.76,False,,277.15,275.84,251.1257,296.73,"{""trend"":{""T1_ema_stack"":{""value"":[true,true,true],""score"":100.0},""T2_ema50_slope"":{""value"":0.4233457961612383,""score"":100},""T3_high_proximity"":{""value"":1.0,""score"":99.99999999999997},""T4_rs_1m"":{""value"":0.15766726945055276,""score"":100},""T5_rs_3m"":{""value"":0.1548265532141062,""score"":100},""T6_adr_healthy"":{""value"":3.7952447797805635,""score"":100.0},""_score"":100.0},""geometry"":{""sub_low_similarity"":80.9,""sub_bounce_quality"":74.2,""sub_separation_fit"":0.0,""sub_right_bottom_reaction"":85.3,""sub_base_context"":100.0,""_score"":71.91},""compression"":{""VC1_atr_ratio"":{""value"":0.6065796519322276,""score"":98.35508701694309},""VC2_range_contraction"":{""value"":1.0701039714613991,""score"":0},""VC3_range_pct_rank"":{""score"":29.166666666666664},""_score"":46.63},""sr_quality"":{""SR1_touches"":{""value"":2,""score"":25.0},""SR2_tightness"":{""value"":1.1699999999999875,""score"":80.2102091399115},""SR3_recency"":{""value"":228,""score"":0.0},""SR4_price_location"":{""score"":30.0},""SR5_reaction"":{""value"":2.2098599793765725,""score"":100},""_score"":42.03,""_levels_found"":8,""_target_level"":274.67},""volume"":{""V1_rvol_day"":{""value"":0.745083898488666,""score"":16.338926565911063},""V2_rvol_sameslot"":{""value"":1.6416862965085612,""score"":76.11241976723741,""status"":""ok""},""V3_breakout_bar"":{""value"":1.1255753802345116,""score"":41.705025348967446},""V4_base_dryup"":{""value"":0.829607268474333,""score"":67.0392731525667},""V5_bo_expansion"":{""value"":0.745083898488666,""score"":0},""_score"":42.32},""readiness"":{""_distance_atr"":-0.111,""BR1_atr_distance"":{""score"":100.0},""BR2_compression"":{""score"":0},""BR3_retest"":{""score"":50.0},""BR4_bo_age"":{""score"":50.0},""_score"":57.5},""risk"":{""R1_stop_clarity"":{""score"":35.31529256692788},""R2_stop_distance_pct"":{""value"":9.389951289915208,""score"":65.2512177521198},""R3_stop_distance_atr"":{""value"":2.200916516199417,""score"":100.0},""R4_rr_potential"":{""value"":0.7523751885260858,""score"":0.0},""_score"":46.94},""market"":{""M1_spy_regime"":{""score"":100.0},""M3_earnings_risk"":{""value"":null,""score"":80.0},""M4_vix"":{""value"":null,""score"":60.0},""_score"":84.0},""liquidity"":{""L1_price"":{""value"":277.15,""score"":100.0},""L2_dollar_vol"":{""value"":1896627885.7846706,""score"":100.0},""L3_spread_proxy"":{""value"":0.04822298394371283,""score"":51.777016056287174},""L4_volume_zscore"":{""value"":-1.2497666901315,""score"":100.0},""_score"":95.18},""pattern_structure"":{""left_low"":257.4,""left_idx"":22,""right_low"":254.95,""right_idx"":72,""separation_bars"":50,""structural_low"":254.95,""current_price"":277.155,""neckline_distance_pct"":-0.004744637477223928,""base_bars"":50},""pattern_geometry_features"":{""low_similarity_pct"":0.009563774763345327,""bounce_pct"":0.08193763483035885,""right_bottom_reaction"":0.8530534351145076,""atr_pct"":0.04266382309734286},""_schema_version"":""1.0""}",,,,,,,,,,
20260505T174455Z-f51937,2026-05-05T17:44:55.334902+00:00,PANW,breakout_retest_hold,setup,64.8,77.9,90.2,65.8,51.4,15.3,61.8,53.7,84.0,96.9,10.9,19.84,3.95,7.19,1.99,11.13,2.69,4.2,2.91,False,,182.565,182.25,178.7148,185.71,"{""trend"":{""T1_ema_stack"":{""value"":[true,true,false],""score"":66.66666666666666},""T2_ema50_slope"":{""value"":0.15277528296711787,""score"":75.46254716118631},""T3_high_proximity"":{""value"":0.9891905071521456,""score"":94.59525357607279},""T4_rs_1m"":{""value"":0.028898007564885475,""score"":78.89800756488548},""T5_rs_3m"":{""value"":0.04855163414096597,""score"":74.27581707048299},""T6_adr_healthy"":{""value"":3.9712294949050957,""score"":100.0},""_score"":77.87},""geometry"":{""sub_retest_depth"":100.0,""sub_retest_timing"":60.0,""sub_retest_freshness"":100.0,""sub_hold_quality"":94.0,""_score"":90.2},""compression"":{""VC1_atr_ratio"":{""value"":0.49357803196004013,""score"":100},""VC2_range_contraction"":{""value"":0.7679345733424531,""score"":38.677571109591156},""VC3_range_pct_rank"":{""score"":49.16666666666667},""_score"":65.83},""sr_quality"":{""SR1_touches"":{""value"":3,""score"":50.0},""SR2_tightness"":{""value"":1.150815943387801,""score"":64.5337665347439},""SR3_recency"":{""value"":226,""score"":0.0},""SR4_price_location"":{""score"":64.04903132811303},""SR5_reaction"":{""value"":1.4268889989543785,""score"":71.34444994771893},""_score"":51.39,""_levels_found"":7,""_target_level"":184.6601},""volume"":{""V1_rvol_day"":{""value"":0.41113361002128,""score"":0},""V2_rvol_sameslot"":{""value"":0.605826807157799,""score"":7.055120477186601,""status"":""ok""},""V3_breakout_bar"":{""value"":0.6191792367558896,""score"":7.945282450392639},""V4_base_dryup"":{""value"":0.9052713867580457,""score"":59.47286132419543},""V5_bo_expansion"":{""value"":0.41113361002128,""score"":0},""_score"":15.29},""readiness"":{""_distance_atr"":-0.049,""BR1_atr_distance"":{""score"":100.0},""BR2_compression"":{""score"":0},""BR3_retest"":{""score"":86.67106928622538},""BR4_bo_age"":{""score"":30.0},""_score"":61.83},""risk"":{""R1_stop_clarity"":{""score"":44.36673820923406},""R2_stop_distance_pct"":{""value"":2.108947498151344,""score"":100.0},""R3_stop_distance_atr"":{""value"":0.593283803863299,""score"":54.664190193164956},""R4_rr_potential"":{""value"":0.8168406836008469,""score"":0.0},""_score"":53.73},""market"":{""M1_spy_regime"":{""score"":100.0},""M3_earnings_risk"":{""value"":null,""score"":80.0},""M4_vix"":{""value"":null,""score"":60.0},""_score"":84.0},""liquidity"":{""L1_price"":{""value"":182.565,""score"":100.0},""L2_dollar_vol"":{""value"":534405065.78111756,""score"":100.0},""L3_spread_proxy"":{""value"":0.03133130665790266,""score"":68.66869334209734},""L4_volume_zscore"":{""value"":-1.4391692930359155,""score"":100.0},""_score"":96.87},""pattern_structure"":{""level"":182.25,""level_idx"":57,""breakout_idx"":66,""bo_peak_idx"":71,""bo_peak_price"":187.27,""retest_idx"":76,""retest_low"":180.52,""structural_low"":180.52,""current_price"":182.565,""neckline_distance_pct"":-0.0017254128666502218,""base_bars"":22,""bars_since_breakout"":13},""pattern_geometry_features"":{""retest_depth_atr"":0.8339531168222976,""bars_breakout_to_retest"":10.0,""bars_since_retest"":3.0,""current_above_level_atr"":0.15184695479712335,""bo_peak_excess_pct"":0.02754458161865575,""atr_pct"":0.035547026303743075},""_schema_version"":""1.0""}",,,,,,,,,,
20260505T174455Z-f51937,2026-05-05T17:44:55.334902+00:00,WULF,double_bottom,setup,64.5,100.0,68.2,74.3,53.0,15.4,64.0,35.4,84.0,96.1,15.0,17.05,5.95,7.41,2.0,5.12,2.12,5.04,4.81,False,,23.185,22.625,19.9315,25.015,"{""trend"":{""T1_ema_stack"":{""value"":[true,true,true],""score"":100.0},""T2_ema50_slope"":{""value"":0.6551586254219102,""score"":100},""T3_high_proximity"":{""value"":1.0,""score"":99.99999999999997},""T4_rs_1m"":{""value"":0.39260241794123685,""score"":100},""T5_rs_3m"":{""value"":0.5169042926223539,""score"":100},""T6_adr_healthy"":{""value"":6.760405555381182,""score"":100.0},""_score"":100.0},""geometry"":{""sub_low_similarity"":8.7,""sub_bounce_quality"":100,""sub_separation_fit"":100.0,""sub_right_bottom_reaction"":70.5,""sub_base_context"":100.0,""_score"":68.19},""compression"":{""VC1_atr_ratio"":{""value"":0.5739765045539101,""score"":100},""VC2_range_contraction"":{""value"":0.8291309257056942,""score"":28.47817904905096},""VC3_range_pct_rank"":{""score"":97.5},""_score"":74.34},""sr_quality"":{""SR1_touches"":{""value"":4,""score"":75.0},""SR2_tightness"":{""value"":0.341192760767283,""score"":53.05409733027388},""SR3_recency"":{""value"":234,""score"":0.0},""SR4_price_location"":{""score"":30.0},""SR5_reaction"":{""value"":2.530860254154832,""score"":100},""_score"":52.96,""_levels_found"":7,""_target_level"":18.05},""volume"":{""V1_rvol_day"":{""value"":0.5546314075060687,""score"":3.6420938337379103},""V2_rvol_sameslot"":{""value"":0.8603530661863532,""score"":24.023537745756883,""status"":""ok""},""V3_breakout_bar"":{""value"":0.6958197440358457,""score"":13.054649602389713},""V4_base_dryup"":{""value"":1.170355620744543,""score"":32.96443792554571},""V5_bo_expansion"":{""value"":0.5546314075060687,""score"":0},""_score"":15.39},""readiness"":{""_distance_atr"":-0.385,""BR1_atr_distance"":{""score"":100.0},""BR2_compression"":{""score"":25.79028515696717},""BR3_retest"":{""score"":50.0},""BR4_bo_age"":{""score"":50.0},""_score"":63.95},""risk"":{""R1_stop_clarity"":{""score"":58.23693598954283},""R2_stop_distance_pct"":{""value"":14.032887642872547,""score"":0.0},""R3_stop_distance_atr"":{""value"":2.2383192955213316,""score"":100.0},""R4_rr_potential"":{""value"":0.562466862864125,""score"":0.0},""_score"":35.38},""market"":{""M1_spy_regime"":{""score"":100.0},""M3_earnings_risk"":{""value"":null,""score"":80.0},""M4_vix"":{""value"":null,""score"":60.0},""_score"":84.0},""liquidity"":{""L1_price"":{""value"":23.185,""score"":100.0},""L2_dollar_vol"":{""value"":443140628.5099606,""score"":100.0},""L3_spread_proxy"":{""value"":0.03873193875350441,""score"":61.26806124649559},""L4_volume_zscore"":{""value"":-1.3982361202244844,""score"":100.0},""_score"":96.13},""pattern_structure"":{""left_low"":20.235,""left_idx"":47,""right_low"":21.18,""right_idx"":69,""separation_bars"":22,""structural_low"":20.235,""current_price"":23.175,""neckline_distance_pct"":-0.02373247033441211,""base_bars"":22},""pattern_geometry_features"":{""low_similarity_pct"":0.045635639261137284,""bounce_pct"":0.11811218186310851,""right_bottom_reaction"":0.7049180327868855,""atr_pct"":0.06269385994639393},""_schema_version"":""1.0""}",,,,,,,,,,
20260505T174455Z-f51937,2026-05-05T17:44:55.334902+00:00,VSAT,ascending_triangle,candidate,64.45,99.7,71.5,76.0,49.5,11.2,57.8,32.8,84.0,82.9,14.95,20.02,6.08,6.93,1.34,4.62,1.31,5.04,4.15,False,,65.6,66.75,55.7806,76.87,"{""trend"":{""T1_ema_stack"":{""value"":[true,true,true],""score"":100.0},""T2_ema50_slope"":{""value"":0.6493556359193101,""score"":100},""T3_high_proximity"":{""value"":0.9952966165983917,""score"":97.64830829919585},""T4_rs_1m"":{""value"":0.16072271590890974,""score"":100},""T5_rs_3m"":{""value"":0.44024349316743683,""score"":100},""T6_adr_healthy"":{""value"":5.00197158630058,""score"":100.0},""_score"":99.65},""geometry"":{""sub_flat_top_quality"":66.7,""sub_hl_slope"":100,""sub_compression"":26.0,""sub_duration"":100.0,""_score"":71.51},""compression"":{""VC1_atr_ratio"":{""value"":0.5418421584661083,""score"":100},""VC2_range_contraction"":{""value"":0.7927481816623515,""score"":34.54196972294142},""VC3_range_pct_rank"":{""score"":95.83333333333334},""_score"":76.05},""sr_quality"":{""SR1_touches"":{""value"":3,""score"":50.0},""SR2_tightness"":{""value"":0.3151013946159069,""score"":80.16225059191594},""SR3_recency"":{""value"":269,""score"":0.0},""SR4_price_location"":{""score"":30.0},""SR5_reaction"":{""value"":2.571781899943788,""score"":100},""_score"":49.52,""_levels_found"":5,""_target_level"":49.8067},""volume"":{""V1_rvol_day"":{""value"":0.21394595036390687,""score"":0},""V2_rvol_sameslot"":{""value"":0.3213015640375051,""score"":0,""status"":""ok""},""V3_breakout_bar"":{""value"":0.4010256711563626,""score"":0},""V4_base_dryup"":{""value"":0.9410672666007412,""score"":55.89327333992588},""V5_bo_expansion"":{""value"":0.21394595036390687,""score"":0},""_score"":11.18},""readiness"":{""_distance_atr"":0.362,""BR1_atr_distance"":{""score"":75.86659171819363},""BR2_compression"":{""score"":39.66730779059171},""BR3_retest"":{""score"":50.0},""BR4_bo_age"":{""score"":50.0},""_score"":57.76},""risk"":{""R1_stop_clarity"":{""score"":46.521416526138474},""R2_stop_distance_pct"":{""value"":14.96867378048779,""score"":0.0},""R3_stop_distance_atr"":{""value"":3.0910016863406358,""score"":100.0},""R4_rr_potential"":{""value"":1.1477221229294943,""score"":7.386106146474713},""_score"":32.76},""market"":{""M1_spy_regime"":{""score"":100.0},""M3_earnings_risk"":{""value"":null,""score"":80.0},""M4_vix"":{""value"":null,""score"":60.0},""_score"":84.0},""liquidity"":{""L1_price"":{""value"":65.6,""score"":100.0},""L2_dollar_vol"":{""value"":19905419.967606395,""score"":64.94856724142153},""L3_spread_proxy"":{""value"":0.03056402439024405,""score"":69.43597560975596},""L4_volume_zscore"":{""value"":-2.157632664278124,""score"":100.0},""_score"":82.92},""pattern_structure"":{""top"":66.75,""top_touches"":3,""low_slope_per_bar"":0.2581832191780826,""lowest_low"":56.63,""structural_low"":56.63,""current_price"":65.45,""neckline_distance_pct"":0.0198624904507257,""base_bars"":28},""pattern_geometry_features"":{""top_touches"":3.0,""low_slope"":0.2581832191780826,""compression"":0.1301767742608333,""atr_pct"":0.048426611498257874},""_schema_version"":""1.0""}",,,,,,,,,,
20260505T174455Z-f51937,2026-05-05T17:44:55.334902+00:00,KLAC,double_bottom,candidate,63.79,92.0,79.9,51.4,44.2,26.1,52.1,58.6,84.0,72.1,13.8,19.96,4.11,6.19,3.39,4.17,3.52,5.04,3.6,False,,1759.52,1788.66,1621.31,1931.32,"{""trend"":{""T1_ema_stack"":{""value"":[true,true,true],""score"":100.0},""T2_ema50_slope"":{""value"":0.5426897677625528,""score"":100},""T3_high_proximity"":{""value"":0.909312661498708,""score"":54.656330749354},""T4_rs_1m"":{""value"":0.044106574897079476,""score"":94.10657489707947},""T5_rs_3m"":{""value"":0.248371691273495,""score"":100},""T6_adr_healthy"":{""value"":3.37416322887075,""score"":100.0},""_score"":92.02},""geometry"":{""sub_low_similarity"":62.9,""sub_bounce_quality"":81.0,""sub_separation_fit"":100.0,""sub_right_bottom_reaction"":65.3,""sub_base_context"":100.0,""_score"":79.86},""compression"":{""VC1_atr_ratio"":{""value"":0.6358166184392002,""score"":91.04584539019994},""VC2_range_contraction"":{""value"":1.1014391104042578,""score"":0},""VC3_range_pct_rank"":{""score"":60.0},""_score"":51.42},""sr_quality"":{""SR1_touches"":{""value"":3,""score"":50.0},""SR2_tightness"":{""value"":19.994086742501274,""score"":44.88594279358752},""SR3_recency"":{""value"":224,""score"":0.0},""SR4_price_location"":{""score"":30.0},""SR5_reaction"":{""value"":3.79757885191622,""score"":100},""_score"":44.23,""_levels_found"":6,""_target_level"":1673.287},""volume"":{""V1_rvol_day"":{""value"":0.6496702824673742,""score"":9.978018831158282},""V2_rvol_sameslot"":{""value"":1.308162117830259,""score"":53.877474522017266,""status"":""ok""},""V3_breakout_bar"":{""value"":0.8210763159750983,""score"":21.405087731673223},""V4_base_dryup"":{""value"":1.1031260079048768,""score"":39.68739920951232},""V5_bo_expansion"":{""value"":0.6496702824673743,""score"":0},""_score"":26.06},""readiness"":{""_distance_atr"":0.402,""BR1_atr_distance"":{""score"":73.22502318346365},""BR2_compression"":{""score"":21.459312522352043},""BR3_retest"":{""score"":50.0},""BR4_bo_age"":{""score"":50.0},""_score"":52.15},""risk"":{""R1_stop_clarity"":{""score"":31.941574028797348},""R2_stop_distance_pct"":{""value"":7.854983177230156,""score"":100.0},""R3_stop_distance_atr"":{""value"":1.9048916673713852,""score"":100.0},""R4_rr_potential"":{""value"":1.2430359597713634,""score"":12.15179798856817},""_score"":58.61},""market"":{""M1_spy_regime"":{""score"":100.0},""M3_earnings_risk"":{""value"":null,""score"":80.0},""M4_vix"":{""value"":null,""score"":60.0},""_score"":84.0},""liquidity"":{""L1_price"":{""value"":1759.52,""score"":0.0},""L2_dollar_vol"":{""value"":1072089528.4596335,""score"":100.0},""L3_spread_proxy"":{""value"":0.029168466399927376,""score"":70.83153360007262},""L4_volume_zscore"":{""value"":-1.0841797806119182,""score"":100.0},""_score"":72.08},""pattern_structure"":{""left_low"":1646.0,""left_idx"":58,""right_low"":1676.79,""right_idx"":72,""separation_bars"":14,""structural_low"":1646.0,""current_price"":1759.52,""neckline_distance_pct"":0.016561334909520834,""base_bars"":14},""pattern_geometry_features"":{""low_similarity_pct"":0.018532618672862242,""bounce_pct"":0.08667071688942897,""right_bottom_reaction"":0.6530845392231568,""atr_pct"":0.041235852472752285},""_schema_version"":""1.0""}",,,,,,,,,,
20260505T174455Z-f51937,2026-05-05T17:44:55.334902+00:00,LSCC,double_bottom,candidate,63.37,98.3,75.3,37.4,42.0,31.8,35.7,70.2,84.0,93.6,14.74,18.83,3.0,5.88,4.13,2.85,4.21,5.04,4.68,False,,122.71,127.9462,113.2356,140.9324,"{""trend"":{""T1_ema_stack"":{""value"":[true,true,true],""score"":100.0},""T2_ema50_slope"":{""value"":0.5891580504697868,""score"":100},""T3_high_proximity"":{""value"":0.9772238592020387,""score"":88.61192960101933},""T4_rs_1m"":{""value"":0.1635348805986856,""score"":100},""T5_rs_3m"":{""value"":0.45710367668224894,""score"":100},""T6_adr_healthy"":{""value"":4.617924178204866,""score"":100.0},""_score"":98.29},""geometry"":{""sub_low_similarity"":99.1,""sub_bounce_quality"":100,""sub_separation_fit"":6.7,""sub_right_bottom_reaction"":30.6,""sub_base_context"":100.0,""_score"":75.33},""compression"":{""VC1_atr_ratio"":{""value"":0.654749284766134,""score"":86.31267880846649},""VC2_range_contraction"":{""value"":1.1059705376891482,""score"":0},""VC3_range_pct_rank"":{""score"":11.66666666666667},""_score"":37.44},""sr_quality"":{""SR1_touches"":{""value"":2,""score"":25.0},""SR2_tightness"":{""value"":0.634999999999998,""score"":80.14432773250016},""SR3_recency"":{""value"":226,""score"":0.0},""SR4_price_location"":{""score"":30.0},""SR5_reaction"":{""value"":2.6419144530979546,""score"":100},""_score"":42.02,""_levels_found"":6,""_target_level"":108.715},""volume"":{""V1_rvol_day"":{""value"":1.1108159103479078,""score"":40.72106068986052},""V2_rvol_sameslot"":{""value"":1.2179688273641867,""score"":47.86458849094578,""status"":""ok""},""V3_breakout_bar"":{""value"":0.5662373639731962,""score"":4.41582426487975},""V4_base_dryup"":{""value"":0.9076933346672638,""score"":59.23066653327362},""V5_bo_expansion"":{""value"":1.1108159103479083,""score"":7.387727356527218},""_score"":31.78},""readiness"":{""_distance_atr"":0.819,""BR1_atr_distance"":{""score"":45.42347972331589},""BR2_compression"":{""score"":0},""BR3_retest"":{""score"":50.0},""BR4_bo_age"":{""score"":50.0},""_score"":35.67},""risk"":{""R1_stop_clarity"":{""score"":46.08012400302852},""R2_stop_distance_pct"":{""value"":7.720968136256216,""score"":100.0},""R3_stop_distance_atr"":{""value"":1.4812644199307177,""score"":99.06322099653589},""R4_rr_potential"":{""value"":1.9233302372709649,""score"":46.166511863548244},""_score"":70.22},""market"":{""M1_spy_regime"":{""score"":100.0},""M3_earnings_risk"":{""value"":null,""score"":80.0},""M4_vix"":{""value"":null,""score"":60.0},""_score"":84.0},""liquidity"":{""L1_price"":{""value"":122.71,""score"":100.0},""L2_dollar_vol"":{""value"":279182201.00748503,""score"":100.0},""L3_spread_proxy"":{""value"":0.06413495232662367,""score"":35.86504767337634},""L4_volume_zscore"":{""value"":0.2576523237981762,""score"":100.0},""_score"":93.59},""pattern_structure"":{""left_low"":114.96,""left_idx"":32,""right_low"":115.01,""right_idx"":76,""separation_bars"":44,""structural_low"":114.96,""current_price"":122.65,""neckline_distance_pct"":0.04318141051773337,""base_bars"":44},""pattern_geometry_features"":{""low_similarity_pct"":0.00043483932686882087,""bounce_pct"":0.11296276965901193,""right_bottom_reaction"":0.30551771117166154,""atr_pct"":0.05212417197341002},""_schema_version"":""1.0""}",,,,,,,,,,
20260505T174455Z-f51937,2026-05-05T17:44:55.334902+00:00,ZETA,double_bottom,candidate,63.25,61.6,89.7,72.2,53.2,17.7,27.4,67.8,84.0,95.3,9.24,22.42,5.77,7.44,2.3,2.2,4.07,5.04,4.77,False,,17.705,19.88,17.4246,22.07,"{""trend"":{""T1_ema_stack"":{""value"":[true,true,false],""score"":66.66666666666666},""T2_ema50_slope"":{""value"":0.07078418315709954,""score"":61.797363859516594},""T3_high_proximity"":{""value"":0.9279350104821803,""score"":63.96750524109013},""T4_rs_1m"":{""value"":0.0214664809401528,""score"":71.46648094015279},""T5_rs_3m"":{""value"":-0.05049626256036821,""score"":24.751868719815896},""T6_adr_healthy"":{""value"":5.3021982077853265,""score"":100.0},""_score"":61.63},""geometry"":{""sub_low_similarity"":75.3,""sub_bounce_quality"":100,""sub_separation_fit"":100.0,""sub_right_bottom_reaction"":80.6,""sub_base_context"":100.0,""_score"":89.68},""compression"":{""VC1_atr_ratio"":{""value"":0.45773305230859934,""score"":100},""VC2_range_contraction"":{""value"":0.8059458461198297,""score"":32.34235898002839},""VC3_range_pct_rank"":{""score"":83.33333333333334},""_score"":72.15},""sr_quality"":{""SR1_touches"":{""value"":4,""score"":75.0},""SR2_tightness"":{""value"":0.08135570047636506,""score"":82.37037106972865},""SR3_recency"":{""value"":231,""score"":0.0},""SR4_price_location"":{""score"":13.27231121281431},""SR5_reaction"":{""value"":2.2255169798470726,""score"":100},""_score"":53.17,""_levels_found"":6,""_target_level"":18.6525},""volume"":{""V1_rvol_day"":{""value"":0.5795069485773707,""score"":5.300463238491382},""V2_rvol_sameslot"":{""value"":1.1786323302477253,""score"":45.24215534984835,""status"":""ok""},""V3_breakout_bar"":{""value"":0.5014043199399101,""score"":0.09362132932733877},""V4_base_dryup"":{""value"":1.121452484614898,""score"":37.854751538510186},""V5_bo_expansion"":{""value"":0.5795069485773707,""score"":0},""_score"":17.7},""readiness"":{""_distance_atr"":2.357,""BR1_atr_distance"":{""score"":0},""BR2_compression"":{""score"":39.81070812552351},""BR3_retest"":{""score"":50.0},""BR4_bo_age"":{""score"":50.0},""_score"":27.45},""risk"":{""R1_stop_clarity"":{""score"":42.49914868588019},""R2_stop_distance_pct"":{""value"":1.5834510025416466,""score"":89.58627506354117},""R3_stop_distance_atr"":{""value"":0.3037566170324724,""score"":40.187830851623616},""R4_rr_potential"":{""value"":15.569823434992049,""score"":100.0},""_score"":67.78},""market"":{""M1_spy_regime"":{""score"":100.0},""M3_earnings_risk"":{""value"":null,""score"":80.0},""M4_vix"":{""value"":null,""score"":60.0},""_score"":84.0},""liquidity"":{""L1_price"":{""value"":17.705,""score"":100.0},""L2_dollar_vol"":{""value"":87508618.36531256,""score"":97.10254135064731},""L3_spread_proxy"":{""value"":0.03501835639649802,""score"":64.98164360350198},""L4_volume_zscore"":{""value"":-0.8304692884975892,""score"":100.0},""_score"":95.34},""pattern_structure"":{""left_low"":17.69,""left_idx"":47,""right_low"":17.91,""right_idx"":70,""separation_bars"":23,""structural_low"":17.69,""current_price"":17.705,""neckline_distance_pct"":0.12284665348771538,""base_bars"":23},""pattern_geometry_features"":{""low_similarity_pct"":0.012359550561797689,""bounce_pct"":0.12379875635952502,""right_bottom_reaction"":0.8055555555555584,""atr_pct"":0.05212893855650136},""_schema_version"":""1.0""}",,,,,,,,,,
20260505T174455Z-f51937,2026-05-05T17:44:55.334902+00:00,TSM,breakout_retest_hold,setup,63.17,98.5,80.0,47.3,42.6,15.6,62.1,53.1,84.0,96.6,13.79,17.6,2.84,5.97,2.03,11.18,2.66,4.2,2.9,False,,396.889,395.8474,388.6741,402.342,"{""trend"":{""T1_ema_stack"":{""value"":[true,true,true],""score"":100.0},""T2_ema50_slope"":{""value"":0.31123876296356673,""score"":100},""T3_high_proximity"":{""value"":0.9800212356165736,""score"":90.01061780828678},""T4_rs_1m"":{""value"":0.06291473918056423,""score"":100},""T5_rs_3m"":{""value"":0.13244703678125602,""score"":100},""T6_adr_healthy"":{""value"":2.8358894845015157,""score"":100.0},""_score"":98.5},""geometry"":{""sub_retest_depth"":100.0,""sub_retest_timing"":0.0,""sub_retest_freshness"":100.0,""sub_hold_quality"":100.0,""_score"":80.0},""compression"":{""VC1_atr_ratio"":{""value"":0.4594032878743732,""score"":100},""VC2_range_contraction"":{""value"":1.1638337701947363,""score"":0},""VC3_range_pct_rank"":{""score"":29.166666666666664},""_score"":47.29},""sr_quality"":{""SR1_touches"":{""value"":2,""score"":25.0},""SR2_tightness"":{""value"":1.0800000000000125,""score"":84.19206226152815},""SR3_recency"":{""value"":236,""score"":0.0},""SR4_price_location"":{""score"":30.0},""SR5_reaction"":{""value"":2.909465577745099,""score"":100},""_score"":42.63,""_levels_found"":5,""_target_level"":381.08},""volume"":{""V1_rvol_day"":{""value"":0.6816872704529893,""score"":12.11248469686595},""V2_rvol_sameslot"":{""value"":0.7802170824118585,""score"":18.681138827457232,""status"":""ok""},""V3_breakout_bar"":{""value"":0.5038659628250157,""score"":0.2577308550010482},""V4_base_dryup"":{""value"":1.0293542832625044,""score"":47.064571673749555},""V5_bo_expansion"":{""value"":0.6816872704529893,""score"":0},""_score"":15.64},""readiness"":{""_distance_atr"":-0.076,""BR1_atr_distance"":{""score"":100.0},""BR2_compression"":{""score"":0},""BR3_retest"":{""score"":88.11733420876412},""BR4_bo_age"":{""score"":30.0},""_score"":62.12},""risk"":{""R1_stop_clarity"":{""score"":42.5352042877988},""R2_stop_distance_pct"":{""value"":2.06982330072136,""score"":100.0},""R3_stop_distance_atr"":{""value"":0.6012066830356881,""score"":55.06033415178441},""R4_rr_potential"":{""value"":0.6637937572223909,""score"":0.0},""_score"":53.15},""market"":{""M1_spy_regime"":{""score"":100.0},""M3_earnings_risk"":{""value"":null,""score"":80.0},""M4_vix"":{""value"":null,""score"":60.0},""_score"":84.0},""liquidity"":{""L1_price"":{""value"":396.889,""score"":100.0},""L2_dollar_vol"":{""value"":3739525457.319837,""score"":100.0},""L3_spread_proxy"":{""value"":0.034087364477221646,""score"":65.91263552277834},""L4_volume_zscore"":{""value"":-0.9737703118634119,""score"":100.0},""_score"":96.59},""pattern_structure"":{""level"":395.8474,""level_idx"":52,""breakout_idx"":64,""bo_peak_idx"":70,""bo_peak_price"":407.7,""retest_idx"":78,""retest_low"":392.6001,""structural_low"":392.6001,""current_price"":396.889,""neckline_distance_pct"":-0.0026244113593473658,""base_bars"":27,""bars_since_breakout"":15},""pattern_geometry_features"":{""retest_depth_atr"":0.7942341322459866,""bars_breakout_to_retest"":14.0,""bars_since_retest"":1.0,""current_above_level_atr"":0.2547575746458393,""bo_peak_excess_pct"":0.029942346469877017,""atr_pct"":0.03442781590966601},""_schema_version"":""1.0""}",,,,,,,,,,
20260505T174455Z-f51937,2026-05-05T17:44:55.334902+00:00,RKLB,double_bottom,candidate,63.07,64.0,92.6,45.9,62.6,9.8,28.6,78.2,84.0,91.9,9.6,23.14,3.67,8.77,1.28,2.29,4.69,5.04,4.6,False,,77.07,83.79,75.1063,91.33,"{""trend"":{""T1_ema_stack"":{""value"":[false,true,true],""score"":66.66666666666666},""T2_ema50_slope"":{""value"":0.4468418974984262,""score"":100},""T3_high_proximity"":{""value"":0.8559529098178585,""score"":27.97645490892925},""T4_rs_1m"":{""value"":0.040515046704713065,""score"":90.51504670471306},""T5_rs_3m"":{""value"":-0.10132934799500748,""score"":0},""T6_adr_healthy"":{""value"":6.793272647899526,""score"":100.0},""_score"":63.97},""geometry"":{""sub_low_similarity"":79.0,""sub_bounce_quality"":98.4,""sub_separation_fit"":100.0,""sub_right_bottom_reaction"":94.5,""sub_base_context"":100.0,""_score"":92.56},""compression"":{""VC1_atr_ratio"":{""value"":0.6366724099782424,""score"":90.8318975054394},""VC2_range_contraction"":{""value"":0.9936828881128319,""score"":1.052851981194684},""VC3_range_pct_rank"":{""score"":36.66666666666667},""_score"":45.87},""sr_quality"":{""SR1_touches"":{""value"":4,""score"":75.0},""SR2_tightness"":{""value"":0.7635239027037725,""score"":75.38840019742814},""SR3_recency"":{""value"":255,""score"":0.0},""SR4_price_location"":{""score"":55.35572431762564},""SR5_reaction"":{""value"":2.0581551433156586,""score"":100},""_score"":62.65,""_levels_found"":5,""_target_level"":79.1775},""volume"":{""V1_rvol_day"":{""value"":0.5513875966413396,""score"":3.4258397760893087},""V2_rvol_sameslot"":{""value"":0.6901961847090564,""score"":12.679745647270426,""status"":""ok""},""V3_breakout_bar"":{""value"":0.5292620519811062,""score"":1.9508034654070805},""V4_base_dryup"":{""value"":1.1941044481651462,""score"":30.589555183485388},""V5_bo_expansion"":{""value"":0.5513875966413395,""score"":0},""_score"":9.83},""readiness"":{""_distance_atr"":1.083,""BR1_atr_distance"":{""score"":27.795340312809955},""BR2_compression"":{""score"":0},""BR3_retest"":{""score"":50.0},""BR4_bo_age"":{""score"":50.0},""_score"":28.62},""risk"":{""R1_stop_clarity"":{""score"":63.132107358382484},""R2_stop_distance_pct"":{""value"":2.5480083041390817,""score"":100.0},""R3_stop_distance_atr"":{""value"":0.3164997778141037,""score"":40.824988890705185},""R4_rr_potential"":{""value"":7.261616804583114,""score"":100.0},""_score"":78.22},""market"":{""M1_spy_regime"":{""score"":100.0},""M3_earnings_risk"":{""value"":null,""score"":80.0},""M4_vix"":{""value"":null,""score"":60.0},""_score"":84.0},""liquidity"":{""L1_price"":{""value"":77.07,""score"":100.0},""L2_dollar_vol"":{""value"":913515803.4423904,""score"":100.0},""L3_spread_proxy"":{""value"":0.08057609964966905,""score"":19.423900350330953},""L4_volume_zscore"":{""value"":-1.4884345568520405,""score"":100.0},""_score"":91.94},""pattern_structure"":{""left_low"":77.0535,""left_idx"":40,""right_low"":76.25,""right_idx"":70,""separation_bars"":30,""structural_low"":76.25,""current_price"":77.07,""neckline_distance_pct"":0.08719346049046339,""base_bars"":30},""pattern_geometry_features"":{""low_similarity_pct"":0.01048247430750113,""bounce_pct"":0.09888524590163943,""right_bottom_reaction"":0.9448818897637775,""atr_pct"":0.08050584811581309},""_schema_version"":""1.0""}",,,,,,,,,,
20260505T174455Z-f51937,2026-05-05T17:44:55.334902+00:00,APP,breakout_retest_hold,setup,62.87,60.3,88.5,80.5,38.1,23.2,64.7,60.1,84.0,97.4,8.45,19.47,4.83,5.33,3.02,11.65,3.0,4.2,2.92,False,,478.75,469.73,461.0925,477.69,"{""trend"":{""T1_ema_stack"":{""value"":[true,false,false],""score"":33.33333333333333},""T2_ema50_slope"":{""value"":0.0313475556338108,""score"":55.22459260563513},""T3_high_proximity"":{""value"":0.9256036966146588,""score"":62.80184830732938},""T4_rs_1m"":{""value"":0.061705468598738156,""score"":100},""T5_rs_3m"":{""value"":-0.012923110789633263,""score"":43.53844460518337},""T6_adr_healthy"":{""value"":5.479866173367847,""score"":100.0},""_score"":60.33},""geometry"":{""sub_retest_depth"":100.0,""sub_retest_timing"":100.0,""sub_retest_freshness"":75.0,""sub_hold_quality"":78.3,""_score"":88.49},""compression"":{""VC1_atr_ratio"":{""value"":0.41716698432927285,""score"":100},""VC2_range_contraction"":{""value"":0.7160912297213398,""score"":47.31812837977671},""VC3_range_pct_rank"":{""score"":95.83333333333334},""_score"":80.52},""sr_quality"":{""SR1_touches"":{""value"":2,""score"":25.0},""SR2_tightness"":{""value"":1.3449999999999989,""score"":87.93320777375695},""SR3_recency"":{""value"":231,""score"":0.0},""SR4_price_location"":{""score"":9.50931913275011},""SR5_reaction"":{""value"":4.396080439300446,""score"":100},""_score"":38.07,""_levels_found"":5,""_target_level"":490.645},""volume"":{""V1_rvol_day"":{""value"":0.4367189533375299,""score"":0},""V2_rvol_sameslot"":{""value"":0.8512353077042708,""score"":23.41568718028472,""status"":""ok""},""V3_breakout_bar"":{""value"":0.7350308633052509,""score"":15.668724220350061},""V4_base_dryup"":{""value"":0.7680828293932107,""score"":73.19171706067893},""V5_bo_expansion"":{""value"":0.4367189533375298,""score"":0},""_score"":23.24},""readiness"":{""_distance_atr"":-0.405,""BR1_atr_distance"":{""score"":100.0},""BR2_compression"":{""score"":1.930697381811323},""BR3_retest"":{""score"":91.07326523040007},""BR4_bo_age"":{""score"":40},""_score"":64.7},""risk"":{""R1_stop_clarity"":{""score"":58.21480684481235},""R2_stop_distance_pct"":{""value"":3.6882506527415195,""score"":100.0},""R3_stop_distance_atr"":{""value"":0.7920794934382424,""score"":64.60397467191213},""R4_rr_potential"":{""value"":-0.06003114823728975,""score"":0.0},""_score"":60.07},""market"":{""M1_spy_regime"":{""score"":100.0},""M3_earnings_risk"":{""value"":null,""score"":80.0},""M4_vix"":{""value"":null,""score"":60.0},""_score"":84.0},""liquidity"":{""L1_price"":{""value"":478.75,""score"":100.0},""L2_dollar_vol"":{""value"":807988101.6046938,""score"":100.0},""L3_spread_proxy"":{""value"":0.02585879895561362,""score"":74.14120104438638},""L4_volume_zscore"":{""value"":-1.7142528426234283,""score"":100.0},""_score"":97.41},""pattern_structure"":{""level"":469.73,""level_idx"":64,""breakout_idx"":70,""bo_peak_idx"":70,""bo_peak_price"":483.55,""retest_idx"":72,""retest_low"":465.75,""structural_low"":465.75,""current_price"":478.9899,""neckline_distance_pct"":-0.019332140406300758,""base_bars"":15,""bars_since_breakout"":9},""pattern_geometry_features"":{""retest_depth_atr"":0.5045054180912115,""bars_breakout_to_retest"":2.0,""bars_since_retest"":7.0,""current_above_level_atr"":1.1737863620559716,""bo_peak_excess_pct"":0.02942115683477741,""atr_pct"":0.04656414770607982},""_schema_version"":""1.0""}",,,,,,,,,,
20260505T174455Z-f51937,2026-05-05T17:44:55.334902+00:00,ORCL,ascending_triangle,candidate,62.86,88.1,65.0,57.0,67.1,15.1,56.7,31.2,84.0,97.1,13.21,18.2,4.56,9.39,1.82,4.54,1.25,5.04,4.85,False,,183.33,184.39,157.925,208.45,"{""trend"":{""T1_ema_stack"":{""value"":[true,true,false],""score"":66.66666666666666},""T2_ema50_slope"":{""value"":0.24209461452710646,""score"":90.34910242118441},""T3_high_proximity"":{""value"":0.9777600000000001,""score"":88.88000000000001},""T4_rs_1m"":{""value"":0.1612593368245443,""score"":100},""T5_rs_3m"":{""value"":0.13564796922065692,""score"":100},""T6_adr_healthy"":{""value"":4.586545252901213,""score"":100.0},""_score"":88.07},""geometry"":{""sub_flat_top_quality"":33.3,""sub_hl_slope"":100,""sub_compression"":40.0,""sub_duration"":100.0,""_score"":64.99},""compression"":{""VC1_atr_ratio"":{""value"":0.6742805784067213,""score"":81.42985539831967},""VC2_range_contraction"":{""value"":0.923658030938001,""score"":12.723661510333162},""VC3_range_pct_rank"":{""score"":80.0},""_score"":57.03},""sr_quality"":{""SR1_touches"":{""value"":4,""score"":75.0},""SR2_tightness"":{""value"":1.5378292330424757,""score"":65.60976798935742},""SR3_recency"":{""value"":230,""score"":0.0},""SR4_price_location"":{""score"":78.96019496344445},""SR5_reaction"":{""value"":2.7914417404041454,""score"":100},""_score"":67.08,""_levels_found"":6,""_target_level"":186.5675},""volume"":{""V1_rvol_day"":{""value"":0.4546321586018557,""score"":0},""V2_rvol_sameslot"":{""value"":0.8130717143081365,""score"":20.871447620542437,""status"":""ok""},""V3_breakout_bar"":{""value"":0.5372226363967663,""score"":2.481509093117751},""V4_base_dryup"":{""value"":0.9828065181752208,""score"":51.71934818247792},""V5_bo_expansion"":{""value"":0.4546321586018557,""score"":0},""_score"":15.14},""readiness"":{""_distance_atr"":0.119,""BR1_atr_distance"":{""score"":92.09846252799701},""BR2_compression"":{""score"":9.519213879573089},""BR3_retest"":{""score"":50.0},""BR4_bo_age"":{""score"":50.0},""_score"":56.72},""risk"":{""R1_stop_clarity"":{""score"":46.21848336803536},""R2_stop_distance_pct"":{""value"":13.857497409043805,""score"":0.0},""R3_stop_distance_atr"":{""value"":2.8406344018778418,""score"":100.0},""R4_rr_potential"":{""value"":0.9887836819202531,""score"":0.0},""_score"":31.18},""market"":{""M1_spy_regime"":{""score"":100.0},""M3_earnings_risk"":{""value"":null,""score"":80.0},""M4_vix"":{""value"":null,""score"":60.0},""_score"":84.0},""liquidity"":{""L1_price"":{""value"":183.33,""score"":100.0},""L2_dollar_vol"":{""value"":2758503802.6329384,""score"":100.0},""L3_spread_proxy"":{""value"":0.029400534555173653,""score"":70.59946544482635},""L4_volume_zscore"":{""value"":-1.5536880079564839,""score"":100.0},""_score"":97.06},""pattern_structure"":{""top"":184.39,""top_touches"":2,""low_slope_per_bar"":0.6057689747003988,""lowest_low"":160.33,""structural_low"":160.33,""current_price"":183.515,""neckline_distance_pct"":0.004768002615590006,""base_bars"":30},""pattern_geometry_features"":{""top_touches"":2.0,""low_slope"":0.6057689747003988,""compression"":0.20005266422640322,""atr_pct"":0.04878310774481613},""_schema_version"":""1.0""}",,,,,,,,,,
20260505T174455Z-f51937,2026-05-05T17:44:55.334902+00:00,VSAT,double_bottom,candidate,62.75,99.7,63.5,76.0,49.5,11.4,57.8,60.3,84.0,82.9,14.95,15.88,6.08,6.93,1.48,4.62,3.62,5.04,4.15,False,,65.6,66.75,60.1737,72.41,"{""trend"":{""T1_ema_stack"":{""value"":[true,true,true],""score"":100.0},""T2_ema50_slope"":{""value"":0.6493556359193101,""score"":100},""T3_high_proximity"":{""value"":0.9952966165983917,""score"":97.64830829919585},""T4_rs_1m"":{""value"":0.16072271590890974,""score"":100},""T5_rs_3m"":{""value"":0.44024349316743683,""score"":100},""T6_adr_healthy"":{""value"":5.00197158630058,""score"":100.0},""_score"":99.65},""geometry"":{""sub_low_similarity"":48.0,""sub_bounce_quality"":89.5,""sub_separation_fit"":0.0,""sub_right_bottom_reaction"":74.8,""sub_base_context"":100.0,""_score"":63.52},""compression"":{""VC1_atr_ratio"":{""value"":0.5418421584661083,""score"":100},""VC2_range_contraction"":{""value"":0.7927481816623515,""score"":34.54196972294142},""VC3_range_pct_rank"":{""score"":95.83333333333334},""_score"":76.05},""sr_quality"":{""SR1_touches"":{""value"":3,""score"":50.0},""SR2_tightness"":{""value"":0.3151013946159069,""score"":80.16225059191594},""SR3_recency"":{""value"":269,""score"":0.0},""SR4_price_location"":{""score"":30.0},""SR5_reaction"":{""value"":2.571781899943788,""score"":100},""_score"":49.52,""_levels_found"":5,""_target_level"":49.8067},""volume"":{""V1_rvol_day"":{""value"":0.21394595036390687,""score"":0},""V2_rvol_sameslot"":{""value"":0.3213015640375051,""score"":0,""status"":""ok""},""V3_breakout_bar"":{""value"":0.4010256711563626,""score"":0},""V4_base_dryup"":{""value"":0.9307339682858424,""score"":56.926603171415756},""V5_bo_expansion"":{""value"":0.21394595036390687,""score"":0},""_score"":11.39},""readiness"":{""_distance_atr"":0.362,""BR1_atr_distance"":{""score"":75.86659171819363},""BR2_compression"":{""score"":39.66730779059171},""BR3_retest"":{""score"":50.0},""BR4_bo_age"":{""score"":50.0},""_score"":57.76},""risk"":{""R1_stop_clarity"":{""score"":42.309612141652565},""R2_stop_distance_pct"":{""value"":8.271874999999989,""score"":93.20312500000027},""R3_stop_distance_atr"":{""value"":1.7081259134345104,""score"":100.0},""R4_rr_potential"":{""value"":1.2549872381987914,""score"":12.749361909939571},""_score"":60.32},""market"":{""M1_spy_regime"":{""score"":100.0},""M3_earnings_risk"":{""value"":null,""score"":80.0},""M4_vix"":{""value"":null,""score"":60.0},""_score"":84.0},""liquidity"":{""L1_price"":{""value"":65.6,""score"":100.0},""L2_dollar_vol"":{""value"":19905419.967606395,""score"":64.94856724142153},""L3_spread_proxy"":{""value"":0.03056402439024405,""score"":69.43597560975596},""L4_volume_zscore"":{""value"":-2.157632664278124,""score"":100.0},""_score"":82.92},""pattern_structure"":{""left_low"":61.09,""left_idx"":25,""right_low"":62.7,""right_idx"":70,""separation_bars"":45,""structural_low"":61.09,""current_price"":65.45,""neckline_distance_pct"":0.0198624904507257,""base_bars"":45},""pattern_geometry_features"":{""low_similarity_pct"":0.026011794167541794,""bounce_pct"":0.09265018824684886,""right_bottom_reaction"":0.7482993197278879,""atr_pct"":0.048426611498257874},""_schema_version"":""1.0""}",,,,,,,,,,
20260505T174455Z-f51937,2026-05-05T17:44:55.334902+00:00,MKSI,double_bottom,candidate,62.72,98.8,62.9,45.6,51.8,34.2,36.7,69.5,84.0,93.8,14.81,15.72,3.65,7.25,4.45,2.93,4.17,5.04,4.69,False,,286.7,298.0,273.7906,318.04,"{""trend"":{""T1_ema_stack"":{""value"":[true,true,true],""score"":100.0},""T2_ema50_slope"":{""value"":0.49044933674118063,""score"":100},""T3_high_proximity"":{""value"":0.9834322368195384,""score"":91.71611840976918},""T4_rs_1m"":{""value"":0.11141236812086874,""score"":100},""T5_rs_3m"":{""value"":0.1991523990352395,""score"":100},""T6_adr_healthy"":{""value"":4.591503469783459,""score"":100.0},""_score"":98.76},""geometry"":{""sub_low_similarity"":84.1,""sub_bounce_quality"":60.1,""sub_separation_fit"":13.3,""sub_right_bottom_reaction"":24.2,""sub_base_context"":100.0,""_score"":62.88},""compression"":{""VC1_atr_ratio"":{""value"":0.4713418058594621,""score"":100},""VC2_range_contraction"":{""value"":1.187756318029313,""score"":0},""VC3_range_pct_rank"":{""score"":22.499999999999996},""_score"":45.62},""sr_quality"":{""SR1_touches"":{""value"":4,""score"":75.0},""SR2_tightness"":{""value"":3.5844531922596055,""score"":50.47754206041055},""SR3_recency"":{""value"":225,""score"":0.0},""SR4_price_location"":{""score"":30.0},""SR5_reaction"":{""value"":1.9000320726321773,""score"":95.00160363160887},""_score"":51.82,""_levels_found"":4,""_target_level"":264.9688},""volume"":{""V1_rvol_day"":{""value"":0.7570335465403971,""score"":17.135569769359808},""V2_rvol_sameslot"":{""value"":1.4371027940385919,""score"":62.47351960257279,""status"":""ok""},""V3_breakout_bar"":{""value"":0.6476493687156308,""score"":9.843291247708724},""V4_base_dryup"":{""value"":0.7092565298176734,""score"":79.07434701823266},""V5_bo_expansion"":{""value"":0.7570335465403969,""score"":0},""_score"":34.2},""readiness"":{""_distance_atr"":0.781,""BR1_atr_distance"":{""score"":47.960098356071946},""BR2_compression"":{""score"":0},""BR3_retest"":{""score"":50.0},""BR4_bo_age"":{""score"":50.0},""_score"":36.68},""risk"":{""R1_stop_clarity"":{""score"":42.39597365109915},""R2_stop_distance_pct"":{""value"":4.502755493547264,""score"":100.0},""R3_stop_distance_atr"":{""value"":0.8917750968346784,""score"":69.58875484173393},""R4_rr_potential"":{""value"":2.427688351123989,""score"":71.38441755619944},""_score"":69.55},""market"":{""M1_spy_regime"":{""score"":100.0},""M3_earnings_risk"":{""value"":null,""score"":80.0},""M4_vix"":{""value"":null,""score"":60.0},""_score"":84.0},""liquidity"":{""L1_price"":{""value"":286.7,""score"":100.0},""L2_dollar_vol"":{""value"":239671286.67748207,""score"":100.0},""L3_spread_proxy"":{""value"":0.062155563306592235,""score"":37.844436693407765},""L4_volume_zscore"":{""value"":-0.7347963233344212,""score"":100.0},""_score"":93.78},""pattern_structure"":{""left_low"":277.96,""left_idx"":33,""right_low"":280.18,""right_idx"":76,""separation_bars"":43,""structural_low"":277.96,""current_price"":286.495,""neckline_distance_pct"":0.04015776889649032,""base_bars"":43},""pattern_geometry_features"":{""low_similarity_pct"":0.007954993370838956,""bounce_pct"":0.07209670456180753,""right_bottom_reaction"":0.24242424242424213,""atr_pct"":0.050492052419153916},""_schema_version"":""1.0""}",,,,,,,,,,
20260505T174455Z-f51937,2026-05-05T17:44:55.334902+00:00,COHR,double_bottom,candidate,62.47,98.3,73.5,58.1,38.4,9.5,56.6,63.9,84.0,94.0,14.75,18.37,4.65,5.37,1.24,4.53,3.83,5.04,4.7,False,,342.69,348.3,320.0068,371.72,"{""trend"":{""T1_ema_stack"":{""value"":[true,true,true],""score"":100.0},""T2_ema50_slope"":{""value"":0.7304534755525062,""score"":100},""T3_high_proximity"":{""value"":0.9778012383370901,""score"":88.90061916854502},""T4_rs_1m"":{""value"":0.25493475429783863,""score"":100},""T5_rs_3m"":{""value"":0.4456377854746618,""score"":100},""T6_adr_healthy"":{""value"":6.5394284575042425,""score"":100.0},""_score"":98.34},""geometry"":{""sub_low_similarity"":91.7,""sub_bounce_quality"":60.1,""sub_separation_fit"":6.7,""sub_right_bottom_reaction"":86.2,""sub_base_context"":100.0,""_score"":73.47},""compression"":{""VC1_atr_ratio"":{""value"":0.41602010737165546,""score"":100},""VC2_range_contraction"":{""value"":0.9574437097161325,""score"":7.092715047311257},""VC3_range_pct_rank"":{""score"":62.5},""_score"":58.11},""sr_quality"":{""SR1_touches"":{""value"":2,""score"":25.0},""SR2_tightness"":{""value"":4.920999999999992,""score"":55.83170091931282},""SR3_recency"":{""value"":226,""score"":0.0},""SR4_price_location"":{""score"":30.0},""SR5_reaction"":{""value"":2.2228654644021555,""score"":100},""_score"":38.37,""_levels_found"":6,""_target_level"":286.081},""volume"":{""V1_rvol_day"":{""value"":0.6038160869798659,""score"":6.921072465324392},""V2_rvol_sameslot"":{""value"":0.8562418640746681,""score"":23.749457604977874,""status"":""ok""},""V3_breakout_bar"":{""value"":0.4634749879072877,""score"":0},""V4_base_dryup"":{""value"":1.3309877473658167,""score"":16.901225263418326},""V5_bo_expansion"":{""value"":0.6038160869798659,""score"":0},""_score"":9.51},""readiness"":{""_distance_atr"":0.252,""BR1_atr_distance"":{""score"":83.21586683989324},""BR2_compression"":{""score"":23.210276944420833},""BR3_retest"":{""score"":50.0},""BR4_bo_age"":{""score"":50.0},""_score"":56.59},""risk"":{""R1_stop_clarity"":{""score"":56.260728494207484},""R2_stop_distance_pct"":{""value"":6.619160173918118,""score"":100.0},""R3_stop_distance_atr"":{""value"":1.0179621638966114,""score"":75.89810819483057},""R4_rr_potential"":{""value"":1.2798017916343387,""score"":13.990089581716935},""_score"":63.87},""market"":{""M1_spy_regime"":{""score"":100.0},""M3_earnings_risk"":{""value"":null,""score"":80.0},""M4_vix"":{""value"":null,""score"":60.0},""_score"":84.0},""liquidity"":{""L1_price"":{""value"":342.69,""score"":100.0},""L2_dollar_vol"":{""value"":1177129162.2287512,""score"":100.0},""L3_spread_proxy"":{""value"":0.05999591467507077,""score"":40.004085324929235},""L4_volume_zscore"":{""value"":-1.920371550720214,""score"":100.0},""_score"":94.0},""pattern_structure"":{""left_low"":326.2287,""left_idx"":32,""right_low"":324.88,""right_idx"":76,""separation_bars"":44,""structural_low"":324.88,""current_price"":342.85,""neckline_distance_pct"":0.01589616450342712,""base_bars"":44},""pattern_geometry_features"":{""low_similarity_pct"":0.004142779846130171,""bounce_pct"":0.07208815562669298,""right_bottom_reaction"":0.861622358554872,""atr_pct"":0.06502363652280488},""_schema_version"":""1.0""}",,,,,,,,,,
20260505T174455Z-f51937,2026-05-05T17:44:55.334902+00:00,LUNR,inverse_head_shoulders,candidate,62.11,55.8,79.6,53.6,60.8,27.8,33.7,84.1,84.0,90.0,6.69,22.29,4.29,8.51,3.89,2.69,5.05,4.2,4.5,False,,24.08,26.27,22.4088,29.79,"{""trend"":{""T1_ema_stack"":{""value"":[false,true,true],""score"":66.66666666666666},""T2_ema50_slope"":{""value"":0.9024194853740262,""score"":100},""T3_high_proximity"":{""value"":0.8042752171008684,""score"":2.1376085504341558},""T4_rs_1m"":{""value"":-0.04778354638035154,""score"":2.216453619648462},""T5_rs_3m"":{""value"":0.1782951646264337,""score"":100},""T6_adr_healthy"":{""value"":9.324130345841338,""score"":66.89674135396655},""_score"":55.78},""geometry"":{""sub_head_depth"":88.4,""sub_shoulder_price_sym"":77.5,""sub_shoulder_time_sym"":38.5,""sub_right_shoulder_reaction"":89.5,""sub_base_context"":100.0,""_score"":79.61},""compression"":{""VC1_atr_ratio"":{""value"":0.4522571873560199,""score"":100},""VC2_range_contraction"":{""value"":0.8382909719889579,""score"":26.951504668507027},""VC3_range_pct_rank"":{""score"":16.666666666666664},""_score"":53.6},""sr_quality"":{""SR1_touches"":{""value"":5,""score"":100},""SR2_tightness"":{""value"":0.5466113793180681,""score"":55.41077235662393},""SR3_recency"":{""value"":225,""score"":0.0},""SR4_price_location"":{""score"":30.0},""SR5_reaction"":{""value"":2.3783893231404796,""score"":100},""_score"":60.81,""_levels_found"":5,""_target_level"":22.449},""volume"":{""V1_rvol_day"":{""value"":0.7129817838210182,""score"":14.198785588067878},""V2_rvol_sameslot"":{""value"":1.0976472239236486,""score"":39.84314826157657,""status"":""ok""},""V3_breakout_bar"":{""value"":0.8965450130458951,""score"":26.43633420305967},""V4_base_dryup"":{""value"":0.9831278399517748,""score"":51.687216004822524},""V5_bo_expansion"":{""value"":0.712981783821018,""score"":0},""_score"":27.75},""readiness"":{""_distance_atr"":0.893,""BR1_atr_distance"":{""score"":40.4510454570615},""BR2_compression"":{""score"":0},""BR3_retest"":{""score"":50.0},""BR4_bo_age"":{""score"":50.0},""_score"":33.68},""risk"":{""R1_stop_clarity"":{""score"":72.16290309893469},""R2_stop_distance_pct"":{""value"":6.940406976744175,""score"":100.0},""R3_stop_distance_atr"":{""value"":0.6816519882183955,""score"":59.08259941091978},""R4_rr_potential"":{""value"":3.416604338070313,""score"":100.0},""_score"":84.12},""market"":{""M1_spy_regime"":{""score"":100.0},""M3_earnings_risk"":{""value"":null,""score"":80.0},""M4_vix"":{""value"":null,""score"":60.0},""_score"":84.0},""liquidity"":{""L1_price"":{""value"":24.08,""score"":100.0},""L2_dollar_vol"":{""value"":232380717.99840182,""score"":100.0},""L3_spread_proxy"":{""value"":0.1341362126245846,""score"":0},""L4_volume_zscore"":{""value"":-0.8912354950221681,""score"":100.0},""_score"":90.0},""pattern_structure"":{""left_shoulder"":24.64,""left_shoulder_idx"":63,""head"":22.75,""head_idx"":72,""right_shoulder"":24.2,""right_shoulder_idx"":85,""left_to_head_bars"":9,""head_to_right_bars"":13,""structural_low"":22.75,""current_price"":24.12,""neckline_distance_pct"":0.0891376451077943,""base_bars"":22},""pattern_geometry_features"":{""head_depth_pct"":0.06838656838656845,""shoulder_price_asymmetry"":0.01801801801801807,""shoulder_time_asymmetry"":0.3076923076923077,""right_shoulder_reaction"":0.8954529596464704,""atr_pct"":0.10181745372567633},""_schema_version"":""1.0""}",,,,,,,,,,
20260505T174455Z-f51937,2026-05-05T17:44:55.334902+00:00,IREN,double_bottom,setup,61.85,87.6,70.6,41.8,59.8,35.1,36.7,36.7,84.0,91.6,13.14,17.66,3.34,8.38,4.57,2.93,2.2,5.04,4.58,False,,53.56,51.29,46.9451,54.92,"{""trend"":{""T1_ema_stack"":{""value"":[true,true,true],""score"":100.0},""T2_ema50_slope"":{""value"":0.33448029115080485,""score"":100},""T3_high_proximity"":{""value"":1.0,""score"":99.99999999999997},""T4_rs_1m"":{""value"":0.42622846286578464,""score"":100},""T5_rs_3m"":{""value"":-0.06490991954900094,""score"":17.545040225499534},""T6_adr_healthy"":{""value"":7.431497640881865,""score"":100.0},""_score"":87.63},""geometry"":{""sub_low_similarity"":41.7,""sub_bounce_quality"":65.9,""sub_separation_fit"":73.3,""sub_right_bottom_reaction"":93.0,""sub_base_context"":100.0,""_score"":70.64},""compression"":{""VC1_atr_ratio"":{""value"":0.7494125294883783,""score"":62.64686762790541},""VC2_range_contraction"":{""value"":0.9128706920385964,""score"":14.521551326900603},""VC3_range_pct_rank"":{""score"":46.666666666666664},""_score"":41.81},""sr_quality"":{""SR1_touches"":{""value"":2,""score"":25.0},""SR2_tightness"":{""value"":0.03999999999999915,""score"":97.86840036770099},""SR3_recency"":{""value"":228,""score"":0.0},""SR4_price_location"":{""score"":90.65339679792301},""SR5_reaction"":{""value"":3.5264651416847625,""score"":100},""_score"":59.84,""_levels_found"":5,""_target_level"":54.1},""volume"":{""V1_rvol_day"":{""value"":0.6818247137274888,""score"":12.121647581832583},""V2_rvol_sameslot"":{""value"":1.531993204563435,""score"":68.79954697089566,""status"":""ok""},""V3_breakout_bar"":{""value"":0.8661099827538646,""score"":24.407332183590977},""V4_base_dryup"":{""value"":0.8570603314760636,""score"":64.29396685239364},""V5_bo_expansion"":{""value"":0.6818247137274888,""score"":0},""_score"":35.14},""readiness"":{""_distance_atr"":-0.605,""BR1_atr_distance"":{""score"":47.903172086702796},""BR2_compression"":{""score"":0},""BR3_retest"":{""score"":50.0},""BR4_bo_age"":{""score"":50.0},""_score"":36.66},""risk"":{""R1_stop_clarity"":{""score"":61.90298557173499},""R2_stop_distance_pct"":{""value"":12.350448095593737,""score"":0.0},""R3_stop_distance_atr"":{""value"":1.7625398009618856,""score"":100.0},""R4_rr_potential"":{""value"":0.20559645648460267,""score"":0.0},""_score"":36.67},""market"":{""M1_spy_regime"":{""score"":100.0},""M3_earnings_risk"":{""value"":null,""score"":80.0},""M4_vix"":{""value"":null,""score"":60.0},""_score"":84.0},""liquidity"":{""L1_price"":{""value"":53.56,""score"":100.0},""L2_dollar_vol"":{""value"":1295446553.822904,""score"":100.0},""L3_spread_proxy"":{""value"":0.08420463032113513,""score"":15.795369678864859},""L4_volume_zscore"":{""value"":-1.4087276784723013,""score"":100.0},""_score"":91.58},""pattern_structure"":{""left_low"":47.66,""left_idx"":42,""right_low"":49.07,""right_idx"":76,""separation_bars"":34,""structural_low"":47.66,""current_price"":53.56,""neckline_distance_pct"":-0.04238237490664681,""base_bars"":34},""pattern_geometry_features"":{""low_similarity_pct"":0.029153313346428282,""bounce_pct"":0.07616449853126317,""right_bottom_reaction"":0.9298245614035061,""atr_pct"":0.07007188200149365},""_schema_version"":""1.0""}",,,,,,,,,,
20260505T174455Z-f51937,2026-05-05T17:44:55.334902+00:00,SIRI,double_bottom,candidate,61.4,88.6,77.9,45.6,49.1,15.4,23.4,76.2,84.0,92.9,13.29,19.46,3.65,6.87,2.0,1.87,4.57,5.04,4.65,False,,26.13,28.77,24.7137,32.45,"{""trend"":{""T1_ema_stack"":{""value"":[true,true,true],""score"":100.0},""T2_ema50_slope"":{""value"":0.44883497839098346,""score"":100},""T3_high_proximity"":{""value"":0.9312188168210976,""score"":65.6094084105488},""T4_rs_1m"":{""value"":0.018749712041417288,""score"":68.7497120414173},""T5_rs_3m"":{""value"":0.24712443211668722,""score"":100},""T6_adr_healthy"":{""value"":3.8038999718731348,""score"":100.0},""_score"":88.59},""geometry"":{""sub_low_similarity"":77.8,""sub_bounce_quality"":100,""sub_separation_fit"":0.0,""sub_right_bottom_reaction"":96.8,""sub_base_context"":100.0,""_score"":77.86},""compression"":{""VC1_atr_ratio"":{""value"":0.5711989897047678,""score"":100},""VC2_range_contraction"":{""value"":1.6789904639769568,""score"":0},""VC3_range_pct_rank"":{""score"":22.499999999999996},""_score"":45.62},""sr_quality"":{""SR1_touches"":{""value"":4,""score"":75.0},""SR2_tightness"":{""value"":0.26432401990738585,""score"":57.76848754689412},""SR3_recency"":{""value"":239,""score"":0.0},""SR4_price_location"":{""score"":30.0},""SR5_reaction"":{""value"":1.3861398002853071,""score"":69.30699001426535},""_score"":49.06,""_levels_found"":4,""_target_level"":23.1438},""volume"":{""V1_rvol_day"":{""value"":0.3957102056454275,""score"":0},""V2_rvol_sameslot"":{""value"":0.5840880879176578,""score"":5.60587252784385,""status"":""ok""},""V3_breakout_bar"":{""value"":0.7190985158561517,""score"":14.606567723743446},""V4_base_dryup"":{""value"":0.9696754604816211,""score"":53.03245395183789},""V5_bo_expansion"":{""value"":0.3957102056454275,""score"":0},""_score"":15.38},""readiness"":{""_distance_atr"":2.109,""BR1_atr_distance"":{""score"":0},""BR2_compression"":{""score"":23.523203669503985},""BR3_retest"":{""score"":50.0},""BR4_bo_age"":{""score"":50.0},""_score"":23.38},""risk"":{""R1_stop_clarity"":{""score"":39.86990014265355},""R2_stop_distance_pct"":{""value"":5.42039800995024,""score"":100.0},""R3_stop_distance_atr"":{""value"":1.1314636233951485,""score"":81.57318116975742},""R4_rr_potential"":{""value"":4.462173897694789,""score"":100.0},""_score"":76.19},""market"":{""M1_spy_regime"":{""score"":100.0},""M3_earnings_risk"":{""value"":null,""score"":80.0},""M4_vix"":{""value"":null,""score"":60.0},""_score"":84.0},""liquidity"":{""L1_price"":{""value"":26.13,""score"":100.0},""L2_dollar_vol"":{""value"":65324573.818236716,""score"":90.75382925215965},""L3_spread_proxy"":{""value"":0.03386911595866826,""score"":66.13088404133174},""L4_volume_zscore"":{""value"":-1.0837882491239603,""score"":100.0},""_score"":92.91},""pattern_structure"":{""left_low"":25.37,""left_idx"":10,""right_low"":25.09,""right_idx"":58,""separation_bars"":48,""structural_low"":25.09,""current_price"":26.135,""neckline_distance_pct"":0.100822651616606,""base_bars"":48},""pattern_geometry_features"":{""low_similarity_pct"":0.011097899326199014,""bounce_pct"":0.14667198086887204,""right_bottom_reaction"":0.9681528662420378,""atr_pct"":0.047906074025476995},""_schema_version"":""1.0""}",,,,,,,,,,
20260505T174455Z-f51937,2026-05-05T17:44:55.334902+00:00,PL,double_bottom,candidate,61.38,73.2,74.9,64.5,52.0,20.2,27.3,79.5,84.0,91.8,10.99,18.73,5.16,7.28,2.63,2.19,4.77,5.04,4.59,False,,36.485,40.0,35.2827,44.18,"{""trend"":{""T1_ema_stack"":{""value"":[true,true,true],""score"":100.0},""T2_ema50_slope"":{""value"":0.7292816918203674,""score"":100},""T3_high_proximity"":{""value"":0.9146402607169717,""score"":57.32013035848582},""T4_rs_1m"":{""value"":-0.05656112847505068,""score"":0},""T5_rs_3m"":{""value"":0.47373228449731886,""score"":100},""T6_adr_healthy"":{""value"":8.283754098318198,""score"":92.90614754204505},""_score"":73.24},""geometry"":{""sub_low_similarity"":71.7,""sub_bounce_quality"":100,""sub_separation_fit"":20.0,""sub_right_bottom_reaction"":69.3,""sub_base_context"":100.0,""_score"":74.91},""compression"":{""VC1_atr_ratio"":{""value"":0.43335655104361936,""score"":100},""VC2_range_contraction"":{""value"":0.7793726685852259,""score"":36.77122190246235},""VC3_range_pct_rank"":{""score"":46.666666666666664},""_score"":64.54},""sr_quality"":{""SR1_touches"":{""value"":2,""score"":25.0},""SR2_tightness"":{""value"":0.5800000000000018,""score"":62.64983762798857},""SR3_recency"":{""value"":240,""score"":0.0},""SR4_price_location"":{""score"":80.41864760406338},""SR5_reaction"":{""value"":2.7521595937479884,""score"":100},""_score"":52.0,""_levels_found"":6,""_target_level"":37.63},""volume"":{""V1_rvol_day"":{""value"":0.45403530506965156,""score"":0},""V2_rvol_sameslot"":{""value"":1.1604779955799298,""score"":44.03186637199532,""status"":""ok""},""V3_breakout_bar"":{""value"":0.8383044774629582,""score"":22.553631830863882},""V4_base_dryup"":{""value"":1.2105363680867443,""score"":28.946363191325574},""V5_bo_expansion"":{""value"":0.45403530506965156,""score"":0},""_score"":20.23},""readiness"":{""_distance_atr"":1.132,""BR1_atr_distance"":{""score"":24.54837888642544},""BR2_compression"":{""score"":0},""BR3_retest"":{""score"":50.0},""BR4_bo_age"":{""score"":50.0},""_score"":27.32},""risk"":{""R1_stop_clarity"":{""score"":65.39958234054872},""R2_stop_distance_pct"":{""value"":3.295326846649311,""score"":100.0},""R3_stop_distance_atr"":{""value"":0.38712155361956235,""score"":44.35607768097811},""R4_rr_potential"":{""value"":6.400232886966642,""score"":100.0},""_score"":79.54},""market"":{""M1_spy_regime"":{""score"":100.0},""M3_earnings_risk"":{""value"":null,""score"":80.0},""M4_vix"":{""value"":null,""score"":60.0},""_score"":84.0},""liquidity"":{""L1_price"":{""value"":36.485,""score"":100.0},""L2_dollar_vol"":{""value"":176218521.59114462,""score"":100.0},""L3_spread_proxy"":{""value"":0.08167740167191988,""score"":18.32259832808012},""L4_volume_zscore"":{""value"":-1.6184542018403714,""score"":100.0},""_score"":91.83},""pattern_structure"":{""left_low"":36.33,""left_idx"":28,""right_low"":35.82,""right_idx"":70,""separation_bars"":42,""structural_low"":35.82,""current_price"":36.53,""neckline_distance_pct"":0.09499041883383517,""base_bars"":42},""pattern_geometry_features"":{""low_similarity_pct"":0.01413721413721408,""bounce_pct"":0.11669458403126744,""right_bottom_reaction"":0.6926605504587148,""atr_pct"":0.08512382779615887},""_schema_version"":""1.0""}",,,,,,,,,,
20260505T174455Z-f51937,2026-05-05T17:44:55.334902+00:00,TEM,ascending_triangle,candidate,60.91,51.5,82.3,56.8,53.9,19.4,37.2,75.3,84.0,93.9,7.73,23.03,4.55,7.54,2.33,2.98,3.01,5.04,4.69,False,,53.96,56.4078,52.3032,59.7159,"{""trend"":{""T1_ema_stack"":{""value"":[true,false,false],""score"":33.33333333333333},""T2_ema50_slope"":{""value"":0.03348116101587231,""score"":55.580193502645386},""T3_high_proximity"":{""value"":0.8999332888592395,""score"":49.966644429619734},""T4_rs_1m"":{""value"":0.04240901603916858,""score"":92.40901603916858},""T5_rs_3m"":{""value"":-0.0855618571972886,""score"":7.219071401355706},""T6_adr_healthy"":{""value"":6.272094872182161,""score"":100.0},""_score"":51.51},""geometry"":{""sub_flat_top_quality"":66.7,""sub_hl_slope"":100,""sub_compression"":69.0,""sub_duration"":100.0,""_score"":82.26},""compression"":{""VC1_atr_ratio"":{""value"":0.597788967290517,""score"":100},""VC2_range_contraction"":{""value"":0.8436808888335486,""score"":26.053185194408563},""VC3_range_pct_rank"":{""score"":30.833333333333336},""_score"":56.83},""sr_quality"":{""SR1_touches"":{""value"":3,""score"":50.0},""SR2_tightness"":{""value"":0.37452933426131135,""score"":76.73534734667801},""SR3_recency"":{""value"":234,""score"":0.0},""SR4_price_location"":{""score"":49.517223076502766},""SR5_reaction"":{""value"":3.0018058310150386,""score"":100},""_score"":53.89,""_levels_found"":5,""_target_level"":58.2717},""volume"":{""V1_rvol_day"":{""value"":0.5371957551681412,""score"":2.4797170112094147},""V2_rvol_sameslot"":{""value"":0.9249739572091631,""score"":28.331597147277538,""status"":""ok""},""V3_breakout_bar"":{""value"":0.7769012364031878,""score"":18.460082426879186},""V4_base_dryup"":{""value"":1.0664047705545792,""score"":43.359522944542086},""V5_bo_expansion"":{""value"":0.5371957551681412,""score"":0},""_score"":19.45},""readiness"":{""_distance_atr"":0.76,""BR1_atr_distance"":{""score"":49.31663864005095},""BR2_compression"":{""score"":0},""BR3_retest"":{""score"":50.0},""BR4_bo_age"":{""score"":50.0},""_score"":37.23},""risk"":{""R1_stop_clarity"":{""score"":50.52405925965368},""R2_stop_distance_pct"":{""value"":3.070414195700521,""score"":100.0},""R3_stop_distance_atr"":{""value"":0.5145761399585598,""score"":50.72880699792799},""R4_rr_potential"":{""value"":3.4741161477080302,""score"":100.0},""_score"":75.29},""market"":{""M1_spy_regime"":{""score"":100.0},""M3_earnings_risk"":{""value"":null,""score"":80.0},""M4_vix"":{""value"":null,""score"":60.0},""_score"":84.0},""liquidity"":{""L1_price"":{""value"":53.96,""score"":100.0},""L2_dollar_vol"":{""value"":158546031.55029508,""score"":100.0},""L3_spread_proxy"":{""value"":0.06130652335063015,""score"":38.69347664936985},""L4_volume_zscore"":{""value"":-1.1345842990449808,""score"":100.0},""_score"":93.87},""pattern_structure"":{""top"":56.4078,""top_touches"":3,""low_slope_per_bar"":0.2019990384615378,""lowest_low"":53.0997,""structural_low"":53.0997,""current_price"":53.98,""neckline_distance_pct"":0.04497591700629872,""base_bars"":24},""pattern_geometry_features"":{""top_touches"":3.0,""low_slope"":0.2019990384615378,""compression"":0.3450817019899699,""atr_pct"":0.059668802287408625},""_schema_version"":""1.0""}",,,,,,,,,,
20260505T174455Z-f51937,2026-05-05T17:44:55.334902+00:00,ATI,inverse_head_shoulders,setup,60.82,73.3,73.4,56.7,47.7,24.0,63.9,46.1,84.0,96.2,8.79,20.55,4.53,6.68,3.37,5.11,2.77,4.2,4.81,False,,155.34,155.05,140.2147,167.75,"{""trend"":{""T1_ema_stack"":{""value"":[true,true,true],""score"":100.0},""T2_ema50_slope"":{""value"":0.23907686039239484,""score"":89.84614339873247},""T3_high_proximity"":{""value"":0.9334214637663744,""score"":66.71073188318715},""T4_rs_1m"":{""value"":-0.048516021125895925,""score"":1.483978874104075},""T5_rs_3m"":{""value"":0.16072892019522844,""score"":100},""T6_adr_healthy"":{""value"":4.021767776406771,""score"":100.0},""_score"":73.27},""geometry"":{""sub_head_depth"":75.8,""sub_shoulder_price_sym"":82.3,""sub_shoulder_time_sym"":77.8,""sub_right_shoulder_reaction"":34.4,""sub_base_context"":100.0,""_score"":73.4},""compression"":{""VC1_atr_ratio"":{""value"":0.34266365819590544,""score"":100},""VC2_range_contraction"":{""value"":1.3644305164973176,""score"":0},""VC3_range_pct_rank"":{""score"":66.66666666666667},""_score"":56.67},""sr_quality"":{""SR1_touches"":{""value"":4,""score"":75.0},""SR2_tightness"":{""value"":2.0580389189408037,""score"":42.59860351177214},""SR3_recency"":{""value"":231,""score"":0.0},""SR4_price_location"":{""score"":15.30427920568681},""SR5_reaction"":{""value"":2.519237033281304,""score"":100},""_score"":47.72,""_levels_found"":7,""_target_level"":165.6434},""volume"":{""V1_rvol_day"":{""value"":0.32691796032746245,""score"":0},""V2_rvol_sameslot"":{""value"":0.8081574219215826,""score"":20.543828128105503,""status"":""ok""},""V3_breakout_bar"":{""value"":0.8757997697020767,""score"":25.053317980138452},""V4_base_dryup"":{""value"":0.81676631290391,""score"":68.323368709609},""V5_bo_expansion"":{""value"":0.32691796032746245,""score"":0},""_score"":24.04},""readiness"":{""_distance_atr"":-0.04,""BR1_atr_distance"":{""score"":100.0},""BR2_compression"":{""score"":25.665432941815723},""BR3_retest"":{""score"":50.0},""BR4_bo_age"":{""score"":50.0},""_score"":63.92},""risk"":{""R1_stop_clarity"":{""score"":40.44508550179914},""R2_stop_distance_pct"":{""value"":9.73686751641562,""score"":56.578312089609504},""R3_stop_distance_atr"":{""value"":2.109314999447157,""score"":100.0},""R4_rr_potential"":{""value"":0.8204823060775859,""score"":0.0},""_score"":46.13},""market"":{""M1_spy_regime"":{""score"":100.0},""M3_earnings_risk"":{""value"":null,""score"":80.0},""M4_vix"":{""value"":null,""score"":60.0},""_score"":84.0},""liquidity"":{""L1_price"":{""value"":155.34,""score"":100.0},""L2_dollar_vol"":{""value"":86952825.15474024,""score"":96.96418485413139},""L3_spread_proxy"":{""value"":0.025749967812540235,""score"":74.25003218745977},""L4_volume_zscore"":{""value"":-1.7402989310154253,""score"":100.0},""_score"":96.21},""pattern_structure"":{""left_shoulder"":149.6901,""left_shoulder_idx"":67,""head"":142.35,""head_idx"":75,""right_shoulder"":151.82,""right_shoulder_idx"":84,""left_to_head_bars"":8,""head_to_right_bars"":9,""structural_low"":142.35,""current_price"":155.35,""neckline_distance_pct"":-0.0019311232700352941,""base_bars"":17},""pattern_geometry_features"":{""head_depth_pct"":0.05575302452554651,""shoulder_price_asymmetry"":0.01412821660037254,""shoulder_time_asymmetry"":0.1111111111111111,""right_shoulder_reaction"":0.3436055469953798,""atr_pct"":0.0461612775662602},""_schema_version"":""1.0""}",,,,,,,,,,
20260505T174455Z-f51937,2026-05-05T17:44:55.334902+00:00,ORCL,double_bottom,candidate,60.6,88.1,55.5,57.0,67.1,13.1,56.7,57.2,84.0,97.1,13.21,13.88,4.56,9.39,1.7,4.54,3.43,5.04,4.85,False,,183.33,184.39,172.5523,193.6,"{""trend"":{""T1_ema_stack"":{""value"":[true,true,false],""score"":66.66666666666666},""T2_ema50_slope"":{""value"":0.24209461452710646,""score"":90.34910242118441},""T3_high_proximity"":{""value"":0.9777600000000001,""score"":88.88000000000001},""T4_rs_1m"":{""value"":0.1612593368245443,""score"":100},""T5_rs_3m"":{""value"":0.13564796922065692,""score"":100},""T6_adr_healthy"":{""value"":4.586545252901213,""score"":100.0},""_score"":88.07},""geometry"":{""sub_low_similarity"":56.9,""sub_bounce_quality"":32.2,""sub_separation_fit"":0.0,""sub_right_bottom_reaction"":79.9,""sub_base_context"":100.0,""_score"":55.5},""compression"":{""VC1_atr_ratio"":{""value"":0.6742805784067213,""score"":81.42985539831967},""VC2_range_contraction"":{""value"":0.923658030938001,""score"":12.723661510333162},""VC3_range_pct_rank"":{""score"":80.0},""_score"":57.03},""sr_quality"":{""SR1_touches"":{""value"":4,""score"":75.0},""SR2_tightness"":{""value"":1.5378292330424757,""score"":65.60976798935742},""SR3_recency"":{""value"":230,""score"":0.0},""SR4_price_location"":{""score"":78.96019496344445},""SR5_reaction"":{""value"":2.7914417404041454,""score"":100},""_score"":67.08,""_levels_found"":6,""_target_level"":186.5675},""volume"":{""V1_rvol_day"":{""value"":0.4546321586018557,""score"":0},""V2_rvol_sameslot"":{""value"":0.8130717143081365,""score"":20.871447620542437,""status"":""ok""},""V3_breakout_bar"":{""value"":0.5372226363967663,""score"":2.481509093117751},""V4_base_dryup"":{""value"":1.086679019741273,""score"":41.332098025872696},""V5_bo_expansion"":{""value"":0.4546321586018557,""score"":0},""_score"":13.06},""readiness"":{""_distance_atr"":0.119,""BR1_atr_distance"":{""score"":92.09846252799701},""BR2_compression"":{""score"":9.519213879573089},""BR3_retest"":{""score"":50.0},""BR4_bo_age"":{""score"":50.0},""_score"":56.72},""risk"":{""R1_stop_clarity"":{""score"":41.23716033438828},""R2_stop_distance_pct"":{""value"":5.878852342769873,""score"":100.0},""R3_stop_distance_atr"":{""value"":1.2051000058303136,""score"":85.25500029151569},""R4_rr_potential"":{""value"":0.952893474488986,""score"":0.0},""_score"":57.22},""market"":{""M1_spy_regime"":{""score"":100.0},""M3_earnings_risk"":{""value"":null,""score"":80.0},""M4_vix"":{""value"":null,""score"":60.0},""_score"":84.0},""liquidity"":{""L1_price"":{""value"":183.33,""score"":100.0},""L2_dollar_vol"":{""value"":2758503802.6329384,""score"":100.0},""L3_spread_proxy"":{""value"":0.029400534555173653,""score"":70.59946544482635},""L4_volume_zscore"":{""value"":-1.5536880079564839,""score"":100.0},""_score"":97.06},""pattern_structure"":{""left_low"":175.18,""left_idx"":28,""right_low"":179.0,""right_idx"":76,""separation_bars"":48,""structural_low"":175.18,""current_price"":183.515,""neckline_distance_pct"":0.004768002615590006,""base_bars"":48},""pattern_geometry_features"":{""low_similarity_pct"":0.02157095262296004,""bounce_pct"":0.05257449480534296,""right_bottom_reaction"":0.7994434137291295,""atr_pct"":0.04878310774481613},""_schema_version"":""1.0""}",,,,,,,,,,
20260505T174455Z-f51937,2026-05-05T17:44:55.334902+00:00,NXPI,double_bottom,candidate,60.47,100.0,69.9,17.7,46.7,12.3,62.1,58.9,84.0,97.8,15.0,17.47,1.42,6.54,1.61,4.97,3.53,5.04,4.89,False,,296.28,299.8,275.5734,319.83,"{""trend"":{""T1_ema_stack"":{""value"":[true,true,true],""score"":100.0},""T2_ema50_slope"":{""value"":0.30330969790752416,""score"":100},""T3_high_proximity"":{""value"":1.0,""score"":99.99999999999997},""T4_rs_1m"":{""value"":0.4049545272255335,""score"":100},""T5_rs_3m"":{""value"":0.29304941376996774,""score"":100},""T6_adr_healthy"":{""value"":3.3662182935773575,""score"":100.0},""_score"":100.0},""geometry"":{""sub_low_similarity"":29.8,""sub_bounce_quality"":59.4,""sub_separation_fit"":100.0,""sub_right_bottom_reaction"":93.8,""sub_base_context"":100.0,""_score"":69.89},""compression"":{""VC1_atr_ratio"":{""value"":1.3458201854678595,""score"":0},""VC2_range_contraction"":{""value"":1.22301473094805,""score"":0},""VC3_range_pct_rank"":{""score"":70.83333333333333},""_score"":17.71},""sr_quality"":{""SR1_touches"":{""value"":3,""score"":50.0},""SR2_tightness"":{""value"":1.755227114142836,""score"":73.09995287572713},""SR3_recency"":{""value"":288,""score"":0.0},""SR4_price_location"":{""score"":30.0},""SR5_reaction"":{""value"":1.7678170595605145,""score"":88.39085297802572},""_score"":46.72,""_levels_found"":5,""_target_level"":244.4267},""volume"":{""V1_rvol_day"":{""value"":0.38969176878948136,""score"":0},""V2_rvol_sameslot"":{""value"":0.9643352022493259,""score"":30.95568014995506,""status"":""ok""},""V3_breakout_bar"":{""value"":0.6239582973842858,""score"":8.263886492285717},""V4_base_dryup"":{""value"":1.2954801262877818,""score"":20.45198737122182},""V5_bo_expansion"":{""value"":0.38969176878948136,""score"":0},""_score"":12.35},""readiness"":{""_distance_atr"":0.27,""BR1_atr_distance"":{""score"":82.01787010647861},""BR2_compression"":{""score"":47.32176633943014},""BR3_retest"":{""score"":50.0},""BR4_bo_age"":{""score"":50.0},""_score"":62.14},""risk"":{""R1_stop_clarity"":{""score"":35.68502226875874},""R2_stop_distance_pct"":{""value"":6.988845011475629,""score"":100.0},""R3_stop_distance_atr"":{""value"":1.5867096807387409,""score"":100.0},""R4_rr_potential"":{""value"":1.1373212823961536,""score"":6.86606411980768},""_score"":58.86},""market"":{""M1_spy_regime"":{""score"":100.0},""M3_earnings_risk"":{""value"":null,""score"":80.0},""M4_vix"":{""value"":null,""score"":60.0},""_score"":84.0},""liquidity"":{""L1_price"":{""value"":296.28,""score"":100.0},""L2_dollar_vol"":{""value"":406520422.5851881,""score"":100.0},""L3_spread_proxy"":{""value"":0.022377480761441866,""score"":77.62251923855814},""L4_volume_zscore"":{""value"":-1.0875132206544715,""score"":100.0},""_score"":97.76},""pattern_structure"":{""left_low"":279.77,""left_idx"":58,""right_low"":289.76,""right_idx"":76,""separation_bars"":18,""structural_low"":279.77,""current_price"":296.28,""neckline_distance_pct"":0.011880653435939107,""base_bars"":18},""pattern_geometry_features"":{""low_similarity_pct"":0.03508155847804333,""bounce_pct"":0.07159452407334607,""right_bottom_reaction"":0.9384449244060543,""atr_pct"":0.04404614843102085},""_schema_version"":""1.0""}",,,,,,,,,,
20260505T174455Z-f51937,2026-05-05T17:44:55.334902+00:00,OKLO,inverse_head_shoulders,candidate,60.45,63.6,90.8,38.1,53.6,0.0,35.6,83.9,84.0,95.2,7.63,25.42,3.05,7.51,0.0,2.85,5.03,4.2,4.76,False,,66.57,72.28,62.252,81.36,"{""trend"":{""T1_ema_stack"":{""value"":[true,true,false],""score"":66.66666666666666},""T2_ema50_slope"":{""value"":0.23152682443636396,""score"":88.58780407272732},""T3_high_proximity"":{""value"":0.8706513209521318,""score"":35.32566047606589},""T4_rs_1m"":{""value"":0.2668640419069037,""score"":100},""T5_rs_3m"":{""value"":-0.19618822297016159,""score"":0},""T6_adr_healthy"":{""value"":8.897475123014752,""score"":77.56312192463119},""_score"":63.56},""geometry"":{""sub_head_depth"":100.0,""sub_shoulder_price_sym"":90.2,""sub_shoulder_time_sym"":60.0,""sub_right_shoulder_reaction"":98.7,""sub_base_context"":100.0,""_score"":90.8},""compression"":{""VC1_atr_ratio"":{""value"":0.841383886727373,""score"":39.65402831815676},""VC2_range_contraction"":{""value"":1.0263833904803952,""score"":0},""VC3_range_pct_rank"":{""score"":89.16666666666666},""_score"":38.15},""sr_quality"":{""SR1_touches"":{""value"":3,""score"":50.0},""SR2_tightness"":{""value"":0.3904698025029146,""score"":88.77960337635304},""SR3_recency"":{""value"":268,""score"":0.0},""SR4_price_location"":{""score"":41.15339348764208},""SR5_reaction"":{""value"":2.430076628352491,""score"":100},""_score"":53.61,""_levels_found"":7,""_target_level"":70.32},""volume"":{""V1_rvol_day"":{""value"":0.3510824510085126,""score"":0},""V2_rvol_sameslot"":{""value"":0.4206528985540905,""score"":0,""status"":""ok""},""V3_breakout_bar"":{""value"":0.4082701656384539,""score"":0},""V4_base_dryup"":{""value"":1.8566698912866855,""score"":0},""V5_bo_expansion"":{""value"":0.3510824510085126,""score"":0},""_score"":0.0},""readiness"":{""_distance_atr"":0.82,""BR1_atr_distance"":{""score"":45.30651340996161},""BR2_compression"":{""score"":0},""BR3_retest"":{""score"":50.0},""BR4_bo_age"":{""score"":50.0},""_score"":35.62},""risk"":{""R1_stop_clarity"":{""score"":72.75862068965516},""R2_stop_distance_pct"":{""value"":6.486405287667105,""score"":100.0},""R3_stop_distance_atr"":{""value"":0.6204022988505734,""score"":56.02011494252868},""R4_rr_potential"":{""value"":3.42519685039371,""score"":100.0},""_score"":83.87},""market"":{""M1_spy_regime"":{""score"":100.0},""M3_earnings_risk"":{""value"":null,""score"":80.0},""M4_vix"":{""value"":null,""score"":60.0},""_score"":84.0},""liquidity"":{""L1_price"":{""value"":66.57,""score"":100.0},""L2_dollar_vol"":{""value"":355271092.2476417,""score"":100.0},""L3_spread_proxy"":{""value"":0.04746882980321462,""score"":52.53117019678538},""L4_volume_zscore"":{""value"":-1.416043701198241,""score"":100.0},""_score"":95.25},""pattern_structure"":{""left_shoulder"":69.01,""left_shoulder_idx"":67,""head"":63.2,""head_idx"":75,""right_shoulder"":68.47,""right_shoulder_idx"":85,""left_to_head_bars"":8,""head_to_right_bars"":10,""structural_low"":63.2,""current_price"":66.77,""neckline_distance_pct"":0.08252209075932312,""base_bars"":18},""pattern_geometry_features"":{""head_depth_pct"":0.08059354087867335,""shoulder_price_asymmetry"":0.007855688100087375,""shoulder_time_asymmetry"":0.2,""right_shoulder_reaction"":0.9872881355932198,""atr_pct"":0.10455159981973863},""_schema_version"":""1.0""}",,,,,,,,,,
20260505T174455Z-f51937,2026-05-05T17:44:55.334902+00:00,ON,inverse_head_shoulders,setup,60.16,99.7,77.0,15.8,37.2,33.1,57.5,36.9,84.0,90.5,11.96,21.55,1.26,5.22,4.63,4.6,2.21,4.2,4.53,False,,102.6,101.255,91.0534,110.07,"{""trend"":{""T1_ema_stack"":{""value"":[true,true,true],""score"":100.0},""T2_ema50_slope"":{""value"":0.7938359141503392,""score"":100},""T3_high_proximity"":{""value"":0.9958264583131127,""score"":97.91322915655631},""T4_rs_1m"":{""value"":0.5176081534572232,""score"":100},""T5_rs_3m"":{""value"":0.6767510462411925,""score"":100},""T6_adr_healthy"":{""value"":4.090554667865449,""score"":100.0},""_score"":99.69},""geometry"":{""sub_head_depth"":65.7,""sub_shoulder_price_sym"":87.7,""sub_shoulder_time_sym"":33.3,""sub_right_shoulder_reaction"":87.6,""sub_base_context"":100.0,""_score"":76.97},""compression"":{""VC1_atr_ratio"":{""value"":0.8440343072618699,""score"":38.99142318453252},""VC2_range_contraction"":{""value"":1.0841997684240352,""score"":0},""VC3_range_pct_rank"":{""score"":0.8333333333333304},""_score"":15.8},""sr_quality"":{""SR1_touches"":{""value"":2,""score"":25.0},""SR2_tightness"":{""value"":0.8300000000000054,""score"":68.00374482848801},""SR3_recency"":{""value"":269,""score"":0.0},""SR4_price_location"":{""score"":30.0},""SR5_reaction"":{""value"":1.6070408282679487,""score"":80.35204141339743},""_score"":37.25,""_levels_found"":4,""_target_level"":72.93},""volume"":{""V1_rvol_day"":{""value"":1.0257673370602018,""score"":35.051155804013455},""V2_rvol_sameslot"":{""value"":1.977249173677565,""score"":98.48327824517101,""status"":""ok""},""V3_breakout_bar"":{""value"":0.8669613030865654,""score"":24.464086872437694},""V4_base_dryup"":{""value"":1.7178267181938167,""score"":0},""V5_bo_expansion"":{""value"":1.0257673370602018,""score"":1.717822470680123},""_score"":33.08},""readiness"":{""_distance_atr"":-0.259,""BR1_atr_distance"":{""score"":100.0},""BR2_compression"":{""score"":0},""BR3_retest"":{""score"":50.0},""BR4_bo_age"":{""score"":50.0},""_score"":57.5},""risk"":{""R1_stop_clarity"":{""score"":46.54697901106233},""R2_stop_distance_pct"":{""value"":11.253996101364521,""score"":18.650097465886972},""R3_stop_distance_atr"":{""value"":2.225590120261312,""score"":100.0},""R4_rr_potential"":{""value"":0.6469436890513225,""score"":0.0},""_score"":36.89},""market"":{""M1_spy_regime"":{""score"":100.0},""M3_earnings_risk"":{""value"":null,""score"":80.0},""M4_vix"":{""value"":null,""score"":60.0},""_score"":84.0},""liquidity"":{""L1_price"":{""value"":102.6,""score"":100.0},""L2_dollar_vol"":{""value"":1187124735.7980397,""score"":100.0},""L3_spread_proxy"":{""value"":0.09483430799220277,""score"":5.165692007797233},""L4_volume_zscore"":{""value"":0.06848469437888977,""score"":100.0},""_score"":90.52},""pattern_structure"":{""left_shoulder"":96.39,""left_shoulder_idx"":60,""head"":92.44,""head_idx"":69,""right_shoulder"":97.34,""right_shoulder_idx"":75,""left_to_head_bars"":9,""head_to_right_bars"":6,""structural_low"":92.44,""current_price"":102.585,""neckline_distance_pct"":-0.012964858410098926,""base_bars"":15},""pattern_geometry_features"":{""head_depth_pct"":0.04568213493005741,""shoulder_price_asymmetry"":0.009807463996283516,""shoulder_time_asymmetry"":0.3333333333333333,""right_shoulder_reaction"":0.8756218905472631,""atr_pct"":0.05056634642160957},""_schema_version"":""1.0""}",,,,,,,,,,
20260505T174455Z-f51937,2026-05-05T17:44:55.334902+00:00,AMD,double_bottom,candidate,60.12,98.8,74.1,16.2,40.0,15.6,54.1,60.7,84.0,96.8,14.82,18.52,1.3,5.61,2.03,4.33,3.64,5.04,4.84,False,,354.74,362.79,323.8779,396.77,"{""trend"":{""T1_ema_stack"":{""value"":[true,true,true],""score"":100.0},""T2_ema50_slope"":{""value"":0.7815774124317825,""score"":100},""T3_high_proximity"":{""value"":0.9839130193598491,""score"":91.95650967992452},""T4_rs_1m"":{""value"":0.5127419763674179,""score"":100},""T5_rs_3m"":{""value"":0.4155520063597997,""score"":100},""T6_adr_healthy"":{""value"":4.444097188589828,""score"":100.0},""_score"":98.79},""geometry"":{""sub_low_similarity"":40.7,""sub_bounce_quality"":100,""sub_separation_fit"":86.7,""sub_right_bottom_reaction"":59.1,""sub_base_context"":100.0,""_score"":74.08},""compression"":{""VC1_atr_ratio"":{""value"":1.2447810746678263,""score"":0},""VC2_range_contraction"":{""value"":1.23023507658688,""score"":0},""VC3_range_pct_rank"":{""score"":65.0},""_score"":16.25},""sr_quality"":{""SR1_touches"":{""value"":2,""score"":25.0},""SR2_tightness"":{""value"":3.2150999999999783,""score"":67.02701890961085},""SR3_recency"":{""value"":287,""score"":0.0},""SR4_price_location"":{""score"":30.0},""SR5_reaction"":{""value"":2.620829470672284,""score"":100},""_score"":40.05,""_levels_found"":3,""_target_level"":263.7449},""volume"":{""V1_rvol_day"":{""value"":0.6493656129136244,""score"":9.957707527574959},""V2_rvol_sameslot"":{""value"":0.7941771073294974,""score"":19.61180715529983,""status"":""ok""},""V3_breakout_bar"":{""value"":0.4898408549092554,""score"":0},""V4_base_dryup"":{""value"":1.0153385786810276,""score"":48.466142131897236},""V5_bo_expansion"":{""value"":0.6493656129136245,""score"":0},""_score"":15.61},""readiness"":{""_distance_atr"":0.413,""BR1_atr_distance"":{""score"":72.48063846872209},""BR2_compression"":{""score"":30.57070772096865},""BR3_retest"":{""score"":50.0},""BR4_bo_age"":{""score"":50.0},""_score"":54.13},""risk"":{""R1_stop_clarity"":{""score"":49.41753330068636},""R2_stop_distance_pct"":{""value"":8.69993516378192,""score"":82.50162090545201},""R3_stop_distance_atr"":{""value"":1.5825590002780008,""score"":100.0},""R4_rr_potential"":{""value"":1.3618623459480317,""score"":18.093117297401584},""_score"":60.67},""market"":{""M1_spy_regime"":{""score"":100.0},""M3_earnings_risk"":{""value"":null,""score"":80.0},""M4_vix"":{""value"":null,""score"":60.0},""_score"":84.0},""liquidity"":{""L1_price"":{""value"":354.74,""score"":100.0},""L2_dollar_vol"":{""value"":9266318622.676943,""score"":100.0},""L3_spread_proxy"":{""value"":0.032192309860743035,""score"":67.80769013925696},""L4_volume_zscore"":{""value"":-0.9975544534771,""score"":100.0},""_score"":96.78},""pattern_structure"":{""left_low"":328.81,""left_idx"":40,""right_low"":338.7,""right_idx"":72,""separation_bars"":32,""structural_low"":328.81,""current_price"":354.835,""neckline_distance_pct"":0.0224188707427397,""base_bars"":32},""pattern_geometry_features"":{""low_similarity_pct"":0.029632514868691066,""bounce_pct"":0.10334235576776868,""right_bottom_reaction"":0.5912500000000023,""atr_pct"":0.05497384402258395},""_schema_version"":""1.0""}",,,,,,,,,,
20260505T174455Z-f51937,2026-05-05T17:44:55.334902+00:00,UUUU,double_bottom,forming,59.86,75.6,66.3,53.3,48.6,34.1,24.0,80.5,84.0,92.5,11.34,16.59,4.27,6.81,4.43,1.92,4.83,5.04,4.63,False,,21.13,23.13,20.0369,25.918,"{""trend"":{""T1_ema_stack"":{""value"":[true,true,true],""score"":100.0},""T2_ema50_slope"":{""value"":0.23466571849580622,""score"":89.11095308263437},""T3_high_proximity"":{""value"":0.9041506204535729,""score"":52.07531022678641},""T4_rs_1m"":{""value"":0.08668695698721085,""score"":100},""T5_rs_3m"":{""value"":-0.18825555026170415,""score"":0},""T6_adr_healthy"":{""value"":7.276871629086933,""score"":100.0},""_score"":75.63},""geometry"":{""sub_low_similarity"":59.3,""sub_bounce_quality"":100,""sub_separation_fit"":0.0,""sub_right_bottom_reaction"":57.1,""sub_base_context"":100.0,""_score"":66.35},""compression"":{""VC1_atr_ratio"":{""value"":0.5344812259631725,""score"":100},""VC2_range_contraction"":{""value"":1.0688236817756782,""score"":0},""VC3_range_pct_rank"":{""score"":53.333333333333336},""_score"":53.33},""sr_quality"":{""SR1_touches"":{""value"":3,""score"":50.0},""SR2_tightness"":{""value"":0.32484531703566244,""score"":59.21060097941824},""SR3_recency"":{""value"":229,""score"":0.0},""SR4_price_location"":{""score"":38.97231836399872},""SR5_reaction"":{""value"":2.5085496724083023,""score"":100},""_score"":48.62,""_levels_found"":5,""_target_level"":23.5532},""volume"":{""V1_rvol_day"":{""value"":0.5353801347257043,""score"":2.358675648380289},""V2_rvol_sameslot"":{""value"":1.3484481965750008,""score"":56.56321310500005,""status"":""ok""},""V3_breakout_bar"":{""value"":0.8965949418613488,""score"":26.439662790756586},""V4_base_dryup"":{""value"":0.7148225652829685,""score"":78.51774347170314},""V5_bo_expansion"":{""value"":0.5353801347257044,""score"":0},""_score"":34.1},""readiness"":{""_distance_atr"":1.256,""BR1_atr_distance"":{""score"":16.28959614214625},""BR2_compression"":{""score"":0},""BR3_retest"":{""score"":50.0},""BR4_bo_age"":{""score"":50.0},""_score"":24.02},""risk"":{""R1_stop_clarity"":{""score"":61.686166706279394},""R2_stop_distance_pct"":{""value"":5.173355418835789,""score"":100.0},""R3_stop_distance_atr"":{""value"":0.6862976532685189,""score"":59.31488266342595},""R4_rr_potential"":{""value"":4.380082881267544,""score"":100.0},""_score"":80.49},""market"":{""M1_spy_regime"":{""score"":100.0},""M3_earnings_risk"":{""value"":null,""score"":80.0},""M4_vix"":{""value"":null,""score"":60.0},""_score"":84.0},""liquidity"":{""L1_price"":{""value"":21.13,""score"":100.0},""L2_dollar_vol"":{""value"":110376268.34144667,""score"":100.0},""L3_spread_proxy"":{""value"":0.07477520113582577,""score"":25.224798864174232},""L4_volume_zscore"":{""value"":-2.1027148950424643,""score"":100.0},""_score"":92.52},""pattern_structure"":{""left_low"":20.342,""left_idx"":19,""right_low"":20.76,""right_idx"":65,""separation_bars"":46,""structural_low"":20.342,""current_price"":21.12,""neckline_distance_pct"":0.09517045454545445,""base_bars"":46},""pattern_geometry_features"":{""low_similarity_pct"":0.020339642839764624,""bounce_pct"":0.13705633664339792,""right_bottom_reaction"":0.5714285714285668,""atr_pct"":0.07538063687377461},""_schema_version"":""1.0""}",,,,,,,,,,
20260505T174455Z-f51937,2026-05-05T17:44:55.334902+00:00,AMPX,double_bottom,forming,59.78,94.7,53.9,77.0,43.1,16.0,45.4,75.6,84.0,92.3,14.21,13.48,6.16,6.03,2.08,3.63,4.54,5.04,4.61,False,,21.1,22.24,19.5129,24.67,"{""trend"":{""T1_ema_stack"":{""value"":[true,true,true],""score"":100.0},""T2_ema50_slope"":{""value"":0.7352660251543048,""score"":100},""T3_high_proximity"":{""value"":0.9299250771264874,""score"":64.96253856324368},""T4_rs_1m"":{""value"":0.10320016640493357,""score"":100},""T5_rs_3m"":{""value"":0.38767993884077967,""score"":100},""T6_adr_healthy"":{""value"":7.773040990861569,""score"":100.0},""_score"":94.74},""geometry"":{""sub_low_similarity"":9.2,""sub_bounce_quality"":100,""sub_separation_fit"":33.3,""sub_right_bottom_reaction"":41.1,""sub_base_context"":100.0,""_score"":53.92},""compression"":{""VC1_atr_ratio"":{""value"":0.5304518664047153,""score"":100},""VC2_range_contraction"":{""value"":0.7592487982934458,""score"":40.1252002844257},""VC3_range_pct_rank"":{""score"":91.66666666666666},""_score"":76.96},""sr_quality"":{""SR1_touches"":{""value"":3,""score"":50.0},""SR2_tightness"":{""value"":0.26981475126464094,""score"":66.02837842575546},""SR3_recency"":{""value"":226,""score"":0.0},""SR4_price_location"":{""score"":30.0},""SR5_reaction"":{""value"":1.4258991123541944,""score"":71.29495561770972},""_score"":43.1,""_levels_found"":5,""_target_level"":19.42},""volume"":{""V1_rvol_day"":{""value"":0.4238678080954623,""score"":0},""V2_rvol_sameslot"":{""value"":0.68399435759895,""score"":12.266290506596667,""status"":""ok""},""V3_breakout_bar"":{""value"":0.5303112274232538,""score"":2.020748494883584},""V4_base_dryup"":{""value"":0.849094052630908,""score"":65.0905947369092},""V5_bo_expansion"":{""value"":0.4238678080954623,""score"":0},""_score"":15.98},""readiness"":{""_distance_atr"":0.718,""BR1_atr_distance"":{""score"":52.15526157222141},""BR2_compression"":{""score"":28.182114428697748},""BR3_retest"":{""score"":50.0},""BR4_bo_age"":{""score"":50.0},""_score"":45.41},""risk"":{""R1_stop_clarity"":{""score"":62.58667362154113},""R2_stop_distance_pct"":{""value"":7.522037914691948,""score"":100.0},""R3_stop_distance_atr"":{""value"":0.9991681131006453,""score"":74.95840565503227},""R4_rr_potential"":{""value"":2.24931480956431,""score"":62.465740478215494},""_score"":75.64},""market"":{""M1_spy_regime"":{""score"":100.0},""M3_earnings_risk"":{""value"":null,""score"":80.0},""M4_vix"":{""value"":null,""score"":60.0},""_score"":84.0},""liquidity"":{""L1_price"":{""value"":21.1,""score"":100.0},""L2_dollar_vol"":{""value"":68354782.46257351,""score"":91.73844527543716},""L3_spread_proxy"":{""value"":0.04407582938388624,""score"":55.92417061611376},""L4_volume_zscore"":{""value"":-1.194182313311037,""score"":100.0},""_score"":92.29},""pattern_structure"":{""left_low"":20.73,""left_idx"":32,""right_low"":19.81,""right_idx"":72,""separation_bars"":40,""structural_low"":19.81,""current_price"":21.1,""neckline_distance_pct"":0.0540284360189572,""base_bars"":40},""pattern_geometry_features"":{""low_similarity_pct"":0.045387271830291155,""bounce_pct"":0.1226653205451792,""right_bottom_reaction"":0.410787640650115,""atr_pct"":0.07528300609343265},""_schema_version"":""1.0""}",,,,,,,,,,
20260505T174455Z-f51937,2026-05-05T17:44:55.334902+00:00,LSCC,inverse_head_shoulders,forming,59.65,98.3,73.7,37.4,42.0,28.0,42.3,35.8,84.0,93.6,11.79,20.64,3.0,5.88,3.93,3.39,2.15,4.2,4.68,False,,122.71,126.349,107.7097,143.348,"{""trend"":{""T1_ema_stack"":{""value"":[true,true,true],""score"":100.0},""T2_ema50_slope"":{""value"":0.5891580504697868,""score"":100},""T3_high_proximity"":{""value"":0.9772238592020387,""score"":88.61192960101933},""T4_rs_1m"":{""value"":0.1635348805986856,""score"":100},""T5_rs_3m"":{""value"":0.45710367668224894,""score"":100},""T6_adr_healthy"":{""value"":4.617924178204866,""score"":100.0},""_score"":98.29},""geometry"":{""sub_head_depth"":61.2,""sub_shoulder_price_sym"":80.1,""sub_shoulder_time_sym"":28.6,""sub_right_shoulder_reaction"":90.8,""sub_base_context"":100.0,""_score"":73.72},""compression"":{""VC1_atr_ratio"":{""value"":0.654749284766134,""score"":86.31267880846649},""VC2_range_contraction"":{""value"":1.1059705376891482,""score"":0},""VC3_range_pct_rank"":{""score"":11.66666666666667},""_score"":37.44},""sr_quality"":{""SR1_touches"":{""value"":2,""score"":25.0},""SR2_tightness"":{""value"":0.634999999999998,""score"":80.14432773250016},""SR3_recency"":{""value"":226,""score"":0.0},""SR4_price_location"":{""score"":30.0},""SR5_reaction"":{""value"":2.6419144530979546,""score"":100},""_score"":42.02,""_levels_found"":6,""_target_level"":108.715},""volume"":{""V1_rvol_day"":{""value"":1.1108159103479078,""score"":40.72106068986052},""V2_rvol_sameslot"":{""value"":1.2179688273641867,""score"":47.86458849094578,""status"":""ok""},""V3_breakout_bar"":{""value"":0.5662373639731962,""score"":4.41582426487975},""V4_base_dryup"":{""value"":1.094444129411783,""score"":40.55558705882169},""V5_bo_expansion"":{""value"":1.1108159103479083,""score"":7.387727356527218},""_score"":28.04},""readiness"":{""_distance_atr"":0.569,""BR1_atr_distance"":{""score"":62.07097565279142},""BR2_compression"":{""score"":0},""BR3_retest"":{""score"":50.0},""BR4_bo_age"":{""score"":50.0},""_score"":42.33},""risk"":{""R1_stop_clarity"":{""score"":48.71139143816282},""R2_stop_distance_pct"":{""value"":12.22414636133974,""score"":0.0},""R3_stop_distance_atr"":{""value"":2.345197227799727,""score"":100.0},""R4_rr_potential"":{""value"":1.3758437359377362,""score"":18.79218679688681},""_score"":35.81},""market"":{""M1_spy_regime"":{""score"":100.0},""M3_earnings_risk"":{""value"":null,""score"":80.0},""M4_vix"":{""value"":null,""score"":60.0},""_score"":84.0},""liquidity"":{""L1_price"":{""value"":122.71,""score"":100.0},""L2_dollar_vol"":{""value"":279182201.00748503,""score"":100.0},""L3_spread_proxy"":{""value"":0.06413495232662367,""score"":35.86504767337634},""L4_volume_zscore"":{""value"":0.2576523237981762,""score"":100.0},""_score"":93.59},""pattern_structure"":{""left_shoulder"":114.96,""left_shoulder_idx"":52,""head"":109.35,""head_idx"":66,""right_shoulder"":113.14,""right_shoulder_idx"":75,""left_to_head_bars"":14,""head_to_right_bars"":9,""structural_low"":109.35,""current_price"":122.65,""neckline_distance_pct"":0.030158988993069694,""base_bars"":23},""pattern_geometry_features"":{""head_depth_pct"":0.04120999561595794,""shoulder_price_asymmetry"":0.015957913195966622,""shoulder_time_asymmetry"":0.35714285714285715,""right_shoulder_reaction"":0.9076086956521654,""atr_pct"":0.05212417197341002},""_schema_version"":""1.0""}",,,,,,,,,,
20260505T174455Z-f51937,2026-05-05T17:44:55.334902+00:00,VSAT,high_tight_pullback,forming,59.63,99.7,55.1,76.0,49.5,11.9,57.8,76.5,84.0,82.9,11.96,19.29,7.61,3.96,1.67,5.2,0.76,5.04,4.15,False,,65.6,66.75,61.7595,76.88,"{""trend"":{""T1_ema_stack"":{""value"":[true,true,true],""score"":100.0},""T2_ema50_slope"":{""value"":0.6493556359193101,""score"":100},""T3_high_proximity"":{""value"":0.9952966165983917,""score"":97.64830829919585},""T4_rs_1m"":{""value"":0.16072271590890974,""score"":100},""T5_rs_3m"":{""value"":0.44024349316743683,""score"":100},""T6_adr_healthy"":{""value"":5.00197158630058,""score"":100.0},""_score"":99.65},""geometry"":{""sub_pole_impulse"":67.4,""sub_flag_tightness"":53.8,""sub_flag_shallowness"":32.2,""sub_flag_drift"":100,""sub_flag_duration"":0.0,""_score"":55.11},""compression"":{""VC1_atr_ratio"":{""value"":0.5418421584661083,""score"":100},""VC2_range_contraction"":{""value"":0.7927481816623515,""score"":34.54196972294142},""VC3_range_pct_rank"":{""score"":95.83333333333334},""_score"":76.05},""sr_quality"":{""SR1_touches"":{""value"":3,""score"":50.0},""SR2_tightness"":{""value"":0.3151013946159069,""score"":80.16225059191594},""SR3_recency"":{""value"":269,""score"":0.0},""SR4_price_location"":{""score"":30.0},""SR5_reaction"":{""value"":2.571781899943788,""score"":100},""_score"":49.52,""_levels_found"":5,""_target_level"":49.8067},""volume"":{""V1_rvol_day"":{""value"":0.21394595036390687,""score"":0},""V2_rvol_sameslot"":{""value"":0.3213015640375051,""score"":0,""status"":""ok""},""V3_breakout_bar"":{""value"":0.4010256711563626,""score"":0},""V4_base_dryup"":{""value"":0.9028011884494032,""score"":59.71988115505968},""V5_bo_expansion"":{""value"":0.21394595036390687,""score"":0},""_score"":11.94},""readiness"":{""_distance_atr"":0.362,""BR1_atr_distance"":{""score"":75.86659171819363},""BR2_compression"":{""score"":39.66730779059171},""BR3_retest"":{""score"":50.0},""BR4_bo_age"":{""score"":50.0},""_score"":57.76},""risk"":{""R1_stop_clarity"":{""score"":40.789207419898844},""R2_stop_distance_pct"":{""value"":5.854420731707305,""score"":100.0},""R3_stop_distance_atr"":{""value"":1.208926363125348,""score"":85.4463181562674},""R4_rr_potential"":{""value"":2.937117562817348,""score"":96.8558781408674},""_score"":76.46},""market"":{""M1_spy_regime"":{""score"":100.0},""M3_earnings_risk"":{""value"":null,""score"":80.0},""M4_vix"":{""value"":null,""score"":60.0},""_score"":84.0},""liquidity"":{""L1_price"":{""value"":65.6,""score"":100.0},""L2_dollar_vol"":{""value"":19905419.967606395,""score"":64.94856724142153},""L3_spread_proxy"":{""value"":0.03056402439024405,""score"":69.43597560975596},""L4_volume_zscore"":{""value"":-2.157632664278124,""score"":100.0},""_score"":82.92},""pattern_structure"":{""pole_low"":56.62,""pole_low_idx"":26,""peak_price"":66.75,""peak_idx"":44,""pole_gain"":0.17891204521370546,""flag_bars"":15,""flag_low"":62.7,""flag_high"":66.01,""structural_low"":62.7,""current_price"":65.45,""neckline_distance_pct"":0.0198624904507257,""base_bars"":15},""pattern_geometry_features"":{""pole_gain"":0.17891204521370546,""pullback_pct"":0.060674157303370745,""flag_range_pct"":0.049588014981273444,""flag_drift_per_bar"":0.00032141765797229,""atr_pct"":0.048426611498257874,""pole_atr_multiple"":3.6944985345535017},""_schema_version"":""1.0""}",,,,,,,,,,
20260505T174455Z-f51937,2026-05-05T17:44:55.334902+00:00,UUUU,breakout_retest_hold,setup,59.63,75.6,61.4,53.3,48.6,30.0,64.5,60.8,84.0,92.5,10.59,13.5,3.2,6.81,3.9,11.61,3.04,4.2,2.78,False,,21.13,20.99,20.79,21.5602,"{""trend"":{""T1_ema_stack"":{""value"":[true,true,true],""score"":100.0},""T2_ema50_slope"":{""value"":0.23466571849580622,""score"":89.11095308263437},""T3_high_proximity"":{""value"":0.9041506204535729,""score"":52.07531022678641},""T4_rs_1m"":{""value"":0.08668695698721085,""score"":100},""T5_rs_3m"":{""value"":-0.18825555026170415,""score"":0},""T6_adr_healthy"":{""value"":7.276871629086933,""score"":100.0},""_score"":75.63},""geometry"":{""sub_retest_depth"":54.6,""sub_retest_timing"":0.0,""sub_retest_freshness"":75.0,""sub_hold_quality"":100.0,""_score"":61.38},""compression"":{""VC1_atr_ratio"":{""value"":0.5344812259631725,""score"":100},""VC2_range_contraction"":{""value"":1.0688236817756782,""score"":0},""VC3_range_pct_rank"":{""score"":53.333333333333336},""_score"":53.33},""sr_quality"":{""SR1_touches"":{""value"":3,""score"":50.0},""SR2_tightness"":{""value"":0.32484531703566244,""score"":59.21060097941824},""SR3_recency"":{""value"":229,""score"":0.0},""SR4_price_location"":{""score"":38.97231836399872},""SR5_reaction"":{""value"":2.5085496724083023,""score"":100},""_score"":48.62,""_levels_found"":5,""_target_level"":23.5532},""volume"":{""V1_rvol_day"":{""value"":0.5353801347257043,""score"":2.358675648380289},""V2_rvol_sameslot"":{""value"":1.3484481965750008,""score"":56.56321310500005,""status"":""ok""},""V3_breakout_bar"":{""value"":0.8965949418613488,""score"":26.439662790756586},""V4_base_dryup"":{""value"":0.9191154163399823,""score"":58.088458366001774},""V5_bo_expansion"":{""value"":0.5353801347257044,""score"":0},""_score"":30.01},""readiness"":{""_distance_atr"":-0.088,""BR1_atr_distance"":{""score"":100.0},""BR2_compression"":{""score"":0},""BR3_retest"":{""score"":100},""BR4_bo_age"":{""score"":30.0},""_score"":64.5},""risk"":{""R1_stop_clarity"":{""score"":73.63122278477596},""R2_stop_distance_pct"":{""value"":1.6090866067203022,""score"":90.22716516800755},""R3_stop_distance_atr"":{""value"":0.21346152983752695,""score"":35.673076491876344},""R4_rr_potential"":{""value"":1.265252100840333,""score"":13.26260504201665},""_score"":60.84},""market"":{""M1_spy_regime"":{""score"":100.0},""M3_earnings_risk"":{""value"":null,""score"":80.0},""M4_vix"":{""value"":null,""score"":60.0},""_score"":84.0},""liquidity"":{""L1_price"":{""value"":21.13,""score"":100.0},""L2_dollar_vol"":{""value"":110376268.34144667,""score"":100.0},""L3_spread_proxy"":{""value"":0.07477520113582577,""score"":25.224798864174232},""L4_volume_zscore"":{""value"":-2.1027148950424643,""score"":100.0},""_score"":92.52},""pattern_structure"":{""level"":20.99,""level_idx"":52,""breakout_idx"":62,""bo_peak_idx"":70,""bo_peak_price"":22.76,""retest_idx"":79,""retest_low"":21.0,""structural_low"":21.0,""current_price"":21.12,""neckline_distance_pct"":-0.0061553030303031515,""base_bars"":27,""bars_since_breakout"":17},""pattern_geometry_features"":{""retest_depth_atr"":-0.017538145466392135,""bars_breakout_to_retest"":17.0,""bars_since_retest"":0.0,""current_above_level_atr"":0.22799589106306659,""bo_peak_excess_pct"":0.08432586946164856,""atr_pct"":0.07538063687377461},""_schema_version"":""1.0""}",,,,,,,,,,
20260505T174455Z-f51937,2026-05-05T17:44:55.334902+00:00,QCOM,double_bottom,retest_hold,59.45,85.8,74.4,0.2,57.7,25.9,57.5,39.7,84.0,90.0,12.86,18.61,0.02,8.07,3.36,4.6,2.38,5.04,4.5,False,,182.54,180.49,162.3182,196.19,"{""trend"":{""T1_ema_stack"":{""value"":[true,true,false],""score"":66.66666666666666},""T2_ema50_slope"":{""value"":0.12291415500742106,""score"":70.48569250123684},""T3_high_proximity"":{""value"":1.0,""score"":99.99999999999997},""T4_rs_1m"":{""value"":0.3534468804921582,""score"":100},""T5_rs_3m"":{""value"":0.1906002725403071,""score"":100},""T6_adr_healthy"":{""value"":4.425751761002708,""score"":100.0},""_score"":85.76},""geometry"":{""sub_low_similarity"":24.3,""sub_bounce_quality"":93.2,""sub_separation_fit"":100.0,""sub_right_bottom_reaction"":90.1,""sub_base_context"":100.0,""_score"":74.44},""compression"":{""VC1_atr_ratio"":{""value"":1.4879346545497905,""score"":0},""VC2_range_contraction"":{""value"":2.93574282669012,""score"":0},""VC3_range_pct_rank"":{""score"":0.8333333333333304},""_score"":0.21},""sr_quality"":{""SR1_touches"":{""value"":3,""score"":50.0},""SR2_tightness"":{""value"":1.4481797778207337,""score"":71.14165495060121},""SR3_recency"":{""value"":224,""score"":0.0},""SR4_price_location"":{""score"":81.8276188518244},""SR5_reaction"":{""value"":1.537891091490605,""score"":76.89455457453025},""_score"":57.66,""_levels_found"":5,""_target_level"":184.9266},""volume"":{""V1_rvol_day"":{""value"":1.0447313077479865,""score"":36.315420516532434},""V2_rvol_sameslot"":{""value"":1.735570489988157,""score"":82.37136599921047,""status"":""ok""},""V3_breakout_bar"":{""value"":0.600998107428748,""score"":6.733207161916536},""V4_base_dryup"":{""value"":2.6895053678768983,""score"":0},""V5_bo_expansion"":{""value"":1.0447313077479865,""score"":2.9820871831991003},""_score"":25.87},""readiness"":{""_distance_atr"":-0.204,""BR1_atr_distance"":{""score"":100.0},""BR2_compression"":{""score"":0},""BR3_retest"":{""score"":50.0},""BR4_bo_age"":{""score"":50.0},""_score"":57.5},""risk"":{""R1_stop_clarity"":{""score"":50.742648597330245},""R2_stop_distance_pct"":{""value"":11.078037690369229,""score"":23.049057740769285},""R3_stop_distance_atr"":{""value"":2.0148366030747846,""score"":100.0},""R4_rr_potential"":{""value"":0.6750124246792475,""score"":0.0},""_score"":39.67},""market"":{""M1_spy_regime"":{""score"":100.0},""M3_earnings_risk"":{""value"":null,""score"":80.0},""M4_vix"":{""value"":null,""score"":60.0},""_score"":84.0},""liquidity"":{""L1_price"":{""value"":182.54,""score"":100.0},""L2_dollar_vol"":{""value"":3520033455.4883657,""score"":100.0},""L3_spread_proxy"":{""value"":0.11948066177276215,""score"":0},""L4_volume_zscore"":{""value"":0.05787796274138268,""score"":100.0},""_score"":90.0},""pattern_structure"":{""left_low"":171.15,""left_idx"":64,""right_low"":164.79,""right_idx"":76,""separation_bars"":12,""structural_low"":164.79,""current_price"":182.6,""neckline_distance_pct"":-0.011555312157721716,""base_bars"":12},""pattern_geometry_features"":{""low_similarity_pct"":0.03786390426861948,""bounce_pct"":0.09527277140603203,""right_bottom_reaction"":0.9013084393998592,""atr_pct"":0.05498231307423814},""_schema_version"":""1.0""}",,,,,,,,,,
20260505T174455Z-f51937,2026-05-05T17:44:55.334902+00:00,MPWR,double_bottom,forming,59.4,98.3,69.5,41.3,43.6,15.3,40.2,66.8,84.0,72.4,14.75,17.36,3.3,6.1,1.99,3.22,4.01,5.04,3.62,False,,1595.735,1661.79,1500.4407,1800.29,"{""trend"":{""T1_ema_stack"":{""value"":[true,true,true],""score"":100.0},""T2_ema50_slope"":{""value"":0.7423641661331748,""score"":100},""T3_high_proximity"":{""value"":0.9777428525912037,""score"":88.87142629560185},""T4_rs_1m"":{""value"":0.25388904989862926,""score"":100},""T5_rs_3m"":{""value"":0.3202797561803121,""score"":100},""T6_adr_healthy"":{""value"":3.4230029974048746,""score"":100.0},""_score"":98.33},""geometry"":{""sub_low_similarity"":61.6,""sub_bounce_quality"":87.0,""sub_separation_fit"":0.0,""sub_right_bottom_reaction"":90.5,""sub_base_context"":100.0,""_score"":69.45},""compression"":{""VC1_atr_ratio"":{""value"":0.8182642094522744,""score"":45.4339476369314},""VC2_range_contraction"":{""value"":0.9399021596411845,""score"":10.01630672646925},""VC3_range_pct_rank"":{""score"":78.33333333333333},""_score"":41.26},""sr_quality"":{""SR1_touches"":{""value"":2,""score"":25.0},""SR2_tightness"":{""value"":3.1100000000000136,""score"":90.5601255932578},""SR3_recency"":{""value"":269,""score"":0.0},""SR4_price_location"":{""score"":30.0},""SR5_reaction"":{""value"":2.3529494024683073,""score"":100},""_score"":43.58,""_levels_found"":3,""_target_level"":1253.11},""volume"":{""V1_rvol_day"":{""value"":0.44033405326593045,""score"":0},""V2_rvol_sameslot"":{""value"":0.6490407972783333,""score"":9.936053151888887,""status"":""ok""},""V3_breakout_bar"":{""value"":0.4382824449067573,""score"":0},""V4_base_dryup"":{""value"":0.8327273584047615,""score"":66.72726415952386},""V5_bo_expansion"":{""value"":0.44033405326593034,""score"":0},""_score"":15.33},""readiness"":{""_distance_atr"":1.002,""BR1_atr_distance"":{""score"":33.16710568731473},""BR2_compression"":{""score"":37.92610948399816},""BR3_retest"":{""score"":50.0},""BR4_bo_age"":{""score"":50.0},""_score"":40.25},""risk"":{""R1_stop_clarity"":{""score"":30.644696374375087},""R2_stop_distance_pct"":{""value"":5.9718154956806675,""score"":100.0},""R3_stop_distance_atr"":{""value"":1.4462487068683734,""score"":97.31243534341867},""R4_rr_potential"":{""value"":2.1465595809195435,""score"":57.32797904597717},""_score"":66.79},""market"":{""M1_spy_regime"":{""score"":100.0},""M3_earnings_risk"":{""value"":null,""score"":80.0},""M4_vix"":{""value"":null,""score"":60.0},""_score"":84.0},""liquidity"":{""L1_price"":{""value"":1595.735,""score"":0.0},""L2_dollar_vol"":{""value"":425140369.72976226,""score"":100.0},""L3_spread_proxy"":{""value"":0.02566215568374451,""score"":74.33784431625548},""L4_volume_zscore"":{""value"":-1.679489909891941,""score"":100.0},""_score"":72.43},""pattern_structure"":{""left_low"":1523.29,""left_idx"":27,""right_low"":1552.84,""right_idx"":75,""separation_bars"":48,""structural_low"":1523.29,""current_price"":1595.735,""neckline_distance_pct"":0.04139471779462133,""base_bars"":48},""pattern_geometry_features"":{""low_similarity_pct"":0.01921245200950542,""bounce_pct"":0.09092162359104307,""right_bottom_reaction"":0.9047051816557404,""atr_pct"":0.041291760312869734},""_schema_version"":""1.0""}",,,,,,,,,,
20260505T174455Z-f51937,2026-05-05T17:44:55.334902+00:00,TEM,double_bottom,forming,59.07,51.5,74.4,56.8,53.9,26.3,37.2,75.3,84.0,93.9,7.73,18.61,4.55,7.54,3.42,2.98,4.52,5.04,4.69,False,,53.96,56.4078,52.3032,59.7159,"{""trend"":{""T1_ema_stack"":{""value"":[true,false,false],""score"":33.33333333333333},""T2_ema50_slope"":{""value"":0.03348116101587231,""score"":55.580193502645386},""T3_high_proximity"":{""value"":0.8999332888592395,""score"":49.966644429619734},""T4_rs_1m"":{""value"":0.04240901603916858,""score"":92.40901603916858},""T5_rs_3m"":{""value"":-0.0855618571972886,""score"":7.219071401355706},""T6_adr_healthy"":{""value"":6.272094872182161,""score"":100.0},""_score"":51.51},""geometry"":{""sub_low_similarity"":80.4,""sub_bounce_quality"":46.1,""sub_separation_fit"":100.0,""sub_right_bottom_reaction"":40.5,""sub_base_context"":100.0,""_score"":74.42},""compression"":{""VC1_atr_ratio"":{""value"":0.597788967290517,""score"":100},""VC2_range_contraction"":{""value"":0.8436808888335486,""score"":26.053185194408563},""VC3_range_pct_rank"":{""score"":30.833333333333336},""_score"":56.83},""sr_quality"":{""SR1_touches"":{""value"":3,""score"":50.0},""SR2_tightness"":{""value"":0.37452933426131135,""score"":76.73534734667801},""SR3_recency"":{""value"":234,""score"":0.0},""SR4_price_location"":{""score"":49.517223076502766},""SR5_reaction"":{""value"":3.0018058310150386,""score"":100},""_score"":53.89,""_levels_found"":5,""_target_level"":58.2717},""volume"":{""V1_rvol_day"":{""value"":0.5371957551681412,""score"":2.4797170112094147},""V2_rvol_sameslot"":{""value"":0.9249739572091631,""score"":28.331597147277538,""status"":""ok""},""V3_breakout_bar"":{""value"":0.7769012364031878,""score"":18.460082426879186},""V4_base_dryup"":{""value"":0.7222061621055474,""score"":77.77938378944526},""V5_bo_expansion"":{""value"":0.5371957551681412,""score"":0},""_score"":26.33},""readiness"":{""_distance_atr"":0.76,""BR1_atr_distance"":{""score"":49.31663864005095},""BR2_compression"":{""score"":0},""BR3_retest"":{""score"":50.0},""BR4_bo_age"":{""score"":50.0},""_score"":37.23},""risk"":{""R1_stop_clarity"":{""score"":50.52405925965368},""R2_stop_distance_pct"":{""value"":3.070414195700521,""score"":100.0},""R3_stop_distance_atr"":{""value"":0.5145761399585598,""score"":50.72880699792799},""R4_rr_potential"":{""value"":3.4741161477080302,""score"":100.0},""_score"":75.29},""market"":{""M1_spy_regime"":{""score"":100.0},""M3_earnings_risk"":{""value"":null,""score"":80.0},""M4_vix"":{""value"":null,""score"":60.0},""_score"":84.0},""liquidity"":{""L1_price"":{""value"":53.96,""score"":100.0},""L2_dollar_vol"":{""value"":158546031.55029508,""score"":100.0},""L3_spread_proxy"":{""value"":0.06130652335063015,""score"":38.69347664936985},""L4_volume_zscore"":{""value"":-1.1345842990449808,""score"":100.0},""_score"":93.87},""pattern_structure"":{""left_low"":53.622,""left_idx"":64,""right_low"":53.0997,""right_idx"":76,""separation_bars"":12,""structural_low"":53.0997,""current_price"":53.98,""neckline_distance_pct"":0.04497591700629872,""base_bars"":12},""pattern_geometry_features"":{""low_similarity_pct"":0.009788074965072733,""bounce_pct"":0.06229978700444641,""right_bottom_reaction"":0.40515703878359116,""atr_pct"":0.059668802287408625},""_schema_version"":""1.0""}",,,,,,,,,,
20260505T174455Z-f51937,2026-05-05T17:44:55.334902+00:00,IRDM,breakout_retest_hold,setup,59.03,93.0,69.2,52.7,38.3,7.3,63.8,62.8,84.0,83.5,13.02,15.22,3.16,5.36,0.95,11.48,3.14,4.2,2.51,False,,39.34,38.5999,38.016,39.221,"{""trend"":{""T1_ema_stack"":{""value"":[true,true,true],""score"":100.0},""T2_ema50_slope"":{""value"":1.0157593877417996,""score"":100},""T3_high_proximity"":{""value"":0.9062428011978808,""score"":53.12140059894038},""T4_rs_1m"":{""value"":0.1013616565531188,""score"":100},""T5_rs_3m"":{""value"":0.9554470785275253,""score"":100},""T6_adr_healthy"":{""value"":6.192746083988411,""score"":100.0},""_score"":92.97},""geometry"":{""sub_retest_depth"":100.0,""sub_retest_timing"":0.0,""sub_retest_freshness"":100.0,""sub_hold_quality"":64.0,""_score"":69.2},""compression"":{""VC1_atr_ratio"":{""value"":0.5315177804936467,""score"":100},""VC2_range_contraction"":{""value"":1.1134634073249294,""score"":0},""VC3_range_pct_rank"":{""score"":50.83333333333333},""_score"":52.71},""sr_quality"":{""SR1_touches"":{""value"":2,""score"":25.0},""SR2_tightness"":{""value"":0.05999999999999872,""score"":95.77458412350296},""SR3_recency"":{""value"":251,""score"":0.0},""SR4_price_location"":{""score"":30.0},""SR5_reaction"":{""value"":1.1866376253162774,""score"":59.33188126581387},""_score"":38.27,""_levels_found"":4,""_target_level"":24.91},""volume"":{""V1_rvol_day"":{""value"":0.23100033975388115,""score"":0},""V2_rvol_sameslot"":{""value"":0.49007116490202657,""score"":0,""status"":""ok""},""V3_breakout_bar"":{""value"":0.5407276245691148,""score"":2.7151749712743216},""V4_base_dryup"":{""value"":1.169867003331902,""score"":33.013299666809786},""V5_bo_expansion"":{""value"":0.23100033975388107,""score"":0},""_score"":7.28},""readiness"":{""_distance_atr"":-0.261,""BR1_atr_distance"":{""score"":100.0},""BR2_compression"":{""score"":0},""BR3_retest"":{""score"":96.4805806928676},""BR4_bo_age"":{""score"":30.0},""_score"":63.8},""risk"":{""R1_stop_clarity"":{""score"":72.95733839041836},""R2_stop_distance_pct"":{""value"":3.3655312658871503,""score"":100.0},""R3_stop_distance_atr"":{""value"":0.46620421837351833,""score"":48.310210918675914},""R4_rr_potential"":{""value"":-0.08991691842900375,""score"":0.0},""_score"":62.78},""market"":{""M1_spy_regime"":{""score"":100.0},""M3_earnings_risk"":{""value"":null,""score"":80.0},""M4_vix"":{""value"":null,""score"":60.0},""_score"":84.0},""liquidity"":{""L1_price"":{""value"":39.34,""score"":100.0},""L2_dollar_vol"":{""value"":24205487.213831842,""score"":69.19569143240079},""L3_spread_proxy"":{""value"":0.04168784951703102,""score"":58.31215048296898},""L4_volume_zscore"":{""value"":-1.7815465210582062,""score"":100.0},""_score"":83.51},""pattern_structure"":{""level"":38.5999,""level_idx"":46,""breakout_idx"":60,""bo_peak_idx"":75,""bo_peak_price"":40.61,""retest_idx"":76,""retest_low"":38.4,""structural_low"":38.4,""current_price"":39.4,""neckline_distance_pct"":-0.020307106598984784,""base_bars"":33,""bars_since_breakout"":19},""pattern_geometry_features"":{""retest_depth_atr"":0.32187424522985175,""bars_breakout_to_retest"":16.0,""bars_since_retest"":3.0,""current_above_level_atr"":1.288302069076564,""bo_peak_excess_pct"":0.0520752644436903,""atr_pct"":0.07219006463795485},""_schema_version"":""1.0""}",,,,,,,,,,
20260505T174455Z-f51937,2026-05-05T17:44:55.334902+00:00,TXN,breakout_retest_hold,setup,58.8,99.9,59.8,11.9,49.5,22.0,61.9,57.4,84.0,97.5,13.99,13.16,0.71,6.94,2.86,11.14,2.87,4.2,2.93,False,,282.01,278.395,272.8242,284.025,"{""trend"":{""T1_ema_stack"":{""value"":[true,true,true],""score"":100.0},""T2_ema50_slope"":{""value"":0.5467930950024911,""score"":100},""T3_high_proximity"":{""value"":0.9992204939233957,""score"":99.61024696169784},""T4_rs_1m"":{""value"":0.3157566713855504,""score"":100},""T5_rs_3m"":{""value"":0.20255928790003486,""score"":100},""T6_adr_healthy"":{""value"":2.987837085637159,""score"":100.0},""_score"":99.94},""geometry"":{""sub_retest_depth"":85.1,""sub_retest_timing"":0.0,""sub_retest_freshness"":100.0,""sub_hold_quality"":47.7,""_score"":59.84},""compression"":{""VC1_atr_ratio"":{""value"":1.2138728149460387,""score"":0},""VC2_range_contraction"":{""value"":1.4696682151814333,""score"":0},""VC3_range_pct_rank"":{""score"":47.5},""_score"":11.88},""sr_quality"":{""SR1_touches"":{""value"":4,""score"":75.0},""SR2_tightness"":{""value"":2.6941881894181074,""score"":50.478415709028525},""SR3_recency"":{""value"":270,""score"":0.0},""SR4_price_location"":{""score"":30.0},""SR5_reaction"":{""value"":1.595116853243669,""score"":79.75584266218345},""_score"":49.54,""_levels_found"":5,""_target_level"":228.58},""volume"":{""V1_rvol_day"":{""value"":0.3702986230557989,""score"":0},""V2_rvol_sameslot"":{""value"":0.831348722423907,""score"":22.08991482826047,""status"":""ok""},""V3_breakout_bar"":{""value"":0.7610739703795528,""score"":17.404931358636855},""V4_base_dryup"":{""value"":0.8377581789707698,""score"":66.22418210292302},""V5_bo_expansion"":{""value"":0.3702986230557989,""score"":0},""_score"":22.01},""readiness"":{""_distance_atr"":-0.332,""BR1_atr_distance"":{""score"":100.0},""BR2_compression"":{""score"":0},""BR3_retest"":{""score"":87.06444669245683},""BR4_bo_age"":{""score"":30.0},""_score"":61.91},""risk"":{""R1_stop_clarity"":{""score"":49.34593562354844},""R2_stop_distance_pct"":{""value"":3.257260380837569,""score"":100.0},""R3_stop_distance_atr"":{""value"":0.8442160253813893,""score"":67.21080126906946},""R4_rr_potential"":{""value"":0.21936031701103662,""score"":0.0},""_score"":57.35},""market"":{""M1_spy_regime"":{""score"":100.0},""M3_earnings_risk"":{""value"":null,""score"":80.0},""M4_vix"":{""value"":null,""score"":60.0},""_score"":84.0},""liquidity"":{""L1_price"":{""value"":282.01,""score"":100.0},""L2_dollar_vol"":{""value"":834409343.1534683,""score"":100.0},""L3_spread_proxy"":{""value"":0.024520407077763273,""score"":75.47959292223672},""L4_volume_zscore"":{""value"":-1.0069495393083645,""score"":100.0},""_score"":97.55},""pattern_structure"":{""level"":278.395,""level_idx"":38,""breakout_idx"":61,""bo_peak_idx"":70,""bo_peak_price"":283.79,""retest_idx"":76,""retest_low"":275.58,""structural_low"":275.58,""current_price"":282.01,""neckline_distance_pct"":-0.012818694372540013,""base_bars"":41,""bars_since_breakout"":18},""pattern_geometry_features"":{""retest_depth_atr"":1.1044103552832836,""bars_breakout_to_retest"":15.0,""bars_since_retest"":3.0,""current_above_level_atr"":1.4182747546533157,""bo_peak_excess_pct"":0.019378939995330517,""atr_pct"":0.038583256926046215},""_schema_version"":""1.0""}",,,,,,,,,,
20260505T174455Z-f51937,2026-05-05T17:44:55.334902+00:00,IRDM,double_bottom,forming,58.65,93.0,69.6,52.7,38.3,11.9,27.1,80.0,84.0,83.5,13.95,17.4,4.22,5.36,1.54,2.17,4.8,5.04,4.18,False,,39.34,42.575,37.361,47.22,"{""trend"":{""T1_ema_stack"":{""value"":[true,true,true],""score"":100.0},""T2_ema50_slope"":{""value"":1.0157593877417996,""score"":100},""T3_high_proximity"":{""value"":0.9062428011978808,""score"":53.12140059894038},""T4_rs_1m"":{""value"":0.1013616565531188,""score"":100},""T5_rs_3m"":{""value"":0.9554470785275253,""score"":100},""T6_adr_healthy"":{""value"":6.192746083988411,""score"":100.0},""_score"":92.97},""geometry"":{""sub_low_similarity"":75.4,""sub_bounce_quality"":100,""sub_separation_fit"":0.0,""sub_right_bottom_reaction"":46.6,""sub_base_context"":100.0,""_score"":69.61},""compression"":{""VC1_atr_ratio"":{""value"":0.5315177804936467,""score"":100},""VC2_range_contraction"":{""value"":1.1134634073249294,""score"":0},""VC3_range_pct_rank"":{""score"":50.83333333333333},""_score"":52.71},""sr_quality"":{""SR1_touches"":{""value"":2,""score"":25.0},""SR2_tightness"":{""value"":0.05999999999999872,""score"":95.77458412350296},""SR3_recency"":{""value"":251,""score"":0.0},""SR4_price_location"":{""score"":30.0},""SR5_reaction"":{""value"":1.1866376253162774,""score"":59.33188126581387},""_score"":38.27,""_levels_found"":4,""_target_level"":24.91},""volume"":{""V1_rvol_day"":{""value"":0.23100033975388115,""score"":0},""V2_rvol_sameslot"":{""value"":0.49007116490202657,""score"":0,""status"":""ok""},""V3_breakout_bar"":{""value"":0.5407276245691148,""score"":2.7151749712743216},""V4_base_dryup"":{""value"":0.9407471906824457,""score"":55.92528093175543},""V5_bo_expansion"":{""value"":0.23100033975388107,""score"":0},""_score"":11.86},""readiness"":{""_distance_atr"":1.139,""BR1_atr_distance"":{""score"":24.059886886287742},""BR2_compression"":{""score"":0},""BR3_retest"":{""score"":50.0},""BR4_bo_age"":{""score"":50.0},""_score"":27.12},""risk"":{""R1_stop_clarity"":{""score"":59.93249395111591},""R2_stop_distance_pct"":{""value"":5.030376207422482,""score"":100.0},""R3_stop_distance_atr"":{""value"":0.6968238957328343,""score"":59.841194786641715},""R4_rr_potential"":{""value"":3.981909598524462,""score"":100.0},""_score"":79.95},""market"":{""M1_spy_regime"":{""score"":100.0},""M3_earnings_risk"":{""value"":null,""score"":80.0},""M4_vix"":{""value"":null,""score"":60.0},""_score"":84.0},""liquidity"":{""L1_price"":{""value"":39.34,""score"":100.0},""L2_dollar_vol"":{""value"":24205487.213831842,""score"":69.19569143240079},""L3_spread_proxy"":{""value"":0.04168784951703102,""score"":58.31215048296898},""L4_volume_zscore"":{""value"":-1.7815465210582062,""score"":100.0},""_score"":83.51},""pattern_structure"":{""left_low"":37.93,""left_idx"":28,""right_low"":38.4,""right_idx"":76,""separation_bars"":48,""structural_low"":37.93,""current_price"":39.4,""neckline_distance_pct"":0.08058375634517778,""base_bars"":48},""pattern_geometry_features"":{""low_similarity_pct"":0.012314948251015298,""bounce_pct"":0.12246243079356718,""right_bottom_reaction"":0.46646341463414653,""atr_pct"":0.07219006463795485},""_schema_version"":""1.0""}",,,,,,,,,,
20260505T174455Z-f51937,2026-05-05T17:44:55.334902+00:00,ADSK,breakout_retest_hold,setup,58.44,36.5,88.9,62.2,44.2,19.1,65.9,47.4,84.0,97.8,5.11,19.56,3.73,6.18,2.49,11.85,2.37,4.2,2.94,True,weak_retest_trend,248.22,246.86,244.2825,249.488,"{""trend"":{""T1_ema_stack"":{""value"":[true,false,false],""score"":33.33333333333333},""T2_ema50_slope"":{""value"":-0.10262140481592306,""score"":32.89643253067949},""T3_high_proximity"":{""value"":0.9398000908677874,""score"":69.90004543389367},""T4_rs_1m"":{""value"":-0.05422475531725879,""score"":0},""T5_rs_3m"":{""value"":-0.018792998277083806,""score"":40.6035008614581},""T6_adr_healthy"":{""value"":3.452093748901372,""score"":100.0},""_score"":36.49},""geometry"":{""sub_retest_depth"":63.1,""sub_retest_timing"":100.0,""sub_retest_freshness"":100.0,""sub_hold_quality"":100.0,""_score"":88.93},""compression"":{""VC1_atr_ratio"":{""value"":0.48717609305676807,""score"":100},""VC2_range_contraction"":{""value"":0.8947034739695968,""score"":17.5494210050672},""VC3_range_pct_rank"":{""score"":64.16666666666666},""_score"":62.18},""sr_quality"":{""SR1_touches"":{""value"":2,""score"":25.0},""SR2_tightness"":{""value"":0.8200000000000074,""score"":79.13997837680668},""SR3_recency"":{""value"":231,""score"":0.0},""SR4_price_location"":{""score"":39.16811091854397},""SR5_reaction"":{""value"":2.9006814031453567,""score"":100},""_score"":44.16,""_levels_found"":6,""_target_level"":251.73},""volume"":{""V1_rvol_day"":{""value"":0.5355086126787505,""score"":2.3672408452500333},""V2_rvol_sameslot"":{""value"":0.816978108113087,""score"":21.1318738742058,""status"":""ok""},""V3_breakout_bar"":{""value"":0.5669737281765286,""score"":4.464915211768572},""V4_base_dryup"":{""value"":0.8337722610088218,""score"":66.62277389911782},""V5_bo_expansion"":{""value"":0.5355086126787505,""score"":0},""_score"":19.14},""readiness"":{""_distance_atr"":-0.173,""BR1_atr_distance"":{""score"":100.0},""BR2_compression"":{""score"":0},""BR3_retest"":{""score"":99.30042610410014},""BR4_bo_age"":{""score"":40},""_score"":65.86},""risk"":{""R1_stop_clarity"":{""score"":37.22914224972062},""R2_stop_distance_pct"":{""value"":1.5862944162436547,""score"":89.65736040609137},""R3_stop_distance_atr"":{""value"":0.5008313118373353,""score"":50.041565591866764},""R4_rr_potential"":{""value"":0.322019047619051,""score"":0.0},""_score"":47.43},""market"":{""M1_spy_regime"":{""score"":100.0},""M3_earnings_risk"":{""value"":null,""score"":80.0},""M4_vix"":{""value"":null,""score"":60.0},""_score"":84.0},""liquidity"":{""L1_price"":{""value"":248.22,""score"":100.0},""L2_dollar_vol"":{""value"":252431131.47026545,""score"":100.0},""L3_spread_proxy"":{""value"":0.02164410603496899,""score"":78.35589396503102},""L4_volume_zscore"":{""value"":-1.3880601536843655,""score"":100.0},""_score"":97.84},""pattern_structure"":{""level"":246.86,""level_idx"":64,""breakout_idx"":70,""bo_peak_idx"":76,""bo_peak_price"":250.275,""retest_idx"":78,""retest_low"":246.75,""structural_low"":246.75,""current_price"":248.22,""neckline_distance_pct"":-0.005479010555152627,""base_bars"":15,""bars_since_breakout"":9},""pattern_geometry_features"":{""retest_depth_atr"":0.04185772179836512,""bars_breakout_to_retest"":8.0,""bars_since_retest"":1.0,""current_above_level_atr"":0.5175136513251717,""bo_peak_excess_pct"":0.013833751924167512,""atr_pct"":0.031673227666701206},""_schema_version"":""1.0""}",,,,,,,,,,
20260505T174455Z-f51937,2026-05-05T17:44:55.334902+00:00,COHR,high_tight_pullback,forming,58.39,98.3,57.2,58.1,38.4,14.9,56.6,77.6,84.0,94.0,11.8,20.02,5.81,3.07,2.08,5.09,0.78,5.04,4.7,False,,342.69,348.3,318.4702,405.598,"{""trend"":{""T1_ema_stack"":{""value"":[true,true,true],""score"":100.0},""T2_ema50_slope"":{""value"":0.7304534755525062,""score"":100},""T3_high_proximity"":{""value"":0.9778012383370901,""score"":88.90061916854502},""T4_rs_1m"":{""value"":0.25493475429783863,""score"":100},""T5_rs_3m"":{""value"":0.4456377854746618,""score"":100},""T6_adr_healthy"":{""value"":6.5394284575042425,""score"":100.0},""_score"":98.34},""geometry"":{""sub_pole_impulse"":50.7,""sub_flag_tightness"":46.2,""sub_flag_shallowness"":27.2,""sub_flag_drift"":100,""sub_flag_duration"":100.0,""_score"":57.2},""compression"":{""VC1_atr_ratio"":{""value"":0.41602010737165546,""score"":100},""VC2_range_contraction"":{""value"":0.9574437097161325,""score"":7.092715047311257},""VC3_range_pct_rank"":{""score"":62.5},""_score"":58.11},""sr_quality"":{""SR1_touches"":{""value"":2,""score"":25.0},""SR2_tightness"":{""value"":4.920999999999992,""score"":55.83170091931282},""SR3_recency"":{""value"":226,""score"":0.0},""SR4_price_location"":{""score"":30.0},""SR5_reaction"":{""value"":2.2228654644021555,""score"":100},""_score"":38.37,""_levels_found"":6,""_target_level"":286.081},""volume"":{""V1_rvol_day"":{""value"":0.6038160869798659,""score"":6.921072465324392},""V2_rvol_sameslot"":{""value"":0.8562418640746681,""score"":23.749457604977874,""status"":""ok""},""V3_breakout_bar"":{""value"":0.4634749879072877,""score"":0},""V4_base_dryup"":{""value"":1.0629276069906854,""score"":43.707239300931455},""V5_bo_expansion"":{""value"":0.6038160869798659,""score"":0},""_score"":14.88},""readiness"":{""_distance_atr"":0.252,""BR1_atr_distance"":{""score"":83.21586683989324},""BR2_compression"":{""score"":23.210276944420833},""BR3_retest"":{""score"":50.0},""BR4_bo_age"":{""score"":50.0},""_score"":56.59},""risk"":{""R1_stop_clarity"":{""score"":56.470754545515604},""R2_stop_distance_pct"":{""value"":7.067553765794164,""score"":100.0},""R3_stop_distance_atr"":{""value"":1.0869207174095,""score"":79.34603587047499},""R4_rr_potential"":{""value"":2.5973790039554396,""score"":79.86895019777198},""_score"":77.64},""market"":{""M1_spy_regime"":{""score"":100.0},""M3_earnings_risk"":{""value"":null,""score"":80.0},""M4_vix"":{""value"":null,""score"":60.0},""_score"":84.0},""liquidity"":{""L1_price"":{""value"":342.69,""score"":100.0},""L2_dollar_vol"":{""value"":1177129162.2287512,""score"":100.0},""L3_spread_proxy"":{""value"":0.05999591467507077,""score"":40.004085324929235},""L4_volume_zscore"":{""value"":-1.920371550720214,""score"":100.0},""_score"":94.0},""pattern_structure"":{""pole_low"":291.002,""pole_low_idx"":27,""peak_price"":348.3,""peak_idx"":50,""pole_gain"":0.19689899038494582,""flag_bars"":9,""flag_low"":323.32,""flag_high"":345.44,""structural_low"":323.32,""current_price"":342.85,""neckline_distance_pct"":0.01589616450342712,""base_bars"":9},""pattern_geometry_features"":{""pole_gain"":0.19689899038494582,""pullback_pct"":0.07171978179730122,""flag_range_pct"":0.06350846971002011,""flag_drift_per_bar"":0.0057867872247338225,""atr_pct"":0.06502363652280488,""pole_atr_multiple"":3.028114096877526},""_schema_version"":""1.0""}",,,,,,,,,,
20260505T174455Z-f51937,2026-05-05T17:44:55.334902+00:00,MRVL,double_bottom,setup,58.0,100.0,64.7,35.5,39.0,8.7,57.5,49.7,84.0,95.1,15.0,16.18,2.84,5.46,1.14,4.6,2.98,5.04,4.76,False,,172.48,170.84,156.1324,183.17,"{""trend"":{""T1_ema_stack"":{""value"":[true,true,true],""score"":100.0},""T2_ema50_slope"":{""value"":1.01632994505358,""score"":100},""T3_high_proximity"":{""value"":1.0,""score"":99.99999999999997},""T4_rs_1m"":{""value"":0.47662161365109434,""score"":100},""T5_rs_3m"":{""value"":1.2336438578428561,""score"":100},""T6_adr_healthy"":{""value"":4.84589620298305,""score"":100.0},""_score"":100.0},""geometry"":{""sub_low_similarity"":53.2,""sub_bounce_quality"":68.3,""sub_separation_fit"":46.7,""sub_right_bottom_reaction"":54.1,""sub_base_context"":100.0,""_score"":64.74},""compression"":{""VC1_atr_ratio"":{""value"":0.7349379363801324,""score"":66.2655159049669},""VC2_range_contraction"":{""value"":1.0441241910059904,""score"":0},""VC3_range_pct_rank"":{""score"":35.83333333333333},""_score"":35.46},""sr_quality"":{""SR1_touches"":{""value"":2,""score"":25.0},""SR2_tightness"":{""value"":1.0587499999999963,""score"":75.5487005221007},""SR3_recency"":{""value"":248,""score"":0.0},""SR4_price_location"":{""score"":30.0},""SR5_reaction"":{""value"":1.6918162997665798,""score"":84.59081498832899},""_score"":39.02,""_levels_found"":4,""_target_level"":101.7113},""volume"":{""V1_rvol_day"":{""value"":0.4717910468195928,""score"":0},""V2_rvol_sameslot"":{""value"":0.7297136220784675,""score"":15.31424147189783,""status"":""ok""},""V3_breakout_bar"":{""value"":0.7321761714168805,""score"":15.478411427792036},""V4_base_dryup"":{""value"":1.409623076916841,""score"":9.037692308315897},""V5_bo_expansion"":{""value"":0.4717910468195928,""score"":0},""_score"":8.74},""readiness"":{""_distance_atr"":-0.189,""BR1_atr_distance"":{""score"":100.0},""BR2_compression"":{""score"":0},""BR3_retest"":{""score"":50.0},""BR4_bo_age"":{""score"":50.0},""_score"":57.5},""risk"":{""R1_stop_clarity"":{""score"":45.08936745820337},""R2_stop_distance_pct"":{""value"":9.477997448979584,""score"":63.05006377551039},""R3_stop_distance_atr"":{""value"":1.8877038295626047,""score"":100.0},""R4_rr_potential"":{""value"":0.6539166179848501,""score"":0.0},""_score"":49.7},""market"":{""M1_spy_regime"":{""score"":100.0},""M3_earnings_risk"":{""value"":null,""score"":80.0},""M4_vix"":{""value"":null,""score"":60.0},""_score"":84.0},""liquidity"":{""L1_price"":{""value"":172.48,""score"":100.0},""L2_dollar_vol"":{""value"":2251029485.6308827,""score"":100.0},""L3_spread_proxy"":{""value"":0.04870709647495352,""score"":51.29290352504648},""L4_volume_zscore"":{""value"":-1.7261178774040224,""score"":100.0},""_score"":95.13},""pattern_structure"":{""left_low"":158.51,""left_idx"":34,""right_low"":162.26,""right_idx"":72,""separation_bars"":38,""structural_low"":158.51,""current_price"":172.48,""neckline_distance_pct"":-0.009508348794063001,""base_bars"":38},""pattern_geometry_features"":{""low_similarity_pct"":0.023381238893911527,""bounce_pct"":0.07778689041700848,""right_bottom_reaction"":0.5413223140495842,""atr_pct"":0.05020913397826665},""_schema_version"":""1.0""}",,,,,,,,,,
20260505T174455Z-f51937,2026-05-05T17:44:55.334902+00:00,TSEM,double_bottom,setup,57.78,100.0,55.8,56.1,43.6,12.1,59.0,35.7,84.0,95.0,15.0,13.96,4.49,6.11,1.57,4.72,2.14,5.04,4.75,False,,227.64,223.57,198.4728,245.6448,"{""trend"":{""T1_ema_stack"":{""value"":[true,true,true],""score"":100.0},""T2_ema50_slope"":{""value"":0.7635123620947053,""score"":100},""T3_high_proximity"":{""value"":1.0,""score"":99.99999999999997},""T4_rs_1m"":{""value"":0.09851398817841228,""score"":100},""T5_rs_3m"":{""value"":0.61926519458003,""score"":100},""T6_adr_healthy"":{""value"":6.3402839404925695,""score"":100.0},""_score"":100.0},""geometry"":{""sub_low_similarity"":33.5,""sub_bounce_quality"":100,""sub_separation_fit"":0.0,""sub_right_bottom_reaction"":38.6,""sub_base_context"":100.0,""_score"":55.84},""compression"":{""VC1_atr_ratio"":{""value"":0.5360888500633639,""score"":100},""VC2_range_contraction"":{""value"":0.992053556386811,""score"":1.3244072688648283},""VC3_range_pct_rank"":{""score"":62.5},""_score"":56.09},""sr_quality"":{""SR1_touches"":{""value"":2,""score"":25.0},""SR2_tightness"":{""value"":0.6655499999999961,""score"":90.97761178854905},""SR3_recency"":{""value"":236,""score"":0.0},""SR4_price_location"":{""score"":30.0},""SR5_reaction"":{""value"":2.5126209051534234,""score"":100},""_score"":43.65,""_levels_found"":6,""_target_level"":196.0256},""volume"":{""V1_rvol_day"":{""value"":0.4055141382660383,""score"":0},""V2_rvol_sameslot"":{""value"":0.9721538516988971,""score"":31.47692344659314,""status"":""ok""},""V3_breakout_bar"":{""value"":0.8471872010347153,""score"":23.145813402314356},""V4_base_dryup"":{""value"":1.6090039143500543,""score"":0},""V5_bo_expansion"":{""value"":0.4055141382660382,""score"":0},""_score"":12.08},""readiness"":{""_distance_atr"":-0.276,""BR1_atr_distance"":{""score"":100.0},""BR2_compression"":{""score"":6.099982549499635},""BR3_retest"":{""score"":50.0},""BR4_bo_age"":{""score"":50.0},""_score"":59.02},""risk"":{""R1_stop_clarity"":{""score"":59.02709224376931},""R2_stop_distance_pct"":{""value"":12.812874714461417,""score"":0.0},""R3_stop_distance_atr"":{""value"":1.97699687527536,""score"":100.0},""R4_rr_potential"":{""value"":0.617295548277677,""score"":0.0},""_score"":35.66},""market"":{""M1_spy_regime"":{""score"":100.0},""M3_earnings_risk"":{""value"":null,""score"":80.0},""M4_vix"":{""value"":null,""score"":60.0},""_score"":84.0},""liquidity"":{""L1_price"":{""value"":227.64,""score"":100.0},""L2_dollar_vol"":{""value"":226111998.8517415,""score"":100.0},""L3_spread_proxy"":{""value"":0.05003514320857501,""score"":49.96485679142499},""L4_volume_zscore"":{""value"":-1.8469322892759563,""score"":100.0},""_score"":95.0},""pattern_structure"":{""left_low"":201.4952,""left_idx"":22,""right_low"":208.31,""right_idx"":71,""separation_bars"":49,""structural_low"":201.4952,""current_price"":228.19,""neckline_distance_pct"":-0.020246285989745406,""base_bars"":49},""pattern_geometry_features"":{""low_similarity_pct"":0.03325872878138194,""bounce_pct"":0.1095549670662129,""right_bottom_reaction"":0.3859275053304911,""atr_pct"":0.06480978738358813},""_schema_version"":""1.0""}",,,,,,,,,,
20260505T174455Z-f51937,2026-05-05T17:44:55.334902+00:00,APP,bull_flag,forming,57.51,60.3,59.3,80.5,38.1,24.6,52.2,72.6,84.0,97.4,8.45,17.78,7.25,3.81,3.44,4.7,2.18,5.04,4.87,False,,478.75,483.55,458.7638,536.85,"{""trend"":{""T1_ema_stack"":{""value"":[true,false,false],""score"":33.33333333333333},""T2_ema50_slope"":{""value"":0.0313475556338108,""score"":55.22459260563513},""T3_high_proximity"":{""value"":0.9256036966146588,""score"":62.80184830732938},""T4_rs_1m"":{""value"":0.061705468598738156,""score"":100},""T5_rs_3m"":{""value"":-0.012923110789633263,""score"":43.53844460518337},""T6_adr_healthy"":{""value"":5.479866173367847,""score"":100.0},""_score"":60.33},""geometry"":{""sub_pole_impulse"":41.5,""sub_flag_tightness"":54.8,""sub_flag_shallowness"":40.6,""sub_flag_drift"":100,""sub_flag_duration"":100.0,""_score"":59.27},""compression"":{""VC1_atr_ratio"":{""value"":0.41716698432927285,""score"":100},""VC2_range_contraction"":{""value"":0.7160912297213398,""score"":47.31812837977671},""VC3_range_pct_rank"":{""score"":95.83333333333334},""_score"":80.52},""sr_quality"":{""SR1_touches"":{""value"":2,""score"":25.0},""SR2_tightness"":{""value"":1.3449999999999989,""score"":87.93320777375695},""SR3_recency"":{""value"":231,""score"":0.0},""SR4_price_location"":{""score"":9.50931913275011},""SR5_reaction"":{""value"":4.396080439300446,""score"":100},""_score"":38.07,""_levels_found"":5,""_target_level"":490.645},""volume"":{""V1_rvol_day"":{""value"":0.4367189533375299,""score"":0},""V2_rvol_sameslot"":{""value"":0.8512353077042708,""score"":23.41568718028472,""status"":""ok""},""V3_breakout_bar"":{""value"":0.7350308633052509,""score"":15.668724220350061},""V4_base_dryup"":{""value"":0.7020077357198868,""score"":79.79922642801131},""V5_bo_expansion"":{""value"":0.4367189533375298,""score"":0},""_score"":24.56},""readiness"":{""_distance_atr"":0.215,""BR1_atr_distance"":{""score"":85.64545162677402},""BR2_compression"":{""score"":1.930697381811323},""BR3_retest"":{""score"":50.0},""BR4_bo_age"":{""score"":50.0},""_score"":52.24},""risk"":{""R1_stop_clarity"":{""score"":37.322210267219035},""R2_stop_distance_pct"":{""value"":4.174673629242816,""score"":100.0},""R3_stop_distance_atr"":{""value"":0.896542476326209,""score"":69.82712381631045},""R4_rr_potential"":{""value"":2.9069985615110423,""score"":95.34992807555211},""_score"":72.61},""market"":{""M1_spy_regime"":{""score"":100.0},""M3_earnings_risk"":{""value"":null,""score"":80.0},""M4_vix"":{""value"":null,""score"":60.0},""_score"":84.0},""liquidity"":{""L1_price"":{""value"":478.75,""score"":100.0},""L2_dollar_vol"":{""value"":807988101.6046938,""score"":100.0},""L3_spread_proxy"":{""value"":0.02585879895561362,""score"":74.14120104438638},""L4_volume_zscore"":{""value"":-1.7142528426234283,""score"":100.0},""_score"":97.41},""pattern_structure"":{""pole_low"":430.25,""pole_low_idx"":32,""peak_price"":483.55,""peak_idx"":50,""pole_gain"":0.12388146426496226,""flag_bars"":9,""flag_low"":465.75,""flag_high"":481.9999,""structural_low"":465.75,""current_price"":478.9899,""neckline_distance_pct"":0.00952024249363094,""base_bars"":9},""pattern_geometry_features"":{""pole_gain"":0.12388146426496226,""pullback_pct"":0.03681108468617519,""flag_range_pct"":0.0336054182607797,""flag_drift_per_bar"":0.0016893049310643762,""atr_pct"":0.04656414770607982,""pole_atr_multiple"":2.6604473692275317},""_schema_version"":""1.0""}",,,,,,,,,,
