run_id,asof,ticker,pattern,pattern_state,final_score,trend,geometry,compression,sr_quality,volume,readiness,risk,market,liquidity,comp_trend,comp_geometry,comp_compression,comp_sr,comp_volume,comp_readiness,comp_risk,comp_market,comp_liquidity,veto_triggered,veto_reasons,price,trigger,invalid_below,measured_move_target,features_json,note,ret_1h,ret_eod,ret_1d,ret_3d,ret_5d,max_dd_5d,max_fav_5d,touched_invalid_5d,post_hoc_tag
20260513T182534Z-d71724,2026-05-13T18:25:34.488073+00:00,CRWD,breakout_retest_hold,setup,68.97,100.0,96.0,46.2,51.9,8.3,72.7,55.1,84.0,89.4,14.0,21.12,2.77,7.27,1.09,13.09,2.76,4.2,2.68,False,,555.38,550.0,540.0847,558.9198,"{""trend"":{""T1_ema_stack"":{""value"":[true,true,true],""score"":100.0},""T2_ema50_slope"":{""value"":0.29986639295486284,""score"":99.97773215914381},""T3_high_proximity"":{""value"":1.0,""score"":99.99999999999997},""T4_rs_1m"":{""value"":0.32414641825897994,""score"":100},""T5_rs_3m"":{""value"":0.26222901313251956,""score"":100},""T6_adr_healthy"":{""value"":3.6709430991539804,""score"":100.0},""_score"":100.0},""geometry"":{""sub_retest_depth"":100.0,""sub_retest_timing"":80.0,""sub_retest_freshness"":100.0,""sub_hold_quality"":100.0,""_score"":96.0},""compression"":{""VC1_atr_ratio"":{""value"":0.7194135079581572,""score"":70.1466230104607},""VC2_range_contraction"":{""value"":0.8928170145346849,""score"":17.863830910885856},""VC3_range_pct_rank"":{""score"":47.5},""_score"":46.19},""sr_quality"":{""SR1_touches"":{""value"":3,""score"":50.0},""SR2_tightness"":{""value"":0.37932688922469104,""score"":96.12729218877534},""SR3_recency"":{""value"":297,""score"":0.0},""SR4_price_location"":{""score"":30.0},""SR5_reaction"":{""value"":2.5614790047516345,""score"":100},""_score"":51.92,""_levels_found"":5,""_target_level"":486.6833},""volume"":{""V1_rvol_day"":{""value"":0.4918866951346487,""score"":0},""V2_rvol_sameslot"":{""value"":0.7790350016413212,""score"":18.602333442754748,""status"":""ok""},""V3_breakout_bar"":{""value"":0.5035132545447081,""score"":0.23421696964720518},""V4_base_dryup"":{""value"":1.2714406113300782,""score"":22.855938866992176},""V5_bo_expansion"":{""value"":0.4918866951346487,""score"":0},""_score"":8.35},""readiness"":{""_distance_atr"":-0.275,""BR1_atr_distance"":{""score"":100.0},""BR2_compression"":{""score"":0},""BR3_retest"":{""score"":88.6167511070842},""BR4_bo_age"":{""score"":100.0},""_score"":72.72},""risk"":{""R1_stop_clarity"":{""score"":44.30351586926785},""R2_stop_distance_pct"":{""value"":2.7540244517267447,""score"":100.0},""R3_stop_distance_atr"":{""value"":0.7807808164984236,""score"":64.03904082492117},""R4_rr_potential"":{""value"":0.23143055504431728,""score"":0.0},""_score"":55.11},""market"":{""M1_spy_regime"":{""score"":100.0},""M3_earnings_risk"":{""value"":null,""score"":80.0},""M4_vix"":{""value"":null,""score"":60.0},""_score"":84.0},""liquidity"":{""L1_price"":{""value"":555.38,""score"":72.31},""L2_dollar_vol"":{""value"":742009525.8145405,""score"":100.0},""L3_spread_proxy"":{""value"":0.036932730742914796,""score"":63.0672692570852},""L4_volume_zscore"":{""value"":-1.5295638100309767,""score"":100.0},""_score"":89.38},""pattern_structure"":{""level"":550.0,""level_idx"":71,""breakout_idx"":76,""bo_peak_idx"":76,""bo_peak_price"":558.88,""retest_idx"":77,""retest_low"":545.5401,""structural_low"":545.5401,""current_price"":552.4501,""neckline_distance_pct"":-0.004434970687850396,""base_bars"":8,""bars_since_breakout"":3},""pattern_geometry_features"":{""retest_depth_atr"":0.5769007244682821,""bars_breakout_to_retest"":1.0,""bars_since_retest"":2.0,""current_above_level_atr"":0.3169273896320021,""bo_peak_excess_pct"":0.016145454545454536,""atr_pct"":0.03527269617199035},""_schema_version"":""1.0""}",,,,,,,,,,
20260513T182534Z-d71724,2026-05-13T18:25:34.488073+00:00,MCHP,double_bottom,candidate,66.07,95.9,92.4,49.0,43.0,21.3,20.0,74.1,84.0,96.1,14.38,23.11,3.92,6.02,2.77,1.6,4.44,5.04,4.8,False,,97.245,105.91,92.7575,117.65,"{""trend"":{""T1_ema_stack"":{""value"":[true,true,true],""score"":100.0},""T2_ema50_slope"":{""value"":0.6979984286883576,""score"":100},""T3_high_proximity"":{""value"":0.9448600855033036,""score"":72.43004275165177},""T4_rs_1m"":{""value"":0.23573717167527408,""score"":100},""T5_rs_3m"":{""value"":0.1308433458724596,""score"":100},""T6_adr_healthy"":{""value"":4.100271109293209,""score"":100.0},""_score"":95.86},""geometry"":{""sub_low_similarity"":94.7,""sub_bounce_quality"":100,""sub_separation_fit"":80.0,""sub_right_bottom_reaction"":80.1,""sub_base_context"":100.0,""_score"":92.42},""compression"":{""VC1_atr_ratio"":{""value"":0.5216810442428099,""score"":100},""VC2_range_contraction"":{""value"":1.2589021018541662,""score"":0},""VC3_range_pct_rank"":{""score"":35.83333333333333},""_score"":48.96},""sr_quality"":{""SR1_touches"":{""value"":2,""score"":25.0},""SR2_tightness"":{""value"":0.30000000000000426,""score"":86.48646474656472},""SR3_recency"":{""value"":234,""score"":0.0},""SR4_price_location"":{""score"":30.0},""SR5_reaction"":{""value"":2.5281572203301477,""score"":100},""_score"":42.97,""_levels_found"":6,""_target_level"":83.65},""volume"":{""V1_rvol_day"":{""value"":0.4764007224818883,""score"":0},""V2_rvol_sameslot"":{""value"":1.1832034353978766,""score"":45.54689569319177,""status"":""ok""},""V3_breakout_bar"":{""value"":0.8291482880642809,""score"":21.94321920428539},""V4_base_dryup"":{""value"":1.1630965888226699,""score"":33.69034111773301},""V5_bo_expansion"":{""value"":0.4764007224818883,""score"":0},""_score"":21.33},""readiness"":{""_distance_atr"":1.952,""BR1_atr_distance"":{""score"":0},""BR2_compression"":{""score"":9.892335054665063},""BR3_retest"":{""score"":50.0},""BR4_bo_age"":{""score"":50.0},""_score"":19.97},""risk"":{""R1_stop_clarity"":{""score"":36.37151925920104},""R2_stop_distance_pct"":{""value"":4.6146845596174595,""score"":100.0},""R3_stop_distance_atr"":{""value"":1.010711085442544,""score"":75.5355542721272},""R4_rr_potential"":{""value"":4.547024545687512,""score"":100.0},""_score"":74.06},""market"":{""M1_spy_regime"":{""score"":100.0},""M3_earnings_risk"":{""value"":null,""score"":80.0},""M4_vix"":{""value"":null,""score"":60.0},""_score"":84.0},""liquidity"":{""L1_price"":{""value"":97.245,""score"":100.0},""L2_dollar_vol"":{""value"":541844154.5394181,""score"":100.0},""L3_spread_proxy"":{""value"":0.039179392256671317,""score"":60.82060774332869},""L4_volume_zscore"":{""value"":-1.5494271087067435,""score"":100.0},""_score"":96.08},""pattern_structure"":{""left_low"":94.17,""left_idx"":40,""right_low"":94.42,""right_idx"":73,""separation_bars"":33,""structural_low"":94.17,""current_price"":97.85,""neckline_distance_pct"":0.08237097598364847,""base_bars"":33},""pattern_geometry_features"":{""low_similarity_pct"":0.002651254043162416,""bounce_pct"":0.12466815333970473,""right_bottom_reaction"":0.8005617977528069,""atr_pct"":0.04565780098866632},""_schema_version"":""1.0""}",,,,,,,,,,
20260513T182534Z-d71724,2026-05-13T18:25:34.488073+00:00,MRVL,breakout_retest_hold,setup,65.79,100.0,82.4,24.3,37.7,26.1,75.0,61.1,84.0,92.5,14.0,18.13,1.46,5.27,3.4,13.5,3.06,4.2,2.77,False,,178.2551,174.1589,172.8441,178.0607,"{""trend"":{""T1_ema_stack"":{""value"":[true,true,true],""score"":100.0},""T2_ema50_slope"":{""value"":1.0154782881105175,""score"":100},""T3_high_proximity"":{""value"":1.0,""score"":99.99999999999997},""T4_rs_1m"":{""value"":0.26238688805892596,""score"":100},""T5_rs_3m"":{""value"":1.118052335999899,""score"":100},""T6_adr_healthy"":{""value"":5.575862876821708,""score"":100.0},""_score"":100.0},""geometry"":{""sub_retest_depth"":41.4,""sub_retest_timing"":100.0,""sub_retest_freshness"":100.0,""sub_hold_quality"":100.0,""_score"":82.42},""compression"":{""VC1_atr_ratio"":{""value"":0.7759000870170789,""score"":56.024978245730274},""VC2_range_contraction"":{""value"":1.1374764106528994,""score"":0},""VC3_range_pct_rank"":{""score"":7.499999999999996},""_score"":24.28},""sr_quality"":{""SR1_touches"":{""value"":2,""score"":25.0},""SR2_tightness"":{""value"":2.480000000000004,""score"":53.83592607366037},""SR3_recency"":{""value"":228,""score"":0.0},""SR4_price_location"":{""score"":30.0},""SR5_reaction"":{""value"":1.9465975269246116,""score"":97.32987634623058},""_score"":37.67,""_levels_found"":5,""_target_level"":173.32},""volume"":{""V1_rvol_day"":{""value"":0.9267506333225376,""score"":28.450042221502507},""V2_rvol_sameslot"":{""value"":0.8083046722476286,""score"":20.553644816508573,""status"":""ok""},""V3_breakout_bar"":{""value"":0.43835418757415634,""score"":0},""V4_base_dryup"":{""value"":0.6834857950805028,""score"":81.65142049194972},""V5_bo_expansion"":{""value"":0.9267506333225376,""score"":0},""_score"":26.13},""readiness"":{""_distance_atr"":-0.381,""BR1_atr_distance"":{""score"":100.0},""BR2_compression"":{""score"":0},""BR3_retest"":{""score"":100},""BR4_bo_age"":{""score"":100.0},""_score"":75.0},""risk"":{""R1_stop_clarity"":{""score"":67.50086424677559},""R2_stop_distance_pct"":{""value"":3.03553727214537,""score"":100.0},""R3_stop_distance_atr"":{""value"":0.5036165403536763,""score"":50.18082701768382},""R4_rr_potential"":{""value"":-0.03593209599493144,""score"":0.0},""_score"":61.15},""market"":{""M1_spy_regime"":{""score"":100.0},""M3_earnings_risk"":{""value"":null,""score"":80.0},""M4_vix"":{""value"":null,""score"":60.0},""_score"":84.0},""liquidity"":{""L1_price"":{""value"":178.2551,""score"":100.0},""L2_dollar_vol"":{""value"":4179734247.8848467,""score"":100.0},""L3_spread_proxy"":{""value"":0.07517316475096648,""score"":24.826835249033522},""L4_volume_zscore"":{""value"":-0.26178900764238333,""score"":100.0},""_score"":92.48},""pattern_structure"":{""level"":174.1589,""level_idx"":66,""breakout_idx"":76,""bo_peak_idx"":76,""bo_peak_price"":182.31,""retest_idx"":78,""retest_low"":174.59,""structural_low"":174.59,""current_price"":175.705,""neckline_distance_pct"":-0.008799408098802105,""base_bars"":13,""bars_since_breakout"":3},""pattern_geometry_features"":{""retest_depth_atr"":-0.11048827638728591,""bars_breakout_to_retest"":2.0,""bars_since_retest"":1.0,""current_above_level_atr"":0.3962559130651345,""bo_peak_excess_pct"":0.04680266124786051,""atr_pct"":0.060274773144138476},""_schema_version"":""1.0""}",,,,,,,,,,
20260513T182534Z-d71724,2026-05-13T18:25:34.488073+00:00,VSAT,double_bottom,candidate,65.18,98.2,77.2,74.3,49.8,16.3,41.0,55.2,84.0,89.6,14.73,19.29,5.94,6.97,2.12,3.28,3.31,5.04,4.48,False,,71.335,74.25,64.4486,83.07,"{""trend"":{""T1_ema_stack"":{""value"":[true,true,true],""score"":100.0},""T2_ema50_slope"":{""value"":0.6165643166028258,""score"":100},""T3_high_proximity"":{""value"":0.9762556452716573,""score"":88.12782263582864},""T4_rs_1m"":{""value"":0.18236566018295708,""score"":100},""T5_rs_3m"":{""value"":0.5002527884261712,""score"":100},""T6_adr_healthy"":{""value"":4.85435973000757,""score"":100.0},""_score"":98.22},""geometry"":{""sub_low_similarity"":28.0,""sub_bounce_quality"":100,""sub_separation_fit"":100.0,""sub_right_bottom_reaction"":91.8,""sub_base_context"":100.0,""_score"":77.17},""compression"":{""VC1_atr_ratio"":{""value"":0.4994770518202427,""score"":100},""VC2_range_contraction"":{""value"":0.7800780304807857,""score"":36.65366158653571},""VC3_range_pct_rank"":{""score"":85.83333333333334},""_score"":74.29},""sr_quality"":{""SR1_touches"":{""value"":3,""score"":50.0},""SR2_tightness"":{""value"":0.3151013946159069,""score"":82.16523775215758},""SR3_recency"":{""value"":277,""score"":0.0},""SR4_price_location"":{""score"":30.0},""SR5_reaction"":{""value"":2.3121130222620225,""score"":100},""_score"":49.82,""_levels_found"":6,""_target_level"":49.8067},""volume"":{""V1_rvol_day"":{""value"":0.4535006353140688,""score"":0},""V2_rvol_sameslot"":{""value"":0.674032357626529,""score"":11.602157175101935,""status"":""ok""},""V3_breakout_bar"":{""value"":0.4947865537612982,""score"":0},""V4_base_dryup"":{""value"":0.799132469351001,""score"":70.0867530648999},""V5_bo_expansion"":{""value"":0.4535006353140689,""score"":0},""_score"":16.34},""readiness"":{""_distance_atr"":0.825,""BR1_atr_distance"":{""score"":45.003594778508294},""BR2_compression"":{""score"":21.936529346742304},""BR3_retest"":{""score"":50.0},""BR4_bo_age"":{""score"":50.0},""_score"":40.99},""risk"":{""R1_stop_clarity"":{""score"":44.449857388028136},""R2_stop_distance_pct"":{""value"":9.6536763159739,""score"":58.658092100652496},""R3_stop_distance_atr"":{""value"":1.9488678974487468,""score"":100.0},""R4_rr_potential"":{""value"":1.7040710380529924,""score"":35.20355190264962},""_score"":55.2},""market"":{""M1_spy_regime"":{""score"":100.0},""M3_earnings_risk"":{""value"":null,""score"":80.0},""M4_vix"":{""value"":null,""score"":60.0},""_score"":84.0},""liquidity"":{""L1_price"":{""value"":71.335,""score"":100.0},""L2_dollar_vol"":{""value"":46982827.32307372,""score"":83.59695740567115},""L3_spread_proxy"":{""value"":0.038620592976799546,""score"":61.37940702320046},""L4_volume_zscore"":{""value"":-1.7242622831366836,""score"":100.0},""_score"":89.58},""pattern_structure"":{""left_low"":65.43,""left_idx"":52,""right_low"":67.83,""right_idx"":73,""separation_bars"":21,""structural_low"":65.43,""current_price"":71.71,""neckline_distance_pct"":0.035420443452796074,""base_bars"":21},""pattern_geometry_features"":{""low_similarity_pct"":0.03601981089599267,""bounce_pct"":0.13480055020632725,""right_bottom_reaction"":0.9175824175824148,""atr_pct"":0.0495347905756541},""_schema_version"":""1.0""}",,,,,,,,,,
20260513T182534Z-d71724,2026-05-13T18:25:34.488073+00:00,LRCX,double_bottom,candidate,64.83,94.8,88.1,44.7,41.7,15.4,53.3,51.1,84.0,96.3,14.21,22.02,3.58,5.84,2.01,4.26,3.07,5.04,4.82,False,,297.83,300.0,270.8257,325.05,"{""trend"":{""T1_ema_stack"":{""value"":[true,true,true],""score"":100.0},""T2_ema50_slope"":{""value"":0.38396761100409943,""score"":100},""T3_high_proximity"":{""value"":1.0,""score"":99.99999999999997},""T4_rs_1m"":{""value"":0.02375038162898324,""score"":73.75038162898323},""T5_rs_3m"":{""value"":0.1932857690550882,""score"":100},""T6_adr_healthy"":{""value"":3.884587185930676,""score"":100.0},""_score"":94.75},""geometry"":{""sub_low_similarity"":79.6,""sub_bounce_quality"":87.3,""sub_separation_fit"":100.0,""sub_right_bottom_reaction"":78.2,""sub_base_context"":100.0,""_score"":88.07},""compression"":{""VC1_atr_ratio"":{""value"":0.6926273858172743,""score"":76.8431535456814},""VC2_range_contraction"":{""value"":1.0170691162996028,""score"":0},""VC3_range_pct_rank"":{""score"":55.833333333333336},""_score"":44.7},""sr_quality"":{""SR1_touches"":{""value"":2,""score"":25.0},""SR2_tightness"":{""value"":1.1699999999999875,""score"":83.01710730948697},""SR3_recency"":{""value"":236,""score"":0.0},""SR4_price_location"":{""score"":30.0},""SR5_reaction"":{""value"":1.8964230171073082,""score"":94.82115085536542},""_score"":41.68,""_levels_found"":8,""_target_level"":274.67},""volume"":{""V1_rvol_day"":{""value"":0.35635647418436456,""score"":0},""V2_rvol_sameslot"":{""value"":0.5928175913717817,""score"":6.187839424785446,""status"":""ok""},""V3_breakout_bar"":{""value"":0.5555533131278511,""score"":3.703554208523404},""V4_base_dryup"":{""value"":0.8367649128188133,""score"":66.32350871811867},""V5_bo_expansion"":{""value"":0.3563564741843645,""score"":0},""_score"":15.43},""readiness"":{""_distance_atr"":0.157,""BR1_atr_distance"":{""score"":89.50060480387067},""BR2_compression"":{""score"":0},""BR3_retest"":{""score"":50.0},""BR4_bo_age"":{""score"":50.0},""_score"":53.3},""risk"":{""R1_stop_clarity"":{""score"":40.13530326594068},""R2_stop_distance_pct"":{""value"":9.067001309471852,""score"":73.3249672632037},""R3_stop_distance_atr"":{""value"":1.9598729911871435,""score"":100.0},""R4_rr_potential"":{""value"":1.007989483136914,""score"":0.39947415684570275},""_score"":51.12},""market"":{""M1_spy_regime"":{""score"":100.0},""M3_earnings_risk"":{""value"":null,""score"":80.0},""M4_vix"":{""value"":null,""score"":60.0},""_score"":84.0},""liquidity"":{""L1_price"":{""value"":297.83,""score"":100.0},""L2_dollar_vol"":{""value"":984688226.3371677,""score"":100.0},""L3_spread_proxy"":{""value"":0.03666521169794855,""score"":63.33478830205145},""L4_volume_zscore"":{""value"":-2.3215560309191443,""score"":100.0},""_score"":96.33},""pattern_structure"":{""left_low"":274.95,""left_idx"":45,""right_low"":277.77,""right_idx"":73,""separation_bars"":28,""structural_low"":274.95,""current_price"":296.55,""neckline_distance_pct"":0.01163378856853815,""base_bars"":28},""pattern_geometry_features"":{""low_similarity_pct"":0.010204081632653036,""bounce_pct"":0.09110747408619753,""right_bottom_reaction"":0.7821782178217834,""atr_pct"":0.046263208637717615},""_schema_version"":""1.0""}",,,,,,,,,,
20260513T182534Z-d71724,2026-05-13T18:25:34.488073+00:00,AMAT,double_bottom,candidate,64.31,96.8,79.8,32.2,57.5,20.0,43.3,55.3,84.0,96.3,14.52,19.95,2.57,8.04,2.59,3.46,3.32,5.04,4.82,False,,438.38,448.45,399.9198,490.89,"{""trend"":{""T1_ema_stack"":{""value"":[true,true,true],""score"":100.0},""T2_ema50_slope"":{""value"":0.3448580984343627,""score"":100},""T3_high_proximity"":{""value"":0.9881880889049186,""score"":94.09404445245929},""T4_rs_1m"":{""value"":0.03846265799970028,""score"":88.46265799970027},""T5_rs_3m"":{""value"":0.2163790676405868,""score"":100},""T6_adr_healthy"":{""value"":3.323596652039652,""score"":100.0},""_score"":96.81},""geometry"":{""sub_low_similarity"":48.7,""sub_bounce_quality"":100,""sub_separation_fit"":100.0,""sub_right_bottom_reaction"":67.8,""sub_base_context"":100.0,""_score"":79.78},""compression"":{""VC1_atr_ratio"":{""value"":0.7865264632687856,""score"":53.368384182803595},""VC2_range_contraction"":{""value"":1.2376621929867986,""score"":0},""VC3_range_pct_rank"":{""score"":43.333333333333336},""_score"":32.18},""sr_quality"":{""SR1_touches"":{""value"":4,""score"":75.0},""SR2_tightness"":{""value"":1.5960028195463891,""score"":83.08197664792232},""SR3_recency"":{""value"":233,""score"":0.0},""SR4_price_location"":{""score"":30.0},""SR5_reaction"":{""value"":2.227376802420489,""score"":100},""_score"":57.46,""_levels_found"":5,""_target_level"":378.265},""volume"":{""V1_rvol_day"":{""value"":0.5150145099358098,""score"":1.0009673290539847},""V2_rvol_sameslot"":{""value"":1.067938715428645,""score"":37.86258102857634,""status"":""ok""},""V3_breakout_bar"":{""value"":0.5892571825984347,""score"":5.9504788398956485},""V4_base_dryup"":{""value"":0.9648755872857157,""score"":53.512441271428436},""V5_bo_expansion"":{""value"":0.5150145099358098,""score"":0},""_score"":19.96},""readiness"":{""_distance_atr"":0.534,""BR1_atr_distance"":{""score"":64.41850580943992},""BR2_compression"":{""score"":0},""BR3_retest"":{""score"":50.0},""BR4_bo_age"":{""score"":50.0},""_score"":43.27},""risk"":{""R1_stop_clarity"":{""score"":35.442908586502654},""R2_stop_distance_pct"":{""value"":8.773244673570876,""score"":80.66888316072811},""R3_stop_distance_atr"":{""value"":2.0384353581823293,""score"":100.0},""R4_rr_potential"":{""value"":1.3653092876652846,""score"":18.26546438326423},""_score"":55.26},""market"":{""M1_spy_regime"":{""score"":100.0},""M3_earnings_risk"":{""value"":null,""score"":80.0},""M4_vix"":{""value"":null,""score"":60.0},""_score"":84.0},""liquidity"":{""L1_price"":{""value"":438.38,""score"":100.0},""L2_dollar_vol"":{""value"":1402870048.217397,""score"":100.0},""L3_spread_proxy"":{""value"":0.036771750536064615,""score"":63.228249463935384},""L4_volume_zscore"":{""value"":-1.6138655233335566,""score"":100.0},""_score"":96.32},""pattern_structure"":{""left_low"":406.01,""left_idx"":54,""right_low"":416.56,""right_idx"":73,""separation_bars"":19,""structural_low"":406.01,""current_price"":435.485,""neckline_distance_pct"":0.029771404296359175,""base_bars"":19},""pattern_geometry_features"":{""low_similarity_pct"":0.02565131235031672,""bounce_pct"":0.10452944508755942,""right_bottom_reaction"":0.6778975741239841,""atr_pct"":0.04303911153402465},""_schema_version"":""1.0""}",,,,,,,,,,
20260513T182534Z-d71724,2026-05-13T18:25:34.488073+00:00,ORCL,double_bottom,candidate,63.94,88.8,89.7,56.2,41.3,10.1,28.3,74.5,84.0,96.7,13.33,22.42,4.49,5.78,1.31,2.26,4.47,5.04,4.83,False,,188.6,200.15,176.315,221.3,"{""trend"":{""T1_ema_stack"":{""value"":[true,true,false],""score"":66.66666666666666},""T2_ema50_slope"":{""value"":0.3311944332466843,""score"":100},""T3_high_proximity"":{""value"":0.9624904312324573,""score"":81.2452156162286},""T4_rs_1m"":{""value"":0.08749037297638163,""score"":100},""T5_rs_3m"":{""value"":0.1266218035898221,""score"":100},""T6_adr_healthy"":{""value"":4.305089562024947,""score"":100.0},""_score"":88.85},""geometry"":{""sub_low_similarity"":79.2,""sub_bounce_quality"":100,""sub_separation_fit"":80.0,""sub_right_bottom_reaction"":92.8,""sub_base_context"":100.0,""_score"":89.68},""compression"":{""VC1_atr_ratio"":{""value"":0.625393657443286,""score"":93.65158563917849},""VC2_range_contraction"":{""value"":0.9795030086254455,""score"":3.41616522909242},""VC3_range_pct_rank"":{""score"":70.0},""_score"":56.16},""sr_quality"":{""SR1_touches"":{""value"":3,""score"":50.0},""SR2_tightness"":{""value"":0.6800833298615336,""score"":84.64945700389687},""SR3_recency"":{""value"":227,""score"":0.0},""SR4_price_location"":{""score"":14.344561182288237},""SR5_reaction"":{""value"":1.330587932759316,""score"":66.5293966379658},""_score"":41.26,""_levels_found"":6,""_target_level"":200.7366},""volume"":{""V1_rvol_day"":{""value"":0.34426748919863936,""score"":0},""V2_rvol_sameslot"":{""value"":0.4410515070836106,""score"":0,""status"":""ok""},""V3_breakout_bar"":{""value"":0.44760134654213213,""score"":0},""V4_base_dryup"":{""value"":0.9950724511169406,""score"":50.49275488830594},""V5_bo_expansion"":{""value"":0.34426748919863936,""score"":0},""_score"":10.1},""readiness"":{""_distance_atr"":1.304,""BR1_atr_distance"":{""score"":13.099486577578773},""BR2_compression"":{""score"":22.159618904495414},""BR3_retest"":{""score"":50.0},""BR4_bo_age"":{""score"":50.0},""_score"":28.28},""risk"":{""R1_stop_clarity"":{""score"":39.395356223584166},""R2_stop_distance_pct"":{""value"":6.513785790031812,""score"":100.0},""R3_stop_distance_atr"":{""value"":1.3864581914213552,""score"":94.32290957106775},""R4_rr_potential"":{""value"":2.661782661782664,""score"":83.0891330891332},""_score"":74.55},""market"":{""M1_spy_regime"":{""score"":100.0},""M3_earnings_risk"":{""value"":null,""score"":80.0},""M4_vix"":{""value"":null,""score"":60.0},""_score"":84.0},""liquidity"":{""L1_price"":{""value"":188.6,""score"":100.0},""L2_dollar_vol"":{""value"":1839699565.679469,""score"":100.0},""L3_spread_proxy"":{""value"":0.033085896076352116,""score"":66.91410392364789},""L4_volume_zscore"":{""value"":-1.9432879623813177,""score"":100.0},""_score"":96.69},""pattern_structure"":{""left_low"":179.0,""left_idx"":40,""right_low"":180.8701,""right_idx"":73,""separation_bars"":33,""structural_low"":179.0,""current_price"":188.28,""neckline_distance_pct"":0.06304440195453583,""base_bars"":33},""pattern_geometry_features"":{""low_similarity_pct"":0.010393194655516021,""bounce_pct"":0.11815642458100561,""right_bottom_reaction"":0.9280549660059653,""atr_pct"":0.04698148007877594},""_schema_version"":""1.0""}",,,,,,,,,,
20260513T182534Z-d71724,2026-05-13T18:25:34.488073+00:00,CDNS,breakout_retest_hold,setup,63.32,97.6,64.9,71.4,52.6,20.6,64.1,48.2,84.0,97.0,13.67,14.28,4.28,7.36,2.67,11.54,2.41,4.2,2.91,False,,352.685,351.01,347.0445,354.1721,"{""trend"":{""T1_ema_stack"":{""value"":[true,true,true],""score"":100.0},""T2_ema50_slope"":{""value"":0.40025946736136275,""score"":100},""T3_high_proximity"":{""value"":0.9683827567270731,""score"":84.19137836353651},""T4_rs_1m"":{""value"":0.1367319739312185,""score"":100},""T5_rs_3m"":{""value"":0.10356072151039442,""score"":100},""T6_adr_healthy"":{""value"":3.2225188303134518,""score"":100.0},""_score"":97.63},""geometry"":{""sub_retest_depth"":77.9,""sub_retest_timing"":0.0,""sub_retest_freshness"":75.0,""sub_hold_quality"":88.4,""_score"":64.89},""compression"":{""VC1_atr_ratio"":{""value"":0.47384189342967586,""score"":100},""VC2_range_contraction"":{""value"":0.6686727567241066,""score"":55.22120721264889},""VC3_range_pct_rank"":{""score"":48.33333333333333},""_score"":71.41},""sr_quality"":{""SR1_touches"":{""value"":4,""score"":75.0},""SR2_tightness"":{""value"":2.870481231431403,""score"":50.384110218147825},""SR3_recency"":{""value"":296,""score"":0.0},""SR4_price_location"":{""score"":30.0},""SR5_reaction"":{""value"":2.724224866258331,""score"":100},""_score"":52.56,""_levels_found"":5,""_target_level"":326.025},""volume"":{""V1_rvol_day"":{""value"":0.42776272173253965,""score"":0},""V2_rvol_sameslot"":{""value"":0.7677139157340156,""score"":17.847594382267708,""status"":""ok""},""V3_breakout_bar"":{""value"":0.7554488206309629,""score"":17.029921375397524},""V4_base_dryup"":{""value"":0.8640859115631943,""score"":63.591408843680576},""V5_bo_expansion"":{""value"":0.42776272173253965,""score"":0},""_score"":20.55},""readiness"":{""_distance_atr"":-0.145,""BR1_atr_distance"":{""score"":100.0},""BR2_compression"":{""score"":0},""BR3_retest"":{""score"":98.01224015595899},""BR4_bo_age"":{""score"":30.0},""_score"":64.1},""risk"":{""R1_stop_clarity"":{""score"":39.40789449316474},""R2_stop_distance_pct"":{""value"":1.5993024937266893,""score"":89.98256234316725},""R3_stop_distance_atr"":{""value"":0.4874764956658171,""score"":49.37382478329086},""R4_rr_potential"":{""value"":0.2636544379297642,""score"":0.0},""_score"":48.19},""market"":{""M1_spy_regime"":{""score"":100.0},""M3_earnings_risk"":{""value"":null,""score"":80.0},""M4_vix"":{""value"":null,""score"":60.0},""_score"":84.0},""liquidity"":{""L1_price"":{""value"":352.685,""score"":100.0},""L2_dollar_vol"":{""value"":385927815.7292587,""score"":100.0},""L3_spread_proxy"":{""value"":0.029700724442491076,""score"":70.29927555750892},""L4_volume_zscore"":{""value"":-1.6955742686640143,""score"":100.0},""_score"":97.03},""pattern_structure"":{""level"":351.01,""level_idx"":34,""breakout_idx"":40,""bo_peak_idx"":61,""bo_peak_price"":365.01,""retest_idx"":79,""retest_low"":350.55,""structural_low"":350.55,""current_price"":351.35,""neckline_distance_pct"":-0.0009676960296002044,""base_bars"":45,""bars_since_breakout"":39},""pattern_geometry_features"":{""retest_depth_atr"":0.14547097357126101,""bars_breakout_to_retest"":39.0,""bars_since_retest"":0.0,""current_above_level_atr"":0.10752202394399038,""bo_peak_excess_pct"":0.039884903564001026,""atr_pct"":0.03280778679477235},""_schema_version"":""1.0""}",,,,,,,,,,
20260513T182534Z-d71724,2026-05-13T18:25:34.488073+00:00,ATI,cup_with_handle,candidate,62.78,74.7,73.1,45.4,67.3,26.1,34.5,71.3,84.0,95.2,10.46,21.92,3.63,8.08,3.39,2.76,3.56,4.2,4.76,False,,164.84,171.11,150.7296,203.7725,"{""trend"":{""T1_ema_stack"":{""value"":[true,true,true],""score"":100.0},""T2_ema50_slope"":{""value"":0.1631168048264335,""score"":77.18613413773892},""T3_high_proximity"":{""value"":0.9905059488042304,""score"":95.25297440211517},""T4_rs_1m"":{""value"":-0.05846259062811887,""score"":0},""T5_rs_3m"":{""value"":0.1148638642965476,""score"":100},""T6_adr_healthy"":{""value"":4.5198219238996895,""score"":100.0},""_score"":74.73},""geometry"":{""sub_cup_depth"":100.0,""sub_cup_duration"":100.0,""sub_rim_symmetry"":64.7,""sub_handle_shallowness"":11.9,""sub_handle_proportion"":100.0,""sub_u_shape"":85.1,""_score"":73.08},""compression"":{""VC1_atr_ratio"":{""value"":0.4124738775727798,""score"":100},""VC2_range_contraction"":{""value"":1.0989125761039527,""score"":0},""VC3_range_pct_rank"":{""score"":21.666666666666668},""_score"":45.42},""sr_quality"":{""SR1_touches"":{""value"":4,""score"":75.0},""SR2_tightness"":{""value"":2.0580389189408037,""score"":43.32155368009262},""SR3_recency"":{""value"":239,""score"":0.0},""SR4_price_location"":{""score"":93.39572428787793},""SR5_reaction"":{""value"":2.487508139061397,""score"":100},""_score"":67.35,""_levels_found"":4,""_target_level"":165.6434},""volume"":{""V1_rvol_day"":{""value"":0.4958966864825149,""score"":0},""V2_rvol_sameslot"":{""value"":0.9885213420312313,""score"":32.56808946874876,""status"":""ok""},""V3_breakout_bar"":{""value"":1.163283113712079,""score"":44.21887424747193},""V4_base_dryup"":{""value"":1.0731289879667398,""score"":42.687101203326016},""V5_bo_expansion"":{""value"":0.495896686482515,""score"":0},""_score"":26.11},""readiness"":{""_distance_atr"":0.863,""BR1_atr_distance"":{""score"":42.441344661464164},""BR2_compression"":{""score"":0},""BR3_retest"":{""score"":50.0},""BR4_bo_age"":{""score"":50.0},""_score"":34.48},""risk"":{""R1_stop_clarity"":{""score"":36.78531172359239},""R2_stop_distance_pct"":{""value"":8.560043072069888,""score"":85.9989231982528},""R3_stop_distance_atr"":{""value"":1.9430005055561999,""score"":100.0},""R4_rr_potential"":{""value"":2.759139994507589,""score"":87.95699972537945},""_score"":71.27},""market"":{""M1_spy_regime"":{""score"":100.0},""M3_earnings_risk"":{""value"":null,""score"":80.0},""M4_vix"":{""value"":null,""score"":60.0},""_score"":84.0},""liquidity"":{""L1_price"":{""value"":164.84,""score"":100.0},""L2_dollar_vol"":{""value"":152390554.76561126,""score"":100.0},""L3_spread_proxy"":{""value"":0.04816792040766803,""score"":51.83207959233197},""L4_volume_zscore"":{""value"":-1.321050247076507,""score"":100.0},""_score"":95.18},""pattern_structure"":{""left_rim"":168.1425,""left_rim_idx"":128,""cup_bottom"":135.48,""cup_bottom_idx"":148,""right_rim"":171.11,""right_rim_idx"":175,""handle_low"":153.025,""handle_bars"":4,""cup_bars"":47,""structural_low"":153.025,""current_price"":164.84,""neckline_distance_pct"":0.038036884251395356,""base_bars"":51},""pattern_geometry_features"":{""cup_depth_pct"":0.19425487309871103,""rim_symmetry_pct"":0.017648720579270565,""handle_depth_pct"":0.10569224475483611,""handle_to_cup_ratio"":0.0851063829787234,""cup_duration_bars"":47.0,""atr_pct"":0.04405579436336536,""u_shape_score"":0.425531914893617},""_schema_version"":""1.0""}",,,,,,,,,,
20260513T182534Z-d71724,2026-05-13T18:25:34.488073+00:00,WULF,double_bottom,candidate,62.47,88.7,68.4,63.9,54.2,17.8,29.8,80.9,84.0,95.9,13.3,17.09,5.12,7.59,2.31,2.38,4.85,5.04,4.79,False,,23.08,25.75,21.1282,30.05,"{""trend"":{""T1_ema_stack"":{""value"":[true,true,true],""score"":100.0},""T2_ema50_slope"":{""value"":0.7292154282593244,""score"":100},""T3_high_proximity"":{""value"":0.8966588966588966,""score"":48.3294483294483},""T4_rs_1m"":{""value"":0.032105802643863424,""score"":82.10580264386343},""T5_rs_3m"":{""value"":0.36637127435021677,""score"":100},""T6_adr_healthy"":{""value"":7.12204370724933,""score"":100.0},""_score"":88.67},""geometry"":{""sub_low_similarity"":82.8,""sub_bounce_quality"":100,""sub_separation_fit"":13.3,""sub_right_bottom_reaction"":10.2,""sub_base_context"":100.0,""_score"":68.37},""compression"":{""VC1_atr_ratio"":{""value"":0.6043197404076034,""score"":98.92006489809914},""VC2_range_contraction"":{""value"":1.0107459217535673,""score"":0},""VC3_range_pct_rank"":{""score"":97.5},""_score"":63.94},""sr_quality"":{""SR1_touches"":{""value"":4,""score"":75.0},""SR2_tightness"":{""value"":0.341192760767283,""score"":61.3062993564795},""SR3_recency"":{""value"":242,""score"":0.0},""SR4_price_location"":{""score"":30.0},""SR5_reaction"":{""value"":2.085982875519446,""score"":100},""_score"":54.2,""_levels_found"":6,""_target_level"":18.05},""volume"":{""V1_rvol_day"":{""value"":0.4374577682732076,""score"":0},""V2_rvol_sameslot"":{""value"":0.7869128666451879,""score"":19.127524443012526,""status"":""ok""},""V3_breakout_bar"":{""value"":0.7114285050567131,""score"":14.095233670447538},""V4_base_dryup"":{""value"":0.979375184312409,""score"":52.0624815687591},""V5_bo_expansion"":{""value"":0.4374577682732076,""score"":0},""_score"":17.76},""readiness"":{""_distance_atr"":1.514,""BR1_atr_distance"":{""score"":0},""BR2_compression"":{""score"":49.06570778818969},""BR3_retest"":{""score"":50.0},""BR4_bo_age"":{""score"":50.0},""_score"":29.77},""risk"":{""R1_stop_clarity"":{""score"":63.51124755972084},""R2_stop_distance_pct"":{""value"":8.456455805892551,""score"":88.58860485268623},""R3_stop_distance_atr"":{""value"":1.1067120835324713,""score"":80.33560417662356},""R4_rr_potential"":{""value"":3.571154092481107,""score"":100.0},""_score"":80.86},""market"":{""M1_spy_regime"":{""score"":100.0},""M3_earnings_risk"":{""value"":null,""score"":80.0},""M4_vix"":{""value"":null,""score"":60.0},""_score"":84.0},""liquidity"":{""L1_price"":{""value"":23.08,""score"":100.0},""L2_dollar_vol"":{""value"":317151485.7116953,""score"":100.0},""L3_spread_proxy"":{""value"":0.041161178509532034,""score"":58.838821490467964},""L4_volume_zscore"":{""value"":-2.289400509930517,""score"":100.0},""_score"":95.88},""pattern_structure"":{""left_low"":21.45,""left_idx"":28,""right_low"":21.635,""right_idx"":71,""separation_bars"":43,""structural_low"":21.45,""current_price"":23.03,""neckline_distance_pct"":0.11810681719496303,""base_bars"":43},""pattern_geometry_features"":{""low_similarity_pct"":0.008587675525124858,""bounce_pct"":0.2004662004662005,""right_bottom_reaction"":0.10218978102189323,""atr_pct"":0.07641062144095073},""_schema_version"":""1.0""}",,,,,,,,,,
20260513T182534Z-d71724,2026-05-13T18:25:34.488073+00:00,MSTR,double_bottom,candidate,62.14,85.6,83.7,53.0,44.3,12.7,23.0,76.1,84.0,96.2,12.84,20.93,4.24,6.21,1.65,1.84,4.57,5.04,4.81,False,,180.09,197.0,172.9364,218.43,"{""trend"":{""T1_ema_stack"":{""value"":[true,true,false],""score"":66.66666666666666},""T2_ema50_slope"":{""value"":0.579842633355277,""score"":100},""T3_high_proximity"":{""value"":0.9191078901704604,""score"":59.553945085230154},""T4_rs_1m"":{""value"":0.24103846223324266,""score"":100},""T5_rs_3m"":{""value"":0.3550630076113186,""score"":100},""T6_adr_healthy"":{""value"":5.622617324175856,""score"":100.0},""_score"":85.6},""geometry"":{""sub_low_similarity"":62.0,""sub_bounce_quality"":100,""sub_separation_fit"":100.0,""sub_right_bottom_reaction"":67.6,""sub_base_context"":100.0,""_score"":83.74},""compression"":{""VC1_atr_ratio"":{""value"":0.7214362552480132,""score"":69.64093618799669},""VC2_range_contraction"":{""value"":0.9395695722672486,""score"":10.07173795545857},""VC3_range_pct_rank"":{""score"":86.66666666666667},""_score"":53.05},""sr_quality"":{""SR1_touches"":{""value"":2,""score"":25.0},""SR2_tightness"":{""value"":0.10500000000000398,""score"":97.97080022942374},""SR3_recency"":{""value"":229,""score"":0.0},""SR4_price_location"":{""score"":28.54144805876186},""SR5_reaction"":{""value"":2.3616020187086693,""score"":100},""_score"":44.33,""_levels_found"":8,""_target_level"":190.305},""volume"":{""V1_rvol_day"":{""value"":0.41718221380777687,""score"":0},""V2_rvol_sameslot"":{""value"":0.5311829330631261,""score"":2.0788622042084093,""status"":""ok""},""V3_breakout_bar"":{""value"":0.4869172790956208,""score"":0},""V4_base_dryup"":{""value"":0.8842410621500923,""score"":61.57589378499077},""V5_bo_expansion"":{""value"":0.4171822138077768,""score"":0},""_score"":12.73},""readiness"":{""_distance_atr"":1.634,""BR1_atr_distance"":{""score"":0},""BR2_compression"":{""score"":22.10110132247704},""BR3_retest"":{""score"":50.0},""BR4_bo_age"":{""score"":50.0},""_score"":23.03},""risk"":{""R1_stop_clarity"":{""score"":49.1047708971338},""R2_stop_distance_pct"":{""value"":3.9722083402743205,""score"":100.0},""R3_stop_distance_atr"":{""value"":0.6912372389907308,""score"":59.56186194953654},""R4_rr_potential"":{""value"":5.359576713659634,""score"":100.0},""_score"":76.12},""market"":{""M1_spy_regime"":{""score"":100.0},""M3_earnings_risk"":{""value"":null,""score"":80.0},""M4_vix"":{""value"":null,""score"":60.0},""_score"":84.0},""liquidity"":{""L1_price"":{""value"":180.09,""score"":100.0},""L2_dollar_vol"":{""value"":1403611438.4986334,""score"":100.0},""L3_spread_proxy"":{""value"":0.038369704036870435,""score"":61.63029596312956},""L4_volume_zscore"":{""value"":-1.172338890160339,""score"":100.0},""_score"":96.16},""pattern_structure"":{""left_low"":178.94,""left_idx"":46,""right_low"":175.57,""right_idx"":76,""separation_bars"":30,""structural_low"":175.57,""current_price"":179.815,""neckline_distance_pct"":0.09557044740427663,""base_bars"":30},""pattern_geometry_features"":{""low_similarity_pct"":0.019012157626019037,""bounce_pct"":0.122059577376545,""right_bottom_reaction"":0.6758321273516669,""atr_pct"":0.05746519597344185},""_schema_version"":""1.0""}",,,,,,,,,,
20260513T182534Z-d71724,2026-05-13T18:25:34.488073+00:00,MKSI,double_bottom,candidate,61.67,100.0,66.4,59.6,51.9,8.4,58.7,39.2,84.0,97.0,15.0,16.61,4.77,7.26,1.1,4.69,2.35,5.04,4.85,False,,320.23,326.835,283.8031,365.545,"{""trend"":{""T1_ema_stack"":{""value"":[true,true,true],""score"":100.0},""T2_ema50_slope"":{""value"":0.45530166333991595,""score"":100},""T3_high_proximity"":{""value"":1.0,""score"":99.99999999999997},""T4_rs_1m"":{""value"":0.09851832440237329,""score"":100},""T5_rs_3m"":{""value"":0.1627415234837961,""score"":100},""T6_adr_healthy"":{""value"":5.055335372135846,""score"":100.0},""_score"":100.0},""geometry"":{""sub_low_similarity"":31.6,""sub_bounce_quality"":100,""sub_separation_fit"":100.0,""sub_right_bottom_reaction"":12.9,""sub_base_context"":100.0,""_score"":66.42},""compression"":{""VC1_atr_ratio"":{""value"":0.5284218301969775,""score"":100},""VC2_range_contraction"":{""value"":1.2068363953361594,""score"":0},""VC3_range_pct_rank"":{""score"":78.33333333333333},""_score"":59.58},""sr_quality"":{""SR1_touches"":{""value"":4,""score"":75.0},""SR2_tightness"":{""value"":3.5844531922596055,""score"":57.468065720858895},""SR3_recency"":{""value"":233,""score"":0.0},""SR4_price_location"":{""score"":30.0},""SR5_reaction"":{""value"":1.7692453731307862,""score"":88.46226865653931},""_score"":51.89,""_levels_found"":4,""_target_level"":264.9688},""volume"":{""V1_rvol_day"":{""value"":0.38201177913271644,""score"":0},""V2_rvol_sameslot"":{""value"":0.7091023189771524,""score"":13.940154598476825,""status"":""ok""},""V3_breakout_bar"":{""value"":0.6015298060729346,""score"":6.76865373819564},""V4_base_dryup"":{""value"":1.3018988730586118,""score"":19.81011269413881},""V5_bo_expansion"":{""value"":0.3820117791327164,""score"":0},""_score"":8.44},""readiness"":{""_distance_atr"":0.392,""BR1_atr_distance"":{""score"":73.87575260476166},""BR2_compression"":{""score"":46.47127660981965},""BR3_retest"":{""score"":50.0},""BR4_bo_age"":{""score"":50.0},""_score"":58.67},""risk"":{""R1_stop_clarity"":{""score"":48.718062810917885},""R2_stop_distance_pct"":{""value"":11.37522249633076,""score"":15.61943759173099},""R3_stop_distance_atr"":{""value"":2.16114616427425,""score"":100.0},""R4_rr_potential"":{""value"":1.2439991078015873,""score"":12.199955390079364},""_score"":39.18},""market"":{""M1_spy_regime"":{""score"":100.0},""M3_earnings_risk"":{""value"":null,""score"":80.0},""M4_vix"":{""value"":null,""score"":60.0},""_score"":84.0},""liquidity"":{""L1_price"":{""value"":320.23,""score"":100.0},""L2_dollar_vol"":{""value"":162740446.7882233,""score"":100.0},""L3_spread_proxy"":{""value"":0.02969740499016329,""score"":70.30259500983671},""L4_volume_zscore"":{""value"":-1.6449535481715258,""score"":100.0},""_score"":97.03},""pattern_structure"":{""left_low"":288.125,""left_idx"":51,""right_low"":298.155,""right_idx"":71,""separation_bars"":20,""structural_low"":288.125,""current_price"":320.055,""neckline_distance_pct"":0.021183859024230124,""base_bars"":20},""pattern_geometry_features"":{""low_similarity_pct"":0.034215733096813715,""bounce_pct"":0.13435140997830797,""right_bottom_reaction"":0.12894873122734343,""atr_pct"":0.052635137245105094},""_schema_version"":""1.0""}",,,,,,,,,,
20260513T182534Z-d71724,2026-05-13T18:25:34.488073+00:00,MPWR,double_bottom,setup,61.65,100.0,74.5,34.4,43.5,25.8,57.5,43.7,84.0,71.3,15.0,18.62,2.75,6.09,3.35,4.6,2.62,5.04,3.57,False,,1667.355,1662.0,1498.185,1803.0,"{""trend"":{""T1_ema_stack"":{""value"":[true,true,true],""score"":100.0},""T2_ema50_slope"":{""value"":0.7254335475473099,""score"":100},""T3_high_proximity"":{""value"":1.0,""score"":99.99999999999997},""T4_rs_1m"":{""value"":0.15335619505696152,""score"":100},""T5_rs_3m"":{""value"":0.3198300311843618,""score"":100},""T6_adr_healthy"":{""value"":3.8988671462187,""score"":100.0},""_score"":100.0},""geometry"":{""sub_low_similarity"":77.4,""sub_bounce_quality"":89.6,""sub_separation_fit"":0.0,""sub_right_bottom_reaction"":89.1,""sub_base_context"":100.0,""_score"":74.5},""compression"":{""VC1_atr_ratio"":{""value"":0.7746288095870071,""score"":56.34279760324823},""VC2_range_contraction"":{""value"":1.2229401377860345,""score"":0},""VC3_range_pct_rank"":{""score"":47.5},""_score"":34.41},""sr_quality"":{""SR1_touches"":{""value"":2,""score"":25.0},""SR2_tightness"":{""value"":3.1100000000000136,""score"":92.14275073562456},""SR3_recency"":{""value"":277,""score"":0.0},""SR4_price_location"":{""score"":30.0},""SR5_reaction"":{""value"":1.9584699080797479,""score"":97.92349540398739},""_score"":43.51,""_levels_found"":3,""_target_level"":1253.11},""volume"":{""V1_rvol_day"":{""value"":0.42856938279478485,""score"":0},""V2_rvol_sameslot"":{""value"":1.1694571125908304,""score"":44.63047417272203,""status"":""ok""},""V3_breakout_bar"":{""value"":0.8036792377716028,""score"":20.24528251810685},""V4_base_dryup"":{""value"":0.9095750063335206,""score"":59.04249936664794},""V5_bo_expansion"":{""value"":0.42856938279478485,""score"":0},""_score"":25.8},""readiness"":{""_distance_atr"":-0.068,""BR1_atr_distance"":{""score"":100.0},""BR2_compression"":{""score"":0},""BR3_retest"":{""score"":50.0},""BR4_bo_age"":{""score"":50.0},""_score"":57.5},""risk"":{""R1_stop_clarity"":{""score"":42.35911833867348},""R2_stop_distance_pct"":{""value"":10.146009697994733,""score"":46.34975755013166},""R3_stop_distance_atr"":{""value"":2.136994948640497,""score"":100.0},""R4_rr_potential"":{""value"":0.8018265649937928,""score"":0.0},""_score"":43.73},""market"":{""M1_spy_regime"":{""score"":100.0},""M3_earnings_risk"":{""value"":null,""score"":80.0},""M4_vix"":{""value"":null,""score"":60.0},""_score"":84.0},""liquidity"":{""L1_price"":{""value"":1667.355,""score"":0.0},""L2_dollar_vol"":{""value"":453087573.40202534,""score"":100.0},""L3_spread_proxy"":{""value"":0.03660888053234012,""score"":63.39111946765988},""L4_volume_zscore"":{""value"":-2.0271377512447346,""score"":100.0},""_score"":71.34},""pattern_structure"":{""left_low"":1521.0,""left_idx"":28,""right_low"":1538.249,""right_idx"":73,""separation_bars"":45,""structural_low"":1521.0,""current_price"":1666.69,""neckline_distance_pct"":-0.002813960604551569,""base_bars"":45},""pattern_geometry_features"":{""low_similarity_pct"":0.011276623772697171,""bounce_pct"":0.09270216962524655,""right_bottom_reaction"":0.8912162450407427,""atr_pct"":0.04747793018626165},""_schema_version"":""1.0""}",,,,,,,,,,
20260513T182534Z-d71724,2026-05-13T18:25:34.488073+00:00,MKSI,ascending_triangle,candidate,60.76,100.0,55.0,59.6,51.9,18.1,58.7,39.2,84.0,97.0,15.0,15.4,4.77,7.26,2.18,4.69,1.57,5.04,4.85,False,,320.23,326.835,283.8031,365.545,"{""trend"":{""T1_ema_stack"":{""value"":[true,true,true],""score"":100.0},""T2_ema50_slope"":{""value"":0.45530166333991595,""score"":100},""T3_high_proximity"":{""value"":1.0,""score"":99.99999999999997},""T4_rs_1m"":{""value"":0.09851832440237329,""score"":100},""T5_rs_3m"":{""value"":0.1627415234837961,""score"":100},""T6_adr_healthy"":{""value"":5.055335372135846,""score"":100.0},""_score"":100.0},""geometry"":{""sub_flat_top_quality"":33.3,""sub_hl_slope"":100,""sub_compression"":0,""sub_duration"":100.0,""_score"":54.99},""compression"":{""VC1_atr_ratio"":{""value"":0.5284218301969775,""score"":100},""VC2_range_contraction"":{""value"":1.2068363953361594,""score"":0},""VC3_range_pct_rank"":{""score"":78.33333333333333},""_score"":59.58},""sr_quality"":{""SR1_touches"":{""value"":4,""score"":75.0},""SR2_tightness"":{""value"":3.5844531922596055,""score"":57.468065720858895},""SR3_recency"":{""value"":233,""score"":0.0},""SR4_price_location"":{""score"":30.0},""SR5_reaction"":{""value"":1.7692453731307862,""score"":88.46226865653931},""_score"":51.89,""_levels_found"":4,""_target_level"":264.9688},""volume"":{""V1_rvol_day"":{""value"":0.38201177913271644,""score"":0},""V2_rvol_sameslot"":{""value"":0.7091023189771524,""score"":13.940154598476825,""status"":""ok""},""V3_breakout_bar"":{""value"":0.6015298060729346,""score"":6.76865373819564},""V4_base_dryup"":{""value"":0.8175131242926851,""score"":68.24868757073149},""V5_bo_expansion"":{""value"":0.3820117791327164,""score"":0},""_score"":18.13},""readiness"":{""_distance_atr"":0.392,""BR1_atr_distance"":{""score"":73.87575260476166},""BR2_compression"":{""score"":46.47127660981965},""BR3_retest"":{""score"":50.0},""BR4_bo_age"":{""score"":50.0},""_score"":58.67},""risk"":{""R1_stop_clarity"":{""score"":48.718062810917885},""R2_stop_distance_pct"":{""value"":11.37522249633076,""score"":15.61943759173099},""R3_stop_distance_atr"":{""value"":2.16114616427425,""score"":100.0},""R4_rr_potential"":{""value"":1.2439991078015873,""score"":12.199955390079364},""_score"":39.18},""market"":{""M1_spy_regime"":{""score"":100.0},""M3_earnings_risk"":{""value"":null,""score"":80.0},""M4_vix"":{""value"":null,""score"":60.0},""_score"":84.0},""liquidity"":{""L1_price"":{""value"":320.23,""score"":100.0},""L2_dollar_vol"":{""value"":162740446.7882233,""score"":100.0},""L3_spread_proxy"":{""value"":0.02969740499016329,""score"":70.30259500983671},""L4_volume_zscore"":{""value"":-1.6449535481715258,""score"":100.0},""_score"":97.03},""pattern_structure"":{""top"":326.835,""top_touches"":2,""low_slope_per_bar"":0.8693725422667482,""lowest_low"":288.125,""structural_low"":288.125,""current_price"":320.055,""neckline_distance_pct"":0.021183859024230124,""base_bars"":31},""pattern_geometry_features"":{""top_touches"":2.0,""low_slope"":0.8693725422667482,""compression"":-0.294194681785515,""atr_pct"":0.052635137245105094},""_schema_version"":""1.0""}",,,,,,,,,,
20260513T182534Z-d71724,2026-05-13T18:25:34.488073+00:00,TER,double_bottom,candidate,60.52,67.2,66.3,50.6,38.8,55.9,40.2,67.9,84.0,95.4,10.08,16.59,4.05,5.43,7.27,3.22,4.07,5.04,4.77,False,,364.025,382.48,331.6002,428.31,"{""trend"":{""T1_ema_stack"":{""value"":[true,true,true],""score"":100.0},""T2_ema50_slope"":{""value"":0.440644829385915,""score"":100},""T3_high_proximity"":{""value"":0.8707065633371603,""score"":35.35328166858015},""T4_rs_1m"":{""value"":-0.07362765808635907,""score"":0},""T5_rs_3m"":{""value"":0.05901762582586345,""score"":79.50881291293172},""T6_adr_healthy"":{""value"":5.170877558153052,""score"":100.0},""_score"":67.23},""geometry"":{""sub_low_similarity"":78.7,""sub_bounce_quality"":100,""sub_separation_fit"":13.3,""sub_right_bottom_reaction"":5.0,""sub_base_context"":100.0,""_score"":66.35},""compression"":{""VC1_atr_ratio"":{""value"":0.5911306941519388,""score"":100},""VC2_range_contraction"":{""value"":1.2329797758019259,""score"":0},""VC3_range_pct_rank"":{""score"":42.50000000000001},""_score"":50.62},""sr_quality"":{""SR1_touches"":{""value"":2,""score"":25.0},""SR2_tightness"":{""value"":5.0,""score"":64.84374803815558},""SR3_recency"":{""value"":228,""score"":0.0},""SR4_price_location"":{""score"":52.729911057818235},""SR5_reaction"":{""value"":1.1213666641387645,""score"":56.06833320693823},""_score"":38.82,""_levels_found"":7,""_target_level"":378.0},""volume"":{""V1_rvol_day"":{""value"":0.3989259152536563,""score"":0},""V2_rvol_sameslot"":{""value"":2.469816269839258,""score"":100,""status"":""ok""},""V3_breakout_bar"":{""value"":2.056063416010062,""score"":100},""V4_base_dryup"":{""value"":0.953498479636931,""score"":54.6501520363069},""V5_bo_expansion"":{""value"":0.3989259152536564,""score"":0},""_score"":55.93},""readiness"":{""_distance_atr"":0.649,""BR1_atr_distance"":{""score"":56.746091336277324},""BR2_compression"":{""score"":0},""BR3_retest"":{""score"":50.0},""BR4_bo_age"":{""score"":50.0},""_score"":40.2},""risk"":{""R1_stop_clarity"":{""score"":64.49394333113511},""R2_stop_distance_pct"":{""value"":8.907286587459657,""score"":77.31783531350858},""R3_stop_distance_atr"":{""value"":1.1399326807998154,""score"":81.99663403999077},""R4_rr_potential"":{""value"":1.9825904594484167,""score"":49.12952297242084},""_score"":67.89},""market"":{""M1_spy_regime"":{""score"":100.0},""M3_earnings_risk"":{""value"":null,""score"":80.0},""M4_vix"":{""value"":null,""score"":60.0},""_score"":84.0},""liquidity"":{""L1_price"":{""value"":364.025,""score"":100.0},""L2_dollar_vol"":{""value"":573070098.8700184,""score"":100.0},""L3_spread_proxy"":{""value"":0.04637044159055009,""score"":53.629558409449906},""L4_volume_zscore"":{""value"":-0.8944812385325167,""score"":100.0},""_score"":95.36},""pattern_structure"":{""left_low"":336.65,""left_idx"":28,""right_low"":340.25,""right_idx"":71,""separation_bars"":43,""structural_low"":336.65,""current_price"":363.78,""neckline_distance_pct"":0.05140469514541769,""base_bars"":43},""pattern_geometry_features"":{""low_similarity_pct"":0.010636726252031386,""bounce_pct"":0.13613545225011153,""right_bottom_reaction"":0.05009191176470736,""atr_pct"":0.07813870711391488},""_schema_version"":""1.0""}",,,,,,,,,,
20260513T182534Z-d71724,2026-05-13T18:25:34.488073+00:00,FLY,double_bottom,candidate,60.49,67.7,78.3,56.9,43.9,12.7,55.8,71.8,84.0,92.3,10.15,19.57,4.55,6.14,1.66,4.46,4.3,5.04,4.62,False,,38.865,40.355,35.7062,44.46,"{""trend"":{""T1_ema_stack"":{""value"":[true,true,false],""score"":66.66666666666666},""T2_ema50_slope"":{""value"":0.5185277733747207,""score"":100},""T3_high_proximity"":{""value"":0.8798958569164591,""score"":39.94792845822953},""T4_rs_1m"":{""value"":-0.00796964917720877,""score"":42.03035082279123},""T5_rs_3m"":{""value"":0.7932855974583664,""score"":100},""T6_adr_healthy"":{""value"":10.719748525098808,""score"":32.0062868725298},""_score"":67.67},""geometry"":{""sub_low_similarity"":64.5,""sub_bounce_quality"":100,""sub_separation_fit"":73.3,""sub_right_bottom_reaction"":52.9,""sub_base_context"":100.0,""_score"":78.28},""compression"":{""VC1_atr_ratio"":{""value"":0.5923103307330924,""score"":100},""VC2_range_contraction"":{""value"":1.068801760355832,""score"":0},""VC3_range_pct_rank"":{""score"":67.5},""_score"":56.88},""sr_quality"":{""SR1_touches"":{""value"":2,""score"":25.0},""SR2_tightness"":{""value"":0.14499999999999957,""score"":92.41869706159157},""SR3_recency"":{""value"":94,""score"":0.0},""SR4_price_location"":{""score"":30.0},""SR5_reaction"":{""value"":2.842452682212696,""score"":100},""_score"":43.86,""_levels_found"":6,""_target_level"":34.225},""volume"":{""V1_rvol_day"":{""value"":0.7837070078096733,""score"":18.913800520644884},""V2_rvol_sameslot"":{""value"":1.1014679699034868,""score"":40.09786466023246,""status"":""ok""},""V3_breakout_bar"":{""value"":0.5559898385283327,""score"":3.7326559018888483},""V4_base_dryup"":{""value"":1.5492598674134634,""score"":0},""V5_bo_expansion"":{""value"":0.7837070078096733,""score"":0},""_score"":12.74},""readiness"":{""_distance_atr"":0.39,""BR1_atr_distance"":{""score"":74.03185890062402},""BR2_compression"":{""score"":34.53329193834158},""BR3_retest"":{""score"":50.0},""BR4_bo_age"":{""score"":50.0},""_score"":55.75},""risk"":{""R1_stop_clarity"":{""score"":71.57011398096816},""R2_stop_distance_pct"":{""value"":8.127492602598752,""score"":96.81268493503121},""R3_stop_distance_atr"":{""value"":0.8257738157481976,""score"":66.28869078740989},""R4_rr_potential"":{""value"":1.7712702809655665,""score"":38.56351404827832},""_score"":71.75},""market"":{""M1_spy_regime"":{""score"":100.0},""M3_earnings_risk"":{""value"":null,""score"":80.0},""M4_vix"":{""value"":null,""score"":60.0},""_score"":84.0},""liquidity"":{""L1_price"":{""value"":38.865,""score"":100.0},""L2_dollar_vol"":{""value"":180921874.7633078,""score"":100.0},""L3_spread_proxy"":{""value"":0.07693040010292032,""score"":23.069599897079684},""L4_volume_zscore"":{""value"":-0.5496433498033104,""score"":100.0},""_score"":92.31},""pattern_structure"":{""left_low"":36.9,""left_idx"":64,""right_low"":36.25,""right_idx"":70,""separation_bars"":6,""structural_low"":36.25,""current_price"":38.95,""neckline_distance_pct"":0.03607188703465966,""base_bars"":6},""pattern_geometry_features"":{""low_similarity_pct"":0.017771701982228258,""bounce_pct"":0.11324137931034474,""right_bottom_reaction"":0.5286458333333331,""atr_pct"":0.09842274540074615},""_schema_version"":""1.0""}",,,,,,,,,,
20260513T182534Z-d71724,2026-05-13T18:25:34.488073+00:00,MU,bull_flag,candidate,60.37,100.0,74.0,15.4,51.1,18.2,55.9,50.6,84.0,70.6,14.0,22.2,1.39,5.12,2.55,5.03,1.52,5.04,3.53,False,,801.07,818.67,696.002,1064.84,"{""trend"":{""T1_ema_stack"":{""value"":[true,true,true],""score"":100.0},""T2_ema50_slope"":{""value"":0.6712981857673862,""score"":100},""T3_high_proximity"":{""value"":1.0,""score"":99.99999999999997},""T4_rs_1m"":{""value"":0.6507246398484696,""score"":100},""T5_rs_3m"":{""value"":0.8787812621907407,""score"":100},""T6_adr_healthy"":{""value"":5.868112618660265,""score"":100.0},""_score"":100.0},""geometry"":{""sub_pole_impulse"":100.0,""sub_flag_tightness"":48.0,""sub_flag_shallowness"":36.3,""sub_flag_drift"":98.3,""sub_flag_duration"":100.0,""_score"":74.0},""compression"":{""VC1_atr_ratio"":{""value"":1.2687960440155148,""score"":0},""VC2_range_contraction"":{""value"":1.342094717925617,""score"":0},""VC3_range_pct_rank"":{""score"":61.66666666666667},""_score"":15.42},""sr_quality"":{""SR1_touches"":{""value"":4,""score"":75.0},""SR2_tightness"":{""value"":7.9966410918506945,""score"":68.67453276812543},""SR3_recency"":{""value"":240,""score"":0.0},""SR4_price_location"":{""score"":30.0},""SR5_reaction"":{""value"":1.4467618316251225,""score"":72.33809158125612},""_score"":51.15,""_levels_found"":3,""_target_level"":441.765},""volume"":{""V1_rvol_day"":{""value"":0.885256497447616,""score"":25.683766496507737},""V2_rvol_sameslot"":{""value"":0.9609815885531828,""score"":30.73210590354552,""status"":""ok""},""V3_breakout_bar"":{""value"":0.42741343349315253,""score"":0},""V4_base_dryup"":{""value"":1.1544042729147748,""score"":34.55957270852252},""V5_bo_expansion"":{""value"":0.885256497447616,""score"":0},""_score"":18.2},""readiness"":{""_distance_atr"":0.345,""BR1_atr_distance"":{""score"":77.01834153663829},""BR2_compression"":{""score"":30.478044370611414},""BR3_retest"":{""score"":50.0},""BR4_bo_age"":{""score"":50.0},""_score"":55.93},""risk"":{""R1_stop_clarity"":{""score"":58.48018020828709},""R2_stop_distance_pct"":{""value"":13.115959279463723,""score"":0.0},""R3_stop_distance_atr"":{""value"":2.05792946263072,""score"":100.0},""R4_rr_potential"":{""value"":2.5104690518803436,""score"":75.52345259401719},""_score"":50.57},""market"":{""M1_spy_regime"":{""score"":100.0},""M3_earnings_risk"":{""value"":null,""score"":80.0},""M4_vix"":{""value"":null,""score"":60.0},""_score"":84.0},""liquidity"":{""L1_price"":{""value"":801.07,""score"":0.0},""L2_dollar_vol"":{""value"":32200295893.719196,""score"":100.0},""L3_spread_proxy"":{""value"":0.044290761107019384,""score"":55.709238892980615},""L4_volume_zscore"":{""value"":-0.3836348033905421,""score"":100.0},""_score"":70.57},""pattern_structure"":{""pole_low"":572.5,""pole_low_idx"":19,""peak_price"":818.67,""peak_idx"":44,""pole_gain"":0.4299912663755458,""flag_bars"":15,""flag_low"":706.601,""flag_high"":816.51,""structural_low"":706.601,""current_price"":801.555,""neckline_distance_pct"":0.02135224657072816,""base_bars"":15},""pattern_geometry_features"":{""pole_gain"":0.4299912663755458,""pullback_pct"":0.13689154360120678,""flag_range_pct"":0.13425311786189795,""flag_drift_per_bar"":-0.0003351325147458765,""atr_pct"":0.06373376501786,""pole_atr_multiple"":6.746679193596206},""_schema_version"":""1.0""}",,,,,,,,,,
20260513T182534Z-d71724,2026-05-13T18:25:34.488073+00:00,OMER,double_bottom,absent,59.59,98.0,45.2,62.6,49.4,46.6,31.2,68.7,84.0,78.9,14.7,11.3,5.01,6.91,6.06,2.5,4.12,5.04,3.94,False,,14.66,15.32,13.5733,16.86,"{""trend"":{""T1_ema_stack"":{""value"":[true,true,true],""score"":100.0},""T2_ema50_slope"":{""value"":0.6030678741823391,""score"":100},""T3_high_proximity"":{""value"":0.9734395750332006,""score"":86.71978751660025},""T4_rs_1m"":{""value"":0.16861083392813092,""score"":100},""T5_rs_3m"":{""value"":0.23200277894784094,""score"":100},""T6_adr_healthy"":{""value"":4.705504135404236,""score"":100.0},""_score"":98.01},""geometry"":{""sub_low_similarity"":5.1,""sub_bounce_quality"":100,""sub_separation_fit"":0.0,""sub_right_bottom_reaction"":24.5,""sub_base_context"":100.0,""_score"":45.2},""compression"":{""VC1_atr_ratio"":{""value"":0.3867220369754607,""score"":100},""VC2_range_contraction"":{""value"":0.7191103560762373,""score"":46.81494065396045},""VC3_range_pct_rank"":{""score"":25.0},""_score"":62.64},""sr_quality"":{""SR1_touches"":{""value"":2,""score"":25.0},""SR2_tightness"":{""value"":0.16500000000000004,""score"":50.76359063442499},""SR3_recency"":{""value"":231,""score"":0.0},""SR4_price_location"":{""score"":76.97674418604649},""SR5_reaction"":{""value"":2.0216768087986106,""score"":100},""_score"":49.36,""_levels_found"":9,""_target_level"":15.155},""volume"":{""V1_rvol_day"":{""value"":1.2763222074904128,""score"":51.75481383269419},""V2_rvol_sameslot"":{""value"":1.193954763466785,""score"":46.26365089778567,""status"":""ok""},""V3_breakout_bar"":{""value"":0.756344382608,""score"":17.089625507199997},""V4_base_dryup"":{""value"":0.44041840987933456,""score"":100},""V5_bo_expansion"":{""value"":1.2763222074904124,""score"":18.421480499360822},""_score"":46.64},""readiness"":{""_distance_atr"":0.985,""BR1_atr_distance"":{""score"":34.351454179233315},""BR2_compression"":{""score"":0},""BR3_retest"":{""score"":50.0},""BR4_bo_age"":{""score"":50.0},""_score"":31.24},""risk"":{""R1_stop_clarity"":{""score"":38.32020717657978},""R2_stop_distance_pct"":{""value"":7.412687585266033,""score"":100.0},""R3_stop_distance_atr"":{""value"":1.6213698805324357,""score"":100.0},""R4_rr_potential"":{""value"":2.0244777767553126,""score"":51.22388883776563},""_score"":68.66},""market"":{""M1_spy_regime"":{""score"":100.0},""M3_earnings_risk"":{""value"":null,""score"":80.0},""M4_vix"":{""value"":null,""score"":60.0},""_score"":84.0},""liquidity"":{""L1_price"":{""value"":14.66,""score"":100.0},""L2_dollar_vol"":{""value"":20537788.33916698,""score"":65.62768368698877},""L3_spread_proxy"":{""value"":0.07366984993178718,""score"":26.330150068212816},""L4_volume_zscore"":{""value"":0.7587966978063232,""score"":100.0},""_score"":78.88},""pattern_structure"":{""left_low"":14.4501,""left_idx"":28,""right_low"":13.78,""right_idx"":76,""separation_bars"":48,""structural_low"":13.78,""current_price"":14.76,""neckline_distance_pct"":0.03794037940379407,""base_bars"":48},""pattern_geometry_features"":{""low_similarity_pct"":0.04747414993216471,""bounce_pct"":0.11175616835994202,""right_bottom_reaction"":0.24537037037037088,""atr_pct"":0.04571867082440071},""_schema_version"":""1.0""}",,,,,,,,,,
20260513T182534Z-d71724,2026-05-13T18:25:34.488073+00:00,MRVL,double_bottom,setup,59.54,100.0,78.1,24.3,37.7,11.2,57.5,34.6,84.0,92.5,15.0,19.53,1.94,5.27,1.45,4.6,2.07,5.04,4.62,False,,178.2551,175.8,155.591,193.6396,"{""trend"":{""T1_ema_stack"":{""value"":[true,true,true],""score"":100.0},""T2_ema50_slope"":{""value"":1.0154782881105175,""score"":100},""T3_high_proximity"":{""value"":1.0,""score"":99.99999999999997},""T4_rs_1m"":{""value"":0.26238688805892596,""score"":100},""T5_rs_3m"":{""value"":1.118052335999899,""score"":100},""T6_adr_healthy"":{""value"":5.575862876821708,""score"":100.0},""_score"":100.0},""geometry"":{""sub_low_similarity"":83.6,""sub_bounce_quality"":100,""sub_separation_fit"":0.0,""sub_right_bottom_reaction"":87.0,""sub_base_context"":100.0,""_score"":78.13},""compression"":{""VC1_atr_ratio"":{""value"":0.7759000870170789,""score"":56.024978245730274},""VC2_range_contraction"":{""value"":1.1374764106528994,""score"":0},""VC3_range_pct_rank"":{""score"":7.499999999999996},""_score"":24.28},""sr_quality"":{""SR1_touches"":{""value"":2,""score"":25.0},""SR2_tightness"":{""value"":2.480000000000004,""score"":53.83592607366037},""SR3_recency"":{""value"":228,""score"":0.0},""SR4_price_location"":{""score"":30.0},""SR5_reaction"":{""value"":1.9465975269246116,""score"":97.32987634623058},""_score"":37.67,""_levels_found"":5,""_target_level"":173.32},""volume"":{""V1_rvol_day"":{""value"":0.9267506333225376,""score"":28.450042221502507},""V2_rvol_sameslot"":{""value"":0.8083046722476286,""score"":20.553644816508573,""status"":""ok""},""V3_breakout_bar"":{""value"":0.43835418757415634,""score"":0},""V4_base_dryup"":{""value"":1.4322527214626255,""score"":6.774727853737446},""V5_bo_expansion"":{""value"":0.9267506333225376,""score"":0},""_score"":11.16},""readiness"":{""_distance_atr"":-0.229,""BR1_atr_distance"":{""score"":100.0},""BR2_compression"":{""score"":0},""BR3_retest"":{""score"":50.0},""BR4_bo_age"":{""score"":50.0},""_score"":57.5},""risk"":{""R1_stop_clarity"":{""score"":55.89458316713208},""R2_stop_distance_pct"":{""value"":12.714422196054981,""score"":0.0},""R3_stop_distance_atr"":{""value"":2.109410211408057,""score"":100.0},""R4_rr_potential"":{""value"":0.6788046261343831,""score"":0.0},""_score"":34.56},""market"":{""M1_spy_regime"":{""score"":100.0},""M3_earnings_risk"":{""value"":null,""score"":80.0},""M4_vix"":{""value"":null,""score"":60.0},""_score"":84.0},""liquidity"":{""L1_price"":{""value"":178.2551,""score"":100.0},""L2_dollar_vol"":{""value"":4179734247.8848467,""score"":100.0},""L3_spread_proxy"":{""value"":0.07517316475096648,""score"":24.826835249033522},""L4_volume_zscore"":{""value"":-0.26178900764238333,""score"":100.0},""_score"":92.48},""pattern_structure"":{""left_low"":159.26,""left_idx"":28,""right_low"":157.9604,""right_idx"":73,""separation_bars"":45,""structural_low"":157.9604,""current_price"":175.705,""neckline_distance_pct"":0.0005406789789704269,""base_bars"":45},""pattern_geometry_features"":{""low_similarity_pct"":0.008193672285893329,""bounce_pct"":0.1129371665303457,""right_bottom_reaction"":0.8704190392758102,""atr_pct"":0.060274773144138476},""_schema_version"":""1.0""}",,,,,,,,,,
20260513T182534Z-d71724,2026-05-13T18:25:34.488073+00:00,MSTR,breakout_retest_hold,setup,59.34,85.6,63.6,53.0,44.3,9.7,69.8,61.4,84.0,96.2,11.98,13.98,3.18,6.21,1.26,12.57,3.07,4.2,2.88,False,,180.09,175.75,173.8143,179.273,"{""trend"":{""T1_ema_stack"":{""value"":[true,true,false],""score"":66.66666666666666},""T2_ema50_slope"":{""value"":0.579842633355277,""score"":100},""T3_high_proximity"":{""value"":0.9191078901704604,""score"":59.553945085230154},""T4_rs_1m"":{""value"":0.24103846223324266,""score"":100},""T5_rs_3m"":{""value"":0.3550630076113186,""score"":100},""T6_adr_healthy"":{""value"":5.622617324175856,""score"":100.0},""_score"":85.6},""geometry"":{""sub_retest_depth"":64.4,""sub_retest_timing"":0.0,""sub_retest_freshness"":100.0,""sub_hold_quality"":80.8,""_score"":63.56},""compression"":{""VC1_atr_ratio"":{""value"":0.7214362552480132,""score"":69.64093618799669},""VC2_range_contraction"":{""value"":0.9395695722672486,""score"":10.07173795545857},""VC3_range_pct_rank"":{""score"":86.66666666666667},""_score"":53.05},""sr_quality"":{""SR1_touches"":{""value"":2,""score"":25.0},""SR2_tightness"":{""value"":0.10500000000000398,""score"":97.97080022942374},""SR3_recency"":{""value"":229,""score"":0.0},""SR4_price_location"":{""score"":28.54144805876186},""SR5_reaction"":{""value"":2.3616020187086693,""score"":100},""_score"":44.33,""_levels_found"":8,""_target_level"":190.305},""volume"":{""V1_rvol_day"":{""value"":0.41718221380777687,""score"":0},""V2_rvol_sameslot"":{""value"":0.5311829330631261,""score"":2.0788622042084093,""status"":""ok""},""V3_breakout_bar"":{""value"":0.4869172790956208,""score"":0},""V4_base_dryup"":{""value"":1.0372424519928252,""score"":46.275754800717486},""V5_bo_expansion"":{""value"":0.4171822138077768,""score"":0},""_score"":9.67},""readiness"":{""_distance_atr"":-0.419,""BR1_atr_distance"":{""score"":100.0},""BR2_compression"":{""score"":22.10110132247704},""BR3_retest"":{""score"":99.13034295546731},""BR4_bo_age"":{""score"":30.0},""_score"":69.85},""risk"":{""R1_stop_clarity"":{""score"":66.06984726475623},""R2_stop_distance_pct"":{""value"":3.484757621189406,""score"":100.0},""R3_stop_distance_atr"":{""value"":0.6064118571526186,""score"":55.320592857630935},""R4_rr_potential"":{""value"":-0.13018468059340108,""score"":0.0},""_score"":61.42},""market"":{""M1_spy_regime"":{""score"":100.0},""M3_earnings_risk"":{""value"":null,""score"":80.0},""M4_vix"":{""value"":null,""score"":60.0},""_score"":84.0},""liquidity"":{""L1_price"":{""value"":180.09,""score"":100.0},""L2_dollar_vol"":{""value"":1403611438.4986334,""score"":100.0},""L3_spread_proxy"":{""value"":0.038369704036870435,""score"":61.63029596312956},""L4_volume_zscore"":{""value"":-1.172338890160339,""score"":100.0},""_score"":96.16},""pattern_structure"":{""level"":175.75,""level_idx"":5,""breakout_idx"":29,""bo_peak_idx"":69,""bo_peak_price"":197.0,""retest_idx"":76,""retest_low"":175.57,""structural_low"":175.57,""current_price"":179.815,""neckline_distance_pct"":-0.022606567861413105,""base_bars"":74,""bars_since_breakout"":50},""pattern_geometry_features"":{""retest_depth_atr"":0.0510928186204958,""bars_breakout_to_retest"":47.0,""bars_since_retest"":3.0,""current_above_level_atr"":1.1538461538461524,""bo_peak_excess_pct"":0.12091038406827881,""atr_pct"":0.05746519597344185},""_schema_version"":""1.0""}",,,,,,,,,,
20260513T182534Z-d71724,2026-05-13T18:25:34.488073+00:00,UEC,double_bottom,forming,59.32,71.3,68.1,55.8,58.4,15.1,33.9,79.2,84.0,89.8,10.7,17.02,4.47,8.18,1.96,2.71,4.75,5.04,4.49,False,,15.525,16.8281,14.2135,19.2262,"{""trend"":{""T1_ema_stack"":{""value"":[true,true,true],""score"":100.0},""T2_ema50_slope"":{""value"":0.13674777572341437,""score"":72.79129595390239},""T3_high_proximity"":{""value"":0.9426229508196722,""score"":71.31147540983606},""T4_rs_1m"":{""value"":0.02916127290213666,""score"":79.16127290213666},""T5_rs_3m"":{""value"":-0.09701400560835127,""score"":1.4929971958243655},""T6_adr_healthy"":{""value"":6.9669744430602725,""score"":100.0},""_score"":71.31},""geometry"":{""sub_low_similarity"":50.7,""sub_bounce_quality"":100,""sub_separation_fit"":6.7,""sub_right_bottom_reaction"":79.0,""sub_base_context"":100.0,""_score"":68.06},""compression"":{""VC1_atr_ratio"":{""value"":0.49595502266116587,""score"":100},""VC2_range_contraction"":{""value"":1.0959835174292196,""score"":0},""VC3_range_pct_rank"":{""score"":63.33333333333333},""_score"":55.83},""sr_quality"":{""SR1_touches"":{""value"":3,""score"":50.0},""SR2_tightness"":{""value"":0.3271425105702748,""score"":45.72629495083547},""SR3_recency"":{""value"":237,""score"":0.0},""SR4_price_location"":{""score"":94.11146766026246},""SR5_reaction"":{""value"":1.7405919553169722,""score"":87.0295977658486},""_score"":58.44,""_levels_found"":5,""_target_level"":15.5933},""volume"":{""V1_rvol_day"":{""value"":0.450353723973817,""score"":0},""V2_rvol_sameslot"":{""value"":0.6068731287572512,""score"":7.124875250483413,""status"":""ok""},""V3_breakout_bar"":{""value"":0.37797435252736056,""score"":0},""V4_base_dryup"":{""value"":0.8158676244052637,""score"":68.41323755947363},""V5_bo_expansion"":{""value"":0.450353723973817,""score"":0},""_score"":15.11},""readiness"":{""_distance_atr"":1.081,""BR1_atr_distance"":{""score"":27.937557522683264},""BR2_compression"":{""score"":20.723055807473077},""BR3_retest"":{""score"":50.0},""BR4_bo_age"":{""score"":50.0},""_score"":33.86},""risk"":{""R1_stop_clarity"":{""score"":64.0904404706886},""R2_stop_distance_pct"":{""value"":8.447342995169087,""score"":88.8164251207728},""R3_stop_distance_atr"":{""value"":1.0878630594759862,""score"":79.3931529737993},""R4_rr_potential"":{""value"":2.822219680506307,""score"":91.11098402531535},""_score"":79.21},""market"":{""M1_spy_regime"":{""score"":100.0},""M3_earnings_risk"":{""value"":null,""score"":80.0},""M4_vix"":{""value"":null,""score"":60.0},""_score"":84.0},""liquidity"":{""L1_price"":{""value"":15.525,""score"":100.0},""L2_dollar_vol"":{""value"":62204332.0813362,""score"":89.6910315605096},""L3_spread_proxy"":{""value"":0.06054106280193235,""score"":39.45893719806765},""L4_volume_zscore"":{""value"":-2.432776193587085,""score"":100.0},""_score"":89.82},""pattern_structure"":{""left_low"":14.43,""left_idx"":29,""right_low"":14.79,""right_idx"":73,""separation_bars"":44,""structural_low"":14.43,""current_price"":15.685,""neckline_distance_pct"":0.07287854638189344,""base_bars"":44},""pattern_geometry_features"":{""low_similarity_pct"":0.024640657084188874,""bounce_pct"":0.16618849618849615,""right_bottom_reaction"":0.7903225806451633,""atr_pct"":0.07765079365079365},""_schema_version"":""1.0""}",,,,,,,,,,
20260513T182534Z-d71724,2026-05-13T18:25:34.488073+00:00,LSCC,double_bottom,forming,59.08,99.0,62.3,48.4,41.6,10.9,49.2,63.9,84.0,94.9,14.84,15.58,3.87,5.82,1.41,3.93,3.83,5.04,4.74,False,,127.18,129.38,117.5499,139.42,"{""trend"":{""T1_ema_stack"":{""value"":[true,true,true],""score"":100.0},""T2_ema50_slope"":{""value"":0.5834375678380894,""score"":100},""T3_high_proximity"":{""value"":0.986197270471464,""score"":93.09863523573198},""T4_rs_1m"":{""value"":0.07816550749891316,""score"":100},""T5_rs_3m"":{""value"":0.1289912460858733,""score"":100},""T6_adr_healthy"":{""value"":4.83626853065574,""score"":100.0},""_score"":98.96},""geometry"":{""sub_low_similarity"":67.7,""sub_bounce_quality"":77.3,""sub_separation_fit"":13.3,""sub_right_bottom_reaction"":30.4,""sub_base_context"":100.0,""_score"":62.32},""compression"":{""VC1_atr_ratio"":{""value"":0.6052767316063383,""score"":98.68081709841542},""VC2_range_contraction"":{""value"":1.1504271529218864,""score"":0},""VC3_range_pct_rank"":{""score"":35.83333333333333},""_score"":48.43},""sr_quality"":{""SR1_touches"":{""value"":2,""score"":25.0},""SR2_tightness"":{""value"":0.7986000000000004,""score"":77.28613569321533},""SR3_recency"":{""value"":230,""score"":0.0},""SR4_price_location"":{""score"":30.0},""SR5_reaction"":{""value"":2.1285501840610452,""score"":100},""_score"":41.59,""_levels_found"":7,""_target_level"":127.1476},""volume"":{""V1_rvol_day"":{""value"":0.4766166566194917,""score"":0},""V2_rvol_sameslot"":{""value"":0.5004689876308049,""score"":0.031265842053662674,""status"":""ok""},""V3_breakout_bar"":{""value"":0.4376303790337019,""score"":0},""V4_base_dryup"":{""value"":0.9572179433603543,""score"":54.27820566396457},""V5_bo_expansion"":{""value"":0.47661665661949165,""score"":0},""_score"":10.86},""readiness"":{""_distance_atr"":0.313,""BR1_atr_distance"":{""score"":79.14245701856332},""BR2_compression"":{""score"":0},""BR3_retest"":{""score"":50.0},""BR4_bo_age"":{""score"":50.0},""_score"":49.16},""risk"":{""R1_stop_clarity"":{""score"":49.08578951217743},""R2_stop_distance_pct"":{""value"":7.572023903129422,""score"":100.0},""R3_stop_distance_atr"":{""value"":1.3695015318104615,""score"":93.47507659052307},""R4_rr_potential"":{""value"":1.27101483889056,""score"":13.550741944528},""_score"":63.91},""market"":{""M1_spy_regime"":{""score"":100.0},""M3_earnings_risk"":{""value"":null,""score"":80.0},""M4_vix"":{""value"":null,""score"":60.0},""_score"":84.0},""liquidity"":{""L1_price"":{""value"":127.18,""score"":100.0},""L2_dollar_vol"":{""value"":154315416.46838018,""score"":100.0},""L3_spread_proxy"":{""value"":0.05110866488441579,""score"":48.89133511558421},""L4_volume_zscore"":{""value"":-1.4989779355110493,""score"":100.0},""_score"":94.89},""pattern_structure"":{""left_low"":119.34,""left_idx"":28,""right_low"":121.285,""right_idx"":71,""separation_bars"":43,""structural_low"":119.34,""current_price"":125.235,""neckline_distance_pct"":0.0330977761807801,""base_bars"":43},""pattern_geometry_features"":{""low_similarity_pct"":0.01616623376623371,""bounce_pct"":0.08412937824702524,""right_bottom_reaction"":0.3044117647058808,""atr_pct"":0.05529036461258509},""_schema_version"":""1.0""}",,,,,,,,,,
20260513T182534Z-d71724,2026-05-13T18:25:34.488073+00:00,SATS,double_bottom,retest_hold,59.01,74.7,63.6,56.3,47.1,31.5,57.5,39.4,84.0,94.1,11.2,15.9,4.5,6.6,4.09,4.6,2.36,5.04,4.71,False,,133.57,132.1,119.7367,142.6399,"{""trend"":{""T1_ema_stack"":{""value"":[true,true,true],""score"":100.0},""T2_ema50_slope"":{""value"":0.1400327759149888,""score"":73.33879598583147},""T3_high_proximity"":{""value"":0.9886018799496705,""score"":94.30093997483525},""T4_rs_1m"":{""value"":-0.045804590348755836,""score"":4.195409651244162},""T5_rs_3m"":{""value"":0.14018165782051595,""score"":100},""T6_adr_healthy"":{""value"":4.563245972308199,""score"":100.0},""_score"":74.65},""geometry"":{""sub_low_similarity"":83.8,""sub_bounce_quality"":81.0,""sub_separation_fit"":13.3,""sub_right_bottom_reaction"":1.9,""sub_base_context"":100.0,""_score"":63.62},""compression"":{""VC1_atr_ratio"":{""value"":0.4881471579372506,""score"":100},""VC2_range_contraction"":{""value"":0.8495671039163526,""score"":25.072149347274568},""VC3_range_pct_rank"":{""score"":30.000000000000004},""_score"":56.28},""sr_quality"":{""SR1_touches"":{""value"":3,""score"":50.0},""SR2_tightness"":{""value"":0.9954865923534848,""score"":64.2208691055898},""SR3_recency"":{""value"":251,""score"":0.0},""SR4_price_location"":{""score"":30.0},""SR5_reaction"":{""value"":2.981874007601595,""score"":100},""_score"":47.13,""_levels_found"":5,""_target_level"":131.3963},""volume"":{""V1_rvol_day"":{""value"":1.2244791155423953,""score"":48.29860770282635},""V2_rvol_sameslot"":{""value"":1.383696203179932,""score"":58.91308021199547,""status"":""ok""},""V3_breakout_bar"":{""value"":0.6101632865882968,""score"":7.344219105886451},""V4_base_dryup"":{""value"":1.2019558542703648,""score"":29.804414572963523},""V5_bo_expansion"":{""value"":1.2244791155423953,""score"":14.96527436949302},""_score"":31.48},""readiness"":{""_distance_atr"":-0.264,""BR1_atr_distance"":{""score"":100.0},""BR2_compression"":{""score"":0},""BR3_retest"":{""score"":50.0},""BR4_bo_age"":{""score"":50.0},""_score"":57.5},""risk"":{""R1_stop_clarity"":{""score"":34.46449058914277},""R2_stop_distance_pct"":{""value"":10.356593172119481,""score"":41.08517069701296},""R3_stop_distance_atr"":{""value"":2.4859375750115196,""score"":100.0},""R4_rr_potential"":{""value"":0.655656930487635,""score"":0.0},""_score"":39.39},""market"":{""M1_spy_regime"":{""score"":100.0},""M3_earnings_risk"":{""value"":null,""score"":80.0},""M4_vix"":{""value"":null,""score"":60.0},""_score"":84.0},""liquidity"":{""L1_price"":{""value"":133.57,""score"":100.0},""L2_dollar_vol"":{""value"":800483970.933191,""score"":100.0},""L3_spread_proxy"":{""value"":0.05869581492850194,""score"":41.30418507149806},""L4_volume_zscore"":{""value"":0.551521697686841,""score"":100.0},""_score"":94.13},""pattern_structure"":{""left_low"":121.5601,""left_idx"":28,""right_low"":122.55,""right_idx"":71,""separation_bars"":43,""structural_low"":121.5601,""current_price"":133.3,""neckline_distance_pct"":-0.009002250562640788,""base_bars"":43},""pattern_geometry_features"":{""low_similarity_pct"":0.00811027483090615,""bounce_pct"":0.08670525937375824,""right_bottom_reaction"":0.01915708812260428,""atr_pct"":0.04166071294880158},""_schema_version"":""1.0""}",,,,,,,,,,
20260513T182534Z-d71724,2026-05-13T18:25:34.488073+00:00,AMD,bull_flag,forming,58.93,98.5,78.2,6.5,39.7,9.7,39.9,81.2,84.0,94.0,13.79,23.46,0.58,3.97,1.35,3.59,2.44,5.04,4.7,False,,449.795,469.215,419.7183,587.1,"{""trend"":{""T1_ema_stack"":{""value"":[true,true,true],""score"":100.0},""T2_ema50_slope"":{""value"":0.919227624888198,""score"":100},""T3_high_proximity"":{""value"":0.980394080080211,""score"":90.19704004010548},""T4_rs_1m"":{""value"":0.6938530435388472,""score"":100},""T5_rs_3m"":{""value"":1.0325499243052332,""score"":100},""T6_adr_healthy"":{""value"":5.443801372488444,""score"":100.0},""_score"":98.53},""geometry"":{""sub_pole_impulse"":100.0,""sub_flag_tightness"":56.6,""sub_flag_shallowness"":45.2,""sub_flag_drift"":100,""sub_flag_duration"":100.0,""_score"":78.19},""compression"":{""VC1_atr_ratio"":{""value"":1.2822996232552244,""score"":0},""VC2_range_contraction"":{""value"":1.3359663912729272,""score"":0},""VC3_range_pct_rank"":{""score"":25.83333333333333},""_score"":6.46},""sr_quality"":{""SR1_touches"":{""value"":2,""score"":25.0},""SR2_tightness"":{""value"":3.2150999999999783,""score"":78.18985813915529},""SR3_recency"":{""value"":295,""score"":0.0},""SR4_price_location"":{""score"":30.0},""SR5_reaction"":{""value"":1.7335606505141283,""score"":86.67803252570641},""_score"":39.73,""_levels_found"":3,""_target_level"":263.7449},""volume"":{""V1_rvol_day"":{""value"":0.41725732466770615,""score"":0},""V2_rvol_sameslot"":{""value"":0.5621742009446798,""score"":4.144946729645324,""status"":""ok""},""V3_breakout_bar"":{""value"":0.48246178093636216,""score"":0},""V4_base_dryup"":{""value"":1.058295070010012,""score"":44.1704929989988},""V5_bo_expansion"":{""value"":0.4172573246677062,""score"":0},""_score"":9.66},""readiness"":{""_distance_atr"":0.659,""BR1_atr_distance"":{""score"":56.08711445599345},""BR2_compression"":{""score"":0},""BR3_retest"":{""score"":50.0},""BR4_bo_age"":{""score"":50.0},""_score"":39.93},""risk"":{""R1_stop_clarity"":{""score"":56.64122633048127},""R2_stop_distance_pct"":{""value"":6.686746184372887,""score"":100.0},""R3_stop_distance_atr"":{""value"":1.0201486784221026,""score"":76.00743392110513},""R4_rr_potential"":{""value"":4.5651693257061465,""score"":100.0},""_score"":81.23},""market"":{""M1_spy_regime"":{""score"":100.0},""M3_earnings_risk"":{""value"":null,""score"":80.0},""M4_vix"":{""value"":null,""score"":60.0},""_score"":84.0},""liquidity"":{""L1_price"":{""value"":449.795,""score"":100.0},""L2_dollar_vol"":{""value"":9068394221.271059,""score"":100.0},""L3_spread_proxy"":{""value"":0.059693860536466664,""score"":40.306139463533334},""L4_volume_zscore"":{""value"":-1.7461015282843824,""score"":100.0},""_score"":94.03},""pattern_structure"":{""pole_low"":351.33,""pole_low_idx"":23,""peak_price"":469.215,""peak_idx"":48,""pole_gain"":0.3355392366151481,""flag_bars"":11,""flag_low"":426.11,""flag_high"":467.09,""structural_low"":426.11,""current_price"":450.8,""neckline_distance_pct"":0.040849600709849075,""base_bars"":11},""pattern_geometry_features"":{""pole_gain"":0.3355392366151481,""pullback_pct"":0.09186620206088886,""flag_range_pct"":0.08733736133755307,""flag_drift_per_bar"":0.00016712712753088406,""atr_pct"":0.06554678083507884,""pole_atr_multiple"":5.11908033224992},""_schema_version"":""1.0""}",,,,,,,,,,
20260513T182534Z-d71724,2026-05-13T18:25:34.488073+00:00,LRCX,ascending_triangle,forming,58.53,94.8,59.9,44.7,41.7,16.4,53.3,51.1,84.0,96.3,14.21,16.77,3.58,5.84,1.97,4.26,2.04,5.04,4.82,False,,297.83,300.0,270.8257,325.05,"{""trend"":{""T1_ema_stack"":{""value"":[true,true,true],""score"":100.0},""T2_ema50_slope"":{""value"":0.38396761100409943,""score"":100},""T3_high_proximity"":{""value"":1.0,""score"":99.99999999999997},""T4_rs_1m"":{""value"":0.02375038162898324,""score"":73.75038162898323},""T5_rs_3m"":{""value"":0.1932857690550882,""score"":100},""T6_adr_healthy"":{""value"":3.884587185930676,""score"":100.0},""_score"":94.75},""geometry"":{""sub_flat_top_quality"":66.7,""sub_hl_slope"":83.0,""sub_compression"":0,""sub_duration"":100.0,""_score"":59.91},""compression"":{""VC1_atr_ratio"":{""value"":0.6926273858172743,""score"":76.8431535456814},""VC2_range_contraction"":{""value"":1.0170691162996028,""score"":0},""VC3_range_pct_rank"":{""score"":55.833333333333336},""_score"":44.7},""sr_quality"":{""SR1_touches"":{""value"":2,""score"":25.0},""SR2_tightness"":{""value"":1.1699999999999875,""score"":83.01710730948697},""SR3_recency"":{""value"":236,""score"":0.0},""SR4_price_location"":{""score"":30.0},""SR5_reaction"":{""value"":1.8964230171073082,""score"":94.82115085536542},""_score"":41.68,""_levels_found"":8,""_target_level"":274.67},""volume"":{""V1_rvol_day"":{""value"":0.35635647418436456,""score"":0},""V2_rvol_sameslot"":{""value"":0.5928175913717817,""score"":6.187839424785446,""status"":""ok""},""V3_breakout_bar"":{""value"":0.5555533131278511,""score"":3.703554208523404},""V4_base_dryup"":{""value"":0.7886123266244667,""score"":71.13876733755333},""V5_bo_expansion"":{""value"":0.3563564741843645,""score"":0},""_score"":16.39},""readiness"":{""_distance_atr"":0.157,""BR1_atr_distance"":{""score"":89.50060480387067},""BR2_compression"":{""score"":0},""BR3_retest"":{""score"":50.0},""BR4_bo_age"":{""score"":50.0},""_score"":53.3},""risk"":{""R1_stop_clarity"":{""score"":40.13530326594068},""R2_stop_distance_pct"":{""value"":9.067001309471852,""score"":73.3249672632037},""R3_stop_distance_atr"":{""value"":1.9598729911871435,""score"":100.0},""R4_rr_potential"":{""value"":1.007989483136914,""score"":0.39947415684570275},""_score"":51.12},""market"":{""M1_spy_regime"":{""score"":100.0},""M3_earnings_risk"":{""value"":null,""score"":80.0},""M4_vix"":{""value"":null,""score"":60.0},""_score"":84.0},""liquidity"":{""L1_price"":{""value"":297.83,""score"":100.0},""L2_dollar_vol"":{""value"":984688226.3371677,""score"":100.0},""L3_spread_proxy"":{""value"":0.03666521169794855,""score"":63.33478830205145},""L4_volume_zscore"":{""value"":-2.3215560309191443,""score"":100.0},""_score"":96.33},""pattern_structure"":{""top"":300.0,""top_touches"":3,""low_slope_per_bar"":0.6848232573505093,""lowest_low"":274.95,""structural_low"":274.95,""current_price"":296.55,""neckline_distance_pct"":0.01163378856853815,""base_bars"":45},""pattern_geometry_features"":{""top_touches"":3.0,""low_slope"":0.6848232573505093,""compression"":-0.043099513145490986,""atr_pct"":0.046263208637717615},""_schema_version"":""1.0""}",,,,,,,,,,
20260513T182534Z-d71724,2026-05-13T18:25:34.488073+00:00,NOK,double_bottom,breakout_confirmed,58.48,100.0,81.5,0.8,38.1,23.4,36.1,35.4,84.0,92.1,15.0,20.38,0.07,5.34,3.04,2.89,2.12,5.04,4.6,False,,14.615,14.0,12.6375,15.17,"{""trend"":{""T1_ema_stack"":{""value"":[true,true,true],""score"":100.0},""T2_ema50_slope"":{""value"":0.7735995001662963,""score"":100},""T3_high_proximity"":{""value"":1.0,""score"":99.99999999999997},""T4_rs_1m"":{""value"":0.34251245293844557,""score"":100},""T5_rs_3m"":{""value"":0.9177153142209635,""score"":100},""T6_adr_healthy"":{""value"":5.664037780613742,""score"":100.0},""_score"":100.0},""geometry"":{""sub_low_similarity"":70.6,""sub_bounce_quality"":87.4,""sub_separation_fit"":73.3,""sub_right_bottom_reaction"":79.2,""sub_base_context"":100.0,""_score"":81.53},""compression"":{""VC1_atr_ratio"":{""value"":1.110660181117013,""score"":0},""VC2_range_contraction"":{""value"":1.2020460838985867,""score"":0},""VC3_range_pct_rank"":{""score"":3.3333333333333326},""_score"":0.83},""sr_quality"":{""SR1_touches"":{""value"":3,""score"":50.0},""SR2_tightness"":{""value"":0.18587630295441146,""score"":59.60089046850436},""SR3_recency"":{""value"":257,""score"":0.0},""SR4_price_location"":{""score"":30.0},""SR5_reaction"":{""value"":0.892921828587988,""score"":44.6460914293994},""_score"":38.14,""_levels_found"":4,""_target_level"":8.575},""volume"":{""V1_rvol_day"":{""value"":0.875544804433146,""score"":25.036320295543064},""V2_rvol_sameslot"":{""value"":1.4931647741198,""score"":66.21098494131999,""status"":""ok""},""V3_breakout_bar"":{""value"":0.8064526427604918,""score"":20.430176184032785},""V4_base_dryup"":{""value"":1.9679656725288523,""score"":0},""V5_bo_expansion"":{""value"":0.8755448044331459,""score"":0},""_score"":23.36},""readiness"":{""_distance_atr"":-0.668,""BR1_atr_distance"":{""score"":46.63334057813518},""BR2_compression"":{""score"":0},""BR3_retest"":{""score"":50.0},""BR4_bo_age"":{""score"":50.0},""_score"":36.15},""risk"":{""R1_stop_clarity"":{""score"":58.17213649206675},""R2_stop_distance_pct"":{""value"":13.5302771125556,""score"":0.0},""R3_stop_distance_atr"":{""value"":2.148935014127365,""score"":100.0},""R4_rr_potential"":{""value"":0.2806644921489794,""score"":0.0},""_score"":35.36},""market"":{""M1_spy_regime"":{""score"":100.0},""M3_earnings_risk"":{""value"":null,""score"":80.0},""M4_vix"":{""value"":null,""score"":60.0},""_score"":84.0},""liquidity"":{""L1_price"":{""value"":14.615,""score"":100.0},""L2_dollar_vol"":{""value"":1470688958.660671,""score"":100.0},""L3_spread_proxy"":{""value"":0.0793705097502566,""score"":20.629490249743398},""L4_volume_zscore"":{""value"":-0.41141690022921945,""score"":100.0},""_score"":92.06},""pattern_structure"":{""left_low"":13.02,""left_idx"":39,""right_low"":12.83,""right_idx"":73,""separation_bars"":34,""structural_low"":12.83,""current_price"":14.475,""neckline_distance_pct"":-0.0328151986183074,""base_bars"":34},""pattern_geometry_features"":{""low_similarity_pct"":0.01470019342359764,""bounce_pct"":0.0911925175370226,""right_bottom_reaction"":0.7920689655172415,""atr_pct"":0.06296270954498803},""_schema_version"":""1.0""}",,,,,,,,,,
20260513T182534Z-d71724,2026-05-13T18:25:34.488073+00:00,IREN,double_bottom,forming,58.47,92.2,73.1,23.9,42.4,11.1,30.6,82.5,84.0,93.0,13.82,18.27,1.91,5.93,1.44,2.45,4.95,5.04,4.65,False,,55.33,65.61,52.205,78.22,"{""trend"":{""T1_ema_stack"":{""value"":[true,true,true],""score"":100.0},""T2_ema50_slope"":{""value"":0.47303375774512163,""score"":100},""T3_high_proximity"":{""value"":0.9040849673202613,""score"":52.04248366013064},""T4_rs_1m"":{""value"":0.09847400140212814,""score"":100},""T5_rs_3m"":{""value"":0.22326647071056827,""score"":100},""T6_adr_healthy"":{""value"":8.526608562874545,""score"":86.83478592813638},""_score"":92.15},""geometry"":{""sub_low_similarity"":11.1,""sub_bounce_quality"":100,""sub_separation_fit"":100.0,""sub_right_bottom_reaction"":98.4,""sub_base_context"":100.0,""_score"":73.09},""compression"":{""VC1_atr_ratio"":{""value"":0.9363083153128409,""score"":15.922921171789783},""VC2_range_contraction"":{""value"":1.3813249482209229,""score"":0},""VC3_range_pct_rank"":{""score"":70.0},""_score"":23.87},""sr_quality"":{""SR1_touches"":{""value"":2,""score"":25.0},""SR2_tightness"":{""value"":1.009999999999998,""score"":60.85433882867552},""SR3_recency"":{""value"":226,""score"":0.0},""SR4_price_location"":{""score"":43.050222700046085},""SR5_reaction"":{""value"":3.813795108176571,""score"":100},""_score"":42.39,""_levels_found"":5,""_target_level"":64.6},""volume"":{""V1_rvol_day"":{""value"":0.7385628164255474,""score"":15.904187761703161},""V2_rvol_sameslot"":{""value"":1.0940240711748188,""score"":39.601604744987924,""status"":""ok""},""V3_breakout_bar"":{""value"":0.48688904701748015,""score"":0},""V4_base_dryup"":{""value"":1.6102614869188567,""score"":0},""V5_bo_expansion"":{""value"":0.7385628164255474,""score"":0},""_score"":11.1},""readiness"":{""_distance_atr"":1.992,""BR1_atr_distance"":{""score"":0},""BR2_compression"":{""score"":52.30234981663422},""BR3_retest"":{""score"":50.0},""BR4_bo_age"":{""score"":50.0},""_score"":30.58},""risk"":{""R1_stop_clarity"":{""score"":69.18732610771971},""R2_stop_distance_pct"":{""value"":5.647930598228809,""score"":100.0},""R3_stop_distance_atr"":{""value"":0.6055950057445011,""score"":55.27975028722505},""R4_rr_potential"":{""value"":7.3248,""score"":100.0},""_score"":82.51},""market"":{""M1_spy_regime"":{""score"":100.0},""M3_earnings_risk"":{""value"":null,""score"":80.0},""M4_vix"":{""value"":null,""score"":60.0},""_score"":84.0},""liquidity"":{""L1_price"":{""value"":55.33,""score"":100.0},""L2_dollar_vol"":{""value"":2040422734.4820404,""score"":100.0},""L3_spread_proxy"":{""value"":0.07030544008675223,""score"":29.694559913247772},""L4_volume_zscore"":{""value"":-0.4973901487685927,""score"":100.0},""_score"":92.97},""pattern_structure"":{""left_low"":55.41,""left_idx"":57,""right_low"":53.0,""right_idx"":73,""separation_bars"":16,""structural_low"":53.0,""current_price"":55.655,""neckline_distance_pct"":0.1788698230167999,""base_bars"":16},""pattern_geometry_features"":{""low_similarity_pct"":0.044460843095655324,""bounce_pct"":0.2379245283018868,""right_bottom_reaction"":0.9837962962962978,""atr_pct"":0.09326250290465005},""_schema_version"":""1.0""}",,,,,,,,,,
20260513T182534Z-d71724,2026-05-13T18:25:34.488073+00:00,SGML,double_bottom,forming,57.83,70.9,66.8,55.3,50.4,19.4,29.5,80.5,84.0,84.8,10.63,16.71,4.43,7.06,2.53,2.36,4.83,5.04,4.24,False,,19.14,21.11,18.5574,23.38,"{""trend"":{""T1_ema_stack"":{""value"":[false,true,true],""score"":66.66666666666666},""T2_ema50_slope"":{""value"":1.2278339255151052,""score"":100},""T3_high_proximity"":{""value"":0.8093023255813955,""score"":4.651162790697716},""T4_rs_1m"":{""value"":0.019792016533616286,""score"":69.79201653361628},""T5_rs_3m"":{""value"":0.33134154225386103,""score"":100},""T6_adr_healthy"":{""value"":8.356194227608487,""score"":91.09514430978783},""_score"":70.88},""geometry"":{""sub_low_similarity"":43.5,""sub_bounce_quality"":100,""sub_separation_fit"":73.3,""sub_right_bottom_reaction"":18.6,""sub_base_context"":100.0,""_score"":66.83},""compression"":{""VC1_atr_ratio"":{""value"":0.5345750809636318,""score"":100},""VC2_range_contraction"":{""value"":0.89413203981864,""score"":17.64466003022667},""VC3_range_pct_rank"":{""score"":36.66666666666667},""_score"":55.34},""sr_quality"":{""SR1_touches"":{""value"":3,""score"":50.0},""SR2_tightness"":{""value"":0.12970050972229077,""score"":86.18748422640881},""SR3_recency"":{""value"":277,""score"":0.0},""SR4_price_location"":{""score"":30.0},""SR5_reaction"":{""value"":2.5736403445381772,""score"":100},""_score"":50.43,""_levels_found"":5,""_target_level"":16.7833},""volume"":{""V1_rvol_day"":{""value"":0.7994861107070697,""score"":19.965740713804646},""V2_rvol_sameslot"":{""value"":1.357819116352363,""score"":57.18794109015754,""status"":""ok""},""V3_breakout_bar"":{""value"":0.7412115369331548,""score"":16.080769128876984},""V4_base_dryup"":{""value"":1.5362378552268205,""score"":0},""V5_bo_expansion"":{""value"":0.7994861107070693,""score"":0},""_score"":19.45},""readiness"":{""_distance_atr"":1.049,""BR1_atr_distance"":{""score"":30.067979603583353},""BR2_compression"":{""score"":0},""BR3_retest"":{""score"":50.0},""BR4_bo_age"":{""score"":50.0},""_score"":29.53},""risk"":{""R1_stop_clarity"":{""score"":69.90438228828336},""R2_stop_distance_pct"":{""value"":3.0438871473354197,""score"":100.0},""R3_stop_distance_atr"":{""value"":0.31022128235750496,""score"":40.51106411787525},""R4_rr_potential"":{""value"":7.277720562993483,""score"":100.0},""_score"":80.54},""market"":{""M1_spy_regime"":{""score"":100.0},""M3_earnings_risk"":{""value"":null,""score"":80.0},""M4_vix"":{""value"":null,""score"":60.0},""_score"":84.0},""liquidity"":{""L1_price"":{""value"":19.14,""score"":100.0},""L2_dollar_vol"":{""value"":54959543.867081046,""score"":87.00215598347741},""L3_spread_proxy"":{""value"":0.10240334378265417,""score"":0},""L4_volume_zscore"":{""value"":-0.4256999152801216,""score"":100.0},""_score"":84.8},""pattern_structure"":{""left_low"":19.38,""left_idx"":70,""right_low"":18.84,""right_idx"":76,""separation_bars"":6,""structural_low"":18.84,""current_price"":19.155,""neckline_distance_pct"":0.10206212477160001,""base_bars"":6},""pattern_geometry_features"":{""low_similarity_pct"":0.028257456828885356,""bounce_pct"":0.12048832271762205,""right_bottom_reaction"":0.1862244897959175,""atr_pct"":0.09811986863711},""_schema_version"":""1.0""}",,,,,,,,,,
20260513T182534Z-d71724,2026-05-13T18:25:34.488073+00:00,CCJ,double_bottom,forming,57.79,46.1,71.5,56.0,45.5,46.4,21.0,76.8,84.0,95.9,6.92,17.86,4.48,6.37,6.03,1.68,4.61,5.04,4.8,True,reversal_trend_cap,115.56,124.57,110.3397,137.12,"{""trend"":{""T1_ema_stack"":{""value"":[false,true,true],""score"":66.66666666666666},""T2_ema50_slope"":{""value"":0.1782614659715507,""score"":79.71024432859178},""T3_high_proximity"":{""value"":0.9137344824859651,""score"":56.86724124298254},""T4_rs_1m"":{""value"":-0.07387295823901463,""score"":0},""T5_rs_3m"":{""value"":-0.10380332381103818,""score"":0},""T6_adr_healthy"":{""value"":5.258913025911144,""score"":100.0},""_score"":46.14},""geometry"":{""sub_low_similarity"":77.3,""sub_bounce_quality"":100,""sub_separation_fit"":93.3,""sub_right_bottom_reaction"":55.2,""sub_base_context"":30.0,""_score"":71.46},""compression"":{""VC1_atr_ratio"":{""value"":0.5911882296906249,""score"":100},""VC2_range_contraction"":{""value"":1.2268920934602259,""score"":0},""VC3_range_pct_rank"":{""score"":64.16666666666666},""_score"":56.04},""sr_quality"":{""SR1_touches"":{""value"":3,""score"":50.0},""SR2_tightness"":{""value"":1.0735130284361822,""score"":67.3512507929504},""SR3_recency"":{""value"":248,""score"":0.0},""SR4_price_location"":{""score"":23.772498008436564},""SR5_reaction"":{""value"":1.931529480513414,""score"":96.5764740256707},""_score"":45.53,""_levels_found"":6,""_target_level"":121.2853},""volume"":{""V1_rvol_day"":{""value"":0.7480617112944685,""score"":16.537447419631235},""V2_rvol_sameslot"":{""value"":2.0525052070391707,""score"":100,""status"":""ok""},""V3_breakout_bar"":{""value"":1.0716611370271636,""score"":38.11074246847757},""V4_base_dryup"":{""value"":0.8239050563266413,""score"":67.60949436733586},""V5_bo_expansion"":{""value"":0.7480617112944685,""score"":0},""_score"":46.36},""readiness"":{""_distance_atr"":1.37,""BR1_atr_distance"":{""score"":8.659630402425648},""BR2_compression"":{""score"":0},""BR3_retest"":{""score"":50.0},""BR4_bo_age"":{""score"":50.0},""_score"":20.96},""risk"":{""R1_stop_clarity"":{""score"":48.89704005500401},""R2_stop_distance_pct"":{""value"":4.5173935617860925,""score"":100.0},""R3_stop_distance_atr"":{""value"":0.7938248580636272,""score"":64.69124290318136},""R4_rr_potential"":{""value"":4.130030841139392,""score"":100.0},""_score"":76.82},""market"":{""M1_spy_regime"":{""score"":100.0},""M3_earnings_risk"":{""value"":null,""score"":80.0},""M4_vix"":{""value"":null,""score"":60.0},""_score"":84.0},""liquidity"":{""L1_price"":{""value"":115.56,""score"":100.0},""L2_dollar_vol"":{""value"":280491647.80645436,""score"":100.0},""L3_spread_proxy"":{""value"":0.040931118033921805,""score"":59.068881966078195},""L4_volume_zscore"":{""value"":-0.9176329597606514,""score"":100.0},""_score"":95.91},""pattern_structure"":{""left_low"":113.3,""left_idx"":45,""right_low"":112.02,""right_idx"":76,""separation_bars"":31,""structural_low"":112.02,""current_price"":115.89,""neckline_distance_pct"":0.07489861075157471,""base_bars"":31},""pattern_geometry_features"":{""low_similarity_pct"":0.011361619030711886,""bounce_pct"":0.11203356543474377,""right_bottom_reaction"":0.5517970401691326,""atr_pct"":0.05690667803985563},""_schema_version"":""1.0""}",,,,,,,,,,
20260513T182534Z-d71724,2026-05-13T18:25:34.488073+00:00,IRDM,double_bottom,absent,57.68,100.0,49.9,58.4,54.0,15.7,59.0,32.7,84.0,84.3,15.0,12.48,4.67,7.56,2.04,4.72,1.96,5.04,4.22,False,,43.46,43.6,37.9915,48.63,"{""trend"":{""T1_ema_stack"":{""value"":[true,true,true],""score"":100.0},""T2_ema50_slope"":{""value"":0.7732602906021855,""score"":100},""T3_high_proximity"":{""value"":1.0,""score"":99.99999999999997},""T4_rs_1m"":{""value"":0.133646675417461,""score"":100},""T5_rs_3m"":{""value"":1.2808504233456337,""score"":100},""T6_adr_healthy"":{""value"":6.27752493224758,""score"":100.0},""_score"":100.0},""geometry"":{""sub_low_similarity"":4.8,""sub_bounce_quality"":100,""sub_separation_fit"":13.3,""sub_right_bottom_reaction"":43.2,""sub_base_context"":100.0,""_score"":49.92},""compression"":{""VC1_atr_ratio"":{""value"":0.5220523379198035,""score"":100},""VC2_range_contraction"":{""value"":0.7740520607082261,""score"":37.65798988196232},""VC3_range_pct_rank"":{""score"":20.833333333333336},""_score"":58.39},""sr_quality"":{""SR1_touches"":{""value"":6,""score"":100},""SR2_tightness"":{""value"":0.5392745950709052,""score"":53.83318251254985},""SR3_recency"":{""value"":259,""score"":0.0},""SR4_price_location"":{""score"":30.0},""SR5_reaction"":{""value"":1.1211012185029823,""score"":56.055060925149114},""_score"":53.98,""_levels_found"":4,""_target_level"":24.3027},""volume"":{""V1_rvol_day"":{""value"":0.298973585395138,""score"":0},""V2_rvol_sameslot"":{""value"":0.6366302585199607,""score"":9.108683901330712,""status"":""ok""},""V3_breakout_bar"":{""value"":0.7855987203109068,""score"":19.03991468739379},""V4_base_dryup"":{""value"":1.0455106829377827,""score"":45.44893170622173},""V5_bo_expansion"":{""value"":0.298973585395138,""score"":0},""_score"":15.67},""readiness"":{""_distance_atr"":0.06,""BR1_atr_distance"":{""score"":96.0049082555717},""BR2_compression"":{""score"":12.22557168260228},""BR3_retest"":{""score"":50.0},""BR4_bo_age"":{""score"":50.0},""_score"":58.96},""risk"":{""R1_stop_clarity"":{""score"":50.470850098450484},""R2_stop_distance_pct"":{""value"":12.582949838932352,""score"":0.0},""R3_stop_distance_atr"":{""value"":2.3407884598921322,""score"":100.0},""R4_rr_potential"":{""value"":0.9454060034195538,""score"":0.0},""_score"":32.66},""market"":{""M1_spy_regime"":{""score"":100.0},""M3_earnings_risk"":{""value"":null,""score"":80.0},""M4_vix"":{""value"":null,""score"":60.0},""_score"":84.0},""liquidity"":{""L1_price"":{""value"":43.46,""score"":100.0},""L2_dollar_vol"":{""value"":33156248.08710548,""score"":76.02826902627693},""L3_spread_proxy"":{""value"":0.06074551311550853,""score"":39.25448688449147},""L4_volume_zscore"":{""value"":-1.543455193522392,""score"":100.0},""_score"":84.34},""pattern_structure"":{""left_low"":38.57,""left_idx"":28,""right_low"":40.45,""right_idx"":71,""separation_bars"":43,""structural_low"":38.57,""current_price"":43.22,""neckline_distance_pct"":0.00879222582137905,""base_bars"":43},""pattern_geometry_features"":{""low_similarity_pct"":0.047582890407491835,""bounce_pct"":0.13041223749027744,""right_bottom_reaction"":0.43243243243242985,""atr_pct"":0.053755177174413256},""_schema_version"":""1.0""}",,,,,,,,,,
20260513T182534Z-d71724,2026-05-13T18:25:34.488073+00:00,CCJ,cup_with_handle,forming,57.67,46.1,71.5,56.0,45.5,41.1,20.4,76.8,84.0,95.9,6.46,21.46,4.48,5.46,5.34,1.63,3.84,4.2,4.8,False,,115.56,124.7199,110.3397,146.3659,"{""trend"":{""T1_ema_stack"":{""value"":[false,true,true],""score"":66.66666666666666},""T2_ema50_slope"":{""value"":0.1782614659715507,""score"":79.71024432859178},""T3_high_proximity"":{""value"":0.9137344824859651,""score"":56.86724124298254},""T4_rs_1m"":{""value"":-0.07387295823901463,""score"":0},""T5_rs_3m"":{""value"":-0.10380332381103818,""score"":0},""T6_adr_healthy"":{""value"":5.258913025911144,""score"":100.0},""_score"":46.14},""geometry"":{""sub_cup_depth"":97.8,""sub_cup_duration"":100.0,""sub_rim_symmetry"":51.3,""sub_handle_shallowness"":15.1,""sub_handle_proportion"":100.0,""sub_u_shape"":91.2,""_score"":71.52},""compression"":{""VC1_atr_ratio"":{""value"":0.5911882296906249,""score"":100},""VC2_range_contraction"":{""value"":1.2268920934602259,""score"":0},""VC3_range_pct_rank"":{""score"":64.16666666666666},""_score"":56.04},""sr_quality"":{""SR1_touches"":{""value"":3,""score"":50.0},""SR2_tightness"":{""value"":1.0735130284361822,""score"":67.3512507929504},""SR3_recency"":{""value"":248,""score"":0.0},""SR4_price_location"":{""score"":23.772498008436564},""SR5_reaction"":{""value"":1.931529480513414,""score"":96.5764740256707},""_score"":45.53,""_levels_found"":6,""_target_level"":121.2853},""volume"":{""V1_rvol_day"":{""value"":0.7480617112944685,""score"":16.537447419631235},""V2_rvol_sameslot"":{""value"":2.0525052070391707,""score"":100,""status"":""ok""},""V3_breakout_bar"":{""value"":1.0716611370271636,""score"":38.11074246847757},""V4_base_dryup"":{""value"":1.0862840800189801,""score"":41.371591998101984},""V5_bo_expansion"":{""value"":0.7480617112944685,""score"":0},""_score"":41.11},""readiness"":{""_distance_atr"":1.393,""BR1_atr_distance"":{""score"":7.139994286701253},""BR2_compression"":{""score"":0},""BR3_retest"":{""score"":50.0},""BR4_bo_age"":{""score"":50.0},""_score"":20.36},""risk"":{""R1_stop_clarity"":{""score"":48.89704005500401},""R2_stop_distance_pct"":{""value"":4.5173935617860925,""score"":100.0},""R3_stop_distance_atr"":{""value"":0.7938248580636272,""score"":64.69124290318136},""R4_rr_potential"":{""value"":5.9011742620155845,""score"":100.0},""_score"":76.82},""market"":{""M1_spy_regime"":{""score"":100.0},""M3_earnings_risk"":{""value"":null,""score"":80.0},""M4_vix"":{""value"":null,""score"":60.0},""_score"":84.0},""liquidity"":{""L1_price"":{""value"":115.56,""score"":100.0},""L2_dollar_vol"":{""value"":280491647.80645436,""score"":100.0},""L3_spread_proxy"":{""value"":0.040931118033921805,""score"":59.068881966078195},""L4_volume_zscore"":{""value"":-0.9176329597606514,""score"":100.0},""_score"":95.91},""pattern_structure"":{""left_rim"":121.756,""left_rim_idx"":116,""cup_bottom"":100.11,""cup_bottom_idx"":142,""right_rim"":124.7199,""right_rim_idx"":173,""handle_low"":112.02,""handle_bars"":6,""cup_bars"":57,""structural_low"":112.02,""current_price"":115.56,""neckline_distance_pct"":0.07926531671858769,""base_bars"":63},""pattern_geometry_features"":{""cup_depth_pct"":0.1777817930943855,""rim_symmetry_pct"":0.024342948191464858,""handle_depth_pct"":0.10182737478141018,""handle_to_cup_ratio"":0.10526315789473684,""cup_duration_bars"":57.0,""atr_pct"":0.05690667803985563,""u_shape_score"":0.45614035087719296},""_schema_version"":""1.0""}",,,,,,,,,,
20260513T182534Z-d71724,2026-05-13T18:25:34.488073+00:00,ONTO,double_bottom,forming,57.54,73.8,70.2,45.3,46.9,12.7,38.5,70.7,84.0,94.0,11.07,17.55,3.62,6.56,1.65,3.08,4.24,5.04,4.7,False,,278.8,290.3325,262.5222,314.145,"{""trend"":{""T1_ema_stack"":{""value"":[false,true,true],""score"":66.66666666666666},""T2_ema50_slope"":{""value"":0.7735816978396565,""score"":100},""T3_high_proximity"":{""value"":0.9056064444877542,""score"":52.803222243877066},""T4_rs_1m"":{""value"":-0.0037748650664788386,""score"":46.22513493352116},""T5_rs_3m"":{""value"":0.18005529893701855,""score"":100},""T6_adr_healthy"":{""value"":4.888491934288015,""score"":100.0},""_score"":73.83},""geometry"":{""sub_low_similarity"":48.6,""sub_bounce_quality"":84.8,""sub_separation_fit"":100.0,""sub_right_bottom_reaction"":24.5,""sub_base_context"":100.0,""_score"":70.22},""compression"":{""VC1_atr_ratio"":{""value"":0.5363155845440201,""score"":100},""VC2_range_contraction"":{""value"":0.9878672416267009,""score"":2.0221263955498467},""VC3_range_pct_rank"":{""score"":18.333333333333336},""_score"":45.29},""sr_quality"":{""SR1_touches"":{""value"":2,""score"":25.0},""SR2_tightness"":{""value"":3.1500000000000057,""score"":61.072922068607795},""SR3_recency"":{""value"":229,""score"":0.0},""SR4_price_location"":{""score"":60.900269851294716},""SR5_reaction"":{""value"":2.6016263750813744,""score"":100},""_score"":46.89,""_levels_found"":6,""_target_level"":312.85},""volume"":{""V1_rvol_day"":{""value"":0.7602446302872564,""score"":17.349642019150426},""V2_rvol_sameslot"":{""value"":0.762062989837555,""score"":17.470865989170335,""status"":""ok""},""V3_breakout_bar"":{""value"":0.396765641989677,""score"":0},""V4_base_dryup"":{""value"":1.2127326313664344,""score"":28.726736863356564},""V5_bo_expansion"":{""value"":0.7602446302872564,""score"":0},""_score"":12.71},""readiness"":{""_distance_atr"":0.713,""BR1_atr_distance"":{""score"":52.49454748743083},""BR2_compression"":{""score"":0},""BR3_retest"":{""score"":50.0},""BR4_bo_age"":{""score"":50.0},""_score"":38.5},""risk"":{""R1_stop_clarity"":{""score"":50.595977093930514},""R2_stop_distance_pct"":{""value"":5.838522238163563,""score"":100.0},""R3_stop_distance_atr"":{""value"":1.0057891891295485,""score"":75.28945945647743},""R4_rr_potential"":{""value"":2.1713622233962786,""score"":58.56811116981393},""_score"":70.72},""market"":{""M1_spy_regime"":{""score"":100.0},""M3_earnings_risk"":{""value"":null,""score"":80.0},""M4_vix"":{""value"":null,""score"":60.0},""_score"":84.0},""liquidity"":{""L1_price"":{""value"":278.8,""score"":100.0},""L2_dollar_vol"":{""value"":213273943.0678108,""score"":100.0},""L3_spread_proxy"":{""value"":0.059540889526542407,""score"":40.45911047345759},""L4_volume_zscore"":{""value"":-0.8208017893917323,""score"":100.0},""_score"":94.05},""pattern_structure"":{""left_low"":273.46,""left_idx"":57,""right_low"":266.52,""right_idx"":72,""separation_bars"":15,""structural_low"":266.52,""current_price"":278.2,""neckline_distance_pct"":0.04361071171818833,""base_bars"":15},""pattern_geometry_features"":{""low_similarity_pct"":0.025704655727989915,""bounce_pct"":0.08934601530841964,""right_bottom_reaction"":0.2454068241469821,""atr_pct"":0.05804916478786634},""_schema_version"":""1.0""}",,,,,,,,,,
20260513T182534Z-d71724,2026-05-13T18:25:34.488073+00:00,ATI,double_bottom,forming,57.17,74.7,52.6,45.4,67.3,29.8,34.5,55.2,84.0,95.2,11.21,13.16,3.63,9.43,3.87,2.76,3.31,5.04,4.76,False,,164.84,171.11,149.5427,190.4,"{""trend"":{""T1_ema_stack"":{""value"":[true,true,true],""score"":100.0},""T2_ema50_slope"":{""value"":0.1631168048264335,""score"":77.18613413773892},""T3_high_proximity"":{""value"":0.9905059488042304,""score"":95.25297440211517},""T4_rs_1m"":{""value"":-0.05846259062811887,""score"":0},""T5_rs_3m"":{""value"":0.1148638642965476,""score"":100},""T6_adr_healthy"":{""value"":4.5198219238996895,""score"":100.0},""_score"":74.73},""geometry"":{""sub_low_similarity"":35.5,""sub_bounce_quality"":100,""sub_separation_fit"":13.3,""sub_right_bottom_reaction"":0,""sub_base_context"":100.0,""_score"":52.64},""compression"":{""VC1_atr_ratio"":{""value"":0.4124738775727798,""score"":100},""VC2_range_contraction"":{""value"":1.0989125761039527,""score"":0},""VC3_range_pct_rank"":{""score"":21.666666666666668},""_score"":45.42},""sr_quality"":{""SR1_touches"":{""value"":4,""score"":75.0},""SR2_tightness"":{""value"":2.0580389189408037,""score"":43.32155368009262},""SR3_recency"":{""value"":239,""score"":0.0},""SR4_price_location"":{""score"":93.39572428787793},""SR5_reaction"":{""value"":2.487508139061397,""score"":100},""_score"":67.35,""_levels_found"":4,""_target_level"":165.6434},""volume"":{""V1_rvol_day"":{""value"":0.4958966864825149,""score"":0},""V2_rvol_sameslot"":{""value"":0.9885213420312313,""score"":32.56808946874876,""status"":""ok""},""V3_breakout_bar"":{""value"":1.163283113712079,""score"":44.21887424747193},""V4_base_dryup"":{""value"":0.8888440377015693,""score"":61.11559622984307},""V5_bo_expansion"":{""value"":0.495896686482515,""score"":0},""_score"":29.79},""readiness"":{""_distance_atr"":0.863,""BR1_atr_distance"":{""score"":42.441344661464164},""BR2_compression"":{""score"":0},""BR3_retest"":{""score"":50.0},""BR4_bo_age"":{""score"":50.0},""_score"":34.48},""risk"":{""R1_stop_clarity"":{""score"":37.283097702178345},""R2_stop_distance_pct"":{""value"":9.280089784033006,""score"":67.99775539917485},""R3_stop_distance_atr"":{""value"":2.106440235191826,""score"":100.0},""R4_rr_potential"":{""value"":1.670883097017122,""score"":33.5441548508561},""_score"":55.16},""market"":{""M1_spy_regime"":{""score"":100.0},""M3_earnings_risk"":{""value"":null,""score"":80.0},""M4_vix"":{""value"":null,""score"":60.0},""_score"":84.0},""liquidity"":{""L1_price"":{""value"":164.84,""score"":100.0},""L2_dollar_vol"":{""value"":152390554.76561126,""score"":100.0},""L3_spread_proxy"":{""value"":0.04816792040766803,""score"":51.83207959233197},""L4_volume_zscore"":{""value"":-1.321050247076507,""score"":100.0},""_score"":95.18},""pattern_structure"":{""left_low"":151.82,""left_idx"":28,""right_low"":156.7995,""right_idx"":71,""separation_bars"":43,""structural_low"":151.82,""current_price"":165.115,""neckline_distance_pct"":0.03630802773824307,""base_bars"":43},""pattern_geometry_features"":{""low_similarity_pct"":0.03226950986570843,""bounce_pct"":0.1270583585825321,""right_bottom_reaction"":0.0,""atr_pct"":0.04405579436336536},""_schema_version"":""1.0""}",,,,,,,,,,
20260513T182534Z-d71724,2026-05-13T18:25:34.488073+00:00,CRS,double_bottom,forming,56.7,75.0,69.5,50.2,47.2,12.3,17.5,77.0,84.0,95.8,11.26,17.38,4.02,6.6,1.6,1.4,4.62,5.04,4.79,False,,433.44,475.69,407.5585,537.615,"{""trend"":{""T1_ema_stack"":{""value"":[true,true,true],""score"":100.0},""T2_ema50_slope"":{""value"":0.27499005564631845,""score"":95.83167594105308},""T3_high_proximity"":{""value"":0.9460450497642744,""score"":73.02252488213718},""T4_rs_1m"":{""value"":-0.08177997392621383,""score"":0},""T5_rs_3m"":{""value"":0.09898096226463093,""score"":99.49048113231547},""T6_adr_healthy"":{""value"":4.699334827373535,""score"":100.0},""_score"":75.04},""geometry"":{""sub_low_similarity"":89.0,""sub_bounce_quality"":100,""sub_separation_fit"":13.3,""sub_right_bottom_reaction"":5.4,""sub_base_context"":100.0,""_score"":69.5},""compression"":{""VC1_atr_ratio"":{""value"":0.4243799430334762,""score"":100},""VC2_range_contraction"":{""value"":1.0028937457616371,""score"":0},""VC3_range_pct_rank"":{""score"":40.833333333333336},""_score"":50.21},""sr_quality"":{""SR1_touches"":{""value"":2,""score"":25.0},""SR2_tightness"":{""value"":3.759999999999991,""score"":63.40449435077746},""SR3_recency"":{""value"":233,""score"":0.0},""SR4_price_location"":{""score"":60.627519415810795},""SR5_reaction"":{""value"":1.9998567881047937,""score"":99.99283940523969},""_score"":47.17,""_levels_found"":7,""_target_level"":446.24},""volume"":{""V1_rvol_day"":{""value"":0.3249959495298705,""score"":0},""V2_rvol_sameslot"":{""value"":0.4074546522225563,""score"":0,""status"":""ok""},""V3_breakout_bar"":{""value"":0.44825979381739145,""score"":0},""V4_base_dryup"":{""value"":0.8864985935058339,""score"":61.35014064941661},""V5_bo_expansion"":{""value"":0.32499594952987043,""score"":0},""_score"":12.27},""readiness"":{""_distance_atr"":2.056,""BR1_atr_distance"":{""score"":0},""BR2_compression"":{""score"":0},""BR3_retest"":{""score"":50.0},""BR4_bo_age"":{""score"":50.0},""_score"":17.5},""risk"":{""R1_stop_clarity"":{""score"":39.59332688184589},""R2_stop_distance_pct"":{""value"":5.971178248431161,""score"":100.0},""R3_stop_distance_atr"":{""value"":1.2595022135275467,""score"":87.97511067637733},""R4_rr_potential"":{""value"":4.025079714351671,""score"":100.0},""_score"":77.05},""market"":{""M1_spy_regime"":{""score"":100.0},""M3_earnings_risk"":{""value"":null,""score"":80.0},""M4_vix"":{""value"":null,""score"":60.0},""_score"":84.0},""liquidity"":{""L1_price"":{""value"":433.44,""score"":100.0},""L2_dollar_vol"":{""value"":98010690.96340369,""score"":99.56367254644802},""L3_spread_proxy"":{""value"":0.04063699704688076,""score"":59.36300295311924},""L4_volume_zscore"":{""value"":-1.6143105769862958,""score"":100.0},""_score"":95.76},""pattern_structure"":{""left_low"":416.04,""left_idx"":28,""right_low"":413.765,""right_idx"":71,""separation_bars"":43,""structural_low"":413.765,""current_price"":432.0925,""neckline_distance_pct"":0.10089853445732112,""base_bars"":43},""pattern_geometry_features"":{""low_similarity_pct"":0.005483215936274267,""bounce_pct"":0.1496622478943362,""right_bottom_reaction"":0.05389221556886631,""atr_pct"":0.04740903338079418},""_schema_version"":""1.0""}",,,,,,,,,,
20260513T182534Z-d71724,2026-05-13T18:25:34.488073+00:00,NXPI,breakout_retest_hold,setup,56.46,98.1,51.7,35.4,45.7,10.9,62.8,60.1,84.0,96.9,13.74,11.37,2.12,6.4,1.42,11.31,3.0,4.2,2.91,False,,298.29,293.475,288.1,298.4048,"{""trend"":{""T1_ema_stack"":{""value"":[true,true,true],""score"":100.0},""T2_ema50_slope"":{""value"":0.6325538360408407,""score"":100},""T3_high_proximity"":{""value"":0.9748357789470244,""score"":87.4178894735122},""T4_rs_1m"":{""value"":0.35160815363098696,""score"":100},""T5_rs_3m"":{""value"":0.12092525440638058,""score"":100},""T6_adr_healthy"":{""value"":3.699981480779936,""score"":100.0},""_score"":98.11},""geometry"":{""sub_retest_depth"":100.0,""sub_retest_timing"":0.0,""sub_retest_freshness"":50.0,""sub_hold_quality"":38.9,""_score"":51.67},""compression"":{""VC1_atr_ratio"":{""value"":0.7629294310353387,""score"":59.26764224116532},""VC2_range_contraction"":{""value"":1.1915271861648653,""score"":0},""VC3_range_pct_rank"":{""score"":46.666666666666664},""_score"":35.37},""sr_quality"":{""SR1_touches"":{""value"":3,""score"":50.0},""SR2_tightness"":{""value"":1.755227114142836,""score"":76.08796427768654},""SR3_recency"":{""value"":296,""score"":0.0},""SR4_price_location"":{""score"":30.0},""SR5_reaction"":{""value"":1.5714509526112517,""score"":78.57254763056258},""_score"":45.7,""_levels_found"":5,""_target_level"":244.4267},""volume"":{""V1_rvol_day"":{""value"":0.35153718748950014,""score"":0},""V2_rvol_sameslot"":{""value"":0.7094003210296824,""score"":13.960021401978828,""status"":""ok""},""V3_breakout_bar"":{""value"":0.5325619221508598,""score"":2.1707948100573233},""V4_base_dryup"":{""value"":1.1212764662870853,""score"":37.87235337129147},""V5_bo_expansion"":{""value"":0.3515371874895002,""score"":0},""_score"":10.91},""readiness"":{""_distance_atr"":-0.328,""BR1_atr_distance"":{""score"":100.0},""BR2_compression"":{""score"":0},""BR3_retest"":{""score"":91.60496434093741},""BR4_bo_age"":{""score"":30.0},""_score"":62.82},""risk"":{""R1_stop_clarity"":{""score"":60.354737853099685},""R2_stop_distance_pct"":{""value"":3.4161389922558563,""score"":100.0},""R3_stop_distance_atr"":{""value"":0.6941086596688165,""score"":59.70543298344082},""R4_rr_potential"":{""value"":0.011265945901281316,""score"":0.0},""_score"":60.08},""market"":{""M1_spy_regime"":{""score"":100.0},""M3_earnings_risk"":{""value"":null,""score"":80.0},""M4_vix"":{""value"":null,""score"":60.0},""_score"":84.0},""liquidity"":{""L1_price"":{""value"":298.29,""score"":100.0},""L2_dollar_vol"":{""value"":448606947.6829463,""score"":100.0},""L3_spread_proxy"":{""value"":0.030741895470850565,""score"":69.25810452914943},""L4_volume_zscore"":{""value"":-1.4166255508318175,""score"":100.0},""_score"":96.93},""pattern_structure"":{""level"":293.475,""level_idx"":27,""breakout_idx"":33,""bo_peak_idx"":69,""bo_peak_price"":303.09,""retest_idx"":71,""retest_low"":291.0101,""structural_low"":291.0101,""current_price"":299.505,""neckline_distance_pct"":-0.02013321981269085,""base_bars"":52,""bars_since_breakout"":46},""pattern_geometry_features"":{""retest_depth_atr"":0.6085657651556837,""bars_breakout_to_retest"":38.0,""bars_since_retest"":8.0,""current_above_level_atr"":1.4887628560545076,""bo_peak_excess_pct"":0.03276258625095818,""atr_pct"":0.049216199000972204},""_schema_version"":""1.0""}",,,,,,,,,,
20260513T182534Z-d71724,2026-05-13T18:25:34.488073+00:00,KLAC,double_bottom,forming,56.34,78.6,67.7,52.5,45.7,14.7,42.6,51.2,84.0,71.9,11.79,16.92,4.2,6.4,1.91,3.41,3.07,5.04,3.6,False,,1848.51,1897.49,1669.575,2099.98,"{""trend"":{""T1_ema_stack"":{""value"":[true,true,true],""score"":100.0},""T2_ema50_slope"":{""value"":0.4200790231714085,""score"":100},""T3_high_proximity"":{""value"":0.9553023255813954,""score"":77.65116279069767},""T4_rs_1m"":{""value"":-0.04027606892485314,""score"":9.723931075146865},""T5_rs_3m"":{""value"":0.175986243073317,""score"":100},""T6_adr_healthy"":{""value"":3.5730144877738117,""score"":100.0},""_score"":78.59},""geometry"":{""sub_low_similarity"":44.2,""sub_bounce_quality"":100,""sub_separation_fit"":0.0,""sub_right_bottom_reaction"":96.1,""sub_base_context"":100.0,""_score"":67.67},""compression"":{""VC1_atr_ratio"":{""value"":0.6057054551258774,""score"":98.57363621853065},""VC2_range_contraction"":{""value"":1.3044199839676105,""score"":0},""VC3_range_pct_rank"":{""score"":52.5},""_score"":52.55},""sr_quality"":{""SR1_touches"":{""value"":3,""score"":50.0},""SR2_tightness"":{""value"":19.994086742501274,""score"":54.50344484044185},""SR3_recency"":{""value"":232,""score"":0.0},""SR4_price_location"":{""score"":30.0},""SR5_reaction"":{""value"":2.7679909131678477,""score"":100},""_score"":45.68,""_levels_found"":6,""_target_level"":1673.287},""volume"":{""V1_rvol_day"":{""value"":0.4008698750348366,""score"":0},""V2_rvol_sameslot"":{""value"":0.6181250004659329,""score"":7.875000031062192,""status"":""ok""},""V3_breakout_bar"":{""value"":0.43364461001505766,""score"":0},""V4_base_dryup"":{""value"":0.8439543471769957,""score"":65.60456528230043},""V5_bo_expansion"":{""value"":0.4008698750348366,""score"":0},""_score"":14.7},""readiness"":{""_distance_atr"":0.557,""BR1_atr_distance"":{""score"":62.84866119977661},""BR2_compression"":{""score"":0},""BR3_retest"":{""score"":50.0},""BR4_bo_age"":{""score"":50.0},""_score"":42.64},""risk"":{""R1_stop_clarity"":{""score"":42.145398795691435},""R2_stop_distance_pct"":{""value"":9.679958453024325,""score"":58.00103867439188},""R3_stop_distance_atr"":{""value"":2.0358334447380466,""score"":100.0},""R4_rr_potential"":{""value"":1.4053706653253981,""score"":20.268533266269905},""_score"":51.2},""market"":{""M1_spy_regime"":{""score"":100.0},""M3_earnings_risk"":{""value"":null,""score"":80.0},""M4_vix"":{""value"":null,""score"":60.0},""_score"":84.0},""liquidity"":{""L1_price"":{""value"":1848.51,""score"":0.0},""L2_dollar_vol"":{""value"":754060816.4213122,""score"":100.0},""L3_spread_proxy"":{""value"":0.030751794688695235,""score"":69.24820531130476},""L4_volume_zscore"":{""value"":-1.7991572600286914,""score"":100.0},""_score"":71.92},""pattern_structure"":{""left_low"":1695.0,""left_idx"":28,""right_low"":1743.0,""right_idx"":73,""separation_bars"":45,""structural_low"":1695.0,""current_price"":1846.905,""neckline_distance_pct"":0.027389064407752448,""base_bars"":45},""pattern_geometry_features"":{""low_similarity_pct"":0.027923211169284468,""bounce_pct"":0.11946312684365783,""right_bottom_reaction"":0.9611069558713552,""atr_pct"":0.047547889922153516},""_schema_version"":""1.0""}",,,,,,,,,,
20260513T182534Z-d71724,2026-05-13T18:25:34.488073+00:00,VSAT,ascending_triangle,absent,56.2,98.2,44.3,74.3,49.8,12.1,41.0,47.5,84.0,89.6,14.73,12.4,5.94,6.97,1.46,3.28,1.9,5.04,4.48,False,,71.335,74.25,63.7591,83.77,"{""trend"":{""T1_ema_stack"":{""value"":[true,true,true],""score"":100.0},""T2_ema50_slope"":{""value"":0.6165643166028258,""score"":100},""T3_high_proximity"":{""value"":0.9762556452716573,""score"":88.12782263582864},""T4_rs_1m"":{""value"":0.18236566018295708,""score"":100},""T5_rs_3m"":{""value"":0.5002527884261712,""score"":100},""T6_adr_healthy"":{""value"":4.85435973000757,""score"":100.0},""_score"":98.22},""geometry"":{""sub_flat_top_quality"":33.3,""sub_hl_slope"":64.3,""sub_compression"":0,""sub_duration"":100.0,""_score"":44.28},""compression"":{""VC1_atr_ratio"":{""value"":0.4994770518202427,""score"":100},""VC2_range_contraction"":{""value"":0.7800780304807857,""score"":36.65366158653571},""VC3_range_pct_rank"":{""score"":85.83333333333334},""_score"":74.29},""sr_quality"":{""SR1_touches"":{""value"":3,""score"":50.0},""SR2_tightness"":{""value"":0.3151013946159069,""score"":82.16523775215758},""SR3_recency"":{""value"":277,""score"":0.0},""SR4_price_location"":{""score"":30.0},""SR5_reaction"":{""value"":2.3121130222620225,""score"":100},""_score"":49.82,""_levels_found"":6,""_target_level"":49.8067},""volume"":{""V1_rvol_day"":{""value"":0.4535006353140688,""score"":0},""V2_rvol_sameslot"":{""value"":0.674032357626529,""score"":11.602157175101935,""status"":""ok""},""V3_breakout_bar"":{""value"":0.4947865537612982,""score"":0},""V4_base_dryup"":{""value"":1.0095241083782824,""score"":49.047589162171754},""V5_bo_expansion"":{""value"":0.4535006353140689,""score"":0},""_score"":12.13},""readiness"":{""_distance_atr"":0.825,""BR1_atr_distance"":{""score"":45.003594778508294},""BR2_compression"":{""score"":21.936529346742304},""BR3_retest"":{""score"":50.0},""BR4_bo_age"":{""score"":50.0},""_score"":40.99},""risk"":{""R1_stop_clarity"":{""score"":45.04415816486377},""R2_stop_distance_pct"":{""value"":10.620242517698173,""score"":34.493937057545665},""R3_stop_distance_atr"":{""value"":2.143996652509908,""score"":100.0},""R4_rr_potential"":{""value"":1.6413783089909537,""score"":32.06891544954769},""_score"":47.53},""market"":{""M1_spy_regime"":{""score"":100.0},""M3_earnings_risk"":{""value"":null,""score"":80.0},""M4_vix"":{""value"":null,""score"":60.0},""_score"":84.0},""liquidity"":{""L1_price"":{""value"":71.335,""score"":100.0},""L2_dollar_vol"":{""value"":46982827.32307372,""score"":83.59695740567115},""L3_spread_proxy"":{""value"":0.038620592976799546,""score"":61.37940702320046},""L4_volume_zscore"":{""value"":-1.7242622831366836,""score"":100.0},""_score"":89.58},""pattern_structure"":{""top"":74.25,""top_touches"":2,""low_slope_per_bar"":0.12495708154506478,""lowest_low"":64.73,""structural_low"":64.73,""current_price"":71.71,""neckline_distance_pct"":0.035420443452796074,""base_bars"":39},""pattern_geometry_features"":{""top_touches"":2.0,""low_slope"":0.12495708154506478,""compression"":-0.1246871811785002,""atr_pct"":0.0495347905756541},""_schema_version"":""1.0""}",,,,,,,,,,
20260513T182534Z-d71724,2026-05-13T18:25:34.488073+00:00,MKSI,bull_flag,absent,56.07,100.0,41.2,59.6,51.9,14.8,58.7,64.1,84.0,97.0,14.0,12.35,5.36,5.19,2.08,5.28,1.92,5.04,4.85,False,,320.23,326.835,291.3334,378.63,"{""trend"":{""T1_ema_stack"":{""value"":[true,true,true],""score"":100.0},""T2_ema50_slope"":{""value"":0.45530166333991595,""score"":100},""T3_high_proximity"":{""value"":1.0,""score"":99.99999999999997},""T4_rs_1m"":{""value"":0.09851832440237329,""score"":100},""T5_rs_3m"":{""value"":0.1627415234837961,""score"":100},""T6_adr_healthy"":{""value"":5.055335372135846,""score"":100.0},""_score"":100.0},""geometry"":{""sub_pole_impulse"":64.4,""sub_flag_tightness"":22.4,""sub_flag_shallowness"":0,""sub_flag_drift"":100,""sub_flag_duration"":12.5,""_score"":41.17},""compression"":{""VC1_atr_ratio"":{""value"":0.5284218301969775,""score"":100},""VC2_range_contraction"":{""value"":1.2068363953361594,""score"":0},""VC3_range_pct_rank"":{""score"":78.33333333333333},""_score"":59.58},""sr_quality"":{""SR1_touches"":{""value"":4,""score"":75.0},""SR2_tightness"":{""value"":3.5844531922596055,""score"":57.468065720858895},""SR3_recency"":{""value"":233,""score"":0.0},""SR4_price_location"":{""score"":30.0},""SR5_reaction"":{""value"":1.7692453731307862,""score"":88.46226865653931},""_score"":51.89,""_levels_found"":4,""_target_level"":264.9688},""volume"":{""V1_rvol_day"":{""value"":0.38201177913271644,""score"":0},""V2_rvol_sameslot"":{""value"":0.7091023189771524,""score"":13.940154598476825,""status"":""ok""},""V3_breakout_bar"":{""value"":0.6015298060729346,""score"":6.76865373819564},""V4_base_dryup"":{""value"":0.9822854391861128,""score"":51.77145608138872},""V5_bo_expansion"":{""value"":0.3820117791327164,""score"":0},""_score"":14.83},""readiness"":{""_distance_atr"":0.392,""BR1_atr_distance"":{""score"":73.87575260476166},""BR2_compression"":{""score"":46.47127660981965},""BR3_retest"":{""score"":50.0},""BR4_bo_age"":{""score"":50.0},""_score"":58.67},""risk"":{""R1_stop_clarity"":{""score"":47.35736724541454},""R2_stop_distance_pct"":{""value"":9.023686100615198,""score"":74.40784748462006},""R3_stop_distance_atr"":{""value"":1.7143844536007877,""score"":100.0},""R4_rr_potential"":{""value"":2.021002507219714,""score"":51.050125360985696},""_score"":64.11},""market"":{""M1_spy_regime"":{""score"":100.0},""M3_earnings_risk"":{""value"":null,""score"":80.0},""M4_vix"":{""value"":null,""score"":60.0},""_score"":84.0},""liquidity"":{""L1_price"":{""value"":320.23,""score"":100.0},""L2_dollar_vol"":{""value"":162740446.7882233,""score"":100.0},""L3_spread_proxy"":{""value"":0.02969740499016329,""score"":70.30259500983671},""L4_volume_zscore"":{""value"":-1.6449535481715258,""score"":100.0},""_score"":97.03},""pattern_structure"":{""pole_low"":275.04,""pole_low_idx"":12,""peak_price"":326.835,""peak_idx"":32,""pole_gain"":0.18831806282722496,""flag_bars"":27,""flag_low"":295.77,""flag_high"":324.42,""structural_low"":295.77,""current_price"":320.055,""neckline_distance_pct"":0.021183859024230124,""base_bars"":27},""pattern_geometry_features"":{""pole_gain"":0.18831806282722496,""pullback_pct"":0.09504795997980632,""flag_range_pct"":0.08765891045940623,""flag_drift_per_bar"":0.0007540485114652203,""atr_pct"":0.052635137245105094,""pole_atr_multiple"":3.577801306953711},""_schema_version"":""1.0""}",,,,,,,,,,
20260513T182534Z-d71724,2026-05-13T18:25:34.488073+00:00,ETN,double_bottom,forming,55.75,65.2,72.3,38.8,37.9,17.6,42.1,65.2,84.0,97.9,9.77,18.07,3.1,5.3,2.28,3.36,3.92,5.04,4.9,False,,408.655,423.97,382.4361,459.68,"{""trend"":{""T1_ema_stack"":{""value"":[true,true,true],""score"":100.0},""T2_ema50_slope"":{""value"":0.3263266888131313,""score"":100},""T3_high_proximity"":{""value"":0.94375418581557,""score"":71.87709290778498},""T4_rs_1m"":{""value"":-0.052757178149634765,""score"":0},""T5_rs_3m"":{""value"":-0.04170651164733519,""score"":29.146744176332405},""T6_adr_healthy"":{""value"":3.365565538365753,""score"":100.0},""_score"":65.15},""geometry"":{""sub_low_similarity"":59.6,""sub_bounce_quality"":88.5,""sub_separation_fit"":93.3,""sub_right_bottom_reaction"":18.0,""sub_base_context"":100.0,""_score"":72.28},""compression"":{""VC1_atr_ratio"":{""value"":0.7994320474300739,""score"":50.14198814248152},""VC2_range_contraction"":{""value"":1.5542328704231134,""score"":0},""VC3_range_pct_rank"":{""score"":75.0},""_score"":38.81},""sr_quality"":{""SR1_touches"":{""value"":2,""score"":25.0},""SR2_tightness"":{""value"":1.545000000000016,""score"":81.65187421481794},""SR3_recency"":{""value"":231,""score"":0.0},""SR4_price_location"":{""score"":12.502167504768558},""SR5_reaction"":{""value"":2.311626332741522,""score"":100},""_score"":37.87,""_levels_found"":7,""_target_level"":433.885},""volume"":{""V1_rvol_day"":{""value"":0.39978517237325434,""score"":0},""V2_rvol_sameslot"":{""value"":0.8381542295289686,""score"":22.54361530193124,""status"":""ok""},""V3_breakout_bar"":{""value"":0.6220587745027151,""score"":8.137251633514337},""V4_base_dryup"":{""value"":0.9497049785886191,""score"":55.02950214113809},""V5_bo_expansion"":{""value"":0.39978517237325434,""score"":0},""_score"":17.55},""readiness"":{""_distance_atr"":0.909,""BR1_atr_distance"":{""score"":39.3739921466966},""BR2_compression"":{""score"":35.259823582782865},""BR3_retest"":{""score"":50.0},""BR4_bo_age"":{""score"":50.0},""_score"":42.06},""risk"":{""R1_stop_clarity"":{""score"":30.836472647041873},""R2_stop_distance_pct"":{""value"":6.415900943338504,""score"":100.0},""R3_stop_distance_atr"":{""value"":1.5568533176346413,""score"":100.0},""R4_rr_potential"":{""value"":1.9461152069690248,""score"":47.305760348451244},""_score"":65.25},""market"":{""M1_spy_regime"":{""score"":100.0},""M3_earnings_risk"":{""value"":null,""score"":80.0},""M4_vix"":{""value"":null,""score"":60.0},""_score"":84.0},""liquidity"":{""L1_price"":{""value"":408.655,""score"":100.0},""L2_dollar_vol"":{""value"":464214975.11768955,""score"":100.0},""L3_spread_proxy"":{""value"":0.0208992915784708,""score"":79.1007084215292},""L4_volume_zscore"":{""value"":-1.4969663769451411,""score"":100.0},""_score"":97.91},""pattern_structure"":{""left_low"":388.26,""left_idx"":40,""right_low"":396.19,""right_idx"":71,""separation_bars"":31,""structural_low"":388.26,""current_price"":406.78,""neckline_distance_pct"":0.04225871478440448,""base_bars"":31},""pattern_geometry_features"":{""low_similarity_pct"":0.020217987124737092,""bounce_pct"":0.09197445011075063,""right_bottom_reaction"":0.17962003454231723,""atr_pct"":0.04121069641349586},""_schema_version"":""1.0""}",,,,,,,,,,
20260513T182534Z-d71724,2026-05-13T18:25:34.488073+00:00,OKLO,double_bottom,forming,55.75,73.1,71.1,40.5,40.3,13.1,22.8,82.2,84.0,92.5,10.96,17.79,3.24,5.64,1.7,1.82,4.93,5.04,4.62,False,,70.52,79.65,67.0786,91.1999,"{""trend"":{""T1_ema_stack"":{""value"":[true,true,false],""score"":66.66666666666666},""T2_ema50_slope"":{""value"":0.40796374191285223,""score"":100},""T3_high_proximity"":{""value"":0.8857071087666415,""score"":42.85355438332073},""T4_rs_1m"":{""value"":0.13425898891138321,""score"":100},""T5_rs_3m"":{""value"":-0.00865482846979182,""score"":45.67258576510409},""T6_adr_healthy"":{""value"":9.480933960430088,""score"":62.97665098924781},""_score"":73.09},""geometry"":{""sub_low_similarity"":89.2,""sub_bounce_quality"":100,""sub_separation_fit"":0.0,""sub_right_bottom_reaction"":29.2,""sub_base_context"":100.0,""_score"":71.14},""compression"":{""VC1_atr_ratio"":{""value"":0.7494584020454838,""score"":62.63539948862906},""VC2_range_contraction"":{""value"":0.9600352096955725,""score"":6.660798384071242},""VC3_range_pct_rank"":{""score"":52.5},""_score"":40.51},""sr_quality"":{""SR1_touches"":{""value"":3,""score"":50.0},""SR2_tightness"":{""value"":0.8901529206952153,""score"":74.60587614089278},""SR3_recency"":{""value"":241,""score"":0.0},""SR4_price_location"":{""score"":4.1053711939785655},""SR5_reaction"":{""value"":1.741385786488272,""score"":87.0692893244136},""_score"":40.28,""_levels_found"":7,""_target_level"":75.1917},""volume"":{""V1_rvol_day"":{""value"":0.6177925586317502,""score"":7.85283724211668},""V2_rvol_sameslot"":{""value"":0.768746421042411,""score"":17.916428069494064,""status"":""ok""},""V3_breakout_bar"":{""value"":0.5195724910401519,""score"":1.3048327360101273},""V4_base_dryup"":{""value"":1.1204138120875637,""score"":37.95861879124362},""V5_bo_expansion"":{""value"":0.6177925586317503,""score"":0},""_score"":13.07},""readiness"":{""_distance_atr"":1.302,""BR1_atr_distance"":{""score"":13.180329115970252},""BR2_compression"":{""score"":0},""BR3_retest"":{""score"":50.0},""BR4_bo_age"":{""score"":50.0},""_score"":22.77},""risk"":{""R1_stop_clarity"":{""score"":70.85878728229707},""R2_stop_distance_pct"":{""value"":4.88003615995462,""score"":100.0},""R3_stop_distance_atr"":{""value"":0.49087844295148814,""score"":49.543922147574406},""R4_rr_potential"":{""value"":6.00915063238045,""score"":100.0},""_score"":82.23},""market"":{""M1_spy_regime"":{""score"":100.0},""M3_earnings_risk"":{""value"":null,""score"":80.0},""M4_vix"":{""value"":null,""score"":60.0},""_score"":84.0},""liquidity"":{""L1_price"":{""value"":70.52,""score"":100.0},""L2_dollar_vol"":{""value"":712746915.8067973,""score"":100.0},""L3_spread_proxy"":{""value"":0.07515456608054465,""score"":24.84543391945536},""L4_volume_zscore"":{""value"":-1.0523133320059634,""score"":100.0},""_score"":92.48},""pattern_structure"":{""left_low"":68.47,""left_idx"":29,""right_low"":68.1001,""right_idx"":76,""separation_bars"":47,""structural_low"":68.1001,""current_price"":70.125,""neckline_distance_pct"":0.13582887700534768,""base_bars"":47},""pattern_geometry_features"":{""low_similarity_pct"":0.005416998303435397,""bounce_pct"":0.16960180675211944,""right_bottom_reaction"":0.29243947999018954,""atr_pct"":0.09941435053885422},""_schema_version"":""1.0""}",,,,,,,,,,
20260513T182534Z-d71724,2026-05-13T18:25:34.488073+00:00,VSAT,bull_flag,absent,55.6,98.2,43.2,74.3,49.8,12.1,41.0,76.8,84.0,89.6,13.75,12.97,6.69,4.98,1.69,3.69,2.3,5.04,4.48,False,,71.335,74.25,66.8126,84.26,"{""trend"":{""T1_ema_stack"":{""value"":[true,true,true],""score"":100.0},""T2_ema50_slope"":{""value"":0.6165643166028258,""score"":100},""T3_high_proximity"":{""value"":0.9762556452716573,""score"":88.12782263582864},""T4_rs_1m"":{""value"":0.18236566018295708,""score"":100},""T5_rs_3m"":{""value"":0.5002527884261712,""score"":100},""T6_adr_healthy"":{""value"":4.85435973000757,""score"":100.0},""_score"":98.22},""geometry"":{""sub_pole_impulse"":53.6,""sub_flag_tightness"":8.7,""sub_flag_shallowness"":0,""sub_flag_drift"":100,""sub_flag_duration"":100.0,""_score"":43.25},""compression"":{""VC1_atr_ratio"":{""value"":0.4994770518202427,""score"":100},""VC2_range_contraction"":{""value"":0.7800780304807857,""score"":36.65366158653571},""VC3_range_pct_rank"":{""score"":85.83333333333334},""_score"":74.29},""sr_quality"":{""SR1_touches"":{""value"":3,""score"":50.0},""SR2_tightness"":{""value"":0.3151013946159069,""score"":82.16523775215758},""SR3_recency"":{""value"":277,""score"":0.0},""SR4_price_location"":{""score"":30.0},""SR5_reaction"":{""value"":2.3121130222620225,""score"":100},""_score"":49.82,""_levels_found"":6,""_target_level"":49.8067},""volume"":{""V1_rvol_day"":{""value"":0.4535006353140688,""score"":0},""V2_rvol_sameslot"":{""value"":0.674032357626529,""score"":11.602157175101935,""status"":""ok""},""V3_breakout_bar"":{""value"":0.4947865537612982,""score"":0},""V4_base_dryup"":{""value"":1.0122359627488828,""score"":48.77640372511172},""V5_bo_expansion"":{""value"":0.4535006353140689,""score"":0},""_score"":12.08},""readiness"":{""_distance_atr"":0.825,""BR1_atr_distance"":{""score"":45.003594778508294},""BR2_compression"":{""score"":21.936529346742304},""BR3_retest"":{""score"":50.0},""BR4_bo_age"":{""score"":50.0},""_score"":40.99},""risk"":{""R1_stop_clarity"":{""score"":42.41225472459029},""R2_stop_distance_pct"":{""value"":6.3397350529193135,""score"":100.0},""R3_stop_distance_atr"":{""value"":1.2798550229533494,""score"":88.99275114766748},""R4_rr_potential"":{""value"":2.857964156596543,""score"":92.89820782982714},""_score"":76.77},""market"":{""M1_spy_regime"":{""score"":100.0},""M3_earnings_risk"":{""value"":null,""score"":80.0},""M4_vix"":{""value"":null,""score"":60.0},""_score"":84.0},""liquidity"":{""L1_price"":{""value"":71.335,""score"":100.0},""L2_dollar_vol"":{""value"":46982827.32307372,""score"":83.59695740567115},""L3_spread_proxy"":{""value"":0.038620592976799546,""score"":61.37940702320046},""L4_volume_zscore"":{""value"":-1.7242622831366836,""score"":100.0},""_score"":89.58},""pattern_structure"":{""pole_low"":64.24,""pole_low_idx"":25,""peak_price"":74.25,""peak_idx"":48,""pole_gain"":0.15582191780821927,""flag_bars"":11,""flag_low"":67.83,""flag_high"":74.17,""structural_low"":67.83,""current_price"":71.71,""neckline_distance_pct"":0.035420443452796074,""base_bars"":11},""pattern_geometry_features"":{""pole_gain"":0.15582191780821927,""pullback_pct"":0.0864646464646465,""flag_range_pct"":0.08538720538720543,""flag_drift_per_bar"":0.0021290931910092695,""atr_pct"":0.0495347905756541,""pole_atr_multiple"":3.1457066033262757},""_schema_version"":""1.0""}",,,,,,,,,,
20260513T182534Z-d71724,2026-05-13T18:25:34.488073+00:00,IRDM,bull_flag,absent,55.59,100.0,36.5,58.4,54.0,25.3,59.0,62.8,84.0,84.3,14.0,10.95,5.26,5.4,3.54,5.31,1.88,5.04,4.22,False,,43.46,43.6,39.8433,48.3,"{""trend"":{""T1_ema_stack"":{""value"":[true,true,true],""score"":100.0},""T2_ema50_slope"":{""value"":0.7732602906021855,""score"":100},""T3_high_proximity"":{""value"":1.0,""score"":99.99999999999997},""T4_rs_1m"":{""value"":0.133646675417461,""score"":100},""T5_rs_3m"":{""value"":1.2808504233456337,""score"":100},""T6_adr_healthy"":{""value"":6.27752493224758,""score"":100.0},""_score"":100.0},""geometry"":{""sub_pole_impulse"":31.2,""sub_flag_tightness"":8.6,""sub_flag_shallowness"":0,""sub_flag_drift"":100,""sub_flag_duration"":100.0,""_score"":36.51},""compression"":{""VC1_atr_ratio"":{""value"":0.5220523379198035,""score"":100},""VC2_range_contraction"":{""value"":0.7740520607082261,""score"":37.65798988196232},""VC3_range_pct_rank"":{""score"":20.833333333333336},""_score"":58.39},""sr_quality"":{""SR1_touches"":{""value"":6,""score"":100},""SR2_tightness"":{""value"":0.5392745950709052,""score"":53.83318251254985},""SR3_recency"":{""value"":259,""score"":0.0},""SR4_price_location"":{""score"":30.0},""SR5_reaction"":{""value"":1.1211012185029823,""score"":56.055060925149114},""_score"":53.98,""_levels_found"":4,""_target_level"":24.3027},""volume"":{""V1_rvol_day"":{""value"":0.298973585395138,""score"":0},""V2_rvol_sameslot"":{""value"":0.6366302585199607,""score"":9.108683901330712,""status"":""ok""},""V3_breakout_bar"":{""value"":0.7855987203109068,""score"":19.03991468739379},""V4_base_dryup"":{""value"":0.5650539547077292,""score"":93.49460452922708},""V5_bo_expansion"":{""value"":0.298973585395138,""score"":0},""_score"":25.28},""readiness"":{""_distance_atr"":0.06,""BR1_atr_distance"":{""score"":96.0049082555717},""BR2_compression"":{""score"":12.22557168260228},""BR3_retest"":{""score"":50.0},""BR4_bo_age"":{""score"":50.0},""_score"":58.96},""risk"":{""R1_stop_clarity"":{""score"":48.05667323003184},""R2_stop_distance_pct"":{""value"":8.322020248504362,""score"":91.94949378739095},""R3_stop_distance_atr"":{""value"":1.548133721427958,""score"":100.0},""R4_rr_potential"":{""value"":1.3382180134098316,""score"":16.91090067049158},""_score"":62.79},""market"":{""M1_spy_regime"":{""score"":100.0},""M3_earnings_risk"":{""value"":null,""score"":80.0},""M4_vix"":{""value"":null,""score"":60.0},""_score"":84.0},""liquidity"":{""L1_price"":{""value"":43.46,""score"":100.0},""L2_dollar_vol"":{""value"":33156248.08710548,""score"":76.02826902627693},""L3_spread_proxy"":{""value"":0.06074551311550853,""score"":39.25448688449147},""L4_volume_zscore"":{""value"":-1.543455193522392,""score"":100.0},""_score"":84.34},""pattern_structure"":{""pole_low"":38.9,""pole_low_idx"":26,""peak_price"":43.6,""peak_idx"":49,""pole_gain"":0.12082262210796924,""flag_bars"":10,""flag_low"":40.45,""flag_high"":43.34,""structural_low"":40.45,""current_price"":43.22,""neckline_distance_pct"":0.00879222582137905,""base_bars"":10},""pattern_geometry_features"":{""pole_gain"":0.12082262210796924,""pullback_pct"":0.07224770642201832,""flag_range_pct"":0.06628440366972478,""flag_drift_per_bar"":0.007077377196303608,""atr_pct"":0.053755177174413256,""pole_atr_multiple"":2.2476462446761163},""_schema_version"":""1.0""}",,,,,,,,,,
20260513T182534Z-d71724,2026-05-13T18:25:34.488073+00:00,NXE,double_bottom,forming,55.2,50.2,63.8,50.8,58.0,25.6,26.4,77.3,84.0,88.1,7.53,15.96,4.07,8.12,3.33,2.11,4.64,5.04,4.41,False,,12.2,12.985,11.5787,14.215,"{""trend"":{""T1_ema_stack"":{""value"":[false,true,true],""score"":66.66666666666666},""T2_ema50_slope"":{""value"":0.16116344264534366,""score"":76.86057377422395},""T3_high_proximity"":{""value"":0.9172932330827067,""score"":58.64661654135334},""T4_rs_1m"":{""value"":-0.046074908861638786,""score"":3.9250911383612106},""T5_rs_3m"":{""value"":-0.052508597855923655,""score"":23.745701072038173},""T6_adr_healthy"":{""value"":5.007061015452709,""score"":100.0},""_score"":50.18},""geometry"":{""sub_low_similarity"":53.8,""sub_bounce_quality"":100,""sub_separation_fit"":0.0,""sub_right_bottom_reaction"":51.3,""sub_base_context"":100.0,""_score"":63.84},""compression"":{""VC1_atr_ratio"":{""value"":0.518611611260821,""score"":100},""VC2_range_contraction"":{""value"":1.0480966035911938,""score"":0},""VC3_range_pct_rank"":{""score"":43.333333333333336},""_score"":50.83},""sr_quality"":{""SR1_touches"":{""value"":5,""score"":100},""SR2_tightness"":{""value"":0.1538180743605902,""score"":54.22519016998242},""SR3_recency"":{""value"":227,""score"":0.0},""SR4_price_location"":{""score"":19.581017528858506},""SR5_reaction"":{""value"":2.3249263994728393,""score"":100},""_score"":58.03,""_levels_found"":5,""_target_level"":13.245},""volume"":{""V1_rvol_day"":{""value"":0.6454099239531923,""score"":9.693994930212819},""V2_rvol_sameslot"":{""value"":1.1312303924967535,""score"":42.082026166450234,""status"":""ok""},""V3_breakout_bar"":{""value"":0.5380113491545749,""score"":2.534089943638329},""V4_base_dryup"":{""value"":0.7684657975154631,""score"":73.1534202484537},""V5_bo_expansion"":{""value"":0.6454099239531923,""score"":0},""_score"":25.62},""readiness"":{""_distance_atr"":1.168,""BR1_atr_distance"":{""score"":22.130465126989705},""BR2_compression"":{""score"":0},""BR3_retest"":{""score"":50.0},""BR4_bo_age"":{""score"":50.0},""_score"":26.35},""risk"":{""R1_stop_clarity"":{""score"":47.527341134457735},""R2_stop_distance_pct"":{""value"":5.092827868852449,""score"":100.0},""R3_stop_distance_atr"":{""value"":0.9245023328975737,""score"":71.22511664487868},""R4_rr_potential"":{""value"":3.2430692471733837,""score"":100.0},""_score"":77.32},""market"":{""M1_spy_regime"":{""score"":100.0},""M3_earnings_risk"":{""value"":null,""score"":80.0},""M4_vix"":{""value"":null,""score"":60.0},""_score"":84.0},""liquidity"":{""L1_price"":{""value"":12.2,""score"":100.0},""L2_dollar_vol"":{""value"":47121944.970272,""score"":83.66116038821367},""L3_spread_proxy"":{""value"":0.05327868852459005,""score"":46.72131147540995},""L4_volume_zscore"":{""value"":-1.4230709341624685,""score"":100.0},""_score"":88.14},""pattern_structure"":{""left_low"":12.03,""left_idx"":29,""right_low"":11.755,""right_idx"":76,""separation_bars"":47,""structural_low"":11.755,""current_price"":12.275,""neckline_distance_pct"":0.057841140529531494,""base_bars"":47},""pattern_geometry_features"":{""low_similarity_pct"":0.0231238175320579,""bounce_pct"":0.10463632496809856,""right_bottom_reaction"":0.5126050420168072,""atr_pct"":0.05508723653395786},""_schema_version"":""1.0""}",,,,,,,,,,
20260513T182534Z-d71724,2026-05-13T18:25:34.488073+00:00,MPWR,vcp,setup,55.01,100.0,48.9,34.4,43.5,25.3,57.5,50.3,84.0,71.3,15.0,12.23,4.13,5.22,3.29,4.03,2.51,5.04,3.57,False,,1667.355,1661.79,1465.7096,2335.58,"{""trend"":{""T1_ema_stack"":{""value"":[true,true,true],""score"":100.0},""T2_ema50_slope"":{""value"":0.7254335475473099,""score"":100},""T3_high_proximity"":{""value"":1.0,""score"":99.99999999999997},""T4_rs_1m"":{""value"":0.15335619505696152,""score"":100},""T5_rs_3m"":{""value"":0.3198300311843618,""score"":100},""T6_adr_healthy"":{""value"":3.8988671462187,""score"":100.0},""_score"":100.0},""geometry"":{""sub_contraction_count"":100.0,""sub_reduction_rate"":55.7,""sub_pivot_tightness"":0,""sub_volume_dryup"":0,""sub_base_depth"":0.0,""sub_base_duration"":100.0,""_score"":48.92},""compression"":{""VC1_atr_ratio"":{""value"":0.7746288095870071,""score"":56.34279760324823},""VC2_range_contraction"":{""value"":1.2229401377860345,""score"":0},""VC3_range_pct_rank"":{""score"":47.5},""_score"":34.41},""sr_quality"":{""SR1_touches"":{""value"":2,""score"":25.0},""SR2_tightness"":{""value"":3.1100000000000136,""score"":92.14275073562456},""SR3_recency"":{""value"":277,""score"":0.0},""SR4_price_location"":{""score"":30.0},""SR5_reaction"":{""value"":1.9584699080797479,""score"":97.92349540398739},""_score"":43.51,""_levels_found"":3,""_target_level"":1253.11},""volume"":{""V1_rvol_day"":{""value"":0.42856938279478485,""score"":0},""V2_rvol_sameslot"":{""value"":1.1694571125908304,""score"":44.63047417272203,""status"":""ok""},""V3_breakout_bar"":{""value"":0.8036792377716028,""score"":20.24528251810685},""V4_base_dryup"":{""value"":0.9359051546352806,""score"":56.40948453647194},""V5_bo_expansion"":{""value"":0.42856938279478485,""score"":0},""_score"":25.27},""readiness"":{""_distance_atr"":-0.07,""BR1_atr_distance"":{""score"":100.0},""BR2_compression"":{""score"":0},""BR3_retest"":{""score"":50.0},""BR4_bo_age"":{""score"":50.0},""_score"":57.5},""risk"":{""R1_stop_clarity"":{""score"":43.608572558511995},""R2_stop_distance_pct"":{""value"":12.093732288564823,""score"":0.0},""R3_stop_distance_atr"":{""value"":2.5472324174873777,""score"":100.0},""R4_rr_potential"":{""value"":3.3138610367851093,""score"":100.0},""_score"":50.26},""market"":{""M1_spy_regime"":{""score"":100.0},""M3_earnings_risk"":{""value"":null,""score"":80.0},""M4_vix"":{""value"":null,""score"":60.0},""_score"":84.0},""liquidity"":{""L1_price"":{""value"":1667.355,""score"":0.0},""L2_dollar_vol"":{""value"":453087573.40202534,""score"":100.0},""L3_spread_proxy"":{""value"":0.03660888053234012,""score"":63.39111946765988},""L4_volume_zscore"":{""value"":-2.0271377512447346,""score"":100.0},""_score"":71.34},""pattern_structure"":{""n_contractions"":3,""contractions_pct"":[21.35,11.68,10.46],""descending_strict"":true,""final_low"":1488.03,""final_pivot"":1661.79,""structural_low"":1488.03,""dry_up_ratio"":1.212427669282666,""current_price"":1667.355,""neckline_distance_pct"":-0.003337621562294805,""base_bars"":43,""recent_base_height"":673.79},""pattern_geometry_features"":{""contraction_count"":3.0,""first_contraction_pct"":0.2135135565426438,""last_contraction_pct"":0.10456194826061055,""dry_up_ratio"":1.212427669282666,""near_monotone"":1.0,""base_depth_pct"":-0.18452977981563734},""_schema_version"":""1.0""}",,,,,,,,,,
20260513T182534Z-d71724,2026-05-13T18:25:34.488073+00:00,MU,ascending_triangle,forming,55.0,100.0,65.0,15.4,51.1,15.0,55.9,38.5,84.0,70.6,15.0,18.2,1.23,7.16,1.8,4.47,1.54,5.04,3.53,True,stop_too_wide,801.07,818.67,618.1663,1009.76,"{""trend"":{""T1_ema_stack"":{""value"":[true,true,true],""score"":100.0},""T2_ema50_slope"":{""value"":0.6712981857673862,""score"":100},""T3_high_proximity"":{""value"":1.0,""score"":99.99999999999997},""T4_rs_1m"":{""value"":0.6507246398484696,""score"":100},""T5_rs_3m"":{""value"":0.8787812621907407,""score"":100},""T6_adr_healthy"":{""value"":5.868112618660265,""score"":100.0},""_score"":100.0},""geometry"":{""sub_flat_top_quality"":66.7,""sub_hl_slope"":100,""sub_compression"":0,""sub_duration"":100.0,""_score"":65.01},""compression"":{""VC1_atr_ratio"":{""value"":1.2687960440155148,""score"":0},""VC2_range_contraction"":{""value"":1.342094717925617,""score"":0},""VC3_range_pct_rank"":{""score"":61.66666666666667},""_score"":15.42},""sr_quality"":{""SR1_touches"":{""value"":4,""score"":75.0},""SR2_tightness"":{""value"":7.9966410918506945,""score"":68.67453276812543},""SR3_recency"":{""value"":240,""score"":0.0},""SR4_price_location"":{""score"":30.0},""SR5_reaction"":{""value"":1.4467618316251225,""score"":72.33809158125612},""_score"":51.15,""_levels_found"":3,""_target_level"":441.765},""volume"":{""V1_rvol_day"":{""value"":0.885256497447616,""score"":25.683766496507737},""V2_rvol_sameslot"":{""value"":0.9609815885531828,""score"":30.73210590354552,""status"":""ok""},""V3_breakout_bar"":{""value"":0.42741343349315253,""score"":0},""V4_base_dryup"":{""value"":1.3130292493306808,""score"":18.697075066931916},""V5_bo_expansion"":{""value"":0.885256497447616,""score"":0},""_score"":15.02},""readiness"":{""_distance_atr"":0.345,""BR1_atr_distance"":{""score"":77.01834153663829},""BR2_compression"":{""score"":30.478044370611414},""BR3_retest"":{""score"":50.0},""BR4_bo_age"":{""score"":50.0},""_score"":55.93},""risk"":{""R1_stop_clarity"":{""score"":63.123448021042506},""R2_stop_distance_pct"":{""value"":22.832424132722494,""score"":0.0},""R3_stop_distance_atr"":{""value"":3.5824690611521537,""score"":100.0},""R4_rr_potential"":{""value"":1.1409829325486567,""score"":7.049146627432834},""_score"":38.5},""market"":{""M1_spy_regime"":{""score"":100.0},""M3_earnings_risk"":{""value"":null,""score"":80.0},""M4_vix"":{""value"":null,""score"":60.0},""_score"":84.0},""liquidity"":{""L1_price"":{""value"":801.07,""score"":0.0},""L2_dollar_vol"":{""value"":32200295893.719196,""score"":100.0},""L3_spread_proxy"":{""value"":0.044290761107019384,""score"":55.709238892980615},""L4_volume_zscore"":{""value"":-0.3836348033905421,""score"":100.0},""_score"":70.57},""pattern_structure"":{""top"":818.67,""top_touches"":3,""low_slope_per_bar"":3.9596752442087704,""lowest_low"":627.58,""structural_low"":627.58,""current_price"":801.555,""neckline_distance_pct"":0.02135224657072816,""base_bars"":50},""pattern_geometry_features"":{""top_touches"":3.0,""low_slope"":3.9596752442087704,""compression"":-0.909587302671856,""atr_pct"":0.06373376501786},""_schema_version"":""1.0""}",,,,,,,,,,
20260513T182534Z-d71724,2026-05-13T18:25:34.488073+00:00,FTNT,high_tight_pullback,forming,55.0,99.1,92.8,14.0,57.2,6.2,52.4,70.2,84.0,97.3,11.89,32.47,1.4,4.58,0.86,4.72,0.7,5.04,4.86,True,risk_unclear,115.595,116.46,111.0193,145.6328,"{""trend"":{""T1_ema_stack"":{""value"":[true,true,true],""score"":100.0},""T2_ema50_slope"":{""value"":0.2725169249859664,""score"":95.41948749766107},""T3_high_proximity"":{""value"":1.0,""score"":99.99999999999997},""T4_rs_1m"":{""value"":0.3992407491037895,""score"":100},""T5_rs_3m"":{""value"":0.24284281988805456,""score"":100},""T6_adr_healthy"":{""value"":3.3817043347696814,""score"":100.0},""_score"":99.08},""geometry"":{""sub_pole_impulse"":100.0,""sub_flag_tightness"":86.5,""sub_flag_shallowness"":80.7,""sub_flag_drift"":100,""sub_flag_duration"":100.0,""_score"":92.77},""compression"":{""VC1_atr_ratio"":{""value"":1.1326681634666689,""score"":0},""VC2_range_contraction"":{""value"":1.1214757581910226,""score"":0},""VC3_range_pct_rank"":{""score"":55.833333333333336},""_score"":13.96},""sr_quality"":{""SR1_touches"":{""value"":7,""score"":100},""SR2_tightness"":{""value"":1.066586678548508,""score"":52.91928572881016},""SR3_recency"":{""value"":234,""score"":0.0},""SR4_price_location"":{""score"":30.0},""SR5_reaction"":{""value"":1.5672022499542817,""score"":78.36011249771408},""_score"":57.19,""_levels_found"":3,""_target_level"":86.915},""volume"":{""V1_rvol_day"":{""value"":0.3802469883865447,""score"":0},""V2_rvol_sameslot"":{""value"":0.7891509982687749,""score"":19.276733217918327,""status"":""ok""},""V3_breakout_bar"":{""value"":0.596575117129305,""score"":6.438341141953667},""V4_base_dryup"":{""value"":1.465031288681652,""score"":3.4968711318347943},""V5_bo_expansion"":{""value"":0.38024698838654475,""score"":0},""_score"":6.16},""readiness"":{""_distance_atr"":0.191,""BR1_atr_distance"":{""score"":87.27254000584357},""BR2_compression"":{""score"":0},""BR3_retest"":{""score"":50.0},""BR4_bo_age"":{""score"":50.0},""_score"":52.41},""risk"":{""R1_stop_clarity"":{""score"":25.37220726316498},""R2_stop_distance_pct"":{""value"":3.9583459492192654,""score"":100.0},""R3_stop_distance_atr"":{""value"":1.0098798090565726,""score"":75.49399045282863},""R4_rr_potential"":{""value"":6.564706653699455,""score"":100.0},""_score"":70.2},""market"":{""M1_spy_regime"":{""score"":100.0},""M3_earnings_risk"":{""value"":null,""score"":80.0},""M4_vix"":{""value"":null,""score"":60.0},""_score"":84.0},""liquidity"":{""L1_price"":{""value"":115.595,""score"":100.0},""L2_dollar_vol"":{""value"":257413208.35692868,""score"":100.0},""L3_spread_proxy"":{""value"":0.027336822526926,""score"":72.663177473074},""L4_volume_zscore"":{""value"":-1.0871278731737652,""score"":100.0},""_score"":97.27},""pattern_structure"":{""pole_low"":87.2872,""pole_low_idx"":26,""peak_price"":116.46,""peak_idx"":50,""pole_gain"":0.33421624247312315,""flag_bars"":9,""flag_low"":112.71,""flag_high"":115.87,""structural_low"":112.71,""current_price"":115.2,""neckline_distance_pct"":0.010937499999999921,""base_bars"":9},""pattern_geometry_features"":{""pole_gain"":0.33421624247312315,""pullback_pct"":0.03219989696032973,""flag_range_pct"":0.02713377983857128,""flag_drift_per_bar"":0.0010206886574074313,""atr_pct"":0.03919620843709256,""pole_atr_multiple"":8.526749290292175},""_schema_version"":""1.0""}",,,,,,,,,,
20260513T182534Z-d71724,2026-05-13T18:25:34.488073+00:00,NOK,inverse_head_shoulders,breakout_confirmed,55.0,100.0,77.5,0.8,38.1,23.4,36.1,36.2,84.0,92.1,12.0,21.69,0.07,5.34,3.27,2.89,2.17,4.2,4.6,True,stop_too_wide,14.615,14.0,11.9481,15.87,"{""trend"":{""T1_ema_stack"":{""value"":[true,true,true],""score"":100.0},""T2_ema50_slope"":{""value"":0.7735995001662963,""score"":100},""T3_high_proximity"":{""value"":1.0,""score"":99.99999999999997},""T4_rs_1m"":{""value"":0.34251245293844557,""score"":100},""T5_rs_3m"":{""value"":0.9177153142209635,""score"":100},""T6_adr_healthy"":{""value"":5.664037780613742,""score"":100.0},""_score"":100.0},""geometry"":{""sub_head_depth"":81.1,""sub_shoulder_price_sym"":82.6,""sub_shoulder_time_sym"":37.5,""sub_right_shoulder_reaction"":79.2,""sub_base_context"":100.0,""_score"":77.47},""compression"":{""VC1_atr_ratio"":{""value"":1.110660181117013,""score"":0},""VC2_range_contraction"":{""value"":1.2020460838985867,""score"":0},""VC3_range_pct_rank"":{""score"":3.3333333333333326},""_score"":0.83},""sr_quality"":{""SR1_touches"":{""value"":3,""score"":50.0},""SR2_tightness"":{""value"":0.18587630295441146,""score"":59.60089046850436},""SR3_recency"":{""value"":257,""score"":0.0},""SR4_price_location"":{""score"":30.0},""SR5_reaction"":{""value"":0.892921828587988,""score"":44.6460914293994},""_score"":38.14,""_levels_found"":4,""_target_level"":8.575},""volume"":{""V1_rvol_day"":{""value"":0.875544804433146,""score"":25.036320295543064},""V2_rvol_sameslot"":{""value"":1.4931647741198,""score"":66.21098494131999,""status"":""ok""},""V3_breakout_bar"":{""value"":0.8064526427604918,""score"":20.430176184032785},""V4_base_dryup"":{""value"":1.8072856470595995,""score"":0},""V5_bo_expansion"":{""value"":0.8755448044331459,""score"":0},""_score"":23.36},""readiness"":{""_distance_atr"":-0.668,""BR1_atr_distance"":{""score"":46.63334057813518},""BR2_compression"":{""score"":0},""BR3_retest"":{""score"":50.0},""BR4_bo_age"":{""score"":50.0},""_score"":36.15},""risk"":{""R1_stop_clarity"":{""score"":60.45424907628766},""R2_stop_distance_pct"":{""value"":18.24803284296955,""score"":0.0},""R3_stop_distance_atr"":{""value"":2.898228645946533,""score"":100.0},""R4_rr_potential"":{""value"":0.47057500140610026,""score"":0.0},""_score"":36.16},""market"":{""M1_spy_regime"":{""score"":100.0},""M3_earnings_risk"":{""value"":null,""score"":80.0},""M4_vix"":{""value"":null,""score"":60.0},""_score"":84.0},""liquidity"":{""L1_price"":{""value"":14.615,""score"":100.0},""L2_dollar_vol"":{""value"":1470688958.660671,""score"":100.0},""L3_spread_proxy"":{""value"":0.0793705097502566,""score"":20.629490249743398},""L4_volume_zscore"":{""value"":-0.41141690022921945,""score"":100.0},""_score"":92.06},""pattern_structure"":{""left_shoulder"":13.01,""left_shoulder_idx"":66,""head"":12.13,""head_idx"":77,""right_shoulder"":12.83,""right_shoulder_idx"":93,""left_to_head_bars"":11,""head_to_right_bars"":16,""structural_low"":12.13,""current_price"":14.475,""neckline_distance_pct"":-0.0328151986183074,""base_bars"":27},""pattern_geometry_features"":{""head_depth_pct"":0.06114551083591325,""shoulder_price_asymmetry"":0.01393188854489162,""shoulder_time_asymmetry"":0.3125,""right_shoulder_reaction"":0.7920689655172415,""atr_pct"":0.06296270954498803},""_schema_version"":""1.0""}",,,,,,,,,,
20260513T182534Z-d71724,2026-05-13T18:25:34.488073+00:00,GSAT,tight_consolidation,forming,55.0,81.6,62.9,97.9,48.1,20.0,47.4,45.3,84.0,94.5,13.05,12.58,17.62,4.81,2.6,3.79,2.26,4.2,4.73,True,risk_unclear,82.3575,83.0,79.5979,85.19,"{""trend"":{""T1_ema_stack"":{""value"":[true,true,true],""score"":100.0},""T2_ema50_slope"":{""value"":0.5451661424717581,""score"":100},""T3_high_proximity"":{""value"":0.9962199104874804,""score"":98.10995524374016},""T4_rs_1m"":{""value"":-0.038936635014970467,""score"":11.063364985029537},""T5_rs_3m"":{""value"":0.33126985962903444,""score"":100},""T6_adr_healthy"":{""value"":1.2314317838731954,""score"":93.28579459682989},""_score"":81.59},""geometry"":{""sub_tightness"":30.0,""sub_duration"":100.0,""sub_dry_up"":63.7,""sub_location"":100,""_score"":62.92},""compression"":{""VC1_atr_ratio"":{""value"":0.11509540302548722,""score"":100},""VC2_range_contraction"":{""value"":0.4291125090116973,""score"":95.14791516471712},""VC3_range_pct_rank"":{""score"":98.33333333333333},""_score"":97.89},""sr_quality"":{""SR1_touches"":{""value"":3,""score"":50.0},""SR2_tightness"":{""value"":0.1517307556898793,""score"":70.88998486199173},""SR3_recency"":{""value"":227,""score"":0.0},""SR4_price_location"":{""score"":30.0},""SR5_reaction"":{""value"":2.2350885607591797,""score"":100},""_score"":48.13,""_levels_found"":7,""_target_level"":81.0167},""volume"":{""V1_rvol_day"":{""value"":0.49506078149606086,""score"":0},""V2_rvol_sameslot"":{""value"":0.46588599112575635,""score"":0,""status"":""ok""},""V3_breakout_bar"":{""value"":0.40798960023480585,""score"":0},""V4_base_dryup"":{""value"":0.4953007442154879,""score"":100},""V5_bo_expansion"":{""value"":0.4950607814960609,""score"":0},""_score"":20.0},""readiness"":{""_distance_atr"":0.616,""BR1_atr_distance"":{""score"":58.91146208046425},""BR2_compression"":{""score"":25.34623929554244},""BR3_retest"":{""score"":50.0},""BR4_bo_age"":{""score"":50.0},""_score"":47.4},""risk"":{""R1_stop_clarity"":{""score"":0},""R2_stop_distance_pct"":{""value"":3.3508180797134366,""score"":100.0},""R3_stop_distance_atr"":{""value"":2.647236972832223,""score"":100.0},""R4_rr_potential"":{""value"":1.026398275143588,""score"":1.3199137571794028},""_score"":45.26},""market"":{""M1_spy_regime"":{""score"":100.0},""M3_earnings_risk"":{""value"":null,""score"":80.0},""M4_vix"":{""value"":null,""score"":60.0},""_score"":84.0},""liquidity"":{""L1_price"":{""value"":82.3575,""score"":100.0},""L2_dollar_vol"":{""value"":57678714.0466599,""score"":88.05077845877838},""L3_spread_proxy"":{""value"":0.007163889141851117,""score"":92.83611085814888},""L4_volume_zscore"":{""value"":-1.5941451171375538,""score"":100.0},""_score"":94.5},""pattern_structure"":{""window_bars"":14,""range_pct"":0.026591385119752273,""range_atr"":2.100791394018291,""vol_ratio"":0.5317227938340028,""range_location_63d"":0.9880861608844834,""pivot_high"":83.0,""pivot_low"":80.81,""structural_low"":80.81,""current_price"":82.3575,""neckline_distance_pct"":0.0078013538536259395,""base_bars"":14},""pattern_geometry_features"":{""range_pct"":0.026591385119752273,""range_atr"":2.100791394018291,""duration_bars"":14.0,""vol_dryup_ratio"":0.5317227938340028,""location_in_range"":0.9880861608844834,""atr_pct"":0.012657794198637483},""_schema_version"":""1.0""}",,,,,,,,,,
20260513T182534Z-d71724,2026-05-13T18:25:34.488073+00:00,FTNT,ascending_triangle,forming,55.0,99.1,55.0,14.0,57.2,16.6,52.4,51.4,84.0,97.3,14.86,15.4,1.12,8.01,1.99,4.19,2.06,5.04,4.86,True,risk_unclear,115.595,116.46,110.4136,120.825,"{""trend"":{""T1_ema_stack"":{""value"":[true,true,true],""score"":100.0},""T2_ema50_slope"":{""value"":0.2725169249859664,""score"":95.41948749766107},""T3_high_proximity"":{""value"":1.0,""score"":99.99999999999997},""T4_rs_1m"":{""value"":0.3992407491037895,""score"":100},""T5_rs_3m"":{""value"":0.24284281988805456,""score"":100},""T6_adr_healthy"":{""value"":3.3817043347696814,""score"":100.0},""_score"":99.08},""geometry"":{""sub_flat_top_quality"":33.3,""sub_hl_slope"":100,""sub_compression"":0,""sub_duration"":100.0,""_score"":54.99},""compression"":{""VC1_atr_ratio"":{""value"":1.1326681634666689,""score"":0},""VC2_range_contraction"":{""value"":1.1214757581910226,""score"":0},""VC3_range_pct_rank"":{""score"":55.833333333333336},""_score"":13.96},""sr_quality"":{""SR1_touches"":{""value"":7,""score"":100},""SR2_tightness"":{""value"":1.066586678548508,""score"":52.91928572881016},""SR3_recency"":{""value"":234,""score"":0.0},""SR4_price_location"":{""score"":30.0},""SR5_reaction"":{""value"":1.5672022499542817,""score"":78.36011249771408},""_score"":57.19,""_levels_found"":3,""_target_level"":86.915},""volume"":{""V1_rvol_day"":{""value"":0.3802469883865447,""score"":0},""V2_rvol_sameslot"":{""value"":0.7891509982687749,""score"":19.276733217918327,""status"":""ok""},""V3_breakout_bar"":{""value"":0.596575117129305,""score"":6.438341141953667},""V4_base_dryup"":{""value"":0.9439843398525997,""score"":55.60156601474004},""V5_bo_expansion"":{""value"":0.38024698838654475,""score"":0},""_score"":16.59},""readiness"":{""_distance_atr"":0.191,""BR1_atr_distance"":{""score"":87.27254000584357},""BR2_compression"":{""score"":0},""BR3_retest"":{""score"":50.0},""BR4_bo_age"":{""score"":50.0},""_score"":52.41},""risk"":{""R1_stop_clarity"":{""score"":25.779412413845108},""R2_stop_distance_pct"":{""value"":4.482395432328392,""score"":100.0},""R3_stop_distance_atr"":{""value"":1.1435788335298689,""score"":82.17894167649345},""R4_rr_potential"":{""value"":1.0093748341431141,""score"":0.4687417071557065},""_score"":51.44},""market"":{""M1_spy_regime"":{""score"":100.0},""M3_earnings_risk"":{""value"":null,""score"":80.0},""M4_vix"":{""value"":null,""score"":60.0},""_score"":84.0},""liquidity"":{""L1_price"":{""value"":115.595,""score"":100.0},""L2_dollar_vol"":{""value"":257413208.35692868,""score"":100.0},""L3_spread_proxy"":{""value"":0.027336822526926,""score"":72.663177473074},""L4_volume_zscore"":{""value"":-1.0871278731737652,""score"":100.0},""_score"":97.27},""pattern_structure"":{""top"":116.46,""top_touches"":2,""low_slope_per_bar"":0.8404645533141203,""lowest_low"":112.095,""structural_low"":112.095,""current_price"":115.2,""neckline_distance_pct"":0.010937499999999921,""base_bars"":30},""pattern_geometry_features"":{""top_touches"":2.0,""low_slope"":0.8404645533141203,""compression"":-0.5819566429666834,""atr_pct"":0.03919620843709256},""_schema_version"":""1.0""}",,,,,,,,,,
20260513T182534Z-d71724,2026-05-13T18:25:34.488073+00:00,SIRI,ascending_triangle,forming,55.0,96.0,54.0,59.1,48.6,10.9,34.7,66.5,84.0,91.3,14.4,15.13,4.73,6.81,1.31,2.77,2.66,5.04,4.56,True,risk_unclear,26.565,27.56,25.7085,29.02,"{""trend"":{""T1_ema_stack"":{""value"":[true,true,true],""score"":100.0},""T2_ema50_slope"":{""value"":0.4486219413335591,""score"":100},""T3_high_proximity"":{""value"":0.9467213114754099,""score"":73.36065573770495},""T4_rs_1m"":{""value"":0.05037613633002702,""score"":100},""T5_rs_3m"":{""value"":0.13958459868216333,""score"":100},""T6_adr_healthy"":{""value"":4.062956722846221,""score"":100.0},""_score"":96.0},""geometry"":{""sub_flat_top_quality"":66.7,""sub_hl_slope"":9.7,""sub_compression"":64.4,""sub_duration"":100.0,""_score"":54.02},""compression"":{""VC1_atr_ratio"":{""value"":0.45541494890519435,""score"":100},""VC2_range_contraction"":{""value"":0.9584988705472464,""score"":6.916854908792273},""VC3_range_pct_rank"":{""score"":66.66666666666667},""_score"":59.09},""sr_quality"":{""SR1_touches"":{""value"":4,""score"":75.0},""SR2_tightness"":{""value"":0.22192341021172124,""score"":55.6469986728894},""SR3_recency"":{""value"":247,""score"":0.0},""SR4_price_location"":{""score"":30.0},""SR5_reaction"":{""value"":1.3716702355460375,""score"":68.58351177730188},""_score"":48.63,""_levels_found"":4,""_target_level"":22.89},""volume"":{""V1_rvol_day"":{""value"":0.27251396387699606,""score"":0},""V2_rvol_sameslot"":{""value"":0.3706799645369828,""score"":0,""status"":""ok""},""V3_breakout_bar"":{""value"":0.6417829759835569,""score"":9.452198398903795},""V4_base_dryup"":{""value"":1.0729001709417658,""score"":42.709982905823416},""V5_bo_expansion"":{""value"":0.27251396387699606,""score"":0},""_score"":10.91},""readiness"":{""_distance_atr"":0.994,""BR1_atr_distance"":{""score"":33.714013799667086},""BR2_compression"":{""score"":14.730877506144196},""BR3_retest"":{""score"":50.0},""BR4_bo_age"":{""score"":50.0},""_score"":34.67},""risk"":{""R1_stop_clarity"":{""score"":21.755888650963485},""R2_stop_distance_pct"":{""value"":3.224167137210617,""score"":100.0},""R3_stop_distance_atr"":{""value"":0.8558886509635978,""score"":67.7944325481799},""R4_rr_potential"":{""value"":2.8663164039696363,""score"":93.31582019848182},""_score"":66.45},""market"":{""M1_spy_regime"":{""score"":100.0},""M3_earnings_risk"":{""value"":null,""score"":80.0},""M4_vix"":{""value"":null,""score"":60.0},""_score"":84.0},""liquidity"":{""L1_price"":{""value"":26.565,""score"":100.0},""L2_dollar_vol"":{""value"":46963423.61330928,""score"":83.5879874636937},""L3_spread_proxy"":{""value"":0.021456804065499727,""score"":78.54319593450028},""L4_volume_zscore"":{""value"":-1.3961401926323205,""score"":100.0},""_score"":91.29},""pattern_structure"":{""top"":27.56,""top_touches"":3,""low_slope_per_bar"":0.007571494464944711,""lowest_low"":26.1,""structural_low"":26.1,""current_price"":26.645,""neckline_distance_pct"":0.034340401576280696,""base_bars"":34},""pattern_geometry_features"":{""top_touches"":3.0,""low_slope"":0.007571494464944711,""compression"":0.32198239492827974,""atr_pct"":0.03767040413003146},""_schema_version"":""1.0""}",,,,,,,,,,
20260513T182534Z-d71724,2026-05-13T18:25:34.488073+00:00,GSAT,vcp,forming,55.0,81.6,67.7,97.9,48.1,16.2,51.2,65.0,84.0,94.5,12.24,16.91,11.75,5.78,2.1,3.59,3.25,5.04,4.73,True,risk_unclear,82.3575,82.85,79.9524,109.7,"{""trend"":{""T1_ema_stack"":{""value"":[true,true,true],""score"":100.0},""T2_ema50_slope"":{""value"":0.5451661424717581,""score"":100},""T3_high_proximity"":{""value"":0.9962199104874804,""score"":98.10995524374016},""T4_rs_1m"":{""value"":-0.038936635014970467,""score"":11.063364985029537},""T5_rs_3m"":{""value"":0.33126985962903444,""score"":100},""T6_adr_healthy"":{""value"":1.2314317838731954,""score"":93.28579459682989},""_score"":81.59},""geometry"":{""sub_contraction_count"":100.0,""sub_reduction_rate"":15.8,""sub_pivot_tightness"":100,""sub_volume_dryup"":91.4,""sub_base_depth"":0.0,""sub_base_duration"":100.0,""_score"":67.66},""compression"":{""VC1_atr_ratio"":{""value"":0.11509540302548722,""score"":100},""VC2_range_contraction"":{""value"":0.4291125090116973,""score"":95.14791516471712},""VC3_range_pct_rank"":{""score"":98.33333333333333},""_score"":97.89},""sr_quality"":{""SR1_touches"":{""value"":3,""score"":50.0},""SR2_tightness"":{""value"":0.1517307556898793,""score"":70.88998486199173},""SR3_recency"":{""value"":227,""score"":0.0},""SR4_price_location"":{""score"":30.0},""SR5_reaction"":{""value"":2.2350885607591797,""score"":100},""_score"":48.13,""_levels_found"":7,""_target_level"":81.0167},""volume"":{""V1_rvol_day"":{""value"":0.49506078149606086,""score"":0},""V2_rvol_sameslot"":{""value"":0.46588599112575635,""score"":0,""status"":""ok""},""V3_breakout_bar"":{""value"":0.40798960023480585,""score"":0},""V4_base_dryup"":{""value"":0.690978105662463,""score"":80.9021894337537},""V5_bo_expansion"":{""value"":0.4950607814960609,""score"":0},""_score"":16.18},""readiness"":{""_distance_atr"":0.472,""BR1_atr_distance"":{""score"":68.50411684767141},""BR2_compression"":{""score"":25.34623929554244},""BR3_retest"":{""score"":50.0},""BR4_bo_age"":{""score"":50.0},""_score"":51.24},""risk"":{""R1_stop_clarity"":{""score"":0},""R2_stop_distance_pct"":{""value"":2.920256200103212,""score"":100.0},""R3_stop_distance_atr"":{""value"":2.307081434787078,""score"":100.0},""R4_rr_potential"":{""value"":11.368786511714914,""score"":100.0},""_score"":65.0},""market"":{""M1_spy_regime"":{""score"":100.0},""M3_earnings_risk"":{""value"":null,""score"":80.0},""M4_vix"":{""value"":null,""score"":60.0},""_score"":84.0},""liquidity"":{""L1_price"":{""value"":82.3575,""score"":100.0},""L2_dollar_vol"":{""value"":57678714.0466599,""score"":88.05077845877838},""L3_spread_proxy"":{""value"":0.007163889141851117,""score"":92.83611085814888},""L4_volume_zscore"":{""value"":-1.5941451171375538,""score"":100.0},""_score"":94.5},""pattern_structure"":{""n_contractions"":5,""contractions_pct"":[14.54,21.81,13.87,20.08,2.03],""descending_strict"":false,""final_low"":81.17,""final_pivot"":82.85,""structural_low"":81.17,""dry_up_ratio"":0.5428746754483885,""current_price"":82.3575,""neckline_distance_pct"":0.005980026105697631,""base_bars"":76,""recent_base_height"":26.849999999999994},""pattern_geometry_features"":{""contraction_count"":5.0,""first_contraction_pct"":0.14541921984755637,""last_contraction_pct"":0.020277610138804983,""dry_up_ratio"":0.5428746754483885,""near_monotone"":0.0,""base_depth_pct"":-0.21312210431923487},""_schema_version"":""1.0""}",,,,,,,,,,
20260513T182534Z-d71724,2026-05-13T18:25:34.488073+00:00,SIRI,double_bottom,forming,55.0,96.0,76.4,59.1,48.6,10.9,36.8,63.2,84.0,91.3,14.4,19.1,4.73,6.81,1.42,2.94,3.79,5.04,4.56,True,risk_unclear,26.565,27.48,25.5263,29.045,"{""trend"":{""T1_ema_stack"":{""value"":[true,true,true],""score"":100.0},""T2_ema50_slope"":{""value"":0.4486219413335591,""score"":100},""T3_high_proximity"":{""value"":0.9467213114754099,""score"":73.36065573770495},""T4_rs_1m"":{""value"":0.05037613633002702,""score"":100},""T5_rs_3m"":{""value"":0.13958459868216333,""score"":100},""T6_adr_healthy"":{""value"":4.062956722846221,""score"":100.0},""_score"":96.0},""geometry"":{""sub_low_similarity"":85.8,""sub_bounce_quality"":43.4,""sub_separation_fit"":73.3,""sub_right_bottom_reaction"":73.2,""sub_base_context"":100.0,""_score"":76.39},""compression"":{""VC1_atr_ratio"":{""value"":0.45541494890519435,""score"":100},""VC2_range_contraction"":{""value"":0.9584988705472464,""score"":6.916854908792273},""VC3_range_pct_rank"":{""score"":66.66666666666667},""_score"":59.09},""sr_quality"":{""SR1_touches"":{""value"":4,""score"":75.0},""SR2_tightness"":{""value"":0.22192341021172124,""score"":55.6469986728894},""SR3_recency"":{""value"":247,""score"":0.0},""SR4_price_location"":{""score"":30.0},""SR5_reaction"":{""value"":1.3716702355460375,""score"":68.58351177730188},""_score"":48.63,""_levels_found"":4,""_target_level"":22.89},""volume"":{""V1_rvol_day"":{""value"":0.27251396387699606,""score"":0},""V2_rvol_sameslot"":{""value"":0.3706799645369828,""score"":0,""status"":""ok""},""V3_breakout_bar"":{""value"":0.6417829759835569,""score"":9.452198398903795},""V4_base_dryup"":{""value"":1.0729001709417658,""score"":42.709982905823416},""V5_bo_expansion"":{""value"":0.27251396387699606,""score"":0},""_score"":10.91},""readiness"":{""_distance_atr"":0.914,""BR1_atr_distance"":{""score"":39.04354032833697},""BR2_compression"":{""score"":14.730877506144196},""BR3_retest"":{""score"":50.0},""BR4_bo_age"":{""score"":50.0},""_score"":36.8},""risk"":{""R1_stop_clarity"":{""score"":22.310492505353153},""R2_stop_distance_pct"":{""value"":3.910126105778291,""score"":100.0},""R3_stop_distance_atr"":{""value"":1.0379835831548923,""score"":76.89917915774461},""R4_rr_potential"":{""value"":2.3875424197934905,""score"":69.37712098967452},""_score"":63.22},""market"":{""M1_spy_regime"":{""score"":100.0},""M3_earnings_risk"":{""value"":null,""score"":80.0},""M4_vix"":{""value"":null,""score"":60.0},""_score"":84.0},""liquidity"":{""L1_price"":{""value"":26.565,""score"":100.0},""L2_dollar_vol"":{""value"":46963423.61330928,""score"":83.5879874636937},""L3_spread_proxy"":{""value"":0.021456804065499727,""score"":78.54319593450028},""L4_volume_zscore"":{""value"":-1.3961401926323205,""score"":100.0},""_score"":91.29},""pattern_structure"":{""left_low"":25.915,""left_idx"":42,""right_low"":26.1,""right_idx"":76,""separation_bars"":34,""structural_low"":25.915,""current_price"":26.645,""neckline_distance_pct"":0.031337962094201574,""base_bars"":34},""pattern_geometry_features"":{""low_similarity_pct"":0.007113332692492638,""bounce_pct"":0.06038973567431994,""right_bottom_reaction"":0.7323943661971839,""atr_pct"":0.03767040413003146},""_schema_version"":""1.0""}",,,,,,,,,,
20260513T182534Z-d71724,2026-05-13T18:25:34.488073+00:00,GSAT,ascending_triangle,forming,55.0,81.6,52.8,97.9,48.1,0.0,50.2,45.0,84.0,94.5,12.24,14.78,7.83,6.74,0.0,4.02,1.8,5.04,4.73,True,risk_unclear,82.3575,82.89,79.9524,84.61,"{""trend"":{""T1_ema_stack"":{""value"":[true,true,true],""score"":100.0},""T2_ema50_slope"":{""value"":0.5451661424717581,""score"":100},""T3_high_proximity"":{""value"":0.9962199104874804,""score"":98.10995524374016},""T4_rs_1m"":{""value"":-0.038936635014970467,""score"":11.063364985029537},""T5_rs_3m"":{""value"":0.33126985962903444,""score"":100},""T6_adr_healthy"":{""value"":1.2314317838731954,""score"":93.28579459682989},""_score"":81.59},""geometry"":{""sub_flat_top_quality"":100,""sub_hl_slope"":2.7,""sub_compression"":27.9,""sub_duration"":100.0,""_score"":52.78},""compression"":{""VC1_atr_ratio"":{""value"":0.11509540302548722,""score"":100},""VC2_range_contraction"":{""value"":0.4291125090116973,""score"":95.14791516471712},""VC3_range_pct_rank"":{""score"":98.33333333333333},""_score"":97.89},""sr_quality"":{""SR1_touches"":{""value"":3,""score"":50.0},""SR2_tightness"":{""value"":0.1517307556898793,""score"":70.88998486199173},""SR3_recency"":{""value"":227,""score"":0.0},""SR4_price_location"":{""score"":30.0},""SR5_reaction"":{""value"":2.2350885607591797,""score"":100},""_score"":48.13,""_levels_found"":7,""_target_level"":81.0167},""volume"":{""V1_rvol_day"":{""value"":0.49506078149606086,""score"":0},""V2_rvol_sameslot"":{""value"":0.46588599112575635,""score"":0,""status"":""ok""},""V3_breakout_bar"":{""value"":0.40798960023480585,""score"":0},""V4_base_dryup"":{""value"":2.0515931450210263,""score"":0},""V5_bo_expansion"":{""value"":0.4950607814960609,""score"":0},""_score"":0.0},""readiness"":{""_distance_atr"":0.511,""BR1_atr_distance"":{""score"":65.94607557641586},""BR2_compression"":{""score"":25.34623929554244},""BR3_retest"":{""score"":50.0},""BR4_bo_age"":{""score"":50.0},""_score"":50.21},""risk"":{""R1_stop_clarity"":{""score"":0},""R2_stop_distance_pct"":{""value"":2.920256200103212,""score"":100.0},""R3_stop_distance_atr"":{""value"":2.307081434787078,""score"":100.0},""R4_rr_potential"":{""value"":0.9365709652605955,""score"":0.0},""_score"":45.0},""market"":{""M1_spy_regime"":{""score"":100.0},""M3_earnings_risk"":{""value"":null,""score"":80.0},""M4_vix"":{""value"":null,""score"":60.0},""_score"":84.0},""liquidity"":{""L1_price"":{""value"":82.3575,""score"":100.0},""L2_dollar_vol"":{""value"":57678714.0466599,""score"":88.05077845877838},""L3_spread_proxy"":{""value"":0.007163889141851117,""score"":92.83611085814888},""L4_volume_zscore"":{""value"":-1.5941451171375538,""score"":100.0},""_score"":94.5},""pattern_structure"":{""top"":82.89,""top_touches"":5,""low_slope_per_bar"":0.006564343360234666,""lowest_low"":81.17,""structural_low"":81.17,""current_price"":82.61,""neckline_distance_pct"":0.0033894201670500077,""base_bars"":56},""pattern_geometry_features"":{""top_touches"":5.0,""low_slope"":0.006564343360234666,""compression"":0.13929209287221944,""atr_pct"":0.012657794198637483},""_schema_version"":""1.0""}",,,,,,,,,,
20260513T182534Z-d71724,2026-05-13T18:25:34.488073+00:00,BHP,double_bottom,setup,55.0,98.5,53.2,15.5,39.6,53.7,30.4,23.3,84.0,97.4,14.78,13.3,1.24,5.54,6.98,2.43,1.4,5.04,4.87,True,risk_unclear,91.03,87.93,81.4103,93.21,"{""trend"":{""T1_ema_stack"":{""value"":[true,true,true],""score"":100.0},""T2_ema50_slope"":{""value"":0.2565811454590648,""score"":92.76352424317747},""T3_high_proximity"":{""value"":1.0,""score"":99.99999999999997},""T4_rs_1m"":{""value"":0.0802393770221912,""score"":100},""T5_rs_3m"":{""value"":0.13820406922545891,""score"":100},""T6_adr_healthy"":{""value"":1.9182691765368953,""score"":100.0},""_score"":98.55},""geometry"":{""sub_low_similarity"":21.7,""sub_bounce_quality"":48.4,""sub_separation_fit"":100.0,""sub_right_bottom_reaction"":13.4,""sub_base_context"":100.0,""_score"":53.2},""compression"":{""VC1_atr_ratio"":{""value"":0.903309996580859,""score"":24.172500854785255},""VC2_range_contraction"":{""value"":1.177325928976839,""score"":0},""VC3_range_pct_rank"":{""score"":23.33333333333333},""_score"":15.5},""sr_quality"":{""SR1_touches"":{""value"":2,""score"":25.0},""SR2_tightness"":{""value"":0.240000000000002,""score"":78.42350296997897},""SR3_recency"":{""value"":237,""score"":0.0},""SR4_price_location"":{""score"":30.0},""SR5_reaction"":{""value"":1.7081393482099863,""score"":85.4069674104993},""_score"":39.57,""_levels_found"":7,""_target_level"":81.02},""volume"":{""V1_rvol_day"":{""value"":0.9972031730807188,""score"":33.146878205381256},""V2_rvol_sameslot"":{""value"":3.393181263508285,""score"":100,""status"":""ok""},""V3_breakout_bar"":{""value"":1.3909025923076501,""score"":59.39350615384335},""V4_base_dryup"":{""value"":0.8872713488197043,""score"":61.27286511802957},""V5_bo_expansion"":{""value"":0.9972031730807188,""score"":0},""_score"":53.73},""readiness"":{""_distance_atr"":-1.393,""BR1_atr_distance"":{""score"":32.13035800288978},""BR2_compression"":{""score"":0},""BR3_retest"":{""score"":50.0},""BR4_bo_age"":{""score"":50.0},""_score"":30.35},""risk"":{""R1_stop_clarity"":{""score"":0},""R2_stop_distance_pct"":{""value"":10.567669998901456,""score"":35.80825002746359},""R3_stop_distance_atr"":{""value"":4.324177235511313,""score"":83.79113822443433},""R4_rr_potential"":{""value"":0.22661711582941424,""score"":0.0},""_score"":23.31},""market"":{""M1_spy_regime"":{""score"":100.0},""M3_earnings_risk"":{""value"":null,""score"":80.0},""M4_vix"":{""value"":null,""score"":60.0},""_score"":84.0},""liquidity"":{""L1_price"":{""value"":91.03,""score"":100.0},""L2_dollar_vol"":{""value"":215045243.0747376,""score"":100.0},""L3_spread_proxy"":{""value"":0.025705811271009595,""score"":74.2941887289904},""L4_volume_zscore"":{""value"":-0.010392262945734247,""score"":100.0},""_score"":97.43},""pattern_structure"":{""left_low"":82.65,""left_idx"":57,""right_low"":85.95,""right_idx"":71,""separation_bars"":14,""structural_low"":82.65,""current_price"":91.33,""neckline_distance_pct"":-0.03722763604511104,""base_bars"":14},""pattern_geometry_features"":{""low_similarity_pct"":0.03914590747330957,""bounce_pct"":0.06388384754990926,""right_bottom_reaction"":0.13419913419913504,""atr_pct"":0.024438568132954617},""_schema_version"":""1.0""}",,,,,,,,,,
20260513T182534Z-d71724,2026-05-13T18:25:34.488073+00:00,FTNT,double_bottom,forming,55.0,99.1,78.0,14.0,57.2,14.3,52.4,51.4,84.0,97.3,14.86,19.5,1.12,8.01,1.86,4.19,3.09,5.04,4.86,True,risk_unclear,115.595,116.46,110.4136,120.825,"{""trend"":{""T1_ema_stack"":{""value"":[true,true,true],""score"":100.0},""T2_ema50_slope"":{""value"":0.2725169249859664,""score"":95.41948749766107},""T3_high_proximity"":{""value"":1.0,""score"":99.99999999999997},""T4_rs_1m"":{""value"":0.3992407491037895,""score"":100},""T5_rs_3m"":{""value"":0.24284281988805456,""score"":100},""T6_adr_healthy"":{""value"":3.3817043347696814,""score"":100.0},""_score"":99.08},""geometry"":{""sub_low_similarity"":89.1,""sub_bounce_quality"":12.8,""sub_separation_fit"":100.0,""sub_right_bottom_reaction"":91.3,""sub_base_context"":100.0,""_score"":77.98},""compression"":{""VC1_atr_ratio"":{""value"":1.1326681634666689,""score"":0},""VC2_range_contraction"":{""value"":1.1214757581910226,""score"":0},""VC3_range_pct_rank"":{""score"":55.833333333333336},""_score"":13.96},""sr_quality"":{""SR1_touches"":{""value"":7,""score"":100},""SR2_tightness"":{""value"":1.066586678548508,""score"":52.91928572881016},""SR3_recency"":{""value"":234,""score"":0.0},""SR4_price_location"":{""score"":30.0},""SR5_reaction"":{""value"":1.5672022499542817,""score"":78.36011249771408},""_score"":57.19,""_levels_found"":3,""_target_level"":86.915},""volume"":{""V1_rvol_day"":{""value"":0.3802469883865447,""score"":0},""V2_rvol_sameslot"":{""value"":0.7891509982687749,""score"":19.276733217918327,""status"":""ok""},""V3_breakout_bar"":{""value"":0.596575117129305,""score"":6.438341141953667},""V4_base_dryup"":{""value"":1.0562290531991412,""score"":44.37709468008588},""V5_bo_expansion"":{""value"":0.38024698838654475,""score"":0},""_score"":14.34},""readiness"":{""_distance_atr"":0.191,""BR1_atr_distance"":{""score"":87.27254000584357},""BR2_compression"":{""score"":0},""BR3_retest"":{""score"":50.0},""BR4_bo_age"":{""score"":50.0},""_score"":52.41},""risk"":{""R1_stop_clarity"":{""score"":25.779412413845108},""R2_stop_distance_pct"":{""value"":4.482395432328392,""score"":100.0},""R3_stop_distance_atr"":{""value"":1.1435788335298689,""score"":82.17894167649345},""R4_rr_potential"":{""value"":1.0093748341431141,""score"":0.4687417071557065},""_score"":51.44},""market"":{""M1_spy_regime"":{""score"":100.0},""M3_earnings_risk"":{""value"":null,""score"":80.0},""M4_vix"":{""value"":null,""score"":60.0},""_score"":84.0},""liquidity"":{""L1_price"":{""value"":115.595,""score"":100.0},""L2_dollar_vol"":{""value"":257413208.35692868,""score"":100.0},""L3_spread_proxy"":{""value"":0.027336822526926,""score"":72.663177473074},""L4_volume_zscore"":{""value"":-1.0871278731737652,""score"":100.0},""_score"":97.27},""pattern_structure"":{""left_low"":112.095,""left_idx"":64,""right_low"":112.71,""right_idx"":76,""separation_bars"":12,""structural_low"":112.095,""current_price"":115.2,""neckline_distance_pct"":0.010937499999999921,""base_bars"":12},""pattern_geometry_features"":{""low_similarity_pct"":0.005471408554080157,""bounce_pct"":0.03894018466479321,""right_bottom_reaction"":0.9130434782608681,""atr_pct"":0.03919620843709256},""_schema_version"":""1.0""}",,,,,,,,,,
20260513T182534Z-d71724,2026-05-13T18:25:34.488073+00:00,SNPS,ascending_triangle,forming,55.0,88.6,61.0,76.4,39.5,19.1,33.0,57.4,84.0,96.8,13.29,17.07,6.11,5.53,2.29,2.64,2.29,5.04,4.84,True,risk_unclear,505.55,519.71,493.0802,538.831,"{""trend"":{""T1_ema_stack"":{""value"":[true,true,false],""score"":66.66666666666666},""T2_ema50_slope"":{""value"":0.3801624083897331,""score"":100},""T3_high_proximity"":{""value"":0.9788375154894672,""score"":89.41875774473357},""T4_rs_1m"":{""value"":0.13757460428874935,""score"":100},""T5_rs_3m"":{""value"":0.08024151459756368,""score"":90.12075729878184},""T6_adr_healthy"":{""value"":2.869544356889791,""score"":100.0},""_score"":88.6},""geometry"":{""sub_flat_top_quality"":100,""sub_hl_slope"":40.6,""sub_compression"":15.2,""sub_duration"":100.0,""_score"":60.98},""compression"":{""VC1_atr_ratio"":{""value"":0.318267253352325,""score"":100},""VC2_range_contraction"":{""value"":0.6969541707503385,""score"":50.507638208276916},""VC3_range_pct_rank"":{""score"":75.0},""_score"":76.43},""sr_quality"":{""SR1_touches"":{""value"":2,""score"":25.0},""SR2_tightness"":{""value"":0.8400000000000034,""score"":89.08781663077983},""SR3_recency"":{""value"":320,""score"":0.0},""SR4_price_location"":{""score"":30.0},""SR5_reaction"":{""value"":1.4880840535049609,""score"":74.40420267524804},""_score"":39.52,""_levels_found"":4,""_target_level"":483.07},""volume"":{""V1_rvol_day"":{""value"":0.44338658332454944,""score"":0},""V2_rvol_sameslot"":{""value"":0.5887444210496874,""score"":5.916294736645825,""status"":""ok""},""V3_breakout_bar"":{""value"":0.5878343562281985,""score"":5.855623748546565},""V4_base_dryup"":{""value"":0.6773552895421696,""score"":82.26447104578304},""V5_bo_expansion"":{""value"":0.4433865833245495,""score"":0},""_score"":19.1},""readiness"":{""_distance_atr"":0.92,""BR1_atr_distance"":{""score"":38.6839220205725},""BR2_compression"":{""score"":0},""BR3_retest"":{""score"":50.0},""BR4_bo_age"":{""score"":50.0},""_score"":32.97},""risk"":{""R1_stop_clarity"":{""score"":2.455018560454306},""R2_stop_distance_pct"":{""value"":2.4665878745920375,""score"":100.0},""R3_stop_distance_atr"":{""value"":0.8099590839519023,""score"":65.49795419759512},""R4_rr_potential"":{""value"":2.6689206392867266,""score"":83.44603196433633},""_score"":57.37},""market"":{""M1_spy_regime"":{""score"":100.0},""M3_earnings_risk"":{""value"":null,""score"":80.0},""M4_vix"":{""value"":null,""score"":60.0},""_score"":84.0},""liquidity"":{""L1_price"":{""value"":505.55,""score"":97.225},""L2_dollar_vol"":{""value"":362694047.8167519,""score"":100.0},""L3_spread_proxy"":{""value"":0.024666205123133274,""score"":75.33379487686673},""L4_volume_zscore"":{""value"":-1.8423706495478192,""score"":100.0},""_score"":96.84},""pattern_structure"":{""top"":519.71,""top_touches"":5,""low_slope_per_bar"":0.609744138929088,""lowest_low"":500.589,""structural_low"":500.589,""current_price"":502.52,""neckline_distance_pct"":0.034207593727612944,""base_bars"":37},""pattern_geometry_features"":{""top_touches"":5.0,""low_slope"":0.609744138929088,""compression"":0.07580728821366967,""atr_pct"":0.03045324045947129},""_schema_version"":""1.0""}",,,,,,,,,,
20260513T182534Z-d71724,2026-05-13T18:25:34.488073+00:00,SNPS,vcp,retest_hold,55.0,88.6,47.8,76.4,39.5,18.3,57.5,66.2,84.0,96.8,13.29,11.96,9.17,4.74,2.38,4.03,3.31,5.04,4.84,True,risk_unclear,505.55,502.28,464.5457,625.06,"{""trend"":{""T1_ema_stack"":{""value"":[true,true,false],""score"":66.66666666666666},""T2_ema50_slope"":{""value"":0.3801624083897331,""score"":100},""T3_high_proximity"":{""value"":0.9788375154894672,""score"":89.41875774473357},""T4_rs_1m"":{""value"":0.13757460428874935,""score"":100},""T5_rs_3m"":{""value"":0.08024151459756368,""score"":90.12075729878184},""T6_adr_healthy"":{""value"":2.869544356889791,""score"":100.0},""_score"":88.6},""geometry"":{""sub_contraction_count"":100.0,""sub_reduction_rate"":0,""sub_pivot_tightness"":55.7,""sub_volume_dryup"":29.8,""sub_base_depth"":0.0,""sub_base_duration"":100.0,""_score"":47.83},""compression"":{""VC1_atr_ratio"":{""value"":0.318267253352325,""score"":100},""VC2_range_contraction"":{""value"":0.6969541707503385,""score"":50.507638208276916},""VC3_range_pct_rank"":{""score"":75.0},""_score"":76.43},""sr_quality"":{""SR1_touches"":{""value"":2,""score"":25.0},""SR2_tightness"":{""value"":0.8400000000000034,""score"":89.08781663077983},""SR3_recency"":{""value"":320,""score"":0.0},""SR4_price_location"":{""score"":30.0},""SR5_reaction"":{""value"":1.4880840535049609,""score"":74.40420267524804},""_score"":39.52,""_levels_found"":4,""_target_level"":483.07},""volume"":{""V1_rvol_day"":{""value"":0.44338658332454944,""score"":0},""V2_rvol_sameslot"":{""value"":0.5887444210496874,""score"":5.916294736645825,""status"":""ok""},""V3_breakout_bar"":{""value"":0.5878343562281985,""score"":5.855623748546565},""V4_base_dryup"":{""value"":0.7159695572618177,""score"":78.40304427381824},""V5_bo_expansion"":{""value"":0.4433865833245495,""score"":0},""_score"":18.33},""readiness"":{""_distance_atr"":-0.212,""BR1_atr_distance"":{""score"":100.0},""BR2_compression"":{""score"":0},""BR3_retest"":{""score"":50.0},""BR4_bo_age"":{""score"":50.0},""_score"":57.5},""risk"":{""R1_stop_clarity"":{""score"":8.09992998943585},""R2_stop_distance_pct"":{""value"":8.110829789338345,""score"":97.22925526654139},""R3_stop_distance_atr"":{""value"":2.663371669800672,""score"":100.0},""R4_rr_potential"":{""value"":2.9145723741168594,""score"":95.72861870584298},""_score"":66.15},""market"":{""M1_spy_regime"":{""score"":100.0},""M3_earnings_risk"":{""value"":null,""score"":80.0},""M4_vix"":{""value"":null,""score"":60.0},""_score"":84.0},""liquidity"":{""L1_price"":{""value"":505.55,""score"":97.225},""L2_dollar_vol"":{""value"":362694047.8167519,""score"":100.0},""L3_spread_proxy"":{""value"":0.024666205123133274,""score"":75.33379487686673},""L4_volume_zscore"":{""value"":-1.8423706495478192,""score"":100.0},""_score"":96.84},""pattern_structure"":{""n_contractions"":5,""contractions_pct"":[10.93,8.4,14.09,3.82,6.1],""descending_strict"":false,""final_low"":471.62,""final_pivot"":502.28,""structural_low"":471.62,""dry_up_ratio"":0.8508576034958601,""current_price"":505.55,""neckline_distance_pct"":-0.006468202947285211,""base_bars"":45,""recent_base_height"":122.77999999999997},""pattern_geometry_features"":{""contraction_count"":5.0,""first_contraction_pct"":0.1092786683107276,""last_contraction_pct"":0.06104165007565495,""dry_up_ratio"":0.8508576034958601,""near_monotone"":0.0,""base_depth_pct"":-0.03844460102166632},""_schema_version"":""1.0""}",,,,,,,,,,
20260513T182534Z-d71724,2026-05-13T18:25:34.488073+00:00,TXN,ascending_triangle,setup,55.0,100.0,66.2,52.3,50.0,18.2,32.3,34.8,84.0,97.6,15.0,18.54,4.18,7.0,2.18,2.58,1.39,5.04,4.88,True,risk_unclear,307.672,296.3,276.785,311.6,"{""trend"":{""T1_ema_stack"":{""value"":[true,true,true],""score"":100.0},""T2_ema50_slope"":{""value"":0.6885572027772073,""score"":100},""T3_high_proximity"":{""value"":1.0,""score"":99.99999999999997},""T4_rs_1m"":{""value"":0.33616458668028915,""score"":100},""T5_rs_3m"":{""value"":0.28458643677519,""score"":100},""T6_adr_healthy"":{""value"":3.194821784063806,""score"":100.0},""_score"":100.0},""geometry"":{""sub_flat_top_quality"":100,""sub_hl_slope"":46.5,""sub_compression"":29.1,""sub_duration"":100.0,""_score"":66.22},""compression"":{""VC1_atr_ratio"":{""value"":0.5789642604642445,""score"":100},""VC2_range_contraction"":{""value"":1.077626443850436,""score"":0},""VC3_range_pct_rank"":{""score"":49.16666666666667},""_score"":52.29},""sr_quality"":{""SR1_touches"":{""value"":4,""score"":75.0},""SR2_tightness"":{""value"":2.6941881894181074,""score"":45.395495758872265},""SR3_recency"":{""value"":278,""score"":0.0},""SR4_price_location"":{""score"":30.0},""SR5_reaction"":{""value"":1.758840437459873,""score"":87.94202187299365},""_score"":50.0,""_levels_found"":6,""_target_level"":228.58},""volume"":{""V1_rvol_day"":{""value"":0.47491236596133307,""score"":0},""V2_rvol_sameslot"":{""value"":0.9336921859499884,""score"":28.912812396665892,""status"":""ok""},""V3_breakout_bar"":{""value"":0.7730551487561661,""score"":18.203676583744407},""V4_base_dryup"":{""value"":1.1077844262224847,""score"":39.22155737775152},""V5_bo_expansion"":{""value"":0.4749123659613332,""score"":0},""_score"":18.18},""readiness"":{""_distance_atr"":-1.152,""BR1_atr_distance"":{""score"":36.951779958466034},""BR2_compression"":{""score"":0},""BR3_retest"":{""score"":50.0},""BR4_bo_age"":{""score"":50.0},""_score"":32.28},""risk"":{""R1_stop_clarity"":{""score"":14.57241692308628},""R2_stop_distance_pct"":{""value"":10.03893756987963,""score"":49.02656075300924},""R3_stop_distance_atr"":{""value"":3.130013948394566,""score"":100.0},""R4_rr_potential"":{""value"":0.12717324440703176,""score"":0.0},""_score"":34.81},""market"":{""M1_spy_regime"":{""score"":100.0},""M3_earnings_risk"":{""value"":null,""score"":80.0},""M4_vix"":{""value"":null,""score"":60.0},""_score"":84.0},""liquidity"":{""L1_price"":{""value"":307.672,""score"":100.0},""L2_dollar_vol"":{""value"":1303603666.4329894,""score"":100.0},""L3_spread_proxy"":{""value"":0.024051587404768638,""score"":75.94841259523136},""L4_volume_zscore"":{""value"":-1.0124683560702485,""score"":100.0},""_score"":97.59},""pattern_structure"":{""top"":296.3,""top_touches"":4,""low_slope_per_bar"":0.3920375640295969,""lowest_low"":281.0,""structural_low"":281.0,""current_price"":308.4425,""neckline_distance_pct"":-0.03936714298451084,""base_bars"":33},""pattern_geometry_features"":{""top_touches"":4.0,""low_slope"":0.3920375640295969,""compression"":0.1454667528931176,""atr_pct"":0.03207314004152844},""_schema_version"":""1.0""}",,,,,,,,,,
20260513T182534Z-d71724,2026-05-13T18:25:34.488073+00:00,CDNS,ascending_triangle,forming,55.0,97.6,79.6,71.4,52.6,19.8,29.1,62.6,84.0,97.0,14.64,22.28,5.71,7.36,2.37,2.33,2.51,5.04,4.85,True,risk_unclear,352.685,365.01,342.2776,382.53,"{""trend"":{""T1_ema_stack"":{""value"":[true,true,true],""score"":100.0},""T2_ema50_slope"":{""value"":0.40025946736136275,""score"":100},""T3_high_proximity"":{""value"":0.9683827567270731,""score"":84.19137836353651},""T4_rs_1m"":{""value"":0.1367319739312185,""score"":100},""T5_rs_3m"":{""value"":0.10356072151039442,""score"":100},""T6_adr_healthy"":{""value"":3.2225188303134518,""score"":100.0},""_score"":97.63},""geometry"":{""sub_flat_top_quality"":100,""sub_hl_slope"":84.2,""sub_compression"":37.2,""sub_duration"":100.0,""_score"":79.56},""compression"":{""VC1_atr_ratio"":{""value"":0.47384189342967586,""score"":100},""VC2_range_contraction"":{""value"":0.6686727567241066,""score"":55.22120721264889},""VC3_range_pct_rank"":{""score"":48.33333333333333},""_score"":71.41},""sr_quality"":{""SR1_touches"":{""value"":4,""score"":75.0},""SR2_tightness"":{""value"":2.870481231431403,""score"":50.384110218147825},""SR3_recency"":{""value"":296,""score"":0.0},""SR4_price_location"":{""score"":30.0},""SR5_reaction"":{""value"":2.724224866258331,""score"":100},""_score"":52.56,""_levels_found"":5,""_target_level"":326.025},""volume"":{""V1_rvol_day"":{""value"":0.42776272173253965,""score"":0},""V2_rvol_sameslot"":{""value"":0.7677139157340156,""score"":17.847594382267708,""status"":""ok""},""V3_breakout_bar"":{""value"":0.7554488206309629,""score"":17.029921375397524},""V4_base_dryup"":{""value"":0.903834088865277,""score"":59.616591113472296},""V5_bo_expansion"":{""value"":0.42776272173253965,""score"":0},""_score"":19.75},""readiness"":{""_distance_atr"":1.065,""BR1_atr_distance"":{""score"":28.987999774473693},""BR2_compression"":{""score"":0},""BR3_retest"":{""score"":50.0},""BR4_bo_age"":{""score"":50.0},""_score"":29.1},""risk"":{""R1_stop_clarity"":{""score"":9.905217190541961},""R2_stop_distance_pct"":{""value"":2.950891021733277,""score"":100.0},""R3_stop_distance_atr"":{""value"":0.8994483657774431,""score"":69.97241828887215},""R4_rr_potential"":{""value"":2.8676848573363967,""score"":93.38424286681983},""_score"":62.64},""market"":{""M1_spy_regime"":{""score"":100.0},""M3_earnings_risk"":{""value"":null,""score"":80.0},""M4_vix"":{""value"":null,""score"":60.0},""_score"":84.0},""liquidity"":{""L1_price"":{""value"":352.685,""score"":100.0},""L2_dollar_vol"":{""value"":385927815.7292587,""score"":100.0},""L3_spread_proxy"":{""value"":0.029700724442491076,""score"":70.29927555750892},""L4_volume_zscore"":{""value"":-1.6955742686640143,""score"":100.0},""_score"":97.03},""pattern_structure"":{""top"":365.01,""top_touches"":4,""low_slope_per_bar"":0.8779623134328371,""lowest_low"":347.49,""structural_low"":347.49,""current_price"":351.35,""neckline_distance_pct"":0.03887861107158095,""base_bars"":47},""pattern_geometry_features"":{""top_touches"":4.0,""low_slope"":0.8779623134328371,""compression"":0.18612619915076356,""atr_pct"":0.03280778679477235},""_schema_version"":""1.0""}",,,,,,,,,,
20260513T182534Z-d71724,2026-05-13T18:25:34.488073+00:00,SNPS,cup_with_handle,retest_hold,55.0,88.6,57.9,76.4,39.5,15.1,57.5,61.3,84.0,96.8,12.4,17.36,6.11,4.74,1.96,4.6,3.06,4.2,4.84,True,risk_unclear,505.55,502.28,464.5457,605.01,"{""trend"":{""T1_ema_stack"":{""value"":[true,true,false],""score"":66.66666666666666},""T2_ema50_slope"":{""value"":0.3801624083897331,""score"":100},""T3_high_proximity"":{""value"":0.9788375154894672,""score"":89.41875774473357},""T4_rs_1m"":{""value"":0.13757460428874935,""score"":100},""T5_rs_3m"":{""value"":0.08024151459756368,""score"":90.12075729878184},""T6_adr_healthy"":{""value"":2.869544356889791,""score"":100.0},""_score"":88.6},""geometry"":{""sub_cup_depth"":100.0,""sub_cup_duration"":56.0,""sub_rim_symmetry"":16.8,""sub_handle_shallowness"":49.1,""sub_handle_proportion"":100.0,""sub_u_shape"":41.8,""_score"":57.85},""compression"":{""VC1_atr_ratio"":{""value"":0.318267253352325,""score"":100},""VC2_range_contraction"":{""value"":0.6969541707503385,""score"":50.507638208276916},""VC3_range_pct_rank"":{""score"":75.0},""_score"":76.43},""sr_quality"":{""SR1_touches"":{""value"":2,""score"":25.0},""SR2_tightness"":{""value"":0.8400000000000034,""score"":89.08781663077983},""SR3_recency"":{""value"":320,""score"":0.0},""SR4_price_location"":{""score"":30.0},""SR5_reaction"":{""value"":1.4880840535049609,""score"":74.40420267524804},""_score"":39.52,""_levels_found"":4,""_target_level"":483.07},""volume"":{""V1_rvol_day"":{""value"":0.44338658332454944,""score"":0},""V2_rvol_sameslot"":{""value"":0.5887444210496874,""score"":5.916294736645825,""status"":""ok""},""V3_breakout_bar"":{""value"":0.5878343562281985,""score"":5.855623748546565},""V4_base_dryup"":{""value"":0.8793401552798187,""score"":62.06598447201813},""V5_bo_expansion"":{""value"":0.4433865833245495,""score"":0},""_score"":15.06},""readiness"":{""_distance_atr"":-0.212,""BR1_atr_distance"":{""score"":100.0},""BR2_compression"":{""score"":0},""BR3_retest"":{""score"":50.0},""BR4_bo_age"":{""score"":50.0},""_score"":57.5},""risk"":{""R1_stop_clarity"":{""score"":8.09992998943585},""R2_stop_distance_pct"":{""value"":8.110829789338345,""score"":97.22925526654139},""R3_stop_distance_atr"":{""value"":2.663371669800672,""score"":100.0},""R4_rr_potential"":{""value"":2.4255992664183994,""score"":71.27996332091998},""_score"":61.26},""market"":{""M1_spy_regime"":{""score"":100.0},""M3_earnings_risk"":{""value"":null,""score"":80.0},""M4_vix"":{""value"":null,""score"":60.0},""_score"":84.0},""liquidity"":{""L1_price"":{""value"":505.55,""score"":97.225},""L2_dollar_vol"":{""value"":362694047.8167519,""score"":100.0},""L3_spread_proxy"":{""value"":0.024666205123133274,""score"":75.33379487686673},""L4_volume_zscore"":{""value"":-1.8423706495478192,""score"":100.0},""_score"":96.84},""pattern_structure"":{""left_rim"":482.23,""left_rim_idx"":75,""cup_bottom"":379.5,""cup_bottom_idx"":147,""right_rim"":502.28,""right_rim_idx"":166,""handle_low"":471.62,""handle_bars"":13,""cup_bars"":91,""structural_low"":471.62,""current_price"":505.55,""neckline_distance_pct"":-0.006468202947285211,""base_bars"":104},""pattern_geometry_features"":{""cup_depth_pct"":0.21303112622607473,""rim_symmetry_pct"":0.04157767040623759,""handle_depth_pct"":0.06104165007565495,""handle_to_cup_ratio"":0.14285714285714285,""cup_duration_bars"":91.0,""atr_pct"":0.03045324045947129,""u_shape_score"":0.2087912087912088},""_schema_version"":""1.0""}",,,,,,,,,,
20260513T182534Z-d71724,2026-05-13T18:25:34.488073+00:00,TTWO,vcp,breakout_confirmed,55.0,79.6,57.3,52.5,38.9,55.1,32.8,25.1,84.0,97.3,11.94,14.31,6.3,4.66,7.16,2.29,1.26,5.04,4.86,True,risk_unclear,227.61,221.22,203.3532,254.81,"{""trend"":{""T1_ema_stack"":{""value"":[true,true,false],""score"":66.66666666666666},""T2_ema50_slope"":{""value"":0.12519993584141784,""score"":70.86665597356964},""T3_high_proximity"":{""value"":1.0,""score"":99.99999999999997},""T4_rs_1m"":{""value"":0.040186499061816594,""score"":90.18649906181659},""T5_rs_3m"":{""value"":0.042908140721014565,""score"":71.45407036050727},""T6_adr_healthy"":{""value"":2.6002333920292036,""score"":100.0},""_score"":79.6},""geometry"":{""sub_contraction_count"":100.0,""sub_reduction_rate"":20.6,""sub_pivot_tightness"":47.4,""sub_volume_dryup"":0,""sub_base_depth"":100.0,""sub_base_duration"":100.0,""_score"":57.26},""compression"":{""VC1_atr_ratio"":{""value"":0.4826821142555358,""score"":100},""VC2_range_contraction"":{""value"":0.957060772060178,""score"":7.156537989970328},""VC3_range_pct_rank"":{""score"":40.0},""_score"":52.5},""sr_quality"":{""SR1_touches"":{""value"":2,""score"":25.0},""SR2_tightness"":{""value"":0.9549999999999983,""score"":67.31235162814812},""SR3_recency"":{""value"":323,""score"":0.0},""SR4_price_location"":{""score"":32.163305949713745},""SR5_reaction"":{""value"":1.761881361194847,""score"":88.09406805974234},""_score"":38.85,""_levels_found"":6,""_target_level"":241.235},""volume"":{""V1_rvol_day"":{""value"":0.5572123787134968,""score"":3.814158580899788},""V2_rvol_sameslot"":{""value"":2.9916569490020057,""score"":100,""status"":""ok""},""V3_breakout_bar"":{""value"":1.8207066353345827,""score"":88.04710902230552},""V4_base_dryup"":{""value"":0.8838808531640697,""score"":61.61191468359303},""V5_bo_expansion"":{""value"":0.5572123787134969,""score"":0},""_score"":55.1},""readiness"":{""_distance_atr"":-1.094,""BR1_atr_distance"":{""score"":38.1283693093053},""BR2_compression"":{""score"":0},""BR3_retest"":{""score"":50.0},""BR4_bo_age"":{""score"":50.0},""_score"":32.75},""risk"":{""R1_stop_clarity"":{""score"":0},""R2_stop_distance_pct"":{""value"":10.657154782303078,""score"":33.571130442423055},""R3_stop_distance_atr"":{""value"":4.1512885583451355,""score"":92.43557208274322},""R4_rr_potential"":{""value"":1.1213373597039977,""score"":6.066867985199886},""_score"":25.15},""market"":{""M1_spy_regime"":{""score"":100.0},""M3_earnings_risk"":{""value"":null,""score"":80.0},""M4_vix"":{""value"":null,""score"":60.0},""_score"":84.0},""liquidity"":{""L1_price"":{""value"":227.61,""score"":100.0},""L2_dollar_vol"":{""value"":184826861.96500954,""score"":100.0},""L3_spread_proxy"":{""value"":0.027107332718246176,""score"":72.89266728175383},""L4_volume_zscore"":{""value"":-1.7007961579351298,""score"":100.0},""_score"":97.29},""pattern_structure"":{""n_contractions"":5,""contractions_pct"":[23.78,11.65,5.85,11.91,6.68],""descending_strict"":false,""final_low"":206.45,""final_pivot"":221.22,""structural_low"":206.45,""dry_up_ratio"":1.100758011847547,""current_price"":227.61,""neckline_distance_pct"":-0.02807433768287867,""base_bars"":59,""recent_base_height"":33.59},""pattern_geometry_features"":{""contraction_count"":5.0,""first_contraction_pct"":0.23777911888955952,""last_contraction_pct"":0.0667661151794594,""dry_up_ratio"":1.100758011847547,""near_monotone"":0.0,""base_depth_pct"":0.16938241802454243},""_schema_version"":""1.0""}",,,,,,,,,,
20260513T182534Z-d71724,2026-05-13T18:25:34.488073+00:00,TSM,double_bottom,forming,55.0,78.3,67.1,49.2,46.9,22.1,31.8,65.9,84.0,96.7,11.74,16.77,3.93,6.56,2.88,2.55,3.95,5.04,4.84,True,risk_unclear,403.22,420.0,379.9243,454.29,"{""trend"":{""T1_ema_stack"":{""value"":[true,true,true],""score"":100.0},""T2_ema50_slope"":{""value"":0.3614381380876379,""score"":100},""T3_high_proximity"":{""value"":0.9611918951132301,""score"":80.59594755661503},""T4_rs_1m"":{""value"":-0.008152327598712095,""score"":41.84767240128791},""T5_rs_3m"":{""value"":0.004439862066514699,""score"":52.21993103325735},""T6_adr_healthy"":{""value"":3.147703417799809,""score"":100.0},""_score"":78.29},""geometry"":{""sub_low_similarity"":97.9,""sub_bounce_quality"":84.1,""sub_separation_fit"":0.0,""sub_right_bottom_reaction"":6.1,""sub_base_context"":100.0,""_score"":67.1},""compression"":{""VC1_atr_ratio"":{""value"":0.5534149298367977,""score"":100},""VC2_range_contraction"":{""value"":1.2191372950606034,""score"":0},""VC3_range_pct_rank"":{""score"":36.66666666666667},""_score"":49.17},""sr_quality"":{""SR1_touches"":{""value"":2,""score"":25.0},""SR2_tightness"":{""value"":2.75,""score"":64.72197710868654},""SR3_recency"":{""value"":227,""score"":0.0},""SR4_price_location"":{""score"":61.210948299695914},""SR5_reaction"":{""value"":1.9114274221111656,""score"":95.57137110555828},""_score"":46.85,""_levels_found"":6,""_target_level"":417.25},""volume"":{""V1_rvol_day"":{""value"":0.586157923106711,""score"":5.7438615404474005},""V2_rvol_sameslot"":{""value"":1.1256590067647345,""score"":41.7106004509823,""status"":""ok""},""V3_breakout_bar"":{""value"":0.7266900298818836,""score"":15.112668658792238},""V4_base_dryup"":{""value"":1.0568894139763279,""score"":44.31105860236721},""V5_bo_expansion"":{""value"":0.586157923106711,""score"":0},""_score"":22.13},""readiness"":{""_distance_atr"":1.076,""BR1_atr_distance"":{""score"":28.246639501061978},""BR2_compression"":{""score"":12.175903111838934},""BR3_retest"":{""score"":50.0},""BR4_bo_age"":{""score"":50.0},""_score"":31.84},""risk"":{""R1_stop_clarity"":{""score"":25.779529766862268},""R2_stop_distance_pct"":{""value"":5.777404394623302,""score"":100.0},""R3_stop_distance_atr"":{""value"":1.4942263163055072,""score"":99.71131581527536},""R4_rr_potential"":{""value"":2.1922547771794227,""score"":59.612738858971134},""_score"":65.9},""market"":{""M1_spy_regime"":{""score"":100.0},""M3_earnings_risk"":{""value"":null,""score"":80.0},""M4_vix"":{""value"":null,""score"":60.0},""_score"":84.0},""liquidity"":{""L1_price"":{""value"":403.22,""score"":100.0},""L2_dollar_vol"":{""value"":3504908798.663931,""score"":100.0},""L3_spread_proxy"":{""value"":0.03276102375874199,""score"":67.238976241258},""L4_volume_zscore"":{""value"":-1.3647831823136565,""score"":100.0},""_score"":96.72},""pattern_structure"":{""left_low"":385.71,""left_idx"":23,""right_low"":386.12,""right_idx"":71,""separation_bars"":48,""structural_low"":385.71,""current_price"":404.38,""neckline_distance_pct"":0.03862703397794155,""base_bars"":48},""pattern_geometry_features"":{""low_similarity_pct"":0.0010624101162173666,""bounce_pct"":0.08890098778875327,""right_bottom_reaction"":0.0607682384673602,""atr_pct"":0.03866485505962715},""_schema_version"":""1.0""}",,,,,,,,,,
20260513T182534Z-d71724,2026-05-13T18:25:34.488073+00:00,HON,breakout_retest_hold,setup,55.0,22.6,80.0,62.9,61.7,12.0,63.0,40.9,84.0,98.4,3.17,17.6,3.77,8.63,1.56,11.33,2.05,4.2,2.95,True,risk_unclear;trend_floor;weak_retest_trend,217.7,216.68,213.8004,218.12,"{""trend"":{""T1_ema_stack"":{""value"":[false,false,true],""score"":33.33333333333333},""T2_ema50_slope"":{""value"":-0.1962713446258276,""score"":17.288109229028734},""T3_high_proximity"":{""value"":0.8776810191904532,""score"":38.84050959522656},""T4_rs_1m"":{""value"":-0.13619149240780892,""score"":0},""T5_rs_3m"":{""value"":-0.17643692854294712,""score"":0},""T6_adr_healthy"":{""value"":2.294828714867899,""score"":100.0},""_score"":22.62},""geometry"":{""sub_retest_depth"":100.0,""sub_retest_timing"":0.0,""sub_retest_freshness"":100.0,""sub_hold_quality"":100.0,""_score"":80.0},""compression"":{""VC1_atr_ratio"":{""value"":0.4985845019177907,""score"":100},""VC2_range_contraction"":{""value"":0.879532213923228,""score"":20.077964346128667},""VC3_range_pct_rank"":{""score"":63.33333333333333},""_score"":62.86},""sr_quality"":{""SR1_touches"":{""value"":4,""score"":75.0},""SR2_tightness"":{""value"":1.3000630398176845,""score"":43.96694038172188},""SR3_recency"":{""value"":249,""score"":0.0},""SR4_price_location"":{""score"":70.28649750283323},""SR5_reaction"":{""value"":2.2995499101051644,""score"":100},""_score"":61.67,""_levels_found"":7,""_target_level"":221.707},""volume"":{""V1_rvol_day"":{""value"":0.3173499924057592,""score"":0},""V2_rvol_sameslot"":{""value"":0.6805554862567046,""score"":12.03703241711364,""status"":""ok""},""V3_breakout_bar"":{""value"":0.5230118679026445,""score"":1.534124526842969},""V4_base_dryup"":{""value"":1.0393789664848794,""score"":46.062103351512064},""V5_bo_expansion"":{""value"":0.3173499924057591,""score"":0},""_score"":12.0},""readiness"":{""_distance_atr"":-0.22,""BR1_atr_distance"":{""score"":100.0},""BR2_compression"":{""score"":0},""BR3_retest"":{""score"":92.24195256508142},""BR4_bo_age"":{""score"":30.0},""_score"":62.95},""risk"":{""R1_stop_clarity"":{""score"":6.920670886387242},""R2_stop_distance_pct"":{""value"":1.7912723932016503,""score"":94.78180983004125},""R3_stop_distance_atr"":{""value"":0.8403689382557918,""score"":67.0184469127896},""R4_rr_potential"":{""value"":0.10770335419017764,""score"":0.0},""_score"":40.91},""market"":{""M1_spy_regime"":{""score"":100.0},""M3_earnings_risk"":{""value"":null,""score"":80.0},""M4_vix"":{""value"":null,""score"":60.0},""_score"":84.0},""liquidity"":{""L1_price"":{""value"":217.7,""score"":100.0},""L2_dollar_vol"":{""value"":268030827.2254004,""score"":100.0},""L3_spread_proxy"":{""value"":0.0159393661001378,""score"":84.0606338998622},""L4_volume_zscore"":{""value"":-2.03805887734111,""score"":100.0},""_score"":98.41},""pattern_structure"":{""level"":216.68,""level_idx"":57,""breakout_idx"":64,""bo_peak_idx"":68,""bo_peak_price"":221.035,""retest_idx"":77,""retest_low"":215.96,""structural_low"":215.96,""current_price"":217.5109,""neckline_distance_pct"":-0.003820038444050324,""base_bars"":22,""bars_since_breakout"":15},""pattern_geometry_features"":{""retest_depth_atr"":0.5128570410997915,""bars_breakout_to_retest"":13.0,""bars_since_retest"":2.0,""current_above_level_atr"":0.5918512714580694,""bo_peak_excess_pct"":0.02009876315303669,""atr_pct"":0.02131530940350418},""_schema_version"":""1.0""}",,,,,,,,,,
20260513T182534Z-d71724,2026-05-13T18:25:34.488073+00:00,NVDA,cup_with_handle,setup,55.0,99.9,49.0,48.6,61.1,19.0,31.8,23.5,84.0,97.2,13.99,14.69,3.89,7.33,2.48,2.54,1.17,4.2,4.86,True,risk_unclear;stop_too_wide,226.6599,216.825,191.8189,264.7449,"{""trend"":{""T1_ema_stack"":{""value"":[true,true,true],""score"":100.0},""T2_ema50_slope"":{""value"":0.29795291305148186,""score"":99.65881884191364},""T3_high_proximity"":{""value"":1.0,""score"":99.99999999999997},""T4_rs_1m"":{""value"":0.08386195587089706,""score"":100},""T5_rs_3m"":{""value"":0.11920389137010012,""score"":100},""T6_adr_healthy"":{""value"":3.1569021781533992,""score"":100.0},""_score"":99.93},""geometry"":{""sub_cup_depth"":100.0,""sub_cup_duration"":0.0,""sub_rim_symmetry"":56.3,""sub_handle_shallowness"":15.1,""sub_handle_proportion"":100.0,""sub_u_shape"":31.1,""_score"":48.95},""compression"":{""VC1_atr_ratio"":{""value"":0.6223356001821431,""score"":94.41609995446423},""VC2_range_contraction"":{""value"":1.392515740691674,""score"":0},""VC3_range_pct_rank"":{""score"":43.333333333333336},""_score"":48.6},""sr_quality"":{""SR1_touches"":{""value"":7,""score"":100},""SR2_tightness"":{""value"":1.7344263789742196,""score"":57.21397216025651},""SR3_recency"":{""value"":230,""score"":0.0},""SR4_price_location"":{""score"":30.0},""SR5_reaction"":{""value"":2.2110952722454313,""score"":100},""_score"":61.08,""_levels_found"":4,""_target_level"":194.8658},""volume"":{""V1_rvol_day"":{""value"":0.715185782343633,""score"":14.345718822908863},""V2_rvol_sameslot"":{""value"":0.7992895072261873,""score"":19.952633815079153,""status"":""ok""},""V3_breakout_bar"":{""value"":0.49082924457578603,""score"":0},""V4_base_dryup"":{""value"":0.8911951566655933,""score"":60.88048433344066},""V5_bo_expansion"":{""value"":0.715185782343633,""score"":0},""_score"":19.04},""readiness"":{""_distance_atr"":-1.213,""BR1_atr_distance"":{""score"":35.738589409026275},""BR2_compression"":{""score"":0},""BR3_retest"":{""score"":50.0},""BR4_bo_age"":{""score"":50.0},""_score"":31.8},""risk"":{""R1_stop_clarity"":{""score"":27.940287672174378},""R2_stop_distance_pct"":{""value"":15.37148829590059,""score"":0.0},""R3_stop_distance_atr"":{""value"":4.297409258864425,""score"":85.12953705677874},""R4_rr_potential"":{""value"":1.0931086937803163,""score"":4.655434689015814},""_score"":23.48},""market"":{""M1_spy_regime"":{""score"":100.0},""M3_earnings_risk"":{""value"":null,""score"":80.0},""M4_vix"":{""value"":null,""score"":60.0},""_score"":84.0},""liquidity"":{""L1_price"":{""value"":226.6599,""score"":100.0},""L2_dollar_vol"":{""value"":23919586364.81393,""score"":100.0},""L3_spread_proxy"":{""value"":0.02768332642871543,""score"":72.31667357128457},""L4_volume_zscore"":{""value"":-1.14321145398456,""score"":100.0},""_score"":97.23},""pattern_structure"":{""left_rim"":212.1899,""left_rim_idx"":45,""cup_bottom"":164.27,""cup_bottom_idx"":148,""right_rim"":216.825,""right_rim_idx"":167,""handle_low"":194.74,""handle_bars"":12,""cup_bars"":122,""structural_low"":194.74,""current_price"":226.6599,""neckline_distance_pct"":-0.043390560041718915,""base_bars"":134},""pattern_geometry_features"":{""cup_depth_pct"":0.2258349714100435,""rim_symmetry_pct"":0.021844112278671106,""handle_depth_pct"":0.10185633575464074,""handle_to_cup_ratio"":0.09836065573770492,""cup_duration_bars"":122.0,""atr_pct"":0.03576919806786671,""u_shape_score"":0.1557377049180328},""_schema_version"":""1.0""}",,,,,,,,,,
20260513T182534Z-d71724,2026-05-13T18:25:34.488073+00:00,AVGO,double_bottom,forming,55.0,93.2,71.7,54.4,41.8,16.0,24.7,68.9,84.0,96.9,13.97,17.93,4.35,5.86,2.08,1.98,4.13,5.04,4.84,True,risk_unclear,417.455,437.68,398.728,470.56,"{""trend"":{""T1_ema_stack"":{""value"":[true,true,true],""score"":100.0},""T2_ema50_slope"":{""value"":0.5415392822727355,""score"":100},""T3_high_proximity"":{""value"":0.9708255813953488,""score"":85.41279069767438},""T4_rs_1m"":{""value"":0.026750615997084726,""score"":76.75061599708472},""T5_rs_3m"":{""value"":0.1444930613310551,""score"":100},""T6_adr_healthy"":{""value"":3.163954093836104,""score"":100.0},""_score"":93.16},""geometry"":{""sub_low_similarity"":76.8,""sub_bounce_quality"":73.2,""sub_separation_fit"":33.3,""sub_right_bottom_reaction"":60.3,""sub_base_context"":100.0,""_score"":71.72},""compression"":{""VC1_atr_ratio"":{""value"":0.5313072782723914,""score"":100},""VC2_range_contraction"":{""value"":1.3538958867829844,""score"":0},""VC3_range_pct_rank"":{""score"":57.49999999999999},""_score"":54.38},""sr_quality"":{""SR1_touches"":{""value"":2,""score"":25.0},""SR2_tightness"":{""value"":1.6500000000000057,""score"":78.85255424068075},""SR3_recency"":{""value"":227,""score"":0.0},""SR4_price_location"":{""score"":30.0},""SR5_reaction"":{""value"":2.073090516102957,""score"":100},""_score"":41.83,""_levels_found"":6,""_target_level"":404.65},""volume"":{""V1_rvol_day"":{""value"":0.49066066675825026,""score"":0},""V2_rvol_sameslot"":{""value"":0.6470231592347966,""score"":9.80154394898644,""status"":""ok""},""V3_breakout_bar"":{""value"":0.47032258892218987,""score"":0},""V4_base_dryup"":{""value"":0.7968402527982228,""score"":70.31597472017772},""V5_bo_expansion"":{""value"":0.49066066675825026,""score"":0},""_score"":16.02},""readiness"":{""_distance_atr"":1.296,""BR1_atr_distance"":{""score"":13.594527175306908},""BR2_compression"":{""score"":7.068744993275663},""BR3_retest"":{""score"":50.0},""BR4_bo_age"":{""score"":50.0},""_score"":24.7},""risk"":{""R1_stop_clarity"":{""score"":22.17739960570539},""R2_stop_distance_pct"":{""value"":4.485992502185859,""score"":100.0},""R3_stop_distance_atr"":{""value"":1.2000855052568777,""score"":85.00427526284389},""R4_rr_potential"":{""value"":2.8357451807550644,""score"":91.78725903775322},""_score"":68.87},""market"":{""M1_spy_regime"":{""score"":100.0},""M3_earnings_risk"":{""value"":null,""score"":80.0},""M4_vix"":{""value"":null,""score"":60.0},""_score"":84.0},""liquidity"":{""L1_price"":{""value"":417.455,""score"":100.0},""L2_dollar_vol"":{""value"":3873919893.6166687,""score"":100.0},""L3_spread_proxy"":{""value"":0.03135667317435406,""score"":68.64332682564594},""L4_volume_zscore"":{""value"":-2.379989224937331,""score"":100.0},""_score"":96.86},""pattern_structure"":{""left_low"":409.53,""left_idx"":36,""right_low"":404.8,""right_idx"":76,""separation_bars"":40,""structural_low"":404.8,""current_price"":417.5869,""neckline_distance_pct"":0.04811717034226886,""base_bars"":40},""pattern_geometry_features"":{""low_similarity_pct"":0.011616912062677199,""bounce_pct"":0.08122529644268774,""right_bottom_reaction"":0.6029798422436472,""atr_pct"":0.037380607319522904},""_schema_version"":""1.0""}",,,,,,,,,,
20260513T182534Z-d71724,2026-05-13T18:25:34.488073+00:00,TTWO,double_bottom,absent,55.0,79.6,47.0,52.5,38.9,58.1,52.1,41.7,84.0,97.3,11.94,11.74,4.2,5.44,7.55,4.17,2.5,5.04,4.86,True,risk_unclear,227.61,228.79,208.4107,245.9955,"{""trend"":{""T1_ema_stack"":{""value"":[true,true,false],""score"":66.66666666666666},""T2_ema50_slope"":{""value"":0.12519993584141784,""score"":70.86665597356964},""T3_high_proximity"":{""value"":1.0,""score"":99.99999999999997},""T4_rs_1m"":{""value"":0.040186499061816594,""score"":90.18649906181659},""T5_rs_3m"":{""value"":0.042908140721014565,""score"":71.45407036050727},""T6_adr_healthy"":{""value"":2.6002333920292036,""score"":100.0},""_score"":79.6},""geometry"":{""sub_low_similarity"":6.3,""sub_bounce_quality"":73.3,""sub_separation_fit"":0.0,""sub_right_bottom_reaction"":69.4,""sub_base_context"":100.0,""_score"":46.96},""compression"":{""VC1_atr_ratio"":{""value"":0.4826821142555358,""score"":100},""VC2_range_contraction"":{""value"":0.957060772060178,""score"":7.156537989970328},""VC3_range_pct_rank"":{""score"":40.0},""_score"":52.5},""sr_quality"":{""SR1_touches"":{""value"":2,""score"":25.0},""SR2_tightness"":{""value"":0.9549999999999983,""score"":67.31235162814812},""SR3_recency"":{""value"":323,""score"":0.0},""SR4_price_location"":{""score"":32.163305949713745},""SR5_reaction"":{""value"":1.761881361194847,""score"":88.09406805974234},""_score"":38.85,""_levels_found"":6,""_target_level"":241.235},""volume"":{""V1_rvol_day"":{""value"":0.5572123787134968,""score"":3.814158580899788},""V2_rvol_sameslot"":{""value"":2.9916569490020057,""score"":100,""status"":""ok""},""V3_breakout_bar"":{""value"":1.8207066353345827,""score"":88.04710902230552},""V4_base_dryup"":{""value"":0.7331830461469431,""score"":76.68169538530569},""V5_bo_expansion"":{""value"":0.5572123787134969,""score"":0},""_score"":58.11},""readiness"":{""_distance_atr"":0.202,""BR1_atr_distance"":{""score"":86.53702440531079},""BR2_compression"":{""score"":0},""BR3_retest"":{""score"":50.0},""BR4_bo_age"":{""score"":50.0},""_score"":52.11},""risk"":{""R1_stop_clarity"":{""score"":0},""R2_stop_distance_pct"":{""value"":8.435159922674758,""score"":89.12100193313104},""R3_stop_distance_atr"":{""value"":3.285753429513746,""score"":100.0},""R4_rr_potential"":{""value"":0.9576146589967539,""score"":0.0},""_score"":41.74},""market"":{""M1_spy_regime"":{""score"":100.0},""M3_earnings_risk"":{""value"":null,""score"":80.0},""M4_vix"":{""value"":null,""score"":60.0},""_score"":84.0},""liquidity"":{""L1_price"":{""value"":227.61,""score"":100.0},""L2_dollar_vol"":{""value"":184826861.96500954,""score"":100.0},""L3_spread_proxy"":{""value"":0.027107332718246176,""score"":72.89266728175383},""L4_volume_zscore"":{""value"":-1.7007961579351298,""score"":100.0},""_score"":97.29},""pattern_structure"":{""left_low"":211.5845,""left_idx"":28,""right_low"":221.73,""right_idx"":76,""separation_bars"":48,""structural_low"":211.5845,""current_price"":226.2,""neckline_distance_pct"":0.011450044208664915,""base_bars"":48},""pattern_geometry_features"":{""low_similarity_pct"":0.04682741980709161,""bounce_pct"":0.08131739328731548,""right_bottom_reaction"":0.6942675159235678,""atr_pct"":0.02567192001355703},""_schema_version"":""1.0""}",,,,,,,,,,
20260513T182534Z-d71724,2026-05-13T18:25:34.488073+00:00,NVDA,double_bottom,setup,55.0,99.9,65.7,48.6,61.1,19.4,57.5,52.3,84.0,97.2,14.99,16.41,3.89,8.55,2.52,4.6,3.14,5.04,4.86,True,risk_unclear,226.6599,223.75,210.6816,233.61,"{""trend"":{""T1_ema_stack"":{""value"":[true,true,true],""score"":100.0},""T2_ema50_slope"":{""value"":0.29795291305148186,""score"":99.65881884191364},""T3_high_proximity"":{""value"":1.0,""score"":99.99999999999997},""T4_rs_1m"":{""value"":0.08386195587089706,""score"":100},""T5_rs_3m"":{""value"":0.11920389137010012,""score"":100},""T6_adr_healthy"":{""value"":3.1569021781533992,""score"":100.0},""_score"":99.93},""geometry"":{""sub_low_similarity"":90.4,""sub_bounce_quality"":23.0,""sub_separation_fit"":80.0,""sub_right_bottom_reaction"":12.9,""sub_base_context"":100.0,""_score"":65.66},""compression"":{""VC1_atr_ratio"":{""value"":0.6223356001821431,""score"":94.41609995446423},""VC2_range_contraction"":{""value"":1.392515740691674,""score"":0},""VC3_range_pct_rank"":{""score"":43.333333333333336},""_score"":48.6},""sr_quality"":{""SR1_touches"":{""value"":7,""score"":100},""SR2_tightness"":{""value"":1.7344263789742196,""score"":57.21397216025651},""SR3_recency"":{""value"":230,""score"":0.0},""SR4_price_location"":{""score"":30.0},""SR5_reaction"":{""value"":2.2110952722454313,""score"":100},""_score"":61.08,""_levels_found"":4,""_target_level"":194.8658},""volume"":{""V1_rvol_day"":{""value"":0.715185782343633,""score"":14.345718822908863},""V2_rvol_sameslot"":{""value"":0.7992895072261873,""score"":19.952633815079153,""status"":""ok""},""V3_breakout_bar"":{""value"":0.49082924457578603,""score"":0},""V4_base_dryup"":{""value"":0.8723634687410823,""score"":62.76365312589177},""V5_bo_expansion"":{""value"":0.715185782343633,""score"":0},""_score"":19.41},""readiness"":{""_distance_atr"":-0.359,""BR1_atr_distance"":{""score"":100.0},""BR2_compression"":{""score"":0},""BR3_retest"":{""score"":50.0},""BR4_bo_age"":{""score"":50.0},""_score"":57.5},""risk"":{""R1_stop_clarity"":{""score"":20.85420627606746},""R2_stop_distance_pct"":{""value"":7.049438387645986,""score"":100.0},""R3_stop_distance_atr"":{""value"":1.9708125338093212,""score"":100.0},""R4_rr_potential"":{""value"":0.434972540797648,""score"":0.0},""_score"":52.3},""market"":{""M1_spy_regime"":{""score"":100.0},""M3_earnings_risk"":{""value"":null,""score"":80.0},""M4_vix"":{""value"":null,""score"":60.0},""_score"":84.0},""liquidity"":{""L1_price"":{""value"":226.6599,""score"":100.0},""L2_dollar_vol"":{""value"":23919586364.81393,""score"":100.0},""L3_spread_proxy"":{""value"":0.02768332642871543,""score"":72.31667357128457},""L4_volume_zscore"":{""value"":-1.14321145398456,""score"":100.0},""_score"":97.23},""pattern_structure"":{""left_low"":213.89,""left_idx"":64,""right_low"":214.92,""right_idx"":71,""separation_bars"":7,""structural_low"":213.89,""current_price"":226.95,""neckline_distance_pct"":-0.014100022031284375,""base_bars"":7},""pattern_geometry_features"":{""low_similarity_pct"":0.004803992444206064,""bounce_pct"":0.0460984618261724,""right_bottom_reaction"":0.12887828162291579,""atr_pct"":0.03576919806786671},""_schema_version"":""1.0""}",,,,,,,,,,
20260513T182534Z-d71724,2026-05-13T18:25:34.488073+00:00,CDNS,double_bottom,forming,55.0,97.6,56.9,71.4,52.6,13.1,29.1,61.5,84.0,97.0,14.64,14.21,5.71,7.36,1.7,2.33,3.69,5.04,4.85,True,risk_unclear,352.685,365.01,340.9381,383.8899,"{""trend"":{""T1_ema_stack"":{""value"":[true,true,true],""score"":100.0},""T2_ema50_slope"":{""value"":0.40025946736136275,""score"":100},""T3_high_proximity"":{""value"":0.9683827567270731,""score"":84.19137836353651},""T4_rs_1m"":{""value"":0.1367319739312185,""score"":100},""T5_rs_3m"":{""value"":0.10356072151039442,""score"":100},""T6_adr_healthy"":{""value"":3.2225188303134518,""score"":100.0},""_score"":97.63},""geometry"":{""sub_low_similarity"":32.4,""sub_bounce_quality"":35.1,""sub_separation_fit"":100.0,""sub_right_bottom_reaction"":34.1,""sub_base_context"":100.0,""_score"":56.85},""compression"":{""VC1_atr_ratio"":{""value"":0.47384189342967586,""score"":100},""VC2_range_contraction"":{""value"":0.6686727567241066,""score"":55.22120721264889},""VC3_range_pct_rank"":{""score"":48.33333333333333},""_score"":71.41},""sr_quality"":{""SR1_touches"":{""value"":4,""score"":75.0},""SR2_tightness"":{""value"":2.870481231431403,""score"":50.384110218147825},""SR3_recency"":{""value"":296,""score"":0.0},""SR4_price_location"":{""score"":30.0},""SR5_reaction"":{""value"":2.724224866258331,""score"":100},""_score"":52.56,""_levels_found"":5,""_target_level"":326.025},""volume"":{""V1_rvol_day"":{""value"":0.42776272173253965,""score"":0},""V2_rvol_sameslot"":{""value"":0.7677139157340156,""score"":17.847594382267708,""status"":""ok""},""V3_breakout_bar"":{""value"":0.7554488206309629,""score"":17.029921375397524},""V4_base_dryup"":{""value"":1.2371275706638598,""score"":26.287242933614024},""V5_bo_expansion"":{""value"":0.42776272173253965,""score"":0},""_score"":13.08},""readiness"":{""_distance_atr"":1.065,""BR1_atr_distance"":{""score"":28.987999774473693},""BR2_compression"":{""score"":0},""BR3_retest"":{""score"":50.0},""BR4_bo_age"":{""score"":50.0},""_score"":29.1},""risk"":{""R1_stop_clarity"":{""score"":10.257802574704314},""R2_stop_distance_pct"":{""value"":3.3306921190297265,""score"":100.0},""R3_stop_distance_atr"":{""value"":1.0152139002440863,""score"":75.76069501220431},""R4_rr_potential"":{""value"":2.6564479852324663,""score"":82.82239926162332},""_score"":61.52},""market"":{""M1_spy_regime"":{""score"":100.0},""M3_earnings_risk"":{""value"":null,""score"":80.0},""M4_vix"":{""value"":null,""score"":60.0},""_score"":84.0},""liquidity"":{""L1_price"":{""value"":352.685,""score"":100.0},""L2_dollar_vol"":{""value"":385927815.7292587,""score"":100.0},""L3_spread_proxy"":{""value"":0.029700724442491076,""score"":70.29927555750892},""L4_volume_zscore"":{""value"":-1.6955742686640143,""score"":100.0},""_score"":97.03},""pattern_structure"":{""left_low"":346.1301,""left_idx"":40,""right_low"":358.03,""right_idx"":64,""separation_bars"":24,""structural_low"":346.1301,""current_price"":351.35,""neckline_distance_pct"":0.03887861107158095,""base_bars"":24},""pattern_geometry_features"":{""low_similarity_pct"":0.03379884773363315,""bounce_pct"":0.054545675166649654,""right_bottom_reaction"":0.34146341463415253,""atr_pct"":0.03280778679477235},""_schema_version"":""1.0""}",,,,,,,,,,
20260513T182534Z-d71724,2026-05-13T18:25:34.488073+00:00,TXN,double_bottom,setup,55.0,100.0,51.2,52.3,50.0,23.1,32.3,24.6,84.0,97.6,15.0,12.79,4.18,7.0,3.0,2.58,1.47,5.04,4.88,True,risk_unclear,307.672,296.3,272.3919,316.06,"{""trend"":{""T1_ema_stack"":{""value"":[true,true,true],""score"":100.0},""T2_ema50_slope"":{""value"":0.6885572027772073,""score"":100},""T3_high_proximity"":{""value"":1.0,""score"":99.99999999999997},""T4_rs_1m"":{""value"":0.33616458668028915,""score"":100},""T5_rs_3m"":{""value"":0.28458643677519,""score"":100},""T6_adr_healthy"":{""value"":3.194821784063806,""score"":100.0},""_score"":100.0},""geometry"":{""sub_low_similarity"":21.4,""sub_bounce_quality"":59.2,""sub_separation_fit"":0.0,""sub_right_bottom_reaction"":86.0,""sub_base_context"":100.0,""_score"":51.16},""compression"":{""VC1_atr_ratio"":{""value"":0.5789642604642445,""score"":100},""VC2_range_contraction"":{""value"":1.077626443850436,""score"":0},""VC3_range_pct_rank"":{""score"":49.16666666666667},""_score"":52.29},""sr_quality"":{""SR1_touches"":{""value"":4,""score"":75.0},""SR2_tightness"":{""value"":2.6941881894181074,""score"":45.395495758872265},""SR3_recency"":{""value"":278,""score"":0.0},""SR4_price_location"":{""score"":30.0},""SR5_reaction"":{""value"":1.758840437459873,""score"":87.94202187299365},""_score"":50.0,""_levels_found"":6,""_target_level"":228.58},""volume"":{""V1_rvol_day"":{""value"":0.47491236596133307,""score"":0},""V2_rvol_sameslot"":{""value"":0.9336921859499884,""score"":28.912812396665892,""status"":""ok""},""V3_breakout_bar"":{""value"":0.7730551487561661,""score"":18.203676583744407},""V4_base_dryup"":{""value"":0.8613051526544413,""score"":63.86948473455587},""V5_bo_expansion"":{""value"":0.4749123659613332,""score"":0},""_score"":23.11},""readiness"":{""_distance_atr"":-1.152,""BR1_atr_distance"":{""score"":36.951779958466034},""BR2_compression"":{""score"":0},""BR3_retest"":{""score"":50.0},""BR4_bo_age"":{""score"":50.0},""_score"":32.28},""risk"":{""R1_stop_clarity"":{""score"":15.928313793275663},""R2_stop_distance_pct"":{""value"":11.466789308094334,""score"":13.33026729764164},""R3_stop_distance_atr"":{""value"":3.5752000874398595,""score"":100.0},""R4_rr_potential"":{""value"":0.23775442813370642,""score"":0.0},""_score"":24.57},""market"":{""M1_spy_regime"":{""score"":100.0},""M3_earnings_risk"":{""value"":null,""score"":80.0},""M4_vix"":{""value"":null,""score"":60.0},""_score"":84.0},""liquidity"":{""L1_price"":{""value"":307.672,""score"":100.0},""L2_dollar_vol"":{""value"":1303603666.4329894,""score"":100.0},""L3_spread_proxy"":{""value"":0.024051587404768638,""score"":75.94841259523136},""L4_volume_zscore"":{""value"":-1.0124683560702485,""score"":100.0},""_score"":97.59},""pattern_structure"":{""left_low"":276.54,""left_idx"":28,""right_low"":287.63,""right_idx"":73,""separation_bars"":45,""structural_low"":276.54,""current_price"":308.4425,""neckline_distance_pct"":-0.03936714298451084,""base_bars"":45},""pattern_geometry_features"":{""low_similarity_pct"":0.03931439105234229,""bounce_pct"":0.07145440081000937,""right_bottom_reaction"":0.8598382749326187,""atr_pct"":0.03207314004152844},""_schema_version"":""1.0""}",,,,,,,,,,
20260513T182534Z-d71724,2026-05-13T18:25:34.488073+00:00,SNPS,double_bottom,absent,55.0,88.6,47.2,76.4,39.5,19.1,33.0,55.2,84.0,96.8,13.29,11.8,6.11,5.53,2.48,2.64,3.31,5.04,4.84,True,risk_unclear,505.55,519.71,481.0184,551.0764,"{""trend"":{""T1_ema_stack"":{""value"":[true,true,false],""score"":66.66666666666666},""T2_ema50_slope"":{""value"":0.3801624083897331,""score"":100},""T3_high_proximity"":{""value"":0.9788375154894672,""score"":89.41875774473357},""T4_rs_1m"":{""value"":0.13757460428874935,""score"":100},""T5_rs_3m"":{""value"":0.08024151459756368,""score"":90.12075729878184},""T6_adr_healthy"":{""value"":2.869544356889791,""score"":100.0},""_score"":88.6},""geometry"":{""sub_low_similarity"":20.5,""sub_bounce_quality"":48.9,""sub_separation_fit"":53.3,""sub_right_bottom_reaction"":22.0,""sub_base_context"":100.0,""_score"":47.22},""compression"":{""VC1_atr_ratio"":{""value"":0.318267253352325,""score"":100},""VC2_range_contraction"":{""value"":0.6969541707503385,""score"":50.507638208276916},""VC3_range_pct_rank"":{""score"":75.0},""_score"":76.43},""sr_quality"":{""SR1_touches"":{""value"":2,""score"":25.0},""SR2_tightness"":{""value"":0.8400000000000034,""score"":89.08781663077983},""SR3_recency"":{""value"":320,""score"":0.0},""SR4_price_location"":{""score"":30.0},""SR5_reaction"":{""value"":1.4880840535049609,""score"":74.40420267524804},""_score"":39.52,""_levels_found"":4,""_target_level"":483.07},""volume"":{""V1_rvol_day"":{""value"":0.44338658332454944,""score"":0},""V2_rvol_sameslot"":{""value"":0.5887444210496874,""score"":5.916294736645825,""status"":""ok""},""V3_breakout_bar"":{""value"":0.5878343562281985,""score"":5.855623748546565},""V4_base_dryup"":{""value"":0.6773552895421696,""score"":82.26447104578304},""V5_bo_expansion"":{""value"":0.4433865833245495,""score"":0},""_score"":19.1},""readiness"":{""_distance_atr"":0.92,""BR1_atr_distance"":{""score"":38.6839220205725},""BR2_compression"":{""score"":0},""BR3_retest"":{""score"":50.0},""BR4_bo_age"":{""score"":50.0},""_score"":32.97},""risk"":{""R1_stop_clarity"":{""score"":4.841162314552051},""R2_stop_distance_pct"":{""value"":4.852448620314514,""score"":100.0},""R3_stop_distance_atr"":{""value"":1.5934096165471776,""score"":100.0},""R4_rr_potential"":{""value"":1.8558302502972328,""score"":42.79151251486164},""_score"":55.25},""market"":{""M1_spy_regime"":{""score"":100.0},""M3_earnings_risk"":{""value"":null,""score"":80.0},""M4_vix"":{""value"":null,""score"":60.0},""_score"":84.0},""liquidity"":{""L1_price"":{""value"":505.55,""score"":97.225},""L2_dollar_vol"":{""value"":362694047.8167519,""score"":100.0},""L3_spread_proxy"":{""value"":0.024666205123133274,""score"":75.33379487686673},""L4_volume_zscore"":{""value"":-1.8423706495478192,""score"":100.0},""_score"":96.84},""pattern_structure"":{""left_low"":488.3436,""left_idx"":34,""right_low"":508.16,""right_idx"":71,""separation_bars"":37,""structural_low"":488.3436,""current_price"":502.52,""neckline_distance_pct"":0.034207593727612944,""base_bars"":37},""pattern_geometry_features"":{""low_similarity_pct"":0.03977185832544919,""bounce_pct"":0.06423018546777322,""right_bottom_reaction"":0.2197583423942197,""atr_pct"":0.03045324045947129},""_schema_version"":""1.0""}",,,,,,,,,,
20260513T182534Z-d71724,2026-05-13T18:25:34.488073+00:00,AVGO,cup_with_handle,forming,55.0,93.2,52.2,54.4,41.8,16.8,39.0,73.5,84.0,96.9,13.04,15.67,4.35,5.02,2.19,3.12,3.67,4.2,4.84,True,risk_unclear,417.455,429.31,388.7302,553.96,"{""trend"":{""T1_ema_stack"":{""value"":[true,true,true],""score"":100.0},""T2_ema50_slope"":{""value"":0.5415392822727355,""score"":100},""T3_high_proximity"":{""value"":0.9708255813953488,""score"":85.41279069767438},""T4_rs_1m"":{""value"":0.026750615997084726,""score"":76.75061599708472},""T5_rs_3m"":{""value"":0.1444930613310551,""score"":100},""T6_adr_healthy"":{""value"":3.163954093836104,""score"":100.0},""_score"":93.16},""geometry"":{""sub_cup_depth"":79.4,""sub_cup_duration"":56.0,""sub_rim_symmetry"":29.1,""sub_handle_shallowness"":32.7,""sub_handle_proportion"":100.0,""sub_u_shape"":37.4,""_score"":52.25},""compression"":{""VC1_atr_ratio"":{""value"":0.5313072782723914,""score"":100},""VC2_range_contraction"":{""value"":1.3538958867829844,""score"":0},""VC3_range_pct_rank"":{""score"":57.49999999999999},""_score"":54.38},""sr_quality"":{""SR1_touches"":{""value"":2,""score"":25.0},""SR2_tightness"":{""value"":1.6500000000000057,""score"":78.85255424068075},""SR3_recency"":{""value"":227,""score"":0.0},""SR4_price_location"":{""score"":30.0},""SR5_reaction"":{""value"":2.073090516102957,""score"":100},""_score"":41.83,""_levels_found"":6,""_target_level"":404.65},""volume"":{""V1_rvol_day"":{""value"":0.49066066675825026,""score"":0},""V2_rvol_sameslot"":{""value"":0.6470231592347966,""score"":9.80154394898644,""status"":""ok""},""V3_breakout_bar"":{""value"":0.47032258892218987,""score"":0},""V4_base_dryup"":{""value"":0.7573183367599896,""score"":74.26816632400104},""V5_bo_expansion"":{""value"":0.49066066675825026,""score"":0},""_score"":16.81},""readiness"":{""_distance_atr"":0.76,""BR1_atr_distance"":{""score"":49.35293545924663},""BR2_compression"":{""score"":7.068744993275663},""BR3_retest"":{""score"":50.0},""BR4_bo_age"":{""score"":50.0},""_score"":39.01},""risk"":{""R1_stop_clarity"":{""score"":24.128732100769597},""R2_stop_distance_pct"":{""value"":6.88092129690626,""score"":100.0},""R3_stop_distance_atr"":{""value"":1.8407730078030426,""score"":100.0},""R4_rr_potential"":{""value"":4.752173648160555,""score"":100.0},""_score"":73.45},""market"":{""M1_spy_regime"":{""score"":100.0},""M3_earnings_risk"":{""value"":null,""score"":80.0},""M4_vix"":{""value"":null,""score"":60.0},""_score"":84.0},""liquidity"":{""L1_price"":{""value"":417.455,""score"":100.0},""L2_dollar_vol"":{""value"":3873919893.6166687,""score"":100.0},""L3_spread_proxy"":{""value"":0.03135667317435406,""score"":68.64332682564594},""L4_volume_zscore"":{""value"":-2.379989224937331,""score"":100.0},""_score"":96.86},""pattern_structure"":{""left_rim"":414.61,""left_rim_idx"":74,""cup_bottom"":289.96,""cup_bottom_idx"":148,""right_rim"":429.31,""right_rim_idx"":165,""handle_low"":394.65,""handle_bars"":14,""cup_bars"":91,""structural_low"":394.65,""current_price"":417.455,""neckline_distance_pct"":0.028398270472266517,""base_bars"":105},""pattern_geometry_features"":{""cup_depth_pct"":0.3006439786787584,""rim_symmetry_pct"":0.03545500590916762,""handle_depth_pct"":0.0807342013929329,""handle_to_cup_ratio"":0.15384615384615385,""cup_duration_bars"":91.0,""atr_pct"":0.037380607319522904,""u_shape_score"":0.18681318681318682},""_schema_version"":""1.0""}",,,,,,,,,,
20260513T182534Z-d71724,2026-05-13T18:25:34.488073+00:00,ADI,double_bottom,setup,55.0,100.0,45.4,52.1,59.5,19.0,31.6,23.3,84.0,97.8,15.0,11.35,4.17,8.34,2.47,2.53,1.4,5.04,4.89,True,risk_unclear,434.67,420.3199,387.5088,447.2298,"{""trend"":{""T1_ema_stack"":{""value"":[true,true,true],""score"":100.0},""T2_ema50_slope"":{""value"":0.4960156040074124,""score"":100},""T3_high_proximity"":{""value"":1.0,""score"":99.99999999999997},""T4_rs_1m"":{""value"":0.17733705153989066,""score"":100},""T5_rs_3m"":{""value"":0.21639285850899959,""score"":100},""T6_adr_healthy"":{""value"":2.6231938555445744,""score"":100.0},""_score"":100.0},""geometry"":{""sub_low_similarity"":33.2,""sub_bounce_quality"":54.9,""sub_separation_fit"":13.3,""sub_right_bottom_reaction"":16.3,""sub_base_context"":100.0,""_score"":45.38},""compression"":{""VC1_atr_ratio"":{""value"":0.6450090429717334,""score"":88.74773925706664},""VC2_range_contraction"":{""value"":0.9624098394695412,""score"":6.265026755076472},""VC3_range_pct_rank"":{""score"":57.49999999999999},""_score"":52.07},""sr_quality"":{""SR1_touches"":{""value"":6,""score"":100},""SR2_tightness"":{""value"":2.2453462984582164,""score"":61.467670038085096},""SR3_recency"":{""value"":254,""score"":0.0},""SR4_price_location"":{""score"":30.0},""SR5_reaction"":{""value"":1.7112494476311406,""score"":85.56247238155703},""_score"":59.55,""_levels_found"":3,""_target_level"":302.644},""volume"":{""V1_rvol_day"":{""value"":0.4754169499231767,""score"":0},""V2_rvol_sameslot"":{""value"":0.8457955224743323,""score"":23.053034831622156,""status"":""ok""},""V3_breakout_bar"":{""value"":0.4043218760115573,""score"":0},""V4_base_dryup"":{""value"":0.7791808025617443,""score"":72.08191974382558},""V5_bo_expansion"":{""value"":0.4754169499231767,""score"":0},""_score"":19.03},""readiness"":{""_distance_atr"":-1.231,""BR1_atr_distance"":{""score"":35.37383037235026},""BR2_compression"":{""score"":0},""BR3_retest"":{""score"":50.0},""BR4_bo_age"":{""score"":50.0},""_score"":31.65},""risk"":{""R1_stop_clarity"":{""score"":0},""R2_stop_distance_pct"":{""value"":10.849874617525943,""score"":28.753134561851425},""R3_stop_distance_atr"":{""value"":4.046656398683751,""score"":97.66718006581243},""R4_rr_potential"":{""value"":0.2663166610653046,""score"":0.0},""_score"":23.28},""market"":{""M1_spy_regime"":{""score"":100.0},""M3_earnings_risk"":{""value"":null,""score"":80.0},""M4_vix"":{""value"":null,""score"":60.0},""_score"":84.0},""liquidity"":{""L1_price"":{""value"":434.67,""score"":100.0},""L2_dollar_vol"":{""value"":711087281.0753111,""score"":100.0},""L3_spread_proxy"":{""value"":0.0221545080175766,""score"":77.8454919824234},""L4_volume_zscore"":{""value"":-1.7799824824887402,""score"":100.0},""_score"":97.78},""pattern_structure"":{""left_low"":393.41,""left_idx"":28,""right_low"":406.77,""right_idx"":71,""separation_bars"":43,""structural_low"":393.41,""current_price"":435.03,""neckline_distance_pct"":-0.03381398983978106,""base_bars"":43},""pattern_geometry_features"":{""low_similarity_pct"":0.03339248669049453,""bounce_pct"":0.0684016674715945,""right_bottom_reaction"":0.16309291747888194,""atr_pct"":0.026811949294867393},""_schema_version"":""1.0""}",,,,,,,,,,
20260513T182534Z-d71724,2026-05-13T18:25:34.488073+00:00,MSFT,cup_with_handle,forming,55.0,41.5,78.7,62.8,58.7,12.6,23.2,60.3,84.0,98.7,5.81,23.6,5.02,7.05,1.64,1.86,3.02,4.2,4.93,True,risk_unclear,404.325,427.98,395.0145,495.38,"{""trend"":{""T1_ema_stack"":{""value"":[false,true,false],""score"":33.33333333333333},""T2_ema50_slope"":{""value"":0.13012745247008334,""score"":71.68790874501389},""T3_high_proximity"":{""value"":0.9339485355261942,""score"":66.97426776309706},""T4_rs_1m"":{""value"":-0.04103593126447391,""score"":8.964068735526084},""T5_rs_3m"":{""value"":-0.07354038416787156,""score"":13.229807916064217},""T6_adr_healthy"":{""value"":2.1797428948576347,""score"":100.0},""_score"":41.49},""geometry"":{""sub_cup_depth"":79.1,""sub_cup_duration"":100.0,""sub_rim_symmetry"":79.7,""sub_handle_shallowness"":47.5,""sub_handle_proportion"":88.9,""sub_u_shape"":90.0,""_score"":78.65},""compression"":{""VC1_atr_ratio"":{""value"":0.4145402750099011,""score"":100},""VC2_range_contraction"":{""value"":0.9563435560004545,""score"":7.2760739999242485},""VC3_range_pct_rank"":{""score"":80.83333333333333},""_score"":62.75},""sr_quality"":{""SR1_touches"":{""value"":4,""score"":75.0},""SR2_tightness"":{""value"":3.13617318588674,""score"":41.17676862217785},""SR3_recency"":{""value"":228,""score"":0.0},""SR4_price_location"":{""score"":65.48661128328261},""SR5_reaction"":{""value"":1.8238203916598463,""score"":91.19101958299231},""_score"":58.73,""_levels_found"":7,""_target_level"":409.265},""volume"":{""V1_rvol_day"":{""value"":0.4281876382322256,""score"":0},""V2_rvol_sameslot"":{""value"":0.6629001305045421,""score"":10.860008700302808,""status"":""ok""},""V3_breakout_bar"":{""value"":0.5535303916050703,""score"":3.568692773671356},""V4_base_dryup"":{""value"":1.0238938455441924,""score"":47.61061544558076},""V5_bo_expansion"":{""value"":0.4281876382322256,""score"":0},""_score"":12.59},""readiness"":{""_distance_atr"":2.218,""BR1_atr_distance"":{""score"":0},""BR2_compression"":{""score"":23.018936966551202},""BR3_retest"":{""score"":50.0},""BR4_bo_age"":{""score"":50.0},""_score"":23.25},""risk"":{""R1_stop_clarity"":{""score"":0},""R2_stop_distance_pct"":{""value"":2.3027144005441174,""score"":100.0},""R3_stop_distance_atr"":{""value"":0.8731513250707051,""score"":68.65756625353525},""R4_rr_potential"":{""value"":9.77987100516087,""score"":100.0},""_score"":60.3},""market"":{""M1_spy_regime"":{""score"":100.0},""M3_earnings_risk"":{""value"":null,""score"":80.0},""M4_vix"":{""value"":null,""score"":60.0},""_score"":84.0},""liquidity"":{""L1_price"":{""value"":404.325,""score"":100.0},""L2_dollar_vol"":{""value"":5950231679.126192,""score"":100.0},""L3_spread_proxy"":{""value"":0.013058801706548023,""score"":86.94119829345198},""L4_volume_zscore"":{""value"":-1.7744433084975095,""score"":100.0},""_score"":98.69},""pattern_structure"":{""left_rim"":423.68,""left_rim_idx"":115,""cup_bottom"":356.28,""cup_bottom_idx"":148,""right_rim"":427.98,""right_rim_idx"":175,""handle_low"":401.03,""handle_bars"":4,""cup_bars"":60,""structural_low"":401.03,""current_price"":404.325,""neckline_distance_pct"":0.05850491560007427,""base_bars"":64},""pattern_geometry_features"":{""cup_depth_pct"":0.159082326283988,""rim_symmetry_pct"":0.010149169184290057,""handle_depth_pct"":0.06297023225384374,""handle_to_cup_ratio"":0.06666666666666667,""cup_duration_bars"":60.0,""atr_pct"":0.02637245497345664,""u_shape_score"":0.45},""_schema_version"":""1.0""}",,,,,,,,,,
20260513T182534Z-d71724,2026-05-13T18:25:34.488073+00:00,PANW,double_bottom,setup,55.0,91.0,79.1,35.1,37.5,24.8,57.5,51.8,84.0,95.1,13.65,19.77,2.81,5.25,3.22,4.6,3.11,5.04,4.75,True,risk_unclear,221.52,220.19,207.6085,229.61,"{""trend"":{""T1_ema_stack"":{""value"":[true,true,false],""score"":66.66666666666666},""T2_ema50_slope"":{""value"":0.278992772851256,""score"":96.49879547520933},""T3_high_proximity"":{""value"":1.0,""score"":99.99999999999997},""T4_rs_1m"":{""value"":0.30131206895237495,""score"":100},""T5_rs_3m"":{""value"":0.26667979297398614,""score"":100},""T6_adr_healthy"":{""value"":3.638449538164412,""score"":100.0},""_score"":90.97},""geometry"":{""sub_low_similarity"":100,""sub_bounce_quality"":21.0,""sub_separation_fit"":73.3,""sub_right_bottom_reaction"":92.7,""sub_base_context"":100.0,""_score"":79.1},""compression"":{""VC1_atr_ratio"":{""value"":0.6901516025693862,""score"":77.46209935765343},""VC2_range_contraction"":{""value"":0.9863853535600651,""score"":2.2691077399891553},""VC3_range_pct_rank"":{""score"":13.33333333333333},""_score"":35.11},""sr_quality"":{""SR1_touches"":{""value"":2,""score"":25.0},""SR2_tightness"":{""value"":1.060050000000004,""score"":73.02181421559705},""SR3_recency"":{""value"":304,""score"":0.0},""SR4_price_location"":{""score"":30.0},""SR5_reaction"":{""value"":1.538892928558444,""score"":76.94464642792221},""_score"":37.49,""_levels_found"":6,""_target_level"":195.13},""volume"":{""V1_rvol_day"":{""value"":0.7284771741489395,""score"":15.231811609929302},""V2_rvol_sameslot"":{""value"":1.6636615208225738,""score"":77.57743472150493,""status"":""ok""},""V3_breakout_bar"":{""value"":0.8717448059343876,""score"":24.78298706229251},""V4_base_dryup"":{""value"":1.6033194778033777,""score"":0},""V5_bo_expansion"":{""value"":0.7284771741489395,""score"":0},""_score"":24.76},""readiness"":{""_distance_atr"":-0.169,""BR1_atr_distance"":{""score"":100.0},""BR2_compression"":{""score"":0},""BR3_retest"":{""score"":50.0},""BR4_bo_age"":{""score"":50.0},""_score"":57.5},""risk"":{""R1_stop_clarity"":{""score"":19.538811125249765},""R2_stop_distance_pct"":{""value"":6.280042434091731,""score"":100.0},""R3_stop_distance_atr"":{""value"":1.7702390474459209,""score"":100.0},""R4_rr_potential"":{""value"":0.5815311737369288,""score"":0.0},""_score"":51.84},""market"":{""M1_spy_regime"":{""score"":100.0},""M3_earnings_risk"":{""value"":null,""score"":80.0},""M4_vix"":{""value"":null,""score"":60.0},""_score"":84.0},""liquidity"":{""L1_price"":{""value"":221.52,""score"":100.0},""L2_dollar_vol"":{""value"":1074580598.0683022,""score"":100.0},""L3_spread_proxy"":{""value"":0.0491603466955579,""score"":50.8396533044421},""L4_volume_zscore"":{""value"":-0.8943111791586569,""score"":100.0},""_score"":95.08},""pattern_structure"":{""left_low"":210.77,""left_idx"":70,""right_low"":210.77,""right_idx"":76,""separation_bars"":6,""structural_low"":210.77,""current_price"":219.43,""neckline_distance_pct"":0.003463519117714036,""base_bars"":6},""pattern_geometry_features"":{""low_similarity_pct"":0.0,""bounce_pct"":0.044693267542819125,""right_bottom_reaction"":0.926751592356688,""atr_pct"":0.03547567456018157},""_schema_version"":""1.0""}",,,,,,,,,,
20260513T182534Z-d71724,2026-05-13T18:25:34.488073+00:00,HWM,double_bottom,forming,55.0,81.8,76.0,42.5,39.5,21.2,51.6,47.2,84.0,96.7,12.27,18.99,3.4,5.54,2.76,4.13,2.83,5.04,4.83,True,risk_unclear,273.87,275.815,262.0642,285.575,"{""trend"":{""T1_ema_stack"":{""value"":[true,true,true],""score"":100.0},""T2_ema50_slope"":{""value"":0.10242750697795337,""score"":67.07125116299223},""T3_high_proximity"":{""value"":1.0,""score"":99.99999999999997},""T4_rs_1m"":{""value"":-0.008176631074367169,""score"":41.823368925632835},""T5_rs_3m"":{""value"":0.11292567588048619,""score"":100},""T6_adr_healthy"":{""value"":3.1982528691414975,""score"":100.0},""_score"":81.78},""geometry"":{""sub_low_similarity"":94.1,""sub_bounce_quality"":9.5,""sub_separation_fit"":100.0,""sub_right_bottom_reaction"":72.3,""sub_base_context"":100.0,""_score"":75.97},""compression"":{""VC1_atr_ratio"":{""value"":0.6454131301313544,""score"":88.64671746716141},""VC2_range_contraction"":{""value"":1.036900362371372,""score"":0},""VC3_range_pct_rank"":{""score"":28.333333333333332},""_score"":42.54},""sr_quality"":{""SR1_touches"":{""value"":2,""score"":25.0},""SR2_tightness"":{""value"":1.5600000000000023,""score"":64.7740799163868},""SR3_recency"":{""value"":244,""score"":0.0},""SR4_price_location"":{""score"":30.0},""SR5_reaction"":{""value"":1.9763773431527183,""score"":98.81886715763592},""_score"":39.54,""_levels_found"":6,""_target_level"":258.26},""volume"":{""V1_rvol_day"":{""value"":0.35929142368533123,""score"":0},""V2_rvol_sameslot"":{""value"":1.1684340107089768,""score"":44.562267380598456,""status"":""ok""},""V3_breakout_bar"":{""value"":1.0712293057076745,""score"":38.08195371384497},""V4_base_dryup"":{""value"":1.3595666981442684,""score"":14.043330185573154},""V5_bo_expansion"":{""value"":0.35929142368533123,""score"":0},""_score"":21.24},""readiness"":{""_distance_atr"":0.22,""BR1_atr_distance"":{""score"":85.36016782849843},""BR2_compression"":{""score"":0},""BR3_retest"":{""score"":50.0},""BR4_bo_age"":{""score"":50.0},""_score"":51.64},""risk"":{""R1_stop_clarity"":{""score"":9.884306078406098},""R2_stop_distance_pct"":{""value"":4.310740497316255,""score"":100.0},""R3_stop_distance_atr"":{""value"":1.3329200255484719,""score"":91.6460012774236},""R4_rr_potential"":{""value"":0.991459724330994,""score"":0.0},""_score"":47.21},""market"":{""M1_spy_regime"":{""score"":100.0},""M3_earnings_risk"":{""value"":null,""score"":80.0},""M4_vix"":{""value"":null,""score"":60.0},""_score"":84.0},""liquidity"":{""L1_price"":{""value"":273.87,""score"":100.0},""L2_dollar_vol"":{""value"":248715042.5340325,""score"":100.0},""L3_spread_proxy"":{""value"":0.033117902654544104,""score"":66.88209734545589},""L4_volume_zscore"":{""value"":-1.491471237537926,""score"":100.0},""_score"":96.69},""pattern_structure"":{""left_low"":266.055,""left_idx"":56,""right_low"":266.837,""right_idx"":73,""separation_bars"":17,""structural_low"":266.055,""current_price"":274.5,""neckline_distance_pct"":0.004790528233151176,""base_bars"":17},""pattern_geometry_features"":{""low_similarity_pct"":0.0029349286534606717,""bounce_pct"":0.036684144255886904,""right_bottom_reaction"":0.7227943700652243,""atr_pct"":0.032340578689576405},""_schema_version"":""1.0""}",,,,,,,,,,
20260513T182534Z-d71724,2026-05-13T18:25:34.488073+00:00,HWM,high_tight_pullback,forming,55.0,81.8,68.1,42.5,39.5,28.4,36.8,67.2,84.0,96.7,9.81,23.85,4.25,3.16,3.97,3.31,0.67,5.04,4.83,True,risk_unclear,273.87,280.74,262.0395,323.61,"{""trend"":{""T1_ema_stack"":{""value"":[true,true,true],""score"":100.0},""T2_ema50_slope"":{""value"":0.10242750697795337,""score"":67.07125116299223},""T3_high_proximity"":{""value"":1.0,""score"":99.99999999999997},""T4_rs_1m"":{""value"":-0.008176631074367169,""score"":41.823368925632835},""T5_rs_3m"":{""value"":0.11292567588048619,""score"":100},""T6_adr_healthy"":{""value"":3.1982528691414975,""score"":100.0},""_score"":81.78},""geometry"":{""sub_pole_impulse"":100.0,""sub_flag_tightness"":59.0,""sub_flag_shallowness"":41.9,""sub_flag_drift"":100,""sub_flag_duration"":0.0,""_score"":68.13},""compression"":{""VC1_atr_ratio"":{""value"":0.6454131301313544,""score"":88.64671746716141},""VC2_range_contraction"":{""value"":1.036900362371372,""score"":0},""VC3_range_pct_rank"":{""score"":28.333333333333332},""_score"":42.54},""sr_quality"":{""SR1_touches"":{""value"":2,""score"":25.0},""SR2_tightness"":{""value"":1.5600000000000023,""score"":64.7740799163868},""SR3_recency"":{""value"":244,""score"":0.0},""SR4_price_location"":{""score"":30.0},""SR5_reaction"":{""value"":1.9763773431527183,""score"":98.81886715763592},""_score"":39.54,""_levels_found"":6,""_target_level"":258.26},""volume"":{""V1_rvol_day"":{""value"":0.35929142368533123,""score"":0},""V2_rvol_sameslot"":{""value"":1.1684340107089768,""score"":44.562267380598456,""status"":""ok""},""V3_breakout_bar"":{""value"":1.0712293057076745,""score"":38.08195371384497},""V4_base_dryup"":{""value"":1.00251272585194,""score"":49.748727414806005},""V5_bo_expansion"":{""value"":0.35929142368533123,""score"":0},""_score"":28.38},""readiness"":{""_distance_atr"":0.776,""BR1_atr_distance"":{""score"":48.29015577469604},""BR2_compression"":{""score"":0},""BR3_retest"":{""score"":50.0},""BR4_bo_age"":{""score"":50.0},""_score"":36.82},""risk"":{""R1_stop_clarity"":{""score"":9.892773847657395},""R2_stop_distance_pct"":{""value"":4.319731989630132,""score"":100.0},""R3_stop_distance_atr"":{""value"":1.3357002764525086,""score"":91.78501382262543},""R4_rr_potential"":{""value"":4.204404735238291,""score"":100.0},""_score"":67.23},""market"":{""M1_spy_regime"":{""score"":100.0},""M3_earnings_risk"":{""value"":null,""score"":80.0},""M4_vix"":{""value"":null,""score"":60.0},""_score"":84.0},""liquidity"":{""L1_price"":{""value"":273.87,""score"":100.0},""L2_dollar_vol"":{""value"":248715042.5340325,""score"":100.0},""L3_spread_proxy"":{""value"":0.033117902654544104,""score"":66.88209734545589},""L4_volume_zscore"":{""value"":-1.491471237537926,""score"":100.0},""_score"":96.69},""pattern_structure"":{""pole_low"":237.87,""pole_low_idx"":8,""peak_price"":280.74,""peak_idx"":33,""pole_gain"":0.18022449236978183,""flag_bars"":26,""flag_low"":266.03,""flag_high"":278.48,""structural_low"":266.03,""current_price"":274.5,""neckline_distance_pct"":0.022732240437158505,""base_bars"":26},""pattern_geometry_features"":{""pole_gain"":0.18022449236978183,""pullback_pct"":0.052397235876611936,""flag_range_pct"":0.044347082709980924,""flag_drift_per_bar"":0.00021807482135350906,""atr_pct"":0.032340578689576405,""pole_atr_multiple"":5.572704622872733},""_schema_version"":""1.0""}",,,,,,,,,,
20260513T182534Z-d71724,2026-05-13T18:25:34.488073+00:00,CW,double_bottom,setup,55.0,74.5,63.5,45.4,41.0,31.7,57.5,46.5,84.0,71.0,11.17,15.87,3.63,5.73,4.12,4.6,2.79,5.04,3.55,True,risk_unclear,752.52,750.0,694.5235,794.9,"{""trend"":{""T1_ema_stack"":{""value"":[true,true,true],""score"":100.0},""T2_ema50_slope"":{""value"":0.1347247306971427,""score"":72.45412178285711},""T3_high_proximity"":{""value"":1.0,""score"":99.99999999999997},""T4_rs_1m"":{""value"":-0.056220017411756196,""score"":0},""T5_rs_3m"":{""value"":0.1130431113251833,""score"":100},""T6_adr_healthy"":{""value"":2.9562917389664802,""score"":100.0},""_score"":74.49},""geometry"":{""sub_low_similarity"":72.1,""sub_bounce_quality"":48.1,""sub_separation_fit"":13.3,""sub_right_bottom_reaction"":68.1,""sub_base_context"":100.0,""_score"":63.46},""compression"":{""VC1_atr_ratio"":{""value"":0.3596919414540913,""score"":100},""VC2_range_contraction"":{""value"":1.123374238103525,""score"":0},""VC3_range_pct_rank"":{""score"":21.666666666666668},""_score"":45.42},""sr_quality"":{""SR1_touches"":{""value"":2,""score"":25.0},""SR2_tightness"":{""value"":0.9300000000000068,""score"":91.59106754368425},""SR3_recency"":{""value"":227,""score"":0.0},""SR4_price_location"":{""score"":30.0},""SR5_reaction"":{""value"":1.6286655469826496,""score"":81.43327734913248},""_score"":40.95,""_levels_found"":7,""_target_level"":749.07},""volume"":{""V1_rvol_day"":{""value"":0.6916536600749718,""score"":12.776910671664785},""V2_rvol_sameslot"":{""value"":1.2786286884967633,""score"":51.90857923311755,""status"":""ok""},""V3_breakout_bar"":{""value"":0.9032381953009857,""score"":26.882546353399047},""V4_base_dryup"":{""value"":0.8992737823946805,""score"":60.07262176053195},""V5_bo_expansion"":{""value"":0.6916536600749718,""score"":0},""_score"":31.67},""readiness"":{""_distance_atr"":-0.114,""BR1_atr_distance"":{""score"":100.0},""BR2_compression"":{""score"":0},""BR3_retest"":{""score"":50.0},""BR4_bo_age"":{""score"":50.0},""_score"":57.5},""risk"":{""R1_stop_clarity"":{""score"":4.368737500835422},""R2_stop_distance_pct"":{""value"":7.706971243289211,""score"":100.0},""R3_stop_distance_atr"":{""value"":2.6219819957135115,""score"":100.0},""R4_rr_potential"":{""value"":0.7307337511746401,""score"":0.0},""_score"":46.53},""market"":{""M1_spy_regime"":{""score"":100.0},""M3_earnings_risk"":{""value"":null,""score"":80.0},""M4_vix"":{""value"":null,""score"":60.0},""_score"":84.0},""liquidity"":{""L1_price"":{""value"":752.52,""score"":0.0},""L2_dollar_vol"":{""value"":113987156.65485816,""score"":100.0},""L3_spread_proxy"":{""value"":0.040111890713868,""score"":59.888109286132},""L4_volume_zscore"":{""value"":-0.8973716571157322,""score"":100.0},""_score"":70.99},""pattern_structure"":{""left_low"":705.1,""left_idx"":29,""right_low"":715.0,""right_idx"":72,""separation_bars"":43,""structural_low"":705.1,""current_price"":745.97,""neckline_distance_pct"":0.005402362025282481,""base_bars"":43},""pattern_geometry_features"":{""low_similarity_pct"":0.01394268009295117,""bounce_pct"":0.06367891079279532,""right_bottom_reaction"":0.6809392265193293,""atr_pct"":0.02939368483799195},""_schema_version"":""1.0""}",,,,,,,,,,
20260513T182534Z-d71724,2026-05-13T18:25:34.488073+00:00,TSLA,double_bottom,setup,55.0,73.7,66.8,31.6,61.2,23.3,57.5,26.1,84.0,94.8,11.06,16.7,2.53,8.56,3.03,4.6,1.57,5.04,4.74,True,risk_unclear,449.5,449.16,396.0882,496.2,"{""trend"":{""T1_ema_stack"":{""value"":[true,true,false],""score"":66.66666666666666},""T2_ema50_slope"":{""value"":0.04033835654738157,""score"":56.723059424563594},""T3_high_proximity"":{""value"":1.0,""score"":99.99999999999997},""T4_rs_1m"":{""value"":0.1646471296967167,""score"":100},""T5_rs_3m"":{""value"":-0.023857567970482885,""score"":38.07121601475856},""T6_adr_healthy"":{""value"":3.888433270109548,""score"":100.0},""_score"":73.72},""geometry"":{""sub_low_similarity"":2.3,""sub_bounce_quality"":100,""sub_separation_fit"":100.0,""sub_right_bottom_reaction"":74.2,""sub_base_context"":100.0,""_score"":66.82},""compression"":{""VC1_atr_ratio"":{""value"":0.7086164082829004,""score"":72.8458979292749},""VC2_range_contraction"":{""value"":1.1989088907184557,""score"":0},""VC3_range_pct_rank"":{""score"":9.999999999999998},""_score"":31.64},""sr_quality"":{""SR1_touches"":{""value"":3,""score"":50.0},""SR2_tightness"":{""value"":2.705044669994686,""score"":68.27202217493027},""SR3_recency"":{""value"":299,""score"":0.0},""SR4_price_location"":{""score"":86.02530841163657},""SR5_reaction"":{""value"":1.9214365015964976,""score"":96.07182507982488},""_score"":61.16,""_levels_found"":5,""_target_level"":455.2},""volume"":{""V1_rvol_day"":{""value"":0.8019985864686332,""score"":20.13323909790888},""V2_rvol_sameslot"":{""value"":0.8870662628324874,""score"":25.804417522165824,""status"":""ok""},""V3_breakout_bar"":{""value"":0.578694020488489,""score"":5.246268032565929},""V4_base_dryup"":{""value"":0.8577301001098767,""score"":64.22698998901234},""V5_bo_expansion"":{""value"":0.8019985864686332,""score"":0},""_score"":23.34},""readiness"":{""_distance_atr"":-0.02,""BR1_atr_distance"":{""score"":100.0},""BR2_compression"":{""score"":0},""BR3_retest"":{""score"":50.0},""BR4_bo_age"":{""score"":50.0},""_score"":57.5},""risk"":{""R1_stop_clarity"":{""score"":29.251883058318356},""R2_stop_distance_pct"":{""value"":11.882491657397114,""score"":2.937708565072139},""R3_stop_distance_atr"":{""value"":3.1323852518864133,""score"":100.0},""R4_rr_potential"":{""value"":0.8743386292916551,""score"":0.0},""_score"":26.12},""market"":{""M1_spy_regime"":{""score"":100.0},""M3_earnings_risk"":{""value"":null,""score"":80.0},""M4_vix"":{""value"":null,""score"":60.0},""_score"":84.0},""liquidity"":{""L1_price"":{""value"":449.5,""score"":100.0},""L2_dollar_vol"":{""value"":22268772199.5332,""score"":100.0},""L3_spread_proxy"":{""value"":0.05159065628476084,""score"":48.40934371523916},""L4_volume_zscore"":{""value"":-0.9109441587210189,""score"":100.0},""_score"":94.84},""pattern_structure"":{""left_low"":402.12,""left_idx"":57,""right_low"":422.26,""right_idx"":73,""separation_bars"":16,""structural_low"":402.12,""current_price"":448.36,""neckline_distance_pct"":0.0017842804888928792,""base_bars"":16},""pattern_geometry_features"":{""low_similarity_pct"":0.0488609621776365,""bounce_pct"":0.1169800059683677,""right_bottom_reaction"":0.7422675367047291,""atr_pct"":0.03793432385189891},""_schema_version"":""1.0""}",,,,,,,,,,
20260513T182534Z-d71724,2026-05-13T18:25:34.488073+00:00,LSCC,breakout_retest_hold,setup,54.99,99.0,59.8,48.4,41.6,9.3,44.1,61.5,84.0,94.9,13.85,13.14,2.91,5.82,1.21,7.93,3.07,4.2,2.85,False,,127.18,123.29,122.458,125.6366,"{""trend"":{""T1_ema_stack"":{""value"":[true,true,true],""score"":100.0},""T2_ema50_slope"":{""value"":0.5834375678380894,""score"":100},""T3_high_proximity"":{""value"":0.986197270471464,""score"":93.09863523573198},""T4_rs_1m"":{""value"":0.07816550749891316,""score"":100},""T5_rs_3m"":{""value"":0.1289912460858733,""score"":100},""T6_adr_healthy"":{""value"":4.83626853065574,""score"":100.0},""_score"":98.96},""geometry"":{""sub_retest_depth"":32.5,""sub_retest_timing"":0.0,""sub_retest_freshness"":100.0,""sub_hold_quality"":100.0,""_score"":59.75},""compression"":{""VC1_atr_ratio"":{""value"":0.6052767316063383,""score"":98.68081709841542},""VC2_range_contraction"":{""value"":1.1504271529218864,""score"":0},""VC3_range_pct_rank"":{""score"":35.83333333333333},""_score"":48.43},""sr_quality"":{""SR1_touches"":{""value"":2,""score"":25.0},""SR2_tightness"":{""value"":0.7986000000000004,""score"":77.28613569321533},""SR3_recency"":{""value"":230,""score"":0.0},""SR4_price_location"":{""score"":30.0},""SR5_reaction"":{""value"":2.1285501840610452,""score"":100},""_score"":41.59,""_levels_found"":7,""_target_level"":127.1476},""volume"":{""V1_rvol_day"":{""value"":0.4766166566194917,""score"":0},""V2_rvol_sameslot"":{""value"":0.5004689876308049,""score"":0.031265842053662674,""status"":""ok""},""V3_breakout_bar"":{""value"":0.4376303790337019,""score"":0},""V4_base_dryup"":{""value"":1.0332257318335671,""score"":46.67742681664328},""V5_bo_expansion"":{""value"":0.47661665661949165,""score"":0},""_score"":9.34},""readiness"":{""_distance_atr"":-0.553,""BR1_atr_distance"":{""score"":48.9360215184833},""BR2_compression"":{""score"":0},""BR3_retest"":{""score"":100},""BR4_bo_age"":{""score"":30.0},""_score"":44.07},""risk"":{""R1_stop_clarity"":{""score"":64.8185393760613},""R2_stop_distance_pct"":{""value"":3.7128086177072026,""score"":100.0},""R3_stop_distance_atr"":{""value"":0.671510966462699,""score"":58.57554832313495},""R4_rr_potential"":{""value"":-0.32685951475858166,""score"":0.0},""_score"":61.47},""market"":{""M1_spy_regime"":{""score"":100.0},""M3_earnings_risk"":{""value"":null,""score"":80.0},""M4_vix"":{""value"":null,""score"":60.0},""_score"":84.0},""liquidity"":{""L1_price"":{""value"":127.18,""score"":100.0},""L2_dollar_vol"":{""value"":154315416.46838018,""score"":100.0},""L3_spread_proxy"":{""value"":0.05110866488441579,""score"":48.89133511558421},""L4_volume_zscore"":{""value"":-1.4989779355110493,""score"":100.0},""_score"":94.89},""pattern_structure"":{""level"":123.29,""level_idx"":28,""breakout_idx"":35,""bo_peak_idx"":76,""bo_peak_price"":130.0,""retest_idx"":77,""retest_low"":123.695,""structural_low"":123.695,""current_price"":125.235,""neckline_distance_pct"":-0.01553080209206686,""base_bars"":51,""bars_since_breakout"":44},""pattern_geometry_features"":{""retest_depth_atr"":-0.17259118110810906,""bars_breakout_to_retest"":42.0,""bars_since_retest"":2.0,""current_above_level_atr"":0.8288638203834118,""bo_peak_excess_pct"":0.05442452753670203,""atr_pct"":0.05529036461258509},""_schema_version"":""1.0""}",,,,,,,,,,
20260513T182534Z-d71724,2026-05-13T18:25:34.488073+00:00,ORCL,cup_with_handle,forming,54.92,88.8,56.2,56.2,41.3,8.3,28.3,76.2,84.0,96.7,12.44,16.86,4.49,4.95,1.08,2.26,3.81,4.2,4.83,False,,188.6,200.15,178.157,265.9499,"{""trend"":{""T1_ema_stack"":{""value"":[true,true,false],""score"":66.66666666666666},""T2_ema50_slope"":{""value"":0.3311944332466843,""score"":100},""T3_high_proximity"":{""value"":0.9624904312324573,""score"":81.2452156162286},""T4_rs_1m"":{""value"":0.08749037297638163,""score"":100},""T5_rs_3m"":{""value"":0.1266218035898221,""score"":100},""T6_adr_healthy"":{""value"":4.305089562024947,""score"":100.0},""_score"":88.85},""geometry"":{""sub_cup_depth"":51.6,""sub_cup_duration"":60.0,""sub_rim_symmetry"":97.8,""sub_handle_shallowness"":19.7,""sub_handle_proportion"":70.4,""sub_u_shape"":42.2,""_score"":56.19},""compression"":{""VC1_atr_ratio"":{""value"":0.625393657443286,""score"":93.65158563917849},""VC2_range_contraction"":{""value"":0.9795030086254455,""score"":3.41616522909242},""VC3_range_pct_rank"":{""score"":70.0},""_score"":56.16},""sr_quality"":{""SR1_touches"":{""value"":3,""score"":50.0},""SR2_tightness"":{""value"":0.6800833298615336,""score"":84.64945700389687},""SR3_recency"":{""value"":227,""score"":0.0},""SR4_price_location"":{""score"":14.344561182288237},""SR5_reaction"":{""value"":1.330587932759316,""score"":66.5293966379658},""_score"":41.26,""_levels_found"":6,""_target_level"":200.7366},""volume"":{""V1_rvol_day"":{""value"":0.34426748919863936,""score"":0},""V2_rvol_sameslot"":{""value"":0.4410515070836106,""score"":0,""status"":""ok""},""V3_breakout_bar"":{""value"":0.44760134654213213,""score"":0},""V4_base_dryup"":{""value"":1.08596192260953,""score"":41.403807739047},""V5_bo_expansion"":{""value"":0.34426748919863936,""score"":0},""_score"":8.28},""readiness"":{""_distance_atr"":1.304,""BR1_atr_distance"":{""score"":13.099486577578773},""BR2_compression"":{""score"":22.159618904495414},""BR3_retest"":{""score"":50.0},""BR4_bo_age"":{""score"":50.0},""_score"":28.28},""risk"":{""R1_stop_clarity"":{""score"":38.76219005416355},""R2_stop_distance_pct"":{""value"":5.53708987274655,""score"":100.0},""R3_stop_distance_atr"":{""value"":1.1785686324616134,""score"":83.92843162308067},""R4_rr_potential"":{""value"":7.406900242713957,""score"":100.0},""_score"":76.16},""market"":{""M1_spy_regime"":{""score"":100.0},""M3_earnings_risk"":{""value"":null,""score"":80.0},""M4_vix"":{""value"":null,""score"":60.0},""_score"":84.0},""liquidity"":{""L1_price"":{""value"":188.6,""score"":100.0},""L2_dollar_vol"":{""value"":1839699565.679469,""score"":100.0},""L3_spread_proxy"":{""value"":0.033085896076352116,""score"":66.91410392364789},""L4_volume_zscore"":{""value"":-1.9432879623813177,""score"":100.0},""_score"":96.69},""pattern_structure"":{""left_rim"":200.3699,""left_rim_idx"":85,""cup_bottom"":134.57,""cup_bottom_idx"":156,""right_rim"":200.15,""right_rim_idx"":175,""handle_low"":180.8701,""handle_bars"":4,""cup_bars"":90,""structural_low"":180.8701,""current_price"":188.6,""neckline_distance_pct"":0.061240721102863264,""base_bars"":94},""pattern_geometry_features"":{""cup_depth_pct"":0.32839213873940154,""rim_symmetry_pct"":0.0010974702288117904,""handle_depth_pct"":0.09632725455908067,""handle_to_cup_ratio"":0.044444444444444446,""cup_duration_bars"":90.0,""atr_pct"":0.04698148007877594,""u_shape_score"":0.2111111111111111},""_schema_version"":""1.0""}",,,,,,,,,,
20260513T182534Z-d71724,2026-05-13T18:25:34.488073+00:00,AVGO,vcp,absent,54.92,93.2,48.6,54.4,41.8,16.5,24.7,69.7,84.0,96.9,13.97,12.15,6.53,5.02,2.15,1.73,3.49,5.04,4.84,True,risk_unclear,417.455,437.68,400.2055,585.4,"{""trend"":{""T1_ema_stack"":{""value"":[true,true,true],""score"":100.0},""T2_ema50_slope"":{""value"":0.5415392822727355,""score"":100},""T3_high_proximity"":{""value"":0.9708255813953488,""score"":85.41279069767438},""T4_rs_1m"":{""value"":0.026750615997084726,""score"":76.75061599708472},""T5_rs_3m"":{""value"":0.1444930613310551,""score"":100},""T6_adr_healthy"":{""value"":3.163954093836104,""score"":100.0},""_score"":93.16},""geometry"":{""sub_contraction_count"":100.0,""sub_reduction_rate"":10.0,""sub_pivot_tightness"":40.4,""sub_volume_dryup"":33.7,""sub_base_depth"":0.0,""sub_base_duration"":100.0,""_score"":48.62},""compression"":{""VC1_atr_ratio"":{""value"":0.5313072782723914,""score"":100},""VC2_range_contraction"":{""value"":1.3538958867829844,""score"":0},""VC3_range_pct_rank"":{""score"":57.49999999999999},""_score"":54.38},""sr_quality"":{""SR1_touches"":{""value"":2,""score"":25.0},""SR2_tightness"":{""value"":1.6500000000000057,""score"":78.85255424068075},""SR3_recency"":{""value"":227,""score"":0.0},""SR4_price_location"":{""score"":30.0},""SR5_reaction"":{""value"":2.073090516102957,""score"":100},""_score"":41.83,""_levels_found"":6,""_target_level"":404.65},""volume"":{""V1_rvol_day"":{""value"":0.49066066675825026,""score"":0},""V2_rvol_sameslot"":{""value"":0.6470231592347966,""score"":9.80154394898644,""status"":""ok""},""V3_breakout_bar"":{""value"":0.47032258892218987,""score"":0},""V4_base_dryup"":{""value"":0.7709189289014895,""score"":72.90810710985104},""V5_bo_expansion"":{""value"":0.49066066675825026,""score"":0},""_score"":16.54},""readiness"":{""_distance_atr"":1.296,""BR1_atr_distance"":{""score"":13.594527175306908},""BR2_compression"":{""score"":7.068744993275663},""BR3_retest"":{""score"":50.0},""BR4_bo_age"":{""score"":50.0},""_score"":24.7},""risk"":{""R1_stop_clarity"":{""score"":21.889025345351314},""R2_stop_distance_pct"":{""value"":4.132062138434072,""score"":100.0},""R3_stop_distance_atr"":{""value"":1.1054026231071974,""score"":80.27013115535986},""R4_rr_potential"":{""value"":9.736224238383754,""score"":100.0},""_score"":69.7},""market"":{""M1_spy_regime"":{""score"":100.0},""M3_earnings_risk"":{""value"":null,""score"":80.0},""M4_vix"":{""value"":null,""score"":60.0},""_score"":84.0},""liquidity"":{""L1_price"":{""value"":417.455,""score"":100.0},""L2_dollar_vol"":{""value"":3873919893.6166687,""score"":100.0},""L3_spread_proxy"":{""value"":0.03135667317435406,""score"":68.64332682564594},""L4_volume_zscore"":{""value"":-2.379989224937331,""score"":100.0},""_score"":96.86},""pattern_structure"":{""n_contractions"":5,""contractions_pct"":[9.68,12.64,11.19,8.07,7.17],""descending_strict"":false,""final_low"":406.3,""final_pivot"":437.68,""structural_low"":406.3,""dry_up_ratio"":0.83135993717944,""current_price"":417.455,""neckline_distance_pct"":0.048448335748763394,""base_bars"":53,""recent_base_height"":147.72000000000003},""pattern_geometry_features"":{""contraction_count"":5.0,""first_contraction_pct"":0.09676281203140168,""last_contraction_pct"":0.0716962164138183,""dry_up_ratio"":0.83135993717944,""near_monotone"":0.0,""base_depth_pct"":-0.19461350739466643},""_schema_version"":""1.0""}",,,,,,,,,,
20260513T182534Z-d71724,2026-05-13T18:25:34.488073+00:00,INTC,bull_flag,forming,54.9,95.7,69.8,5.8,50.5,0.8,30.1,83.0,84.0,93.0,13.4,20.93,0.52,5.05,0.12,2.7,2.49,5.04,4.65,False,,122.03,132.75,113.275,169.3,"{""trend"":{""T1_ema_stack"":{""value"":[true,true,true],""score"":100.0},""T2_ema50_slope"":{""value"":1.1051664272242252,""score"":100},""T3_high_proximity"":{""value"":0.9427533992583437,""score"":71.37669962917181},""T4_rs_1m"":{""value"":0.8428313344003944,""score"":100},""T5_rs_3m"":{""value"":1.4535951286707878,""score"":100},""T6_adr_healthy"":{""value"":6.671976649601262,""score"":100.0},""_score"":95.71},""geometry"":{""sub_pole_impulse"":96.4,""sub_flag_tightness"":53.5,""sub_flag_shallowness"":29.6,""sub_flag_drift"":76.9,""sub_flag_duration"":100.0,""_score"":69.75},""compression"":{""VC1_atr_ratio"":{""value"":1.367829314707198,""score"":0},""VC2_range_contraction"":{""value"":1.3417131419498745,""score"":0},""VC3_range_pct_rank"":{""score"":23.33333333333333},""_score"":5.83},""sr_quality"":{""SR1_touches"":{""value"":5,""score"":100},""SR2_tightness"":{""value"":2.034394258741408,""score"":57.38210245199986},""SR3_recency"":{""value"":257,""score"":0.0},""SR4_price_location"":{""score"":30.0},""SR5_reaction"":{""value"":0.5925965828195292,""score"":29.62982914097646},""_score"":50.55,""_levels_found"":2,""_target_level"":48.195},""volume"":{""V1_rvol_day"":{""value"":0.5625390183546235,""score"":4.169267890308234},""V2_rvol_sameslot"":{""value"":0.42876364425402436,""score"":0,""status"":""ok""},""V3_breakout_bar"":{""value"":0.31957396745658684,""score"":0},""V4_base_dryup"":{""value"":1.5024637728661354,""score"":0},""V5_bo_expansion"":{""value"":0.5625390183546235,""score"":0},""_score"":0.83},""readiness"":{""_distance_atr"":1.123,""BR1_atr_distance"":{""score"":25.143342667970487},""BR2_compression"":{""score"":9.967786571048151},""BR3_retest"":{""score"":50.0},""BR4_bo_age"":{""score"":50.0},""_score"":30.05},""risk"":{""R1_stop_clarity"":{""score"":63.8635073047337},""R2_stop_distance_pct"":{""value"":7.174465295419168,""score"":100.0},""R3_stop_distance_atr"":{""value"":0.9170289668030587,""score"":70.85144834015293},""R4_rr_potential"":{""value"":5.399200456881777,""score"":100.0},""_score"":82.98},""market"":{""M1_spy_regime"":{""score"":100.0},""M3_earnings_risk"":{""value"":null,""score"":80.0},""M4_vix"":{""value"":null,""score"":60.0},""_score"":84.0},""liquidity"":{""L1_price"":{""value"":122.03,""score"":100.0},""L2_dollar_vol"":{""value"":10593153098.330118,""score"":100.0},""L3_spread_proxy"":{""value"":0.07039252642792758,""score"":29.607473572072422},""L4_volume_zscore"":{""value"":-1.2766675877887277,""score"":100.0},""_score"":92.96},""pattern_structure"":{""pole_low"":96.2,""pole_low_idx"":19,""peak_price"":132.75,""peak_idx"":44,""pole_gain"":0.3799376299376299,""flag_bars"":15,""flag_low"":115.0,""flag_high"":129.08,""structural_low"":115.0,""current_price"":122.21,""neckline_distance_pct"":0.08624498813517721,""base_bars"":15},""pattern_geometry_features"":{""pole_gain"":0.3799376299376299,""pullback_pct"":0.1337099811676083,""flag_range_pct"":0.10606403013182683,""flag_drift_per_bar"":-0.004617713654482319,""atr_pct"":0.0782359724189602,""pole_atr_multiple"":4.856303541586113},""_schema_version"":""1.0""}",,,,,,,,,,
20260513T182534Z-d71724,2026-05-13T18:25:34.488073+00:00,SIRI,vcp,absent,54.81,96.0,44.9,59.1,48.6,13.4,21.2,68.4,84.0,91.3,14.4,11.23,7.09,5.84,1.75,1.48,3.42,5.04,4.56,True,risk_unclear,26.565,28.77,25.6395,35.6,"{""trend"":{""T1_ema_stack"":{""value"":[true,true,true],""score"":100.0},""T2_ema50_slope"":{""value"":0.4486219413335591,""score"":100},""T3_high_proximity"":{""value"":0.9467213114754099,""score"":73.36065573770495},""T4_rs_1m"":{""value"":0.05037613633002702,""score"":100},""T5_rs_3m"":{""value"":0.13958459868216333,""score"":100},""T6_adr_healthy"":{""value"":4.062956722846221,""score"":100.0},""_score"":96.0},""geometry"":{""sub_contraction_count"":100.0,""sub_reduction_rate"":0,""sub_pivot_tightness"":6.9,""sub_volume_dryup"":59.2,""sub_base_depth"":0.0,""sub_base_duration"":100.0,""_score"":44.91},""compression"":{""VC1_atr_ratio"":{""value"":0.45541494890519435,""score"":100},""VC2_range_contraction"":{""value"":0.9584988705472464,""score"":6.916854908792273},""VC3_range_pct_rank"":{""score"":66.66666666666667},""_score"":59.09},""sr_quality"":{""SR1_touches"":{""value"":4,""score"":75.0},""SR2_tightness"":{""value"":0.22192341021172124,""score"":55.6469986728894},""SR3_recency"":{""value"":247,""score"":0.0},""SR4_price_location"":{""score"":30.0},""SR5_reaction"":{""value"":1.3716702355460375,""score"":68.58351177730188},""_score"":48.63,""_levels_found"":4,""_target_level"":22.89},""volume"":{""V1_rvol_day"":{""value"":0.27251396387699606,""score"":0},""V2_rvol_sameslot"":{""value"":0.3706799645369828,""score"":0,""status"":""ok""},""V3_breakout_bar"":{""value"":0.6417829759835569,""score"":9.452198398903795},""V4_base_dryup"":{""value"":0.9456048584574109,""score"":55.43951415425891},""V5_bo_expansion"":{""value"":0.27251396387699606,""score"":0},""_score"":13.45},""readiness"":{""_distance_atr"":2.203,""BR1_atr_distance"":{""score"":0},""BR2_compression"":{""score"":14.730877506144196},""BR3_retest"":{""score"":50.0},""BR4_bo_age"":{""score"":50.0},""_score"":21.18},""risk"":{""R1_stop_clarity"":{""score"":21.96573875802973},""R2_stop_distance_pct"":{""value"":3.4837191793713584,""score"":100.0},""R3_stop_distance_atr"":{""value"":0.9247894361170605,""score"":71.23947180585303},""R4_rr_potential"":{""value"":9.762818088497465,""score"":100.0},""_score"":68.37},""market"":{""M1_spy_regime"":{""score"":100.0},""M3_earnings_risk"":{""value"":null,""score"":80.0},""M4_vix"":{""value"":null,""score"":60.0},""_score"":84.0},""liquidity"":{""L1_price"":{""value"":26.565,""score"":100.0},""L2_dollar_vol"":{""value"":46963423.61330928,""score"":83.5879874636937},""L3_spread_proxy"":{""value"":0.021456804065499727,""score"":78.54319593450028},""L4_volume_zscore"":{""value"":-1.3961401926323205,""score"":100.0},""_score"":91.29},""pattern_structure"":{""n_contractions"":5,""contractions_pct"":[6.71,6.93,4.53,4.54,9.52],""descending_strict"":false,""final_low"":26.03,""final_pivot"":28.77,""structural_low"":26.03,""dry_up_ratio"":0.7041628663810203,""current_price"":26.565,""neckline_distance_pct"":0.0830039525691699,""base_bars"":49,""recent_base_height"":6.829999999999998},""pattern_geometry_features"":{""contraction_count"":5.0,""first_contraction_pct"":0.06711864406779658,""last_contraction_pct"":0.09523809523809519,""dry_up_ratio"":0.7041628663810203,""near_monotone"":0.0,""base_depth_pct"":-0.176497175141243},""_schema_version"":""1.0""}",,,,,,,,,,
20260513T182534Z-d71724,2026-05-13T18:25:34.488073+00:00,BA,double_bottom,forming,54.64,73.0,57.4,50.9,42.7,22.8,53.6,36.2,84.0,96.7,10.95,14.34,4.07,5.98,2.96,4.29,2.17,5.04,4.84,True,risk_unclear,240.29,241.21,218.2563,260.84,"{""trend"":{""T1_ema_stack"":{""value"":[true,true,true],""score"":100.0},""T2_ema50_slope"":{""value"":0.15126641810395874,""score"":75.21106968399313},""T3_high_proximity"":{""value"":0.9846336666120308,""score"":92.31683330601537},""T4_rs_1m"":{""value"":0.004260961532608798,""score"":54.260961532608796},""T5_rs_3m"":{""value"":-0.05637162089946801,""score"":21.814189550265993},""T6_adr_healthy"":{""value"":2.8312646877570558,""score"":100.0},""_score"":73.01},""geometry"":{""sub_low_similarity"":15.8,""sub_bounce_quality"":83.7,""sub_separation_fit"":86.7,""sub_right_bottom_reaction"":19.1,""sub_base_context"":100.0,""_score"":57.35},""compression"":{""VC1_atr_ratio"":{""value"":0.4647119554073782,""score"":100},""VC2_range_contraction"":{""value"":0.9069106115464961,""score"":15.514898075583982},""VC3_range_pct_rank"":{""score"":21.666666666666668},""_score"":50.85},""sr_quality"":{""SR1_touches"":{""value"":2,""score"":25.0},""SR2_tightness"":{""value"":0.4749999999999943,""score"":84.84503190519617},""SR3_recency"":{""value"":236,""score"":0.0},""SR4_price_location"":{""score"":30.0},""SR5_reaction"":{""value"":2.0985642661804897,""score"":100},""_score"":42.73,""_levels_found"":4,""_target_level"":235.975},""volume"":{""V1_rvol_day"":{""value"":0.7005523582757034,""score"":13.370157218380227},""V2_rvol_sameslot"":{""value"":0.9834661096919971,""score"":32.23107397946647,""status"":""ok""},""V3_breakout_bar"":{""value"":0.6289808471323862,""score"":8.59872314215908},""V4_base_dryup"":{""value"":0.9252436248851715,""score"":57.475637511482844},""V5_bo_expansion"":{""value"":0.7005523582757034,""score"":0},""_score"":22.77},""readiness"":{""_distance_atr"":0.147,""BR1_atr_distance"":{""score"":90.21573989668777},""BR2_compression"":{""score"":0},""BR3_retest"":{""score"":50.0},""BR4_bo_age"":{""score"":50.0},""_score"":53.59},""risk"":{""R1_stop_clarity"":{""score"":0},""R2_stop_distance_pct"":{""value"":9.169628365724742,""score"":70.75929085688144},""R3_stop_distance_atr"":{""value"":3.5149475843208715,""score"":100.0},""R4_rr_potential"":{""value"":0.9326622401140098,""score"":0.0},""_score"":36.23},""market"":{""M1_spy_regime"":{""score"":100.0},""M3_earnings_risk"":{""value"":null,""score"":80.0},""M4_vix"":{""value"":null,""score"":60.0},""_score"":84.0},""liquidity"":{""L1_price"":{""value"":240.29,""score"":100.0},""L2_dollar_vol"":{""value"":1101520645.1289208,""score"":100.0},""L3_spread_proxy"":{""value"":0.032752091223105434,""score"":67.24790877689458},""L4_volume_zscore"":{""value"":-0.7189553886225064,""score"":100.0},""_score"":96.72},""pattern_structure"":{""left_low"":221.58,""left_idx"":39,""right_low"":231.11,""right_idx"":71,""separation_bars"":32,""structural_low"":221.58,""current_price"":240.075,""neckline_distance_pct"":0.004727689263771819,""base_bars"":32},""pattern_geometry_features"":{""low_similarity_pct"":0.042103867989131634,""bounce_pct"":0.08859102807112552,""right_bottom_reaction"":0.1908256880733882,""atr_pct"":0.026087525192773024},""_schema_version"":""1.0""}",,,,,,,,,,
20260513T182534Z-d71724,2026-05-13T18:25:34.488073+00:00,PL,bull_flag,absent,54.56,96.2,46.9,52.3,40.1,17.0,42.3,83.4,84.0,91.7,13.47,14.06,4.71,4.01,2.38,3.81,2.5,5.04,4.59,False,,40.47,43.12,37.6861,51.31,"{""trend"":{""T1_ema_stack"":{""value"":[true,true,true],""score"":100.0},""T2_ema50_slope"":{""value"":0.5811315360490699,""score"":100},""T3_high_proximity"":{""value"":0.9672562141491394,""score"":83.6281070745697},""T4_rs_1m"":{""value"":0.12318493720913071,""score"":100},""T5_rs_3m"":{""value"":0.7958549647171533,""score"":100},""T6_adr_healthy"":{""value"":9.08518625668091,""score"":72.87034358297726},""_score"":96.19},""geometry"":{""sub_pole_impulse"":41.1,""sub_flag_tightness"":35.0,""sub_flag_shallowness"":3.9,""sub_flag_drift"":100,""sub_flag_duration"":100.0,""_score"":46.86},""compression"":{""VC1_atr_ratio"":{""value"":0.5967061949905295,""score"":100},""VC2_range_contraction"":{""value"":1.1274551812338796,""score"":0},""VC3_range_pct_rank"":{""score"":49.16666666666667},""_score"":52.29},""sr_quality"":{""SR1_touches"":{""value"":2,""score"":25.0},""SR2_tightness"":{""value"":0.5800000000000018,""score"":67.68184929871195},""SR3_recency"":{""value"":248,""score"":0.0},""SR4_price_location"":{""score"":30.0},""SR5_reaction"":{""value"":2.3813740786142996,""score"":100},""_score"":40.15,""_levels_found"":5,""_target_level"":37.63},""volume"":{""V1_rvol_day"":{""value"":0.5970916380379734,""score"":6.472775869198226},""V2_rvol_sameslot"":{""value"":0.7315671770454875,""score"":15.437811803032497,""status"":""ok""},""V3_breakout_bar"":{""value"":0.47166216740937245,""score"":0},""V4_base_dryup"":{""value"":0.8688823179828437,""score"":63.111768201715634},""V5_bo_expansion"":{""value"":0.5970916380379734,""score"":0},""_score"":17.0},""readiness"":{""_distance_atr"":0.738,""BR1_atr_distance"":{""score"":50.77982795493504},""BR2_compression"":{""score"":17.860743222241016},""BR3_retest"":{""score"":50.0},""BR4_bo_age"":{""score"":50.0},""_score"":42.28},""risk"":{""R1_stop_clarity"":{""score"":68.02174709057032},""R2_stop_distance_pct"":{""value"":6.878922658759581,""score"":100.0},""R3_stop_distance_atr"":{""value"":0.7756077563561691,""score"":63.78038781780846},""R4_rr_potential"":{""value"":3.8938180250727346,""score"":100.0},""_score"":83.37},""market"":{""M1_spy_regime"":{""score"":100.0},""M3_earnings_risk"":{""value"":null,""score"":80.0},""M4_vix"":{""value"":null,""score"":60.0},""_score"":84.0},""liquidity"":{""L1_price"":{""value"":40.47,""score"":100.0},""L2_dollar_vol"":{""value"":239638766.99605379,""score"":100.0},""L3_spread_proxy"":{""value"":0.08277736595008651,""score"":17.22263404991348},""L4_volume_zscore"":{""value"":-1.2922117816850092,""score"":100.0},""_score"":91.72},""pattern_structure"":{""pole_low"":34.93,""pole_low_idx"":37,""peak_price"":43.12,""peak_idx"":49,""pole_gain"":0.23446893787575143,""flag_bars"":10,""flag_low"":38.26,""flag_high"":42.2,""structural_low"":38.26,""current_price"":40.505,""neckline_distance_pct"":0.06455993087273162,""base_bars"":10},""pattern_geometry_features"":{""pole_gain"":0.23446893787575143,""pullback_pct"":0.11270871985157699,""flag_range_pct"":0.09137291280148435,""flag_drift_per_bar"":0.002026476342239818,""atr_pct"":0.08869074093684916,""pole_atr_multiple"":2.6436687234657485},""_schema_version"":""1.0""}",,,,,,,,,,
20260513T182534Z-d71724,2026-05-13T18:25:34.488073+00:00,PL,inverse_head_shoulders,forming,54.51,96.2,54.1,52.3,40.1,21.4,42.3,47.7,84.0,91.7,11.54,15.14,4.18,5.62,2.99,3.38,2.86,4.2,4.59,True,stop_too_wide,40.47,43.12,34.4061,51.31,"{""trend"":{""T1_ema_stack"":{""value"":[true,true,true],""score"":100.0},""T2_ema50_slope"":{""value"":0.5811315360490699,""score"":100},""T3_high_proximity"":{""value"":0.9672562141491394,""score"":83.6281070745697},""T4_rs_1m"":{""value"":0.12318493720913071,""score"":100},""T5_rs_3m"":{""value"":0.7958549647171533,""score"":100},""T6_adr_healthy"":{""value"":9.08518625668091,""score"":72.87034358297726},""_score"":96.19},""geometry"":{""sub_head_depth"":73.0,""sub_shoulder_price_sym"":6.8,""sub_shoulder_time_sym"":37.5,""sub_right_shoulder_reaction"":84.0,""sub_base_context"":100.0,""_score"":54.06},""compression"":{""VC1_atr_ratio"":{""value"":0.5967061949905295,""score"":100},""VC2_range_contraction"":{""value"":1.1274551812338796,""score"":0},""VC3_range_pct_rank"":{""score"":49.16666666666667},""_score"":52.29},""sr_quality"":{""SR1_touches"":{""value"":2,""score"":25.0},""SR2_tightness"":{""value"":0.5800000000000018,""score"":67.68184929871195},""SR3_recency"":{""value"":248,""score"":0.0},""SR4_price_location"":{""score"":30.0},""SR5_reaction"":{""value"":2.3813740786142996,""score"":100},""_score"":40.15,""_levels_found"":5,""_target_level"":37.63},""volume"":{""V1_rvol_day"":{""value"":0.5970916380379734,""score"":6.472775869198226},""V2_rvol_sameslot"":{""value"":0.7315671770454875,""score"":15.437811803032497,""status"":""ok""},""V3_breakout_bar"":{""value"":0.47166216740937245,""score"":0},""V4_base_dryup"":{""value"":0.6501455264305815,""score"":84.98544735694185},""V5_bo_expansion"":{""value"":0.5970916380379734,""score"":0},""_score"":21.38},""readiness"":{""_distance_atr"":0.738,""BR1_atr_distance"":{""score"":50.77982795493504},""BR2_compression"":{""score"":17.860743222241016},""BR3_retest"":{""score"":50.0},""BR4_bo_age"":{""score"":50.0},""_score"":42.28},""risk"":{""R1_stop_clarity"":{""score"":70.80500851734517},""R2_stop_distance_pct"":{""value"":14.983815171732143,""score"":0.0},""R3_stop_distance_atr"":{""value"":1.6894452581471986,""score"":100.0},""R4_rr_potential"":{""value"":1.7876136841497703,""score"":39.380684207488514},""_score"":47.66},""market"":{""M1_spy_regime"":{""score"":100.0},""M3_earnings_risk"":{""value"":null,""score"":80.0},""M4_vix"":{""value"":null,""score"":60.0},""_score"":84.0},""liquidity"":{""L1_price"":{""value"":40.47,""score"":100.0},""L2_dollar_vol"":{""value"":239638766.99605379,""score"":100.0},""L3_spread_proxy"":{""value"":0.08277736595008651,""score"":17.22263404991348},""L4_volume_zscore"":{""value"":-1.2922117816850092,""score"":100.0},""_score"":91.72},""pattern_structure"":{""left_shoulder"":35.51,""left_shoulder_idx"":66,""head"":34.93,""head_idx"":77,""right_shoulder"":38.26,""right_shoulder_idx"":93,""left_to_head_bars"":11,""head_to_right_bars"":16,""structural_low"":34.93,""current_price"":40.505,""neckline_distance_pct"":0.06455993087273162,""base_bars"":27},""pattern_geometry_features"":{""head_depth_pct"":0.053002575572725995,""shoulder_price_asymmetry"":0.0745560525959062,""shoulder_time_asymmetry"":0.3125,""right_shoulder_reaction"":0.8396946564885492,""atr_pct"":0.08869074093684916},""_schema_version"":""1.0""}",,,,,,,,,,
20260513T182534Z-d71724,2026-05-13T18:25:34.488073+00:00,ORCL,bull_flag,forming,54.39,88.8,56.7,56.2,41.3,7.5,28.3,76.2,84.0,96.7,12.44,17.02,5.05,4.13,1.05,2.55,2.28,5.04,4.83,False,,188.6,200.15,178.157,238.54,"{""trend"":{""T1_ema_stack"":{""value"":[true,true,false],""score"":66.66666666666666},""T2_ema50_slope"":{""value"":0.3311944332466843,""score"":100},""T3_high_proximity"":{""value"":0.9624904312324573,""score"":81.2452156162286},""T4_rs_1m"":{""value"":0.08749037297638163,""score"":100},""T5_rs_3m"":{""value"":0.1266218035898221,""score"":100},""T6_adr_healthy"":{""value"":4.305089562024947,""score"":100.0},""_score"":88.85},""geometry"":{""sub_pole_impulse"":100.0,""sub_flag_tightness"":33.7,""sub_flag_shallowness"":18.8,""sub_flag_drift"":88.6,""sub_flag_duration"":12.5,""_score"":56.72},""compression"":{""VC1_atr_ratio"":{""value"":0.625393657443286,""score"":93.65158563917849},""VC2_range_contraction"":{""value"":0.9795030086254455,""score"":3.41616522909242},""VC3_range_pct_rank"":{""score"":70.0},""_score"":56.16},""sr_quality"":{""SR1_touches"":{""value"":3,""score"":50.0},""SR2_tightness"":{""value"":0.6800833298615336,""score"":84.64945700389687},""SR3_recency"":{""value"":227,""score"":0.0},""SR4_price_location"":{""score"":14.344561182288237},""SR5_reaction"":{""value"":1.330587932759316,""score"":66.5293966379658},""_score"":41.26,""_levels_found"":6,""_target_level"":200.7366},""volume"":{""V1_rvol_day"":{""value"":0.34426748919863936,""score"":0},""V2_rvol_sameslot"":{""value"":0.4410515070836106,""score"":0,""status"":""ok""},""V3_breakout_bar"":{""value"":0.44760134654213213,""score"":0},""V4_base_dryup"":{""value"":1.1257963150181534,""score"":37.420368498184665},""V5_bo_expansion"":{""value"":0.34426748919863936,""score"":0},""_score"":7.48},""readiness"":{""_distance_atr"":1.304,""BR1_atr_distance"":{""score"":13.099486577578773},""BR2_compression"":{""score"":22.159618904495414},""BR3_retest"":{""score"":50.0},""BR4_bo_age"":{""score"":50.0},""_score"":28.28},""risk"":{""R1_stop_clarity"":{""score"":38.76219005416355},""R2_stop_distance_pct"":{""value"":5.53708987274655,""score"":100.0},""R3_stop_distance_atr"":{""value"":1.1785686324616134,""score"":83.92843162308067},""R4_rr_potential"":{""value"":4.782172932623508,""score"":100.0},""_score"":76.16},""market"":{""M1_spy_regime"":{""score"":100.0},""M3_earnings_risk"":{""value"":null,""score"":80.0},""M4_vix"":{""value"":null,""score"":60.0},""_score"":84.0},""liquidity"":{""L1_price"":{""value"":188.6,""score"":100.0},""L2_dollar_vol"":{""value"":1839699565.679469,""score"":100.0},""L3_spread_proxy"":{""value"":0.033085896076352116,""score"":66.91410392364789},""L4_volume_zscore"":{""value"":-1.9432879623813177,""score"":100.0},""_score"":96.69},""pattern_structure"":{""pole_low"":161.76,""pole_low_idx"":7,""peak_price"":200.15,""peak_idx"":32,""pole_gain"":0.2373269040553908,""flag_bars"":27,""flag_low"":180.8701,""flag_high"":199.77,""structural_low"":180.8701,""current_price"":188.28,""neckline_distance_pct"":0.06304440195453583,""base_bars"":27},""pattern_geometry_features"":{""pole_gain"":0.2373269040553908,""pullback_pct"":0.09632725455908067,""flag_range_pct"":0.09442867849113167,""flag_drift_per_bar"":-0.0022814133497689923,""atr_pct"":0.04698148007877594,""pole_atr_multiple"":5.051499094056939},""_schema_version"":""1.0""}",,,,,,,,,,
20260513T182534Z-d71724,2026-05-13T18:25:34.488073+00:00,AMPX,double_bottom,forming,54.29,55.6,66.0,36.1,51.4,3.9,52.6,83.0,84.0,92.2,8.34,16.51,2.88,7.2,0.51,4.2,4.98,5.04,4.61,False,,17.95,19.05,16.9716,20.87,"{""trend"":{""T1_ema_stack"":{""value"":[false,true,true],""score"":66.66666666666666},""T2_ema50_slope"":{""value"":0.7332276014013379,""score"":100},""T3_high_proximity"":{""value"":0.7910973997355663,""score"":0},""T4_rs_1m"":{""value"":-0.06621101279282149,""score"":0},""T5_rs_3m"":{""value"":0.5422324662086417,""score"":100},""T6_adr_healthy"":{""value"":8.834555612248993,""score"":79.13610969377518},""_score"":55.62},""geometry"":{""sub_low_similarity"":41.7,""sub_bounce_quality"":100,""sub_separation_fit"":73.3,""sub_right_bottom_reaction"":16.8,""sub_base_context"":100.0,""_score"":66.03},""compression"":{""VC1_atr_ratio"":{""value"":0.7914674991057785,""score"":52.13312522355537},""VC2_range_contraction"":{""value"":1.1181528424410114,""score"":0},""VC3_range_pct_rank"":{""score"":60.83333333333334},""_score"":36.06},""sr_quality"":{""SR1_touches"":{""value"":3,""score"":50.0},""SR2_tightness"":{""value"":0.26981475126464094,""score"":72.12102088148485},""SR3_recency"":{""value"":234,""score"":0.0},""SR4_price_location"":{""score"":67.38165680473368},""SR5_reaction"":{""value"":1.1701711527532783,""score"":58.50855763766391},""_score"":51.44,""_levels_found"":6,""_target_level"":19.42},""volume"":{""V1_rvol_day"":{""value"":0.5523048011110029,""score"":3.4869867407335255},""V2_rvol_sameslot"":{""value"":0.7429538450753748,""score"":16.196923005024985,""status"":""ok""},""V3_breakout_bar"":{""value"":0.44548683687687607,""score"":0},""V4_base_dryup"":{""value"":2.0976455631047206,""score"":0},""V5_bo_expansion"":{""value"":0.5523048011110029,""score"":0},""_score"":3.94},""readiness"":{""_distance_atr"":0.568,""BR1_atr_distance"":{""score"":62.11366392851779},""BR2_compression"":{""score"":40.86548090298033},""BR3_retest"":{""score"":50.0},""BR4_bo_age"":{""score"":50.0},""_score"":52.56},""risk"":{""R1_stop_clarity"":{""score"":73.29529938816029},""R2_stop_distance_pct"":{""value"":5.4509749303621104,""score"":100.0},""R3_stop_distance_atr"":{""value"":0.5054984390337501,""score"":50.2749219516875},""R4_rr_potential"":{""value"":2.9843119219173238,""score"":99.21559609586619},""_score"":83.04},""market"":{""M1_spy_regime"":{""score"":100.0},""M3_earnings_risk"":{""value"":null,""score"":80.0},""M4_vix"":{""value"":null,""score"":60.0},""_score"":84.0},""liquidity"":{""L1_price"":{""value"":17.95,""score"":100.0},""L2_dollar_vol"":{""value"":94376242.1435017,""score"":98.74313403452102},""L3_spread_proxy"":{""value"":0.07298050139275779,""score"":27.019498607242213},""L4_volume_zscore"":{""value"":-0.6840898964525716,""score"":100.0},""_score"":92.2},""pattern_structure"":{""left_low"":17.23,""left_idx"":70,""right_low"":17.74,""right_idx"":76,""separation_bars"":6,""structural_low"":17.23,""current_price"":18.02,""neckline_distance_pct"":0.057158712541620485,""base_bars"":6},""pattern_geometry_features"":{""low_similarity_pct"":0.029167858164140577,""bounce_pct"":0.10562971561230414,""right_bottom_reaction"":0.16793893129771148,""atr_pct"":0.10783366494230005},""_schema_version"":""1.0""}",,,,,,,,,,
20260513T182534Z-d71724,2026-05-13T18:25:34.488073+00:00,MSTR,vcp,absent,54.16,85.6,45.7,53.0,44.3,15.4,36.4,76.0,84.0,96.2,12.84,11.43,6.37,5.32,2.0,2.55,3.8,5.04,4.81,False,,180.09,190.41,173.0842,255.78,"{""trend"":{""T1_ema_stack"":{""value"":[true,true,false],""score"":66.66666666666666},""T2_ema50_slope"":{""value"":0.579842633355277,""score"":100},""T3_high_proximity"":{""value"":0.9191078901704604,""score"":59.553945085230154},""T4_rs_1m"":{""value"":0.24103846223324266,""score"":100},""T5_rs_3m"":{""value"":0.3550630076113186,""score"":100},""T6_adr_healthy"":{""value"":5.622617324175856,""score"":100.0},""_score"":85.6},""geometry"":{""sub_contraction_count"":100.0,""sub_reduction_rate"":0,""sub_pivot_tightness"":32.7,""sub_volume_dryup"":38.8,""sub_base_depth"":0.0,""sub_base_duration"":100.0,""_score"":45.73},""compression"":{""VC1_atr_ratio"":{""value"":0.7214362552480132,""score"":69.64093618799669},""VC2_range_contraction"":{""value"":0.9395695722672486,""score"":10.07173795545857},""VC3_range_pct_rank"":{""score"":86.66666666666667},""_score"":53.05},""sr_quality"":{""SR1_touches"":{""value"":2,""score"":25.0},""SR2_tightness"":{""value"":0.10500000000000398,""score"":97.97080022942374},""SR3_recency"":{""value"":229,""score"":0.0},""SR4_price_location"":{""score"":28.54144805876186},""SR5_reaction"":{""value"":2.3616020187086693,""score"":100},""_score"":44.33,""_levels_found"":8,""_target_level"":190.305},""volume"":{""V1_rvol_day"":{""value"":0.41718221380777687,""score"":0},""V2_rvol_sameslot"":{""value"":0.5311829330631261,""score"":2.0788622042084093,""status"":""ok""},""V3_breakout_bar"":{""value"":0.4869172790956208,""score"":0},""V4_base_dryup"":{""value"":0.7506867036417324,""score"":74.93132963582676},""V5_bo_expansion"":{""value"":0.4171822138077768,""score"":0},""_score"":15.4},""readiness"":{""_distance_atr"":0.997,""BR1_atr_distance"":{""score"":33.51955037350395},""BR2_compression"":{""score"":22.10110132247704},""BR3_retest"":{""score"":50.0},""BR4_bo_age"":{""score"":50.0},""_score"":36.43},""risk"":{""R1_stop_clarity"":{""score"":49.06128804490765},""R2_stop_distance_pct"":{""value"":3.890166028097059,""score"":100.0},""R3_stop_distance_atr"":{""value"":0.6769603691763167,""score"":58.848018458815844},""R4_rr_potential"":{""value"":10.803905335579097,""score"":100.0},""_score"":76.0},""market"":{""M1_spy_regime"":{""score"":100.0},""M3_earnings_risk"":{""value"":null,""score"":80.0},""M4_vix"":{""value"":null,""score"":60.0},""_score"":84.0},""liquidity"":{""L1_price"":{""value"":180.09,""score"":100.0},""L2_dollar_vol"":{""value"":1403611438.4986334,""score"":100.0},""L3_spread_proxy"":{""value"":0.038369704036870435,""score"":61.63029596312956},""L4_volume_zscore"":{""value"":-1.172338890160339,""score"":100.0},""_score"":96.16},""pattern_structure"":{""n_contractions"":5,""contractions_pct"":[12.81,19.08,7.03,14.81,7.71],""descending_strict"":false,""final_low"":175.72,""final_pivot"":190.41,""structural_low"":175.72,""dry_up_ratio"":0.8062097053892484,""current_price"":180.09,""neckline_distance_pct"":0.05730468099283688,""base_bars"":36,""recent_base_height"":65.36999999999999},""pattern_geometry_features"":{""contraction_count"":5.0,""first_contraction_pct"":0.12812766795823222,""last_contraction_pct"":0.07714930938501129,""dry_up_ratio"":0.8062097053892484,""near_monotone"":0.0,""base_depth_pct"":-0.15400275825835677},""_schema_version"":""1.0""}",,,,,,,,,,
20260513T182534Z-d71724,2026-05-13T18:25:34.488073+00:00,ORCL,breakout_retest_hold,setup,54.1,88.8,56.6,56.2,41.3,11.3,46.5,62.5,84.0,96.7,12.44,12.45,3.37,5.78,1.47,8.36,3.13,4.2,2.9,False,,188.6,183.5,179.0614,188.7598,"{""trend"":{""T1_ema_stack"":{""value"":[true,true,false],""score"":66.66666666666666},""T2_ema50_slope"":{""value"":0.3311944332466843,""score"":100},""T3_high_proximity"":{""value"":0.9624904312324573,""score"":81.2452156162286},""T4_rs_1m"":{""value"":0.08749037297638163,""score"":100},""T5_rs_3m"":{""value"":0.1266218035898221,""score"":100},""T6_adr_healthy"":{""value"":4.305089562024947,""score"":100.0},""_score"":88.85},""geometry"":{""sub_retest_depth"":100.0,""sub_retest_timing"":0.0,""sub_retest_freshness"":100.0,""sub_hold_quality"":21.9,""_score"":56.57},""compression"":{""VC1_atr_ratio"":{""value"":0.625393657443286,""score"":93.65158563917849},""VC2_range_contraction"":{""value"":0.9795030086254455,""score"":3.41616522909242},""VC3_range_pct_rank"":{""score"":70.0},""_score"":56.16},""sr_quality"":{""SR1_touches"":{""value"":3,""score"":50.0},""SR2_tightness"":{""value"":0.6800833298615336,""score"":84.64945700389687},""SR3_recency"":{""value"":227,""score"":0.0},""SR4_price_location"":{""score"":14.344561182288237},""SR5_reaction"":{""value"":1.330587932759316,""score"":66.5293966379658},""_score"":41.26,""_levels_found"":6,""_target_level"":200.7366},""volume"":{""V1_rvol_day"":{""value"":0.34426748919863936,""score"":0},""V2_rvol_sameslot"":{""value"":0.4410515070836106,""score"":0,""status"":""ok""},""V3_breakout_bar"":{""value"":0.44760134654213213,""score"":0},""V4_base_dryup"":{""value"":0.9332126929292924,""score"":56.678730707070756},""V5_bo_expansion"":{""value"":0.34426748919863936,""score"":0},""_score"":11.34},""readiness"":{""_distance_atr"":-0.576,""BR1_atr_distance"":{""score"":48.4885034167702},""BR2_compression"":{""score"":22.159618904495414},""BR3_retest"":{""score"":85.15976232145294},""BR4_bo_age"":{""score"":30.0},""_score"":46.47},""risk"":{""R1_stop_clarity"":{""score"":59.17479336944215},""R2_stop_distance_pct"":{""value"":5.057582714740191,""score"":100.0},""R3_stop_distance_atr"":{""value"":1.0765056158852204,""score"":78.82528079426102},""R4_rr_potential"":{""value"":0.0167529808616578,""score"":0.0},""_score"":62.53},""market"":{""M1_spy_regime"":{""score"":100.0},""M3_earnings_risk"":{""value"":null,""score"":80.0},""M4_vix"":{""value"":null,""score"":60.0},""_score"":84.0},""liquidity"":{""L1_price"":{""value"":188.6,""score"":100.0},""L2_dollar_vol"":{""value"":1839699565.679469,""score"":100.0},""L3_spread_proxy"":{""value"":0.033085896076352116,""score"":66.91410392364789},""L4_volume_zscore"":{""value"":-1.9432879623813177,""score"":100.0},""_score"":96.69},""pattern_structure"":{""level"":183.5,""level_idx"":35,""breakout_idx"":44,""bo_peak_idx"":52,""bo_peak_price"":200.15,""retest_idx"":73,""retest_low"":180.8701,""structural_low"":180.8701,""current_price"":188.28,""neckline_distance_pct"":-0.02538772041640111,""base_bars"":44,""bars_since_breakout"":35},""pattern_geometry_features"":{""retest_depth_atr"":0.8940654814951495,""bars_breakout_to_retest"":29.0,""bars_since_retest"":6.0,""current_above_level_atr"":1.6250173016262324,""bo_peak_excess_pct"":0.09073569482288832,""atr_pct"":0.04698148007877594},""_schema_version"":""1.0""}",,,,,,,,,,
20260513T182534Z-d71724,2026-05-13T18:25:34.488073+00:00,ATI,vcp,absent,53.87,74.7,38.9,45.4,67.3,31.2,51.0,39.4,84.0,95.2,11.21,9.73,5.45,8.08,4.06,3.57,1.97,5.04,4.76,False,,164.84,166.61,145.8194,197.74,"{""trend"":{""T1_ema_stack"":{""value"":[true,true,true],""score"":100.0},""T2_ema50_slope"":{""value"":0.1631168048264335,""score"":77.18613413773892},""T3_high_proximity"":{""value"":0.9905059488042304,""score"":95.25297440211517},""T4_rs_1m"":{""value"":-0.05846259062811887,""score"":0},""T5_rs_3m"":{""value"":0.1148638642965476,""score"":100},""T6_adr_healthy"":{""value"":4.5198219238996895,""score"":100.0},""_score"":74.73},""geometry"":{""sub_contraction_count"":100.0,""sub_reduction_rate"":0,""sub_pivot_tightness"":0,""sub_volume_dryup"":0,""sub_base_depth"":39.2,""sub_base_duration"":100.0,""_score"":38.92},""compression"":{""VC1_atr_ratio"":{""value"":0.4124738775727798,""score"":100},""VC2_range_contraction"":{""value"":1.0989125761039527,""score"":0},""VC3_range_pct_rank"":{""score"":21.666666666666668},""_score"":45.42},""sr_quality"":{""SR1_touches"":{""value"":4,""score"":75.0},""SR2_tightness"":{""value"":2.0580389189408037,""score"":43.32155368009262},""SR3_recency"":{""value"":239,""score"":0.0},""SR4_price_location"":{""score"":93.39572428787793},""SR5_reaction"":{""value"":2.487508139061397,""score"":100},""_score"":67.35,""_levels_found"":4,""_target_level"":165.6434},""volume"":{""V1_rvol_day"":{""value"":0.4958966864825149,""score"":0},""V2_rvol_sameslot"":{""value"":0.9885213420312313,""score"":32.56808946874876,""status"":""ok""},""V3_breakout_bar"":{""value"":1.163283113712079,""score"":44.21887424747193},""V4_base_dryup"":{""value"":0.8180679503824521,""score"":68.19320496175479},""V5_bo_expansion"":{""value"":0.495896686482515,""score"":0},""_score"":31.21},""readiness"":{""_distance_atr"":0.244,""BR1_atr_distance"":{""score"":83.75138437811661},""BR2_compression"":{""score"":0},""BR3_retest"":{""score"":50.0},""BR4_bo_age"":{""score"":50.0},""_score"":51.0},""risk"":{""R1_stop_clarity"":{""score"":38.844617203467976},""R2_stop_distance_pct"":{""value"":11.53882552778452,""score"":11.529361805387017},""R3_stop_distance_atr"":{""value"":2.619139138115199,""score"":100.0},""R4_rr_potential"":{""value"":1.729703584534664,""score"":36.4851792267332},""_score"":39.35},""market"":{""M1_spy_regime"":{""score"":100.0},""M3_earnings_risk"":{""value"":null,""score"":80.0},""M4_vix"":{""value"":null,""score"":60.0},""_score"":84.0},""liquidity"":{""L1_price"":{""value"":164.84,""score"":100.0},""L2_dollar_vol"":{""value"":152390554.76561126,""score"":100.0},""L3_spread_proxy"":{""value"":0.04816792040766803,""score"":51.83207959233197},""L4_volume_zscore"":{""value"":-1.321050247076507,""score"":100.0},""_score"":95.18},""pattern_structure"":{""n_contractions"":5,""contractions_pct"":[13.94,8.01,10.94,6.59,11.15],""descending_strict"":false,""final_low"":148.04,""final_pivot"":166.61,""structural_low"":148.04,""dry_up_ratio"":1.0261393396262881,""current_price"":164.84,""neckline_distance_pct"":0.01073768502790591,""base_bars"":30,""recent_base_height"":31.130000000000024},""pattern_geometry_features"":{""contraction_count"":5.0,""first_contraction_pct"":0.13935031376891846,""last_contraction_pct"":0.11145789568453286,""dry_up_ratio"":1.0261393396262881,""near_monotone"":0.0,""base_depth_pct"":0.08920881013904271},""_schema_version"":""1.0""}",,,,,,,,,,
20260513T182534Z-d71724,2026-05-13T18:25:34.488073+00:00,NXPI,double_bottom,absent,53.71,98.1,44.2,35.4,45.7,9.0,48.8,62.4,84.0,96.9,14.72,11.06,2.83,6.4,1.18,3.9,3.74,5.04,4.85,False,,298.29,303.09,275.5734,326.41,"{""trend"":{""T1_ema_stack"":{""value"":[true,true,true],""score"":100.0},""T2_ema50_slope"":{""value"":0.6325538360408407,""score"":100},""T3_high_proximity"":{""value"":0.9748357789470244,""score"":87.4178894735122},""T4_rs_1m"":{""value"":0.35160815363098696,""score"":100},""T5_rs_3m"":{""value"":0.12092525440638058,""score"":100},""T6_adr_healthy"":{""value"":3.699981480779936,""score"":100.0},""_score"":98.11},""geometry"":{""sub_low_similarity"":21.2,""sub_bounce_quality"":76.2,""sub_separation_fit"":0.0,""sub_right_bottom_reaction"":17.6,""sub_base_context"":100.0,""_score"":44.24},""compression"":{""VC1_atr_ratio"":{""value"":0.7629294310353387,""score"":59.26764224116532},""VC2_range_contraction"":{""value"":1.1915271861648653,""score"":0},""VC3_range_pct_rank"":{""score"":46.666666666666664},""_score"":35.37},""sr_quality"":{""SR1_touches"":{""value"":3,""score"":50.0},""SR2_tightness"":{""value"":1.755227114142836,""score"":76.08796427768654},""SR3_recency"":{""value"":296,""score"":0.0},""SR4_price_location"":{""score"":30.0},""SR5_reaction"":{""value"":1.5714509526112517,""score"":78.57254763056258},""_score"":45.7,""_levels_found"":5,""_target_level"":244.4267},""volume"":{""V1_rvol_day"":{""value"":0.35153718748950014,""score"":0},""V2_rvol_sameslot"":{""value"":0.7094003210296824,""score"":13.960021401978828,""status"":""ok""},""V3_breakout_bar"":{""value"":0.5325619221508598,""score"":2.1707948100573233},""V4_base_dryup"":{""value"":1.214886894532376,""score"":28.511310546762388},""V5_bo_expansion"":{""value"":0.3515371874895002,""score"":0},""_score"":9.04},""readiness"":{""_distance_atr"":0.327,""BR1_atr_distance"":{""score"":78.202674259402},""BR2_compression"":{""score"":0},""BR3_retest"":{""score"":50.0},""BR4_bo_age"":{""score"":50.0},""_score"":48.78},""risk"":{""R1_stop_clarity"":{""score"":42.82902041455786},""R2_stop_distance_pct"":{""value"":7.615592208924214,""score"":100.0},""R3_stop_distance_atr"":{""value"":1.5473751251643342,""score"":100.0},""R4_rr_potential"":{""value"":1.237864024246635,""score"":11.89320121233175},""_score"":62.37},""market"":{""M1_spy_regime"":{""score"":100.0},""M3_earnings_risk"":{""value"":null,""score"":80.0},""M4_vix"":{""value"":null,""score"":60.0},""_score"":84.0},""liquidity"":{""L1_price"":{""value"":298.29,""score"":100.0},""L2_dollar_vol"":{""value"":448606947.6829463,""score"":100.0},""L3_spread_proxy"":{""value"":0.030741895470850565,""score"":69.25810452914943},""L4_volume_zscore"":{""value"":-1.4166255508318175,""score"":100.0},""_score"":96.93},""pattern_structure"":{""left_low"":279.77,""left_idx"":22,""right_low"":291.0101,""right_idx"":71,""separation_bars"":49,""structural_low"":279.77,""current_price"":299.505,""neckline_distance_pct"":0.011969750087644546,""base_bars"":49},""pattern_geometry_features"":{""low_similarity_pct"":0.03938504513384416,""bounce_pct"":0.08335418379383062,""right_bottom_reaction"":0.17570568219939586,""atr_pct"":0.049216199000972204},""_schema_version"":""1.0""}",,,,,,,,,,
20260513T182534Z-d71724,2026-05-13T18:25:34.488073+00:00,IREN,bull_flag,forming,53.63,92.2,59.5,23.9,42.4,11.1,30.6,83.5,84.0,93.0,12.9,17.84,2.15,4.24,1.55,2.75,2.51,5.04,4.65,False,,55.33,65.61,51.5746,85.81,"{""trend"":{""T1_ema_stack"":{""value"":[true,true,true],""score"":100.0},""T2_ema50_slope"":{""value"":0.47303375774512163,""score"":100},""T3_high_proximity"":{""value"":0.9040849673202613,""score"":52.04248366013064},""T4_rs_1m"":{""value"":0.09847400140212814,""score"":100},""T5_rs_3m"":{""value"":0.22326647071056827,""score"":100},""T6_adr_healthy"":{""value"":8.526608562874545,""score"":86.83478592813638},""_score"":92.15},""geometry"":{""sub_pole_impulse"":94.2,""sub_flag_tightness"":41.5,""sub_flag_shallowness"":9.2,""sub_flag_drift"":68.2,""sub_flag_duration"":87.5,""_score"":59.46},""compression"":{""VC1_atr_ratio"":{""value"":0.9363083153128409,""score"":15.922921171789783},""VC2_range_contraction"":{""value"":1.3813249482209229,""score"":0},""VC3_range_pct_rank"":{""score"":70.0},""_score"":23.87},""sr_quality"":{""SR1_touches"":{""value"":2,""score"":25.0},""SR2_tightness"":{""value"":1.009999999999998,""score"":60.85433882867552},""SR3_recency"":{""value"":226,""score"":0.0},""SR4_price_location"":{""score"":43.050222700046085},""SR5_reaction"":{""value"":3.813795108176571,""score"":100},""_score"":42.39,""_levels_found"":5,""_target_level"":64.6},""volume"":{""V1_rvol_day"":{""value"":0.7385628164255474,""score"":15.904187761703161},""V2_rvol_sameslot"":{""value"":1.0940240711748188,""score"":39.601604744987924,""status"":""ok""},""V3_breakout_bar"":{""value"":0.48688904701748015,""score"":0},""V4_base_dryup"":{""value"":1.516877195507672,""score"":0},""V5_bo_expansion"":{""value"":0.7385628164255474,""score"":0},""_score"":11.1},""readiness"":{""_distance_atr"":1.992,""BR1_atr_distance"":{""score"":0},""BR2_compression"":{""score"":52.30234981663422},""BR3_retest"":{""score"":50.0},""BR4_bo_age"":{""score"":50.0},""_score"":30.58},""risk"":{""R1_stop_clarity"":{""score"":69.5594036792491},""R2_stop_distance_pct"":{""value"":6.7872763419483135,""score"":100.0},""R3_stop_distance_atr"":{""value"":0.7277604750633281,""score"":61.38802375316641},""R4_rr_potential"":{""value"":8.116312509985619,""score"":100.0},""_score"":83.55},""market"":{""M1_spy_regime"":{""score"":100.0},""M3_earnings_risk"":{""value"":null,""score"":80.0},""M4_vix"":{""value"":null,""score"":60.0},""_score"":84.0},""liquidity"":{""L1_price"":{""value"":55.33,""score"":100.0},""L2_dollar_vol"":{""value"":2040422734.4820404,""score"":100.0},""L3_spread_proxy"":{""value"":0.07030544008675223,""score"":29.694559913247772},""L4_volume_zscore"":{""value"":-0.4973901487685927,""score"":100.0},""_score"":92.97},""pattern_structure"":{""pole_low"":45.41,""pole_low_idx"":13,""peak_price"":65.61,""peak_idx"":38,""pole_gain"":0.4448359392204361,""flag_bars"":21,""flag_low"":52.36,""flag_high"":62.6,""structural_low"":52.36,""current_price"":55.655,""neckline_distance_pct"":0.1788698230167999,""base_bars"":21},""pattern_geometry_features"":{""pole_gain"":0.4448359392204361,""pullback_pct"":0.20195092211553117,""flag_range_pct"":0.15607376924249355,""flag_drift_per_bar"":-0.006359846783348738,""atr_pct"":0.09326250290465005,""pole_atr_multiple"":4.7697190764355595},""_schema_version"":""1.0""}",,,,,,,,,,
20260513T182534Z-d71724,2026-05-13T18:25:34.488073+00:00,NET,double_bottom,forming,53.49,55.7,60.9,18.3,53.5,18.5,48.2,80.5,84.0,96.2,8.35,15.23,1.47,7.49,2.41,3.86,4.83,5.04,4.81,False,,192.3499,204.2699,182.9638,222.7898,"{""trend"":{""T1_ema_stack"":{""value"":[false,true,true],""score"":66.66666666666666},""T2_ema50_slope"":{""value"":0.28298732284692685,""score"":97.16455380782114},""T3_high_proximity"":{""value"":0.7490552591611822,""score"":0},""T4_rs_1m"":{""value"":0.007120856545206333,""score"":57.12085654520634},""T5_rs_3m"":{""value"":-0.05790774415894484,""score"":21.04612792052758},""T6_adr_healthy"":{""value"":5.1174923959434455,""score"":100.0},""_score"":55.68},""geometry"":{""sub_low_similarity"":31.0,""sub_bounce_quality"":99.6,""sub_separation_fit"":100.0,""sub_right_bottom_reaction"":71.3,""sub_base_context"":30.0,""_score"":60.91},""compression"":{""VC1_atr_ratio"":{""value"":1.115815972386468,""score"":0},""VC2_range_contraction"":{""value"":0.9677675329762078,""score"":5.372077837298706},""VC3_range_pct_rank"":{""score"":65.83333333333333},""_score"":18.34},""sr_quality"":{""SR1_touches"":{""value"":6,""score"":100},""SR2_tightness"":{""value"":2.388265874832388,""score"":68.51828484837748},""SR3_recency"":{""value"":232,""score"":0.0},""SR4_price_location"":{""score"":5.111702835840626},""SR5_reaction"":{""value"":1.59620868594729,""score"":79.8104342973645},""_score"":53.53,""_levels_found"":5,""_target_level"":204.2283},""volume"":{""V1_rvol_day"":{""value"":0.5529565975037493,""score"":3.530439833583284},""V2_rvol_sameslot"":{""value"":0.9227809001133013,""score"":28.18539334088675,""status"":""ok""},""V3_breakout_bar"":{""value"":0.6064688173320022,""score"":7.097921155466813},""V4_base_dryup"":{""value"":0.9790410568941261,""score"":52.09589431058739},""V5_bo_expansion"":{""value"":0.5529565975037491,""score"":0},""_score"":18.54},""readiness"":{""_distance_atr"":0.786,""BR1_atr_distance"":{""score"":47.624194809874},""BR2_compression"":{""score"":46.75534909233324},""BR3_retest"":{""score"":50.0},""BR4_bo_age"":{""score"":50.0},""_score"":48.24},""risk"":{""R1_stop_clarity"":{""score"":63.27212570193252},""R2_stop_distance_pct"":{""value"":4.879726997518578,""score"":100.0},""R3_stop_distance_atr"":{""value"":0.6186331760301591,""score"":55.93165880150796},""R4_rr_potential"":{""value"":3.2430655806693975,""score"":100.0},""_score"":80.53},""market"":{""M1_spy_regime"":{""score"":100.0},""M3_earnings_risk"":{""value"":null,""score"":80.0},""M4_vix"":{""value"":null,""score"":60.0},""_score"":84.0},""liquidity"":{""L1_price"":{""value"":192.3499,""score"":100.0},""L2_dollar_vol"":{""value"":497183819.5623973,""score"":100.0},""L3_spread_proxy"":{""value"":0.037639738830121616,""score"":62.360261169878385},""L4_volume_zscore"":{""value"":-0.5426847880156469,""score"":100.0},""_score"":96.24},""pattern_structure"":{""left_low"":192.27,""left_idx"":59,""right_low"":185.75,""right_idx"":76,""separation_bars"":17,""structural_low"":185.75,""current_price"":191.15,""neckline_distance_pct"":0.06863667277007586,""base_bars"":17},""pattern_geometry_features"":{""low_similarity_pct"":0.034495529337072166,""bounce_pct"":0.09970336473755051,""right_bottom_reaction"":0.7129623567921426,""atr_pct"":0.0788791676002951},""_schema_version"":""1.0""}",,,,,,,,,,
20260513T182534Z-d71724,2026-05-13T18:25:34.488073+00:00,GRMN,double_bottom,forming,53.22,52.9,58.2,52.3,56.3,31.4,21.8,51.5,84.0,94.3,7.93,14.56,4.18,7.88,4.08,1.74,3.09,5.04,4.72,True,risk_unclear,233.86,247.08,231.3371,259.3,"{""trend"":{""T1_ema_stack"":{""value"":[false,true,true],""score"":66.66666666666666},""T2_ema50_slope"":{""value"":0.11222959873934146,""score"":68.70493312322358},""T3_high_proximity"":{""value"":0.8741776315789475,""score"":37.088815789473706},""T4_rs_1m"":{""value"":-0.18533919141481636,""score"":0},""T5_rs_3m"":{""value"":0.05862627811379406,""score"":79.31313905689703},""T6_adr_healthy"":{""value"":2.626601579371433,""score"":100.0},""_score"":52.87},""geometry"":{""sub_low_similarity"":98.1,""sub_bounce_quality"":31.5,""sub_separation_fit"":93.3,""sub_right_bottom_reaction"":16.8,""sub_base_context"":30.0,""_score"":58.24},""compression"":{""VC1_atr_ratio"":{""value"":0.6169346681711464,""score"":95.7663329572134},""VC2_range_contraction"":{""value"":1.1648127443067136,""score"":0},""VC3_range_pct_rank"":{""score"":55.833333333333336},""_score"":52.26},""sr_quality"":{""SR1_touches"":{""value"":2,""score"":25.0},""SR2_tightness"":{""value"":0.48500000000001364,""score"":87.0701942870878},""SR3_recency"":{""value"":229,""score"":0.0},""SR4_price_location"":{""score"":95.34407027818469},""SR5_reaction"":{""value"":1.5882333512303566,""score"":79.41166756151783},""_score"":56.31,""_levels_found"":7,""_target_level"":234.125},""volume"":{""V1_rvol_day"":{""value"":0.3548686744681621,""score"":0},""V2_rvol_sameslot"":{""value"":1.1052036795516504,""score"":40.34691197011003,""status"":""ok""},""V3_breakout_bar"":{""value"":0.9740969598480493,""score"":31.606463989869955},""V4_base_dryup"":{""value"":0.7283156855053055,""score"":77.16843144946945},""V5_bo_expansion"":{""value"":0.3548686744681621,""score"":0},""_score"":31.4},""readiness"":{""_distance_atr"":1.762,""BR1_atr_distance"":{""score"":0},""BR2_compression"":{""score"":17.083197537671975},""BR3_retest"":{""score"":50.0},""BR4_bo_age"":{""score"":50.0},""_score"":21.77},""risk"":{""R1_stop_clarity"":{""score"":6.08162361645978},""R2_stop_distance_pct"":{""value"":1.0788078337466829,""score"":76.97019584366707},""R3_stop_distance_atr"":{""value"":0.33629491580520793,""score"":41.814745790260396},""R4_rr_potential"":{""value"":10.083633913353708,""score"":100.0},""_score"":51.49},""market"":{""M1_spy_regime"":{""score"":100.0},""M3_earnings_risk"":{""value"":null,""score"":80.0},""M4_vix"":{""value"":null,""score"":60.0},""_score"":84.0},""liquidity"":{""L1_price"":{""value"":233.86,""score"":100.0},""L2_dollar_vol"":{""value"":64118548.45254144,""score"":90.34918410099007},""L3_spread_proxy"":{""value"":0.018344308560677293,""score"":81.65569143932271},""L4_volume_zscore"":{""value"":-1.9064145941629775,""score"":100.0},""_score"":94.31},""pattern_structure"":{""left_low"":234.86,""left_idx"":40,""right_low"":235.08,""right_idx"":71,""separation_bars"":31,""structural_low"":234.86,""current_price"":233.985,""neckline_distance_pct"":0.05596512596961343,""base_bars"":31},""pattern_geometry_features"":{""low_similarity_pct"":0.0009362897391156269,""bounce_pct"":0.0520309971898152,""right_bottom_reaction"":0.1676300578034646,""atr_pct"":0.032079219252055556},""_schema_version"":""1.0""}",,,,,,,,,,
20260513T182534Z-d71724,2026-05-13T18:25:34.488073+00:00,WULF,ascending_triangle,absent,53.14,88.7,33.8,63.9,54.2,17.8,29.8,83.4,84.0,95.9,13.3,9.45,5.12,7.59,2.13,2.38,3.34,5.04,4.79,False,,23.08,25.75,21.3105,29.865,"{""trend"":{""T1_ema_stack"":{""value"":[true,true,true],""score"":100.0},""T2_ema50_slope"":{""value"":0.7292154282593244,""score"":100},""T3_high_proximity"":{""value"":0.8966588966588966,""score"":48.3294483294483},""T4_rs_1m"":{""value"":0.032105802643863424,""score"":82.10580264386343},""T5_rs_3m"":{""value"":0.36637127435021677,""score"":100},""T6_adr_healthy"":{""value"":7.12204370724933,""score"":100.0},""_score"":88.67},""geometry"":{""sub_flat_top_quality"":33.3,""sub_hl_slope"":29.2,""sub_compression"":0,""sub_duration"":100.0,""_score"":33.75},""compression"":{""VC1_atr_ratio"":{""value"":0.6043197404076034,""score"":98.92006489809914},""VC2_range_contraction"":{""value"":1.0107459217535673,""score"":0},""VC3_range_pct_rank"":{""score"":97.5},""_score"":63.94},""sr_quality"":{""SR1_touches"":{""value"":4,""score"":75.0},""SR2_tightness"":{""value"":0.341192760767283,""score"":61.3062993564795},""SR3_recency"":{""value"":242,""score"":0.0},""SR4_price_location"":{""score"":30.0},""SR5_reaction"":{""value"":2.085982875519446,""score"":100},""_score"":54.2,""_levels_found"":6,""_target_level"":18.05},""volume"":{""V1_rvol_day"":{""value"":0.4374577682732076,""score"":0},""V2_rvol_sameslot"":{""value"":0.7869128666451879,""score"":19.127524443012526,""status"":""ok""},""V3_breakout_bar"":{""value"":0.7114285050567131,""score"":14.095233670447538},""V4_base_dryup"":{""value"":0.979375184312409,""score"":52.0624815687591},""V5_bo_expansion"":{""value"":0.4374577682732076,""score"":0},""_score"":17.76},""readiness"":{""_distance_atr"":1.514,""BR1_atr_distance"":{""score"":0},""BR2_compression"":{""score"":49.06570778818969},""BR3_retest"":{""score"":50.0},""BR4_bo_age"":{""score"":50.0},""_score"":29.77},""risk"":{""R1_stop_clarity"":{""score"":63.196542701844336},""R2_stop_distance_pct"":{""value"":7.666919410745226,""score"":100.0},""R3_stop_distance_atr"":{""value"":1.0033839885296751,""score"":75.16919942648376},""R4_rr_potential"":{""value"":3.834362328873572,""score"":100.0},""_score"":83.39},""market"":{""M1_spy_regime"":{""score"":100.0},""M3_earnings_risk"":{""value"":null,""score"":80.0},""M4_vix"":{""value"":null,""score"":60.0},""_score"":84.0},""liquidity"":{""L1_price"":{""value"":23.08,""score"":100.0},""L2_dollar_vol"":{""value"":317151485.7116953,""score"":100.0},""L3_spread_proxy"":{""value"":0.041161178509532034,""score"":58.838821490467964},""L4_volume_zscore"":{""value"":-2.289400509930517,""score"":100.0},""_score"":95.88},""pattern_structure"":{""top"":25.75,""top_touches"":2,""low_slope_per_bar"":0.01896851211072672,""lowest_low"":21.635,""structural_low"":21.635,""current_price"":23.03,""neckline_distance_pct"":0.11810681719496303,""base_bars"":43},""pattern_geometry_features"":{""top_touches"":2.0,""low_slope"":0.01896851211072672,""compression"":-0.16051179126944204,""atr_pct"":0.07641062144095073},""_schema_version"":""1.0""}",,,,,,,,,,
20260513T182534Z-d71724,2026-05-13T18:25:34.488073+00:00,LSCC,vcp,absent,53.09,99.0,37.9,48.4,41.6,10.1,54.6,60.9,84.0,94.9,14.84,9.48,5.81,4.99,1.31,3.82,3.04,5.04,4.74,False,,127.18,127.9462,113.2849,171.4102,"{""trend"":{""T1_ema_stack"":{""value"":[true,true,true],""score"":100.0},""T2_ema50_slope"":{""value"":0.5834375678380894,""score"":100},""T3_high_proximity"":{""value"":0.986197270471464,""score"":93.09863523573198},""T4_rs_1m"":{""value"":0.07816550749891316,""score"":100},""T5_rs_3m"":{""value"":0.1289912460858733,""score"":100},""T6_adr_healthy"":{""value"":4.83626853065574,""score"":100.0},""_score"":98.96},""geometry"":{""sub_contraction_count"":100.0,""sub_reduction_rate"":11.7,""sub_pivot_tightness"":0,""sub_volume_dryup"":0,""sub_base_depth"":0.0,""sub_base_duration"":100.0,""_score"":37.92},""compression"":{""VC1_atr_ratio"":{""value"":0.6052767316063383,""score"":98.68081709841542},""VC2_range_contraction"":{""value"":1.1504271529218864,""score"":0},""VC3_range_pct_rank"":{""score"":35.83333333333333},""_score"":48.43},""sr_quality"":{""SR1_touches"":{""value"":2,""score"":25.0},""SR2_tightness"":{""value"":0.7986000000000004,""score"":77.28613569321533},""SR3_recency"":{""value"":230,""score"":0.0},""SR4_price_location"":{""score"":30.0},""SR5_reaction"":{""value"":2.1285501840610452,""score"":100},""_score"":41.59,""_levels_found"":7,""_target_level"":127.1476},""volume"":{""V1_rvol_day"":{""value"":0.4766166566194917,""score"":0},""V2_rvol_sameslot"":{""value"":0.5004689876308049,""score"":0.031265842053662674,""status"":""ok""},""V3_breakout_bar"":{""value"":0.4376303790337019,""score"":0},""V4_base_dryup"":{""value"":0.9953285460034579,""score"":50.467145399654214},""V5_bo_expansion"":{""value"":0.47661665661949165,""score"":0},""_score"":10.1},""readiness"":{""_distance_atr"":0.109,""BR1_atr_distance"":{""score"":92.7358866216469},""BR2_compression"":{""score"":0},""BR3_retest"":{""score"":50.0},""BR4_bo_age"":{""score"":50.0},""_score"":54.59},""risk"":{""R1_stop_clarity"":{""score"":50.933104171237744},""R2_stop_distance_pct"":{""value"":10.92557792105677,""score"":26.86055197358077},""R3_stop_distance_atr"":{""value"":1.9760365115353047,""score"":100.0},""R4_rr_potential"":{""value"":3.183139440740114,""score"":100.0},""_score"":60.88},""market"":{""M1_spy_regime"":{""score"":100.0},""M3_earnings_risk"":{""value"":null,""score"":80.0},""M4_vix"":{""value"":null,""score"":60.0},""_score"":84.0},""liquidity"":{""L1_price"":{""value"":127.18,""score"":100.0},""L2_dollar_vol"":{""value"":154315416.46838018,""score"":100.0},""L3_spread_proxy"":{""value"":0.05110866488441579,""score"":48.89133511558421},""L4_volume_zscore"":{""value"":-1.4989779355110493,""score"":100.0},""_score"":94.89},""pattern_structure"":{""n_contractions"":5,""contractions_pct"":[14.06,17.93,16.88,13.45,10.11],""descending_strict"":false,""final_low"":115.01,""final_pivot"":127.9462,""structural_low"":115.01,""dry_up_ratio"":1.6463264640461628,""current_price"":127.18,""neckline_distance_pct"":0.006024532159144501,""base_bars"":56,""recent_base_height"":43.464},""pattern_geometry_features"":{""contraction_count"":5.0,""first_contraction_pct"":0.14063656550703185,""last_contraction_pct"":0.10110655885051685,""dry_up_ratio"":1.6463264640461628,""near_monotone"":0.0,""base_depth_pct"":-0.06411917098445602},""_schema_version"":""1.0""}",,,,,,,,,,
20260513T182534Z-d71724,2026-05-13T18:25:34.488073+00:00,CW,vcp,setup,53.02,74.5,47.1,45.4,41.0,31.7,57.5,59.3,84.0,71.0,11.17,11.78,5.45,4.91,4.12,4.03,2.97,5.04,3.55,True,risk_unclear,752.52,748.14,701.4333,870.63,"{""trend"":{""T1_ema_stack"":{""value"":[true,true,true],""score"":100.0},""T2_ema50_slope"":{""value"":0.1347247306971427,""score"":72.45412178285711},""T3_high_proximity"":{""value"":1.0,""score"":99.99999999999997},""T4_rs_1m"":{""value"":-0.056220017411756196,""score"":0},""T5_rs_3m"":{""value"":0.1130431113251833,""score"":100},""T6_adr_healthy"":{""value"":2.9562917389664802,""score"":100.0},""_score"":74.49},""geometry"":{""sub_contraction_count"":100.0,""sub_reduction_rate"":0,""sub_pivot_tightness"":74.0,""sub_volume_dryup"":6.9,""sub_base_depth"":0.0,""sub_base_duration"":100.0,""_score"":47.13},""compression"":{""VC1_atr_ratio"":{""value"":0.3596919414540913,""score"":100},""VC2_range_contraction"":{""value"":1.123374238103525,""score"":0},""VC3_range_pct_rank"":{""score"":21.666666666666668},""_score"":45.42},""sr_quality"":{""SR1_touches"":{""value"":2,""score"":25.0},""SR2_tightness"":{""value"":0.9300000000000068,""score"":91.59106754368425},""SR3_recency"":{""value"":227,""score"":0.0},""SR4_price_location"":{""score"":30.0},""SR5_reaction"":{""value"":1.6286655469826496,""score"":81.43327734913248},""_score"":40.95,""_levels_found"":7,""_target_level"":749.07},""volume"":{""V1_rvol_day"":{""value"":0.6916536600749718,""score"":12.776910671664785},""V2_rvol_sameslot"":{""value"":1.2786286884967633,""score"":51.90857923311755,""status"":""ok""},""V3_breakout_bar"":{""value"":0.9032381953009857,""score"":26.882546353399047},""V4_base_dryup"":{""value"":0.8992737823946805,""score"":60.07262176053195},""V5_bo_expansion"":{""value"":0.6916536600749718,""score"":0},""_score"":31.67},""readiness"":{""_distance_atr"":-0.198,""BR1_atr_distance"":{""score"":100.0},""BR2_compression"":{""score"":0},""BR3_retest"":{""score"":50.0},""BR4_bo_age"":{""score"":50.0},""_score"":57.5},""risk"":{""R1_stop_clarity"":{""score"":3.4173074817859828},""R2_stop_distance_pct"":{""value"":6.788753122840589,""score"":100.0},""R3_stop_distance_atr"":{""value"":2.30959580612567,""score"":100.0},""R4_rr_potential"":{""value"":2.3119509030966463,""score"":65.59754515483232},""_score"":59.32},""market"":{""M1_spy_regime"":{""score"":100.0},""M3_earnings_risk"":{""value"":null,""score"":80.0},""M4_vix"":{""value"":null,""score"":60.0},""_score"":84.0},""liquidity"":{""L1_price"":{""value"":752.52,""score"":0.0},""L2_dollar_vol"":{""value"":113987156.65485816,""score"":100.0},""L3_spread_proxy"":{""value"":0.040111890713868,""score"":59.888109286132},""L4_volume_zscore"":{""value"":-0.8973716571157322,""score"":100.0},""_score"":70.99},""pattern_structure"":{""n_contractions"":5,""contractions_pct"":[4.6,9.6,10.62,12.71,4.82],""descending_strict"":false,""final_low"":712.115,""final_pivot"":748.14,""structural_low"":712.115,""dry_up_ratio"":0.9654533764817872,""current_price"":752.52,""neckline_distance_pct"":-0.005820443310476792,""base_bars"":43,""recent_base_height"":122.49000000000001},""pattern_geometry_features"":{""contraction_count"":5.0,""first_contraction_pct"":0.04604994436541367,""last_contraction_pct"":0.04815275215868685,""dry_up_ratio"":0.9654533764817872,""near_monotone"":0.0,""base_depth_pct"":-0.002992999901407062},""_schema_version"":""1.0""}",,,,,,,,,,
20260513T182534Z-d71724,2026-05-13T18:25:34.488073+00:00,WULF,bull_flag,absent,52.95,88.7,40.3,63.9,54.2,16.1,29.8,83.4,84.0,95.9,12.41,12.09,5.75,5.42,2.26,2.68,2.5,5.04,4.79,False,,23.08,25.75,21.3105,30.32,"{""trend"":{""T1_ema_stack"":{""value"":[true,true,true],""score"":100.0},""T2_ema50_slope"":{""value"":0.7292154282593244,""score"":100},""T3_high_proximity"":{""value"":0.8966588966588966,""score"":48.3294483294483},""T4_rs_1m"":{""value"":0.032105802643863424,""score"":82.10580264386343},""T5_rs_3m"":{""value"":0.36637127435021677,""score"":100},""T6_adr_healthy"":{""value"":7.12204370724933,""score"":100.0},""_score"":88.67},""geometry"":{""sub_pole_impulse"":45.6,""sub_flag_tightness"":18.3,""sub_flag_shallowness"":0,""sub_flag_drift"":88.6,""sub_flag_duration"":87.5,""_score"":40.3},""compression"":{""VC1_atr_ratio"":{""value"":0.6043197404076034,""score"":98.92006489809914},""VC2_range_contraction"":{""value"":1.0107459217535673,""score"":0},""VC3_range_pct_rank"":{""score"":97.5},""_score"":63.94},""sr_quality"":{""SR1_touches"":{""value"":4,""score"":75.0},""SR2_tightness"":{""value"":0.341192760767283,""score"":61.3062993564795},""SR3_recency"":{""value"":242,""score"":0.0},""SR4_price_location"":{""score"":30.0},""SR5_reaction"":{""value"":2.085982875519446,""score"":100},""_score"":54.2,""_levels_found"":6,""_target_level"":18.05},""volume"":{""V1_rvol_day"":{""value"":0.4374577682732076,""score"":0},""V2_rvol_sameslot"":{""value"":0.7869128666451879,""score"":19.127524443012526,""status"":""ok""},""V3_breakout_bar"":{""value"":0.7114285050567131,""score"":14.095233670447538},""V4_base_dryup"":{""value"":1.0610501005830393,""score"":43.894989941696075},""V5_bo_expansion"":{""value"":0.4374577682732076,""score"":0},""_score"":16.13},""readiness"":{""_distance_atr"":1.514,""BR1_atr_distance"":{""score"":0},""BR2_compression"":{""score"":49.06570778818969},""BR3_retest"":{""score"":50.0},""BR4_bo_age"":{""score"":50.0},""_score"":29.77},""risk"":{""R1_stop_clarity"":{""score"":63.196542701844336},""R2_stop_distance_pct"":{""value"":7.666919410745226,""score"":100.0},""R3_stop_distance_atr"":{""value"":1.0033839885296751,""score"":75.16919942648376},""R4_rr_potential"":{""value"":4.091493479888676,""score"":100.0},""_score"":83.39},""market"":{""M1_spy_regime"":{""score"":100.0},""M3_earnings_risk"":{""value"":null,""score"":80.0},""M4_vix"":{""value"":null,""score"":60.0},""_score"":84.0},""liquidity"":{""L1_price"":{""value"":23.08,""score"":100.0},""L2_dollar_vol"":{""value"":317151485.7116953,""score"":100.0},""L3_spread_proxy"":{""value"":0.041161178509532034,""score"":58.838821490467964},""L4_volume_zscore"":{""value"":-2.289400509930517,""score"":100.0},""_score"":95.88},""pattern_structure"":{""pole_low"":21.18,""pole_low_idx"":13,""peak_price"":25.75,""peak_idx"":38,""pole_gain"":0.2157695939565628,""flag_bars"":21,""flag_low"":21.635,""flag_high"":24.36,""structural_low"":21.635,""current_price"":23.03,""neckline_distance_pct"":0.11810681719496303,""base_bars"":21},""pattern_geometry_features"":{""pole_gain"":0.2157695939565628,""pullback_pct"":0.15980582524271839,""flag_range_pct"":0.10582524271844652,""flag_drift_per_bar"":-0.0022864924914425717,""atr_pct"":0.07641062144095073,""pole_atr_multiple"":2.8238167664073655},""_schema_version"":""1.0""}",,,,,,,,,,
20260513T182534Z-d71724,2026-05-13T18:25:34.488073+00:00,NVDA,vcp,setup,52.72,99.9,35.0,48.6,61.1,18.9,31.8,24.8,84.0,97.2,14.99,8.75,5.83,7.33,2.46,2.23,1.24,5.04,4.86,True,risk_unclear;stop_too_wide,226.6599,216.825,191.8189,269.38,"{""trend"":{""T1_ema_stack"":{""value"":[true,true,true],""score"":100.0},""T2_ema50_slope"":{""value"":0.29795291305148186,""score"":99.65881884191364},""T3_high_proximity"":{""value"":1.0,""score"":99.99999999999997},""T4_rs_1m"":{""value"":0.08386195587089706,""score"":100},""T5_rs_3m"":{""value"":0.11920389137010012,""score"":100},""T6_adr_healthy"":{""value"":3.1569021781533992,""score"":100.0},""_score"":99.93},""geometry"":{""sub_contraction_count"":100.0,""sub_reduction_rate"":0,""sub_pivot_tightness"":0,""sub_volume_dryup"":0,""sub_base_depth"":0.0,""sub_base_duration"":100.0,""_score"":35.0},""compression"":{""VC1_atr_ratio"":{""value"":0.6223356001821431,""score"":94.41609995446423},""VC2_range_contraction"":{""value"":1.392515740691674,""score"":0},""VC3_range_pct_rank"":{""score"":43.333333333333336},""_score"":48.6},""sr_quality"":{""SR1_touches"":{""value"":7,""score"":100},""SR2_tightness"":{""value"":1.7344263789742196,""score"":57.21397216025651},""SR3_recency"":{""value"":230,""score"":0.0},""SR4_price_location"":{""score"":30.0},""SR5_reaction"":{""value"":2.2110952722454313,""score"":100},""_score"":61.08,""_levels_found"":4,""_target_level"":194.8658},""volume"":{""V1_rvol_day"":{""value"":0.715185782343633,""score"":14.345718822908863},""V2_rvol_sameslot"":{""value"":0.7992895072261873,""score"":19.952633815079153,""status"":""ok""},""V3_breakout_bar"":{""value"":0.49082924457578603,""score"":0},""V4_base_dryup"":{""value"":0.898243274870926,""score"":60.1756725129074},""V5_bo_expansion"":{""value"":0.715185782343633,""score"":0},""_score"":18.89},""readiness"":{""_distance_atr"":-1.213,""BR1_atr_distance"":{""score"":35.738589409026275},""BR2_compression"":{""score"":0},""BR3_retest"":{""score"":50.0},""BR4_bo_age"":{""score"":50.0},""_score"":31.8},""risk"":{""R1_stop_clarity"":{""score"":27.940287672174378},""R2_stop_distance_pct"":{""value"":15.37148829590059,""score"":0.0},""R3_stop_distance_atr"":{""value"":4.297409258864425,""score"":85.12953705677874},""R4_rr_potential"":{""value"":1.2261444849458978,""score"":11.30722424729489},""_score"":24.81},""market"":{""M1_spy_regime"":{""score"":100.0},""M3_earnings_risk"":{""value"":null,""score"":80.0},""M4_vix"":{""value"":null,""score"":60.0},""_score"":84.0},""liquidity"":{""L1_price"":{""value"":226.6599,""score"":100.0},""L2_dollar_vol"":{""value"":23919586364.81393,""score"":100.0},""L3_spread_proxy"":{""value"":0.02768332642871543,""score"":72.31667357128457},""L4_volume_zscore"":{""value"":-1.14321145398456,""score"":100.0},""_score"":97.23},""pattern_structure"":{""n_contractions"":5,""contractions_pct"":[11.63,4.95,9.09,9.35,10.19],""descending_strict"":false,""final_low"":194.74,""final_pivot"":216.825,""structural_low"":194.74,""dry_up_ratio"":1.0437564862637283,""current_price"":226.6599,""neckline_distance_pct"":-0.043390560041718915,""base_bars"":47,""recent_base_height"":52.55499999999998},""pattern_geometry_features"":{""contraction_count"":5.0,""first_contraction_pct"":0.11632804550323614,""last_contraction_pct"":0.10185633575464074,""dry_up_ratio"":1.0437564862637283,""near_monotone"":0.0,""base_depth_pct"":0.014622787341389047},""_schema_version"":""1.0""}",,,,,,,,,,
20260513T182534Z-d71724,2026-05-13T18:25:34.488073+00:00,BA,vcp,setup,52.69,73.0,53.0,50.9,42.7,20.8,36.6,42.3,84.0,96.7,10.95,13.25,6.1,5.13,2.7,2.56,2.12,5.04,4.84,True,risk_unclear,240.29,236.45,217.7244,280.36,"{""trend"":{""T1_ema_stack"":{""value"":[true,true,true],""score"":100.0},""T2_ema50_slope"":{""value"":0.15126641810395874,""score"":75.21106968399313},""T3_high_proximity"":{""value"":0.9846336666120308,""score"":92.31683330601537},""T4_rs_1m"":{""value"":0.004260961532608798,""score"":54.260961532608796},""T5_rs_3m"":{""value"":-0.05637162089946801,""score"":21.814189550265993},""T6_adr_healthy"":{""value"":2.8312646877570558,""score"":100.0},""_score"":73.01},""geometry"":{""sub_contraction_count"":100.0,""sub_reduction_rate"":0,""sub_pivot_tightness"":49.7,""sub_volume_dryup"":16.3,""sub_base_depth"":81.0,""sub_base_duration"":100.0,""_score"":53.0},""compression"":{""VC1_atr_ratio"":{""value"":0.4647119554073782,""score"":100},""VC2_range_contraction"":{""value"":0.9069106115464961,""score"":15.514898075583982},""VC3_range_pct_rank"":{""score"":21.666666666666668},""_score"":50.85},""sr_quality"":{""SR1_touches"":{""value"":2,""score"":25.0},""SR2_tightness"":{""value"":0.4749999999999943,""score"":84.84503190519617},""SR3_recency"":{""value"":236,""score"":0.0},""SR4_price_location"":{""score"":30.0},""SR5_reaction"":{""value"":2.0985642661804897,""score"":100},""_score"":42.73,""_levels_found"":4,""_target_level"":235.975},""volume"":{""V1_rvol_day"":{""value"":0.7005523582757034,""score"":13.370157218380227},""V2_rvol_sameslot"":{""value"":0.9834661096919971,""score"":32.23107397946647,""status"":""ok""},""V3_breakout_bar"":{""value"":0.6289808471323862,""score"":8.59872314215908},""V4_base_dryup"":{""value"":1.0251977847543385,""score"":47.48022152456615},""V5_bo_expansion"":{""value"":0.7005523582757034,""score"":0},""_score"":20.77},""readiness"":{""_distance_atr"":-0.613,""BR1_atr_distance"":{""score"":47.74840474020054},""BR2_compression"":{""score"":0},""BR3_retest"":{""score"":50.0},""BR4_bo_age"":{""score"":50.0},""_score"":36.6},""risk"":{""R1_stop_clarity"":{""score"":0},""R2_stop_distance_pct"":{""value"":9.390985892047105,""score"":65.22535269882238},""R3_stop_distance_atr"":{""value"":3.5997994530537807,""score"":100.0},""R4_rr_potential"":{""value"":1.775711702768818,""score"":38.7855851384409},""_score"":42.32},""market"":{""M1_spy_regime"":{""score"":100.0},""M3_earnings_risk"":{""value"":null,""score"":80.0},""M4_vix"":{""value"":null,""score"":60.0},""_score"":84.0},""liquidity"":{""L1_price"":{""value"":240.29,""score"":100.0},""L2_dollar_vol"":{""value"":1101520645.1289208,""score"":100.0},""L3_spread_proxy"":{""value"":0.032752091223105434,""score"":67.24790877689458},""L4_volume_zscore"":{""value"":-0.7189553886225064,""score"":100.0},""_score"":96.72},""pattern_structure"":{""n_contractions"":5,""contractions_pct"":[9.98,4.99,11.92,11.33,6.52],""descending_strict"":false,""final_low"":221.04,""final_pivot"":236.45,""structural_low"":221.04,""dry_up_ratio"":0.9184735339621972,""current_price"":240.29,""neckline_distance_pct"":-0.015980689999583853,""base_bars"":67,""recent_base_height"":43.91},""pattern_geometry_features"":{""contraction_count"":5.0,""first_contraction_pct"":0.09982272452239999,""last_contraction_pct"":0.06517234087544935,""dry_up_ratio"":0.9184735339621972,""near_monotone"":0.0,""base_depth_pct"":0.13096093216470697},""_schema_version"":""1.0""}",,,,,,,,,,
20260513T182534Z-d71724,2026-05-13T18:25:34.488073+00:00,CRML,double_bottom,absent,52.35,64.1,45.4,71.1,52.4,15.7,23.7,82.0,84.0,89.2,9.61,11.36,5.69,7.34,2.04,1.9,4.92,5.04,4.46,False,,11.415,14.27,11.1551,17.215,"{""trend"":{""T1_ema_stack"":{""value"":[false,true,true],""score"":66.66666666666666},""T2_ema50_slope"":{""value"":0.7489673666678021,""score"":100},""T3_high_proximity"":{""value"":0.7899653979238754,""score"":0},""T4_rs_1m"":{""value"":0.2290699705391448,""score"":100},""T5_rs_3m"":{""value"":-0.009589398177237696,""score"":45.20530091138115},""T6_adr_healthy"":{""value"":11.51210256285613,""score"":12.197435928596745},""_score"":64.06},""geometry"":{""sub_low_similarity"":1.0,""sub_bounce_quality"":100,""sub_separation_fit"":0.0,""sub_right_bottom_reaction"":34.2,""sub_base_context"":100.0,""_score"":45.43},""compression"":{""VC1_atr_ratio"":{""value"":0.41909757899184374,""score"":100},""VC2_range_contraction"":{""value"":0.8307113728706708,""score"":28.214771188221544},""VC3_range_pct_rank"":{""score"":85.0},""_score"":71.13},""sr_quality"":{""SR1_touches"":{""value"":4,""score"":75.0},""SR2_tightness"":{""value"":0.3144650248835311,""score"":57.07548117887917},""SR3_recency"":{""value"":228,""score"":0.0},""SR4_price_location"":{""score"":25.42504083052224},""SR5_reaction"":{""value"":2.925351487851488,""score"":100},""_score"":52.42,""_levels_found"":4,""_target_level"":14.265},""volume"":{""V1_rvol_day"":{""value"":0.2601476362630303,""score"":0},""V2_rvol_sameslot"":{""value"":0.36346644906583797,""score"":0,""status"":""ok""},""V3_breakout_bar"":{""value"":0.4193863045398135,""score"":0},""V4_base_dryup"":{""value"":0.7141240233894196,""score"":78.58759766105804},""V5_bo_expansion"":{""value"":0.26014763626303017,""score"":0},""_score"":15.72},""readiness"":{""_distance_atr"":1.949,""BR1_atr_distance"":{""score"":0},""BR2_compression"":{""score"":24.81991639074303},""BR3_retest"":{""score"":50.0},""BR4_bo_age"":{""score"":50.0},""_score"":23.7},""risk"":{""R1_stop_clarity"":{""score"":76.81203931203939},""R2_stop_distance_pct"":{""value"":2.276609724047299,""score"":100.0},""R3_stop_distance_atr"":{""value"":0.17736486486486436,""score"":33.86824324324322},""R4_rr_potential"":{""value"":22.318422318422392,""score"":100.0},""_score"":81.96},""market"":{""M1_spy_regime"":{""score"":100.0},""M3_earnings_risk"":{""value"":null,""score"":80.0},""M4_vix"":{""value"":null,""score"":60.0},""_score"":84.0},""liquidity"":{""L1_price"":{""value"":11.415,""score"":100.0},""L2_dollar_vol"":{""value"":62987005.805017106,""score"":89.9625481955014},""L3_spread_proxy"":{""value"":0.06789312308366188,""score"":32.10687691633812},""L4_volume_zscore"":{""value"":-1.0113851964001739,""score"":100.0},""_score"":89.2},""pattern_structure"":{""left_low"":11.9,""left_idx"":28,""right_low"":11.325,""right_idx"":76,""separation_bars"":48,""structural_low"":11.325,""current_price"":11.545,""neckline_distance_pct"":0.23603291468168036,""base_bars"":48},""pattern_geometry_features"":{""low_similarity_pct"":0.0495156081808397,""bounce_pct"":0.2600441501103753,""right_bottom_reaction"":0.34193548387096834,""atr_pct"":0.1283574244415243},""_schema_version"":""1.0""}",,,,,,,,,,
20260513T182534Z-d71724,2026-05-13T18:25:34.488073+00:00,ORCL,ascending_triangle,absent,52.34,88.8,43.2,56.2,41.3,12.4,28.3,75.7,84.0,96.7,13.33,12.09,4.49,5.78,1.49,2.26,3.03,5.04,4.83,False,,188.6,200.15,178.157,219.4299,"{""trend"":{""T1_ema_stack"":{""value"":[true,true,false],""score"":66.66666666666666},""T2_ema50_slope"":{""value"":0.3311944332466843,""score"":100},""T3_high_proximity"":{""value"":0.9624904312324573,""score"":81.2452156162286},""T4_rs_1m"":{""value"":0.08749037297638163,""score"":100},""T5_rs_3m"":{""value"":0.1266218035898221,""score"":100},""T6_adr_healthy"":{""value"":4.305089562024947,""score"":100.0},""_score"":88.85},""geometry"":{""sub_flat_top_quality"":33.3,""sub_hl_slope"":60.6,""sub_compression"":0,""sub_duration"":100.0,""_score"":43.17},""compression"":{""VC1_atr_ratio"":{""value"":0.625393657443286,""score"":93.65158563917849},""VC2_range_contraction"":{""value"":0.9795030086254455,""score"":3.41616522909242},""VC3_range_pct_rank"":{""score"":70.0},""_score"":56.16},""sr_quality"":{""SR1_touches"":{""value"":3,""score"":50.0},""SR2_tightness"":{""value"":0.6800833298615336,""score"":84.64945700389687},""SR3_recency"":{""value"":227,""score"":0.0},""SR4_price_location"":{""score"":14.344561182288237},""SR5_reaction"":{""value"":1.330587932759316,""score"":66.5293966379658},""_score"":41.26,""_levels_found"":6,""_target_level"":200.7366},""volume"":{""V1_rvol_day"":{""value"":0.34426748919863936,""score"":0},""V2_rvol_sameslot"":{""value"":0.4410515070836106,""score"":0,""status"":""ok""},""V3_breakout_bar"":{""value"":0.44760134654213213,""score"":0},""V4_base_dryup"":{""value"":0.8806280820647044,""score"":61.93719179352956},""V5_bo_expansion"":{""value"":0.34426748919863936,""score"":0},""_score"":12.39},""readiness"":{""_distance_atr"":1.304,""BR1_atr_distance"":{""score"":13.099486577578773},""BR2_compression"":{""score"":22.159618904495414},""BR3_retest"":{""score"":50.0},""BR4_bo_age"":{""score"":50.0},""_score"":28.28},""risk"":{""R1_stop_clarity"":{""score"":38.76219005416355},""R2_stop_distance_pct"":{""value"":5.53708987274655,""score"":100.0},""R3_stop_distance_atr"":{""value"":1.1785686324616134,""score"":83.92843162308067},""R4_rr_potential"":{""value"":2.9522209310270218,""score"":97.6110465513511},""_score"":75.68},""market"":{""M1_spy_regime"":{""score"":100.0},""M3_earnings_risk"":{""value"":null,""score"":80.0},""M4_vix"":{""value"":null,""score"":60.0},""_score"":84.0},""liquidity"":{""L1_price"":{""value"":188.6,""score"":100.0},""L2_dollar_vol"":{""value"":1839699565.679469,""score"":100.0},""L3_spread_proxy"":{""value"":0.033085896076352116,""score"":66.91410392364789},""L4_volume_zscore"":{""value"":-1.9432879623813177,""score"":100.0},""_score"":96.69},""pattern_structure"":{""top"":200.15,""top_touches"":2,""low_slope_per_bar"":0.32887166726554073,""lowest_low"":180.8701,""structural_low"":180.8701,""current_price"":188.28,""neckline_distance_pct"":0.06304440195453583,""base_bars"":40},""pattern_geometry_features"":{""top_touches"":2.0,""low_slope"":0.32887166726554073,""compression"":-0.14467785830046287,""atr_pct"":0.04698148007877594},""_schema_version"":""1.0""}",,,,,,,,,,
20260513T182534Z-d71724,2026-05-13T18:25:34.488073+00:00,WWD,double_bottom,forming,52.15,39.2,53.0,57.5,71.8,22.9,17.5,68.1,84.0,97.6,5.88,13.24,4.6,10.06,2.97,1.4,4.09,5.04,4.88,True,risk_unclear;reversal_trend_cap,366.46,387.19,346.7101,422.39,"{""trend"":{""T1_ema_stack"":{""value"":[false,true,true],""score"":66.66666666666666},""T2_ema50_slope"":{""value"":-0.019295193796553676,""score"":46.78413436724105},""T3_high_proximity"":{""value"":0.9087662740235586,""score"":54.38313701177927},""T4_rs_1m"":{""value"":-0.16079856772398615,""score"":0},""T5_rs_3m"":{""value"":-0.1328474926997001,""score"":0},""T6_adr_healthy"":{""value"":3.5910376267112007,""score"":100.0},""_score"":39.18},""geometry"":{""sub_low_similarity"":63.0,""sub_bounce_quality"":100,""sub_separation_fit"":0.0,""sub_right_bottom_reaction"":53.7,""sub_base_context"":30.0,""_score"":52.95},""compression"":{""VC1_atr_ratio"":{""value"":0.35912003866907605,""score"":100},""VC2_range_contraction"":{""value"":1.04818284294383,""score"":0},""VC3_range_pct_rank"":{""score"":70.0},""_score"":57.5},""sr_quality"":{""SR1_touches"":{""value"":5,""score"":100},""SR2_tightness"":{""value"":2.2512494394002656,""score"":63.22022284156456},""SR3_recency"":{""value"":232,""score"":0.0},""SR4_price_location"":{""score"":69.4205819922795},""SR5_reaction"":{""value"":2.3360461744296024,""score"":100},""_score"":71.84,""_levels_found"":8,""_target_level"":373.5556},""volume"":{""V1_rvol_day"":{""value"":0.35427369248521806,""score"":0},""V2_rvol_sameslot"":{""value"":0.7997779752172274,""score"":19.985198347815157,""status"":""ok""},""V3_breakout_bar"":{""value"":1.245375380072623,""score"":49.691692004841535},""V4_base_dryup"":{""value"":1.1780090126107736,""score"":32.19909873892264},""V5_bo_expansion"":{""value"":0.35427369248521806,""score"":0},""_score"":22.86},""readiness"":{""_distance_atr"":1.693,""BR1_atr_distance"":{""score"":0},""BR2_compression"":{""score"":0},""BR3_retest"":{""score"":50.0},""BR4_bo_age"":{""score"":50.0},""_score"":17.5},""risk"":{""R1_stop_clarity"":{""score"":13.740475386104478},""R2_stop_distance_pct"":{""value"":5.389360366752165,""score"":100.0},""R3_stop_distance_atr"":{""value"":1.6133154087670478,""score"":100.0},""R4_rr_potential"":{""value"":2.8319202424322243,""score"":91.59601212161121},""_score"":68.13},""market"":{""M1_spy_regime"":{""score"":100.0},""M3_earnings_risk"":{""value"":null,""score"":80.0},""M4_vix"":{""value"":null,""score"":60.0},""_score"":84.0},""liquidity"":{""L1_price"":{""value"":366.46,""score"":100.0},""L2_dollar_vol"":{""value"":113376663.71172519,""score"":100.0},""L3_spread_proxy"":{""value"":0.024095399225017695,""score"":75.9046007749823},""L4_volume_zscore"":{""value"":-1.34825837634026,""score"":100.0},""_score"":97.59},""pattern_structure"":{""left_low"":351.99,""left_idx"":28,""right_low"":358.56,""right_idx"":76,""separation_bars"":48,""structural_low"":351.99,""current_price"":365.805,""neckline_distance_pct"":0.0584601085277675,""base_bars"":48},""pattern_geometry_features"":{""low_similarity_pct"":0.018492716909436335,""bounce_pct"":0.1000028409898008,""right_bottom_reaction"":0.5368063420158571,""atr_pct"":0.033405497384239966},""_schema_version"":""1.0""}",,,,,,,,,,
20260513T182534Z-d71724,2026-05-13T18:25:34.488073+00:00,PL,ascending_triangle,absent,51.93,96.2,41.3,52.3,40.1,10.2,42.3,47.7,84.0,91.7,14.43,11.57,4.18,5.62,1.22,3.38,1.91,5.04,4.59,True,stop_too_wide,40.47,43.12,34.4061,51.31,"{""trend"":{""T1_ema_stack"":{""value"":[true,true,true],""score"":100.0},""T2_ema50_slope"":{""value"":0.5811315360490699,""score"":100},""T3_high_proximity"":{""value"":0.9672562141491394,""score"":83.6281070745697},""T4_rs_1m"":{""value"":0.12318493720913071,""score"":100},""T5_rs_3m"":{""value"":0.7958549647171533,""score"":100},""T6_adr_healthy"":{""value"":9.08518625668091,""score"":72.87034358297726},""_score"":96.19},""geometry"":{""sub_flat_top_quality"":33.3,""sub_hl_slope"":54.4,""sub_compression"":0,""sub_duration"":100.0,""_score"":41.31},""compression"":{""VC1_atr_ratio"":{""value"":0.5967061949905295,""score"":100},""VC2_range_contraction"":{""value"":1.1274551812338796,""score"":0},""VC3_range_pct_rank"":{""score"":49.16666666666667},""_score"":52.29},""sr_quality"":{""SR1_touches"":{""value"":2,""score"":25.0},""SR2_tightness"":{""value"":0.5800000000000018,""score"":67.68184929871195},""SR3_recency"":{""value"":248,""score"":0.0},""SR4_price_location"":{""score"":30.0},""SR5_reaction"":{""value"":2.3813740786142996,""score"":100},""_score"":40.15,""_levels_found"":5,""_target_level"":37.63},""volume"":{""V1_rvol_day"":{""value"":0.5970916380379734,""score"":6.472775869198226},""V2_rvol_sameslot"":{""value"":0.7315671770454875,""score"":15.437811803032497,""status"":""ok""},""V3_breakout_bar"":{""value"":0.47166216740937245,""score"":0},""V4_base_dryup"":{""value"":1.2106823520880188,""score"":28.93176479119812},""V5_bo_expansion"":{""value"":0.5970916380379734,""score"":0},""_score"":10.17},""readiness"":{""_distance_atr"":0.738,""BR1_atr_distance"":{""score"":50.77982795493504},""BR2_compression"":{""score"":17.860743222241016},""BR3_retest"":{""score"":50.0},""BR4_bo_age"":{""score"":50.0},""_score"":42.28},""risk"":{""R1_stop_clarity"":{""score"":70.80500851734517},""R2_stop_distance_pct"":{""value"":14.983815171732143,""score"":0.0},""R3_stop_distance_atr"":{""value"":1.6894452581471986,""score"":100.0},""R4_rr_potential"":{""value"":1.7876136841497703,""score"":39.380684207488514},""_score"":47.66},""market"":{""M1_spy_regime"":{""score"":100.0},""M3_earnings_risk"":{""value"":null,""score"":80.0},""M4_vix"":{""value"":null,""score"":60.0},""_score"":84.0},""liquidity"":{""L1_price"":{""value"":40.47,""score"":100.0},""L2_dollar_vol"":{""value"":239638766.99605379,""score"":100.0},""L3_spread_proxy"":{""value"":0.08277736595008651,""score"":17.22263404991348},""L4_volume_zscore"":{""value"":-1.2922117816850092,""score"":100.0},""_score"":91.72},""pattern_structure"":{""top"":43.12,""top_touches"":2,""low_slope_per_bar"":0.05704982633407024,""lowest_low"":34.93,""structural_low"":34.93,""current_price"":40.505,""neckline_distance_pct"":0.06455993087273162,""base_bars"":44},""pattern_geometry_features"":{""top_touches"":2.0,""low_slope"":0.05704982633407024,""compression"":-0.20819136463487475,""atr_pct"":0.08869074093684916},""_schema_version"":""1.0""}",,,,,,,,,,
20260513T182534Z-d71724,2026-05-13T18:25:34.488073+00:00,HON,ascending_triangle,forming,51.9,22.6,65.1,62.9,61.7,13.5,38.3,49.3,84.0,98.4,3.39,18.22,5.03,8.63,1.62,3.07,1.97,5.04,4.92,True,risk_unclear;trend_floor,217.7,221.035,209.5637,229.315,"{""trend"":{""T1_ema_stack"":{""value"":[false,false,true],""score"":33.33333333333333},""T2_ema50_slope"":{""value"":-0.1962713446258276,""score"":17.288109229028734},""T3_high_proximity"":{""value"":0.8776810191904532,""score"":38.84050959522656},""T4_rs_1m"":{""value"":-0.13619149240780892,""score"":0},""T5_rs_3m"":{""value"":-0.17643692854294712,""score"":0},""T6_adr_healthy"":{""value"":2.294828714867899,""score"":100.0},""_score"":22.62},""geometry"":{""sub_flat_top_quality"":100,""sub_hl_slope"":36.7,""sub_compression"":36.3,""sub_duration"":100.0,""_score"":65.08},""compression"":{""VC1_atr_ratio"":{""value"":0.4985845019177907,""score"":100},""VC2_range_contraction"":{""value"":0.879532213923228,""score"":20.077964346128667},""VC3_range_pct_rank"":{""score"":63.33333333333333},""_score"":62.86},""sr_quality"":{""SR1_touches"":{""value"":4,""score"":75.0},""SR2_tightness"":{""value"":1.3000630398176845,""score"":43.96694038172188},""SR3_recency"":{""value"":249,""score"":0.0},""SR4_price_location"":{""score"":70.28649750283323},""SR5_reaction"":{""value"":2.2995499101051644,""score"":100},""_score"":61.67,""_levels_found"":7,""_target_level"":221.707},""volume"":{""V1_rvol_day"":{""value"":0.3173499924057592,""score"":0},""V2_rvol_sameslot"":{""value"":0.6805554862567046,""score"":12.03703241711364,""status"":""ok""},""V3_breakout_bar"":{""value"":0.5230118679026445,""score"":1.534124526842969},""V4_base_dryup"":{""value"":0.9625857150870182,""score"":53.74142849129818},""V5_bo_expansion"":{""value"":0.3173499924057591,""score"":0},""_score"":13.54},""readiness"":{""_distance_atr"":0.719,""BR1_atr_distance"":{""score"":52.08687371212299},""BR2_compression"":{""score"":0},""BR3_retest"":{""score"":50.0},""BR4_bo_age"":{""score"":50.0},""_score"":38.33},""risk"":{""R1_stop_clarity"":{""score"":0},""R2_stop_distance_pct"":{""value"":3.737402388608176,""score"":100.0},""R3_stop_distance_atr"":{""value"":1.753388758219835,""score"":100.0},""R4_rr_potential"":{""value"":1.427548678303781,""score"":21.377433915189048},""_score"":49.28},""market"":{""M1_spy_regime"":{""score"":100.0},""M3_earnings_risk"":{""value"":null,""score"":80.0},""M4_vix"":{""value"":null,""score"":60.0},""_score"":84.0},""liquidity"":{""L1_price"":{""value"":217.7,""score"":100.0},""L2_dollar_vol"":{""value"":268030827.2254004,""score"":100.0},""L3_spread_proxy"":{""value"":0.0159393661001378,""score"":84.0606338998622},""L4_volume_zscore"":{""value"":-2.03805887734111,""score"":100.0},""_score"":98.41},""pattern_structure"":{""top"":221.035,""top_touches"":4,""low_slope_per_bar"":0.23447411003236107,""lowest_low"":212.755,""structural_low"":212.755,""current_price"":217.5109,""neckline_distance_pct"":0.016201946661063903,""base_bars"":30},""pattern_geometry_features"":{""top_touches"":4.0,""low_slope"":0.23447411003236107,""compression"":0.18138455511751395,""atr_pct"":0.02131530940350418},""_schema_version"":""1.0""}",,,,,,,,,,
20260513T182534Z-d71724,2026-05-13T18:25:34.488073+00:00,QCOM,bull_flag,forming,51.77,92.8,64.5,1.9,35.2,6.2,28.8,83.9,84.0,94.2,12.99,19.36,0.17,3.52,0.86,2.59,2.52,5.04,4.71,False,,214.745,247.9,198.97,331.01,"{""trend"":{""T1_ema_stack"":{""value"":[true,true,true],""score"":100.0},""T2_ema50_slope"":{""value"":0.5048183420680828,""score"":100},""T3_high_proximity"":{""value"":0.9040752747021429,""score"":52.03763735107142},""T4_rs_1m"":{""value"":0.5470039628293899,""score"":100},""T5_rs_3m"":{""value"":0.44915314622332514,""score"":100},""T6_adr_healthy"":{""value"":6.6685752994843055,""score"":100.0},""_score"":92.81},""geometry"":{""sub_pole_impulse"":100.0,""sub_flag_tightness"":45.9,""sub_flag_shallowness"":26.6,""sub_flag_drift"":51.6,""sub_flag_duration"":100.0,""_score"":64.53},""compression"":{""VC1_atr_ratio"":{""value"":1.5561540923914128,""score"":0},""VC2_range_contraction"":{""value"":3.132071383398184,""score"":0},""VC3_range_pct_rank"":{""score"":7.499999999999996},""_score"":1.87},""sr_quality"":{""SR1_touches"":{""value"":2,""score"":25.0},""SR2_tightness"":{""value"":0.5049999999999955,""score"":94.78804213208153},""SR3_recency"":{""value"":311,""score"":0.0},""SR4_price_location"":{""score"":30.0},""SR5_reaction"":{""value"":0.7965006900130918,""score"":39.82503450065459},""_score"":35.19,""_levels_found"":4,""_target_level"":183.945},""volume"":{""V1_rvol_day"":{""value"":0.6379283574353013,""score"":9.195223829020087},""V2_rvol_sameslot"":{""value"":0.8239603881716617,""score"":21.597359211444115,""status"":""ok""},""V3_breakout_bar"":{""value"":0.3834331273298981,""score"":0},""V4_base_dryup"":{""value"":3.6084538104553556,""score"":0},""V5_bo_expansion"":{""value"":0.6379283574353013,""score"":0},""_score"":6.16},""readiness"":{""_distance_atr"":1.711,""BR1_atr_distance"":{""score"":0},""BR2_compression"":{""score"":45.28801726185775},""BR3_retest"":{""score"":50.0},""BR4_bo_age"":{""score"":50.0},""_score"":28.82},""risk"":{""R1_stop_clarity"":{""score"":68.72825279248887},""R2_stop_distance_pct"":{""value"":7.3459219073785205,""score"":100.0},""R3_stop_distance_atr"":{""value"":0.8140458947169769,""score"":65.70229473584884},""R4_rr_potential"":{""value"":7.370206022187001,""score"":100.0},""_score"":83.91},""market"":{""M1_spy_regime"":{""score"":100.0},""M3_earnings_risk"":{""value"":null,""score"":80.0},""M4_vix"":{""value"":null,""score"":60.0},""_score"":84.0},""liquidity"":{""L1_price"":{""value"":214.745,""score"":100.0},""L2_dollar_vol"":{""value"":3757530658.544774,""score"":100.0},""L3_spread_proxy"":{""value"":0.05746350322475496,""score"":42.53649677524504},""L4_volume_zscore"":{""value"":-0.6307477530181081,""score"":100.0},""_score"":94.25},""pattern_structure"":{""pole_low"":164.79,""pole_low_idx"":20,""peak_price"":247.9,""peak_idx"":44,""pole_gain"":0.5043388555130773,""flag_bars"":15,""flag_low"":202.0,""flag_high"":242.55,""structural_low"":202.0,""current_price"":218.09,""neckline_distance_pct"":0.1366866889816131,""base_bars"":15},""pattern_geometry_features"":{""pole_gain"":0.5043388555130773,""pullback_pct"":0.18515530455828966,""flag_range_pct"":0.16357402178297706,""flag_drift_per_bar"":-0.009679984672120893,""atr_pct"":0.0902396530103811,""pole_atr_multiple"":5.5888829210708355},""_schema_version"":""1.0""}",,,,,,,,,,
20260513T182534Z-d71724,2026-05-13T18:25:34.488073+00:00,GD,vcp,absent,51.29,38.9,50.0,73.7,69.8,11.5,17.5,60.6,84.0,98.8,5.84,12.49,8.84,8.38,1.49,1.23,3.03,5.04,4.94,True,risk_unclear,340.8,356.42,332.7428,385.85,"{""trend"":{""T1_ema_stack"":{""value"":[true,false,true],""score"":66.66666666666666},""T2_ema50_slope"":{""value"":-0.09998342116015352,""score"":33.33609647330775},""T3_high_proximity"":{""value"":0.9308423467715503,""score"":65.42117338577513},""T4_rs_1m"":{""value"":-0.06685800404011855,""score"":0},""T5_rs_3m"":{""value"":-0.08942494218392683,""score"":5.287528908036585},""T6_adr_healthy"":{""value"":2.1496054910266356,""score"":100.0},""_score"":38.94},""geometry"":{""sub_contraction_count"":100.0,""sub_reduction_rate"":0,""sub_pivot_tightness"":68.3,""sub_volume_dryup"":7.4,""sub_base_depth"":36.3,""sub_base_duration"":100.0,""_score"":49.98},""compression"":{""VC1_atr_ratio"":{""value"":0.26744068997565296,""score"":100},""VC2_range_contraction"":{""value"":0.8188041013633861,""score"":30.199316439435652},""VC3_range_pct_rank"":{""score"":92.5},""_score"":73.69},""sr_quality"":{""SR1_touches"":{""value"":5,""score"":100},""SR2_tightness"":{""value"":1.60492492036233,""score"":63.365316590039036},""SR3_recency"":{""value"":259,""score"":0.0},""SR4_price_location"":{""score"":75.33809373230493},""SR5_reaction"":{""value"":1.5285344055226864,""score"":76.42672027613432},""_score"":69.8,""_levels_found"":5,""_target_level"":342.896},""volume"":{""V1_rvol_day"":{""value"":0.2683477807889617,""score"":0},""V2_rvol_sameslot"":{""value"":0.48065427724505577,""score"":0,""status"":""ok""},""V3_breakout_bar"":{""value"":0.6517919654427551,""score"":10.119464362850339},""V4_base_dryup"":{""value"":1.0520138362118767,""score"":44.798616378812326},""V5_bo_expansion"":{""value"":0.26834778078896177,""score"":0},""_score"":11.49},""readiness"":{""_distance_atr"":1.783,""BR1_atr_distance"":{""score"":0},""BR2_compression"":{""score"":0},""BR3_retest"":{""score"":50.0},""BR4_bo_age"":{""score"":50.0},""_score"":17.5},""risk"":{""R1_stop_clarity"":{""score"":0},""R2_stop_distance_pct"":{""value"":2.3641872065727805,""score"":100.0},""R3_stop_distance_atr"":{""value"":0.9195792765493667,""score"":70.97896382746833},""R4_rr_potential"":{""value"":5.59130709990503,""score"":100.0},""_score"":60.65},""market"":{""M1_spy_regime"":{""score"":100.0},""M3_earnings_risk"":{""value"":null,""score"":80.0},""M4_vix"":{""value"":null,""score"":60.0},""_score"":84.0},""liquidity"":{""L1_price"":{""value"":340.8,""score"":100.0},""L2_dollar_vol"":{""value"":143591046.8420352,""score"":100.0},""L3_spread_proxy"":{""value"":0.011619718309859094,""score"":88.3802816901409},""L4_volume_zscore"":{""value"":-1.893939342516509,""score"":100.0},""_score"":98.84},""pattern_structure"":{""n_contractions"":5,""contractions_pct"":[3.02,6.41,5.35,4.84,5.22],""descending_strict"":false,""final_low"":337.81,""final_pivot"":356.42,""structural_low"":337.81,""dry_up_ratio"":0.9632429039598905,""current_price"":340.8,""neckline_distance_pct"":0.045833333333333344,""base_bars"":49,""recent_base_height"":29.430000000000007},""pattern_geometry_features"":{""contraction_count"":5.0,""first_contraction_pct"":0.03024073573167435,""last_contraction_pct"":0.0522136804893104,""dry_up_ratio"":0.9632429039598905,""near_monotone"":0.0,""base_depth_pct"":0.08625912902353255},""_schema_version"":""1.0""}",,,,,,,,,,
20260513T182534Z-d71724,2026-05-13T18:25:34.488073+00:00,UEC,bull_flag,absent,51.17,71.3,44.8,55.8,58.4,13.2,33.9,81.8,84.0,89.8,9.98,13.43,5.02,5.84,1.85,3.05,2.45,5.04,4.49,False,,15.525,16.8281,14.5681,19.5262,"{""trend"":{""T1_ema_stack"":{""value"":[true,true,true],""score"":100.0},""T2_ema50_slope"":{""value"":0.13674777572341437,""score"":72.79129595390239},""T3_high_proximity"":{""value"":0.9426229508196722,""score"":71.31147540983606},""T4_rs_1m"":{""value"":0.02916127290213666,""score"":79.16127290213666},""T5_rs_3m"":{""value"":-0.09701400560835127,""score"":1.4929971958243655},""T6_adr_healthy"":{""value"":6.9669744430602725,""score"":100.0},""_score"":71.31},""geometry"":{""sub_pole_impulse"":36.5,""sub_flag_tightness"":35.3,""sub_flag_shallowness"":0,""sub_flag_drift"":100,""sub_flag_duration"":100.0,""_score"":44.77},""compression"":{""VC1_atr_ratio"":{""value"":0.49595502266116587,""score"":100},""VC2_range_contraction"":{""value"":1.0959835174292196,""score"":0},""VC3_range_pct_rank"":{""score"":63.33333333333333},""_score"":55.83},""sr_quality"":{""SR1_touches"":{""value"":3,""score"":50.0},""SR2_tightness"":{""value"":0.3271425105702748,""score"":45.72629495083547},""SR3_recency"":{""value"":237,""score"":0.0},""SR4_price_location"":{""score"":94.11146766026246},""SR5_reaction"":{""value"":1.7405919553169722,""score"":87.0295977658486},""_score"":58.44,""_levels_found"":5,""_target_level"":15.5933},""volume"":{""V1_rvol_day"":{""value"":0.450353723973817,""score"":0},""V2_rvol_sameslot"":{""value"":0.6068731287572512,""score"":7.124875250483413,""status"":""ok""},""V3_breakout_bar"":{""value"":0.37797435252736056,""score"":0},""V4_base_dryup"":{""value"":0.9097412996860867,""score"":59.02587003139133},""V5_bo_expansion"":{""value"":0.450353723973817,""score"":0},""_score"":13.23},""readiness"":{""_distance_atr"":1.081,""BR1_atr_distance"":{""score"":27.937557522683264},""BR2_compression"":{""score"":20.723055807473077},""BR3_retest"":{""score"":50.0},""BR4_bo_age"":{""score"":50.0},""_score"":33.86},""risk"":{""R1_stop_clarity"":{""score"":63.194567883678786},""R2_stop_distance_pct"":{""value"":6.163285024154596,""score"":100.0},""R3_stop_distance_atr"":{""value"":0.7937182267410866,""score"":64.68591133705432},""R4_rr_potential"":{""value"":4.181637665255778,""score"":100.0},""_score"":81.82},""market"":{""M1_spy_regime"":{""score"":100.0},""M3_earnings_risk"":{""value"":null,""score"":80.0},""M4_vix"":{""value"":null,""score"":60.0},""_score"":84.0},""liquidity"":{""L1_price"":{""value"":15.525,""score"":100.0},""L2_dollar_vol"":{""value"":62204332.0813362,""score"":89.6910315605096},""L3_spread_proxy"":{""value"":0.06054106280193235,""score"":39.45893719806765},""L4_volume_zscore"":{""value"":-2.432776193587085,""score"":100.0},""_score"":89.82},""pattern_structure"":{""pole_low"":14.13,""pole_low_idx"":25,""peak_price"":16.8281,""peak_idx"":49,""pole_gain"":0.19094833687190363,""flag_bars"":10,""flag_low"":14.79,""flag_high"":16.0383,""structural_low"":14.79,""current_price"":15.685,""neckline_distance_pct"":0.07287854638189344,""base_bars"":10},""pattern_geometry_features"":{""pole_gain"":0.19094833687190363,""pullback_pct"":0.12111290044627737,""flag_range_pct"":0.07417949738829699,""flag_drift_per_bar"":0.004998831155031375,""atr_pct"":0.07765079365079365,""pole_atr_multiple"":2.4590648452432395},""_schema_version"":""1.0""}",,,,,,,,,,
20260513T182534Z-d71724,2026-05-13T18:25:34.488073+00:00,MCHP,bull_flag,absent,50.99,95.9,42.0,49.0,43.0,17.4,20.0,73.6,84.0,96.1,13.42,12.59,4.41,4.3,2.43,1.8,2.21,5.04,4.8,False,,97.245,105.91,93.0037,118.2025,"{""trend"":{""T1_ema_stack"":{""value"":[true,true,true],""score"":100.0},""T2_ema50_slope"":{""value"":0.6979984286883576,""score"":100},""T3_high_proximity"":{""value"":0.9448600855033036,""score"":72.43004275165177},""T4_rs_1m"":{""value"":0.23573717167527408,""score"":100},""T5_rs_3m"":{""value"":0.1308433458724596,""score"":100},""T6_adr_healthy"":{""value"":4.100271109293209,""score"":100.0},""_score"":95.86},""geometry"":{""sub_pole_impulse"":46.9,""sub_flag_tightness"":19.0,""sub_flag_shallowness"":0,""sub_flag_drift"":96.0,""sub_flag_duration"":87.5,""_score"":41.97},""compression"":{""VC1_atr_ratio"":{""value"":0.5216810442428099,""score"":100},""VC2_range_contraction"":{""value"":1.2589021018541662,""score"":0},""VC3_range_pct_rank"":{""score"":35.83333333333333},""_score"":48.96},""sr_quality"":{""SR1_touches"":{""value"":2,""score"":25.0},""SR2_tightness"":{""value"":0.30000000000000426,""score"":86.48646474656472},""SR3_recency"":{""value"":234,""score"":0.0},""SR4_price_location"":{""score"":30.0},""SR5_reaction"":{""value"":2.5281572203301477,""score"":100},""_score"":42.97,""_levels_found"":6,""_target_level"":83.65},""volume"":{""V1_rvol_day"":{""value"":0.4764007224818883,""score"":0},""V2_rvol_sameslot"":{""value"":1.1832034353978766,""score"":45.54689569319177,""status"":""ok""},""V3_breakout_bar"":{""value"":0.8291482880642809,""score"":21.94321920428539},""V4_base_dryup"":{""value"":1.3620116222802836,""score"":13.798837771971634},""V5_bo_expansion"":{""value"":0.4764007224818883,""score"":0},""_score"":17.35},""readiness"":{""_distance_atr"":1.952,""BR1_atr_distance"":{""score"":0},""BR2_compression"":{""score"":9.892335054665063},""BR3_retest"":{""score"":50.0},""BR4_bo_age"":{""score"":50.0},""_score"":19.97},""risk"":{""R1_stop_clarity"":{""score"":36.20260006853261},""R2_stop_distance_pct"":{""value"":4.361458172656701,""score"":100.0},""R3_stop_distance_atr"":{""value"":0.9552492845065733,""score"":72.76246422532866},""R4_rr_potential"":{""value"":4.941291585127186,""score"":100.0},""_score"":73.59},""market"":{""M1_spy_regime"":{""score"":100.0},""M3_earnings_risk"":{""value"":null,""score"":80.0},""M4_vix"":{""value"":null,""score"":60.0},""_score"":84.0},""liquidity"":{""L1_price"":{""value"":97.245,""score"":100.0},""L2_dollar_vol"":{""value"":541844154.5394181,""score"":100.0},""L3_spread_proxy"":{""value"":0.039179392256671317,""score"":60.82060774332869},""L4_volume_zscore"":{""value"":-1.5494271087067435,""score"":100.0},""_score"":96.08},""pattern_structure"":{""pole_low"":93.6175,""pole_low_idx"":14,""peak_price"":105.91,""peak_idx"":38,""pole_gain"":0.13130557855101865,""flag_bars"":21,""flag_low"":94.42,""flag_high"":101.175,""structural_low"":94.42,""current_price"":97.85,""neckline_distance_pct"":0.08237097598364847,""base_bars"":21},""pattern_geometry_features"":{""pole_gain"":0.13130557855101865,""pullback_pct"":0.10848833915588703,""flag_range_pct"":0.0637805684071381,""flag_drift_per_bar"":-0.000795612154835455,""atr_pct"":0.04565780098866632,""pole_atr_multiple"":2.8758629567729894},""_schema_version"":""1.0""}",,,,,,,,,,
20260513T182534Z-d71724,2026-05-13T18:25:34.488073+00:00,AMAT,bull_flag,absent,50.94,96.8,35.7,32.2,57.5,16.5,43.3,65.4,84.0,96.3,13.55,10.71,2.9,5.75,2.32,3.89,1.96,5.04,4.82,False,,438.38,448.45,410.3116,490.89,"{""trend"":{""T1_ema_stack"":{""value"":[true,true,true],""score"":100.0},""T2_ema50_slope"":{""value"":0.3448580984343627,""score"":100},""T3_high_proximity"":{""value"":0.9881880889049186,""score"":94.09404445245929},""T4_rs_1m"":{""value"":0.03846265799970028,""score"":88.46265799970027},""T5_rs_3m"":{""value"":0.2163790676405868,""score"":100},""T6_adr_healthy"":{""value"":3.323596652039652,""score"":100.0},""_score"":96.81},""geometry"":{""sub_pole_impulse"":35.7,""sub_flag_tightness"":0,""sub_flag_shallowness"":0,""sub_flag_drift"":100,""sub_flag_duration"":100.0,""_score"":35.71},""compression"":{""VC1_atr_ratio"":{""value"":0.7865264632687856,""score"":53.368384182803595},""VC2_range_contraction"":{""value"":1.2376621929867986,""score"":0},""VC3_range_pct_rank"":{""score"":43.333333333333336},""_score"":32.18},""sr_quality"":{""SR1_touches"":{""value"":4,""score"":75.0},""SR2_tightness"":{""value"":1.5960028195463891,""score"":83.08197664792232},""SR3_recency"":{""value"":233,""score"":0.0},""SR4_price_location"":{""score"":30.0},""SR5_reaction"":{""value"":2.227376802420489,""score"":100},""_score"":57.46,""_levels_found"":5,""_target_level"":378.265},""volume"":{""V1_rvol_day"":{""value"":0.5150145099358098,""score"":1.0009673290539847},""V2_rvol_sameslot"":{""value"":1.067938715428645,""score"":37.86258102857634,""status"":""ok""},""V3_breakout_bar"":{""value"":0.5892571825984347,""score"":5.9504788398956485},""V4_base_dryup"":{""value"":1.1358976308374138,""score"":36.41023691625862},""V5_bo_expansion"":{""value"":0.5150145099358098,""score"":0},""_score"":16.54},""readiness"":{""_distance_atr"":0.534,""BR1_atr_distance"":{""score"":64.41850580943992},""BR2_compression"":{""score"":0},""BR3_retest"":{""score"":50.0},""BR4_bo_age"":{""score"":50.0},""_score"":43.27},""risk"":{""R1_stop_clarity"":{""score"":33.765419572900925},""R2_stop_distance_pct"":{""value"":6.402755600164241,""score"":100.0},""R3_stop_distance_atr"":{""value"":1.4876597987164606,""score"":99.38298993582303},""R4_rr_potential"":{""value"":1.870787077282638,""score"":43.539353864131904},""_score"":65.43},""market"":{""M1_spy_regime"":{""score"":100.0},""M3_earnings_risk"":{""value"":null,""score"":80.0},""M4_vix"":{""value"":null,""score"":60.0},""_score"":84.0},""liquidity"":{""L1_price"":{""value"":438.38,""score"":100.0},""L2_dollar_vol"":{""value"":1402870048.217397,""score"":100.0},""L3_spread_proxy"":{""value"":0.036771750536064615,""score"":63.228249463935384},""L4_volume_zscore"":{""value"":-1.6138655233335566,""score"":100.0},""_score"":96.32},""pattern_structure"":{""pole_low"":406.01,""pole_low_idx"":34,""peak_price"":448.45,""peak_idx"":48,""pole_gain"":0.10452944508755942,""flag_bars"":11,""flag_low"":416.56,""flag_high"":446.27,""structural_low"":416.56,""current_price"":435.485,""neckline_distance_pct"":0.029771404296359175,""base_bars"":11},""pattern_geometry_features"":{""pole_gain"":0.10452944508755942,""pullback_pct"":0.0711116066451109,""flag_range_pct"":0.06625041810681231,""flag_drift_per_bar"":0.0010998145223664294,""atr_pct"":0.04303911153402465,""pole_atr_multiple"":2.428708246101304},""_schema_version"":""1.0""}",,,,,,,,,,
20260513T182534Z-d71724,2026-05-13T18:25:34.488073+00:00,AMAT,vcp,setup,50.9,96.8,35.0,32.2,57.5,23.7,33.9,31.2,84.0,96.3,14.52,8.75,3.86,6.9,3.08,2.37,1.56,5.04,4.82,True,stop_too_wide,438.38,420.4999,371.4139,520.3098,"{""trend"":{""T1_ema_stack"":{""value"":[true,true,true],""score"":100.0},""T2_ema50_slope"":{""value"":0.3448580984343627,""score"":100},""T3_high_proximity"":{""value"":0.9881880889049186,""score"":94.09404445245929},""T4_rs_1m"":{""value"":0.03846265799970028,""score"":88.46265799970027},""T5_rs_3m"":{""value"":0.2163790676405868,""score"":100},""T6_adr_healthy"":{""value"":3.323596652039652,""score"":100.0},""_score"":96.81},""geometry"":{""sub_contraction_count"":100.0,""sub_reduction_rate"":0,""sub_pivot_tightness"":0,""sub_volume_dryup"":0,""sub_base_depth"":0.0,""sub_base_duration"":100.0,""_score"":35.0},""compression"":{""VC1_atr_ratio"":{""value"":0.7865264632687856,""score"":53.368384182803595},""VC2_range_contraction"":{""value"":1.2376621929867986,""score"":0},""VC3_range_pct_rank"":{""score"":43.333333333333336},""_score"":32.18},""sr_quality"":{""SR1_touches"":{""value"":4,""score"":75.0},""SR2_tightness"":{""value"":1.5960028195463891,""score"":83.08197664792232},""SR3_recency"":{""value"":233,""score"":0.0},""SR4_price_location"":{""score"":30.0},""SR5_reaction"":{""value"":2.227376802420489,""score"":100},""_score"":57.46,""_levels_found"":5,""_target_level"":378.265},""volume"":{""V1_rvol_day"":{""value"":0.5150145099358098,""score"":1.0009673290539847},""V2_rvol_sameslot"":{""value"":1.067938715428645,""score"":37.86258102857634,""status"":""ok""},""V3_breakout_bar"":{""value"":0.5892571825984347,""score"":5.9504788398956485},""V4_base_dryup"":{""value"":0.7770040597791215,""score"":72.29959402208786},""V5_bo_expansion"":{""value"":0.5150145099358098,""score"":0},""_score"":23.72},""readiness"":{""_distance_atr"":-0.948,""BR1_atr_distance"":{""score"":41.04665319930588},""BR2_compression"":{""score"":0},""BR3_retest"":{""score"":50.0},""BR4_bo_age"":{""score"":50.0},""_score"":33.92},""risk"":{""R1_stop_clarity"":{""score"":40.04447560580419},""R2_stop_distance_pct"":{""value"":15.275799534650304,""score"":0.0},""R3_stop_distance_atr"":{""value"":3.549283196186332,""score"":100.0},""R4_rr_potential"":{""value"":1.2234527794307712,""score"":11.172638971538563},""_score"":31.25},""market"":{""M1_spy_regime"":{""score"":100.0},""M3_earnings_risk"":{""value"":null,""score"":80.0},""M4_vix"":{""value"":null,""score"":60.0},""_score"":84.0},""liquidity"":{""L1_price"":{""value"":438.38,""score"":100.0},""L2_dollar_vol"":{""value"":1402870048.217397,""score"":100.0},""L3_spread_proxy"":{""value"":0.036771750536064615,""score"":63.228249463935384},""L4_volume_zscore"":{""value"":-1.6138655233335566,""score"":100.0},""_score"":96.32},""pattern_structure"":{""n_contractions"":5,""contractions_pct"":[20.03,4.84,15.61,6.78,10.33],""descending_strict"":false,""final_low"":377.07,""final_pivot"":420.4999,""structural_low"":377.07,""dry_up_ratio"":1.2188424847646226,""current_price"":438.38,""neckline_distance_pct"":-0.04078676034490618,""base_bars"":44,""recent_base_height"":99.80990000000003},""pattern_geometry_features"":{""contraction_count"":5.0,""first_contraction_pct"":0.20025255714105308,""last_contraction_pct"":0.10328159412166335,""dry_up_ratio"":1.2188424847646226,""near_monotone"":0.0,""base_depth_pct"":0.047682788230837214},""_schema_version"":""1.0""}",,,,,,,,,,
20260513T182534Z-d71724,2026-05-13T18:25:34.488073+00:00,LRCX,high_tight_pullback,absent,50.79,94.8,42.9,44.7,41.7,9.1,53.3,66.4,84.0,96.3,11.37,15.02,4.47,3.33,1.27,4.8,0.66,5.04,4.82,False,,297.83,300.0,273.6034,342.795,"{""trend"":{""T1_ema_stack"":{""value"":[true,true,true],""score"":100.0},""T2_ema50_slope"":{""value"":0.38396761100409943,""score"":100},""T3_high_proximity"":{""value"":1.0,""score"":99.99999999999997},""T4_rs_1m"":{""value"":0.02375038162898324,""score"":73.75038162898323},""T5_rs_3m"":{""value"":0.1932857690550882,""score"":100},""T6_adr_healthy"":{""value"":3.884587185930676,""score"":100.0},""_score"":94.75},""geometry"":{""sub_pole_impulse"":64.9,""sub_flag_tightness"":28.4,""sub_flag_shallowness"":10.9,""sub_flag_drift"":94.5,""sub_flag_duration"":0.0,""_score"":42.92},""compression"":{""VC1_atr_ratio"":{""value"":0.6926273858172743,""score"":76.8431535456814},""VC2_range_contraction"":{""value"":1.0170691162996028,""score"":0},""VC3_range_pct_rank"":{""score"":55.833333333333336},""_score"":44.7},""sr_quality"":{""SR1_touches"":{""value"":2,""score"":25.0},""SR2_tightness"":{""value"":1.1699999999999875,""score"":83.01710730948697},""SR3_recency"":{""value"":236,""score"":0.0},""SR4_price_location"":{""score"":30.0},""SR5_reaction"":{""value"":1.8964230171073082,""score"":94.82115085536542},""_score"":41.68,""_levels_found"":8,""_target_level"":274.67},""volume"":{""V1_rvol_day"":{""value"":0.35635647418436456,""score"":0},""V2_rvol_sameslot"":{""value"":0.5928175913717817,""score"":6.187839424785446,""status"":""ok""},""V3_breakout_bar"":{""value"":0.5555533131278511,""score"":3.703554208523404},""V4_base_dryup"":{""value"":1.1534369116736285,""score"":34.65630883263715},""V5_bo_expansion"":{""value"":0.3563564741843645,""score"":0},""_score"":9.09},""readiness"":{""_distance_atr"":0.157,""BR1_atr_distance"":{""score"":89.50060480387067},""BR2_compression"":{""score"":0},""BR3_retest"":{""score"":50.0},""BR4_bo_age"":{""score"":50.0},""_score"":53.3},""risk"":{""R1_stop_clarity"":{""score"":39.52130637636041},""R2_stop_distance_pct"":{""value"":8.134355169056185,""score"":96.64112077359536},""R3_stop_distance_atr"":{""value"":1.7582773457750143,""score"":100.0},""R4_rr_potential"":{""value"":1.8560215961414221,""score"":42.801079807071105},""_score"":66.39},""market"":{""M1_spy_regime"":{""score"":100.0},""M3_earnings_risk"":{""value"":null,""score"":80.0},""M4_vix"":{""value"":null,""score"":60.0},""_score"":84.0},""liquidity"":{""L1_price"":{""value"":297.83,""score"":100.0},""L2_dollar_vol"":{""value"":984688226.3371677,""score"":100.0},""L3_spread_proxy"":{""value"":0.03666521169794855,""score"":63.33478830205145},""L4_volume_zscore"":{""value"":-2.3215560309191443,""score"":100.0},""_score"":96.33},""pattern_structure"":{""pole_low"":257.205,""pole_low_idx"":19,""peak_price"":300.0,""peak_idx"":44,""pole_gain"":0.166384790342334,""flag_bars"":15,""flag_low"":277.77,""flag_high"":299.22,""structural_low"":277.77,""current_price"":296.55,""neckline_distance_pct"":0.01163378856853815,""base_bars"":15},""pattern_geometry_features"":{""pole_gain"":0.166384790342334,""pullback_pct"":0.07410000000000005,""flag_range_pct"":0.07150000000000015,""flag_drift_per_bar"":-0.0011090601440373637,""atr_pct"":0.046263208637717615,""pole_atr_multiple"":3.596481853329198},""_schema_version"":""1.0""}",,,,,,,,,,
20260513T182534Z-d71724,2026-05-13T18:25:34.488073+00:00,CRS,vcp,absent,50.58,75.0,43.5,50.2,47.2,10.9,24.1,76.5,84.0,95.8,11.26,10.88,6.03,5.66,1.42,1.69,3.82,5.04,4.79,False,,433.44,459.18,408.9818,552.98,"{""trend"":{""T1_ema_stack"":{""value"":[true,true,true],""score"":100.0},""T2_ema50_slope"":{""value"":0.27499005564631845,""score"":95.83167594105308},""T3_high_proximity"":{""value"":0.9460450497642744,""score"":73.02252488213718},""T4_rs_1m"":{""value"":-0.08177997392621383,""score"":0},""T5_rs_3m"":{""value"":0.09898096226463093,""score"":99.49048113231547},""T6_adr_healthy"":{""value"":4.699334827373535,""score"":100.0},""_score"":75.04},""geometry"":{""sub_contraction_count"":100.0,""sub_reduction_rate"":9.6,""sub_pivot_tightness"":6.0,""sub_volume_dryup"":34.8,""sub_base_depth"":0.0,""sub_base_duration"":100.0,""_score"":43.52},""compression"":{""VC1_atr_ratio"":{""value"":0.4243799430334762,""score"":100},""VC2_range_contraction"":{""value"":1.0028937457616371,""score"":0},""VC3_range_pct_rank"":{""score"":40.833333333333336},""_score"":50.21},""sr_quality"":{""SR1_touches"":{""value"":2,""score"":25.0},""SR2_tightness"":{""value"":3.759999999999991,""score"":63.40449435077746},""SR3_recency"":{""value"":233,""score"":0.0},""SR4_price_location"":{""score"":60.627519415810795},""SR5_reaction"":{""value"":1.9998567881047937,""score"":99.99283940523969},""_score"":47.17,""_levels_found"":7,""_target_level"":446.24},""volume"":{""V1_rvol_day"":{""value"":0.3249959495298705,""score"":0},""V2_rvol_sameslot"":{""value"":0.4074546522225563,""score"":0,""status"":""ok""},""V3_breakout_bar"":{""value"":0.44825979381739145,""score"":0},""V4_base_dryup"":{""value"":0.9526571753718357,""score"":54.73428246281643},""V5_bo_expansion"":{""value"":0.32499594952987043,""score"":0},""_score"":10.95},""readiness"":{""_distance_atr"":1.253,""BR1_atr_distance"":{""score"":16.492170619593026},""BR2_compression"":{""score"":0},""BR3_retest"":{""score"":50.0},""BR4_bo_age"":{""score"":50.0},""_score"":24.1},""risk"":{""R1_stop_clarity"":{""score"":39.38236741776412},""R2_stop_distance_pct"":{""value"":5.642799464747149,""score"":100.0},""R3_stop_distance_atr"":{""value"":1.190237189487415,""score"":84.51185947437075},""R4_rr_potential"":{""value"":4.88753237673331,""score"":100.0},""_score"":76.46},""market"":{""M1_spy_regime"":{""score"":100.0},""M3_earnings_risk"":{""value"":null,""score"":80.0},""M4_vix"":{""value"":null,""score"":60.0},""_score"":84.0},""liquidity"":{""L1_price"":{""value"":433.44,""score"":100.0},""L2_dollar_vol"":{""value"":98010690.96340369,""score"":99.56367254644802},""L3_spread_proxy"":{""value"":0.04063699704688076,""score"":59.36300295311924},""L4_volume_zscore"":{""value"":-1.6143105769862958,""score"":100.0},""_score"":95.76},""pattern_structure"":{""n_contractions"":5,""contractions_pct"":[14.09,8.87,10.65,7.55,9.58],""descending_strict"":false,""final_low"":415.21,""final_pivot"":459.18,""structural_low"":415.21,""dry_up_ratio"":0.8261582851710713,""current_price"":433.44,""neckline_distance_pct"":0.059385382059800686,""base_bars"":30,""recent_base_height"":93.80000000000001},""pattern_geometry_features"":{""contraction_count"":5.0,""first_contraction_pct"":0.1408703948334067,""last_contraction_pct"":0.09575765495012854,""dry_up_ratio"":0.8261582851710713,""near_monotone"":0.0,""base_depth_pct"":-0.015729732374382327},""_schema_version"":""1.0""}",,,,,,,,,,
20260513T182534Z-d71724,2026-05-13T18:25:34.488073+00:00,TSEM,double_bottom,extended,50.0,100.0,76.1,27.8,41.6,60.4,28.2,37.5,84.0,83.4,15.0,19.03,2.22,5.83,7.85,2.26,2.25,5.04,4.17,True,stop_too_wide;price_extended_above_trigger,261.995,232.67,206.6136,255.58,"{""trend"":{""T1_ema_stack"":{""value"":[true,true,true],""score"":100.0},""T2_ema50_slope"":{""value"":0.5457952233482397,""score"":100},""T3_high_proximity"":{""value"":1.0,""score"":99.99999999999997},""T4_rs_1m"":{""value"":0.15408188189917893,""score"":100},""T5_rs_3m"":{""value"":0.8753584632772569,""score"":100},""T6_adr_healthy"":{""value"":6.772015939417374,""score"":100.0},""_score"":100.0},""geometry"":{""sub_low_similarity"":69.3,""sub_bounce_quality"":100,""sub_separation_fit"":6.7,""sub_right_bottom_reaction"":95.5,""sub_base_context"":100.0,""_score"":76.12},""compression"":{""VC1_atr_ratio"":{""value"":0.7513710184430448,""score"":62.1572453892388},""VC2_range_contraction"":{""value"":1.0366633196710149,""score"":0},""VC3_range_pct_rank"":{""score"":11.66666666666667},""_score"":27.78},""sr_quality"":{""SR1_touches"":{""value"":2,""score"":25.0},""SR2_tightness"":{""value"":1.9699999999999989,""score"":77.65543267483835},""SR3_recency"":{""value"":228,""score"":0.0},""SR4_price_location"":{""score"":30.0},""SR5_reaction"":{""value"":2.012142465655759,""score"":100},""_score"":41.65,""_levels_found"":5,""_target_level"":230.7},""volume"":{""V1_rvol_day"":{""value"":1.7575993747562697,""score"":83.83995831708465},""V2_rvol_sameslot"":{""value"":3.6780259065140894,""score"":100,""status"":""ok""},""V3_breakout_bar"":{""value"":1.4614678202685931,""score"":64.09785468457288},""V4_base_dryup"":{""value"":1.5348472577597048,""score"":0},""V5_bo_expansion"":{""value"":1.7575993747562697,""score"":50.506624983751315},""_score"":60.37},""readiness"":{""_distance_atr"":-1.663,""BR1_atr_distance"":{""score"":26.73835346140274},""BR2_compression"":{""score"":0},""BR3_retest"":{""score"":50.0},""BR4_bo_age"":{""score"":50.0},""_score"":28.2},""risk"":{""R1_stop_clarity"":{""score"":64.3122098315286},""R2_stop_distance_pct"":{""value"":21.138342334777384,""score"":0.0},""R3_stop_distance_atr"":{""value"":3.1407954844205794,""score"":100.0},""R4_rr_potential"":{""value"":-0.1158331136446536,""score"":0.0},""_score"":37.51},""market"":{""M1_spy_regime"":{""score"":100.0},""M3_earnings_risk"":{""value"":null,""score"":80.0},""M4_vix"":{""value"":null,""score"":60.0},""_score"":84.0},""liquidity"":{""L1_price"":{""value"":261.995,""score"":100.0},""L2_dollar_vol"":{""value"":1175128706.8457189,""score"":100.0},""L3_spread_proxy"":{""value"":0.09129907059295019,""score"":8.700929407049813},""L4_volume_zscore"":{""value"":2.297259485207413,""score"":70.0},""_score"":83.37},""pattern_structure"":{""left_low"":213.01,""left_idx"":29,""right_low"":209.76,""right_idx"":73,""separation_bars"":44,""structural_low"":209.76,""current_price"":264.16,""neckline_distance_pct"":-0.11920805572380389,""base_bars"":44},""pattern_geometry_features"":{""low_similarity_pct"":0.01537479007498167,""bounce_pct"":0.10922006102212051,""right_bottom_reaction"":0.9549071618037132,""atr_pct"":0.0673025112256777},""_schema_version"":""1.0""}",,,,,,,,,,
20260513T182534Z-d71724,2026-05-13T18:25:34.488073+00:00,STM,double_bottom,extended,50.0,100.0,80.4,1.7,43.5,46.0,31.6,29.2,84.0,94.7,15.0,20.11,0.13,6.09,5.98,2.52,1.75,5.04,4.73,True,stop_too_wide;price_extended_above_trigger,63.38,59.95,53.7908,65.29,"{""trend"":{""T1_ema_stack"":{""value"":[true,true,true],""score"":100.0},""T2_ema50_slope"":{""value"":0.8900360763698623,""score"":100},""T3_high_proximity"":{""value"":1.0,""score"":99.99999999999997},""T4_rs_1m"":{""value"":0.4800684100861963,""score"":100},""T5_rs_3m"":{""value"":0.7400186825985211,""score"":100},""T6_adr_healthy"":{""value"":3.885261889266666,""score"":100.0},""_score"":100.0},""geometry"":{""sub_low_similarity"":64.1,""sub_bounce_quality"":96.8,""sub_separation_fit"":60.0,""sub_right_bottom_reaction"":85.6,""sub_base_context"":100.0,""_score"":80.43},""compression"":{""VC1_atr_ratio"":{""value"":1.0113818753835624,""score"":0},""VC2_range_contraction"":{""value"":1.345186670877362,""score"":0},""VC3_range_pct_rank"":{""score"":6.666666666666665},""_score"":1.67},""sr_quality"":{""SR1_touches"":{""value"":3,""score"":50.0},""SR2_tightness"":{""value"":0.19510680835549116,""score"":85.8545037960804},""SR3_recency"":{""value"":268,""score"":0.0},""SR4_price_location"":{""score"":30.0},""SR5_reaction"":{""value"":1.0826860003452445,""score"":54.13430001726223},""_score"":43.5,""_levels_found"":4,""_target_level"":34.86},""volume"":{""V1_rvol_day"":{""value"":0.9099264441855811,""score"":27.328429612372073},""V2_rvol_sameslot"":{""value"":2.5710467925282368,""score"":100,""status"":""ok""},""V3_breakout_bar"":{""value"":1.4267580599111482,""score"":61.78387066074321},""V4_base_dryup"":{""value"":1.2464954517960845,""score"":25.350454820391548},""V5_bo_expansion"":{""value"":0.9099264441855811,""score"":0},""_score"":45.98},""readiness"":{""_distance_atr"":-1.243,""BR1_atr_distance"":{""score"":35.13205592957017},""BR2_compression"":{""score"":0},""BR3_retest"":{""score"":50.0},""BR4_bo_age"":{""score"":50.0},""_score"":31.55},""risk"":{""R1_stop_clarity"":{""score"":40.61056447436556},""R2_stop_distance_pct"":{""value"":15.129615020511208,""score"":0.0},""R3_stop_distance_atr"":{""value"":3.4761289487312292,""score"":100.0},""R4_rr_potential"":{""value"":0.19918345213079397,""score"":0.0},""_score"":29.21},""market"":{""M1_spy_regime"":{""score"":100.0},""M3_earnings_risk"":{""value"":null,""score"":80.0},""M4_vix"":{""value"":null,""score"":60.0},""_score"":84.0},""liquidity"":{""L1_price"":{""value"":63.38,""score"":100.0},""L2_dollar_vol"":{""value"":757479244.5624833,""score"":100.0},""L3_spread_proxy"":{""value"":0.053408015146733955,""score"":46.59198485326605},""L4_volume_zscore"":{""value"":-0.2893918948060356,""score"":100.0},""_score"":94.66},""pattern_structure"":{""left_low"":54.61,""left_idx"":37,""right_low"":55.6,""right_idx"":73,""separation_bars"":36,""structural_low"":54.61,""current_price"":63.66,""neckline_distance_pct"":-0.05827835375431973,""base_bars"":36},""pattern_geometry_features"":{""low_similarity_pct"":0.01796570184193815,""bounce_pct"":0.09778428859183307,""right_bottom_reaction"":0.8561151079136671,""atr_pct"":0.043524320425551086},""_schema_version"":""1.0""}",,,,,,,,,,
20260513T182534Z-d71724,2026-05-13T18:25:34.488073+00:00,CRWD,cup_with_handle,extended,50.0,100.0,66.9,46.2,51.9,19.8,17.5,11.8,84.0,89.4,14.0,20.07,3.7,6.23,2.57,1.4,0.59,4.2,4.47,True,stop_too_wide;price_extended_above_trigger,555.38,467.95,426.0618,611.78,"{""trend"":{""T1_ema_stack"":{""value"":[true,true,true],""score"":100.0},""T2_ema50_slope"":{""value"":0.29986639295486284,""score"":99.97773215914381},""T3_high_proximity"":{""value"":1.0,""score"":99.99999999999997},""T4_rs_1m"":{""value"":0.32414641825897994,""score"":100},""T5_rs_3m"":{""value"":0.26222901313251956,""score"":100},""T6_adr_healthy"":{""value"":3.6709430991539804,""score"":100.0},""_score"":100.0},""geometry"":{""sub_cup_depth"":84.4,""sub_cup_duration"":100.0,""sub_rim_symmetry"":23.5,""sub_handle_shallowness"":37.0,""sub_handle_proportion"":100.0,""sub_u_shape"":86.1,""_score"":66.9},""compression"":{""VC1_atr_ratio"":{""value"":0.7194135079581572,""score"":70.1466230104607},""VC2_range_contraction"":{""value"":0.8928170145346849,""score"":17.863830910885856},""VC3_range_pct_rank"":{""score"":47.5},""_score"":46.19},""sr_quality"":{""SR1_touches"":{""value"":3,""score"":50.0},""SR2_tightness"":{""value"":0.37932688922469104,""score"":96.12729218877534},""SR3_recency"":{""value"":297,""score"":0.0},""SR4_price_location"":{""score"":30.0},""SR5_reaction"":{""value"":2.5614790047516345,""score"":100},""_score"":51.92,""_levels_found"":5,""_target_level"":486.6833},""volume"":{""V1_rvol_day"":{""value"":0.4918866951346487,""score"":0},""V2_rvol_sameslot"":{""value"":0.7790350016413212,""score"":18.602333442754748,""status"":""ok""},""V3_breakout_bar"":{""value"":0.5035132545447081,""score"":0.23421696964720518},""V4_base_dryup"":{""value"":0.700091412187094,""score"":79.9908587812906},""V5_bo_expansion"":{""value"":0.4918866951346487,""score"":0},""_score"":19.78},""readiness"":{""_distance_atr"":-4.463,""BR1_atr_distance"":{""score"":0},""BR2_compression"":{""score"":0},""BR3_retest"":{""score"":50.0},""BR4_bo_age"":{""score"":50.0},""_score"":17.5},""risk"":{""R1_stop_clarity"":{""score"":33.75872586429135},""R2_stop_distance_pct"":{""value"":23.284642947171303,""score"":0.0},""R3_stop_distance_atr"":{""value"":6.601322119986215,""score"":0.0},""R4_rr_potential"":{""value"":0.43613333771528756,""score"":0.0},""_score"":11.82},""market"":{""M1_spy_regime"":{""score"":100.0},""M3_earnings_risk"":{""value"":null,""score"":80.0},""M4_vix"":{""value"":null,""score"":60.0},""_score"":84.0},""liquidity"":{""L1_price"":{""value"":555.38,""score"":72.31},""L2_dollar_vol"":{""value"":742009525.8145405,""score"":100.0},""L3_spread_proxy"":{""value"":0.036932730742914796,""score"":63.0672692570852},""L4_volume_zscore"":{""value"":-1.5295638100309767,""score"":100.0},""_score"":89.38},""pattern_structure"":{""left_rim"":486.55,""left_rim_idx"":92,""cup_bottom"":342.72,""cup_bottom_idx"":123,""right_rim"":467.95,""right_rim_idx"":164,""handle_low"":432.55,""handle_bars"":15,""cup_bars"":72,""structural_low"":432.55,""current_price"":555.38,""neckline_distance_pct"":-0.1574237459037056,""base_bars"":87},""pattern_geometry_features"":{""cup_depth_pct"":0.29561196177165755,""rim_symmetry_pct"":0.03822834241085196,""handle_depth_pct"":0.07564910781066349,""handle_to_cup_ratio"":0.20833333333333334,""cup_duration_bars"":72.0,""atr_pct"":0.03527269617199035,""u_shape_score"":0.4305555555555556},""_schema_version"":""1.0""}",,,,,,,,,,
20260513T182534Z-d71724,2026-05-13T18:25:34.488073+00:00,UEC,cup_with_handle,extended,50.0,71.3,54.5,55.8,58.4,12.0,40.6,38.7,84.0,89.8,9.98,16.34,4.47,7.01,1.56,3.25,1.94,4.2,4.49,True,stop_too_wide;price_extended_above_trigger,15.525,14.61,12.7755,17.565,"{""trend"":{""T1_ema_stack"":{""value"":[true,true,true],""score"":100.0},""T2_ema50_slope"":{""value"":0.13674777572341437,""score"":72.79129595390239},""T3_high_proximity"":{""value"":0.9426229508196722,""score"":71.31147540983606},""T4_rs_1m"":{""value"":0.02916127290213666,""score"":79.16127290213666},""T5_rs_3m"":{""value"":-0.09701400560835127,""score"":1.4929971958243655},""T6_adr_healthy"":{""value"":6.9669744430602725,""score"":100.0},""_score"":71.31},""geometry"":{""sub_cup_depth"":100.0,""sub_cup_duration"":84.0,""sub_rim_symmetry"":67.3,""sub_handle_shallowness"":6.5,""sub_handle_proportion"":35.3,""sub_u_shape"":23.8,""_score"":54.46},""compression"":{""VC1_atr_ratio"":{""value"":0.49595502266116587,""score"":100},""VC2_range_contraction"":{""value"":1.0959835174292196,""score"":0},""VC3_range_pct_rank"":{""score"":63.33333333333333},""_score"":55.83},""sr_quality"":{""SR1_touches"":{""value"":3,""score"":50.0},""SR2_tightness"":{""value"":0.3271425105702748,""score"":45.72629495083547},""SR3_recency"":{""value"":237,""score"":0.0},""SR4_price_location"":{""score"":94.11146766026246},""SR5_reaction"":{""value"":1.7405919553169722,""score"":87.0295977658486},""_score"":58.44,""_levels_found"":5,""_target_level"":15.5933},""volume"":{""V1_rvol_day"":{""value"":0.450353723973817,""score"":0},""V2_rvol_sameslot"":{""value"":0.6068731287572512,""score"":7.124875250483413,""status"":""ok""},""V3_breakout_bar"":{""value"":0.37797435252736056,""score"":0},""V4_base_dryup"":{""value"":0.9715601067907977,""score"":52.84398932092023},""V5_bo_expansion"":{""value"":0.450353723973817,""score"":0},""_score"":11.99},""readiness"":{""_distance_atr"":-0.759,""BR1_atr_distance"":{""score"":44.8199367201109},""BR2_compression"":{""score"":20.723055807473077},""BR3_retest"":{""score"":50.0},""BR4_bo_age"":{""score"":50.0},""_score"":40.61},""risk"":{""R1_stop_clarity"":{""score"":67.72370151800641},""R2_stop_distance_pct"":{""value"":17.710466988727852,""score"":0.0},""R3_stop_distance_atr"":{""value"":2.280783770011968,""score"":100.0},""R4_rr_potential"":{""value"":0.7419395901147453,""score"":0.0},""_score"":38.7},""market"":{""M1_spy_regime"":{""score"":100.0},""M3_earnings_risk"":{""value"":null,""score"":80.0},""M4_vix"":{""value"":null,""score"":60.0},""_score"":84.0},""liquidity"":{""L1_price"":{""value"":15.525,""score"":100.0},""L2_dollar_vol"":{""value"":62204332.0813362,""score"":89.6910315605096},""L3_spread_proxy"":{""value"":0.06054106280193235,""score"":39.45893719806765},""L4_volume_zscore"":{""value"":-2.432776193587085,""score"":100.0},""_score"":89.82},""pattern_structure"":{""left_rim"":14.375,""left_rim_idx"":70,""cup_bottom"":11.42,""cup_bottom_idx"":80,""right_rim"":14.61,""right_rim_idx"":154,""handle_low"":12.97,""handle_bars"":25,""cup_bars"":84,""structural_low"":12.97,""current_price"":15.525,""neckline_distance_pct"":-0.05893719806763291,""base_bars"":109},""pattern_geometry_features"":{""cup_depth_pct"":0.20556521739130434,""rim_symmetry_pct"":0.016347826086956483,""handle_depth_pct"":0.11225188227241607,""handle_to_cup_ratio"":0.2976190476190476,""cup_duration_bars"":84.0,""atr_pct"":0.07765079365079365,""u_shape_score"":0.11904761904761904},""_schema_version"":""1.0""}",,,,,,,,,,
20260513T182534Z-d71724,2026-05-13T18:25:34.488073+00:00,NBIS,ascending_triangle,extended,50.0,99.9,52.6,6.7,39.7,64.5,35.3,39.4,84.0,83.2,14.99,14.73,0.53,5.56,7.74,2.82,1.58,5.04,4.16,True,stop_too_wide;price_extended_above_trigger,211.1801,197.89,169.6662,223.53,"{""trend"":{""T1_ema_stack"":{""value"":[true,true,true],""score"":100.0},""T2_ema50_slope"":{""value"":0.6430282505317712,""score"":100},""T3_high_proximity"":{""value"":1.0,""score"":99.99999999999997},""T4_rs_1m"":{""value"":0.23449900906139698,""score"":100},""T5_rs_3m"":{""value"":1.3098244831690558,""score"":100},""T6_adr_healthy"":{""value"":8.062295221279195,""score"":98.44261946802013},""_score"":99.92},""geometry"":{""sub_flat_top_quality"":33.3,""sub_hl_slope"":92.0,""sub_compression"":0,""sub_duration"":100.0,""_score"":52.59},""compression"":{""VC1_atr_ratio"":{""value"":1.148881018953714,""score"":0},""VC2_range_contraction"":{""value"":1.2392565667770818,""score"":0},""VC3_range_pct_rank"":{""score"":26.66666666666667},""_score"":6.67},""sr_quality"":{""SR1_touches"":{""value"":2,""score"":25.0},""SR2_tightness"":{""value"":0.6400000000000006,""score"":92.51949127531402},""SR3_recency"":{""value"":238,""score"":0.0},""SR4_price_location"":{""score"":30.0},""SR5_reaction"":{""value"":1.4435014958930266,""score"":72.17507479465132},""_score"":39.7,""_levels_found"":5,""_target_level"":168.07},""volume"":{""V1_rvol_day"":{""value"":1.8759323708324518,""score"":91.72882472216345},""V2_rvol_sameslot"":{""value"":2.5308945907893907,""score"":100,""status"":""ok""},""V3_breakout_bar"":{""value"":1.035588727951392,""score"":35.70591519675947},""V4_base_dryup"":{""value"":1.0747009197997206,""score"":42.52990802002794},""V5_bo_expansion"":{""value"":1.875932370832452,""score"":58.39549138883014},""_score"":64.54},""readiness"":{""_distance_atr"":-0.777,""BR1_atr_distance"":{""score"":44.466139218445434},""BR2_compression"":{""score"":0},""BR3_retest"":{""score"":50.0},""BR4_bo_age"":{""score"":50.0},""_score"":35.29},""risk"":{""R1_stop_clarity"":{""score"":69.80036809780086},""R2_stop_distance_pct"":{""value"":19.65803122548006,""score"":0.0},""R3_stop_distance_atr"":{""value"":2.426130602502382,""score"":100.0},""R4_rr_potential"":{""value"":0.29748866944405195,""score"":0.0},""_score"":39.43},""market"":{""M1_spy_regime"":{""score"":100.0},""M3_earnings_risk"":{""value"":null,""score"":80.0},""M4_vix"":{""value"":null,""score"":60.0},""_score"":84.0},""liquidity"":{""L1_price"":{""value"":211.1801,""score"":100.0},""L2_dollar_vol"":{""value"":6261706777.044982,""score"":100.0},""L3_spread_proxy"":{""value"":0.09262236356550642,""score"":7.377636434493581},""L4_volume_zscore"":{""value"":2.9366656772561863,""score"":70.0},""_score"":83.24},""pattern_structure"":{""top"":197.89,""top_touches"":2,""low_slope_per_bar"":0.4753396152336081,""lowest_low"":172.25,""structural_low"":172.25,""current_price"":212.775,""neckline_distance_pct"":-0.06995652684760907,""base_bars"":40},""pattern_geometry_features"":{""top_touches"":2.0,""low_slope"":0.4753396152336081,""compression"":-0.3091855654325071,""atr_pct"":0.08102626958830739},""_schema_version"":""1.0""}",,,,,,,,,,
20260513T182534Z-d71724,2026-05-13T18:25:34.488073+00:00,LRCX,breakout_retest_hold,extended,50.0,94.8,50.0,44.7,41.7,16.1,36.5,65.9,84.0,96.3,13.27,11.0,2.68,5.84,2.1,6.58,3.29,4.2,2.89,True,price_extended_above_trigger,297.83,280.0,274.9923,284.46,"{""trend"":{""T1_ema_stack"":{""value"":[true,true,true],""score"":100.0},""T2_ema50_slope"":{""value"":0.38396761100409943,""score"":100},""T3_high_proximity"":{""value"":1.0,""score"":99.99999999999997},""T4_rs_1m"":{""value"":0.02375038162898324,""score"":73.75038162898323},""T5_rs_3m"":{""value"":0.1932857690550882,""score"":100},""T6_adr_healthy"":{""value"":3.884587185930676,""score"":100.0},""_score"":94.75},""geometry"":{""sub_retest_depth"":100.0,""sub_retest_timing"":0.0,""sub_retest_freshness"":100.0,""sub_hold_quality"":0.0,""_score"":50.0},""compression"":{""VC1_atr_ratio"":{""value"":0.6926273858172743,""score"":76.8431535456814},""VC2_range_contraction"":{""value"":1.0170691162996028,""score"":0},""VC3_range_pct_rank"":{""score"":55.833333333333336},""_score"":44.7},""sr_quality"":{""SR1_touches"":{""value"":2,""score"":25.0},""SR2_tightness"":{""value"":1.1699999999999875,""score"":83.01710730948697},""SR3_recency"":{""value"":236,""score"":0.0},""SR4_price_location"":{""score"":30.0},""SR5_reaction"":{""value"":1.8964230171073082,""score"":94.82115085536542},""_score"":41.68,""_levels_found"":8,""_target_level"":274.67},""volume"":{""V1_rvol_day"":{""value"":0.35635647418436456,""score"":0},""V2_rvol_sameslot"":{""value"":0.5928175913717817,""score"":6.187839424785446,""status"":""ok""},""V3_breakout_bar"":{""value"":0.5555533131278511,""score"":3.703554208523404},""V4_base_dryup"":{""value"":0.8015701878907261,""score"":69.84298121092739},""V5_bo_expansion"":{""value"":0.3563564741843645,""score"":0},""_score"":16.13},""readiness"":{""_distance_atr"":-1.294,""BR1_atr_distance"":{""score"":34.11923276308972},""BR2_compression"":{""score"":0},""BR3_retest"":{""score"":91.90772420943487},""BR4_bo_age"":{""score"":30.0},""_score"":36.53},""risk"":{""R1_stop_clarity"":{""score"":59.68087091757416},""R2_stop_distance_pct"":{""value"":7.668032098848332,""score"":100.0},""R3_stop_distance_atr"":{""value"":1.6574795230689456,""score"":100.0},""R4_rr_potential"":{""value"":-0.5854354860603281,""score"":0.0},""_score"":65.89},""market"":{""M1_spy_regime"":{""score"":100.0},""M3_earnings_risk"":{""value"":null,""score"":80.0},""M4_vix"":{""value"":null,""score"":60.0},""_score"":84.0},""liquidity"":{""L1_price"":{""value"":297.83,""score"":100.0},""L2_dollar_vol"":{""value"":984688226.3371677,""score"":100.0},""L3_spread_proxy"":{""value"":0.03666521169794855,""score"":63.33478830205145},""L4_volume_zscore"":{""value"":-2.3215560309191443,""score"":100.0},""_score"":96.33},""pattern_structure"":{""level"":280.0,""level_idx"":42,""breakout_idx"":46,""bo_peak_idx"":64,""bo_peak_price"":300.0,""retest_idx"":73,""retest_low"":277.77,""structural_low"":277.77,""current_price"":296.55,""neckline_distance_pct"":-0.055808464002697726,""base_bars"":37,""bars_since_breakout"":33},""pattern_geometry_features"":{""retest_depth_atr"":0.5120971048962554,""bars_breakout_to_retest"":27.0,""bars_since_retest"":6.0,""current_above_level_atr"":3.8005412941851855,""bo_peak_excess_pct"":0.07142857142857142,""atr_pct"":0.046263208637717615},""_schema_version"":""1.0""}",,,,,,,,,,
20260513T182534Z-d71724,2026-05-13T18:25:34.488073+00:00,NBIS,double_bottom,extended,50.0,99.9,81.2,6.7,39.7,66.0,35.3,39.6,84.0,83.2,14.99,20.3,0.53,5.56,8.58,2.82,2.38,5.04,4.16,True,stop_too_wide;price_extended_above_trigger,211.1801,197.89,166.1793,227.07,"{""trend"":{""T1_ema_stack"":{""value"":[true,true,true],""score"":100.0},""T2_ema50_slope"":{""value"":0.6430282505317712,""score"":100},""T3_high_proximity"":{""value"":1.0,""score"":99.99999999999997},""T4_rs_1m"":{""value"":0.23449900906139698,""score"":100},""T5_rs_3m"":{""value"":1.3098244831690558,""score"":100},""T6_adr_healthy"":{""value"":8.062295221279195,""score"":98.44261946802013},""_score"":99.92},""geometry"":{""sub_low_similarity"":58.5,""sub_bounce_quality"":100,""sub_separation_fit"":80.0,""sub_right_bottom_reaction"":77.7,""sub_base_context"":100.0,""_score"":81.2},""compression"":{""VC1_atr_ratio"":{""value"":1.148881018953714,""score"":0},""VC2_range_contraction"":{""value"":1.2392565667770818,""score"":0},""VC3_range_pct_rank"":{""score"":26.66666666666667},""_score"":6.67},""sr_quality"":{""SR1_touches"":{""value"":2,""score"":25.0},""SR2_tightness"":{""value"":0.6400000000000006,""score"":92.51949127531402},""SR3_recency"":{""value"":238,""score"":0.0},""SR4_price_location"":{""score"":30.0},""SR5_reaction"":{""value"":1.4435014958930266,""score"":72.17507479465132},""_score"":39.7,""_levels_found"":5,""_target_level"":168.07},""volume"":{""V1_rvol_day"":{""value"":1.8759323708324518,""score"":91.72882472216345},""V2_rvol_sameslot"":{""value"":2.5308945907893907,""score"":100,""status"":""ok""},""V3_breakout_bar"":{""value"":1.035588727951392,""score"":35.70591519675947},""V4_base_dryup"":{""value"":1.0025762446441047,""score"":49.74237553558953},""V5_bo_expansion"":{""value"":1.875932370832452,""score"":58.39549138883014},""_score"":65.98},""readiness"":{""_distance_atr"":-0.777,""BR1_atr_distance"":{""score"":44.466139218445434},""BR2_compression"":{""score"":0},""BR3_retest"":{""score"":50.0},""BR4_bo_age"":{""score"":50.0},""_score"":35.29},""risk"":{""R1_stop_clarity"":{""score"":70.42101655605217},""R2_stop_distance_pct"":{""value"":21.309181120759018,""score"":0.0},""R3_stop_distance_atr"":{""value"":2.6299101796282214,""score"":100.0},""R4_rr_potential"":{""value"":0.3531030038388238,""score"":0.0},""_score"":39.65},""market"":{""M1_spy_regime"":{""score"":100.0},""M3_earnings_risk"":{""value"":null,""score"":80.0},""M4_vix"":{""value"":null,""score"":60.0},""_score"":84.0},""liquidity"":{""L1_price"":{""value"":211.1801,""score"":100.0},""L2_dollar_vol"":{""value"":6261706777.044982,""score"":100.0},""L3_spread_proxy"":{""value"":0.09262236356550642,""score"":7.377636434493581},""L4_volume_zscore"":{""value"":2.9366656772561863,""score"":70.0},""_score"":83.24},""pattern_structure"":{""left_low"":168.71,""left_idx"":40,""right_low"":172.25,""right_idx"":73,""separation_bars"":33,""structural_low"":168.71,""current_price"":212.775,""neckline_distance_pct"":-0.06995652684760907,""base_bars"":33},""pattern_geometry_features"":{""low_similarity_pct"":0.020764899108399765,""bounce_pct"":0.17295951632979656,""right_bottom_reaction"":0.7772560457699627,""atr_pct"":0.08102626958830739},""_schema_version"":""1.0""}",,,,,,,,,,
20260513T182534Z-d71724,2026-05-13T18:25:34.488073+00:00,SIRI,cup_with_handle,extended,50.0,96.0,69.6,59.1,48.6,2.4,26.8,25.7,84.0,91.3,13.44,20.87,4.73,5.84,0.31,2.14,1.29,4.2,4.56,True,price_extended_above_trigger,26.565,24.262,22.8126,28.5569,"{""trend"":{""T1_ema_stack"":{""value"":[true,true,true],""score"":100.0},""T2_ema50_slope"":{""value"":0.4486219413335591,""score"":100},""T3_high_proximity"":{""value"":0.9467213114754099,""score"":73.36065573770495},""T4_rs_1m"":{""value"":0.05037613633002702,""score"":100},""T5_rs_3m"":{""value"":0.13958459868216333,""score"":100},""T6_adr_healthy"":{""value"":4.062956722846221,""score"":100.0},""_score"":96.0},""geometry"":{""sub_cup_depth"":98.5,""sub_cup_duration"":0.0,""sub_rim_symmetry"":83.2,""sub_handle_shallowness"":62.1,""sub_handle_proportion"":100.0,""sub_u_shape"":72.0,""_score"":69.56},""compression"":{""VC1_atr_ratio"":{""value"":0.45541494890519435,""score"":100},""VC2_range_contraction"":{""value"":0.9584988705472464,""score"":6.916854908792273},""VC3_range_pct_rank"":{""score"":66.66666666666667},""_score"":59.09},""sr_quality"":{""SR1_touches"":{""value"":4,""score"":75.0},""SR2_tightness"":{""value"":0.22192341021172124,""score"":55.6469986728894},""SR3_recency"":{""value"":247,""score"":0.0},""SR4_price_location"":{""score"":30.0},""SR5_reaction"":{""value"":1.3716702355460375,""score"":68.58351177730188},""_score"":48.63,""_levels_found"":4,""_target_level"":22.89},""volume"":{""V1_rvol_day"":{""value"":0.27251396387699606,""score"":0},""V2_rvol_sameslot"":{""value"":0.3706799645369828,""score"":0,""status"":""ok""},""V3_breakout_bar"":{""value"":0.6417829759835569,""score"":9.452198398903795},""V4_base_dryup"":{""value"":1.8517836452864638,""score"":0},""V5_bo_expansion"":{""value"":0.27251396387699606,""score"":0},""_score"":2.36},""readiness"":{""_distance_atr"":-2.301,""BR1_atr_distance"":{""score"":13.97287651677373},""BR2_compression"":{""score"":14.730877506144196},""BR3_retest"":{""score"":50.0},""BR4_bo_age"":{""score"":50.0},""_score"":26.77},""risk"":{""R1_stop_clarity"":{""score"":30.569593147751533},""R2_stop_distance_pct"":{""value"":14.125352907961608,""score"":0.0},""R3_stop_distance_atr"":{""value"":3.7497216274089946,""score"":100.0},""R4_rr_potential"":{""value"":0.5308335998294417,""score"":0.0},""_score"":25.7},""market"":{""M1_spy_regime"":{""score"":100.0},""M3_earnings_risk"":{""value"":null,""score"":80.0},""M4_vix"":{""value"":null,""score"":60.0},""_score"":84.0},""liquidity"":{""L1_price"":{""value"":26.565,""score"":100.0},""L2_dollar_vol"":{""value"":46963423.61330928,""score"":83.5879874636937},""L3_spread_proxy"":{""value"":0.021456804065499727,""score"":78.54319593450028},""L4_volume_zscore"":{""value"":-1.3961401926323205,""score"":100.0},""_score"":91.29},""pattern_structure"":{""left_rim"":24.0599,""left_rim_idx"":27,""cup_bottom"":19.765,""cup_bottom_idx"":107,""right_rim"":24.262,""right_rim_idx"":152,""handle_low"":23.16,""handle_bars"":27,""cup_bars"":125,""structural_low"":23.16,""current_price"":26.565,""neckline_distance_pct"":-0.08669301712779977,""base_bars"":152},""pattern_geometry_features"":{""cup_depth_pct"":0.17850863885552304,""rim_symmetry_pct"":0.008399868661133318,""handle_depth_pct"":0.045420822685681324,""handle_to_cup_ratio"":0.216,""cup_duration_bars"":125.0,""atr_pct"":0.03767040413003146,""u_shape_score"":0.36},""_schema_version"":""1.0""}",,,,,,,,,,
20260513T182534Z-d71724,2026-05-13T18:25:34.488073+00:00,IRDM,breakout_retest_hold,extended,50.0,100.0,35.5,58.4,54.0,15.3,41.1,67.6,84.0,84.3,14.0,7.81,3.5,7.56,1.99,7.4,3.38,4.2,2.53,True,price_extended_above_trigger,43.46,40.61,40.0455,41.4298,"{""trend"":{""T1_ema_stack"":{""value"":[true,true,true],""score"":100.0},""T2_ema50_slope"":{""value"":0.7732602906021855,""score"":100},""T3_high_proximity"":{""value"":1.0,""score"":99.99999999999997},""T4_rs_1m"":{""value"":0.133646675417461,""score"":100},""T5_rs_3m"":{""value"":1.2808504233456337,""score"":100},""T6_adr_healthy"":{""value"":6.27752493224758,""score"":100.0},""_score"":100.0},""geometry"":{""sub_retest_depth"":85.0,""sub_retest_timing"":0.0,""sub_retest_freshness"":50.0,""sub_hold_quality"":0.0,""_score"":35.5},""compression"":{""VC1_atr_ratio"":{""value"":0.5220523379198035,""score"":100},""VC2_range_contraction"":{""value"":0.7740520607082261,""score"":37.65798988196232},""VC3_range_pct_rank"":{""score"":20.833333333333336},""_score"":58.39},""sr_quality"":{""SR1_touches"":{""value"":6,""score"":100},""SR2_tightness"":{""value"":0.5392745950709052,""score"":53.83318251254985},""SR3_recency"":{""value"":259,""score"":0.0},""SR4_price_location"":{""score"":30.0},""SR5_reaction"":{""value"":1.1211012185029823,""score"":56.055060925149114},""_score"":53.98,""_levels_found"":4,""_target_level"":24.3027},""volume"":{""V1_rvol_day"":{""value"":0.298973585395138,""score"":0},""V2_rvol_sameslot"":{""value"":0.6366302585199607,""score"":9.108683901330712,""status"":""ok""},""V3_breakout_bar"":{""value"":0.7855987203109068,""score"":19.03991468739379},""V4_base_dryup"":{""value"":1.062363410503301,""score"":43.76365894966989},""V5_bo_expansion"":{""value"":0.298973585395138,""score"":0},""_score"":15.33},""readiness"":{""_distance_atr"":-1.22,""BR1_atr_distance"":{""score"":35.60140398938446},""BR2_compression"":{""score"":12.22557168260228},""BR3_retest"":{""score"":96.57563564763298},""BR4_bo_age"":{""score"":30.0},""_score"":41.11},""risk"":{""R1_stop_clarity"":{""score"":65.3711154866879},""R2_stop_distance_pct"":{""value"":7.856649792913016,""score"":100.0},""R3_stop_distance_atr"":{""value"":1.461561510144678,""score"":98.07807550723389},""R4_rr_potential"":{""value"":-0.5945777461665592,""score"":0.0},""_score"":67.59},""market"":{""M1_spy_regime"":{""score"":100.0},""M3_earnings_risk"":{""value"":null,""score"":80.0},""M4_vix"":{""value"":null,""score"":60.0},""_score"":84.0},""liquidity"":{""L1_price"":{""value"":43.46,""score"":100.0},""L2_dollar_vol"":{""value"":33156248.08710548,""score"":76.02826902627693},""L3_spread_proxy"":{""value"":0.06074551311550853,""score"":39.25448688449147},""L4_volume_zscore"":{""value"":-1.543455193522392,""score"":100.0},""_score"":84.34},""pattern_structure"":{""level"":40.61,""level_idx"":39,""breakout_idx"":49,""bo_peak_idx"":69,""bo_peak_price"":43.6,""retest_idx"":71,""retest_low"":40.45,""structural_low"":40.45,""current_price"":43.22,""neckline_distance_pct"":-0.06038870893105043,""base_bars"":40,""bars_since_breakout"":30},""pattern_geometry_features"":{""retest_depth_atr"":0.1951661526129568,""bars_breakout_to_retest"":22.0,""bars_since_retest"":8.0,""current_above_level_atr"":3.183647864498925,""bo_peak_excess_pct"":0.07362718542230982,""atr_pct"":0.053755177174413256},""_schema_version"":""1.0""}",,,,,,,,,,
20260513T182534Z-d71724,2026-05-13T18:25:34.488073+00:00,CRWD,inverse_head_shoulders,extended,50.0,100.0,57.1,46.2,51.9,19.6,21.3,15.4,84.0,89.4,12.0,15.98,3.7,7.27,2.75,1.71,0.92,4.2,4.47,True,risk_unclear;stop_too_wide;price_extended_above_trigger,555.38,505.9999,450.5981,554.5398,"{""trend"":{""T1_ema_stack"":{""value"":[true,true,true],""score"":100.0},""T2_ema50_slope"":{""value"":0.29986639295486284,""score"":99.97773215914381},""T3_high_proximity"":{""value"":1.0,""score"":99.99999999999997},""T4_rs_1m"":{""value"":0.32414641825897994,""score"":100},""T5_rs_3m"":{""value"":0.26222901313251956,""score"":100},""T6_adr_healthy"":{""value"":3.6709430991539804,""score"":100.0},""_score"":100.0},""geometry"":{""sub_head_depth"":65.3,""sub_shoulder_price_sym"":31.3,""sub_shoulder_time_sym"":0,""sub_right_shoulder_reaction"":98.1,""sub_base_context"":100.0,""_score"":57.07},""compression"":{""VC1_atr_ratio"":{""value"":0.7194135079581572,""score"":70.1466230104607},""VC2_range_contraction"":{""value"":0.8928170145346849,""score"":17.863830910885856},""VC3_range_pct_rank"":{""score"":47.5},""_score"":46.19},""sr_quality"":{""SR1_touches"":{""value"":3,""score"":50.0},""SR2_tightness"":{""value"":0.37932688922469104,""score"":96.12729218877534},""SR3_recency"":{""value"":297,""score"":0.0},""SR4_price_location"":{""score"":30.0},""SR5_reaction"":{""value"":2.5614790047516345,""score"":100},""_score"":51.92,""_levels_found"":5,""_target_level"":486.6833},""volume"":{""V1_rvol_day"":{""value"":0.4918866951346487,""score"":0},""V2_rvol_sameslot"":{""value"":0.7790350016413212,""score"":18.602333442754748,""status"":""ok""},""V3_breakout_bar"":{""value"":0.5035132545447081,""score"":0.23421696964720518},""V4_base_dryup"":{""value"":0.7080753003903258,""score"":79.19246996096741},""V5_bo_expansion"":{""value"":0.4918866951346487,""score"":0},""_score"":19.62},""readiness"":{""_distance_atr"":-2.521,""BR1_atr_distance"":{""score"":9.585778276905046},""BR2_compression"":{""score"":0},""BR3_retest"":{""score"":50.0},""BR4_bo_age"":{""score"":50.0},""_score"":21.33},""risk"":{""R1_stop_clarity"":{""score"":29.94397580367294},""R2_stop_distance_pct"":{""value"":18.866703878425582,""score"":0.0},""R3_stop_distance_atr"":{""value"":5.348812516749831,""score"":32.55937416250845},""R4_rr_potential"":{""value"":-0.008018560457483417,""score"":0.0},""_score"":15.36},""market"":{""M1_spy_regime"":{""score"":100.0},""M3_earnings_risk"":{""value"":null,""score"":80.0},""M4_vix"":{""value"":null,""score"":60.0},""_score"":84.0},""liquidity"":{""L1_price"":{""value"":555.38,""score"":72.31},""L2_dollar_vol"":{""value"":742009525.8145405,""score"":100.0},""L3_spread_proxy"":{""value"":0.036932730742914796,""score"":63.0672692570852},""L4_volume_zscore"":{""value"":-1.5295638100309767,""score"":100.0},""_score"":89.38},""pattern_structure"":{""left_shoulder"":466.0,""left_shoulder_idx"":60,""head"":457.46,""head_idx"":66,""right_shoulder"":492.33,""right_shoulder_idx"":78,""left_to_head_bars"":6,""head_to_right_bars"":12,""structural_low"":457.46,""current_price"":552.4501,""neckline_distance_pct"":-0.08408035404464582,""base_bars"":18},""pattern_geometry_features"":{""head_depth_pct"":0.04529754886103949,""shoulder_price_asymmetry"":0.054949756346978566,""shoulder_time_asymmetry"":0.5,""right_shoulder_reaction"":0.9807976366322015,""atr_pct"":0.03527269617199035},""_schema_version"":""1.0""}",,,,,,,,,,
20260513T182534Z-d71724,2026-05-13T18:25:34.488073+00:00,ON,double_bottom,extended,50.0,100.0,62.5,6.2,36.5,31.7,29.7,32.1,84.0,93.1,15.0,15.62,0.49,5.11,4.12,2.37,1.92,5.04,4.66,True,stop_too_wide;price_extended_above_trigger,115.155,106.6,97.1801,114.54,"{""trend"":{""T1_ema_stack"":{""value"":[true,true,true],""score"":100.0},""T2_ema50_slope"":{""value"":0.8870803349893397,""score"":100},""T3_high_proximity"":{""value"":1.0,""score"":99.99999999999997},""T4_rs_1m"":{""value"":0.5287002519373964,""score"":100},""T5_rs_3m"":{""value"":0.5443708438564654,""score"":100},""T6_adr_healthy"":{""value"":4.867379325097436,""score"":100.0},""_score"":100.0},""geometry"":{""sub_low_similarity"":79.0,""sub_bounce_quality"":72.1,""sub_separation_fit"":6.7,""sub_right_bottom_reaction"":22.5,""sub_base_context"":100.0,""_score"":62.5},""compression"":{""VC1_atr_ratio"":{""value"":0.9528641378773117,""score"":11.78396553067207},""VC2_range_contraction"":{""value"":1.335462693748747,""score"":0},""VC3_range_pct_rank"":{""score"":5.833333333333335},""_score"":6.17},""sr_quality"":{""SR1_touches"":{""value"":2,""score"":25.0},""SR2_tightness"":{""value"":0.8300000000000054,""score"":71.29092032118572},""SR3_recency"":{""value"":277,""score"":0.0},""SR4_price_location"":{""score"":30.0},""SR5_reaction"":{""value"":1.4419394688079068,""score"":72.09697344039535},""_score"":36.51,""_levels_found"":4,""_target_level"":72.93},""volume"":{""V1_rvol_day"":{""value"":0.8631725849317655,""score"":24.211505662117702},""V2_rvol_sameslot"":{""value"":1.378664666986415,""score"":58.577644465761004,""status"":""ok""},""V3_breakout_bar"":{""value"":0.9576787768536855,""score"":30.51191845691237},""V4_base_dryup"":{""value"":1.1258456409928321,""score"":37.41543590071679},""V5_bo_expansion"":{""value"":0.8631725849317655,""score"":0},""_score"":31.67},""readiness"":{""_distance_atr"":-1.48,""BR1_atr_distance"":{""score"":30.40889437924642},""BR2_compression"":{""score"":0},""BR3_retest"":{""score"":50.0},""BR4_bo_age"":{""score"":50.0},""_score"":29.66},""risk"":{""R1_stop_clarity"":{""score"":48.8113650401482},""R2_stop_distance_pct"":{""value"":15.609309191958667,""score"":0.0},""R3_stop_distance_atr"":{""value"":3.1086917850525033,""score"":100.0},""R4_rr_potential"":{""value"":-0.0342143767141964,""score"":0.0},""_score"":32.08},""market"":{""M1_spy_regime"":{""score"":100.0},""M3_earnings_risk"":{""value"":null,""score"":80.0},""M4_vix"":{""value"":null,""score"":60.0},""_score"":84.0},""liquidity"":{""L1_price"":{""value"":115.155,""score"":100.0},""L2_dollar_vol"":{""value"":1379614798.2757678,""score"":100.0},""L3_spread_proxy"":{""value"":0.06886370544049318,""score"":31.136294559506823},""L4_volume_zscore"":{""value"":-0.40523952895359505,""score"":100.0},""_score"":93.11},""pattern_structure"":{""left_low"":99.7,""left_idx"":28,""right_low"":98.66,""right_idx"":72,""separation_bars"":44,""structural_low"":98.66,""current_price"":114.845,""neckline_distance_pct"":-0.07179241586486138,""base_bars"":44},""pattern_geometry_features"":{""low_similarity_pct"":0.010485985077636683,""bounce_pct"":0.08047841070342589,""right_bottom_reaction"":0.22471910112359203,""atr_pct"":0.050211826296234253},""_schema_version"":""1.0""}",,,,,,,,,,
20260513T182534Z-d71724,2026-05-13T18:25:34.488073+00:00,MSFT,vcp,forming,49.79,41.5,50.5,62.8,58.7,12.6,23.2,62.4,84.0,98.7,6.22,12.63,7.53,7.05,1.64,1.63,3.12,5.04,4.93,True,risk_unclear,404.325,429.92,392.0399,507.34,"{""trend"":{""T1_ema_stack"":{""value"":[false,true,false],""score"":33.33333333333333},""T2_ema50_slope"":{""value"":0.13012745247008334,""score"":71.68790874501389},""T3_high_proximity"":{""value"":0.9339485355261942,""score"":66.97426776309706},""T4_rs_1m"":{""value"":-0.04103593126447391,""score"":8.964068735526084},""T5_rs_3m"":{""value"":-0.07354038416787156,""score"":13.229807916064217},""T6_adr_healthy"":{""value"":2.1797428948576347,""score"":100.0},""_score"":41.49},""geometry"":{""sub_contraction_count"":100.0,""sub_reduction_rate"":0,""sub_pivot_tightness"":36.9,""sub_volume_dryup"":0,""sub_base_depth"":100.0,""sub_base_duration"":100.0,""_score"":50.53},""compression"":{""VC1_atr_ratio"":{""value"":0.4145402750099011,""score"":100},""VC2_range_contraction"":{""value"":0.9563435560004545,""score"":7.2760739999242485},""VC3_range_pct_rank"":{""score"":80.83333333333333},""_score"":62.75},""sr_quality"":{""SR1_touches"":{""value"":4,""score"":75.0},""SR2_tightness"":{""value"":3.13617318588674,""score"":41.17676862217785},""SR3_recency"":{""value"":228,""score"":0.0},""SR4_price_location"":{""score"":65.48661128328261},""SR5_reaction"":{""value"":1.8238203916598463,""score"":91.19101958299231},""_score"":58.73,""_levels_found"":7,""_target_level"":409.265},""volume"":{""V1_rvol_day"":{""value"":0.4281876382322256,""score"":0},""V2_rvol_sameslot"":{""value"":0.6629001305045421,""score"":10.860008700302808,""status"":""ok""},""V3_breakout_bar"":{""value"":0.5535303916050703,""score"":3.568692773671356},""V4_base_dryup"":{""value"":1.0238938455441924,""score"":47.61061544558076},""V5_bo_expansion"":{""value"":0.4281876382322256,""score"":0},""_score"":12.59},""readiness"":{""_distance_atr"":2.4,""BR1_atr_distance"":{""score"":0},""BR2_compression"":{""score"":23.018936966551202},""BR3_retest"":{""score"":50.0},""BR4_bo_age"":{""score"":50.0},""_score"":23.25},""risk"":{""R1_stop_clarity"":{""score"":0},""R2_stop_distance_pct"":{""value"":3.0384344277499507,""score"":100.0},""R3_stop_distance_atr"":{""value"":1.1521242261321802,""score"":82.60621130660901},""R4_rr_potential"":{""value"":8.385327000484336,""score"":100.0},""_score"":62.39},""market"":{""M1_spy_regime"":{""score"":100.0},""M3_earnings_risk"":{""value"":null,""score"":80.0},""M4_vix"":{""value"":null,""score"":60.0},""_score"":84.0},""liquidity"":{""L1_price"":{""value"":404.325,""score"":100.0},""L2_dollar_vol"":{""value"":5950231679.126192,""score"":100.0},""L3_spread_proxy"":{""value"":0.013058801706548023,""score"":86.94119829345198},""L4_volume_zscore"":{""value"":-1.7744433084975095,""score"":100.0},""_score"":98.69},""pattern_structure"":{""n_contractions"":5,""contractions_pct"":[18.9,6.88,13.74,5.14,7.42],""descending_strict"":false,""final_low"":398.01,""final_pivot"":429.92,""structural_low"":398.01,""dry_up_ratio"":1.0657333881357434,""current_price"":404.325,""neckline_distance_pct"":0.06330303592407105,""base_bars"":64,""recent_base_height"":77.42000000000002},""pattern_geometry_features"":{""contraction_count"":5.0,""first_contraction_pct"":0.1889858188282962,""last_contraction_pct"":0.07422311127651662,""dry_up_ratio"":1.0657333881357434,""near_monotone"":0.0,""base_depth_pct"":0.17722330177368012},""_schema_version"":""1.0""}",,,,,,,,,,
20260513T182534Z-d71724,2026-05-13T18:25:34.488073+00:00,ASML,double_bottom,forming,49.77,75.3,56.8,18.1,41.3,14.8,62.1,25.9,84.0,70.7,11.3,14.21,1.45,5.78,1.93,4.97,1.56,5.04,3.54,False,,1587.98,1595.31,1392.79,1776.62,"{""trend"":{""T1_ema_stack"":{""value"":[true,true,true],""score"":100.0},""T2_ema50_slope"":{""value"":0.15877111410881461,""score"":76.4618523514691},""T3_high_proximity"":{""value"":0.9974623434378965,""score"":98.73117171894825},""T4_rs_1m"":{""value"":-0.023671408302244012,""score"":26.32859169775599},""T5_rs_3m"":{""value"":0.03269155788168976,""score"":66.34577894084488},""T6_adr_healthy"":{""value"":3.1665412604720458,""score"":100.0},""_score"":75.32},""geometry"":{""sub_low_similarity"":15.5,""sub_bounce_quality"":100,""sub_separation_fit"":0.0,""sub_right_bottom_reaction"":81.3,""sub_base_context"":100.0,""_score"":56.84},""compression"":{""VC1_atr_ratio"":{""value"":0.8542179911211109,""score"":36.445502219722286},""VC2_range_contraction"":{""value"":1.1276017375964633,""score"":0},""VC3_range_pct_rank"":{""score"":14.166666666666671},""_score"":18.12},""sr_quality"":{""SR1_touches"":{""value"":2,""score"":25.0},""SR2_tightness"":{""value"":7.6200000000000045,""score"":75.31769673482371},""SR3_recency"":{""value"":244,""score"":0.0},""SR4_price_location"":{""score"":30.0},""SR5_reaction"":{""value"":2.7829944760968273,""score"":100},""_score"":41.3,""_levels_found"":4,""_target_level"":1539.6},""volume"":{""V1_rvol_day"":{""value"":0.6180857981136303,""score"":7.872386540908686},""V2_rvol_sameslot"":{""value"":0.6264810844203599,""score"":8.432072294690657,""status"":""ok""},""V3_breakout_bar"":{""value"":0.38111398329710966,""score"":0},""V4_base_dryup"":{""value"":0.9214577500378571,""score"":57.854224996214285},""V5_bo_expansion"":{""value"":0.6180857981136303,""score"":0},""_score"":14.83},""readiness"":{""_distance_atr"":0.119,""BR1_atr_distance"":{""score"":92.08568316125371},""BR2_compression"":{""score"":31.17305439183732},""BR3_retest"":{""score"":50.0},""BR4_bo_age"":{""score"":50.0},""_score"":62.13},""risk"":{""R1_stop_clarity"":{""score"":31.297683431182477},""R2_stop_distance_pct"":{""value"":12.291716520359202,""score"":0.0},""R3_stop_distance_atr"":{""value"":3.161245914914539,""score"":100.0},""R4_rr_potential"":{""value"":0.9664429530201333,""score"":0.0},""_score"":25.95},""market"":{""M1_spy_regime"":{""score"":100.0},""M3_earnings_risk"":{""value"":null,""score"":80.0},""M4_vix"":{""value"":null,""score"":60.0},""_score"":84.0},""liquidity"":{""L1_price"":{""value"":1587.98,""score"":0.0},""L2_dollar_vol"":{""value"":1691155380.2676597,""score"":100.0},""L3_spread_proxy"":{""value"":0.042758661947883546,""score"":57.241338052116454},""L4_volume_zscore"":{""value"":-1.2623881131370989,""score"":100.0},""_score"":70.72},""pattern_structure"":{""left_low"":1414.0,""left_idx"":28,""right_low"":1475.0,""right_idx"":73,""separation_bars"":45,""structural_low"":1414.0,""current_price"":1570.18,""neckline_distance_pct"":0.016004534511966706,""base_bars"":45},""pattern_geometry_features"":{""low_similarity_pct"":0.04222914503288335,""bounce_pct"":0.12822489391796318,""right_bottom_reaction"":0.8131796433231809,""atr_pct"":0.038882506616672044},""_schema_version"":""1.0""}",,,,,,,,,,
20260513T182534Z-d71724,2026-05-13T18:25:34.488073+00:00,KLAC,breakout_retest_hold,setup,49.66,78.6,48.2,52.5,45.7,15.1,38.4,65.4,84.0,71.9,11.0,10.61,3.15,6.4,1.97,6.9,3.27,4.2,2.16,False,,1848.51,1767.1925,1725.57,1815.5775,"{""trend"":{""T1_ema_stack"":{""value"":[true,true,true],""score"":100.0},""T2_ema50_slope"":{""value"":0.4200790231714085,""score"":100},""T3_high_proximity"":{""value"":0.9553023255813954,""score"":77.65116279069767},""T4_rs_1m"":{""value"":-0.04027606892485314,""score"":9.723931075146865},""T5_rs_3m"":{""value"":0.175986243073317,""score"":100},""T6_adr_healthy"":{""value"":3.5730144877738117,""score"":100.0},""_score"":78.59},""geometry"":{""sub_retest_depth"":94.1,""sub_retest_timing"":0.0,""sub_retest_freshness"":100.0,""sub_hold_quality"":0.0,""_score"":48.23},""compression"":{""VC1_atr_ratio"":{""value"":0.6057054551258774,""score"":98.57363621853065},""VC2_range_contraction"":{""value"":1.3044199839676105,""score"":0},""VC3_range_pct_rank"":{""score"":52.5},""_score"":52.55},""sr_quality"":{""SR1_touches"":{""value"":3,""score"":50.0},""SR2_tightness"":{""value"":19.994086742501274,""score"":54.50344484044185},""SR3_recency"":{""value"":232,""score"":0.0},""SR4_price_location"":{""score"":30.0},""SR5_reaction"":{""value"":2.7679909131678477,""score"":100},""_score"":45.68,""_levels_found"":6,""_target_level"":1673.287},""volume"":{""V1_rvol_day"":{""value"":0.4008698750348366,""score"":0},""V2_rvol_sameslot"":{""value"":0.6181250004659329,""score"":7.875000031062192,""status"":""ok""},""V3_breakout_bar"":{""value"":0.43364461001505766,""score"":0},""V4_base_dryup"":{""value"":0.8221581998327271,""score"":67.78418001672729},""V5_bo_expansion"":{""value"":0.4008698750348366,""score"":0},""_score"":15.13},""readiness"":{""_distance_atr"":-0.925,""BR1_atr_distance"":{""score"":41.49619849191204},""BR2_compression"":{""score"":0},""BR3_retest"":{""score"":86.23748830250497},""BR4_bo_age"":{""score"":30.0},""_score"":38.35},""risk"":{""R1_stop_clarity"":{""score"":60.33802560506967},""R2_stop_distance_pct"":{""value"":6.650761965042118,""score"":100.0},""R3_stop_distance_atr"":{""value"":1.39875018132895,""score"":94.9375090664475},""R4_rr_potential"":{""value"":-0.26787457296241785,""score"":0.0},""_score"":65.36},""market"":{""M1_spy_regime"":{""score"":100.0},""M3_earnings_risk"":{""value"":null,""score"":80.0},""M4_vix"":{""value"":null,""score"":60.0},""_score"":84.0},""liquidity"":{""L1_price"":{""value"":1848.51,""score"":0.0},""L2_dollar_vol"":{""value"":754060816.4213122,""score"":100.0},""L3_spread_proxy"":{""value"":0.030751794688695235,""score"":69.24820531130476},""L4_volume_zscore"":{""value"":-1.7991572600286914,""score"":100.0},""_score"":71.92},""pattern_structure"":{""level"":1767.1925,""level_idx"":42,""breakout_idx"":47,""bo_peak_idx"":65,""bo_peak_price"":1897.49,""retest_idx"":73,""retest_low"":1743.0,""structural_low"":1743.0,""current_price"":1846.905,""neckline_distance_pct"":-0.043160043423998457,""base_bars"":37,""bars_since_breakout"":32},""pattern_geometry_features"":{""retest_depth_atr"":1.0410071206245612,""bars_breakout_to_retest"":26.0,""bars_since_retest"":6.0,""current_above_level_atr"":3.4300415460487685,""bo_peak_excess_pct"":0.07373135637458844,""atr_pct"":0.047547889922153516},""_schema_version"":""1.0""}",,,,,,,,,,
20260513T182534Z-d71724,2026-05-13T18:25:34.488073+00:00,APP,double_bottom,absent,49.66,45.1,49.8,42.0,47.0,35.1,17.5,82.1,84.0,92.0,6.77,12.44,3.36,6.57,4.56,1.4,4.93,5.04,4.6,True,reversal_trend_cap,461.05,512.6899,423.7962,595.1298,"{""trend"":{""T1_ema_stack"":{""value"":[false,true,false],""score"":33.33333333333333},""T2_ema50_slope"":{""value"":0.10350714488667709,""score"":67.25119081444618},""T3_high_proximity"":{""value"":0.891382943758096,""score"":45.69147187904798},""T4_rs_1m"":{""value"":-0.006036895448727986,""score"":43.96310455127201},""T5_rs_3m"":{""value"":-0.06414734166772607,""score"":17.926329166136966},""T6_adr_healthy"":{""value"":5.49410891501738,""score"":100.0},""_score"":45.12},""geometry"":{""sub_low_similarity"":23.2,""sub_bounce_quality"":100,""sub_separation_fit"":0.0,""sub_right_bottom_reaction"":18.6,""sub_base_context"":100.0,""_score"":49.75},""compression"":{""VC1_atr_ratio"":{""value"":0.6152873974174559,""score"":96.17815064563602},""VC2_range_contraction"":{""value"":1.0781214896020654,""score"":0},""VC3_range_pct_rank"":{""score"":14.166666666666671},""_score"":42.01},""sr_quality"":{""SR1_touches"":{""value"":2,""score"":25.0},""SR2_tightness"":{""value"":4.5,""score"":68.34974039251345},""SR3_recency"":{""value"":259,""score"":0.0},""SR4_price_location"":{""score"":56.78728574243124},""SR5_reaction"":{""value"":4.032946413096175,""score"":100},""_score"":46.95,""_levels_found"":6,""_target_level"":477.5},""volume"":{""V1_rvol_day"":{""value"":0.8063288622873936,""score"":20.42192415249291},""V2_rvol_sameslot"":{""value"":1.2959755628727474,""score"":53.06503752484982,""status"":""ok""},""V3_breakout_bar"":{""value"":0.8300996078012146,""score"":22.006640520080975},""V4_base_dryup"":{""value"":0.7552045021209881,""score"":74.47954978790119},""V5_bo_expansion"":{""value"":0.8063288622873936,""score"":0},""_score"":35.09},""readiness"":{""_distance_atr"":1.816,""BR1_atr_distance"":{""score"":0},""BR2_compression"":{""score"":0},""BR3_retest"":{""score"":50.0},""BR4_bo_age"":{""score"":50.0},""_score"":17.5},""risk"":{""R1_stop_clarity"":{""score"":54.60825267959628},""R2_stop_distance_pct"":{""value"":8.080197375555802,""score"":97.99506561110496},""R3_stop_distance_atr"":{""value"":1.3101009542804474,""score"":90.50504771402237},""R4_rr_potential"":{""value"":3.599095393081229,""score"":100.0},""_score"":82.09},""market"":{""M1_spy_regime"":{""score"":100.0},""M3_earnings_risk"":{""value"":null,""score"":80.0},""M4_vix"":{""value"":null,""score"":60.0},""_score"":84.0},""liquidity"":{""L1_price"":{""value"":461.05,""score"":100.0},""L2_dollar_vol"":{""value"":1655857201.147248,""score"":100.0},""L3_spread_proxy"":{""value"":0.08044680620323169,""score"":19.553193796768312},""L4_volume_zscore"":{""value"":-0.35510639983975056,""score"":100.0},""_score"":91.96},""pattern_structure"":{""left_low"":430.25,""left_idx"":16,""right_low"":447.085,""right_idx"":65,""separation_bars"":49,""structural_low"":430.25,""current_price"":463.545,""neckline_distance_pct"":0.10601969603814074,""base_bars"":49},""pattern_geometry_features"":{""low_similarity_pct"":0.03837758666871829,""bounce_pct"":0.19160929692039505,""right_bottom_reaction"":0.18572130141190768,""atr_pct"":0.06167614296559096},""_schema_version"":""1.0""}",,,,,,,,,,
20260513T182534Z-d71724,2026-05-13T18:25:34.488073+00:00,GD,double_bottom,absent,49.59,38.9,47.2,73.7,69.8,10.9,18.6,56.8,84.0,98.8,5.84,11.79,5.9,9.77,1.41,1.49,3.41,5.04,4.94,True,risk_unclear;reversal_trend_cap,340.8,353.57,334.9,367.14,"{""trend"":{""T1_ema_stack"":{""value"":[true,false,true],""score"":66.66666666666666},""T2_ema50_slope"":{""value"":-0.09998342116015352,""score"":33.33609647330775},""T3_high_proximity"":{""value"":0.9308423467715503,""score"":65.42117338577513},""T4_rs_1m"":{""value"":-0.06685800404011855,""score"":0},""T5_rs_3m"":{""value"":-0.08942494218392683,""score"":5.287528908036585},""T6_adr_healthy"":{""value"":2.1496054910266356,""score"":100.0},""_score"":38.94},""geometry"":{""sub_low_similarity"":82.2,""sub_bounce_quality"":14.2,""sub_separation_fit"":20.0,""sub_right_bottom_reaction"":71.1,""sub_base_context"":30.0,""_score"":47.16},""compression"":{""VC1_atr_ratio"":{""value"":0.26744068997565296,""score"":100},""VC2_range_contraction"":{""value"":0.8188041013633861,""score"":30.199316439435652},""VC3_range_pct_rank"":{""score"":92.5},""_score"":73.69},""sr_quality"":{""SR1_touches"":{""value"":5,""score"":100},""SR2_tightness"":{""value"":1.60492492036233,""score"":63.365316590039036},""SR3_recency"":{""value"":259,""score"":0.0},""SR4_price_location"":{""score"":75.33809373230493},""SR5_reaction"":{""value"":1.5285344055226864,""score"":76.42672027613432},""_score"":69.8,""_levels_found"":5,""_target_level"":342.896},""volume"":{""V1_rvol_day"":{""value"":0.2683477807889617,""score"":0},""V2_rvol_sameslot"":{""value"":0.48065427724505577,""score"":0,""status"":""ok""},""V3_breakout_bar"":{""value"":0.6517919654427551,""score"":10.119464362850339},""V4_base_dryup"":{""value"":1.082913929010532,""score"":41.70860709894679},""V5_bo_expansion"":{""value"":0.26834778078896177,""score"":0},""_score"":10.87},""readiness"":{""_distance_atr"":1.457,""BR1_atr_distance"":{""score"":2.8355571425351513},""BR2_compression"":{""score"":0},""BR3_retest"":{""score"":50.0},""BR4_bo_age"":{""score"":50.0},""_score"":18.63},""risk"":{""R1_stop_clarity"":{""score"":0},""R2_stop_distance_pct"":{""value"":1.7312206572770055,""score"":93.28051643192514},""R3_stop_distance_atr"":{""value"":0.6733792633426547,""score"":58.66896316713274},""R4_rr_potential"":{""value"":4.464406779660987,""score"":100.0},""_score"":56.78},""market"":{""M1_spy_regime"":{""score"":100.0},""M3_earnings_risk"":{""value"":null,""score"":80.0},""M4_vix"":{""value"":null,""score"":60.0},""_score"":84.0},""liquidity"":{""L1_price"":{""value"":340.8,""score"":100.0},""L2_dollar_vol"":{""value"":143591046.8420352,""score"":100.0},""L3_spread_proxy"":{""value"":0.011619718309859094,""score"":88.3802816901409},""L4_volume_zscore"":{""value"":-1.893939342516509,""score"":100.0},""_score"":98.84},""pattern_structure"":{""left_low"":343.04,""left_idx"":34,""right_low"":340.0,""right_idx"":76,""separation_bars"":42,""structural_low"":340.0,""current_price"":340.36,""neckline_distance_pct"":0.038811846280408915,""base_bars"":42},""pattern_geometry_features"":{""low_similarity_pct"":0.00890138205668781,""bounce_pct"":0.039911764705882334,""right_bottom_reaction"":0.7106598984771606,""atr_pct"":0.02570944416498996},""_schema_version"":""1.0""}",,,,,,,,,,
20260513T182534Z-d71724,2026-05-13T18:25:34.488073+00:00,BA,cup_with_handle,setup,49.58,73.0,44.2,50.9,42.7,20.8,36.6,44.5,84.0,96.7,10.22,13.27,4.07,5.13,2.7,2.93,2.22,4.2,4.84,True,risk_unclear,240.29,236.45,217.7244,285.24,"{""trend"":{""T1_ema_stack"":{""value"":[true,true,true],""score"":100.0},""T2_ema50_slope"":{""value"":0.15126641810395874,""score"":75.21106968399313},""T3_high_proximity"":{""value"":0.9846336666120308,""score"":92.31683330601537},""T4_rs_1m"":{""value"":0.004260961532608798,""score"":54.260961532608796},""T5_rs_3m"":{""value"":-0.05637162089946801,""score"":21.814189550265993},""T6_adr_healthy"":{""value"":2.8312646877570558,""score"":100.0},""_score"":73.01},""geometry"":{""sub_cup_depth"":100.0,""sub_cup_duration"":0.0,""sub_rim_symmetry"":3.4,""sub_handle_shallowness"":45.7,""sub_handle_proportion"":100.0,""sub_u_shape"":29.5,""_score"":44.24},""compression"":{""VC1_atr_ratio"":{""value"":0.4647119554073782,""score"":100},""VC2_range_contraction"":{""value"":0.9069106115464961,""score"":15.514898075583982},""VC3_range_pct_rank"":{""score"":21.666666666666668},""_score"":50.85},""sr_quality"":{""SR1_touches"":{""value"":2,""score"":25.0},""SR2_tightness"":{""value"":0.4749999999999943,""score"":84.84503190519617},""SR3_recency"":{""value"":236,""score"":0.0},""SR4_price_location"":{""score"":30.0},""SR5_reaction"":{""value"":2.0985642661804897,""score"":100},""_score"":42.73,""_levels_found"":4,""_target_level"":235.975},""volume"":{""V1_rvol_day"":{""value"":0.7005523582757034,""score"":13.370157218380227},""V2_rvol_sameslot"":{""value"":0.9834661096919971,""score"":32.23107397946647,""status"":""ok""},""V3_breakout_bar"":{""value"":0.6289808471323862,""score"":8.59872314215908},""V4_base_dryup"":{""value"":1.0251977847543385,""score"":47.48022152456615},""V5_bo_expansion"":{""value"":0.7005523582757034,""score"":0},""_score"":20.77},""readiness"":{""_distance_atr"":-0.613,""BR1_atr_distance"":{""score"":47.74840474020054},""BR2_compression"":{""score"":0},""BR3_retest"":{""score"":50.0},""BR4_bo_age"":{""score"":50.0},""_score"":36.6},""risk"":{""R1_stop_clarity"":{""score"":0},""R2_stop_distance_pct"":{""value"":9.390985892047105,""score"":65.22535269882238},""R3_stop_distance_atr"":{""value"":3.5997994530537807,""score"":100.0},""R4_rr_potential"":{""value"":1.9919700783493477,""score"":49.59850391746738},""_score"":44.49},""market"":{""M1_spy_regime"":{""score"":100.0},""M3_earnings_risk"":{""value"":null,""score"":80.0},""M4_vix"":{""value"":null,""score"":60.0},""_score"":84.0},""liquidity"":{""L1_price"":{""value"":240.29,""score"":100.0},""L2_dollar_vol"":{""value"":1101520645.1289208,""score"":100.0},""L3_spread_proxy"":{""value"":0.032752091223105434,""score"":67.24790877689458},""L4_volume_zscore"":{""value"":-0.7189553886225064,""score"":100.0},""_score"":96.72},""pattern_structure"":{""left_rim"":225.56,""left_rim_idx"":44,""cup_bottom"":176.77,""cup_bottom_idx"":62,""right_rim"":236.45,""right_rim_idx"":166,""handle_low"":221.04,""handle_bars"":13,""cup_bars"":122,""structural_low"":221.04,""current_price"":240.29,""neckline_distance_pct"":-0.015980689999583853,""base_bars"":135},""pattern_geometry_features"":{""cup_depth_pct"":0.2163060826387657,""rim_symmetry_pct"":0.048279836850505346,""handle_depth_pct"":0.06517234087544935,""handle_to_cup_ratio"":0.10655737704918032,""cup_duration_bars"":122.0,""atr_pct"":0.026087525192773024,""u_shape_score"":0.14754098360655737},""_schema_version"":""1.0""}",,,,,,,,,,
20260513T182534Z-d71724,2026-05-13T18:25:34.488073+00:00,ATI,bull_flag,absent,49.47,74.7,30.3,45.4,67.3,30.9,34.5,61.8,84.0,95.2,10.46,9.1,4.09,6.73,4.33,3.1,1.85,5.04,4.76,False,,164.84,171.11,150.7296,190.4,"{""trend"":{""T1_ema_stack"":{""value"":[true,true,true],""score"":100.0},""T2_ema50_slope"":{""value"":0.1631168048264335,""score"":77.18613413773892},""T3_high_proximity"":{""value"":0.9905059488042304,""score"":95.25297440211517},""T4_rs_1m"":{""value"":-0.05846259062811887,""score"":0},""T5_rs_3m"":{""value"":0.1148638642965476,""score"":100},""T6_adr_healthy"":{""value"":4.5198219238996895,""score"":100.0},""_score"":74.73},""geometry"":{""sub_pole_impulse"":47.1,""sub_flag_tightness"":0,""sub_flag_shallowness"":0,""sub_flag_drift"":99.6,""sub_flag_duration"":12.5,""_score"":30.32},""compression"":{""VC1_atr_ratio"":{""value"":0.4124738775727798,""score"":100},""VC2_range_contraction"":{""value"":1.0989125761039527,""score"":0},""VC3_range_pct_rank"":{""score"":21.666666666666668},""_score"":45.42},""sr_quality"":{""SR1_touches"":{""value"":4,""score"":75.0},""SR2_tightness"":{""value"":2.0580389189408037,""score"":43.32155368009262},""SR3_recency"":{""value"":239,""score"":0.0},""SR4_price_location"":{""score"":93.39572428787793},""SR5_reaction"":{""value"":2.487508139061397,""score"":100},""_score"":67.35,""_levels_found"":4,""_target_level"":165.6434},""volume"":{""V1_rvol_day"":{""value"":0.4958966864825149,""score"":0},""V2_rvol_sameslot"":{""value"":0.9885213420312313,""score"":32.56808946874876,""status"":""ok""},""V3_breakout_bar"":{""value"":1.163283113712079,""score"":44.21887424747193},""V4_base_dryup"":{""value"":0.8325855574002207,""score"":66.74144425997792},""V5_bo_expansion"":{""value"":0.495896686482515,""score"":0},""_score"":30.92},""readiness"":{""_distance_atr"":0.863,""BR1_atr_distance"":{""score"":42.441344661464164},""BR2_compression"":{""score"":0},""BR3_retest"":{""score"":50.0},""BR4_bo_age"":{""score"":50.0},""_score"":34.48},""risk"":{""R1_stop_clarity"":{""score"":36.78531172359239},""R2_stop_distance_pct"":{""value"":8.560043072069888,""score"":85.9989231982528},""R3_stop_distance_atr"":{""value"":1.9430005055561999,""score"":100.0},""R4_rr_potential"":{""value"":1.8114330767254607,""score"":40.571653836273036},""_score"":61.79},""market"":{""M1_spy_regime"":{""score"":100.0},""M3_earnings_risk"":{""value"":null,""score"":80.0},""M4_vix"":{""value"":null,""score"":60.0},""_score"":84.0},""liquidity"":{""L1_price"":{""value"":164.84,""score"":100.0},""L2_dollar_vol"":{""value"":152390554.76561126,""score"":100.0},""L3_spread_proxy"":{""value"":0.04816792040766803,""score"":51.83207959233197},""L4_volume_zscore"":{""value"":-1.321050247076507,""score"":100.0},""_score"":95.18},""pattern_structure"":{""pole_low"":151.82,""pole_low_idx"":8,""peak_price"":171.11,""peak_idx"":32,""pole_gain"":0.1270583585825321,""flag_bars"":27,""flag_low"":153.025,""flag_high"":166.96,""structural_low"":153.025,""current_price"":165.115,""neckline_distance_pct"":0.03630802773824307,""base_bars"":27},""pattern_geometry_features"":{""pole_gain"":0.1270583585825321,""pullback_pct"":0.10569224475483611,""flag_range_pct"":0.08143884051195138,""flag_drift_per_bar"":-7.313694895076733e-05,""atr_pct"":0.04405579436336536,""pole_atr_multiple"":2.8840328592097206},""_schema_version"":""1.0""}",,,,,,,,,,
20260513T182534Z-d71724,2026-05-13T18:25:34.488073+00:00,AMD,breakout_retest_hold,setup,49.43,98.5,50.0,6.5,39.7,6.6,41.8,65.7,84.0,94.0,13.79,11.0,0.39,5.56,0.86,7.52,3.29,4.2,2.82,False,,449.795,430.6,421.8489,440.0476,"{""trend"":{""T1_ema_stack"":{""value"":[true,true,true],""score"":100.0},""T2_ema50_slope"":{""value"":0.919227624888198,""score"":100},""T3_high_proximity"":{""value"":0.980394080080211,""score"":90.19704004010548},""T4_rs_1m"":{""value"":0.6938530435388472,""score"":100},""T5_rs_3m"":{""value"":1.0325499243052332,""score"":100},""T6_adr_healthy"":{""value"":5.443801372488444,""score"":100.0},""_score"":98.53},""geometry"":{""sub_retest_depth"":100.0,""sub_retest_timing"":0.0,""sub_retest_freshness"":100.0,""sub_hold_quality"":0.0,""_score"":50.0},""compression"":{""VC1_atr_ratio"":{""value"":1.2822996232552244,""score"":0},""VC2_range_contraction"":{""value"":1.3359663912729272,""score"":0},""VC3_range_pct_rank"":{""score"":25.83333333333333},""_score"":6.46},""sr_quality"":{""SR1_touches"":{""value"":2,""score"":25.0},""SR2_tightness"":{""value"":3.2150999999999783,""score"":78.18985813915529},""SR3_recency"":{""value"":295,""score"":0.0},""SR4_price_location"":{""score"":30.0},""SR5_reaction"":{""value"":1.7335606505141283,""score"":86.67803252570641},""_score"":39.73,""_levels_found"":3,""_target_level"":263.7449},""volume"":{""V1_rvol_day"":{""value"":0.41725732466770615,""score"":0},""V2_rvol_sameslot"":{""value"":0.5621742009446798,""score"":4.144946729645324,""status"":""ok""},""V3_breakout_bar"":{""value"":0.48246178093636216,""score"":0},""V4_base_dryup"":{""value"":1.2109485134418023,""score"":28.905148655819772},""V5_bo_expansion"":{""value"":0.4172573246677062,""score"":0},""_score"":6.61},""readiness"":{""_distance_atr"":-0.651,""BR1_atr_distance"":{""score"":46.97876666296796},""BR2_compression"":{""score"":0},""BR3_retest"":{""score"":92.38534283885465},""BR4_bo_age"":{""score"":30.0},""_score"":41.77},""risk"":{""R1_stop_clarity"":{""score"":71.09415088698765},""R2_stop_distance_pct"":{""value"":6.21307484520726,""score"":100.0},""R3_stop_distance_atr"":{""value"":0.9478840556395706,""score"":72.39420278197852},""R4_rr_potential"":{""value"":-0.3487913212525948,""score"":0.0},""_score"":65.74},""market"":{""M1_spy_regime"":{""score"":100.0},""M3_earnings_risk"":{""value"":null,""score"":80.0},""M4_vix"":{""value"":null,""score"":60.0},""_score"":84.0},""liquidity"":{""L1_price"":{""value"":449.795,""score"":100.0},""L2_dollar_vol"":{""value"":9068394221.271059,""score"":100.0},""L3_spread_proxy"":{""value"":0.059693860536466664,""score"":40.306139463533334},""L4_volume_zscore"":{""value"":-1.7461015282843824,""score"":100.0},""_score"":94.03},""pattern_structure"":{""level"":430.6,""level_idx"":46,""breakout_idx"":58,""bo_peak_idx"":68,""bo_peak_price"":469.215,""retest_idx"":73,""retest_low"":426.11,""structural_low"":426.11,""current_price"":450.8,""neckline_distance_pct"":-0.04480922803904168,""base_bars"":33,""bars_since_breakout"":21},""pattern_geometry_features"":{""retest_depth_atr"":0.4752508184203177,""bars_breakout_to_retest"":15.0,""bars_since_retest"":6.0,""current_above_level_atr"":2.1380994503542077,""bo_peak_excess_pct"":0.08967719461216896,""atr_pct"":0.06554678083507884},""_schema_version"":""1.0""}",,,,,,,,,,
20260513T182534Z-d71724,2026-05-13T18:25:34.488073+00:00,TEM,double_bottom,forming,49.39,15.9,53.3,63.5,64.5,19.6,32.4,75.7,84.0,97.2,2.38,13.32,5.08,9.02,2.54,2.59,4.54,5.04,4.86,True,reversal_trend_cap,45.64,49.51,44.5712,53.77,"{""trend"":{""T1_ema_stack"":{""value"":[false,false,false],""score"":0.0},""T2_ema50_slope"":{""value"":0.026888833962664123,""score"":54.48147232711069},""T3_high_proximity"":{""value"":0.7611741160773849,""score"":0},""T4_rs_1m"":{""value"":-0.14810310138816662,""score"":0},""T5_rs_3m"":{""value"":-0.2220953935499138,""score"":0},""T6_adr_healthy"":{""value"":5.75906877285002,""score"":100.0},""_score"":15.9},""geometry"":{""sub_low_similarity"":34.8,""sub_bounce_quality"":91.6,""sub_separation_fit"":100.0,""sub_right_bottom_reaction"":23.4,""sub_base_context"":30.0,""_score"":53.27},""compression"":{""VC1_atr_ratio"":{""value"":0.44628149073769025,""score"":100},""VC2_range_contraction"":{""value"":1.0117569291444124,""score"":0},""VC3_range_pct_rank"":{""score"":94.16666666666667},""_score"":63.54},""sr_quality"":{""SR1_touches"":{""value"":8,""score"":100},""SR2_tightness"":{""value"":0.7277165382207559,""score"":52.019631317640126},""SR3_recency"":{""value"":233,""score"":0.0},""SR4_price_location"":{""score"":46.6008771929825},""SR5_reaction"":{""value"":2.4401883793489163,""score"":100},""_score"":64.45,""_levels_found"":5,""_target_level"":49.7308},""volume"":{""V1_rvol_day"":{""value"":0.5983785358546009,""score"":6.558569056973392},""V2_rvol_sameslot"":{""value"":1.040630109690067,""score"":36.04200731267113,""status"":""ok""},""V3_breakout_bar"":{""value"":0.6486546342635031,""score"":9.910308950900209},""V4_base_dryup"":{""value"":1.071612432197103,""score"":42.8387567802897},""V5_bo_expansion"":{""value"":0.5983785358546008,""score"":0},""_score"":19.57},""readiness"":{""_distance_atr"":1.276,""BR1_atr_distance"":{""score"":14.946723965385289},""BR2_compression"":{""score"":35.63203645463622},""BR3_retest"":{""score"":50.0},""BR4_bo_age"":{""score"":50.0},""_score"":32.39},""risk"":{""R1_stop_clarity"":{""score"":55.24813092364741},""R2_stop_distance_pct"":{""value"":2.3416958808063133,""score"":100.0},""R3_stop_distance_atr"":{""value"":0.35232825101548315,""score"":42.61641255077415},""R4_rr_potential"":{""value"":7.607017543859635,""score"":100.0},""_score"":75.73},""market"":{""M1_spy_regime"":{""score"":100.0},""M3_earnings_risk"":{""value"":null,""score"":80.0},""M4_vix"":{""value"":null,""score"":60.0},""_score"":84.0},""liquidity"":{""L1_price"":{""value"":45.64,""score"":100.0},""L2_dollar_vol"":{""value"":166916382.8087045,""score"":100.0},""L3_spread_proxy"":{""value"":0.028376424189307577,""score"":71.62357581069242},""L4_volume_zscore"":{""value"":-0.9196798601774179,""score"":100.0},""_score"":97.16},""pattern_structure"":{""left_low"":46.75,""left_idx"":58,""right_low"":45.25,""right_idx"":76,""separation_bars"":18,""structural_low"":45.25,""current_price"":45.85,""neckline_distance_pct"":0.07982551799345684,""base_bars"":18},""pattern_geometry_features"":{""low_similarity_pct"":0.03260869565217391,""bounce_pct"":0.09414364640883974,""right_bottom_reaction"":0.23428663758280752,""atr_pct"":0.06646347189182417},""_schema_version"":""1.0""}",,,,,,,,,,
20260513T182534Z-d71724,2026-05-13T18:25:34.488073+00:00,TMUS,breakout_retest_hold,retest_hold,49.37,13.5,60.0,65.3,50.3,19.4,62.6,48.1,84.0,97.3,1.89,13.2,3.92,7.04,2.53,11.26,2.41,4.2,2.92,True,risk_unclear;trend_floor;weak_retest_trend,191.23,190.47,187.5654,192.49,"{""trend"":{""T1_ema_stack"":{""value"":[false,false,false],""score"":0.0},""T2_ema50_slope"":{""value"":-0.18305356977808704,""score"":19.491071703652157},""T3_high_proximity"":{""value"":0.8614740066672674,""score"":30.737003333633663},""T4_rs_1m"":{""value"":-0.06309115753701855,""score"":0},""T5_rs_3m"":{""value"":-0.16081098407510952,""score"":0},""T6_adr_healthy"":{""value"":2.844844329487022,""score"":100.0},""_score"":13.51},""geometry"":{""sub_retest_depth"":100.0,""sub_retest_timing"":0.0,""sub_retest_freshness"":0.0,""sub_hold_quality"":100.0,""_score"":60.0},""compression"":{""VC1_atr_ratio"":{""value"":0.25262829412387067,""score"":100},""VC2_range_contraction"":{""value"":0.6729436067383283,""score"":54.50939887694528},""VC3_range_pct_rank"":{""score"":25.0},""_score"":65.33},""sr_quality"":{""SR1_touches"":{""value"":3,""score"":50.0},""SR2_tightness"":{""value"":0.6571952187558615,""score"":75.01810211736739},""SR3_recency"":{""value"":310,""score"":0.0},""SR4_price_location"":{""score"":47.85591766723807},""SR5_reaction"":{""value"":1.606678685984462,""score"":80.3339342992231},""_score"":50.27,""_levels_found"":7,""_target_level"":194.7767},""volume"":{""V1_rvol_day"":{""value"":0.23987315434427003,""score"":0},""V2_rvol_sameslot"":{""value"":0.7386172037908622,""score"":15.907813586057475,""status"":""ok""},""V3_breakout_bar"":{""value"":0.8791716324915114,""score"":25.278108832767426},""V4_base_dryup"":{""value"":1.0034226629835958,""score"":49.65773370164042},""V5_bo_expansion"":{""value"":0.23987315434427006,""score"":0},""_score"":19.43},""readiness"":{""_distance_atr"":-0.144,""BR1_atr_distance"":{""score"":100.0},""BR2_compression"":{""score"":0},""BR3_retest"":{""score"":90.40174207702509},""BR4_bo_age"":{""score"":30.0},""_score"":62.58},""risk"":{""R1_stop_clarity"":{""score"":27.98075461042218},""R2_stop_distance_pct"":{""value"":1.916331119594195,""score"":97.90827798985488},""R3_stop_distance_atr"":{""value"":0.696510415535326,""score"":59.825520776766304},""R4_rr_potential"":{""value"":0.34383015881678713,""score"":0.0},""_score"":48.14},""market"":{""M1_spy_regime"":{""score"":100.0},""M3_earnings_risk"":{""value"":null,""score"":80.0},""M4_vix"":{""value"":null,""score"":60.0},""_score"":84.0},""liquidity"":{""L1_price"":{""value"":191.23,""score"":100.0},""L2_dollar_vol"":{""value"":277122165.4746839,""score"":100.0},""L3_spread_proxy"":{""value"":0.02690477435548821,""score"":73.09522564451179},""L4_volume_zscore"":{""value"":-1.6495108917073051,""score"":100.0},""_score"":97.31},""pattern_structure"":{""level"":190.47,""level_idx"":4,""breakout_idx"":16,""bo_peak_idx"":20,""bo_peak_price"":200.63,""retest_idx"":69,""retest_low"":189.46,""structural_low"":189.46,""current_price"":191.06,""neckline_distance_pct"":-0.0030880351721972333,""base_bars"":75,""bars_since_breakout"":63},""pattern_geometry_features"":{""retest_depth_atr"":0.6329198913203976,""bars_breakout_to_retest"":53.0,""bars_since_retest"":10.0,""current_above_level_atr"":0.3697254810683565,""bo_peak_excess_pct"":0.05334173360634219,""atr_pct"":0.027513316051725308},""_schema_version"":""1.0""}",,,,,,,,,,
20260513T182534Z-d71724,2026-05-13T18:25:34.488073+00:00,BA,ascending_triangle,absent,49.34,73.0,34.6,50.9,42.7,22.4,53.6,45.0,84.0,96.7,10.95,9.69,4.07,5.98,2.69,4.29,1.8,5.04,4.84,True,risk_unclear,240.29,241.21,225.0429,253.95,"{""trend"":{""T1_ema_stack"":{""value"":[true,true,true],""score"":100.0},""T2_ema50_slope"":{""value"":0.15126641810395874,""score"":75.21106968399313},""T3_high_proximity"":{""value"":0.9846336666120308,""score"":92.31683330601537},""T4_rs_1m"":{""value"":0.004260961532608798,""score"":54.260961532608796},""T5_rs_3m"":{""value"":-0.05637162089946801,""score"":21.814189550265993},""T6_adr_healthy"":{""value"":2.8312646877570558,""score"":100.0},""_score"":73.01},""geometry"":{""sub_flat_top_quality"":33.3,""sub_hl_slope"":32.1,""sub_compression"":0,""sub_duration"":100.0,""_score"":34.62},""compression"":{""VC1_atr_ratio"":{""value"":0.4647119554073782,""score"":100},""VC2_range_contraction"":{""value"":0.9069106115464961,""score"":15.514898075583982},""VC3_range_pct_rank"":{""score"":21.666666666666668},""_score"":50.85},""sr_quality"":{""SR1_touches"":{""value"":2,""score"":25.0},""SR2_tightness"":{""value"":0.4749999999999943,""score"":84.84503190519617},""SR3_recency"":{""value"":236,""score"":0.0},""SR4_price_location"":{""score"":30.0},""SR5_reaction"":{""value"":2.0985642661804897,""score"":100},""_score"":42.73,""_levels_found"":4,""_target_level"":235.975},""volume"":{""V1_rvol_day"":{""value"":0.7005523582757034,""score"":13.370157218380227},""V2_rvol_sameslot"":{""value"":0.9834661096919971,""score"":32.23107397946647,""status"":""ok""},""V3_breakout_bar"":{""value"":0.6289808471323862,""score"":8.59872314215908},""V4_base_dryup"":{""value"":0.9447078333567043,""score"":55.529216664329574},""V5_bo_expansion"":{""value"":0.7005523582757034,""score"":0},""_score"":22.38},""readiness"":{""_distance_atr"":0.147,""BR1_atr_distance"":{""score"":90.21573989668777},""BR2_compression"":{""score"":0},""BR3_retest"":{""score"":50.0},""BR4_bo_age"":{""score"":50.0},""_score"":53.59},""risk"":{""R1_stop_clarity"":{""score"":0},""R2_stop_distance_pct"":{""value"":6.345270298389447,""score"":100.0},""R3_stop_distance_atr"":{""value"":2.4323005925250683,""score"":100.0},""R4_rr_potential"":{""value"":0.895911012294183,""score"":0.0},""_score"":45.0},""market"":{""M1_spy_regime"":{""score"":100.0},""M3_earnings_risk"":{""value"":null,""score"":80.0},""M4_vix"":{""value"":null,""score"":60.0},""_score"":84.0},""liquidity"":{""L1_price"":{""value"":240.29,""score"":100.0},""L2_dollar_vol"":{""value"":1101520645.1289208,""score"":100.0},""L3_spread_proxy"":{""value"":0.032752091223105434,""score"":67.24790877689458},""L4_volume_zscore"":{""value"":-0.7189553886225064,""score"":100.0},""_score"":96.72},""pattern_structure"":{""top"":241.21,""top_touches"":2,""low_slope_per_bar"":0.2197468684759897,""lowest_low"":228.47,""structural_low"":228.47,""current_price"":240.075,""neckline_distance_pct"":0.004727689263771819,""base_bars"":52},""pattern_geometry_features"":{""top_touches"":2.0,""low_slope"":0.2197468684759897,""compression"":-0.07396953718050536,""atr_pct"":0.026087525192773024},""_schema_version"":""1.0""}",,,,,,,,,,
20260513T182534Z-d71724,2026-05-13T18:25:34.488073+00:00,LMT,breakout_retest_hold,setup,49.31,13.3,76.0,69.3,40.4,0.1,63.5,47.3,84.0,96.1,1.87,16.72,4.16,5.66,0.01,11.44,2.37,4.2,2.88,True,risk_unclear;trend_floor;weak_retest_trend,517.01,512.0,505.6772,515.7111,"{""trend"":{""T1_ema_stack"":{""value"":[false,false,true],""score"":33.33333333333333},""T2_ema50_slope"":{""value"":-0.54074087543504,""score"":0},""T3_high_proximity"":{""value"":0.7640165509088221,""score"":0},""T4_rs_1m"":{""value"":-0.22419710571955176,""score"":0},""T5_rs_3m"":{""value"":-0.25108139834148435,""score"":0},""T6_adr_healthy"":{""value"":2.624078041698308,""score"":100.0},""_score"":13.33},""geometry"":{""sub_retest_depth"":100.0,""sub_retest_timing"":80.0,""sub_retest_freshness"":100.0,""sub_hold_quality"":33.3,""_score"":75.99},""compression"":{""VC1_atr_ratio"":{""value"":0.3734346283487839,""score"":100},""VC2_range_contraction"":{""value"":0.8182800090575181,""score"":30.28666515708032},""VC3_range_pct_rank"":{""score"":75.0},""_score"":69.35},""sr_quality"":{""SR1_touches"":{""value"":2,""score"":25.0},""SR2_tightness"":{""value"":0.5600000000000023,""score"":91.1965307144509},""SR3_recency"":{""value"":254,""score"":0.0},""SR4_price_location"":{""score"":17.02076356329536},""SR5_reaction"":{""value"":3.6664091502181786,""score"":100},""_score"":40.43,""_levels_found"":5,""_target_level"":594.44},""volume"":{""V1_rvol_day"":{""value"":0.2655512287386973,""score"":0},""V2_rvol_sameslot"":{""value"":0.3429457008950233,""score"":0,""status"":""ok""},""V3_breakout_bar"":{""value"":0.3926950235039594,""score"":0},""V4_base_dryup"":{""value"":1.4952029396634072,""score"":0.47970603365928355},""V5_bo_expansion"":{""value"":0.2655512287386973,""score"":0},""_score"":0.1},""readiness"":{""_distance_atr"":-0.394,""BR1_atr_distance"":{""score"":100.0},""BR2_compression"":{""score"":0},""BR3_retest"":{""score"":95.22490393663308},""BR4_bo_age"":{""score"":30.0},""_score"":63.54},""risk"":{""R1_stop_clarity"":{""score"":19.702141803229182},""R2_stop_distance_pct"":{""value"":2.191998220537311,""score"":100.0},""R3_stop_distance_atr"":{""value"":0.890789257970842,""score"":69.5394628985421},""R4_rr_potential"":{""value"":-0.11461076176147812,""score"":0.0},""_score"":47.33},""market"":{""M1_spy_regime"":{""score"":100.0},""M3_earnings_risk"":{""value"":null,""score"":80.0},""M4_vix"":{""value"":null,""score"":60.0},""_score"":84.0},""liquidity"":{""L1_price"":{""value"":517.01,""score"":91.495},""L2_dollar_vol"":{""value"":228565923.4728445,""score"":100.0},""L3_spread_proxy"":{""value"":0.017301406162356616,""score"":82.69859383764339},""L4_volume_zscore"":{""value"":-1.8715399316681465,""score"":100.0},""_score"":96.14},""pattern_structure"":{""level"":512.0,""level_idx"":62,""breakout_idx"":67,""bo_peak_idx"":75,""bo_peak_price"":521.35,""retest_idx"":76,""retest_low"":510.785,""structural_low"":510.785,""current_price"":517.69,""neckline_distance_pct"":-0.01099113369004627,""base_bars"":17,""bars_since_breakout"":12},""pattern_geometry_features"":{""retest_depth_atr"":0.32739324074038534,""bars_breakout_to_retest"":9.0,""bars_since_retest"":3.0,""current_above_level_atr"":1.5332243126031677,""bo_peak_excess_pct"":0.018261718750000044,""atr_pct"":0.024607371507044614},""_schema_version"":""1.0""}",,,,,,,,,,
20260513T182534Z-d71724,2026-05-13T18:25:34.488073+00:00,LSCC,ascending_triangle,absent,48.99,99.0,28.1,48.4,41.6,10.9,46.8,43.7,84.0,94.9,14.84,7.87,3.87,5.82,1.3,3.74,1.75,5.04,4.74,False,,127.18,130.0,113.2849,144.99,"{""trend"":{""T1_ema_stack"":{""value"":[true,true,true],""score"":100.0},""T2_ema50_slope"":{""value"":0.5834375678380894,""score"":100},""T3_high_proximity"":{""value"":0.986197270471464,""score"":93.09863523573198},""T4_rs_1m"":{""value"":0.07816550749891316,""score"":100},""T5_rs_3m"":{""value"":0.1289912460858733,""score"":100},""T6_adr_healthy"":{""value"":4.83626853065574,""score"":100.0},""_score"":98.96},""geometry"":{""sub_flat_top_quality"":33.3,""sub_hl_slope"":10.4,""sub_compression"":0,""sub_duration"":100.0,""_score"":28.11},""compression"":{""VC1_atr_ratio"":{""value"":0.6052767316063383,""score"":98.68081709841542},""VC2_range_contraction"":{""value"":1.1504271529218864,""score"":0},""VC3_range_pct_rank"":{""score"":35.83333333333333},""_score"":48.43},""sr_quality"":{""SR1_touches"":{""value"":2,""score"":25.0},""SR2_tightness"":{""value"":0.7986000000000004,""score"":77.28613569321533},""SR3_recency"":{""value"":230,""score"":0.0},""SR4_price_location"":{""score"":30.0},""SR5_reaction"":{""value"":2.1285501840610452,""score"":100},""_score"":41.59,""_levels_found"":7,""_target_level"":127.1476},""volume"":{""V1_rvol_day"":{""value"":0.4766166566194917,""score"":0},""V2_rvol_sameslot"":{""value"":0.5004689876308049,""score"":0.031265842053662674,""status"":""ok""},""V3_breakout_bar"":{""value"":0.4376303790337019,""score"":0},""V4_base_dryup"":{""value"":0.9572179433603543,""score"":54.27820566396457},""V5_bo_expansion"":{""value"":0.47661665661949165,""score"":0},""_score"":10.86},""readiness"":{""_distance_atr"":0.401,""BR1_atr_distance"":{""score"":73.26442217834018},""BR2_compression"":{""score"":0},""BR3_retest"":{""score"":50.0},""BR4_bo_age"":{""score"":50.0},""_score"":46.81},""risk"":{""R1_stop_clarity"":{""score"":50.933104171237744},""R2_stop_distance_pct"":{""value"":10.92557792105677,""score"":26.86055197358077},""R3_stop_distance_atr"":{""value"":1.9760365115353047,""score"":100.0},""R4_rr_potential"":{""value"":1.2817421906204685,""score"":14.087109531023422},""_score"":43.7},""market"":{""M1_spy_regime"":{""score"":100.0},""M3_earnings_risk"":{""value"":null,""score"":80.0},""M4_vix"":{""value"":null,""score"":60.0},""_score"":84.0},""liquidity"":{""L1_price"":{""value"":127.18,""score"":100.0},""L2_dollar_vol"":{""value"":154315416.46838018,""score"":100.0},""L3_spread_proxy"":{""value"":0.05110866488441579,""score"":48.89133511558421},""L4_volume_zscore"":{""value"":-1.4989779355110493,""score"":100.0},""_score"":94.89},""pattern_structure"":{""top"":130.0,""top_touches"":2,""low_slope_per_bar"":0.03589582679635944,""lowest_low"":115.01,""structural_low"":115.01,""current_price"":125.235,""neckline_distance_pct"":0.03804846887850841,""base_bars"":43},""pattern_geometry_features"":{""top_touches"":2.0,""low_slope"":0.03589582679635944,""compression"":-0.2414004079562868,""atr_pct"":0.05529036461258509},""_schema_version"":""1.0""}",,,,,,,,,,
20260513T182534Z-d71724,2026-05-13T18:25:34.488073+00:00,SIRI,bull_flag,absent,48.81,96.0,28.4,59.1,48.6,12.5,36.8,66.7,84.0,91.3,13.44,8.52,5.32,4.86,1.75,3.31,2.0,5.04,4.56,True,risk_unclear,26.565,27.48,25.7085,29.045,"{""trend"":{""T1_ema_stack"":{""value"":[true,true,true],""score"":100.0},""T2_ema50_slope"":{""value"":0.4486219413335591,""score"":100},""T3_high_proximity"":{""value"":0.9467213114754099,""score"":73.36065573770495},""T4_rs_1m"":{""value"":0.05037613633002702,""score"":100},""T5_rs_3m"":{""value"":0.13958459868216333,""score"":100},""T6_adr_healthy"":{""value"":4.062956722846221,""score"":100.0},""_score"":96.0},""geometry"":{""sub_pole_impulse"":15.1,""sub_flag_tightness"":0,""sub_flag_shallowness"":0,""sub_flag_drift"":92.4,""sub_flag_duration"":100.0,""_score"":28.39},""compression"":{""VC1_atr_ratio"":{""value"":0.45541494890519435,""score"":100},""VC2_range_contraction"":{""value"":0.9584988705472464,""score"":6.916854908792273},""VC3_range_pct_rank"":{""score"":66.66666666666667},""_score"":59.09},""sr_quality"":{""SR1_touches"":{""value"":4,""score"":75.0},""SR2_tightness"":{""value"":0.22192341021172124,""score"":55.6469986728894},""SR3_recency"":{""value"":247,""score"":0.0},""SR4_price_location"":{""score"":30.0},""SR5_reaction"":{""value"":1.3716702355460375,""score"":68.58351177730188},""_score"":48.63,""_levels_found"":4,""_target_level"":22.89},""volume"":{""V1_rvol_day"":{""value"":0.27251396387699606,""score"":0},""V2_rvol_sameslot"":{""value"":0.3706799645369828,""score"":0,""status"":""ok""},""V3_breakout_bar"":{""value"":0.6417829759835569,""score"":9.452198398903795},""V4_base_dryup"":{""value"":0.9935761629105708,""score"":50.642383708942916},""V5_bo_expansion"":{""value"":0.27251396387699606,""score"":0},""_score"":12.49},""readiness"":{""_distance_atr"":0.914,""BR1_atr_distance"":{""score"":39.04354032833697},""BR2_compression"":{""score"":14.730877506144196},""BR3_retest"":{""score"":50.0},""BR4_bo_age"":{""score"":50.0},""_score"":36.8},""risk"":{""R1_stop_clarity"":{""score"":21.755888650963485},""R2_stop_distance_pct"":{""value"":3.224167137210617,""score"":100.0},""R3_stop_distance_atr"":{""value"":0.8558886509635978,""score"":67.7944325481799},""R4_rr_potential"":{""value"":2.8955049620548734,""score"":94.77524810274367},""_score"":66.74},""market"":{""M1_spy_regime"":{""score"":100.0},""M3_earnings_risk"":{""value"":null,""score"":80.0},""M4_vix"":{""value"":null,""score"":60.0},""_score"":84.0},""liquidity"":{""L1_price"":{""value"":26.565,""score"":100.0},""L2_dollar_vol"":{""value"":46963423.61330928,""score"":83.5879874636937},""L3_spread_proxy"":{""value"":0.021456804065499727,""score"":78.54319593450028},""L4_volume_zscore"":{""value"":-1.3961401926323205,""score"":100.0},""_score"":91.29},""pattern_structure"":{""pole_low"":25.915,""pole_low_idx"":22,""peak_price"":27.48,""peak_idx"":44,""pole_gain"":0.06038973567431994,""flag_bars"":15,""flag_low"":26.1,""flag_high"":27.31,""structural_low"":26.1,""current_price"":26.645,""neckline_distance_pct"":0.031337962094201574,""base_bars"":15},""pattern_geometry_features"":{""pole_gain"":0.06038973567431994,""pullback_pct"":0.050218340611353676,""flag_range_pct"":0.044032023289665115,""flag_drift_per_bar"":-0.0015201190252794598,""atr_pct"":0.03767040413003146,""pole_atr_multiple"":1.6031082508662617},""_schema_version"":""1.0""}",,,,,,,,,,
20260513T182534Z-d71724,2026-05-13T18:25:34.488073+00:00,SMR,double_bottom,forming,48.7,32.6,51.7,63.8,48.6,11.2,34.1,84.0,84.0,94.2,4.89,12.94,5.1,6.8,1.46,2.73,5.04,5.04,4.71,True,reversal_trend_cap,12.165,13.63,11.3078,15.78,"{""trend"":{""T1_ema_stack"":{""value"":[false,false,false],""score"":0.0},""T2_ema50_slope"":{""value"":-0.08339520991197279,""score"":36.10079834800453},""T3_high_proximity"":{""value"":0.8309426229508196,""score"":15.471311475409754},""T4_rs_1m"":{""value"":0.11726442654513813,""score"":100},""T5_rs_3m"":{""value"":-0.29211888800192387,""score"":0},""T6_adr_healthy"":{""value"":9.58012204601825,""score"":60.496948849543756},""_score"":32.57},""geometry"":{""sub_low_similarity"":36.6,""sub_bounce_quality"":100,""sub_separation_fit"":6.7,""sub_right_bottom_reaction"":91.7,""sub_base_context"":30.0,""_score"":51.74},""compression"":{""VC1_atr_ratio"":{""value"":0.6156987119605392,""score"":96.0753220098652},""VC2_range_contraction"":{""value"":0.9085381178022782,""score"":15.24364703295363},""VC3_range_pct_rank"":{""score"":80.0},""_score"":63.77},""sr_quality"":{""SR1_touches"":{""value"":3,""score"":50.0},""SR2_tightness"":{""value"":0.21664307563876192,""score"":63.24434597369463},""SR3_recency"":{""value"":228,""score"":0.0},""SR4_price_location"":{""score"":36.3722809937002},""SR5_reaction"":{""value"":3.350218538177528,""score"":100},""_score"":48.58,""_levels_found"":5,""_target_level"":13.9493},""volume"":{""V1_rvol_day"":{""value"":0.505399840488359,""score"":0.35998936589059694},""V2_rvol_sameslot"":{""value"":0.8109408390362907,""score"":20.72938926908604,""status"":""ok""},""V3_breakout_bar"":{""value"":0.5325164212894514,""score"":2.1677614192967614},""V4_base_dryup"":{""value"":1.1769602334387685,""score"":32.30397665612314},""V5_bo_expansion"":{""value"":0.505399840488359,""score"":0},""_score"":11.22},""readiness"":{""_distance_atr"":1.243,""BR1_atr_distance"":{""score"":17.149389628121455},""BR2_compression"":{""score"":38.92944948397156},""BR3_retest"":{""score"":50.0},""BR4_bo_age"":{""score"":50.0},""_score"":34.09},""risk"":{""R1_stop_clarity"":{""score"":70.78455609685157},""R2_stop_distance_pct"":{""value"":7.046444718454574,""score"":100.0},""R3_stop_distance_atr"":{""value"":0.7271625584720899,""score"":61.358127923604485},""R4_rr_potential"":{""value"":4.217218852076536,""score"":100.0},""_score"":83.98},""market"":{""M1_spy_regime"":{""score"":100.0},""M3_earnings_risk"":{""value"":null,""score"":80.0},""M4_vix"":{""value"":null,""score"":60.0},""_score"":84.0},""liquidity"":{""L1_price"":{""value"":12.165,""score"":100.0},""L2_dollar_vol"":{""value"":240252917.72836894,""score"":100.0},""L3_spread_proxy"":{""value"":0.05754212905877512,""score"":42.457870941224876},""L4_volume_zscore"":{""value"":-1.2087654727888177,""score"":100.0},""_score"":94.25},""pattern_structure"":{""left_low"":11.85,""left_idx"":29,""right_low"":11.48,""right_idx"":73,""separation_bars"":44,""structural_low"":11.48,""current_price"":12.2,""neckline_distance_pct"":0.11721311475409849,""base_bars"":44},""pattern_geometry_features"":{""low_similarity_pct"":0.03171881697385334,""bounce_pct"":0.1872822299651568,""right_bottom_reaction"":0.9166666666666711,""atr_pct"":0.09690329399330634},""_schema_version"":""1.0""}",,,,,,,,,,
20260513T182534Z-d71724,2026-05-13T18:25:34.488073+00:00,ETN,inverse_head_shoulders,forming,48.64,65.2,52.0,38.8,37.9,16.1,26.3,73.5,84.0,97.9,7.82,14.56,3.1,5.3,2.25,2.1,4.41,4.2,4.9,False,,408.655,434.75,382.4361,481.24,"{""trend"":{""T1_ema_stack"":{""value"":[true,true,true],""score"":100.0},""T2_ema50_slope"":{""value"":0.3263266888131313,""score"":100},""T3_high_proximity"":{""value"":0.94375418581557,""score"":71.87709290778498},""T4_rs_1m"":{""value"":-0.052757178149634765,""score"":0},""T5_rs_3m"":{""value"":-0.04170651164733519,""score"":29.146744176332405},""T6_adr_healthy"":{""value"":3.365565538365753,""score"":100.0},""_score"":65.15},""geometry"":{""sub_head_depth"":71.9,""sub_shoulder_price_sym"":18.7,""sub_shoulder_time_sym"":17.6,""sub_right_shoulder_reaction"":71.8,""sub_base_context"":100.0,""_score"":51.99},""compression"":{""VC1_atr_ratio"":{""value"":0.7994320474300739,""score"":50.14198814248152},""VC2_range_contraction"":{""value"":1.5542328704231134,""score"":0},""VC3_range_pct_rank"":{""score"":75.0},""_score"":38.81},""sr_quality"":{""SR1_touches"":{""value"":2,""score"":25.0},""SR2_tightness"":{""value"":1.545000000000016,""score"":81.65187421481794},""SR3_recency"":{""value"":231,""score"":0.0},""SR4_price_location"":{""score"":12.502167504768558},""SR5_reaction"":{""value"":2.311626332741522,""score"":100},""_score"":37.87,""_levels_found"":7,""_target_level"":433.885},""volume"":{""V1_rvol_day"":{""value"":0.39978517237325434,""score"":0},""V2_rvol_sameslot"":{""value"":0.8381542295289686,""score"":22.54361530193124,""status"":""ok""},""V3_breakout_bar"":{""value"":0.6220587745027151,""score"":8.137251633514337},""V4_base_dryup"":{""value"":1.0219405168807045,""score"":47.80594831192955},""V5_bo_expansion"":{""value"":0.39978517237325434,""score"":0},""_score"":16.1},""readiness"":{""_distance_atr"":1.549,""BR1_atr_distance"":{""score"":0},""BR2_compression"":{""score"":35.259823582782865},""BR3_retest"":{""score"":50.0},""BR4_bo_age"":{""score"":50.0},""_score"":26.31},""risk"":{""R1_stop_clarity"":{""score"":30.836472647041873},""R2_stop_distance_pct"":{""value"":6.415900943338504,""score"":100.0},""R3_stop_distance_atr"":{""value"":1.5568533176346413,""score"":100.0},""R4_rr_potential"":{""value"":2.768422778987682,""score"":88.4211389493841},""_score"":73.48},""market"":{""M1_spy_regime"":{""score"":100.0},""M3_earnings_risk"":{""value"":null,""score"":80.0},""M4_vix"":{""value"":null,""score"":60.0},""_score"":84.0},""liquidity"":{""L1_price"":{""value"":408.655,""score"":100.0},""L2_dollar_vol"":{""value"":464214975.11768955,""score"":100.0},""L3_spread_proxy"":{""value"":0.0208992915784708,""score"":79.1007084215292},""L4_volume_zscore"":{""value"":-1.4969663769451411,""score"":100.0},""_score"":97.91},""pattern_structure"":{""left_shoulder"":422.835,""left_shoulder_idx"":50,""head"":388.26,""head_idx"":60,""right_shoulder"":396.21,""right_shoulder_idx"":77,""left_to_head_bars"":10,""head_to_right_bars"":17,""structural_low"":388.26,""current_price"":406.78,""neckline_distance_pct"":0.06875952603372838,""base_bars"":27},""pattern_geometry_features"":{""head_depth_pct"":0.05192022416350747,""shoulder_price_asymmetry"":0.06501474277970075,""shoulder_time_asymmetry"":0.4117647058823529,""right_shoulder_reaction"":0.717774762550892,""atr_pct"":0.04121069641349586},""_schema_version"":""1.0""}",,,,,,,,,,
20260513T182534Z-d71724,2026-05-13T18:25:34.488073+00:00,WWD,ascending_triangle,absent,48.63,39.2,39.2,57.5,71.8,26.3,17.5,66.1,84.0,97.6,5.88,10.98,4.6,10.06,3.16,1.4,2.65,5.04,4.88,True,risk_unclear,366.46,387.19,353.1816,415.82,"{""trend"":{""T1_ema_stack"":{""value"":[false,true,true],""score"":66.66666666666666},""T2_ema50_slope"":{""value"":-0.019295193796553676,""score"":46.78413436724105},""T3_high_proximity"":{""value"":0.9087662740235586,""score"":54.38313701177927},""T4_rs_1m"":{""value"":-0.16079856772398615,""score"":0},""T5_rs_3m"":{""value"":-0.1328474926997001,""score"":0},""T6_adr_healthy"":{""value"":3.5910376267112007,""score"":100.0},""_score"":39.18},""geometry"":{""sub_flat_top_quality"":33.3,""sub_hl_slope"":6.6,""sub_compression"":48.9,""sub_duration"":100.0,""_score"":39.2},""compression"":{""VC1_atr_ratio"":{""value"":0.35912003866907605,""score"":100},""VC2_range_contraction"":{""value"":1.04818284294383,""score"":0},""VC3_range_pct_rank"":{""score"":70.0},""_score"":57.5},""sr_quality"":{""SR1_touches"":{""value"":5,""score"":100},""SR2_tightness"":{""value"":2.2512494394002656,""score"":63.22022284156456},""SR3_recency"":{""value"":232,""score"":0.0},""SR4_price_location"":{""score"":69.4205819922795},""SR5_reaction"":{""value"":2.3360461744296024,""score"":100},""_score"":71.84,""_levels_found"":8,""_target_level"":373.5556},""volume"":{""V1_rvol_day"":{""value"":0.35427369248521806,""score"":0},""V2_rvol_sameslot"":{""value"":0.7997779752172274,""score"":19.985198347815157,""status"":""ok""},""V3_breakout_bar"":{""value"":1.245375380072623,""score"":49.691692004841535},""V4_base_dryup"":{""value"":1.0056849142817124,""score"":49.431508571828765},""V5_bo_expansion"":{""value"":0.35427369248521806,""score"":0},""_score"":26.31},""readiness"":{""_distance_atr"":1.693,""BR1_atr_distance"":{""score"":0},""BR2_compression"":{""score"":0},""BR3_retest"":{""score"":50.0},""BR4_bo_age"":{""score"":50.0},""_score"":17.5},""risk"":{""R1_stop_clarity"":{""score"":12.130415223278192},""R2_stop_distance_pct"":{""value"":3.623424111772083,""score"":100.0},""R3_stop_distance_atr"":{""value"":1.08467898863902,""score"":79.233949431951},""R4_rr_potential"":{""value"":3.7173153391975013,""score"":100.0},""_score"":66.13},""market"":{""M1_spy_regime"":{""score"":100.0},""M3_earnings_risk"":{""value"":null,""score"":80.0},""M4_vix"":{""value"":null,""score"":60.0},""_score"":84.0},""liquidity"":{""L1_price"":{""value"":366.46,""score"":100.0},""L2_dollar_vol"":{""value"":113376663.71172519,""score"":100.0},""L3_spread_proxy"":{""value"":0.024095399225017695,""score"":75.9046007749823},""L4_volume_zscore"":{""value"":-1.34825837634026,""score"":100.0},""_score"":97.59},""pattern_structure"":{""top"":387.19,""top_touches"":2,""low_slope_per_bar"":0.07072351421188777,""lowest_low"":358.56,""structural_low"":358.56,""current_price"":365.805,""neckline_distance_pct"":0.0584601085277675,""base_bars"":36},""pattern_geometry_features"":{""top_touches"":2.0,""low_slope"":0.07072351421188777,""compression"":0.24461821205022183,""atr_pct"":0.033405497384239966},""_schema_version"":""1.0""}",,,,,,,,,,
20260513T182534Z-d71724,2026-05-13T18:25:34.488073+00:00,NXPI,ascending_triangle,absent,48.52,98.1,28.4,35.4,45.7,3.9,48.8,59.1,84.0,96.9,14.72,7.95,2.83,6.4,0.47,3.9,2.36,5.04,4.85,False,,298.29,303.09,284.1528,317.7,"{""trend"":{""T1_ema_stack"":{""value"":[true,true,true],""score"":100.0},""T2_ema50_slope"":{""value"":0.6325538360408407,""score"":100},""T3_high_proximity"":{""value"":0.9748357789470244,""score"":87.4178894735122},""T4_rs_1m"":{""value"":0.35160815363098696,""score"":100},""T5_rs_3m"":{""value"":0.12092525440638058,""score"":100},""T6_adr_healthy"":{""value"":3.699981480779936,""score"":100.0},""_score"":98.11},""geometry"":{""sub_flat_top_quality"":33.3,""sub_hl_slope"":2.7,""sub_compression"":10.4,""sub_duration"":100.0,""_score"":28.4},""compression"":{""VC1_atr_ratio"":{""value"":0.7629294310353387,""score"":59.26764224116532},""VC2_range_contraction"":{""value"":1.1915271861648653,""score"":0},""VC3_range_pct_rank"":{""score"":46.666666666666664},""_score"":35.37},""sr_quality"":{""SR1_touches"":{""value"":3,""score"":50.0},""SR2_tightness"":{""value"":1.755227114142836,""score"":76.08796427768654},""SR3_recency"":{""value"":296,""score"":0.0},""SR4_price_location"":{""score"":30.0},""SR5_reaction"":{""value"":1.5714509526112517,""score"":78.57254763056258},""_score"":45.7,""_levels_found"":5,""_target_level"":244.4267},""volume"":{""V1_rvol_day"":{""value"":0.35153718748950014,""score"":0},""V2_rvol_sameslot"":{""value"":0.7094003210296824,""score"":13.960021401978828,""status"":""ok""},""V3_breakout_bar"":{""value"":0.5325619221508598,""score"":2.1707948100573233},""V4_base_dryup"":{""value"":1.4695376459170006,""score"":3.0462354082999354},""V5_bo_expansion"":{""value"":0.3515371874895002,""score"":0},""_score"":3.94},""readiness"":{""_distance_atr"":0.327,""BR1_atr_distance"":{""score"":78.202674259402},""BR2_compression"":{""score"":0},""BR3_retest"":{""score"":50.0},""BR4_bo_age"":{""score"":50.0},""_score"":48.78},""risk"":{""R1_stop_clarity"":{""score"":41.0491325345521},""R2_stop_distance_pct"":{""value"":4.739414663582422,""score"":100.0},""R3_stop_distance_atr"":{""value"":0.9629786045624532,""score"":73.14893022812265},""R4_rr_potential"":{""value"":1.3729734317969542,""score"":18.64867158984771},""_score"":59.07},""market"":{""M1_spy_regime"":{""score"":100.0},""M3_earnings_risk"":{""value"":null,""score"":80.0},""M4_vix"":{""value"":null,""score"":60.0},""_score"":84.0},""liquidity"":{""L1_price"":{""value"":298.29,""score"":100.0},""L2_dollar_vol"":{""value"":448606947.6829463,""score"":100.0},""L3_spread_proxy"":{""value"":0.030741895470850565,""score"":69.25810452914943},""L4_volume_zscore"":{""value"":-1.4166255508318175,""score"":100.0},""_score"":96.93},""pattern_structure"":{""top"":303.09,""top_touches"":2,""low_slope_per_bar"":0.02378725976441395,""lowest_low"":288.48,""structural_low"":288.48,""current_price"":299.505,""neckline_distance_pct"":0.011969750087644546,""base_bars"":31},""pattern_geometry_features"":{""top_touches"":2.0,""low_slope"":0.02378725976441395,""compression"":0.05181008116255692,""atr_pct"":0.049216199000972204},""_schema_version"":""1.0""}",,,,,,,,,,
20260513T182534Z-d71724,2026-05-13T18:25:34.488073+00:00,NOK,ascending_triangle,breakout_confirmed,48.52,100.0,40.5,0.8,38.1,23.4,36.1,36.2,84.0,92.1,15.0,11.33,0.07,5.34,2.8,2.89,1.45,5.04,4.6,True,stop_too_wide,14.615,14.0,11.9481,15.87,"{""trend"":{""T1_ema_stack"":{""value"":[true,true,true],""score"":100.0},""T2_ema50_slope"":{""value"":0.7735995001662963,""score"":100},""T3_high_proximity"":{""value"":1.0,""score"":99.99999999999997},""T4_rs_1m"":{""value"":0.34251245293844557,""score"":100},""T5_rs_3m"":{""value"":0.9177153142209635,""score"":100},""T6_adr_healthy"":{""value"":5.664037780613742,""score"":100.0},""_score"":100.0},""geometry"":{""sub_flat_top_quality"":66.7,""sub_hl_slope"":18.2,""sub_compression"":0,""sub_duration"":100.0,""_score"":40.47},""compression"":{""VC1_atr_ratio"":{""value"":1.110660181117013,""score"":0},""VC2_range_contraction"":{""value"":1.2020460838985867,""score"":0},""VC3_range_pct_rank"":{""score"":3.3333333333333326},""_score"":0.83},""sr_quality"":{""SR1_touches"":{""value"":3,""score"":50.0},""SR2_tightness"":{""value"":0.18587630295441146,""score"":59.60089046850436},""SR3_recency"":{""value"":257,""score"":0.0},""SR4_price_location"":{""score"":30.0},""SR5_reaction"":{""value"":0.892921828587988,""score"":44.6460914293994},""_score"":38.14,""_levels_found"":4,""_target_level"":8.575},""volume"":{""V1_rvol_day"":{""value"":0.875544804433146,""score"":25.036320295543064},""V2_rvol_sameslot"":{""value"":1.4931647741198,""score"":66.21098494131999,""status"":""ok""},""V3_breakout_bar"":{""value"":0.8064526427604918,""score"":20.430176184032785},""V4_base_dryup"":{""value"":2.466819275911136,""score"":0},""V5_bo_expansion"":{""value"":0.8755448044331459,""score"":0},""_score"":23.36},""readiness"":{""_distance_atr"":-0.668,""BR1_atr_distance"":{""score"":46.63334057813518},""BR2_compression"":{""score"":0},""BR3_retest"":{""score"":50.0},""BR4_bo_age"":{""score"":50.0},""_score"":36.15},""risk"":{""R1_stop_clarity"":{""score"":60.45424907628766},""R2_stop_distance_pct"":{""value"":18.24803284296955,""score"":0.0},""R3_stop_distance_atr"":{""value"":2.898228645946533,""score"":100.0},""R4_rr_potential"":{""value"":0.47057500140610026,""score"":0.0},""_score"":36.16},""market"":{""M1_spy_regime"":{""score"":100.0},""M3_earnings_risk"":{""value"":null,""score"":80.0},""M4_vix"":{""value"":null,""score"":60.0},""_score"":84.0},""liquidity"":{""L1_price"":{""value"":14.615,""score"":100.0},""L2_dollar_vol"":{""value"":1470688958.660671,""score"":100.0},""L3_spread_proxy"":{""value"":0.0793705097502566,""score"":20.629490249743398},""L4_volume_zscore"":{""value"":-0.41141690022921945,""score"":100.0},""_score"":92.06},""pattern_structure"":{""top"":14.0,""top_touches"":3,""low_slope_per_bar"":0.006633906633906601,""lowest_low"":12.13,""structural_low"":12.13,""current_price"":14.475,""neckline_distance_pct"":-0.0328151986183074,""base_bars"":51},""pattern_geometry_features"":{""top_touches"":3.0,""low_slope"":0.006633906633906601,""compression"":-0.03245335789078729,""atr_pct"":0.06296270954498803},""_schema_version"":""1.0""}",,,,,,,,,,
20260513T182534Z-d71724,2026-05-13T18:25:34.488073+00:00,EA,vcp,forming,48.11,36.6,50.0,52.7,50.9,29.7,17.5,51.8,84.0,99.6,5.49,12.5,6.32,6.1,3.86,1.23,2.59,5.04,4.98,True,risk_unclear,200.07,204.22,199.0192,211.43,"{""trend"":{""T1_ema_stack"":{""value"":[false,false,true],""score"":33.33333333333333},""T2_ema50_slope"":{""value"":-0.001642462469782369,""score"":49.72625625503627},""T3_high_proximity"":{""value"":0.9799666927899686,""score"":89.98334639498428},""T4_rs_1m"":{""value"":-0.08326954965979516,""score"":0},""T5_rs_3m"":{""value"":-0.08415892589734109,""score"":7.920537051329454},""T6_adr_healthy"":{""value"":0.4000334303077221,""score"":72.50083575769305},""_score"":36.59},""geometry"":{""sub_contraction_count"":100.0,""sub_reduction_rate"":0,""sub_pivot_tightness"":100,""sub_volume_dryup"":0,""sub_base_depth"":0.0,""sub_base_duration"":100.0,""_score"":50.0},""compression"":{""VC1_atr_ratio"":{""value"":0.25919499603710316,""score"":100},""VC2_range_contraction"":{""value"":0.9505721535734935,""score"":8.23797440441776},""VC3_range_pct_rank"":{""score"":39.16666666666667},""_score"":52.67},""sr_quality"":{""SR1_touches"":{""value"":3,""score"":50.0},""SR2_tightness"":{""value"":0.07813805446487328,""score"":81.9928763373132},""SR3_recency"":{""value"":246,""score"":0.0},""SR4_price_location"":{""score"":34.26337448559674},""SR5_reaction"":{""value"":3.2705075445816036,""score"":100},""_score"":50.86,""_levels_found"":4,""_target_level"":201.9717},""volume"":{""V1_rvol_day"":{""value"":0.7019817382804043,""score"":13.465449218693623},""V2_rvol_sameslot"":{""value"":1.2899967177664604,""score"":52.66644785109737,""status"":""ok""},""V3_breakout_bar"":{""value"":0.7004150077872014,""score"":13.361000519146762},""V4_base_dryup"":{""value"":0.8430758014308616,""score"":65.69241985691384},""V5_bo_expansion"":{""value"":0.7019817382804043,""score"":0},""_score"":29.71},""readiness"":{""_distance_atr"":4.782,""BR1_atr_distance"":{""score"":0},""BR2_compression"":{""score"":0},""BR3_retest"":{""score"":50.0},""BR4_bo_age"":{""score"":50.0},""_score"":17.5},""risk"":{""R1_stop_clarity"":{""score"":0},""R2_stop_distance_pct"":{""value"":0.5251911830859167,""score"":63.129779577147914},""R3_stop_distance_atr"":{""value"":1.21074074074073,""score"":85.5370370370365},""R4_rr_potential"":{""value"":10.811325243873503,""score"":100.0},""_score"":51.77},""market"":{""M1_spy_regime"":{""score"":100.0},""M3_earnings_risk"":{""value"":null,""score"":80.0},""M4_vix"":{""value"":null,""score"":60.0},""_score"":84.0},""liquidity"":{""L1_price"":{""value"":200.07,""score"":100.0},""L2_dollar_vol"":{""value"":236999128.4361172,""score"":100.0},""L3_spread_proxy"":{""value"":0.00429849552656577,""score"":95.70150447343423},""L4_volume_zscore"":{""value"":-0.9570689062580597,""score"":100.0},""_score"":99.57},""pattern_structure"":{""n_contractions"":5,""contractions_pct"":[0.44,3.96,2.08,2.41,1.06],""descending_strict"":false,""final_low"":202.05,""final_pivot"":204.22,""structural_low"":202.05,""dry_up_ratio"":1.2675914542708797,""current_price"":200.07,""neckline_distance_pct"":0.020742740040985683,""base_bars"":60,""recent_base_height"":7.210000000000008},""pattern_geometry_features"":{""contraction_count"":5.0,""first_contraction_pct"":0.004398826979472169,""last_contraction_pct"":0.010625795710508213,""dry_up_ratio"":1.2675914542708797,""near_monotone"":0.0,""base_depth_pct"":0.012463343108504317},""_schema_version"":""1.0""}",,,,,,,,,,
20260513T182534Z-d71724,2026-05-13T18:25:34.488073+00:00,WWD,vcp,absent,48.02,39.2,40.5,57.5,71.8,24.1,17.5,44.6,84.0,97.6,5.88,10.12,6.9,8.62,3.13,1.23,2.23,5.04,4.88,True,risk_unclear,366.46,406.9999,365.435,475.2198,"{""trend"":{""T1_ema_stack"":{""value"":[false,true,true],""score"":66.66666666666666},""T2_ema50_slope"":{""value"":-0.019295193796553676,""score"":46.78413436724105},""T3_high_proximity"":{""value"":0.9087662740235586,""score"":54.38313701177927},""T4_rs_1m"":{""value"":-0.16079856772398615,""score"":0},""T5_rs_3m"":{""value"":-0.1328474926997001,""score"":0},""T6_adr_healthy"":{""value"":3.5910376267112007,""score"":100.0},""_score"":39.18},""geometry"":{""sub_contraction_count"":100.0,""sub_reduction_rate"":0,""sub_pivot_tightness"":16.4,""sub_volume_dryup"":0,""sub_base_depth"":30.1,""sub_base_duration"":100.0,""_score"":40.47},""compression"":{""VC1_atr_ratio"":{""value"":0.35912003866907605,""score"":100},""VC2_range_contraction"":{""value"":1.04818284294383,""score"":0},""VC3_range_pct_rank"":{""score"":70.0},""_score"":57.5},""sr_quality"":{""SR1_touches"":{""value"":5,""score"":100},""SR2_tightness"":{""value"":2.2512494394002656,""score"":63.22022284156456},""SR3_recency"":{""value"":232,""score"":0.0},""SR4_price_location"":{""score"":69.4205819922795},""SR5_reaction"":{""value"":2.3360461744296024,""score"":100},""_score"":71.84,""_levels_found"":8,""_target_level"":373.5556},""volume"":{""V1_rvol_day"":{""value"":0.35427369248521806,""score"":0},""V2_rvol_sameslot"":{""value"":0.7997779752172274,""score"":19.985198347815157,""status"":""ok""},""V3_breakout_bar"":{""value"":1.245375380072623,""score"":49.691692004841535},""V4_base_dryup"":{""value"":1.118142850589142,""score"":38.185714941085806},""V5_bo_expansion"":{""value"":0.35427369248521806,""score"":0},""_score"":24.06},""readiness"":{""_distance_atr"":3.312,""BR1_atr_distance"":{""score"":0},""BR2_compression"":{""score"":0},""BR3_retest"":{""score"":50.0},""BR4_bo_age"":{""score"":50.0},""_score"":17.5},""risk"":{""R1_stop_clarity"":{""score"":9.081838598383015},""R2_stop_distance_pct"":{""value"":0.2797031053866663,""score"":56.99257763466665},""R3_stop_distance_atr"":{""value"":0.08372966346509916,""score"":29.186483173254963},""R4_rr_potential"":{""value"":106.10712195122196,""score"":100.0},""_score"":44.65},""market"":{""M1_spy_regime"":{""score"":100.0},""M3_earnings_risk"":{""value"":null,""score"":80.0},""M4_vix"":{""value"":null,""score"":60.0},""_score"":84.0},""liquidity"":{""L1_price"":{""value"":366.46,""score"":100.0},""L2_dollar_vol"":{""value"":113376663.71172519,""score"":100.0},""L3_spread_proxy"":{""value"":0.024095399225017695,""score"":75.9046007749823},""L4_volume_zscore"":{""value"":-1.34825837634026,""score"":100.0},""_score"":97.59},""pattern_structure"":{""n_contractions"":5,""contractions_pct"":[7.57,10.66,6.99,9.62,8.85],""descending_strict"":false,""final_low"":371.0,""final_pivot"":406.9999,""structural_low"":371.0,""dry_up_ratio"":1.1021070597071845,""current_price"":366.46,""neckline_distance_pct"":0.110625716312831,""base_bars"":46,""recent_base_height"":68.21990000000005},""pattern_geometry_features"":{""contraction_count"":5.0,""first_contraction_pct"":0.07574002026729332,""last_contraction_pct"":0.08845186448448765,""dry_up_ratio"":1.1021070597071845,""near_monotone"":0.0,""base_depth_pct"":0.08011184451460285},""_schema_version"":""1.0""}",,,,,,,,,,
20260513T182534Z-d71724,2026-05-13T18:25:34.488073+00:00,MSFT,double_bottom,absent,47.8,41.5,43.2,62.8,58.7,15.9,23.2,60.3,84.0,98.7,6.22,10.81,5.02,8.22,2.07,1.86,3.62,5.04,4.93,True,risk_unclear;reversal_trend_cap,404.325,427.98,395.0145,454.93,"{""trend"":{""T1_ema_stack"":{""value"":[false,true,false],""score"":33.33333333333333},""T2_ema50_slope"":{""value"":0.13012745247008334,""score"":71.68790874501389},""T3_high_proximity"":{""value"":0.9339485355261942,""score"":66.97426776309706},""T4_rs_1m"":{""value"":-0.04103593126447391,""score"":8.964068735526084},""T5_rs_3m"":{""value"":-0.07354038416787156,""score"":13.229807916064217},""T6_adr_healthy"":{""value"":2.1797428948576347,""score"":100.0},""_score"":41.49},""geometry"":{""sub_low_similarity"":51.9,""sub_bounce_quality"":53.1,""sub_separation_fit"":20.0,""sub_right_bottom_reaction"":53.7,""sub_base_context"":30.0,""_score"":43.24},""compression"":{""VC1_atr_ratio"":{""value"":0.4145402750099011,""score"":100},""VC2_range_contraction"":{""value"":0.9563435560004545,""score"":7.2760739999242485},""VC3_range_pct_rank"":{""score"":80.83333333333333},""_score"":62.75},""sr_quality"":{""SR1_touches"":{""value"":4,""score"":75.0},""SR2_tightness"":{""value"":3.13617318588674,""score"":41.17676862217785},""SR3_recency"":{""value"":228,""score"":0.0},""SR4_price_location"":{""score"":65.48661128328261},""SR5_reaction"":{""value"":1.8238203916598463,""score"":91.19101958299231},""_score"":58.73,""_levels_found"":7,""_target_level"":409.265},""volume"":{""V1_rvol_day"":{""value"":0.4281876382322256,""score"":0},""V2_rvol_sameslot"":{""value"":0.6629001305045421,""score"":10.860008700302808,""status"":""ok""},""V3_breakout_bar"":{""value"":0.5535303916050703,""score"":3.568692773671356},""V4_base_dryup"":{""value"":0.8583632347962563,""score"":64.16367652037437},""V5_bo_expansion"":{""value"":0.4281876382322256,""score"":0},""_score"":15.9},""readiness"":{""_distance_atr"":2.218,""BR1_atr_distance"":{""score"":0},""BR2_compression"":{""score"":23.018936966551202},""BR3_retest"":{""score"":50.0},""BR4_bo_age"":{""score"":50.0},""_score"":23.25},""risk"":{""R1_stop_clarity"":{""score"":0},""R2_stop_distance_pct"":{""value"":2.3027144005441174,""score"":100.0},""R3_stop_distance_atr"":{""value"":0.8731513250707051,""score"":68.65756625353525},""R4_rr_potential"":{""value"":5.435290453200443,""score"":100.0},""_score"":60.3},""market"":{""M1_spy_regime"":{""score"":100.0},""M3_earnings_risk"":{""value"":null,""score"":80.0},""M4_vix"":{""value"":null,""score"":60.0},""_score"":84.0},""liquidity"":{""L1_price"":{""value"":404.325,""score"":100.0},""L2_dollar_vol"":{""value"":5950231679.126192,""score"":100.0},""L3_spread_proxy"":{""value"":0.013058801706548023,""score"":86.94119829345198},""L4_volume_zscore"":{""value"":-1.7744433084975095,""score"":100.0},""_score"":98.69},""pattern_structure"":{""left_low"":410.8,""left_idx"":34,""right_low"":401.03,""right_idx"":76,""separation_bars"":42,""structural_low"":401.03,""current_price"":404.094338,""neckline_distance_pct"":0.05910912317707363,""base_bars"":42},""pattern_geometry_features"":{""low_similarity_pct"":0.02406907850165685,""bounce_pct"":0.06720195496596276,""right_bottom_reaction"":0.5365723438334297,""atr_pct"":0.02637245497345664},""_schema_version"":""1.0""}",,,,,,,,,,
20260513T182534Z-d71724,2026-05-13T18:25:34.488073+00:00,AXON,double_bottom,forming,47.76,5.0,58.8,42.5,63.5,34.3,17.5,75.0,84.0,92.8,0.75,14.69,3.4,8.89,4.46,1.4,4.5,5.04,4.64,True,reversal_trend_cap,373.25,438.97,363.8859,508.5127,"{""trend"":{""T1_ema_stack"":{""value"":[false,false,false],""score"":0.0},""T2_ema50_slope"":{""value"":-0.4846530702246437,""score"":0},""T3_high_proximity"":{""value"":0.6445457528190782,""score"":0},""T4_rs_1m"":{""value"":-0.08954593716318304,""score"":0},""T5_rs_3m"":{""value"":-0.21429686378731094,""score"":0},""T6_adr_healthy"":{""value"":5.313924091990844,""score"":100.0},""_score"":5.0},""geometry"":{""sub_low_similarity"":47.8,""sub_bounce_quality"":100,""sub_separation_fit"":100.0,""sub_right_bottom_reaction"":22.8,""sub_base_context"":30.0,""_score"":58.76},""compression"":{""VC1_atr_ratio"":{""value"":0.5767483553609288,""score"":100},""VC2_range_contraction"":{""value"":1.1867435815859595,""score"":0},""VC3_range_pct_rank"":{""score"":9.999999999999998},""_score"":42.5},""sr_quality"":{""SR1_touches"":{""value"":3,""score"":50.0},""SR2_tightness"":{""value"":4.499763754045555,""score"":61.08132110730211},""SR3_recency"":{""value"":228,""score"":0.0},""SR4_price_location"":{""score"":97.2810415926607},""SR5_reaction"":{""value"":2.0019767196420943,""score"":100},""_score"":63.48,""_levels_found"":4,""_target_level"":375.3458},""volume"":{""V1_rvol_day"":{""value"":0.6815666918115229,""score"":12.104446120768191},""V2_rvol_sameslot"":{""value"":1.4877810630758266,""score"":65.85207087172176,""status"":""ok""},""V3_breakout_bar"":{""value"":1.0785921094891031,""score"":38.57280729927354},""V4_base_dryup"":{""value"":1.04804538384065,""score"":45.195461615934995},""V5_bo_expansion"":{""value"":0.6815666918115229,""score"":0},""_score"":34.27},""readiness"":{""_distance_atr"":2.842,""BR1_atr_distance"":{""score"":0},""BR2_compression"":{""score"":0},""BR3_retest"":{""score"":50.0},""BR4_bo_age"":{""score"":50.0},""_score"":17.5},""risk"":{""R1_stop_clarity"":{""score"":52.07207561740325},""R2_stop_distance_pct"":{""value"":2.508803616878763,""score"":100.0},""R3_stop_distance_atr"":{""value"":0.40495322717654797,""score"":45.24766135882739},""R4_rr_potential"":{""value"":14.444801184779,""score"":100.0},""_score"":75.01},""market"":{""M1_spy_regime"":{""score"":100.0},""M3_earnings_risk"":{""value"":null,""score"":80.0},""M4_vix"":{""value"":null,""score"":60.0},""_score"":84.0},""liquidity"":{""L1_price"":{""value"":373.25,""score"":100.0},""L2_dollar_vol"":{""value"":288792327.8899905,""score"":100.0},""L3_spread_proxy"":{""value"":0.07228372404554584,""score"":27.71627595445416},""L4_volume_zscore"":{""value"":-0.6748330747113924,""score"":100.0},""_score"":92.77},""pattern_structure"":{""left_low"":369.4273,""left_idx"":46,""right_low"":379.19,""right_idx"":67,""separation_bars"":21,""structural_low"":369.4273,""current_price"":371.64,""neckline_distance_pct"":0.18116994941341094,""base_bars"":21},""pattern_geometry_features"":{""low_similarity_pct"":0.02608195135217953,""bounce_pct"":0.18824461538170034,""right_bottom_reaction"":0.2275077559462311,""atr_pct"":0.06195292316524736},""_schema_version"":""1.0""}",,,,,,,,,,
20260513T182534Z-d71724,2026-05-13T18:25:34.488073+00:00,AVGO,bull_flag,absent,47.68,93.2,29.6,54.4,41.8,15.8,29.3,65.2,84.0,96.9,13.04,8.88,4.89,4.18,2.21,2.64,1.96,5.04,4.84,True,risk_unclear,417.455,435.0,398.728,463.7,"{""trend"":{""T1_ema_stack"":{""value"":[true,true,true],""score"":100.0},""T2_ema50_slope"":{""value"":0.5415392822727355,""score"":100},""T3_high_proximity"":{""value"":0.9708255813953488,""score"":85.41279069767438},""T4_rs_1m"":{""value"":0.026750615997084726,""score"":76.75061599708472},""T5_rs_3m"":{""value"":0.1444930613310551,""score"":100},""T6_adr_healthy"":{""value"":3.163954093836104,""score"":100.0},""_score"":93.16},""geometry"":{""sub_pole_impulse"":22.2,""sub_flag_tightness"":0,""sub_flag_shallowness"":0,""sub_flag_drift"":86.2,""sub_flag_duration"":100.0,""_score"":29.59},""compression"":{""VC1_atr_ratio"":{""value"":0.5313072782723914,""score"":100},""VC2_range_contraction"":{""value"":1.3538958867829844,""score"":0},""VC3_range_pct_rank"":{""score"":57.49999999999999},""_score"":54.38},""sr_quality"":{""SR1_touches"":{""value"":2,""score"":25.0},""SR2_tightness"":{""value"":1.6500000000000057,""score"":78.85255424068075},""SR3_recency"":{""value"":227,""score"":0.0},""SR4_price_location"":{""score"":30.0},""SR5_reaction"":{""value"":2.073090516102957,""score"":100},""_score"":41.83,""_levels_found"":6,""_target_level"":404.65},""volume"":{""V1_rvol_day"":{""value"":0.49066066675825026,""score"":0},""V2_rvol_sameslot"":{""value"":0.6470231592347966,""score"":9.80154394898644,""status"":""ok""},""V3_breakout_bar"":{""value"":0.47032258892218987,""score"":0},""V4_base_dryup"":{""value"":0.8081194012309652,""score"":69.18805987690348},""V5_bo_expansion"":{""value"":0.49066066675825026,""score"":0},""_score"":15.8},""readiness"":{""_distance_atr"":1.124,""BR1_atr_distance"":{""score"":25.04405336419086},""BR2_compression"":{""score"":7.068744993275663},""BR3_retest"":{""score"":50.0},""BR4_bo_age"":{""score"":50.0},""_score"":29.28},""risk"":{""R1_stop_clarity"":{""score"":22.17739960570539},""R2_stop_distance_pct"":{""value"":4.485992502185859,""score"":100.0},""R3_stop_distance_atr"":{""value"":1.2000855052568777,""score"":85.00427526284389},""R4_rr_potential"":{""value"":2.469429166444175,""score"":73.47145832220876},""_score"":65.21},""market"":{""M1_spy_regime"":{""score"":100.0},""M3_earnings_risk"":{""value"":null,""score"":80.0},""M4_vix"":{""value"":null,""score"":60.0},""_score"":84.0},""liquidity"":{""L1_price"":{""value"":417.455,""score"":100.0},""L2_dollar_vol"":{""value"":3873919893.6166687,""score"":100.0},""L3_spread_proxy"":{""value"":0.03135667317435406,""score"":68.64332682564594},""L4_volume_zscore"":{""value"":-2.379989224937331,""score"":100.0},""_score"":96.86},""pattern_structure"":{""pole_low"":406.3,""pole_low_idx"":36,""peak_price"":435.0,""peak_idx"":41,""pole_gain"":0.07063746000492244,""flag_bars"":18,""flag_low"":404.8,""flag_high"":433.6463,""structural_low"":404.8,""current_price"":417.5869,""neckline_distance_pct"":0.0416993444957205,""base_bars"":18},""pattern_geometry_features"":{""pole_gain"":0.07063746000492244,""pullback_pct"":0.06942528735632181,""flag_range_pct"":0.0663133333333333,""flag_drift_per_bar"":-0.002754295178175637,""atr_pct"":0.037380607319522904,""pole_atr_multiple"":1.8896819787095958},""_schema_version"":""1.0""}",,,,,,,,,,
20260513T182534Z-d71724,2026-05-13T18:25:34.488073+00:00,RTX,breakout_retest_hold,retest_hold,47.56,16.2,59.4,61.5,45.7,13.3,60.6,47.1,84.0,97.7,2.27,13.07,3.69,6.39,1.73,10.91,2.36,4.2,2.93,True,risk_unclear;trend_floor;weak_retest_trend,177.955,176.9,173.5444,180.1052,"{""trend"":{""T1_ema_stack"":{""value"":[false,false,true],""score"":33.33333333333333},""T2_ema50_slope"":{""value"":-0.3484122257571837,""score"":0},""T3_high_proximity"":{""value"":0.8387773378582203,""score"":19.38866892911012},""T4_rs_1m"":{""value"":-0.19211797029150213,""score"":0},""T5_rs_3m"":{""value"":-0.1678517756387783,""score"":0},""T6_adr_healthy"":{""value"":2.5950455563881496,""score"":100.0},""_score"":16.24},""geometry"":{""sub_retest_depth"":61.4,""sub_retest_timing"":20.0,""sub_retest_freshness"":100.0,""sub_hold_quality"":56.6,""_score"":59.4},""compression"":{""VC1_atr_ratio"":{""value"":0.26431032465556686,""score"":100},""VC2_range_contraction"":{""value"":0.8200419115732682,""score"":29.99301473778863},""VC3_range_pct_rank"":{""score"":44.166666666666664},""_score"":61.54},""sr_quality"":{""SR1_touches"":{""value"":2,""score"":25.0},""SR2_tightness"":{""value"":0.05310000000000059,""score"":97.4375501959581},""SR3_recency"":{""value"":313,""score"":0.0},""SR4_price_location"":{""score"":34.17110980984382},""SR5_reaction"":{""value"":2.4449559309648325,""score"":100},""_score"":45.66,""_levels_found"":7,""_target_level"":182.2269},""volume"":{""V1_rvol_day"":{""value"":0.33386073150705914,""score"":0},""V2_rvol_sameslot"":{""value"":0.788457462143221,""score"":19.230497476214733,""status"":""ok""},""V3_breakout_bar"":{""value"":0.7972587472038422,""score"":19.817249813589477},""V4_base_dryup"":{""value"":1.2746301328996241,""score"":22.53698671003758},""V5_bo_expansion"":{""value"":0.33386073150705914,""score"":0},""_score"":13.31},""readiness"":{""_distance_atr"":-0.255,""BR1_atr_distance"":{""score"":100.0},""BR2_compression"":{""score"":0},""BR3_retest"":{""score"":80.66580952939034},""BR4_bo_age"":{""score"":30.0},""_score"":60.63},""risk"":{""R1_stop_clarity"":{""score"":15.406631209218773},""R2_stop_distance_pct"":{""value"":2.478477143097972,""score"":100.0},""R3_stop_distance_atr"":{""value"":1.0642066367243095,""score"":78.21033183621547},""R4_rr_potential"":{""value"":0.4875102424310272,""score"":0.0},""_score"":47.12},""market"":{""M1_spy_regime"":{""score"":100.0},""M3_earnings_risk"":{""value"":null,""score"":80.0},""M4_vix"":{""value"":null,""score"":60.0},""_score"":84.0},""liquidity"":{""L1_price"":{""value"":177.955,""score"":100.0},""L2_dollar_vol"":{""value"":347880360.41716033,""score"":100.0},""L3_spread_proxy"":{""value"":0.023278918827793472,""score"":76.72108117220652},""L4_volume_zscore"":{""value"":-2.239947718723746,""score"":100.0},""_score"":97.67},""pattern_structure"":{""level"":176.9,""level_idx"":57,""breakout_idx"":64,""bo_peak_idx"":68,""bo_peak_price"":179.93,""retest_idx"":76,""retest_low"":175.2974,""structural_low"":175.2974,""current_price"":178.6,""neckline_distance_pct"":-0.00951847704367295,""base_bars"":22,""bars_since_breakout"":15},""pattern_geometry_features"":{""retest_depth_atr"":1.2701232053022178,""bars_breakout_to_retest"":12.0,""bars_since_retest"":3.0,""current_above_level_atr"":1.3473165162946226,""bo_peak_excess_pct"":0.017128321085358965,""atr_pct"":0.023289435130069012},""_schema_version"":""1.0""}",,,,,,,,,,
20260513T182534Z-d71724,2026-05-13T18:25:34.488073+00:00,ASML,high_tight_pullback,absent,47.35,75.3,46.7,18.1,41.3,15.1,62.1,57.5,84.0,70.7,9.04,16.34,1.81,3.3,2.11,5.59,0.57,5.04,3.54,True,risk_unclear,1587.98,1595.31,1452.875,1809.24,"{""trend"":{""T1_ema_stack"":{""value"":[true,true,true],""score"":100.0},""T2_ema50_slope"":{""value"":0.15877111410881461,""score"":76.4618523514691},""T3_high_proximity"":{""value"":0.9974623434378965,""score"":98.73117171894825},""T4_rs_1m"":{""value"":-0.023671408302244012,""score"":26.32859169775599},""T5_rs_3m"":{""value"":0.03269155788168976,""score"":66.34577894084488},""T6_adr_healthy"":{""value"":3.1665412604720458,""score"":100.0},""_score"":75.32},""geometry"":{""sub_pole_impulse"":74.6,""sub_flag_tightness"":35.2,""sub_flag_shallowness"":2.6,""sub_flag_drift"":100,""sub_flag_duration"":0.0,""_score"":46.7},""compression"":{""VC1_atr_ratio"":{""value"":0.8542179911211109,""score"":36.445502219722286},""VC2_range_contraction"":{""value"":1.1276017375964633,""score"":0},""VC3_range_pct_rank"":{""score"":14.166666666666671},""_score"":18.12},""sr_quality"":{""SR1_touches"":{""value"":2,""score"":25.0},""SR2_tightness"":{""value"":7.6200000000000045,""score"":75.31769673482371},""SR3_recency"":{""value"":244,""score"":0.0},""SR4_price_location"":{""score"":30.0},""SR5_reaction"":{""value"":2.7829944760968273,""score"":100},""_score"":41.3,""_levels_found"":4,""_target_level"":1539.6},""volume"":{""V1_rvol_day"":{""value"":0.6180857981136303,""score"":7.872386540908686},""V2_rvol_sameslot"":{""value"":0.6264810844203599,""score"":8.432072294690657,""status"":""ok""},""V3_breakout_bar"":{""value"":0.38111398329710966,""score"":0},""V4_base_dryup"":{""value"":0.910784686087646,""score"":58.921531391235405},""V5_bo_expansion"":{""value"":0.6180857981136303,""score"":0},""_score"":15.05},""readiness"":{""_distance_atr"":0.119,""BR1_atr_distance"":{""score"":92.08568316125371},""BR2_compression"":{""score"":31.17305439183732},""BR3_retest"":{""score"":50.0},""BR4_bo_age"":{""score"":50.0},""_score"":62.13},""risk"":{""R1_stop_clarity"":{""score"":28.333863550915368},""R2_stop_distance_pct"":{""value"":8.507978689907935,""score"":87.30053275230163},""R3_stop_distance_atr"":{""value"":2.188125054226798,""score"":100.0},""R4_rr_potential"":{""value"":1.6376892046926446,""score"":31.88446023463223},""_score"":57.48},""market"":{""M1_spy_regime"":{""score"":100.0},""M3_earnings_risk"":{""value"":null,""score"":80.0},""M4_vix"":{""value"":null,""score"":60.0},""_score"":84.0},""liquidity"":{""L1_price"":{""value"":1587.98,""score"":0.0},""L2_dollar_vol"":{""value"":1691155380.2676597,""score"":100.0},""L3_spread_proxy"":{""value"":0.042758661947883546,""score"":57.241338052116454},""L4_volume_zscore"":{""value"":-1.2623881131370989,""score"":100.0},""_score"":70.72},""pattern_structure"":{""pole_low"":1381.38,""pole_low_idx"":19,""peak_price"":1595.31,""peak_idx"":43,""pole_gain"":0.15486687225817647,""flag_bars"":16,""flag_low"":1475.0,""flag_high"":1571.0,""structural_low"":1475.0,""current_price"":1570.18,""neckline_distance_pct"":0.016004534511966706,""base_bars"":16},""pattern_geometry_features"":{""pole_gain"":0.15486687225817647,""pullback_pct"":0.07541480966081825,""flag_range_pct"":0.0601763920491942,""flag_drift_per_bar"":8.823239917045108e-05,""atr_pct"":0.038882506616672044,""pole_atr_multiple"":3.9829446641635147},""_schema_version"":""1.0""}",,,,,,,,,,
20260513T182534Z-d71724,2026-05-13T18:25:34.488073+00:00,LMT,vcp,forming,47.35,13.3,58.6,69.3,40.4,11.6,41.8,65.0,84.0,96.1,2.0,14.65,8.32,4.85,1.5,2.93,3.25,5.04,4.81,True,risk_unclear;trend_floor,517.01,524.5,492.8053,662.11,"{""trend"":{""T1_ema_stack"":{""value"":[false,false,true],""score"":33.33333333333333},""T2_ema50_slope"":{""value"":-0.54074087543504,""score"":0},""T3_high_proximity"":{""value"":0.7640165509088221,""score"":0},""T4_rs_1m"":{""value"":-0.22419710571955176,""score"":0},""T5_rs_3m"":{""value"":-0.25108139834148435,""score"":0},""T6_adr_healthy"":{""value"":2.624078041698308,""score"":100.0},""_score"":13.33},""geometry"":{""sub_contraction_count"":100.0,""sub_reduction_rate"":0,""sub_pivot_tightness"":77.0,""sub_volume_dryup"":13.7,""sub_base_depth"":100.0,""sub_base_duration"":100.0,""_score"":58.6},""compression"":{""VC1_atr_ratio"":{""value"":0.3734346283487839,""score"":100},""VC2_range_contraction"":{""value"":0.8182800090575181,""score"":30.28666515708032},""VC3_range_pct_rank"":{""score"":75.0},""_score"":69.35},""sr_quality"":{""SR1_touches"":{""value"":2,""score"":25.0},""SR2_tightness"":{""value"":0.5600000000000023,""score"":91.1965307144509},""SR3_recency"":{""value"":254,""score"":0.0},""SR4_price_location"":{""score"":17.02076356329536},""SR5_reaction"":{""value"":3.6664091502181786,""score"":100},""_score"":40.43,""_levels_found"":5,""_target_level"":594.44},""volume"":{""V1_rvol_day"":{""value"":0.2655512287386973,""score"":0},""V2_rvol_sameslot"":{""value"":0.3429457008950233,""score"":0,""status"":""ok""},""V3_breakout_bar"":{""value"":0.3926950235039594,""score"":0},""V4_base_dryup"":{""value"":0.9226761766473681,""score"":57.73238233526319},""V5_bo_expansion"":{""value"":0.2655512287386973,""score"":0},""_score"":11.55},""readiness"":{""_distance_atr"":0.589,""BR1_atr_distance"":{""score"":60.75119943526037},""BR2_compression"":{""score"":0},""BR3_retest"":{""score"":50.0},""BR4_bo_age"":{""score"":50.0},""_score"":41.8},""risk"":{""R1_stop_clarity"":{""score"":0},""R2_stop_distance_pct"":{""value"":4.681659929208336,""score"":100.0},""R3_stop_distance_atr"":{""value"":1.9025436860934404,""score"":100.0},""R4_rr_potential"":{""value"":5.9947158913679734,""score"":100.0},""_score"":65.0},""market"":{""M1_spy_regime"":{""score"":100.0},""M3_earnings_risk"":{""value"":null,""score"":80.0},""M4_vix"":{""value"":null,""score"":60.0},""_score"":84.0},""liquidity"":{""L1_price"":{""value"":517.01,""score"":91.495},""L2_dollar_vol"":{""value"":228565923.4728445,""score"":100.0},""L3_spread_proxy"":{""value"":0.017301406162356616,""score"":82.69859383764339},""L4_volume_zscore"":{""value"":-1.8715399316681465,""score"":100.0},""_score"":96.14},""pattern_structure"":{""n_contractions"":5,""contractions_pct"":[5.33,10.51,6.17,5.08,4.61],""descending_strict"":false,""final_low"":500.31,""final_pivot"":524.5,""structural_low"":500.31,""dry_up_ratio"":0.9312530116070538,""current_price"":517.01,""neckline_distance_pct"":0.014487147250536759,""base_bars"":53,""recent_base_height"":137.60999999999996},""pattern_geometry_features"":{""contraction_count"":5.0,""first_contraction_pct"":0.05332586786114227,""last_contraction_pct"":0.04612011439466158,""dry_up_ratio"":0.9312530116070538,""near_monotone"":0.0,""base_depth_pct"":0.25298992161254197},""_schema_version"":""1.0""}",,,,,,,,,,
20260513T182534Z-d71724,2026-05-13T18:25:34.488073+00:00,CW,ascending_triangle,setup,47.35,74.5,28.5,45.4,41.0,31.7,57.5,46.2,84.0,71.0,11.17,7.97,3.63,5.73,3.8,4.6,1.85,5.04,3.55,True,risk_unclear,752.52,750.0,702.0588,787.25,"{""trend"":{""T1_ema_stack"":{""value"":[true,true,true],""score"":100.0},""T2_ema50_slope"":{""value"":0.1347247306971427,""score"":72.45412178285711},""T3_high_proximity"":{""value"":1.0,""score"":99.99999999999997},""T4_rs_1m"":{""value"":-0.056220017411756196,""score"":0},""T5_rs_3m"":{""value"":0.1130431113251833,""score"":100},""T6_adr_healthy"":{""value"":2.9562917389664802,""score"":100.0},""_score"":74.49},""geometry"":{""sub_flat_top_quality"":33.3,""sub_hl_slope"":11.6,""sub_compression"":0,""sub_duration"":100.0,""_score"":28.47},""compression"":{""VC1_atr_ratio"":{""value"":0.3596919414540913,""score"":100},""VC2_range_contraction"":{""value"":1.123374238103525,""score"":0},""VC3_range_pct_rank"":{""score"":21.666666666666668},""_score"":45.42},""sr_quality"":{""SR1_touches"":{""value"":2,""score"":25.0},""SR2_tightness"":{""value"":0.9300000000000068,""score"":91.59106754368425},""SR3_recency"":{""value"":227,""score"":0.0},""SR4_price_location"":{""score"":30.0},""SR5_reaction"":{""value"":1.6286655469826496,""score"":81.43327734913248},""_score"":40.95,""_levels_found"":7,""_target_level"":749.07},""volume"":{""V1_rvol_day"":{""value"":0.6916536600749718,""score"":12.776910671664785},""V2_rvol_sameslot"":{""value"":1.2786286884967633,""score"":51.90857923311755,""status"":""ok""},""V3_breakout_bar"":{""value"":0.9032381953009857,""score"":26.882546353399047},""V4_base_dryup"":{""value"":0.8992737823946805,""score"":60.07262176053195},""V5_bo_expansion"":{""value"":0.6916536600749718,""score"":0},""_score"":31.67},""readiness"":{""_distance_atr"":-0.114,""BR1_atr_distance"":{""score"":100.0},""BR2_compression"":{""score"":0},""BR3_retest"":{""score"":50.0},""BR4_bo_age"":{""score"":50.0},""_score"":57.5},""risk"":{""R1_stop_clarity"":{""score"":3.3311837380807106},""R2_stop_distance_pct"":{""value"":6.705635730611805,""score"":100.0},""R3_stop_distance_atr"":{""value"":2.2813185102755917,""score"":100.0},""R4_rr_potential"":{""value"":0.6882508855805207,""score"":0.0},""_score"":46.17},""market"":{""M1_spy_regime"":{""score"":100.0},""M3_earnings_risk"":{""value"":null,""score"":80.0},""M4_vix"":{""value"":null,""score"":60.0},""_score"":84.0},""liquidity"":{""L1_price"":{""value"":752.52,""score"":0.0},""L2_dollar_vol"":{""value"":113987156.65485816,""score"":100.0},""L3_spread_proxy"":{""value"":0.040111890713868,""score"":59.888109286132},""L4_volume_zscore"":{""value"":-0.8973716571157322,""score"":100.0},""_score"":70.99},""pattern_structure"":{""top"":750.0,""top_touches"":2,""low_slope_per_bar"":0.24804117869285233,""lowest_low"":712.75,""structural_low"":712.75,""current_price"":745.97,""neckline_distance_pct"":0.005402362025282481,""base_bars"":43},""pattern_geometry_features"":{""top_touches"":2.0,""low_slope"":0.24804117869285233,""compression"":-0.1417154626612096,""atr_pct"":0.02939368483799195},""_schema_version"":""1.0""}",,,,,,,,,,
20260513T182534Z-d71724,2026-05-13T18:25:34.488073+00:00,TMUS,vcp,forming,47.26,13.5,57.0,65.3,50.3,21.0,17.5,65.0,84.0,97.3,2.03,14.25,7.84,6.03,2.73,1.23,3.25,5.04,4.87,True,risk_unclear;trend_floor,191.23,206.78,179.2798,243.04,"{""trend"":{""T1_ema_stack"":{""value"":[false,false,false],""score"":0.0},""T2_ema50_slope"":{""value"":-0.18305356977808704,""score"":19.491071703652157},""T3_high_proximity"":{""value"":0.8614740066672674,""score"":30.737003333633663},""T4_rs_1m"":{""value"":-0.06309115753701855,""score"":0},""T5_rs_3m"":{""value"":-0.16081098407510952,""score"":0},""T6_adr_healthy"":{""value"":2.844844329487022,""score"":100.0},""_score"":13.51},""geometry"":{""sub_contraction_count"":100.0,""sub_reduction_rate"":0,""sub_pivot_tightness"":0,""sub_volume_dryup"":80.0,""sub_base_depth"":100.0,""sub_base_duration"":100.0,""_score"":57.0},""compression"":{""VC1_atr_ratio"":{""value"":0.25262829412387067,""score"":100},""VC2_range_contraction"":{""value"":0.6729436067383283,""score"":54.50939887694528},""VC3_range_pct_rank"":{""score"":25.0},""_score"":65.33},""sr_quality"":{""SR1_touches"":{""value"":3,""score"":50.0},""SR2_tightness"":{""value"":0.6571952187558615,""score"":75.01810211736739},""SR3_recency"":{""value"":310,""score"":0.0},""SR4_price_location"":{""score"":47.85591766723807},""SR5_reaction"":{""value"":1.606678685984462,""score"":80.3339342992231},""_score"":50.27,""_levels_found"":7,""_target_level"":194.7767},""volume"":{""V1_rvol_day"":{""value"":0.23987315434427003,""score"":0},""V2_rvol_sameslot"":{""value"":0.7386172037908622,""score"":15.907813586057475,""status"":""ok""},""V3_breakout_bar"":{""value"":0.8791716324915114,""score"":25.278108832767426},""V4_base_dryup"":{""value"":0.9260596912943673,""score"":57.39403087056327},""V5_bo_expansion"":{""value"":0.23987315434427006,""score"":0},""_score"":20.98},""readiness"":{""_distance_atr"":2.956,""BR1_atr_distance"":{""score"":0},""BR2_compression"":{""score"":0},""BR3_retest"":{""score"":50.0},""BR4_bo_age"":{""score"":50.0},""_score"":17.5},""risk"":{""R1_stop_clarity"":{""score"":0},""R2_stop_distance_pct"":{""value"":6.249097944883129,""score"":100.0},""R3_stop_distance_atr"":{""value"":2.271299443925539,""score"":100.0},""R4_rr_potential"":{""value"":4.335510432923436,""score"":100.0},""_score"":65.0},""market"":{""M1_spy_regime"":{""score"":100.0},""M3_earnings_risk"":{""value"":null,""score"":80.0},""M4_vix"":{""value"":null,""score"":60.0},""_score"":84.0},""liquidity"":{""L1_price"":{""value"":191.23,""score"":100.0},""L2_dollar_vol"":{""value"":277122165.4746839,""score"":100.0},""L3_spread_proxy"":{""value"":0.02690477435548821,""score"":73.09522564451179},""L4_volume_zscore"":{""value"":-1.6495108917073051,""score"":100.0},""_score"":97.31},""pattern_structure"":{""n_contractions"":5,""contractions_pct"":[5.46,5.6,7.02,13.2,11.98],""descending_strict"":false,""final_low"":182.01,""final_pivot"":206.78,""structural_low"":182.01,""dry_up_ratio"":0.5999594953120012,""current_price"":191.23,""neckline_distance_pct"":0.08131569314438118,""base_bars"":48,""recent_base_height"":36.26000000000002},""pattern_geometry_features"":{""contraction_count"":5.0,""first_contraction_pct"":0.054594076683791834,""last_contraction_pct"":0.11978914788664285,""dry_up_ratio"":0.5999594953120012,""near_monotone"":0.0,""base_depth_pct"":0.18850559030968403},""_schema_version"":""1.0""}",,,,,,,,,,
20260513T182534Z-d71724,2026-05-13T18:25:34.488073+00:00,TER,bull_flag,absent,47.06,67.2,20.2,50.6,38.8,53.1,40.2,76.1,84.0,95.4,9.41,6.07,4.56,3.88,7.43,3.62,2.28,5.04,4.77,False,,364.025,382.48,335.1463,428.31,"{""trend"":{""T1_ema_stack"":{""value"":[true,true,true],""score"":100.0},""T2_ema50_slope"":{""value"":0.440644829385915,""score"":100},""T3_high_proximity"":{""value"":0.8707065633371603,""score"":35.35328166858015},""T4_rs_1m"":{""value"":-0.07362765808635907,""score"":0},""T5_rs_3m"":{""value"":0.05901762582586345,""score"":79.50881291293172},""T6_adr_healthy"":{""value"":5.170877558153052,""score"":100.0},""_score"":67.23},""geometry"":{""sub_pole_impulse"":18.6,""sub_flag_tightness"":0,""sub_flag_shallowness"":0,""sub_flag_drift"":97.7,""sub_flag_duration"":0.0,""_score"":20.23},""compression"":{""VC1_atr_ratio"":{""value"":0.5911306941519388,""score"":100},""VC2_range_contraction"":{""value"":1.2329797758019259,""score"":0},""VC3_range_pct_rank"":{""score"":42.50000000000001},""_score"":50.62},""sr_quality"":{""SR1_touches"":{""value"":2,""score"":25.0},""SR2_tightness"":{""value"":5.0,""score"":64.84374803815558},""SR3_recency"":{""value"":228,""score"":0.0},""SR4_price_location"":{""score"":52.729911057818235},""SR5_reaction"":{""value"":1.1213666641387645,""score"":56.06833320693823},""_score"":38.82,""_levels_found"":7,""_target_level"":378.0},""volume"":{""V1_rvol_day"":{""value"":0.3989259152536563,""score"":0},""V2_rvol_sameslot"":{""value"":2.469816269839258,""score"":100,""status"":""ok""},""V3_breakout_bar"":{""value"":2.056063416010062,""score"":100},""V4_base_dryup"":{""value"":1.0959083558382618,""score"":40.409164416173816},""V5_bo_expansion"":{""value"":0.3989259152536564,""score"":0},""_score"":53.08},""readiness"":{""_distance_atr"":0.649,""BR1_atr_distance"":{""score"":56.746091336277324},""BR2_compression"":{""score"":0},""BR3_retest"":{""score"":50.0},""BR4_bo_age"":{""score"":50.0},""_score"":40.2},""risk"":{""R1_stop_clarity"":{""score"":64.11425580994738},""R2_stop_distance_pct"":{""value"":7.933177666369059,""score"":100.0},""R3_stop_distance_atr"":{""value"":1.0152686113431133,""score"":75.76343056715567},""R4_rr_potential"":{""value"":2.2260312513526435,""score"":61.301562567632175},""_score"":76.06},""market"":{""M1_spy_regime"":{""score"":100.0},""M3_earnings_risk"":{""value"":null,""score"":80.0},""M4_vix"":{""value"":null,""score"":60.0},""_score"":84.0},""liquidity"":{""L1_price"":{""value"":364.025,""score"":100.0},""L2_dollar_vol"":{""value"":573070098.8700184,""score"":100.0},""L3_spread_proxy"":{""value"":0.04637044159055009,""score"":53.629558409449906},""L4_volume_zscore"":{""value"":-0.8944812385325167,""score"":100.0},""_score"":95.36},""pattern_structure"":{""pole_low"":336.65,""pole_low_idx"":8,""peak_price"":382.48,""peak_idx"":30,""pole_gain"":0.13613545225011153,""flag_bars"":29,""flag_low"":340.25,""flag_high"":381.93,""structural_low"":340.25,""current_price"":363.78,""neckline_distance_pct"":0.05140469514541769,""base_bars"":29},""pattern_geometry_features"":{""pole_gain"":0.13613545225011153,""pullback_pct"":0.11041100188245141,""flag_range_pct"":0.10897301819702992,""flag_drift_per_bar"":-0.00046308776998603955,""atr_pct"":0.07813870711391488,""pole_atr_multiple"":1.7422281130355257},""_schema_version"":""1.0""}",,,,,,,,,,
20260513T182534Z-d71724,2026-05-13T18:25:34.488073+00:00,MSTR,bull_flag,absent,46.64,85.6,29.8,53.0,44.3,16.6,23.0,76.1,84.0,96.2,11.98,8.92,4.77,4.43,2.32,2.07,2.28,5.04,4.81,False,,180.09,197.0,172.9364,218.28,"{""trend"":{""T1_ema_stack"":{""value"":[true,true,false],""score"":66.66666666666666},""T2_ema50_slope"":{""value"":0.579842633355277,""score"":100},""T3_high_proximity"":{""value"":0.9191078901704604,""score"":59.553945085230154},""T4_rs_1m"":{""value"":0.24103846223324266,""score"":100},""T5_rs_3m"":{""value"":0.3550630076113186,""score"":100},""T6_adr_healthy"":{""value"":5.622617324175856,""score"":100.0},""_score"":85.6},""geometry"":{""sub_pole_impulse"":27.7,""sub_flag_tightness"":0,""sub_flag_shallowness"":0,""sub_flag_drift"":76.3,""sub_flag_duration"":100.0,""_score"":29.75},""compression"":{""VC1_atr_ratio"":{""value"":0.7214362552480132,""score"":69.64093618799669},""VC2_range_contraction"":{""value"":0.9395695722672486,""score"":10.07173795545857},""VC3_range_pct_rank"":{""score"":86.66666666666667},""_score"":53.05},""sr_quality"":{""SR1_touches"":{""value"":2,""score"":25.0},""SR2_tightness"":{""value"":0.10500000000000398,""score"":97.97080022942374},""SR3_recency"":{""value"":229,""score"":0.0},""SR4_price_location"":{""score"":28.54144805876186},""SR5_reaction"":{""value"":2.3616020187086693,""score"":100},""_score"":44.33,""_levels_found"":8,""_target_level"":190.305},""volume"":{""V1_rvol_day"":{""value"":0.41718221380777687,""score"":0},""V2_rvol_sameslot"":{""value"":0.5311829330631261,""score"":2.0788622042084093,""status"":""ok""},""V3_breakout_bar"":{""value"":0.4869172790956208,""score"":0},""V4_base_dryup"":{""value"":0.691044599174762,""score"":80.8955400825238},""V5_bo_expansion"":{""value"":0.4171822138077768,""score"":0},""_score"":16.59},""readiness"":{""_distance_atr"":1.634,""BR1_atr_distance"":{""score"":0},""BR2_compression"":{""score"":22.10110132247704},""BR3_retest"":{""score"":50.0},""BR4_bo_age"":{""score"":50.0},""_score"":23.03},""risk"":{""R1_stop_clarity"":{""score"":49.1047708971338},""R2_stop_distance_pct"":{""value"":3.9722083402743205,""score"":100.0},""R3_stop_distance_atr"":{""value"":0.6912372389907308,""score"":59.56186194953654},""R4_rr_potential"":{""value"":5.33860810366879,""score"":100.0},""_score"":76.12},""market"":{""M1_spy_regime"":{""score"":100.0},""M3_earnings_risk"":{""value"":null,""score"":80.0},""M4_vix"":{""value"":null,""score"":60.0},""_score"":84.0},""liquidity"":{""L1_price"":{""value"":180.09,""score"":100.0},""L2_dollar_vol"":{""value"":1403611438.4986334,""score"":100.0},""L3_spread_proxy"":{""value"":0.038369704036870435,""score"":61.63029596312956},""L4_volume_zscore"":{""value"":-1.172338890160339,""score"":100.0},""_score"":96.16},""pattern_structure"":{""pole_low"":175.72,""pole_low_idx"":36,""peak_price"":197.0,""peak_idx"":49,""pole_gain"":0.12110175278852721,""flag_bars"":10,""flag_low"":175.57,""flag_high"":192.2374,""structural_low"":175.57,""current_price"":179.815,""neckline_distance_pct"":0.09557044740427663,""base_bars"":10},""pattern_geometry_features"":{""pole_gain"":0.12110175278852721,""pullback_pct"":0.10878172588832491,""flag_range_pct"":0.08460609137055845,""flag_drift_per_bar"":-0.004748486449456926,""atr_pct"":0.05746519597344185,""pole_atr_multiple"":2.1073930182800678},""_schema_version"":""1.0""}",,,,,,,,,,
20260513T182534Z-d71724,2026-05-13T18:25:34.488073+00:00,CW,bull_flag,setup,46.55,74.5,25.0,45.4,41.0,37.8,57.5,46.2,84.0,71.0,10.43,7.5,4.09,4.1,5.29,5.17,1.39,5.04,3.55,True,risk_unclear,752.52,750.0,702.0588,794.9,"{""trend"":{""T1_ema_stack"":{""value"":[true,true,true],""score"":100.0},""T2_ema50_slope"":{""value"":0.1347247306971427,""score"":72.45412178285711},""T3_high_proximity"":{""value"":1.0,""score"":99.99999999999997},""T4_rs_1m"":{""value"":-0.056220017411756196,""score"":0},""T5_rs_3m"":{""value"":0.1130431113251833,""score"":100},""T6_adr_healthy"":{""value"":2.9562917389664802,""score"":100.0},""_score"":74.49},""geometry"":{""sub_pole_impulse"":29.2,""sub_flag_tightness"":0,""sub_flag_shallowness"":0,""sub_flag_drift"":100,""sub_flag_duration"":12.5,""_score"":25.01},""compression"":{""VC1_atr_ratio"":{""value"":0.3596919414540913,""score"":100},""VC2_range_contraction"":{""value"":1.123374238103525,""score"":0},""VC3_range_pct_rank"":{""score"":21.666666666666668},""_score"":45.42},""sr_quality"":{""SR1_touches"":{""value"":2,""score"":25.0},""SR2_tightness"":{""value"":0.9300000000000068,""score"":91.59106754368425},""SR3_recency"":{""value"":227,""score"":0.0},""SR4_price_location"":{""score"":30.0},""SR5_reaction"":{""value"":1.6286655469826496,""score"":81.43327734913248},""_score"":40.95,""_levels_found"":7,""_target_level"":749.07},""volume"":{""V1_rvol_day"":{""value"":0.6916536600749718,""score"":12.776910671664785},""V2_rvol_sameslot"":{""value"":1.2786286884967633,""score"":51.90857923311755,""status"":""ok""},""V3_breakout_bar"":{""value"":0.9032381953009857,""score"":26.882546353399047},""V4_base_dryup"":{""value"":0.5936726468448078,""score"":90.63273531551923},""V5_bo_expansion"":{""value"":0.6916536600749718,""score"":0},""_score"":37.78},""readiness"":{""_distance_atr"":-0.114,""BR1_atr_distance"":{""score"":100.0},""BR2_compression"":{""score"":0},""BR3_retest"":{""score"":50.0},""BR4_bo_age"":{""score"":50.0},""_score"":57.5},""risk"":{""R1_stop_clarity"":{""score"":3.3311837380807106},""R2_stop_distance_pct"":{""value"":6.705635730611805,""score"":100.0},""R3_stop_distance_atr"":{""value"":2.2813185102755917,""score"":100.0},""R4_rr_potential"":{""value"":0.8398523619609113,""score"":0.0},""_score"":46.17},""market"":{""M1_spy_regime"":{""score"":100.0},""M3_earnings_risk"":{""value"":null,""score"":80.0},""M4_vix"":{""value"":null,""score"":60.0},""_score"":84.0},""liquidity"":{""L1_price"":{""value"":752.52,""score"":0.0},""L2_dollar_vol"":{""value"":113987156.65485816,""score"":100.0},""L3_spread_proxy"":{""value"":0.040111890713868,""score"":59.888109286132},""L4_volume_zscore"":{""value"":-0.8973716571157322,""score"":100.0},""_score"":70.99},""pattern_structure"":{""pole_low"":705.1,""pole_low_idx"":9,""peak_price"":750.0,""peak_idx"":32,""pole_gain"":0.06367891079279532,""flag_bars"":27,""flag_low"":712.75,""flag_high"":748.285,""structural_low"":712.75,""current_price"":745.97,""neckline_distance_pct"":0.005402362025282481,""base_bars"":27},""pattern_geometry_features"":{""pole_gain"":0.06367891079279532,""pullback_pct"":0.049666666666666665,""flag_range_pct"":0.04737999999999996,""flag_drift_per_bar"":0.0003876492691056225,""atr_pct"":0.02939368483799195,""pole_atr_multiple"":2.166414695665819},""_schema_version"":""1.0""}",,,,,,,,,,
20260513T182534Z-d71724,2026-05-13T18:25:34.488073+00:00,ESLT,double_bottom,absent,46.37,36.2,49.9,53.1,45.5,23.1,29.4,66.8,84.0,68.9,5.43,12.47,4.25,6.37,3.0,2.35,4.01,5.04,3.44,True,risk_unclear;reversal_trend_cap,772.785,804.38,753.525,843.76,"{""trend"":{""T1_ema_stack"":{""value"":[false,false,true],""score"":33.33333333333333},""T2_ema50_slope"":{""value"":-0.03888865680070443,""score"":43.51855719988259},""T3_high_proximity"":{""value"":0.7618674395906657,""score"":0},""T4_rs_1m"":{""value"":-0.23030181760523216,""score"":0},""T5_rs_3m"":{""value"":0.08881090245836676,""score"":94.40545122918337},""T6_adr_healthy"":{""value"":3.1051895964958476,""score"":100.0},""_score"":36.2},""geometry"":{""sub_low_similarity"":59.1,""sub_bounce_quality"":30.7,""sub_separation_fit"":100.0,""sub_right_bottom_reaction"":33.3,""sub_base_context"":30.0,""_score"":49.87},""compression"":{""VC1_atr_ratio"":{""value"":0.48705022784728386,""score"":100},""VC2_range_contraction"":{""value"":1.158280427329584,""score"":0},""VC3_range_pct_rank"":{""score"":52.5},""_score"":53.12},""sr_quality"":{""SR1_touches"":{""value"":2,""score"":25.0},""SR2_tightness"":{""value"":4.694999999999993,""score"":68.6987330439566},""SR3_recency"":{""value"":236,""score"":0.0},""SR4_price_location"":{""score"":50.887261194593336},""SR5_reaction"":{""value"":2.626589647676213,""score"":100},""_score"":45.53,""_levels_found"":2,""_target_level"":805.305},""volume"":{""V1_rvol_day"":{""value"":0.8168343241929832,""score"":21.12228827953221},""V2_rvol_sameslot"":{""value"":0.5831013504138549,""score"":5.5400900275903275,""status"":""ok""},""V3_breakout_bar"":{""value"":0.37950307096245256,""score"":0},""V4_base_dryup"":{""value"":0.6122224847829206,""score"":88.77775152170794},""V5_bo_expansion"":{""value"":0.8168343241929832,""score"":0},""_score"":23.09},""readiness"":{""_distance_atr"":1.053,""BR1_atr_distance"":{""score"":29.786046895548907},""BR2_compression"":{""score"":0},""BR3_retest"":{""score"":50.0},""BR4_bo_age"":{""score"":50.0},""_score"":29.41},""risk"":{""R1_stop_clarity"":{""score"":23.49690344609175},""R2_stop_distance_pct"":{""value"":2.4922843999301216,""score"":100.0},""R3_stop_distance_atr"":{""value"":0.6420259867661304,""score"":57.10129933830652},""R4_rr_potential"":{""value"":3.685098650051924,""score"":100.0},""_score"":66.79},""market"":{""M1_spy_regime"":{""score"":100.0},""M3_earnings_risk"":{""value"":null,""score"":80.0},""M4_vix"":{""value"":null,""score"":60.0},""_score"":84.0},""liquidity"":{""L1_price"":{""value"":772.785,""score"":0.0},""L2_dollar_vol"":{""value"":67661750.8815294,""score"":91.51716159127102},""L3_spread_proxy"":{""value"":0.0273038425952885,""score"":72.6961574047115},""L4_volume_zscore"":{""value"":-0.6390270441521481,""score"":100.0},""_score"":68.88},""pattern_structure"":{""left_low"":780.81,""left_idx"":54,""right_low"":765.0,""right_idx"":76,""separation_bars"":22,""structural_low"":765.0,""current_price"":773.03,""neckline_distance_pct"":0.04055470033504524,""base_bars"":22},""pattern_geometry_features"":{""low_similarity_pct"":0.02045529528208505,""bounce_pct"":0.05147712418300653,""right_bottom_reaction"":0.3331753554502353,""atr_pct"":0.038819057971215445},""_schema_version"":""1.0""}",,,,,,,,,,
20260513T182534Z-d71724,2026-05-13T18:25:34.488073+00:00,UUUU,double_bottom,absent,46.35,50.5,34.5,61.0,44.4,17.3,27.5,80.7,84.0,94.5,7.58,8.62,4.88,6.21,2.24,2.2,4.84,5.04,4.73,False,,20.32,25.79,19.5227,31.76,"{""trend"":{""T1_ema_stack"":{""value"":[false,true,true],""score"":66.66666666666666},""T2_ema50_slope"":{""value"":0.30603538645659495,""score"":100},""T3_high_proximity"":{""value"":0.8639455782312926,""score"":31.972789115646272},""T4_rs_1m"":{""value"":-0.029646725063819046,""score"":20.353274936180952},""T5_rs_3m"":{""value"":-0.16870959861226598,""score"":0},""T6_adr_healthy"":{""value"":7.973005696389647,""score"":100.0},""_score"":50.53},""geometry"":{""sub_low_similarity"":7.3,""sub_bounce_quality"":100,""sub_separation_fit"":0.0,""sub_right_bottom_reaction"":41.8,""sub_base_context"":30.0,""_score"":34.46},""compression"":{""VC1_atr_ratio"":{""value"":0.5308893522357739,""score"":100},""VC2_range_contraction"":{""value"":1.1619723976899727,""score"":0},""VC3_range_pct_rank"":{""score"":84.16666666666667},""_score"":61.04},""sr_quality"":{""SR1_touches"":{""value"":3,""score"":50.0},""SR2_tightness"":{""value"":0.32484531703566244,""score"":64.8331140722983},""SR3_recency"":{""value"":237,""score"":0.0},""SR4_price_location"":{""score"":18.572672389600843},""SR5_reaction"":{""value"":2.1627648921486364,""score"":100},""_score"":44.37,""_levels_found"":5,""_target_level"":23.5532},""volume"":{""V1_rvol_day"":{""value"":0.4334078702803808,""score"":0},""V2_rvol_sameslot"":{""value"":0.5843954605139647,""score"":5.626364034264316,""status"":""ok""},""V3_breakout_bar"":{""value"":0.4015074294741513,""score"":0},""V4_base_dryup"":{""value"":0.6931629865104416,""score"":80.68370134895584},""V5_bo_expansion"":{""value"":0.4334078702803807,""score"":0},""_score"":17.26},""readiness"":{""_distance_atr"":2.961,""BR1_atr_distance"":{""score"":0},""BR2_compression"":{""score"":40.16195010190279},""BR3_retest"":{""score"":50.0},""BR4_bo_age"":{""score"":50.0},""_score"":27.54},""risk"":{""R1_stop_clarity"":{""score"":67.81509648434329},""R2_stop_distance_pct"":{""value"":3.923720472440944,""score"":100.0},""R3_stop_distance_atr"":{""value"":0.4315678367479498,""score"":46.57839183739749},""R4_rr_potential"":{""value"":14.348425937539194,""score"":100.0},""_score"":80.72},""market"":{""M1_spy_regime"":{""score"":100.0},""M3_earnings_risk"":{""value"":null,""score"":80.0},""M4_vix"":{""value"":null,""score"":60.0},""_score"":84.0},""liquidity"":{""L1_price"":{""value"":20.32,""score"":100.0},""L2_dollar_vol"":{""value"":95862743.21041664,""score"":99.08249263071274},""L3_spread_proxy"":{""value"":0.05118110236220468,""score"":48.81889763779532},""L4_volume_zscore"":{""value"":-1.6970374015817542,""score"":100.0},""_score"":94.51},""pattern_structure"":{""left_low"":20.76,""left_idx"":29,""right_low"":19.82,""right_idx"":76,""separation_bars"":47,""structural_low"":19.82,""current_price"":20.375,""neckline_distance_pct"":0.2657668711656441,""base_bars"":47},""pattern_geometry_features"":{""low_similarity_pct"":0.046328240512567835,""bounce_pct"":0.30121089808274465,""right_bottom_reaction"":0.4182692307692299,""atr_pct"":0.09091781496062992},""_schema_version"":""1.0""}",,,,,,,,,,
20260513T182534Z-d71724,2026-05-13T18:25:34.488073+00:00,INTC,breakout_retest_hold,extended,46.15,95.7,31.1,5.8,50.5,0.8,44.7,66.7,84.0,93.0,13.4,6.84,0.35,7.08,0.11,8.04,3.34,4.2,2.79,True,price_extended_above_trigger,122.03,114.51,113.85,117.9878,"{""trend"":{""T1_ema_stack"":{""value"":[true,true,true],""score"":100.0},""T2_ema50_slope"":{""value"":1.1051664272242252,""score"":100},""T3_high_proximity"":{""value"":0.9427533992583437,""score"":71.37669962917181},""T4_rs_1m"":{""value"":0.8428313344003944,""score"":100},""T5_rs_3m"":{""value"":1.4535951286707878,""score"":100},""T6_adr_healthy"":{""value"":6.671976649601262,""score"":100.0},""_score"":95.71},""geometry"":{""sub_retest_depth"":37.0,""sub_retest_timing"":0.0,""sub_retest_freshness"":100.0,""sub_hold_quality"":0.0,""_score"":31.1},""compression"":{""VC1_atr_ratio"":{""value"":1.367829314707198,""score"":0},""VC2_range_contraction"":{""value"":1.3417131419498745,""score"":0},""VC3_range_pct_rank"":{""score"":23.33333333333333},""_score"":5.83},""sr_quality"":{""SR1_touches"":{""value"":5,""score"":100},""SR2_tightness"":{""value"":2.034394258741408,""score"":57.38210245199986},""SR3_recency"":{""value"":257,""score"":0.0},""SR4_price_location"":{""score"":30.0},""SR5_reaction"":{""value"":0.5925965828195292,""score"":29.62982914097646},""_score"":50.55,""_levels_found"":2,""_target_level"":48.195},""volume"":{""V1_rvol_day"":{""value"":0.5625390183546235,""score"":4.169267890308234},""V2_rvol_sameslot"":{""value"":0.42876364425402436,""score"":0,""status"":""ok""},""V3_breakout_bar"":{""value"":0.31957396745658684,""score"":0},""V4_base_dryup"":{""value"":1.6826013770224448,""score"":0},""V5_bo_expansion"":{""value"":0.5625390183546235,""score"":0},""_score"":0.83},""readiness"":{""_distance_atr"":-0.788,""BR1_atr_distance"":{""score"":44.24658405400574},""BR2_compression"":{""score"":9.967786571048151},""BR3_retest"":{""score"":100},""BR4_bo_age"":{""score"":30.0},""_score"":44.69},""risk"":{""R1_stop_clarity"":{""score"":75.90900486982247},""R2_stop_distance_pct"":{""value"":6.703269687781699,""score"":100.0},""R3_stop_distance_atr"":{""value"":0.8568014789776148,""score"":67.84007394888074},""R4_rr_potential"":{""value"":-0.4941617184771209,""score"":0.0},""_score"":66.74},""market"":{""M1_spy_regime"":{""score"":100.0},""M3_earnings_risk"":{""value"":null,""score"":80.0},""M4_vix"":{""value"":null,""score"":60.0},""_score"":84.0},""liquidity"":{""L1_price"":{""value"":122.03,""score"":100.0},""L2_dollar_vol"":{""value"":10593153098.330118,""score"":100.0},""L3_spread_proxy"":{""value"":0.07039252642792758,""score"":29.607473572072422},""L4_volume_zscore"":{""value"":-1.2766675877887277,""score"":100.0},""_score"":92.96},""pattern_structure"":{""level"":114.51,""level_idx"":52,""breakout_idx"":58,""bo_peak_idx"":64,""bo_peak_price"":132.75,""retest_idx"":73,""retest_low"":115.0,""structural_low"":115.0,""current_price"":122.21,""neckline_distance_pct"":-0.06300630063006292,""base_bars"":27,""bars_since_breakout"":21},""pattern_geometry_features"":{""retest_depth_atr"":-0.1408954046737824,""bars_breakout_to_retest"":15.0,""bars_since_retest"":6.0,""current_above_level_atr"":2.2140706448737433,""bo_peak_excess_pct"":0.159287398480482,""atr_pct"":0.0782359724189602},""_schema_version"":""1.0""}",,,,,,,,,,
20260513T182534Z-d71724,2026-05-13T18:25:34.488073+00:00,GE,double_bottom,absent,45.89,30.5,49.0,63.8,50.2,11.7,19.2,66.2,84.0,97.6,4.57,12.24,5.11,7.02,1.52,1.54,3.97,5.04,4.88,True,risk_unclear;reversal_trend_cap,295.23,310.0,281.9464,333.76,"{""trend"":{""T1_ema_stack"":{""value"":[true,false,true],""score"":66.66666666666666},""T2_ema50_slope"":{""value"":-0.15683419712843427,""score"":23.860967145260954},""T3_high_proximity"":{""value"":0.8539075605946665,""score"":26.953780297333253},""T4_rs_1m"":{""value"":-0.1411686153324503,""score"":0},""T5_rs_3m"":{""value"":-0.13239700228437778,""score"":0},""T6_adr_healthy"":{""value"":3.383651494619623,""score"":100.0},""_score"":30.48},""geometry"":{""sub_low_similarity"":64.9,""sub_bounce_quality"":75.7,""sub_separation_fit"":0.0,""sub_right_bottom_reaction"":55.8,""sub_base_context"":30.0,""_score"":48.98},""compression"":{""VC1_atr_ratio"":{""value"":0.5380208460967418,""score"":100},""VC2_range_contraction"":{""value"":0.8413544008481316,""score"":26.44093319197807},""VC3_range_pct_rank"":{""score"":58.33333333333333},""_score"":63.84},""sr_quality"":{""SR1_touches"":{""value"":2,""score"":25.0},""SR2_tightness"":{""value"":1.5900000000000034,""score"":65.84579976985032},""SR3_recency"":{""value"":252,""score"":0.0},""SR4_price_location"":{""score"":73.00435413642958},""SR5_reaction"":{""value"":1.9375527426160364,""score"":96.87763713080182},""_score"":50.16,""_levels_found"":6,""_target_level"":297.09},""volume"":{""V1_rvol_day"":{""value"":0.3007160441777422,""score"":0},""V2_rvol_sameslot"":{""value"":0.5914799435307827,""score"":6.09866290205218,""status"":""ok""},""V3_breakout_bar"":{""value"":0.711155747214213,""score"":14.07704981428087},""V4_base_dryup"":{""value"":1.1541544284221306,""score"":34.584557157786946},""V5_bo_expansion"":{""value"":0.3007160441777422,""score"":0},""_score"":11.66},""readiness"":{""_distance_atr"":1.586,""BR1_atr_distance"":{""score"":0},""BR2_compression"":{""score"":6.8476035070135595},""BR3_retest"":{""score"":50.0},""BR4_bo_age"":{""score"":50.0},""_score"":19.21},""risk"":{""R1_stop_clarity"":{""score"":7.770771001150152},""R2_stop_distance_pct"":{""value"":4.499407241811481,""score"":100.0},""R3_stop_distance_atr"":{""value"":1.4267004219409325,""score"":96.33502109704662},""R4_rr_potential"":{""value"":2.900569122828139,""score"":95.02845614140696},""_score"":66.18},""market"":{""M1_spy_regime"":{""score"":100.0},""M3_earnings_risk"":{""value"":null,""score"":80.0},""M4_vix"":{""value"":null,""score"":60.0},""_score"":84.0},""liquidity"":{""L1_price"":{""value"":295.23,""score"":100.0},""L2_dollar_vol"":{""value"":627654761.6185447,""score"":100.0},""L3_spread_proxy"":{""value"":0.024015174609626308,""score"":75.98482539037369},""L4_volume_zscore"":{""value"":-1.709372624403488,""score"":100.0},""_score"":97.6},""pattern_structure"":{""left_low"":286.24,""left_idx"":28,""right_low"":291.31,""right_idx"":76,""separation_bars"":48,""structural_low"":286.24,""current_price"":296.215,""neckline_distance_pct"":0.04653714362878324,""base_bars"":48},""pattern_geometry_features"":{""low_similarity_pct"":0.017556921478659834,""bounce_pct"":0.08300726662940186,""right_bottom_reaction"":0.558303886925797,""atr_pct"":0.031537155051025584},""_schema_version"":""1.0""}",,,,,,,,,,
20260513T182534Z-d71724,2026-05-13T18:25:34.488073+00:00,ETN,vcp,absent,45.82,65.2,35.0,38.8,37.9,19.5,26.3,75.8,84.0,97.9,9.77,8.75,4.66,4.54,2.53,1.84,3.79,5.04,4.9,False,,408.655,435.43,382.4361,528.86,"{""trend"":{""T1_ema_stack"":{""value"":[true,true,true],""score"":100.0},""T2_ema50_slope"":{""value"":0.3263266888131313,""score"":100},""T3_high_proximity"":{""value"":0.94375418581557,""score"":71.87709290778498},""T4_rs_1m"":{""value"":-0.052757178149634765,""score"":0},""T5_rs_3m"":{""value"":-0.04170651164733519,""score"":29.146744176332405},""T6_adr_healthy"":{""value"":3.365565538365753,""score"":100.0},""_score"":65.15},""geometry"":{""sub_contraction_count"":100.0,""sub_reduction_rate"":0,""sub_pivot_tightness"":0,""sub_volume_dryup"":0,""sub_base_depth"":0.0,""sub_base_duration"":100.0,""_score"":35.0},""compression"":{""VC1_atr_ratio"":{""value"":0.7994320474300739,""score"":50.14198814248152},""VC2_range_contraction"":{""value"":1.5542328704231134,""score"":0},""VC3_range_pct_rank"":{""score"":75.0},""_score"":38.81},""sr_quality"":{""SR1_touches"":{""value"":2,""score"":25.0},""SR2_tightness"":{""value"":1.545000000000016,""score"":81.65187421481794},""SR3_recency"":{""value"":231,""score"":0.0},""SR4_price_location"":{""score"":12.502167504768558},""SR5_reaction"":{""value"":2.311626332741522,""score"":100},""_score"":37.87,""_levels_found"":7,""_target_level"":433.885},""volume"":{""V1_rvol_day"":{""value"":0.39978517237325434,""score"":0},""V2_rvol_sameslot"":{""value"":0.8381542295289686,""score"":22.54361530193124,""status"":""ok""},""V3_breakout_bar"":{""value"":0.6220587745027151,""score"":8.137251633514337},""V4_base_dryup"":{""value"":0.8525409573066174,""score"":64.74590426933827},""V5_bo_expansion"":{""value"":0.39978517237325434,""score"":0},""_score"":19.49},""readiness"":{""_distance_atr"":1.59,""BR1_atr_distance"":{""score"":0},""BR2_compression"":{""score"":35.259823582782865},""BR3_retest"":{""score"":50.0},""BR4_bo_age"":{""score"":50.0},""_score"":26.31},""risk"":{""R1_stop_clarity"":{""score"":30.836472647041873},""R2_stop_distance_pct"":{""value"":6.415900943338504,""score"":100.0},""R3_stop_distance_atr"":{""value"":1.5568533176346413,""score"":100.0},""R4_rr_potential"":{""value"":4.584669837407374,""score"":100.0},""_score"":75.79},""market"":{""M1_spy_regime"":{""score"":100.0},""M3_earnings_risk"":{""value"":null,""score"":80.0},""M4_vix"":{""value"":null,""score"":60.0},""_score"":84.0},""liquidity"":{""L1_price"":{""value"":408.655,""score"":100.0},""L2_dollar_vol"":{""value"":464214975.11768955,""score"":100.0},""L3_spread_proxy"":{""value"":0.0208992915784708,""score"":79.1007084215292},""L4_volume_zscore"":{""value"":-1.4969663769451411,""score"":100.0},""_score"":97.91},""pattern_structure"":{""n_contractions"":5,""contractions_pct"":[10.53,5.28,10.11,7.1,10.83],""descending_strict"":false,""final_low"":388.26,""final_pivot"":435.43,""structural_low"":388.26,""dry_up_ratio"":1.5229824238775047,""current_price"":408.655,""neckline_distance_pct"":0.06551981500287538,""base_bars"":45,""recent_base_height"":93.43},""pattern_geometry_features"":{""contraction_count"":5.0,""first_contraction_pct"":0.10532441082339247,""last_contraction_pct"":0.10832969708104635,""dry_up_ratio"":1.5229824238775047,""near_monotone"":0.0,""base_depth_pct"":-0.026952680720501488},""_schema_version"":""1.0""}",,,,,,,,,,
20260513T182534Z-d71724,2026-05-13T18:25:34.488073+00:00,HON,double_bottom,absent,45.77,22.6,44.2,62.9,61.7,13.5,38.3,47.9,84.0,98.4,3.39,11.05,5.03,8.63,1.76,3.07,2.87,5.04,4.92,True,risk_unclear;reversal_trend_cap,217.7,221.035,205.4119,233.53,"{""trend"":{""T1_ema_stack"":{""value"":[false,false,true],""score"":33.33333333333333},""T2_ema50_slope"":{""value"":-0.1962713446258276,""score"":17.288109229028734},""T3_high_proximity"":{""value"":0.8776810191904532,""score"":38.84050959522656},""T4_rs_1m"":{""value"":-0.13619149240780892,""score"":0},""T5_rs_3m"":{""value"":-0.17643692854294712,""score"":0},""T6_adr_healthy"":{""value"":2.294828714867899,""score"":100.0},""_score"":22.62},""geometry"":{""sub_low_similarity"":25.9,""sub_bounce_quality"":42.7,""sub_separation_fit"":100.0,""sub_right_bottom_reaction"":46.0,""sub_base_context"":30.0,""_score"":44.21},""compression"":{""VC1_atr_ratio"":{""value"":0.4985845019177907,""score"":100},""VC2_range_contraction"":{""value"":0.879532213923228,""score"":20.077964346128667},""VC3_range_pct_rank"":{""score"":63.33333333333333},""_score"":62.86},""sr_quality"":{""SR1_touches"":{""value"":4,""score"":75.0},""SR2_tightness"":{""value"":1.3000630398176845,""score"":43.96694038172188},""SR3_recency"":{""value"":249,""score"":0.0},""SR4_price_location"":{""score"":70.28649750283323},""SR5_reaction"":{""value"":2.2995499101051644,""score"":100},""_score"":61.67,""_levels_found"":7,""_target_level"":221.707},""volume"":{""V1_rvol_day"":{""value"":0.3173499924057592,""score"":0},""V2_rvol_sameslot"":{""value"":0.6805554862567046,""score"":12.03703241711364,""status"":""ok""},""V3_breakout_bar"":{""value"":0.5230118679026445,""score"":1.534124526842969},""V4_base_dryup"":{""value"":0.9625857150870182,""score"":53.74142849129818},""V5_bo_expansion"":{""value"":0.3173499924057591,""score"":0},""_score"":13.54},""readiness"":{""_distance_atr"":0.719,""BR1_atr_distance"":{""score"":52.08687371212299},""BR2_compression"":{""score"":0},""BR3_retest"":{""score"":50.0},""BR4_bo_age"":{""score"":50.0},""_score"":38.33},""risk"":{""R1_stop_clarity"":{""score"":0},""R2_stop_distance_pct"":{""value"":5.64451079467156,""score"":100.0},""R3_stop_distance_atr"":{""value"":2.6481017412506422,""score"":100.0},""R4_rr_potential"":{""value"":1.2882382142072437,""score"":14.411910710362186},""_score"":47.88},""market"":{""M1_spy_regime"":{""score"":100.0},""M3_earnings_risk"":{""value"":null,""score"":80.0},""M4_vix"":{""value"":null,""score"":60.0},""_score"":84.0},""liquidity"":{""L1_price"":{""value"":217.7,""score"":100.0},""L2_dollar_vol"":{""value"":268030827.2254004,""score"":100.0},""L3_spread_proxy"":{""value"":0.0159393661001378,""score"":84.0606338998622},""L4_volume_zscore"":{""value"":-2.03805887734111,""score"":100.0},""_score"":98.41},""pattern_structure"":{""left_low"":208.54,""left_idx"":40,""right_low"":216.41,""right_idx"":70,""separation_bars"":30,""structural_low"":208.54,""current_price"":217.5109,""neckline_distance_pct"":0.016201946661063903,""base_bars"":30},""pattern_geometry_features"":{""low_similarity_pct"":0.03703965172373223,""bounce_pct"":0.05991656276973245,""right_bottom_reaction"":0.4604105571847492,""atr_pct"":0.02131530940350418},""_schema_version"":""1.0""}",,,,,,,,,,
20260513T182534Z-d71724,2026-05-13T18:25:34.488073+00:00,ASTS,double_bottom,forming,45.61,13.3,60.6,40.3,55.5,11.1,20.8,78.9,84.0,92.0,2.0,15.14,3.22,7.77,1.45,1.66,4.73,5.04,4.6,True,reversal_trend_cap,75.545,84.94,68.8712,99.96,"{""trend"":{""T1_ema_stack"":{""value"":[false,false,true],""score"":33.33333333333333},""T2_ema50_slope"":{""value"":-0.6289631707543535,""score"":0},""T3_high_proximity"":{""value"":0.7202307178949375,""score"":0},""T4_rs_1m"":{""value"":-0.21662366527695642,""score"":0},""T5_rs_3m"":{""value"":-0.2939718155897403,""score"":0},""T6_adr_healthy"":{""value"":7.873895015074255,""score"":100.0},""_score"":13.33},""geometry"":{""sub_low_similarity"":80.4,""sub_bounce_quality"":100,""sub_separation_fit"":13.3,""sub_right_bottom_reaction"":56.3,""sub_base_context"":30.0,""_score"":60.56},""compression"":{""VC1_atr_ratio"":{""value"":0.7325497885859469,""score"":66.86255285351328},""VC2_range_contraction"":{""value"":1.131395882876995,""score"":0},""VC3_range_pct_rank"":{""score"":54.16666666666667},""_score"":40.29},""sr_quality"":{""SR1_touches"":{""value"":3,""score"":50.0},""SR2_tightness"":{""value"":0.6666499997916594,""score"":79.26661979972558},""SR3_recency"":{""value"":275,""score"":0.0},""SR4_price_location"":{""score"":54.3389081729253},""SR5_reaction"":{""value"":2.522797106584456,""score"":100},""_score"":55.47,""_levels_found"":8,""_target_level"":77.9567},""volume"":{""V1_rvol_day"":{""value"":0.5537151740012526,""score"":3.5810116000835057},""V2_rvol_sameslot"":{""value"":0.6688657242353069,""score"":11.257714949020459,""status"":""ok""},""V3_breakout_bar"":{""value"":0.27461858924237925,""score"":0},""V4_base_dryup"":{""value"":1.0914565042778612,""score"":40.85434957221388},""V5_bo_expansion"":{""value"":0.5537151740012526,""score"":0},""_score"":11.14},""readiness"":{""_distance_atr"":1.461,""BR1_atr_distance"":{""score"":2.6025115415616966},""BR2_compression"":{""score"":8.88453803679129},""BR3_retest"":{""score"":50.0},""BR4_bo_age"":{""score"":50.0},""_score"":20.76},""risk"":{""R1_stop_clarity"":{""score"":67.38143079450448},""R2_stop_distance_pct"":{""value"":8.834204778608775,""score"":79.14488053478061},""R3_stop_distance_atr"":{""value"":1.0378041912835432,""score"":76.89020956417716},""R4_rr_potential"":{""value"":3.6583355809284055,""score"":100.0},""_score"":78.86},""market"":{""M1_spy_regime"":{""score"":100.0},""M3_earnings_risk"":{""value"":null,""score"":80.0},""M4_vix"":{""value"":null,""score"":60.0},""_score"":84.0},""liquidity"":{""L1_price"":{""value"":75.545,""score"":100.0},""L2_dollar_vol"":{""value"":827005361.3091133,""score"":100.0},""L3_spread_proxy"":{""value"":0.08041432258918525,""score"":19.585677410814753},""L4_volume_zscore"":{""value"":-1.0393434982315168,""score"":100.0},""_score"":91.96},""pattern_structure"":{""left_low"":70.6101,""left_idx"":29,""right_low"":69.92,""right_idx"":72,""separation_bars"":43,""structural_low"":69.92,""current_price"":75.96,""neckline_distance_pct"":0.11822011585044767,""base_bars"":43},""pattern_geometry_features"":{""low_similarity_pct"":0.009821383461621404,""bounce_pct"":0.21481693363844387,""right_bottom_reaction"":0.5629432624113458,""atr_pct"":0.08512400366857974},""_schema_version"":""1.0""}",,,,,,,,,,
20260513T182534Z-d71724,2026-05-13T18:25:34.488073+00:00,SMR,ascending_triangle,absent,45.38,32.6,39.9,63.8,48.6,13.1,34.1,84.0,84.0,94.2,4.89,11.18,5.1,6.8,1.57,2.73,3.36,5.04,4.71,False,,12.165,13.63,11.3078,15.78,"{""trend"":{""T1_ema_stack"":{""value"":[false,false,false],""score"":0.0},""T2_ema50_slope"":{""value"":-0.08339520991197279,""score"":36.10079834800453},""T3_high_proximity"":{""value"":0.8309426229508196,""score"":15.471311475409754},""T4_rs_1m"":{""value"":0.11726442654513813,""score"":100},""T5_rs_3m"":{""value"":-0.29211888800192387,""score"":0},""T6_adr_healthy"":{""value"":9.58012204601825,""score"":60.496948849543756},""_score"":32.57},""geometry"":{""sub_flat_top_quality"":66.7,""sub_hl_slope"":16.4,""sub_compression"":0,""sub_duration"":100.0,""_score"":39.93},""compression"":{""VC1_atr_ratio"":{""value"":0.6156987119605392,""score"":96.0753220098652},""VC2_range_contraction"":{""value"":0.9085381178022782,""score"":15.24364703295363},""VC3_range_pct_rank"":{""score"":80.0},""_score"":63.77},""sr_quality"":{""SR1_touches"":{""value"":3,""score"":50.0},""SR2_tightness"":{""value"":0.21664307563876192,""score"":63.24434597369463},""SR3_recency"":{""value"":228,""score"":0.0},""SR4_price_location"":{""score"":36.3722809937002},""SR5_reaction"":{""value"":3.350218538177528,""score"":100},""_score"":48.58,""_levels_found"":5,""_target_level"":13.9493},""volume"":{""V1_rvol_day"":{""value"":0.505399840488359,""score"":0.35998936589059694},""V2_rvol_sameslot"":{""value"":0.8109408390362907,""score"":20.72938926908604,""status"":""ok""},""V3_breakout_bar"":{""value"":0.5325164212894514,""score"":2.1677614192967614},""V4_base_dryup"":{""value"":1.0844827860413906,""score"":41.55172139586094},""V5_bo_expansion"":{""value"":0.505399840488359,""score"":0},""_score"":13.07},""readiness"":{""_distance_atr"":1.243,""BR1_atr_distance"":{""score"":17.149389628121455},""BR2_compression"":{""score"":38.92944948397156},""BR3_retest"":{""score"":50.0},""BR4_bo_age"":{""score"":50.0},""_score"":34.09},""risk"":{""R1_stop_clarity"":{""score"":70.78455609685157},""R2_stop_distance_pct"":{""value"":7.046444718454574,""score"":100.0},""R3_stop_distance_atr"":{""value"":0.7271625584720899,""score"":61.358127923604485},""R4_rr_potential"":{""value"":4.217218852076536,""score"":100.0},""_score"":83.98},""market"":{""M1_spy_regime"":{""score"":100.0},""M3_earnings_risk"":{""value"":null,""score"":80.0},""M4_vix"":{""value"":null,""score"":60.0},""_score"":84.0},""liquidity"":{""L1_price"":{""value"":12.165,""score"":100.0},""L2_dollar_vol"":{""value"":240252917.72836894,""score"":100.0},""L3_spread_proxy"":{""value"":0.05754212905877512,""score"":42.457870941224876},""L4_volume_zscore"":{""value"":-1.2087654727888177,""score"":100.0},""_score"":94.25},""pattern_structure"":{""top"":13.63,""top_touches"":3,""low_slope_per_bar"":0.00564854022732343,""lowest_low"":11.48,""structural_low"":11.48,""current_price"":12.2,""neckline_distance_pct"":0.11721311475409849,""base_bars"":57},""pattern_geometry_features"":{""top_touches"":3.0,""low_slope"":0.00564854022732343,""compression"":-0.057190576652601965,""atr_pct"":0.09690329399330634},""_schema_version"":""1.0""}",,,,,,,,,,
20260513T182534Z-d71724,2026-05-13T18:25:34.488073+00:00,GE,ascending_triangle,absent,45.36,30.5,46.6,63.8,50.2,13.7,19.2,62.6,84.0,97.6,4.57,13.05,5.11,7.02,1.64,1.54,2.5,5.04,4.88,True,risk_unclear,295.23,310.0,286.9404,328.69,"{""trend"":{""T1_ema_stack"":{""value"":[true,false,true],""score"":66.66666666666666},""T2_ema50_slope"":{""value"":-0.15683419712843427,""score"":23.860967145260954},""T3_high_proximity"":{""value"":0.8539075605946665,""score"":26.953780297333253},""T4_rs_1m"":{""value"":-0.1411686153324503,""score"":0},""T5_rs_3m"":{""value"":-0.13239700228437778,""score"":0},""T6_adr_healthy"":{""value"":3.383651494619623,""score"":100.0},""_score"":30.48},""geometry"":{""sub_flat_top_quality"":66.7,""sub_hl_slope"":38.3,""sub_compression"":0.5,""sub_duration"":100.0,""_score"":46.62},""compression"":{""VC1_atr_ratio"":{""value"":0.5380208460967418,""score"":100},""VC2_range_contraction"":{""value"":0.8413544008481316,""score"":26.44093319197807},""VC3_range_pct_rank"":{""score"":58.33333333333333},""_score"":63.84},""sr_quality"":{""SR1_touches"":{""value"":2,""score"":25.0},""SR2_tightness"":{""value"":1.5900000000000034,""score"":65.84579976985032},""SR3_recency"":{""value"":252,""score"":0.0},""SR4_price_location"":{""score"":73.00435413642958},""SR5_reaction"":{""value"":1.9375527426160364,""score"":96.87763713080182},""_score"":50.16,""_levels_found"":6,""_target_level"":297.09},""volume"":{""V1_rvol_day"":{""value"":0.3007160441777422,""score"":0},""V2_rvol_sameslot"":{""value"":0.5914799435307827,""score"":6.09866290205218,""status"":""ok""},""V3_breakout_bar"":{""value"":0.711155747214213,""score"":14.07704981428087},""V4_base_dryup"":{""value"":1.0532342097299454,""score"":44.67657902700546},""V5_bo_expansion"":{""value"":0.3007160441777422,""score"":0},""_score"":13.67},""readiness"":{""_distance_atr"":1.586,""BR1_atr_distance"":{""score"":0},""BR2_compression"":{""score"":6.8476035070135595},""BR3_retest"":{""score"":50.0},""BR4_bo_age"":{""score"":50.0},""_score"":19.21},""risk"":{""R1_stop_clarity"":{""score"":6.1371691599543965},""R2_stop_distance_pct"":{""value"":2.8078616671747434,""score"":100.0},""R3_stop_distance_atr"":{""value"":0.8903344840813192,""score"":69.51672420406597},""R4_rr_potential"":{""value"":4.036358591737891,""score"":100.0},""_score"":62.58},""market"":{""M1_spy_regime"":{""score"":100.0},""M3_earnings_risk"":{""value"":null,""score"":80.0},""M4_vix"":{""value"":null,""score"":60.0},""_score"":84.0},""liquidity"":{""L1_price"":{""value"":295.23,""score"":100.0},""L2_dollar_vol"":{""value"":627654761.6185447,""score"":100.0},""L3_spread_proxy"":{""value"":0.024015174609626308,""score"":75.98482539037369},""L4_volume_zscore"":{""value"":-1.709372624403488,""score"":100.0},""_score"":97.6},""pattern_structure"":{""top"":310.0,""top_touches"":3,""low_slope_per_bar"":0.33485607856417193,""lowest_low"":291.31,""structural_low"":291.31,""current_price"":296.215,""neckline_distance_pct"":0.04653714362878324,""base_bars"":40},""pattern_geometry_features"":{""top_touches"":3.0,""low_slope"":0.33485607856417193,""compression"":0.002487143074912046,""atr_pct"":0.031537155051025584},""_schema_version"":""1.0""}",,,,,,,,,,
20260513T182534Z-d71724,2026-05-13T18:25:34.488073+00:00,LMT,ascending_triangle,forming,45.23,13.3,54.6,69.3,40.4,13.4,41.8,48.4,84.0,96.1,2.0,15.29,5.55,5.66,1.6,3.34,1.93,5.04,4.81,True,risk_unclear;trend_floor,517.01,524.5,494.9133,546.55,"{""trend"":{""T1_ema_stack"":{""value"":[false,false,true],""score"":33.33333333333333},""T2_ema50_slope"":{""value"":-0.54074087543504,""score"":0},""T3_high_proximity"":{""value"":0.7640165509088221,""score"":0},""T4_rs_1m"":{""value"":-0.22419710571955176,""score"":0},""T5_rs_3m"":{""value"":-0.25108139834148435,""score"":0},""T6_adr_healthy"":{""value"":2.624078041698308,""score"":100.0},""_score"":13.33},""geometry"":{""sub_flat_top_quality"":66.7,""sub_hl_slope"":20.1,""sub_compression"":54.3,""sub_duration"":100.0,""_score"":54.62},""compression"":{""VC1_atr_ratio"":{""value"":0.3734346283487839,""score"":100},""VC2_range_contraction"":{""value"":0.8182800090575181,""score"":30.28666515708032},""VC3_range_pct_rank"":{""score"":75.0},""_score"":69.35},""sr_quality"":{""SR1_touches"":{""value"":2,""score"":25.0},""SR2_tightness"":{""value"":0.5600000000000023,""score"":91.1965307144509},""SR3_recency"":{""value"":254,""score"":0.0},""SR4_price_location"":{""score"":17.02076356329536},""SR5_reaction"":{""value"":3.6664091502181786,""score"":100},""_score"":40.43,""_levels_found"":5,""_target_level"":594.44},""volume"":{""V1_rvol_day"":{""value"":0.2655512287386973,""score"":0},""V2_rvol_sameslot"":{""value"":0.3429457008950233,""score"":0,""status"":""ok""},""V3_breakout_bar"":{""value"":0.3926950235039594,""score"":0},""V4_base_dryup"":{""value"":0.8320166953769395,""score"":66.79833046230605},""V5_bo_expansion"":{""value"":0.2655512287386973,""score"":0},""_score"":13.36},""readiness"":{""_distance_atr"":0.589,""BR1_atr_distance"":{""score"":60.75119943526037},""BR2_compression"":{""score"":0},""BR3_retest"":{""score"":50.0},""BR4_bo_age"":{""score"":50.0},""_score"":41.8},""risk"":{""R1_stop_clarity"":{""score"":0},""R2_stop_distance_pct"":{""value"":4.273950213728939,""score"":100.0},""R3_stop_distance_atr"":{""value"":1.7368576779951446,""score"":100.0},""R4_rr_potential"":{""value"":1.3368481790308522,""score"":16.84240895154261},""_score"":48.37},""market"":{""M1_spy_regime"":{""score"":100.0},""M3_earnings_risk"":{""value"":null,""score"":80.0},""M4_vix"":{""value"":null,""score"":60.0},""_score"":84.0},""liquidity"":{""L1_price"":{""value"":517.01,""score"":91.495},""L2_dollar_vol"":{""value"":228565923.4728445,""score"":100.0},""L3_spread_proxy"":{""value"":0.017301406162356616,""score"":82.69859383764339},""L4_volume_zscore"":{""value"":-1.8715399316681465,""score"":100.0},""_score"":96.14},""pattern_structure"":{""top"":524.5,""top_touches"":3,""low_slope_per_bar"":0.30337815315314276,""lowest_low"":502.45,""structural_low"":502.45,""current_price"":517.69,""neckline_distance_pct"":0.013154590585099084,""base_bars"":30},""pattern_geometry_features"":{""top_touches"":3.0,""low_slope"":0.30337815315314276,""compression"":0.27163781205822035,""atr_pct"":0.024607371507044614},""_schema_version"":""1.0""}",,,,,,,,,,
20260513T182534Z-d71724,2026-05-13T18:25:34.488073+00:00,KLAC,bull_flag,absent,45.02,78.6,33.0,52.5,45.7,2.5,42.6,66.7,84.0,71.9,11.0,9.9,4.73,4.57,0.35,3.84,2.0,5.04,3.6,False,,1848.51,1897.49,1716.855,2079.11,"{""trend"":{""T1_ema_stack"":{""value"":[true,true,true],""score"":100.0},""T2_ema50_slope"":{""value"":0.4200790231714085,""score"":100},""T3_high_proximity"":{""value"":0.9553023255813954,""score"":77.65116279069767},""T4_rs_1m"":{""value"":-0.04027606892485314,""score"":9.723931075146865},""T5_rs_3m"":{""value"":0.175986243073317,""score"":100},""T6_adr_healthy"":{""value"":3.5730144877738117,""score"":100.0},""_score"":78.59},""geometry"":{""sub_pole_impulse"":30.7,""sub_flag_tightness"":0,""sub_flag_shallowness"":0,""sub_flag_drift"":91.9,""sub_flag_duration"":100.0,""_score"":32.99},""compression"":{""VC1_atr_ratio"":{""value"":0.6057054551258774,""score"":98.57363621853065},""VC2_range_contraction"":{""value"":1.3044199839676105,""score"":0},""VC3_range_pct_rank"":{""score"":52.5},""_score"":52.55},""sr_quality"":{""SR1_touches"":{""value"":3,""score"":50.0},""SR2_tightness"":{""value"":19.994086742501274,""score"":54.50344484044185},""SR3_recency"":{""value"":232,""score"":0.0},""SR4_price_location"":{""score"":30.0},""SR5_reaction"":{""value"":2.7679909131678477,""score"":100},""_score"":45.68,""_levels_found"":6,""_target_level"":1673.287},""volume"":{""V1_rvol_day"":{""value"":0.4008698750348366,""score"":0},""V2_rvol_sameslot"":{""value"":0.6181250004659329,""score"":7.875000031062192,""status"":""ok""},""V3_breakout_bar"":{""value"":0.43364461001505766,""score"":0},""V4_base_dryup"":{""value"":1.4541841071829988,""score"":4.5815892817001185},""V5_bo_expansion"":{""value"":0.4008698750348366,""score"":0},""_score"":2.49},""readiness"":{""_distance_atr"":0.557,""BR1_atr_distance"":{""score"":62.84866119977661},""BR2_compression"":{""score"":0},""BR3_retest"":{""score"":50.0},""BR4_bo_age"":{""score"":50.0},""_score"":42.64},""risk"":{""R1_stop_clarity"":{""score"":40.50703840760475},""R2_stop_distance_pct"":{""value"":7.122222763198467,""score"":100.0},""R3_stop_distance_atr"":{""value"":1.4979051173162745,""score"":99.89525586581372},""R4_rr_potential"":{""value"":1.7515476054840315,""score"":37.57738027420158},""_score"":66.68},""market"":{""M1_spy_regime"":{""score"":100.0},""M3_earnings_risk"":{""value"":null,""score"":80.0},""M4_vix"":{""value"":null,""score"":60.0},""_score"":84.0},""liquidity"":{""L1_price"":{""value"":1848.51,""score"":0.0},""L2_dollar_vol"":{""value"":754060816.4213122,""score"":100.0},""L3_spread_proxy"":{""value"":0.030751794688695235,""score"":69.24820531130476},""L4_volume_zscore"":{""value"":-1.7991572600286914,""score"":100.0},""_score"":71.92},""pattern_structure"":{""pole_low"":1715.87,""pole_low_idx"":20,""peak_price"":1897.49,""peak_idx"":45,""pole_gain"":0.10584717956488553,""flag_bars"":14,""flag_low"":1743.0,""flag_high"":1890.0,""structural_low"":1743.0,""current_price"":1846.905,""neckline_distance_pct"":0.027389064407752448,""base_bars"":14},""pattern_geometry_features"":{""pole_gain"":0.10584717956488553,""pullback_pct"":0.08141808388977018,""flag_range_pct"":0.07747076400929649,""flag_drift_per_bar"":-0.0016262966338904173,""atr_pct"":0.047547889922153516,""pole_atr_multiple"":2.226117283820185},""_schema_version"":""1.0""}",,,,,,,,,,
20260513T182534Z-d71724,2026-05-13T18:25:34.488073+00:00,ADSK,vcp,absent,44.85,19.0,40.5,54.0,67.3,20.6,21.7,64.0,84.0,97.3,2.86,10.12,6.48,8.08,2.68,1.52,3.2,5.04,4.87,True,risk_unclear;trend_floor,228.4,250.91,223.595,296.2,"{""trend"":{""T1_ema_stack"":{""value"":[false,false,false],""score"":0.0},""T2_ema50_slope"":{""value"":-0.04390038802845711,""score"":42.68326866192382},""T3_high_proximity"":{""value"":0.8647584431319097,""score"":32.37922156595485},""T4_rs_1m"":{""value"":-0.07039602421396929,""score"":0},""T5_rs_3m"":{""value"":-0.0914436319570886,""score"":4.278184021455701},""T6_adr_healthy"":{""value"":3.066738620210381,""score"":100.0},""_score"":19.04},""geometry"":{""sub_contraction_count"":100.0,""sub_reduction_rate"":0.2,""sub_pivot_tightness"":6.7,""sub_volume_dryup"":8.7,""sub_base_depth"":31.4,""sub_base_duration"":100.0,""_score"":40.5},""compression"":{""VC1_atr_ratio"":{""value"":0.6510018071430476,""score"":87.2495482142381},""VC2_range_contraction"":{""value"":0.8900472768745838,""score"":18.325453854236027},""VC3_range_pct_rank"":{""score"":50.83333333333333},""_score"":54.02},""sr_quality"":{""SR1_touches"":{""value"":4,""score"":75.0},""SR2_tightness"":{""value"":1.9823770453675047,""score"":51.43655802839082},""SR3_recency"":{""value"":233,""score"":0.0},""SR4_price_location"":{""score"":89.92091536261148},""SR5_reaction"":{""value"":1.948170118200829,""score"":97.40850591004146},""_score"":67.31,""_levels_found"":5,""_target_level"":229.8975},""volume"":{""V1_rvol_day"":{""value"":0.4288744994148923,""score"":0},""V2_rvol_sameslot"":{""value"":0.919040155771472,""score"":27.936010384764803,""status"":""ok""},""V3_breakout_bar"":{""value"":0.673213220285269,""score"":11.547548019017933},""V4_base_dryup"":{""value"":0.8912764930989495,""score"":60.87235069010505},""V5_bo_expansion"":{""value"":0.4288744994148924,""score"":0},""_score"":20.65},""readiness"":{""_distance_atr"":2.757,""BR1_atr_distance"":{""score"":0},""BR2_compression"":{""score"":16.865754144756938},""BR3_retest"":{""score"":50.0},""BR4_bo_age"":{""score"":50.0},""_score"":21.72},""risk"":{""R1_stop_clarity"":{""score"":16.585737158455558},""R2_stop_distance_pct"":{""value"":2.1037653239929974,""score"":100.0},""R3_stop_distance_atr"":{""value"":0.5885543802549508,""score"":54.427719012747545},""R4_rr_potential"":{""value"":14.110301768990611,""score"":100.0},""_score"":63.97},""market"":{""M1_spy_regime"":{""score"":100.0},""M3_earnings_risk"":{""value"":null,""score"":80.0},""M4_vix"":{""value"":null,""score"":60.0},""_score"":84.0},""liquidity"":{""L1_price"":{""value"":228.4,""score"":100.0},""L2_dollar_vol"":{""value"":169809873.4310092,""score"":100.0},""L3_spread_proxy"":{""value"":0.026488616462346685,""score"":73.51138353765332},""L4_volume_zscore"":{""value"":-2.2065293959757724,""score"":100.0},""_score"":97.35},""pattern_structure"":{""n_contractions"":5,""contractions_pct"":[12.59,7.41,11.62,12.54,9.53],""descending_strict"":false,""final_low"":227.0,""final_pivot"":250.91,""structural_low"":227.0,""dry_up_ratio"":0.9565673350780042,""current_price"":228.4,""neckline_distance_pct"":0.09855516637478104,""base_bars"":50,""recent_base_height"":45.28999999999999},""pattern_geometry_features"":{""contraction_count"":5.0,""first_contraction_pct"":0.12589025574619622,""last_contraction_pct"":0.09529313299589492,""dry_up_ratio"":0.9565673350780042,""near_monotone"":0.0,""base_depth_pct"":0.08141793460666884},""_schema_version"":""1.0""}",,,,,,,,,,
20260513T182534Z-d71724,2026-05-13T18:25:34.488073+00:00,RTX,double_bottom,absent,44.61,16.2,46.2,61.5,45.7,23.0,44.8,46.9,84.0,97.7,2.44,11.55,4.92,6.39,2.99,3.58,2.81,5.04,4.88,True,risk_unclear;reversal_trend_cap,177.955,179.93,170.6562,186.605,"{""trend"":{""T1_ema_stack"":{""value"":[false,false,true],""score"":33.33333333333333},""T2_ema50_slope"":{""value"":-0.3484122257571837,""score"":0},""T3_high_proximity"":{""value"":0.8387773378582203,""score"":19.38866892911012},""T4_rs_1m"":{""value"":-0.19211797029150213,""score"":0},""T5_rs_3m"":{""value"":-0.1678517756387783,""score"":0},""T6_adr_healthy"":{""value"":2.5950455563881496,""score"":100.0},""_score"":16.24},""geometry"":{""sub_low_similarity"":76.6,""sub_bounce_quality"":12.2,""sub_separation_fit"":0.0,""sub_right_bottom_reaction"":98.5,""sub_base_context"":30.0,""_score"":46.19},""compression"":{""VC1_atr_ratio"":{""value"":0.26431032465556686,""score"":100},""VC2_range_contraction"":{""value"":0.8200419115732682,""score"":29.99301473778863},""VC3_range_pct_rank"":{""score"":44.166666666666664},""_score"":61.54},""sr_quality"":{""SR1_touches"":{""value"":2,""score"":25.0},""SR2_tightness"":{""value"":0.05310000000000059,""score"":97.4375501959581},""SR3_recency"":{""value"":313,""score"":0.0},""SR4_price_location"":{""score"":34.17110980984382},""SR5_reaction"":{""value"":2.4449559309648325,""score"":100},""_score"":45.66,""_levels_found"":7,""_target_level"":182.2269},""volume"":{""V1_rvol_day"":{""value"":0.33386073150705914,""score"":0},""V2_rvol_sameslot"":{""value"":0.788457462143221,""score"":19.230497476214733,""status"":""ok""},""V3_breakout_bar"":{""value"":0.7972587472038422,""score"":19.817249813589477},""V4_base_dryup"":{""value"":0.789210033316152,""score"":71.0789966683848},""V5_bo_expansion"":{""value"":0.33386073150705914,""score"":0},""_score"":23.02},""readiness"":{""_distance_atr"":0.477,""BR1_atr_distance"":{""score"":68.23076984944957},""BR2_compression"":{""score"":0},""BR3_retest"":{""score"":50.0},""BR4_bo_age"":{""score"":50.0},""_score"":44.79},""risk"":{""R1_stop_clarity"":{""score"":0},""R2_stop_distance_pct"":{""value"":4.101500379309388,""score"":100.0},""R3_stop_distance_atr"":{""value"":1.7610991234450069,""score"":100.0},""R4_rr_potential"":{""value"":1.1851222628299733,""score"":9.256113141498668},""_score"":46.85},""market"":{""M1_spy_regime"":{""score"":100.0},""M3_earnings_risk"":{""value"":null,""score"":80.0},""M4_vix"":{""value"":null,""score"":60.0},""_score"":84.0},""liquidity"":{""L1_price"":{""value"":177.955,""score"":100.0},""L2_dollar_vol"":{""value"":347880360.41716033,""score"":100.0},""L3_spread_proxy"":{""value"":0.023278918827793472,""score"":76.72108117220652},""L4_volume_zscore"":{""value"":-2.239947718723746,""score"":100.0},""_score"":97.67},""pattern_structure"":{""left_low"":173.255,""left_idx"":29,""right_low"":175.2974,""right_idx"":76,""separation_bars"":47,""structural_low"":173.255,""current_price"":178.6,""neckline_distance_pct"":0.0074468085106383685,""base_bars"":47},""pattern_geometry_features"":{""low_similarity_pct"":0.011719328284642509,""bounce_pct"":0.038527026637037956,""right_bottom_reaction"":0.9854682845309815,""atr_pct"":0.023289435130069012},""_schema_version"":""1.0""}",,,,,,,,,,
20260513T182534Z-d71724,2026-05-13T18:25:34.488073+00:00,TSM,bull_flag,absent,44.23,78.3,21.0,49.2,46.9,22.9,31.8,63.3,84.0,96.7,10.96,6.31,4.43,4.69,3.21,2.87,1.9,5.04,4.84,True,risk_unclear,403.22,420.0,380.3282,447.87,"{""trend"":{""T1_ema_stack"":{""value"":[true,true,true],""score"":100.0},""T2_ema50_slope"":{""value"":0.3614381380876379,""score"":100},""T3_high_proximity"":{""value"":0.9611918951132301,""score"":80.59594755661503},""T4_rs_1m"":{""value"":-0.008152327598712095,""score"":41.84767240128791},""T5_rs_3m"":{""value"":0.004439862066514699,""score"":52.21993103325735},""T6_adr_healthy"":{""value"":3.147703417799809,""score"":100.0},""_score"":78.29},""geometry"":{""sub_pole_impulse"":21.0,""sub_flag_tightness"":0,""sub_flag_shallowness"":0,""sub_flag_drift"":89.8,""sub_flag_duration"":12.5,""_score"":21.02},""compression"":{""VC1_atr_ratio"":{""value"":0.5534149298367977,""score"":100},""VC2_range_contraction"":{""value"":1.2191372950606034,""score"":0},""VC3_range_pct_rank"":{""score"":36.66666666666667},""_score"":49.17},""sr_quality"":{""SR1_touches"":{""value"":2,""score"":25.0},""SR2_tightness"":{""value"":2.75,""score"":64.72197710868654},""SR3_recency"":{""value"":227,""score"":0.0},""SR4_price_location"":{""score"":61.210948299695914},""SR5_reaction"":{""value"":1.9114274221111656,""score"":95.57137110555828},""_score"":46.85,""_levels_found"":6,""_target_level"":417.25},""volume"":{""V1_rvol_day"":{""value"":0.586157923106711,""score"":5.7438615404474005},""V2_rvol_sameslot"":{""value"":1.1256590067647345,""score"":41.7106004509823,""status"":""ok""},""V3_breakout_bar"":{""value"":0.7266900298818836,""score"":15.112668658792238},""V4_base_dryup"":{""value"":1.0157249698416506,""score"":48.42750301583494},""V5_bo_expansion"":{""value"":0.586157923106711,""score"":0},""_score"":22.95},""readiness"":{""_distance_atr"":1.076,""BR1_atr_distance"":{""score"":28.246639501061978},""BR2_compression"":{""score"":12.175903111838934},""BR3_retest"":{""score"":50.0},""BR4_bo_age"":{""score"":50.0},""_score"":31.84},""risk"":{""R1_stop_clarity"":{""score"":25.700635279305445},""R2_stop_distance_pct"":{""value"":5.677248152373405,""score"":100.0},""R3_stop_distance_atr"":{""value"":1.4683226262243105,""score"":98.41613131121552},""R4_rr_potential"":{""value"":1.9504800845717631,""score"":47.524004228588154},""_score"":63.26},""market"":{""M1_spy_regime"":{""score"":100.0},""M3_earnings_risk"":{""value"":null,""score"":80.0},""M4_vix"":{""value"":null,""score"":60.0},""_score"":84.0},""liquidity"":{""L1_price"":{""value"":403.22,""score"":100.0},""L2_dollar_vol"":{""value"":3504908798.663931,""score"":100.0},""L3_spread_proxy"":{""value"":0.03276102375874199,""score"":67.238976241258},""L4_volume_zscore"":{""value"":-1.3647831823136565,""score"":100.0},""_score"":96.72},""pattern_structure"":{""pole_low"":392.13,""pole_low_idx"":8,""peak_price"":420.0,""peak_idx"":32,""pole_gain"":0.07107336852574403,""flag_bars"":27,""flag_low"":386.12,""flag_high"":419.8,""structural_low"":386.12,""current_price"":404.38,""neckline_distance_pct"":0.03862703397794155,""base_bars"":27},""pattern_geometry_features"":{""pole_gain"":0.07107336852574403,""pullback_pct"":0.08066666666666665,""flag_range_pct"":0.0801904761904762,""flag_drift_per_bar"":-0.0020484564591592555,""atr_pct"":0.03866485505962715,""pole_atr_multiple"":1.838190481152405},""_schema_version"":""1.0""}",,,,,,,,,,
20260513T182534Z-d71724,2026-05-13T18:25:34.488073+00:00,CRS,bull_flag,absent,44.04,75.0,29.9,50.2,47.2,11.6,17.5,77.0,84.0,95.8,10.51,8.96,4.52,4.72,1.62,1.57,2.31,5.04,4.79,False,,433.44,475.69,407.5585,535.34,"{""trend"":{""T1_ema_stack"":{""value"":[true,true,true],""score"":100.0},""T2_ema50_slope"":{""value"":0.27499005564631845,""score"":95.83167594105308},""T3_high_proximity"":{""value"":0.9460450497642744,""score"":73.02252488213718},""T4_rs_1m"":{""value"":-0.08177997392621383,""score"":0},""T5_rs_3m"":{""value"":0.09898096226463093,""score"":99.49048113231547},""T6_adr_healthy"":{""value"":4.699334827373535,""score"":100.0},""_score"":75.04},""geometry"":{""sub_pole_impulse"":50.6,""sub_flag_tightness"":0,""sub_flag_shallowness"":0,""sub_flag_drift"":89.7,""sub_flag_duration"":12.5,""_score"":29.88},""compression"":{""VC1_atr_ratio"":{""value"":0.4243799430334762,""score"":100},""VC2_range_contraction"":{""value"":1.0028937457616371,""score"":0},""VC3_range_pct_rank"":{""score"":40.833333333333336},""_score"":50.21},""sr_quality"":{""SR1_touches"":{""value"":2,""score"":25.0},""SR2_tightness"":{""value"":3.759999999999991,""score"":63.40449435077746},""SR3_recency"":{""value"":233,""score"":0.0},""SR4_price_location"":{""score"":60.627519415810795},""SR5_reaction"":{""value"":1.9998567881047937,""score"":99.99283940523969},""_score"":47.17,""_levels_found"":7,""_target_level"":446.24},""volume"":{""V1_rvol_day"":{""value"":0.3249959495298705,""score"":0},""V2_rvol_sameslot"":{""value"":0.4074546522225563,""score"":0,""status"":""ok""},""V3_breakout_bar"":{""value"":0.44825979381739145,""score"":0},""V4_base_dryup"":{""value"":0.9203809249003919,""score"":57.96190750996081},""V5_bo_expansion"":{""value"":0.32499594952987043,""score"":0},""_score"":11.59},""readiness"":{""_distance_atr"":2.056,""BR1_atr_distance"":{""score"":0},""BR2_compression"":{""score"":0},""BR3_retest"":{""score"":50.0},""BR4_bo_age"":{""score"":50.0},""_score"":17.5},""risk"":{""R1_stop_clarity"":{""score"":39.59332688184589},""R2_stop_distance_pct"":{""value"":5.971178248431161,""score"":100.0},""R3_stop_distance_atr"":{""value"":1.2595022135275467,""score"":87.97511067637733},""R4_rr_potential"":{""value"":3.9371790054469393,""score"":100.0},""_score"":77.05},""market"":{""M1_spy_regime"":{""score"":100.0},""M3_earnings_risk"":{""value"":null,""score"":80.0},""M4_vix"":{""value"":null,""score"":60.0},""_score"":84.0},""liquidity"":{""L1_price"":{""value"":433.44,""score"":100.0},""L2_dollar_vol"":{""value"":98010690.96340369,""score"":99.56367254644802},""L3_spread_proxy"":{""value"":0.04063699704688076,""score"":59.36300295311924},""L4_volume_zscore"":{""value"":-1.6143105769862958,""score"":100.0},""_score"":95.76},""pattern_structure"":{""pole_low"":416.04,""pole_low_idx"":8,""peak_price"":475.69,""peak_idx"":32,""pole_gain"":0.14337563695798475,""flag_bars"":27,""flag_low"":413.765,""flag_high"":455.0,""structural_low"":413.765,""current_price"":432.0925,""neckline_distance_pct"":0.10089853445732112,""base_bars"":27},""pattern_geometry_features"":{""pole_gain"":0.14337563695798475,""pullback_pct"":0.13017931846370537,""flag_range_pct"":0.08668460552040197,""flag_drift_per_bar"":-0.0020570607849952124,""atr_pct"":0.04740903338079418,""pole_atr_multiple"":3.0242261175497305},""_schema_version"":""1.0""}",,,,,,,,,,
20260513T182534Z-d71724,2026-05-13T18:25:34.488073+00:00,ASTS,bull_flag,forming,43.95,13.3,58.0,40.3,55.5,11.7,20.8,78.9,84.0,92.0,1.87,17.39,3.63,5.55,1.64,1.87,2.37,5.04,4.6,True,trend_floor,75.545,84.94,68.8712,106.45,"{""trend"":{""T1_ema_stack"":{""value"":[false,false,true],""score"":33.33333333333333},""T2_ema50_slope"":{""value"":-0.6289631707543535,""score"":0},""T3_high_proximity"":{""value"":0.7202307178949375,""score"":0},""T4_rs_1m"":{""value"":-0.21662366527695642,""score"":0},""T5_rs_3m"":{""value"":-0.2939718155897403,""score"":0},""T6_adr_healthy"":{""value"":7.873895015074255,""score"":100.0},""_score"":13.33},""geometry"":{""sub_pole_impulse"":74.6,""sub_flag_tightness"":42.4,""sub_flag_shallowness"":0,""sub_flag_drift"":100,""sub_flag_duration"":100.0,""_score"":57.98},""compression"":{""VC1_atr_ratio"":{""value"":0.7325497885859469,""score"":66.86255285351328},""VC2_range_contraction"":{""value"":1.131395882876995,""score"":0},""VC3_range_pct_rank"":{""score"":54.16666666666667},""_score"":40.29},""sr_quality"":{""SR1_touches"":{""value"":3,""score"":50.0},""SR2_tightness"":{""value"":0.6666499997916594,""score"":79.26661979972558},""SR3_recency"":{""value"":275,""score"":0.0},""SR4_price_location"":{""score"":54.3389081729253},""SR5_reaction"":{""value"":2.522797106584456,""score"":100},""_score"":55.47,""_levels_found"":8,""_target_level"":77.9567},""volume"":{""V1_rvol_day"":{""value"":0.5537151740012526,""score"":3.5810116000835057},""V2_rvol_sameslot"":{""value"":0.6688657242353069,""score"":11.257714949020459,""status"":""ok""},""V3_breakout_bar"":{""value"":0.27461858924237925,""score"":0},""V4_base_dryup"":{""value"":1.0614879663285786,""score"":43.85120336714215},""V5_bo_expansion"":{""value"":0.5537151740012526,""score"":0},""_score"":11.74},""readiness"":{""_distance_atr"":1.461,""BR1_atr_distance"":{""score"":2.6025115415616966},""BR2_compression"":{""score"":8.88453803679129},""BR3_retest"":{""score"":50.0},""BR4_bo_age"":{""score"":50.0},""_score"":20.76},""risk"":{""R1_stop_clarity"":{""score"":67.38143079450448},""R2_stop_distance_pct"":{""value"":8.834204778608775,""score"":79.14488053478061},""R3_stop_distance_atr"":{""value"":1.0378041912835432,""score"":76.89020956417716},""R4_rr_potential"":{""value"":4.63079504929725,""score"":100.0},""_score"":78.86},""market"":{""M1_spy_regime"":{""score"":100.0},""M3_earnings_risk"":{""value"":null,""score"":80.0},""M4_vix"":{""value"":null,""score"":60.0},""_score"":84.0},""liquidity"":{""L1_price"":{""value"":75.545,""score"":100.0},""L2_dollar_vol"":{""value"":827005361.3091133,""score"":100.0},""L3_spread_proxy"":{""value"":0.08041432258918525,""score"":19.585677410814753},""L4_volume_zscore"":{""value"":-1.0393434982315168,""score"":100.0},""_score"":91.96},""pattern_structure"":{""pole_low"":63.43,""pole_low_idx"":25,""peak_price"":84.94,""peak_idx"":49,""pole_gain"":0.33911398391928105,""flag_bars"":10,""flag_low"":69.92,""flag_high"":79.8669,""structural_low"":69.92,""current_price"":75.96,""neckline_distance_pct"":0.11822011585044767,""base_bars"":10},""pattern_geometry_features"":{""pole_gain"":0.33911398391928105,""pullback_pct"":0.17683070402637152,""flag_range_pct"":0.11710501530492112,""flag_drift_per_bar"":0.00831278822984982,""atr_pct"":0.08512400366857974,""pole_atr_multiple"":3.9837645000766333},""_schema_version"":""1.0""}",,,,,,,,,,
20260513T182534Z-d71724,2026-05-13T18:25:34.488073+00:00,NOW,double_bottom,forming,43.78,5.0,52.7,70.4,46.1,12.9,24.1,71.1,84.0,97.0,0.75,13.17,5.64,6.45,1.68,1.93,4.26,5.04,4.85,True,reversal_trend_cap,86.75,95.56,84.8528,104.975,"{""trend"":{""T1_ema_stack"":{""value"":[false,false,false],""score"":0.0},""T2_ema50_slope"":{""value"":-0.5831238999872118,""score"":0},""T3_high_proximity"":{""value"":0.6976837703072221,""score"":0},""T4_rs_1m"":{""value"":-0.08141129350742637,""score"":0},""T5_rs_3m"":{""value"":-0.21093158553158886,""score"":0},""T6_adr_healthy"":{""value"":4.309018787143525,""score"":100.0},""_score"":5.0},""geometry"":{""sub_low_similarity"":31.7,""sub_bounce_quality"":100,""sub_separation_fit"":60.0,""sub_right_bottom_reaction"":54.4,""sub_base_context"":30.0,""_score"":52.67},""compression"":{""VC1_atr_ratio"":{""value"":0.39454397693731863,""score"":100},""VC2_range_contraction"":{""value"":0.7602703818946727,""score"":39.95493635088789},""VC3_range_pct_rank"":{""score"":65.83333333333333},""_score"":70.44},""sr_quality"":{""SR1_touches"":{""value"":3,""score"":50.0},""SR2_tightness"":{""value"":0.49593906435726376,""score"":76.99562186876653},""SR3_recency"":{""value"":255,""score"":0.0},""SR4_price_location"":{""score"":18.199182621343695},""SR5_reaction"":{""value"":2.550042492425081,""score"":100},""_score"":46.1,""_levels_found"":3,""_target_level"":98.5067},""volume"":{""V1_rvol_day"":{""value"":0.525384588929561,""score"":1.692305928637398},""V2_rvol_sameslot"":{""value"":0.7853663830917048,""score"":19.024425539446987,""status"":""ok""},""V3_breakout_bar"":{""value"":0.6353748616769491,""score"":9.024990778463275},""V4_base_dryup"":{""value"":1.1725925561702784,""score"":32.74074438297217},""V5_bo_expansion"":{""value"":0.525384588929561,""score"":0},""_score"":12.95},""readiness"":{""_distance_atr"":2.043,""BR1_atr_distance"":{""score"":0},""BR2_compression"":{""score"":26.547303637239228},""BR3_retest"":{""score"":50.0},""BR4_bo_age"":{""score"":50.0},""_score"":24.14},""risk"":{""R1_stop_clarity"":{""score"":40.06182523602762},""R2_stop_distance_pct"":{""value"":2.1869452449567772,""score"":100.0},""R3_stop_distance_atr"":{""value"":0.44000699095648627,""score"":47.000349547824314},""R4_rr_potential"":{""value"":9.606388445978872,""score"":100.0},""_score"":71.07},""market"":{""M1_spy_regime"":{""score"":100.0},""M3_earnings_risk"":{""value"":null,""score"":80.0},""M4_vix"":{""value"":null,""score"":60.0},""_score"":84.0},""liquidity"":{""L1_price"":{""value"":86.75,""score"":100.0},""L2_dollar_vol"":{""value"":1227965930.375313,""score"":100.0},""L3_spread_proxy"":{""value"":0.02962074927953884,""score"":70.37925072046116},""L4_volume_zscore"":{""value"":-0.8695979469681496,""score"":100.0},""_score"":97.04},""pattern_structure"":{""left_low"":89.14,""left_idx"":40,""right_low"":86.145,""right_idx"":76,""separation_bars"":36,""structural_low"":86.145,""current_price"":86.655,""neckline_distance_pct"":0.10276383359298369,""base_bars"":36},""pattern_geometry_features"":{""low_similarity_pct"":0.034172918390050544,""bounce_pct"":0.1092924719948924,""right_bottom_reaction"":0.5441478439425058,""atr_pct"":0.049702511321531515},""_schema_version"":""1.0""}",,,,,,,,,,
20260513T182534Z-d71724,2026-05-13T18:25:34.488073+00:00,OKLO,ascending_triangle,absent,43.73,73.1,26.6,40.5,40.3,13.1,22.8,84.7,84.0,92.5,10.96,7.44,3.24,5.64,1.57,1.82,3.39,5.04,4.62,False,,70.52,79.65,65.0888,93.22,"{""trend"":{""T1_ema_stack"":{""value"":[true,true,false],""score"":66.66666666666666},""T2_ema50_slope"":{""value"":0.40796374191285223,""score"":100},""T3_high_proximity"":{""value"":0.8857071087666415,""score"":42.85355438332073},""T4_rs_1m"":{""value"":0.13425898891138321,""score"":100},""T5_rs_3m"":{""value"":-0.00865482846979182,""score"":45.67258576510409},""T6_adr_healthy"":{""value"":9.480933960430088,""score"":62.97665098924781},""_score"":73.09},""geometry"":{""sub_flat_top_quality"":33.3,""sub_hl_slope"":5.3,""sub_compression"":0,""sub_duration"":100.0,""_score"":26.58},""compression"":{""VC1_atr_ratio"":{""value"":0.7494584020454838,""score"":62.63539948862906},""VC2_range_contraction"":{""value"":0.9600352096955725,""score"":6.660798384071242},""VC3_range_pct_rank"":{""score"":52.5},""_score"":40.51},""sr_quality"":{""SR1_touches"":{""value"":3,""score"":50.0},""SR2_tightness"":{""value"":0.8901529206952153,""score"":74.60587614089278},""SR3_recency"":{""value"":241,""score"":0.0},""SR4_price_location"":{""score"":4.1053711939785655},""SR5_reaction"":{""value"":1.741385786488272,""score"":87.0692893244136},""_score"":40.28,""_levels_found"":7,""_target_level"":75.1917},""volume"":{""V1_rvol_day"":{""value"":0.6177925586317502,""score"":7.85283724211668},""V2_rvol_sameslot"":{""value"":0.768746421042411,""score"":17.916428069494064,""status"":""ok""},""V3_breakout_bar"":{""value"":0.5195724910401519,""score"":1.3048327360101273},""V4_base_dryup"":{""value"":1.1204138120875637,""score"":37.95861879124362},""V5_bo_expansion"":{""value"":0.6177925586317503,""score"":0},""_score"":13.07},""readiness"":{""_distance_atr"":1.302,""BR1_atr_distance"":{""score"":13.180329115970252},""BR2_compression"":{""score"":0},""BR3_retest"":{""score"":50.0},""BR4_bo_age"":{""score"":50.0},""_score"":22.77},""risk"":{""R1_stop_clarity"":{""score"":71.72322307330205},""R2_stop_distance_pct"":{""value"":7.7016449234259845,""score"":100.0},""R3_stop_distance_atr"":{""value"":0.7747015276648558,""score"":63.735076383242784},""R4_rr_potential"":{""value"":4.179555162763293,""score"":100.0},""_score"":84.66},""market"":{""M1_spy_regime"":{""score"":100.0},""M3_earnings_risk"":{""value"":null,""score"":80.0},""M4_vix"":{""value"":null,""score"":60.0},""_score"":84.0},""liquidity"":{""L1_price"":{""value"":70.52,""score"":100.0},""L2_dollar_vol"":{""value"":712746915.8067973,""score"":100.0},""L3_spread_proxy"":{""value"":0.07515456608054465,""score"":24.84543391945536},""L4_volume_zscore"":{""value"":-1.0523133320059634,""score"":100.0},""_score"":92.48},""pattern_structure"":{""top"":79.65,""top_touches"":2,""low_slope_per_bar"":0.010550311720698048,""lowest_low"":66.08,""structural_low"":66.08,""current_price"":70.125,""neckline_distance_pct"":0.13582887700534768,""base_bars"":47},""pattern_geometry_features"":{""top_touches"":2.0,""low_slope"":0.010550311720698048,""compression"":-0.015152923588517497,""atr_pct"":0.09941435053885422},""_schema_version"":""1.0""}",,,,,,,,,,
20260513T182534Z-d71724,2026-05-13T18:25:34.488073+00:00,OKLO,bull_flag,absent,43.61,73.1,28.2,40.5,40.3,21.8,22.8,82.2,84.0,92.5,10.23,8.47,3.65,4.03,3.05,2.05,2.47,5.04,4.62,False,,70.52,79.65,67.0786,93.0,"{""trend"":{""T1_ema_stack"":{""value"":[true,true,false],""score"":66.66666666666666},""T2_ema50_slope"":{""value"":0.40796374191285223,""score"":100},""T3_high_proximity"":{""value"":0.8857071087666415,""score"":42.85355438332073},""T4_rs_1m"":{""value"":0.13425898891138321,""score"":100},""T5_rs_3m"":{""value"":-0.00865482846979182,""score"":45.67258576510409},""T6_adr_healthy"":{""value"":9.480933960430088,""score"":62.97665098924781},""_score"":73.09},""geometry"":{""sub_pole_impulse"":25.6,""sub_flag_tightness"":0,""sub_flag_shallowness"":0,""sub_flag_drift"":70.3,""sub_flag_duration"":100.0,""_score"":28.23},""compression"":{""VC1_atr_ratio"":{""value"":0.7494584020454838,""score"":62.63539948862906},""VC2_range_contraction"":{""value"":0.9600352096955725,""score"":6.660798384071242},""VC3_range_pct_rank"":{""score"":52.5},""_score"":40.51},""sr_quality"":{""SR1_touches"":{""value"":3,""score"":50.0},""SR2_tightness"":{""value"":0.8901529206952153,""score"":74.60587614089278},""SR3_recency"":{""value"":241,""score"":0.0},""SR4_price_location"":{""score"":4.1053711939785655},""SR5_reaction"":{""value"":1.741385786488272,""score"":87.0692893244136},""_score"":40.28,""_levels_found"":7,""_target_level"":75.1917},""volume"":{""V1_rvol_day"":{""value"":0.6177925586317502,""score"":7.85283724211668},""V2_rvol_sameslot"":{""value"":0.768746421042411,""score"":17.916428069494064,""status"":""ok""},""V3_breakout_bar"":{""value"":0.5195724910401519,""score"":1.3048327360101273},""V4_base_dryup"":{""value"":0.6835982070693674,""score"":81.64017929306326},""V5_bo_expansion"":{""value"":0.6177925586317503,""score"":0},""_score"":21.81},""readiness"":{""_distance_atr"":1.302,""BR1_atr_distance"":{""score"":13.180329115970252},""BR2_compression"":{""score"":0},""BR3_retest"":{""score"":50.0},""BR4_bo_age"":{""score"":50.0},""_score"":22.77},""risk"":{""R1_stop_clarity"":{""score"":70.85878728229707},""R2_stop_distance_pct"":{""value"":4.88003615995462,""score"":100.0},""R3_stop_distance_atr"":{""value"":0.49087844295148814,""score"":49.543922147574406},""R4_rr_potential"":{""value"":6.532222409968739,""score"":100.0},""_score"":82.23},""market"":{""M1_spy_regime"":{""score"":100.0},""M3_earnings_risk"":{""value"":null,""score"":80.0},""M4_vix"":{""value"":null,""score"":60.0},""_score"":84.0},""liquidity"":{""L1_price"":{""value"":70.52,""score"":100.0},""L2_dollar_vol"":{""value"":712746915.8067973,""score"":100.0},""L3_spread_proxy"":{""value"":0.07515456608054465,""score"":24.84543391945536},""L4_volume_zscore"":{""value"":-1.0523133320059634,""score"":100.0},""_score"":92.48},""pattern_structure"":{""pole_low"":66.3,""pole_low_idx"":23,""peak_price"":79.65,""peak_idx"":48,""pole_gain"":0.20135746606334856,""flag_bars"":11,""flag_low"":68.1001,""flag_high"":79.42,""structural_low"":68.1001,""current_price"":70.125,""neckline_distance_pct"":0.13582887700534768,""base_bars"":11},""pattern_geometry_features"":{""pole_gain"":0.20135746606334856,""pullback_pct"":0.14500816070307604,""flag_range_pct"":0.14212052730696803,""flag_drift_per_bar"":-0.005940482903905366,""atr_pct"":0.09941435053885422,""pole_atr_multiple"":2.025436619280149},""_schema_version"":""1.0""}",,,,,,,,,,
20260513T182534Z-d71724,2026-05-13T18:25:34.488073+00:00,LHX,double_bottom,forming,43.6,13.6,58.4,45.2,38.8,15.0,38.2,50.5,84.0,96.9,2.03,14.6,3.62,5.43,1.95,3.06,3.03,5.04,4.84,True,risk_unclear;reversal_trend_cap,303.865,310.071,293.5694,322.102,"{""trend"":{""T1_ema_stack"":{""value"":[false,false,true],""score"":33.33333333333333},""T2_ema50_slope"":{""value"":-0.33785285158939005,""score"":0},""T3_high_proximity"":{""value"":0.8028561614880575,""score"":1.4280807440287258},""T4_rs_1m"":{""value"":-0.21495521186791822,""score"":0},""T5_rs_3m"":{""value"":-0.18047015316728687,""score"":0},""T6_adr_healthy"":{""value"":2.6493997742498667,""score"":100.0},""_score"":13.55},""geometry"":{""sub_low_similarity"":93.5,""sub_bounce_quality"":14.8,""sub_separation_fit"":100.0,""sub_right_bottom_reaction"":42.5,""sub_base_context"":30.0,""_score"":58.39},""compression"":{""VC1_atr_ratio"":{""value"":0.44722884236576943,""score"":100},""VC2_range_contraction"":{""value"":1.1272811128401936,""score"":0},""VC3_range_pct_rank"":{""score"":20.833333333333336},""_score"":45.21},""sr_quality"":{""SR1_touches"":{""value"":2,""score"":25.0},""SR2_tightness"":{""value"":1.7997499999999889,""score"":58.0431399747061},""SR3_recency"":{""value"":277,""score"":0.0},""SR4_price_location"":{""score"":30.448966135870638},""SR5_reaction"":{""value"":4.5313583671851765,""score"":100},""_score"":38.82,""_levels_found"":9,""_target_level"":331.0802},""volume"":{""V1_rvol_day"":{""value"":0.25338293456906863,""score"":0},""V2_rvol_sameslot"":{""value"":0.5895130081779882,""score"":5.967533878532549,""status"":""ok""},""V3_breakout_bar"":{""value"":0.711067910295954,""score"":14.071194019730262},""V4_base_dryup"":{""value"":0.9859575643035181,""score"":51.40424356964819},""V5_bo_expansion"":{""value"":0.25338293456906863,""score"":0},""_score"":14.99},""readiness"":{""_distance_atr"":0.723,""BR1_atr_distance"":{""score"":51.773992069828914},""BR2_compression"":{""score"":0},""BR3_retest"":{""score"":50.0},""BR4_bo_age"":{""score"":50.0},""_score"":38.21},""risk"":{""R1_stop_clarity"":{""score"":0},""R2_stop_distance_pct"":{""value"":3.3882151613380875,""score"":100.0},""R3_stop_distance_atr"":{""value"":1.200086256636804,""score"":85.0043128318402},""R4_rr_potential"":{""value"":1.7713392128676386,""score"":38.56696064338193},""_score"":50.46},""market"":{""M1_spy_regime"":{""score"":100.0},""M3_earnings_risk"":{""value"":null,""score"":80.0},""M4_vix"":{""value"":null,""score"":60.0},""_score"":84.0},""liquidity"":{""L1_price"":{""value"":303.865,""score"":100.0},""L2_dollar_vol"":{""value"":121731516.74824443,""score"":100.0},""L3_spread_proxy"":{""value"":0.031411975712898686,""score"":68.58802428710132},""L4_volume_zscore"":{""value"":-2.106829445468493,""score"":100.0},""_score"":96.86},""pattern_structure"":{""left_low"":299.015,""left_idx"":46,""right_low"":298.04,""right_idx"":76,""separation_bars"":30,""structural_low"":298.04,""current_price"":303.0701,""neckline_distance_pct"":0.023099936285367644,""base_bars"":30},""pattern_geometry_features"":{""low_similarity_pct"":0.0032660307676846047,""bounce_pct"":0.04036706482351364,""right_bottom_reaction"":0.42535358826610997,""atr_pct"":0.02823309693449395},""_schema_version"":""1.0""}",,,,,,,,,,
20260513T182534Z-d71724,2026-05-13T18:25:34.488073+00:00,WWD,bull_flag,absent,43.41,39.2,30.6,57.5,71.8,20.7,17.5,66.1,84.0,97.6,5.49,9.19,5.17,7.18,2.9,1.57,1.98,5.04,4.88,True,risk_unclear,366.46,387.19,353.1816,422.39,"{""trend"":{""T1_ema_stack"":{""value"":[false,true,true],""score"":66.66666666666666},""T2_ema50_slope"":{""value"":-0.019295193796553676,""score"":46.78413436724105},""T3_high_proximity"":{""value"":0.9087662740235586,""score"":54.38313701177927},""T4_rs_1m"":{""value"":-0.16079856772398615,""score"":0},""T5_rs_3m"":{""value"":-0.1328474926997001,""score"":0},""T6_adr_healthy"":{""value"":3.5910376267112007,""score"":100.0},""_score"":39.18},""geometry"":{""sub_pole_impulse"":49.8,""sub_flag_tightness"":1.2,""sub_flag_shallowness"":0,""sub_flag_drift"":94.2,""sub_flag_duration"":12.5,""_score"":30.62},""compression"":{""VC1_atr_ratio"":{""value"":0.35912003866907605,""score"":100},""VC2_range_contraction"":{""value"":1.04818284294383,""score"":0},""VC3_range_pct_rank"":{""score"":70.0},""_score"":57.5},""sr_quality"":{""SR1_touches"":{""value"":5,""score"":100},""SR2_tightness"":{""value"":2.2512494394002656,""score"":63.22022284156456},""SR3_recency"":{""value"":232,""score"":0.0},""SR4_price_location"":{""score"":69.4205819922795},""SR5_reaction"":{""value"":2.3360461744296024,""score"":100},""_score"":71.84,""_levels_found"":8,""_target_level"":373.5556},""volume"":{""V1_rvol_day"":{""value"":0.35427369248521806,""score"":0},""V2_rvol_sameslot"":{""value"":0.7997779752172274,""score"":19.985198347815157,""status"":""ok""},""V3_breakout_bar"":{""value"":1.245375380072623,""score"":49.691692004841535},""V4_base_dryup"":{""value"":1.2862217507581168,""score"":21.377824924188317},""V5_bo_expansion"":{""value"":0.35427369248521806,""score"":0},""_score"":20.7},""readiness"":{""_distance_atr"":1.693,""BR1_atr_distance"":{""score"":0},""BR2_compression"":{""score"":0},""BR3_retest"":{""score"":50.0},""BR4_bo_age"":{""score"":50.0},""_score"":17.5},""risk"":{""R1_stop_clarity"":{""score"":12.130415223278192},""R2_stop_distance_pct"":{""value"":3.623424111772083,""score"":100.0},""R3_stop_distance_atr"":{""value"":1.08467898863902,""score"":79.233949431951},""R4_rr_potential"":{""value"":4.2121038679359035,""score"":100.0},""_score"":66.13},""market"":{""M1_spy_regime"":{""score"":100.0},""M3_earnings_risk"":{""value"":null,""score"":80.0},""M4_vix"":{""value"":null,""score"":60.0},""_score"":84.0},""liquidity"":{""L1_price"":{""value"":366.46,""score"":100.0},""L2_dollar_vol"":{""value"":113376663.71172519,""score"":100.0},""L3_spread_proxy"":{""value"":0.024095399225017695,""score"":75.9046007749823},""L4_volume_zscore"":{""value"":-1.34825837634026,""score"":100.0},""_score"":97.59},""pattern_structure"":{""pole_low"":351.99,""pole_low_idx"":8,""peak_price"":387.19,""peak_idx"":32,""pole_gain"":0.1000028409898008,""flag_bars"":27,""flag_low"":358.56,""flag_high"":381.52,""structural_low"":358.56,""current_price"":365.805,""neckline_distance_pct"":0.0584601085277675,""base_bars"":27},""pattern_geometry_features"":{""pole_gain"":0.1000028409898008,""pullback_pct"":0.07394302538805236,""flag_range_pct"":0.05929905214494171,""flag_drift_per_bar"":-0.0011697360592263597,""atr_pct"":0.033405497384239966,""pole_atr_multiple"":2.9936043112766257},""_schema_version"":""1.0""}",,,,,,,,,,
20260513T182534Z-d71724,2026-05-13T18:25:34.488073+00:00,RTX,ascending_triangle,absent,43.35,16.2,43.8,61.5,45.7,16.4,44.8,46.8,84.0,97.7,2.44,12.25,4.92,6.39,1.97,3.58,1.87,5.04,4.88,True,risk_unclear;trend_floor,177.955,179.93,171.981,185.26,"{""trend"":{""T1_ema_stack"":{""value"":[false,false,true],""score"":33.33333333333333},""T2_ema50_slope"":{""value"":-0.3484122257571837,""score"":0},""T3_high_proximity"":{""value"":0.8387773378582203,""score"":19.38866892911012},""T4_rs_1m"":{""value"":-0.19211797029150213,""score"":0},""T5_rs_3m"":{""value"":-0.1678517756387783,""score"":0},""T6_adr_healthy"":{""value"":2.5950455563881496,""score"":100.0},""_score"":16.24},""geometry"":{""sub_flat_top_quality"":66.7,""sub_hl_slope"":17.0,""sub_compression"":14.6,""sub_duration"":100.0,""_score"":43.76},""compression"":{""VC1_atr_ratio"":{""value"":0.26431032465556686,""score"":100},""VC2_range_contraction"":{""value"":0.8200419115732682,""score"":29.99301473778863},""VC3_range_pct_rank"":{""score"":44.166666666666664},""_score"":61.54},""sr_quality"":{""SR1_touches"":{""value"":2,""score"":25.0},""SR2_tightness"":{""value"":0.05310000000000059,""score"":97.4375501959581},""SR3_recency"":{""value"":313,""score"":0.0},""SR4_price_location"":{""score"":34.17110980984382},""SR5_reaction"":{""value"":2.4449559309648325,""score"":100},""_score"":45.66,""_levels_found"":7,""_target_level"":182.2269},""volume"":{""V1_rvol_day"":{""value"":0.33386073150705914,""score"":0},""V2_rvol_sameslot"":{""value"":0.788457462143221,""score"":19.230497476214733,""status"":""ok""},""V3_breakout_bar"":{""value"":0.7972587472038422,""score"":19.817249813589477},""V4_base_dryup"":{""value"":1.1200238977482648,""score"":37.99761022517352},""V5_bo_expansion"":{""value"":0.33386073150705914,""score"":0},""_score"":16.4},""readiness"":{""_distance_atr"":0.477,""BR1_atr_distance"":{""score"":68.23076984944957},""BR2_compression"":{""score"":0},""BR3_retest"":{""score"":50.0},""BR4_bo_age"":{""score"":50.0},""_score"":44.79},""risk"":{""R1_stop_clarity"":{""score"":0},""R2_stop_distance_pct"":{""value"":3.357028462251703,""score"":100.0},""R3_stop_distance_atr"":{""value"":1.4414383360966279,""score"":97.07191680483139},""R4_rr_potential"":{""value"":1.222798794777366,""score"":11.139939738868298},""_score"":46.79},""market"":{""M1_spy_regime"":{""score"":100.0},""M3_earnings_risk"":{""value"":null,""score"":80.0},""M4_vix"":{""value"":null,""score"":60.0},""_score"":84.0},""liquidity"":{""L1_price"":{""value"":177.955,""score"":100.0},""L2_dollar_vol"":{""value"":347880360.41716033,""score"":100.0},""L3_spread_proxy"":{""value"":0.023278918827793472,""score"":76.72108117220652},""L4_volume_zscore"":{""value"":-2.239947718723746,""score"":100.0},""_score"":97.67},""pattern_structure"":{""top"":179.93,""top_touches"":3,""low_slope_per_bar"":0.0890891630901271,""lowest_low"":174.6,""structural_low"":174.6,""current_price"":178.6,""neckline_distance_pct"":0.0074468085106383685,""base_bars"":24},""pattern_geometry_features"":{""top_touches"":3.0,""low_slope"":0.0890891630901271,""compression"":0.07320371017586413,""atr_pct"":0.023289435130069012},""_schema_version"":""1.0""}",,,,,,,,,,
20260513T182534Z-d71724,2026-05-13T18:25:34.488073+00:00,ADBE,vcp,forming,43.32,12.9,52.2,57.1,33.1,23.3,20.3,63.3,84.0,97.3,1.94,13.04,6.85,3.98,3.03,1.42,3.16,5.04,4.87,True,risk_unclear;trend_floor,234.98,258.75,230.0123,319.98,"{""trend"":{""T1_ema_stack"":{""value"":[false,false,false],""score"":0.0},""T2_ema50_slope"":{""value"":-0.12649519161018444,""score"":28.91746806496926},""T3_high_proximity"":{""value"":0.828502926450885,""score"":14.251463225442462},""T4_rs_1m"":{""value"":-0.07270415958226395,""score"":0},""T5_rs_3m"":{""value"":-0.15967890551649166,""score"":0},""T6_adr_healthy"":{""value"":3.215537963216079,""score"":100.0},""_score"":12.92},""geometry"":{""sub_contraction_count"":100.0,""sub_reduction_rate"":0,""sub_pivot_tightness"":3.6,""sub_volume_dryup"":44.1,""sub_base_depth"":100.0,""sub_base_duration"":100.0,""_score"":52.16},""compression"":{""VC1_atr_ratio"":{""value"":0.5128431658799842,""score"":100},""VC2_range_contraction"":{""value"":0.9609108174806622,""score"":6.514863753222966},""VC3_range_pct_rank"":{""score"":59.166666666666664},""_score"":57.07},""sr_quality"":{""SR1_touches"":{""value"":2,""score"":25.0},""SR2_tightness"":{""value"":1.5795499999999976,""score"":61.32115733760584},""SR3_recency"":{""value"":248,""score"":0.0},""SR4_price_location"":{""score"":5.746686630867961},""SR5_reaction"":{""value"":3.1744113438955015,""score"":100},""_score"":33.13,""_levels_found"":5,""_target_level"":245.8596},""volume"":{""V1_rvol_day"":{""value"":0.46568766378830667,""score"":0},""V2_rvol_sameslot"":{""value"":0.9809732718957689,""score"":32.064884793051256,""status"":""ok""},""V3_breakout_bar"":{""value"":0.8606183539744824,""score"":24.041223598298824},""V4_base_dryup"":{""value"":0.957382097385836,""score"":54.2617902614164},""V5_bo_expansion"":{""value"":0.4656876637883065,""score"":0},""_score"":23.28},""readiness"":{""_distance_atr"":2.91,""BR1_atr_distance"":{""score"":0},""BR2_compression"":{""score"":11.323607090692041},""BR3_retest"":{""score"":50.0},""BR4_bo_age"":{""score"":50.0},""_score"":20.33},""risk"":{""R1_stop_clarity"":{""score"":14.227881887477622},""R2_stop_distance_pct"":{""value"":2.1141054557834718,""score"":100.0},""R3_stop_distance_atr"":{""value"":0.6082297289260941,""score"":55.4114864463047},""R4_rr_potential"":{""value"":17.110447941462137,""score"":100.0},""_score"":63.29},""market"":{""M1_spy_regime"":{""score"":100.0},""M3_earnings_risk"":{""value"":null,""score"":80.0},""M4_vix"":{""value"":null,""score"":60.0},""_score"":84.0},""liquidity"":{""L1_price"":{""value"":234.98,""score"":100.0},""L2_dollar_vol"":{""value"":542017252.2973325,""score"":100.0},""L3_spread_proxy"":{""value"":0.02655545152778964,""score"":73.44454847221036},""L4_volume_zscore"":{""value"":-1.5834268927214121,""score"":100.0},""_score"":97.34},""pattern_structure"":{""n_contractions"":5,""contractions_pct"":[18.02,9.23,18.29,9.42,9.75],""descending_strict"":false,""final_low"":233.515,""final_pivot"":258.75,""structural_low"":233.515,""dry_up_ratio"":0.7794949025299222,""current_price"":234.98,""neckline_distance_pct"":0.10115754532300626,""base_bars"":61,""recent_base_height"":61.23000000000002},""pattern_geometry_features"":{""contraction_count"":5.0,""first_contraction_pct"":0.18021514854717602,""last_contraction_pct"":0.09752657004830922,""dry_up_ratio"":0.7794949025299222,""near_monotone"":0.0,""base_depth_pct"":0.23762650995755802},""_schema_version"":""1.0""}",,,,,,,,,,
20260513T182534Z-d71724,2026-05-13T18:25:34.488073+00:00,AXON,vcp,absent,43.21,5.0,45.0,42.5,63.5,29.5,17.5,75.0,84.0,92.8,0.75,11.25,5.1,7.62,3.84,1.23,3.75,5.04,4.64,True,trend_floor,373.25,413.95,363.8859,591.37,"{""trend"":{""T1_ema_stack"":{""value"":[false,false,false],""score"":0.0},""T2_ema50_slope"":{""value"":-0.4846530702246437,""score"":0},""T3_high_proximity"":{""value"":0.6445457528190782,""score"":0},""T4_rs_1m"":{""value"":-0.08954593716318304,""score"":0},""T5_rs_3m"":{""value"":-0.21429686378731094,""score"":0},""T6_adr_healthy"":{""value"":5.313924091990844,""score"":100.0},""_score"":5.0},""geometry"":{""sub_contraction_count"":100.0,""sub_reduction_rate"":0,""sub_pivot_tightness"":0,""sub_volume_dryup"":0,""sub_base_depth"":100.0,""sub_base_duration"":100.0,""_score"":45.0},""compression"":{""VC1_atr_ratio"":{""value"":0.5767483553609288,""score"":100},""VC2_range_contraction"":{""value"":1.1867435815859595,""score"":0},""VC3_range_pct_rank"":{""score"":9.999999999999998},""_score"":42.5},""sr_quality"":{""SR1_touches"":{""value"":3,""score"":50.0},""SR2_tightness"":{""value"":4.499763754045555,""score"":61.08132110730211},""SR3_recency"":{""value"":228,""score"":0.0},""SR4_price_location"":{""score"":97.2810415926607},""SR5_reaction"":{""value"":2.0019767196420943,""score"":100},""_score"":63.48,""_levels_found"":4,""_target_level"":375.3458},""volume"":{""V1_rvol_day"":{""value"":0.6815666918115229,""score"":12.104446120768191},""V2_rvol_sameslot"":{""value"":1.4877810630758266,""score"":65.85207087172176,""status"":""ok""},""V3_breakout_bar"":{""value"":1.0785921094891031,""score"":38.57280729927354},""V4_base_dryup"":{""value"":1.2850431555940351,""score"":21.49568444059649},""V5_bo_expansion"":{""value"":0.6815666918115229,""score"":0},""_score"":29.53},""readiness"":{""_distance_atr"":1.76,""BR1_atr_distance"":{""score"":0},""BR2_compression"":{""score"":0},""BR3_retest"":{""score"":50.0},""BR4_bo_age"":{""score"":50.0},""_score"":17.5},""risk"":{""R1_stop_clarity"":{""score"":52.07207561740325},""R2_stop_distance_pct"":{""value"":2.508803616878763,""score"":100.0},""R3_stop_distance_atr"":{""value"":0.40495322717654797,""score"":45.24766135882739},""R4_rr_potential"":{""value"":23.293191947403034,""score"":100.0},""_score"":75.01},""market"":{""M1_spy_regime"":{""score"":100.0},""M3_earnings_risk"":{""value"":null,""score"":80.0},""M4_vix"":{""value"":null,""score"":60.0},""_score"":84.0},""liquidity"":{""L1_price"":{""value"":373.25,""score"":100.0},""L2_dollar_vol"":{""value"":288792327.8899905,""score"":100.0},""L3_spread_proxy"":{""value"":0.07228372404554584,""score"":27.71627595445416},""L4_volume_zscore"":{""value"":-0.6748330747113924,""score"":100.0},""_score"":92.77},""pattern_structure"":{""n_contractions"":5,""contractions_pct"":[8.19,17.67,34.36,9.11,10.76],""descending_strict"":false,""final_low"":369.4273,""final_pivot"":413.95,""structural_low"":369.4273,""dry_up_ratio"":1.1760832485916763,""current_price"":373.25,""neckline_distance_pct"":0.10904219691895509,""base_bars"":59,""recent_base_height"":177.41999999999996},""pattern_geometry_features"":{""contraction_count"":5.0,""first_contraction_pct"":0.08191819094599899,""last_contraction_pct"":0.10755574344727621,""dry_up_ratio"":1.1760832485916763,""near_monotone"":0.0,""base_depth_pct"":0.19363666128257734},""_schema_version"":""1.0""}",,,,,,,,,,
20260513T182534Z-d71724,2026-05-13T18:25:34.488073+00:00,PH,ascending_triangle,absent,43.21,25.7,42.4,63.6,50.5,18.0,26.9,57.0,84.0,73.9,3.86,11.86,5.09,7.07,2.16,2.15,2.28,5.04,3.69,True,risk_unclear;trend_floor,883.3,911.96,849.7497,961.23,"{""trend"":{""T1_ema_stack"":{""value"":[false,false,true],""score"":33.33333333333333},""T2_ema50_slope"":{""value"":-0.07101783546288262,""score"":38.163694089519566},""T3_high_proximity"":{""value"":0.863423979980841,""score"":31.711989990420463},""T4_rs_1m"":{""value"":-0.1728135727120118,""score"":0},""T5_rs_3m"":{""value"":-0.18643031501480267,""score"":0},""T6_adr_healthy"":{""value"":2.670112694819276,""score"":100.0},""_score"":25.72},""geometry"":{""sub_flat_top_quality"":33.3,""sub_hl_slope"":2.6,""sub_compression"":66.4,""sub_duration"":100.0,""_score"":42.37},""compression"":{""VC1_atr_ratio"":{""value"":0.4429952249925337,""score"":100},""VC2_range_contraction"":{""value"":0.9845563159653425,""score"":2.5739473391095764},""VC3_range_pct_rank"":{""score"":90.83333333333333},""_score"":63.61},""sr_quality"":{""SR1_touches"":{""value"":4,""score"":75.0},""SR2_tightness"":{""value"":4.778637083612349,""score"":61.7561302705657},""SR3_recency"":{""value"":228,""score"":0.0},""SR4_price_location"":{""score"":14.916207534800483},""SR5_reaction"":{""value"":2.239063918405056,""score"":100},""_score"":50.49,""_levels_found"":6,""_target_level"":907.9275},""volume"":{""V1_rvol_day"":{""value"":0.3807792479141621,""score"":0},""V2_rvol_sameslot"":{""value"":0.7501011997192575,""score"":16.673413314617168,""status"":""ok""},""V3_breakout_bar"":{""value"":0.6367181665714504,""score"":9.114544438096694},""V4_base_dryup"":{""value"":0.8787715670050473,""score"":62.122843299495266},""V5_bo_expansion"":{""value"":0.3807792479141621,""score"":0},""_score"":18.04},""readiness"":{""_distance_atr"":1.147,""BR1_atr_distance"":{""score"":23.54379939527088},""BR2_compression"":{""score"":0},""BR3_retest"":{""score"":50.0},""BR4_bo_age"":{""score"":50.0},""_score"":26.92},""risk"":{""R1_stop_clarity"":{""score"":0},""R2_stop_distance_pct"":{""value"":3.7982961621193105,""score"":100.0},""R3_stop_distance_atr"":{""value"":1.3425326011647885,""score"":92.12663005823943},""R4_rr_potential"":{""value"":2.3227775567170053,""score"":66.13887783585027},""_score"":57.05},""market"":{""M1_spy_regime"":{""score"":100.0},""M3_earnings_risk"":{""value"":null,""score"":80.0},""M4_vix"":{""value"":null,""score"":60.0},""_score"":84.0},""liquidity"":{""L1_price"":{""value"":883.3,""score"":0.0},""L2_dollar_vol"":{""value"":260072333.9296742,""score"":100.0},""L3_spread_proxy"":{""value"":0.011207970112079677,""score"":88.79202988792032},""L4_volume_zscore"":{""value"":-1.15659978045467,""score"":100.0},""_score"":73.88},""pattern_structure"":{""top"":911.96,""top_touches"":2,""low_slope_per_bar"":0.06674791086350873,""lowest_low"":862.69,""structural_low"":862.69,""current_price"":882.2,""neckline_distance_pct"":0.033733847200181355,""base_bars"":32},""pattern_geometry_features"":{""top_touches"":2.0,""low_slope"":0.06674791086350873,""compression"":0.33195728048732676,""atr_pct"":0.028292021801361755},""_schema_version"":""1.0""}",,,,,,,,,,
20260513T182534Z-d71724,2026-05-13T18:25:34.488073+00:00,SGML,bull_flag,absent,43.18,70.9,18.2,55.3,50.4,32.1,17.5,80.5,84.0,84.8,9.92,5.47,4.98,5.04,4.49,1.57,2.42,5.04,4.24,False,,19.14,24.48,18.5574,28.85,"{""trend"":{""T1_ema_stack"":{""value"":[false,true,true],""score"":66.66666666666666},""T2_ema50_slope"":{""value"":1.2278339255151052,""score"":100},""T3_high_proximity"":{""value"":0.8093023255813955,""score"":4.651162790697716},""T4_rs_1m"":{""value"":0.019792016533616286,""score"":69.79201653361628},""T5_rs_3m"":{""value"":0.33134154225386103,""score"":100},""T6_adr_healthy"":{""value"":8.356194227608487,""score"":91.09514430978783},""_score"":70.88},""geometry"":{""sub_pole_impulse"":30.4,""sub_flag_tightness"":0,""sub_flag_shallowness"":0,""sub_flag_drift"":52.5,""sub_flag_duration"":12.5,""_score"":18.24},""compression"":{""VC1_atr_ratio"":{""value"":0.5345750809636318,""score"":100},""VC2_range_contraction"":{""value"":0.89413203981864,""score"":17.64466003022667},""VC3_range_pct_rank"":{""score"":36.66666666666667},""_score"":55.34},""sr_quality"":{""SR1_touches"":{""value"":3,""score"":50.0},""SR2_tightness"":{""value"":0.12970050972229077,""score"":86.18748422640881},""SR3_recency"":{""value"":277,""score"":0.0},""SR4_price_location"":{""score"":30.0},""SR5_reaction"":{""value"":2.5736403445381772,""score"":100},""_score"":50.43,""_levels_found"":5,""_target_level"":16.7833},""volume"":{""V1_rvol_day"":{""value"":0.7994861107070697,""score"":19.965740713804646},""V2_rvol_sameslot"":{""value"":1.357819116352363,""score"":57.18794109015754,""status"":""ok""},""V3_breakout_bar"":{""value"":0.7412115369331548,""score"":16.080769128876984},""V4_base_dryup"":{""value"":0.8693272681027894,""score"":63.067273189721064},""V5_bo_expansion"":{""value"":0.7994861107070693,""score"":0},""_score"":32.06},""readiness"":{""_distance_atr"":2.843,""BR1_atr_distance"":{""score"":0},""BR2_compression"":{""score"":0},""BR3_retest"":{""score"":50.0},""BR4_bo_age"":{""score"":50.0},""_score"":17.5},""risk"":{""R1_stop_clarity"":{""score"":69.90438228828336},""R2_stop_distance_pct"":{""value"":3.0438871473354197,""score"":100.0},""R3_stop_distance_atr"":{""value"":0.31022128235750496,""score"":40.51106411787525},""R4_rr_potential"":{""value"":16.666666666666686,""score"":100.0},""_score"":80.54},""market"":{""M1_spy_regime"":{""score"":100.0},""M3_earnings_risk"":{""value"":null,""score"":80.0},""M4_vix"":{""value"":null,""score"":60.0},""_score"":84.0},""liquidity"":{""L1_price"":{""value"":19.14,""score"":100.0},""L2_dollar_vol"":{""value"":54959543.867081046,""score"":87.00215598347741},""L3_spread_proxy"":{""value"":0.10240334378265417,""score"":0},""L4_volume_zscore"":{""value"":-0.4256999152801216,""score"":100.0},""_score"":84.8},""pattern_structure"":{""pole_low"":20.11,""pole_low_idx"":26,""peak_price"":24.48,""peak_idx"":32,""pole_gain"":0.21730482347091004,""flag_bars"":27,""flag_low"":18.84,""flag_high"":24.48,""structural_low"":18.84,""current_price"":19.155,""neckline_distance_pct"":0.2779953014878621,""base_bars"":27},""pattern_geometry_features"":{""pole_gain"":0.21730482347091004,""pullback_pct"":0.2303921568627451,""flag_range_pct"":0.2303921568627451,""flag_drift_per_bar"":-0.009502857130108499,""atr_pct"":0.09811986863711,""pole_atr_multiple"":2.214687264560024},""_schema_version"":""1.0""}",,,,,,,,,,
20260513T182534Z-d71724,2026-05-13T18:25:34.488073+00:00,TDG,double_bottom,forming,43.17,16.6,56.8,52.0,48.4,12.8,17.5,63.9,84.0,72.2,2.5,14.19,4.16,6.78,1.66,1.4,3.83,5.04,3.61,True,risk_unclear;reversal_trend_cap,1194.9,1262.26,1128.7312,1378.6,"{""trend"":{""T1_ema_stack"":{""value"":[false,false,false],""score"":0.0},""T2_ema50_slope"":{""value"":-0.15855823882233408,""score"":23.57362686294432},""T3_high_proximity"":{""value"":0.8923957041927438,""score"":46.197852096371896},""T4_rs_1m"":{""value"":-0.14798653574251597,""score"":0},""T5_rs_3m"":{""value"":-0.17242698109622556,""score"":0},""T6_adr_healthy"":{""value"":3.025254464646927,""score"":100.0},""_score"":16.64},""geometry"":{""sub_low_similarity"":62.1,""sub_bounce_quality"":100,""sub_separation_fit"":0.0,""sub_right_bottom_reaction"":80.9,""sub_base_context"":30.0,""_score"":56.76},""compression"":{""VC1_atr_ratio"":{""value"":0.4725046356731069,""score"":100},""VC2_range_contraction"":{""value"":0.9258038054536786,""score"":12.366032424386905},""VC3_range_pct_rank"":{""score"":30.833333333333336},""_score"":52.04},""sr_quality"":{""SR1_touches"":{""value"":2,""score"":25.0},""SR2_tightness"":{""value"":4.355000000000018,""score"":75.46973920554855},""SR3_recency"":{""value"":290,""score"":0.0},""SR4_price_location"":{""score"":58.374446647091425},""SR5_reaction"":{""value"":2.4900608589453705,""score"":100},""_score"":48.41,""_levels_found"":6,""_target_level"":1241.445},""volume"":{""V1_rvol_day"":{""value"":0.35814802241640165,""score"":0},""V2_rvol_sameslot"":{""value"":0.7779823149015641,""score"":18.532154326770943,""status"":""ok""},""V3_breakout_bar"":{""value"":0.5600852434544251,""score"":4.005682896961674},""V4_base_dryup"":{""value"":1.095266164965206,""score"":40.4733835034794},""V5_bo_expansion"":{""value"":0.3581480224164017,""score"":0},""_score"":12.8},""readiness"":{""_distance_atr"":1.897,""BR1_atr_distance"":{""score"":0},""BR2_compression"":{""score"":0},""BR3_retest"":{""score"":50.0},""BR4_bo_age"":{""score"":50.0},""_score"":17.5},""risk"":{""R1_stop_clarity"":{""score"":3.1812292207420256},""R2_stop_distance_pct"":{""value"":5.5376014729266165,""score"":100.0},""R3_stop_distance_atr"":{""value"":1.8635337777909253,""score"":100.0},""R4_rr_potential"":{""value"":2.776232907352097,""score"":88.81164536760484},""_score"":63.88},""market"":{""M1_spy_regime"":{""score"":100.0},""M3_earnings_risk"":{""value"":null,""score"":80.0},""M4_vix"":{""value"":null,""score"":60.0},""_score"":84.0},""liquidity"":{""L1_price"":{""value"":1194.9,""score"":0.0},""L2_dollar_vol"":{""value"":175438738.4311086,""score"":100.0},""L3_spread_proxy"":{""value"":0.028228303623734217,""score"":71.77169637626578},""L4_volume_zscore"":{""value"":-1.829859201778507,""score"":100.0},""_score"":72.18},""pattern_structure"":{""left_low"":1145.92,""left_idx"":29,""right_low"":1167.83,""right_idx"":76,""separation_bars"":47,""structural_low"":1145.92,""current_price"":1195.38,""neckline_distance_pct"":0.055948735966805434,""base_bars"":47},""pattern_geometry_features"":{""low_similarity_pct"":0.0189389519178821,""bounce_pct"":0.10152541189611833,""right_bottom_reaction"":0.8091787439613612,""atr_pct"":0.0297155948495391},""_schema_version"":""1.0""}",,,,,,,,,,
20260513T182534Z-d71724,2026-05-13T18:25:34.488073+00:00,TMUS,double_bottom,absent,42.93,13.5,42.4,65.3,50.3,21.4,21.8,60.3,84.0,97.3,2.03,10.59,5.23,7.04,2.78,1.74,3.62,5.04,4.87,True,risk_unclear;reversal_trend_cap,191.23,198.28,186.6181,207.1,"{""trend"":{""T1_ema_stack"":{""value"":[false,false,false],""score"":0.0},""T2_ema50_slope"":{""value"":-0.18305356977808704,""score"":19.491071703652157},""T3_high_proximity"":{""value"":0.8614740066672674,""score"":30.737003333633663},""T4_rs_1m"":{""value"":-0.06309115753701855,""score"":0},""T5_rs_3m"":{""value"":-0.16081098407510952,""score"":0},""T6_adr_healthy"":{""value"":2.844844329487022,""score"":100.0},""_score"":13.51},""geometry"":{""sub_low_similarity"":51.0,""sub_bounce_quality"":23.6,""sub_separation_fit"":20.0,""sub_right_bottom_reaction"":89.0,""sub_base_context"":30.0,""_score"":42.37},""compression"":{""VC1_atr_ratio"":{""value"":0.25262829412387067,""score"":100},""VC2_range_contraction"":{""value"":0.6729436067383283,""score"":54.50939887694528},""VC3_range_pct_rank"":{""score"":25.0},""_score"":65.33},""sr_quality"":{""SR1_touches"":{""value"":3,""score"":50.0},""SR2_tightness"":{""value"":0.6571952187558615,""score"":75.01810211736739},""SR3_recency"":{""value"":310,""score"":0.0},""SR4_price_location"":{""score"":47.85591766723807},""SR5_reaction"":{""value"":1.606678685984462,""score"":80.3339342992231},""_score"":50.27,""_levels_found"":7,""_target_level"":194.7767},""volume"":{""V1_rvol_day"":{""value"":0.23987315434427003,""score"":0},""V2_rvol_sameslot"":{""value"":0.7386172037908622,""score"":15.907813586057475,""status"":""ok""},""V3_breakout_bar"":{""value"":0.8791716324915114,""score"":25.278108832767426},""V4_base_dryup"":{""value"":0.9069776913812682,""score"":59.302230861873184},""V5_bo_expansion"":{""value"":0.23987315434427006,""score"":0},""_score"":21.36},""readiness"":{""_distance_atr"":1.34,""BR1_atr_distance"":{""score"":10.669678736668203},""BR2_compression"":{""score"":0},""BR3_retest"":{""score"":50.0},""BR4_bo_age"":{""score"":50.0},""_score"":21.77},""risk"":{""R1_stop_clarity"":{""score"":0},""R2_stop_distance_pct"":{""value"":2.411703184646756,""score"":100.0},""R3_stop_distance_atr"":{""value"":0.8765585290092732,""score"":68.82792645046366},""R4_rr_potential"":{""value"":3.4410980290119113,""score"":100.0},""_score"":60.32},""market"":{""M1_spy_regime"":{""score"":100.0},""M3_earnings_risk"":{""value"":null,""score"":80.0},""M4_vix"":{""value"":null,""score"":60.0},""_score"":84.0},""liquidity"":{""L1_price"":{""value"":191.23,""score"":100.0},""L2_dollar_vol"":{""value"":277122165.4746839,""score"":100.0},""L3_spread_proxy"":{""value"":0.02690477435548821,""score"":73.09522564451179},""L4_volume_zscore"":{""value"":-1.6495108917073051,""score"":100.0},""_score"":97.31},""pattern_structure"":{""left_low"":194.16,""left_idx"":27,""right_low"":189.46,""right_idx"":69,""separation_bars"":42,""structural_low"":189.46,""current_price"":191.06,""neckline_distance_pct"":0.037789176175023545,""base_bars"":42},""pattern_geometry_features"":{""low_similarity_pct"":0.024503414837599647,""bounce_pct"":0.04655336218726904,""right_bottom_reaction"":0.8901098901098959,""atr_pct"":0.027513316051725308},""_schema_version"":""1.0""}",,,,,,,,,,
20260513T182534Z-d71724,2026-05-13T18:25:34.488073+00:00,SMR,bull_flag,absent,42.71,32.6,30.5,63.8,48.6,21.9,34.1,84.0,84.0,94.2,4.56,9.15,5.74,4.86,3.07,3.07,2.52,5.04,4.71,False,,12.165,13.63,11.3078,15.64,"{""trend"":{""T1_ema_stack"":{""value"":[false,false,false],""score"":0.0},""T2_ema50_slope"":{""value"":-0.08339520991197279,""score"":36.10079834800453},""T3_high_proximity"":{""value"":0.8309426229508196,""score"":15.471311475409754},""T4_rs_1m"":{""value"":0.11726442654513813,""score"":100},""T5_rs_3m"":{""value"":-0.29211888800192387,""score"":0},""T6_adr_healthy"":{""value"":9.58012204601825,""score"":60.496948849543756},""_score"":32.57},""geometry"":{""sub_pole_impulse"":19.6,""sub_flag_tightness"":0,""sub_flag_shallowness"":0,""sub_flag_drift"":97.4,""sub_flag_duration"":100.0,""_score"":30.49},""compression"":{""VC1_atr_ratio"":{""value"":0.6156987119605392,""score"":96.0753220098652},""VC2_range_contraction"":{""value"":0.9085381178022782,""score"":15.24364703295363},""VC3_range_pct_rank"":{""score"":80.0},""_score"":63.77},""sr_quality"":{""SR1_touches"":{""value"":3,""score"":50.0},""SR2_tightness"":{""value"":0.21664307563876192,""score"":63.24434597369463},""SR3_recency"":{""value"":228,""score"":0.0},""SR4_price_location"":{""score"":36.3722809937002},""SR5_reaction"":{""value"":3.350218538177528,""score"":100},""_score"":48.58,""_levels_found"":5,""_target_level"":13.9493},""volume"":{""V1_rvol_day"":{""value"":0.505399840488359,""score"":0.35998936589059694},""V2_rvol_sameslot"":{""value"":0.8109408390362907,""score"":20.72938926908604,""status"":""ok""},""V3_breakout_bar"":{""value"":0.5325164212894514,""score"":2.1677614192967614},""V4_base_dryup"":{""value"":0.6431209862164136,""score"":85.68790137835865},""V5_bo_expansion"":{""value"":0.505399840488359,""score"":0},""_score"":21.9},""readiness"":{""_distance_atr"":1.243,""BR1_atr_distance"":{""score"":17.149389628121455},""BR2_compression"":{""score"":38.92944948397156},""BR3_retest"":{""score"":50.0},""BR4_bo_age"":{""score"":50.0},""_score"":34.09},""risk"":{""R1_stop_clarity"":{""score"":70.78455609685157},""R2_stop_distance_pct"":{""value"":7.046444718454574,""score"":100.0},""R3_stop_distance_atr"":{""value"":0.7271625584720899,""score"":61.358127923604485},""R4_rr_potential"":{""value"":4.053896406906215,""score"":100.0},""_score"":83.98},""market"":{""M1_spy_regime"":{""score"":100.0},""M3_earnings_risk"":{""value"":null,""score"":80.0},""M4_vix"":{""value"":null,""score"":60.0},""_score"":84.0},""liquidity"":{""L1_price"":{""value"":12.165,""score"":100.0},""L2_dollar_vol"":{""value"":240252917.72836894,""score"":100.0},""L3_spread_proxy"":{""value"":0.05754212905877512,""score"":42.457870941224876},""L4_volume_zscore"":{""value"":-1.2087654727888177,""score"":100.0},""_score"":94.25},""pattern_structure"":{""pole_low"":11.62,""pole_low_idx"":39,""peak_price"":13.63,""peak_idx"":48,""pole_gain"":0.17297762478485385,""flag_bars"":11,""flag_low"":11.48,""flag_high"":13.55,""structural_low"":11.48,""current_price"":12.2,""neckline_distance_pct"":0.11721311475409849,""base_bars"":11},""pattern_geometry_features"":{""pole_gain"":0.17297762478485385,""pullback_pct"":0.15774027879677185,""flag_range_pct"":0.15187087307410127,""flag_drift_per_bar"":-0.0005138599105811894,""atr_pct"":0.09690329399330634,""pole_atr_multiple"":1.7850541261972208},""_schema_version"":""1.0""}",,,,,,,,,,
20260513T182534Z-d71724,2026-05-13T18:25:34.488073+00:00,ETN,bull_flag,absent,42.44,65.2,28.8,38.8,37.9,9.7,47.0,62.3,84.0,97.9,9.12,8.65,3.49,3.79,1.36,4.23,1.87,5.04,4.9,True,risk_unclear,408.655,420.88,390.2471,445.55,"{""trend"":{""T1_ema_stack"":{""value"":[true,true,true],""score"":100.0},""T2_ema50_slope"":{""value"":0.3263266888131313,""score"":100},""T3_high_proximity"":{""value"":0.94375418581557,""score"":71.87709290778498},""T4_rs_1m"":{""value"":-0.052757178149634765,""score"":0},""T5_rs_3m"":{""value"":-0.04170651164733519,""score"":29.146744176332405},""T6_adr_healthy"":{""value"":3.365565538365753,""score"":100.0},""_score"":65.15},""geometry"":{""sub_pole_impulse"":12.8,""sub_flag_tightness"":0,""sub_flag_shallowness"":0,""sub_flag_drift"":100,""sub_flag_duration"":100.0,""_score"":28.84},""compression"":{""VC1_atr_ratio"":{""value"":0.7994320474300739,""score"":50.14198814248152},""VC2_range_contraction"":{""value"":1.5542328704231134,""score"":0},""VC3_range_pct_rank"":{""score"":75.0},""_score"":38.81},""sr_quality"":{""SR1_touches"":{""value"":2,""score"":25.0},""SR2_tightness"":{""value"":1.545000000000016,""score"":81.65187421481794},""SR3_recency"":{""value"":231,""score"":0.0},""SR4_price_location"":{""score"":12.502167504768558},""SR5_reaction"":{""value"":2.311626332741522,""score"":100},""_score"":37.87,""_levels_found"":7,""_target_level"":433.885},""volume"":{""V1_rvol_day"":{""value"":0.39978517237325434,""score"":0},""V2_rvol_sameslot"":{""value"":0.8381542295289686,""score"":22.54361530193124,""status"":""ok""},""V3_breakout_bar"":{""value"":0.6220587745027151,""score"":8.137251633514337},""V4_base_dryup"":{""value"":1.342720614878986,""score"":15.727938512101389},""V5_bo_expansion"":{""value"":0.39978517237325434,""score"":0},""_score"":9.69},""readiness"":{""_distance_atr"":0.726,""BR1_atr_distance"":{""score"":51.60607600348463},""BR2_compression"":{""score"":35.259823582782865},""BR3_retest"":{""score"":50.0},""BR4_bo_age"":{""score"":50.0},""_score"":46.96},""risk"":{""R1_stop_clarity"":{""score"":29.42384509872592},""R2_stop_distance_pct"":{""value"":4.504496457892353,""score"":100.0},""R3_stop_distance_atr"":{""value"":1.0930406059377344,""score"":79.65203029688672},""R4_rr_potential"":{""value"":2.004307944708374,""score"":50.2153972354187},""_score"":62.29},""market"":{""M1_spy_regime"":{""score"":100.0},""M3_earnings_risk"":{""value"":null,""score"":80.0},""M4_vix"":{""value"":null,""score"":60.0},""_score"":84.0},""liquidity"":{""L1_price"":{""value"":408.655,""score"":100.0},""L2_dollar_vol"":{""value"":464214975.11768955,""score"":100.0},""L3_spread_proxy"":{""value"":0.0208992915784708,""score"":79.1007084215292},""L4_volume_zscore"":{""value"":-1.4969663769451411,""score"":100.0},""_score"":97.91},""pattern_structure"":{""pole_low"":396.21,""pole_low_idx"":37,""peak_price"":420.88,""peak_idx"":48,""pole_gain"":0.0622649605007446,""flag_bars"":11,""flag_low"":396.19,""flag_high"":420.21,""structural_low"":396.19,""current_price"":406.78,""neckline_distance_pct"":0.03466247111460746,""base_bars"":11},""pattern_geometry_features"":{""pole_gain"":0.0622649605007446,""pullback_pct"":0.05866280174871697,""flag_range_pct"":0.05707089906861809,""flag_drift_per_bar"":0.0003424835403546128,""atr_pct"":0.04121069641349586,""pole_atr_multiple"":1.5108931884090606},""_schema_version"":""1.0""}",,,,,,,,,,
20260513T182534Z-d71724,2026-05-13T18:25:34.488073+00:00,CCJ,bull_flag,absent,42.37,46.1,19.5,56.0,45.5,46.0,21.0,76.8,84.0,95.9,6.46,5.85,5.04,4.55,6.43,1.89,2.3,5.04,4.8,False,,115.56,124.57,110.3397,135.84,"{""trend"":{""T1_ema_stack"":{""value"":[false,true,true],""score"":66.66666666666666},""T2_ema50_slope"":{""value"":0.1782614659715507,""score"":79.71024432859178},""T3_high_proximity"":{""value"":0.9137344824859651,""score"":56.86724124298254},""T4_rs_1m"":{""value"":-0.07387295823901463,""score"":0},""T5_rs_3m"":{""value"":-0.10380332381103818,""score"":0},""T6_adr_healthy"":{""value"":5.258913025911144,""score"":100.0},""_score"":46.14},""geometry"":{""sub_pole_impulse"":18.7,""sub_flag_tightness"":0,""sub_flag_shallowness"":0,""sub_flag_drift"":92.6,""sub_flag_duration"":0.0,""_score"":19.5},""compression"":{""VC1_atr_ratio"":{""value"":0.5911882296906249,""score"":100},""VC2_range_contraction"":{""value"":1.2268920934602259,""score"":0},""VC3_range_pct_rank"":{""score"":64.16666666666666},""_score"":56.04},""sr_quality"":{""SR1_touches"":{""value"":3,""score"":50.0},""SR2_tightness"":{""value"":1.0735130284361822,""score"":67.3512507929504},""SR3_recency"":{""value"":248,""score"":0.0},""SR4_price_location"":{""score"":23.772498008436564},""SR5_reaction"":{""value"":1.931529480513414,""score"":96.5764740256707},""_score"":45.53,""_levels_found"":6,""_target_level"":121.2853},""volume"":{""V1_rvol_day"":{""value"":0.7480617112944685,""score"":16.537447419631235},""V2_rvol_sameslot"":{""value"":2.0525052070391707,""score"":100,""status"":""ok""},""V3_breakout_bar"":{""value"":1.0716611370271636,""score"":38.11074246847757},""V4_base_dryup"":{""value"":0.8440843921067072,""score"":65.5915607893293},""V5_bo_expansion"":{""value"":0.7480617112944685,""score"":0},""_score"":45.95},""readiness"":{""_distance_atr"":1.37,""BR1_atr_distance"":{""score"":8.659630402425648},""BR2_compression"":{""score"":0},""BR3_retest"":{""score"":50.0},""BR4_bo_age"":{""score"":50.0},""_score"":20.96},""risk"":{""R1_stop_clarity"":{""score"":48.89704005500401},""R2_stop_distance_pct"":{""value"":4.5173935617860925,""score"":100.0},""R3_stop_distance_atr"":{""value"":0.7938248580636272,""score"":64.69124290318136},""R4_rr_potential"":{""value"":3.884834204930739,""score"":100.0},""_score"":76.82},""market"":{""M1_spy_regime"":{""score"":100.0},""M3_earnings_risk"":{""value"":null,""score"":80.0},""M4_vix"":{""value"":null,""score"":60.0},""_score"":84.0},""liquidity"":{""L1_price"":{""value"":115.56,""score"":100.0},""L2_dollar_vol"":{""value"":280491647.80645436,""score"":100.0},""L3_spread_proxy"":{""value"":0.040931118033921805,""score"":59.068881966078195},""L4_volume_zscore"":{""value"":-0.9176329597606514,""score"":100.0},""_score"":95.91},""pattern_structure"":{""pole_low"":113.3,""pole_low_idx"":25,""peak_price"":124.57,""peak_idx"":31,""pole_gain"":0.09947043248014119,""flag_bars"":28,""flag_low"":112.02,""flag_high"":124.0,""structural_low"":112.02,""current_price"":115.89,""neckline_distance_pct"":0.07489861075157471,""base_bars"":28},""pattern_geometry_features"":{""pole_gain"":0.09947043248014119,""pullback_pct"":0.10074656819458937,""flag_range_pct"":0.09617082764710608,""flag_drift_per_bar"":-0.0014786597410875223,""atr_pct"":0.05690667803985563,""pole_atr_multiple"":1.7479571098927136},""_schema_version"":""1.0""}",,,,,,,,,,
20260513T182534Z-d71724,2026-05-13T18:25:34.488073+00:00,LMT,double_bottom,absent,42.26,13.3,45.5,69.3,40.4,12.8,41.8,47.2,84.0,96.1,2.0,11.37,5.55,5.66,1.67,3.34,2.83,5.04,4.81,True,risk_unclear;reversal_trend_cap,517.01,524.5,503.1232,538.215,"{""trend"":{""T1_ema_stack"":{""value"":[false,false,true],""score"":33.33333333333333},""T2_ema50_slope"":{""value"":-0.54074087543504,""score"":0},""T3_high_proximity"":{""value"":0.7640165509088221,""score"":0},""T4_rs_1m"":{""value"":-0.22419710571955176,""score"":0},""T5_rs_3m"":{""value"":-0.25108139834148435,""score"":0},""T6_adr_healthy"":{""value"":2.624078041698308,""score"":100.0},""_score"":13.33},""geometry"":{""sub_low_similarity"":95.2,""sub_bounce_quality"":0,""sub_separation_fit"":20.0,""sub_right_bottom_reaction"":52.7,""sub_base_context"":30.0,""_score"":45.46},""compression"":{""VC1_atr_ratio"":{""value"":0.3734346283487839,""score"":100},""VC2_range_contraction"":{""value"":0.8182800090575181,""score"":30.28666515708032},""VC3_range_pct_rank"":{""score"":75.0},""_score"":69.35},""sr_quality"":{""SR1_touches"":{""value"":2,""score"":25.0},""SR2_tightness"":{""value"":0.5600000000000023,""score"":91.1965307144509},""SR3_recency"":{""value"":254,""score"":0.0},""SR4_price_location"":{""score"":17.02076356329536},""SR5_reaction"":{""value"":3.6664091502181786,""score"":100},""_score"":40.43,""_levels_found"":5,""_target_level"":594.44},""volume"":{""V1_rvol_day"":{""value"":0.2655512287386973,""score"":0},""V2_rvol_sameslot"":{""value"":0.3429457008950233,""score"":0,""status"":""ok""},""V3_breakout_bar"":{""value"":0.3926950235039594,""score"":0},""V4_base_dryup"":{""value"":0.859457850038584,""score"":64.05421499614161},""V5_bo_expansion"":{""value"":0.2655512287386973,""score"":0},""_score"":12.81},""readiness"":{""_distance_atr"":0.589,""BR1_atr_distance"":{""score"":60.75119943526037},""BR2_compression"":{""score"":0},""BR3_retest"":{""score"":50.0},""BR4_bo_age"":{""score"":50.0},""_score"":41.8},""risk"":{""R1_stop_clarity"":{""score"":0},""R2_stop_distance_pct"":{""value"":2.6859780275043037,""score"":100.0},""R3_stop_distance_atr"":{""value"":1.0915339034627736,""score"":79.57669517313867},""R4_rr_potential"":{""value"":1.5269924082445296,""score"":26.349620412226482},""_score"":47.21},""market"":{""M1_spy_regime"":{""score"":100.0},""M3_earnings_risk"":{""value"":null,""score"":80.0},""M4_vix"":{""value"":null,""score"":60.0},""_score"":84.0},""liquidity"":{""L1_price"":{""value"":517.01,""score"":91.495},""L2_dollar_vol"":{""value"":228565923.4728445,""score"":100.0},""L3_spread_proxy"":{""value"":0.017301406162356616,""score"":82.69859383764339},""L4_volume_zscore"":{""value"":-1.8715399316681465,""score"":100.0},""_score"":96.14},""pattern_structure"":{""left_low"":512.0,""left_idx"":34,""right_low"":510.785,""right_idx"":76,""separation_bars"":42,""structural_low"":510.785,""current_price"":517.69,""neckline_distance_pct"":0.013154590585099084,""base_bars"":42},""pattern_geometry_features"":{""low_similarity_pct"":0.002375865895569401,""bounce_pct"":0.026850827647640345,""right_bottom_reaction"":0.5270989379541647,""atr_pct"":0.024607371507044614},""_schema_version"":""1.0""}",,,,,,,,,,
20260513T182534Z-d71724,2026-05-13T18:25:34.488073+00:00,NXE,bull_flag,absent,42.14,50.2,22.6,50.8,58.0,27.2,26.4,77.3,84.0,88.1,7.03,6.78,4.57,5.8,3.82,2.37,2.32,5.04,4.41,False,,12.2,12.985,11.5787,14.11,"{""trend"":{""T1_ema_stack"":{""value"":[false,true,true],""score"":66.66666666666666},""T2_ema50_slope"":{""value"":0.16116344264534366,""score"":76.86057377422395},""T3_high_proximity"":{""value"":0.9172932330827067,""score"":58.64661654135334},""T4_rs_1m"":{""value"":-0.046074908861638786,""score"":3.9250911383612106},""T5_rs_3m"":{""value"":-0.052508597855923655,""score"":23.745701072038173},""T6_adr_healthy"":{""value"":5.007061015452709,""score"":100.0},""_score"":50.18},""geometry"":{""sub_pole_impulse"":18.0,""sub_flag_tightness"":0,""sub_flag_shallowness"":0,""sub_flag_drift"":98.1,""sub_flag_duration"":25.0,""_score"":22.61},""compression"":{""VC1_atr_ratio"":{""value"":0.518611611260821,""score"":100},""VC2_range_contraction"":{""value"":1.0480966035911938,""score"":0},""VC3_range_pct_rank"":{""score"":43.333333333333336},""_score"":50.83},""sr_quality"":{""SR1_touches"":{""value"":5,""score"":100},""SR2_tightness"":{""value"":0.1538180743605902,""score"":54.22519016998242},""SR3_recency"":{""value"":227,""score"":0.0},""SR4_price_location"":{""score"":19.581017528858506},""SR5_reaction"":{""value"":2.3249263994728393,""score"":100},""_score"":58.03,""_levels_found"":5,""_target_level"":13.245},""volume"":{""V1_rvol_day"":{""value"":0.6454099239531923,""score"":9.693994930212819},""V2_rvol_sameslot"":{""value"":1.1312303924967535,""score"":42.082026166450234,""status"":""ok""},""V3_breakout_bar"":{""value"":0.5380113491545749,""score"":2.534089943638329},""V4_base_dryup"":{""value"":0.6869385376612633,""score"":81.30614623387366},""V5_bo_expansion"":{""value"":0.6454099239531923,""score"":0},""_score"":27.25},""readiness"":{""_distance_atr"":1.168,""BR1_atr_distance"":{""score"":22.130465126989705},""BR2_compression"":{""score"":0},""BR3_retest"":{""score"":50.0},""BR4_bo_age"":{""score"":50.0},""_score"":26.35},""risk"":{""R1_stop_clarity"":{""score"":47.527341134457735},""R2_stop_distance_pct"":{""value"":5.092827868852449,""score"":100.0},""R3_stop_distance_atr"":{""value"":0.9245023328975737,""score"":71.22511664487868},""R4_rr_potential"":{""value"":3.074075564318197,""score"":100.0},""_score"":77.32},""market"":{""M1_spy_regime"":{""score"":100.0},""M3_earnings_risk"":{""value"":null,""score"":80.0},""M4_vix"":{""value"":null,""score"":60.0},""_score"":84.0},""liquidity"":{""L1_price"":{""value"":12.2,""score"":100.0},""L2_dollar_vol"":{""value"":47121944.970272,""score"":83.66116038821367},""L3_spread_proxy"":{""value"":0.05327868852459005,""score"":46.72131147540995},""L4_volume_zscore"":{""value"":-1.4230709341624685,""score"":100.0},""_score"":88.14},""pattern_structure"":{""pole_low"":11.86,""pole_low_idx"":26,""peak_price"":12.985,""peak_idx"":33,""pole_gain"":0.0948566610455312,""flag_bars"":26,""flag_low"":11.755,""flag_high"":12.855,""structural_low"":11.755,""current_price"":12.275,""neckline_distance_pct"":0.057841140529531494,""base_bars"":26},""pattern_geometry_features"":{""pole_gain"":0.0948566610455312,""pullback_pct"":0.0947246823257604,""flag_range_pct"":0.08471313053523294,""flag_drift_per_bar"":-0.00038524553066303266,""atr_pct"":0.05508723653395786,""pole_atr_multiple"":1.7219353704021432},""_schema_version"":""1.0""}",,,,,,,,,,
20260513T182534Z-d71724,2026-05-13T18:25:34.488073+00:00,LEU,double_bottom,absent,41.95,19.4,35.4,57.1,54.3,15.9,18.9,80.1,84.0,91.7,2.91,8.86,4.57,7.6,2.06,1.51,4.8,5.04,4.59,True,reversal_trend_cap,197.07,235.0,190.6369,276.46,"{""trend"":{""T1_ema_stack"":{""value"":[false,false,false],""score"":0.0},""T2_ema50_slope"":{""value"":0.010398292003812409,""score"":51.73304866730207},""T3_high_proximity"":{""value"":0.8519367110496282,""score"":25.96835552481408},""T4_rs_1m"":{""value"":-0.049058394644857284,""score"":0.9416053551427126},""T5_rs_3m"":{""value"":-0.1357149773746964,""score"":0},""T6_adr_healthy"":{""value"":7.634050737609456,""score"":100.0},""_score"":19.43},""geometry"":{""sub_low_similarity"":14.4,""sub_bounce_quality"":100,""sub_separation_fit"":0.0,""sub_right_bottom_reaction"":34.1,""sub_base_context"":30.0,""_score"":35.44},""compression"":{""VC1_atr_ratio"":{""value"":0.5857222966167537,""score"":100},""VC2_range_contraction"":{""value"":1.119476232405321,""score"":0},""VC3_range_pct_rank"":{""score"":68.33333333333333},""_score"":57.08},""sr_quality"":{""SR1_touches"":{""value"":4,""score"":75.0},""SR2_tightness"":{""value"":3.728352256946087,""score"":58.18220364121009},""SR3_recency"":{""value"":242,""score"":0.0},""SR4_price_location"":{""score"":34.24144345271479},""SR5_reaction"":{""value"":1.933888947195118,""score"":96.6944473597559},""_score"":54.29,""_levels_found"":7,""_target_level"":215.391},""volume"":{""V1_rvol_day"":{""value"":0.4194002642062781,""score"":0},""V2_rvol_sameslot"":{""value"":0.473573483983883,""score"":0,""status"":""ok""},""V3_breakout_bar"":{""value"":0.3929031321277423,""score"":0},""V4_base_dryup"":{""value"":0.7058137228339457,""score"":79.41862771660543},""V5_bo_expansion"":{""value"":0.4194002642062781,""score"":0},""_score"":15.88},""readiness"":{""_distance_atr"":2.127,""BR1_atr_distance"":{""score"":0},""BR2_compression"":{""score"":5.697237484139583},""BR3_retest"":{""score"":50.0},""BR4_bo_age"":{""score"":50.0},""_score"":18.92},""risk"":{""R1_stop_clarity"":{""score"":67.43836519657529},""R2_stop_distance_pct"":{""value"":3.2643730654082286,""score"":100.0},""R3_stop_distance_atr"":{""value"":0.3607734023180596,""score"":43.038670115902974},""R4_rr_potential"":{""value"":12.340862103806888,""score"":100.0},""_score"":80.06},""market"":{""M1_spy_regime"":{""score"":100.0},""M3_earnings_risk"":{""value"":null,""score"":80.0},""M4_vix"":{""value"":null,""score"":60.0},""_score"":84.0},""liquidity"":{""L1_price"":{""value"":197.07,""score"":100.0},""L2_dollar_vol"":{""value"":78641547.9187644,""score"":94.78260266106773},""L3_spread_proxy"":{""value"":0.061957680012178454,""score"":38.04231998782154},""L4_volume_zscore"":{""value"":-1.6825701066958698,""score"":100.0},""_score"":91.72},""pattern_structure"":{""left_low"":202.0,""left_idx"":29,""right_low"":193.54,""right_idx"":76,""separation_bars"":47,""structural_low"":193.54,""current_price"":198.3,""neckline_distance_pct"":0.18507312153303068,""base_bars"":47},""pattern_geometry_features"":{""low_similarity_pct"":0.04277696313899989,""bounce_pct"":0.21421928283558958,""right_bottom_reaction"":0.3407043407043402,""atr_pct"":0.09048264213586182},""_schema_version"":""1.0""}",,,,,,,,,,
20260513T182534Z-d71724,2026-05-13T18:25:34.488073+00:00,APP,bull_flag,absent,41.61,45.1,29.7,42.0,47.0,31.2,17.5,77.7,84.0,92.0,6.32,8.9,3.78,4.7,4.37,1.57,2.33,5.04,4.6,False,,461.05,512.6899,440.3787,582.3798,"{""trend"":{""T1_ema_stack"":{""value"":[false,true,false],""score"":33.33333333333333},""T2_ema50_slope"":{""value"":0.10350714488667709,""score"":67.25119081444618},""T3_high_proximity"":{""value"":0.891382943758096,""score"":45.69147187904798},""T4_rs_1m"":{""value"":-0.006036895448727986,""score"":43.96310455127201},""T5_rs_3m"":{""value"":-0.06414734166772607,""score"":17.926329166136966},""T6_adr_healthy"":{""value"":5.49410891501738,""score"":100.0},""_score"":45.12},""geometry"":{""sub_pole_impulse"":38.8,""sub_flag_tightness"":0,""sub_flag_shallowness"":0,""sub_flag_drift"":95.3,""sub_flag_duration"":37.5,""_score"":29.68},""compression"":{""VC1_atr_ratio"":{""value"":0.6152873974174559,""score"":96.17815064563602},""VC2_range_contraction"":{""value"":1.0781214896020654,""score"":0},""VC3_range_pct_rank"":{""score"":14.166666666666671},""_score"":42.01},""sr_quality"":{""SR1_touches"":{""value"":2,""score"":25.0},""SR2_tightness"":{""value"":4.5,""score"":68.34974039251345},""SR3_recency"":{""value"":259,""score"":0.0},""SR4_price_location"":{""score"":56.78728574243124},""SR5_reaction"":{""value"":4.032946413096175,""score"":100},""_score"":46.95,""_levels_found"":6,""_target_level"":477.5},""volume"":{""V1_rvol_day"":{""value"":0.8063288622873936,""score"":20.42192415249291},""V2_rvol_sameslot"":{""value"":1.2959755628727474,""score"":53.06503752484982,""status"":""ok""},""V3_breakout_bar"":{""value"":0.8300996078012146,""score"":22.006640520080975},""V4_base_dryup"":{""value"":0.9481506827583762,""score"":55.184931724162375},""V5_bo_expansion"":{""value"":0.8063288622873936,""score"":0},""_score"":31.24},""readiness"":{""_distance_atr"":1.816,""BR1_atr_distance"":{""score"":0},""BR2_compression"":{""score"":0},""BR3_retest"":{""score"":50.0},""BR4_bo_age"":{""score"":50.0},""_score"":17.5},""risk"":{""R1_stop_clarity"":{""score"":52.832145611289555},""R2_stop_distance_pct"":{""value"":4.483521310053148,""score"":100.0},""R3_stop_distance_atr"":{""value"":0.7269458001863862,""score"":61.34729000931931},""R4_rr_potential"":{""value"":5.869487973044706,""score"":100.0},""_score"":77.69},""market"":{""M1_spy_regime"":{""score"":100.0},""M3_earnings_risk"":{""value"":null,""score"":80.0},""M4_vix"":{""value"":null,""score"":60.0},""_score"":84.0},""liquidity"":{""L1_price"":{""value"":461.05,""score"":100.0},""L2_dollar_vol"":{""value"":1655857201.147248,""score"":100.0},""L3_spread_proxy"":{""value"":0.08044680620323169,""score"":19.553193796768312},""L4_volume_zscore"":{""value"":-0.35510639983975056,""score"":100.0},""_score"":91.96},""pattern_structure"":{""pole_low"":443.0,""pole_low_idx"":32,""peak_price"":512.6899,""peak_idx"":34,""pole_gain"":0.1573135440180586,""flag_bars"":25,""flag_low"":447.085,""flag_high"":509.25,""structural_low"":447.085,""current_price"":463.545,""neckline_distance_pct"":0.10601969603814074,""base_bars"":25},""pattern_geometry_features"":{""pole_gain"":0.1573135440180586,""pullback_pct"":0.12796214631885666,""flag_range_pct"":0.12125263243921916,""flag_drift_per_bar"":-0.000931955490173142,""atr_pct"":0.06167614296559096,""pole_atr_multiple"":2.5506384876535426},""_schema_version"":""1.0""}",,,,,,,,,,
20260513T182534Z-d71724,2026-05-13T18:25:34.488073+00:00,TDG,breakout_retest_hold,setup,41.59,16.6,50.0,52.0,48.4,13.2,42.1,53.9,84.0,72.2,2.33,11.0,3.12,6.78,1.71,7.59,2.7,4.2,2.17,True,trend_floor;weak_retest_trend,1194.9,1172.23,1156.1517,1183.6353,"{""trend"":{""T1_ema_stack"":{""value"":[false,false,false],""score"":0.0},""T2_ema50_slope"":{""value"":-0.15855823882233408,""score"":23.57362686294432},""T3_high_proximity"":{""value"":0.8923957041927438,""score"":46.197852096371896},""T4_rs_1m"":{""value"":-0.14798653574251597,""score"":0},""T5_rs_3m"":{""value"":-0.17242698109622556,""score"":0},""T6_adr_healthy"":{""value"":3.025254464646927,""score"":100.0},""_score"":16.64},""geometry"":{""sub_retest_depth"":100.0,""sub_retest_timing"":0.0,""sub_retest_freshness"":100.0,""sub_hold_quality"":0.0,""_score"":50.0},""compression"":{""VC1_atr_ratio"":{""value"":0.4725046356731069,""score"":100},""VC2_range_contraction"":{""value"":0.9258038054536786,""score"":12.366032424386905},""VC3_range_pct_rank"":{""score"":30.833333333333336},""_score"":52.04},""sr_quality"":{""SR1_touches"":{""value"":2,""score"":25.0},""SR2_tightness"":{""value"":4.355000000000018,""score"":75.46973920554855},""SR3_recency"":{""value"":290,""score"":0.0},""SR4_price_location"":{""score"":58.374446647091425},""SR5_reaction"":{""value"":2.4900608589453705,""score"":100},""_score"":48.41,""_levels_found"":6,""_target_level"":1241.445},""volume"":{""V1_rvol_day"":{""value"":0.35814802241640165,""score"":0},""V2_rvol_sameslot"":{""value"":0.7779823149015641,""score"":18.532154326770943,""status"":""ok""},""V3_breakout_bar"":{""value"":0.5600852434544251,""score"":4.005682896961674},""V4_base_dryup"":{""value"":1.077448853111086,""score"":42.2551146888914},""V5_bo_expansion"":{""value"":0.3581480224164017,""score"":0},""_score"":13.16},""readiness"":{""_distance_atr"":-0.638,""BR1_atr_distance"":{""score"":47.23074598828441},""BR2_compression"":{""score"":0},""BR3_retest"":{""score"":93.80406730794557},""BR4_bo_age"":{""score"":30.0},""_score"":42.15},""risk"":{""R1_stop_clarity"":{""score"":34.220035674892756},""R2_stop_distance_pct"":{""value"":3.2428069294501793,""score"":100.0},""R3_stop_distance_atr"":{""value"":1.0912811760524042,""score"":79.56405880262021},""R4_rr_potential"":{""value"":-0.29071597979782315,""score"":0.0},""_score"":53.91},""market"":{""M1_spy_regime"":{""score"":100.0},""M3_earnings_risk"":{""value"":null,""score"":80.0},""M4_vix"":{""value"":null,""score"":60.0},""_score"":84.0},""liquidity"":{""L1_price"":{""value"":1194.9,""score"":0.0},""L2_dollar_vol"":{""value"":175438738.4311086,""score"":100.0},""L3_spread_proxy"":{""value"":0.028228303623734217,""score"":71.77169637626578},""L4_volume_zscore"":{""value"":-1.829859201778507,""score"":100.0},""_score"":72.18},""pattern_structure"":{""level"":1172.23,""level_idx"":34,""breakout_idx"":40,""bo_peak_idx"":54,""bo_peak_price"":1262.26,""retest_idx"":76,""retest_low"":1167.83,""structural_low"":1167.83,""current_price"":1195.38,""neckline_distance_pct"":-0.019366226639227768,""base_bars"":45,""bars_since_breakout"":39},""pattern_geometry_features"":{""retest_depth_atr"":0.3857872471011251,""bars_breakout_to_retest"":36.0,""bars_since_retest"":3.0,""current_above_level_atr"":2.0297669932706586,""bo_peak_excess_pct"":0.07680233401294966,""atr_pct"":0.0297155948495391},""_schema_version"":""1.0""}",,,,,,,,,,
20260513T182534Z-d71724,2026-05-13T18:25:34.488073+00:00,GE,bull_flag,absent,41.39,30.5,37.2,63.8,50.2,11.9,19.2,62.6,84.0,97.6,4.27,11.16,5.75,5.02,1.67,1.73,1.88,5.04,4.88,True,risk_unclear,295.23,310.0,286.9404,340.59,"{""trend"":{""T1_ema_stack"":{""value"":[true,false,true],""score"":66.66666666666666},""T2_ema50_slope"":{""value"":-0.15683419712843427,""score"":23.860967145260954},""T3_high_proximity"":{""value"":0.8539075605946665,""score"":26.953780297333253},""T4_rs_1m"":{""value"":-0.1411686153324503,""score"":0},""T5_rs_3m"":{""value"":-0.13239700228437778,""score"":0},""T6_adr_healthy"":{""value"":3.383651494619623,""score"":100.0},""_score"":30.48},""geometry"":{""sub_pole_impulse"":61.8,""sub_flag_tightness"":13.1,""sub_flag_shallowness"":0,""sub_flag_drift"":94.3,""sub_flag_duration"":12.5,""_score"":37.21},""compression"":{""VC1_atr_ratio"":{""value"":0.5380208460967418,""score"":100},""VC2_range_contraction"":{""value"":0.8413544008481316,""score"":26.44093319197807},""VC3_range_pct_rank"":{""score"":58.33333333333333},""_score"":63.84},""sr_quality"":{""SR1_touches"":{""value"":2,""score"":25.0},""SR2_tightness"":{""value"":1.5900000000000034,""score"":65.84579976985032},""SR3_recency"":{""value"":252,""score"":0.0},""SR4_price_location"":{""score"":73.00435413642958},""SR5_reaction"":{""value"":1.9375527426160364,""score"":96.87763713080182},""_score"":50.16,""_levels_found"":6,""_target_level"":297.09},""volume"":{""V1_rvol_day"":{""value"":0.3007160441777422,""score"":0},""V2_rvol_sameslot"":{""value"":0.5914799435307827,""score"":6.09866290205218,""status"":""ok""},""V3_breakout_bar"":{""value"":0.711155747214213,""score"":14.07704981428087},""V4_base_dryup"":{""value"":1.1398157114738696,""score"":36.01842885261304},""V5_bo_expansion"":{""value"":0.3007160441777422,""score"":0},""_score"":11.94},""readiness"":{""_distance_atr"":1.586,""BR1_atr_distance"":{""score"":0},""BR2_compression"":{""score"":6.8476035070135595},""BR3_retest"":{""score"":50.0},""BR4_bo_age"":{""score"":50.0},""_score"":19.21},""risk"":{""R1_stop_clarity"":{""score"":6.1371691599543965},""R2_stop_distance_pct"":{""value"":2.8078616671747434,""score"":100.0},""R3_stop_distance_atr"":{""value"":0.8903344840813192,""score"":69.51672420406597},""R4_rr_potential"":{""value"":5.471883613904083,""score"":100.0},""_score"":62.58},""market"":{""M1_spy_regime"":{""score"":100.0},""M3_earnings_risk"":{""value"":null,""score"":80.0},""M4_vix"":{""value"":null,""score"":60.0},""_score"":84.0},""liquidity"":{""L1_price"":{""value"":295.23,""score"":100.0},""L2_dollar_vol"":{""value"":627654761.6185447,""score"":100.0},""L3_spread_proxy"":{""value"":0.024015174609626308,""score"":75.98482539037369},""L4_volume_zscore"":{""value"":-1.709372624403488,""score"":100.0},""_score"":97.6},""pattern_structure"":{""pole_low"":279.41,""pole_low_idx"":16,""peak_price"":310.0,""peak_idx"":32,""pole_gain"":0.10948069145699858,""flag_bars"":27,""flag_low"":291.31,""flag_high"":309.0,""structural_low"":291.31,""current_price"":296.215,""neckline_distance_pct"":0.04653714362878324,""base_bars"":27},""pattern_geometry_features"":{""pole_gain"":0.10948069145699858,""pullback_pct"":0.06029032258064516,""flag_range_pct"":0.05706451612903225,""flag_drift_per_bar"":-0.0011438134904198335,""atr_pct"":0.031537155051025584,""pole_atr_multiple"":3.4714828043260133},""_schema_version"":""1.0""}",,,,,,,,,,
20260513T182534Z-d71724,2026-05-13T18:25:34.488073+00:00,UUUU,bull_flag,absent,41.0,50.5,26.2,61.0,44.4,10.5,27.5,80.7,84.0,94.5,7.07,7.86,5.49,4.44,1.47,2.48,2.42,5.04,4.73,False,,20.32,25.79,19.5227,30.93,"{""trend"":{""T1_ema_stack"":{""value"":[false,true,true],""score"":66.66666666666666},""T2_ema50_slope"":{""value"":0.30603538645659495,""score"":100},""T3_high_proximity"":{""value"":0.8639455782312926,""score"":31.972789115646272},""T4_rs_1m"":{""value"":-0.029646725063819046,""score"":20.353274936180952},""T5_rs_3m"":{""value"":-0.16870959861226598,""score"":0},""T6_adr_healthy"":{""value"":7.973005696389647,""score"":100.0},""_score"":50.53},""geometry"":{""sub_pole_impulse"":43.4,""sub_flag_tightness"":0,""sub_flag_shallowness"":0,""sub_flag_drift"":71.2,""sub_flag_duration"":25.0,""_score"":26.2},""compression"":{""VC1_atr_ratio"":{""value"":0.5308893522357739,""score"":100},""VC2_range_contraction"":{""value"":1.1619723976899727,""score"":0},""VC3_range_pct_rank"":{""score"":84.16666666666667},""_score"":61.04},""sr_quality"":{""SR1_touches"":{""value"":3,""score"":50.0},""SR2_tightness"":{""value"":0.32484531703566244,""score"":64.8331140722983},""SR3_recency"":{""value"":237,""score"":0.0},""SR4_price_location"":{""score"":18.572672389600843},""SR5_reaction"":{""value"":2.1627648921486364,""score"":100},""_score"":44.37,""_levels_found"":5,""_target_level"":23.5532},""volume"":{""V1_rvol_day"":{""value"":0.4334078702803808,""score"":0},""V2_rvol_sameslot"":{""value"":0.5843954605139647,""score"":5.626364034264316,""status"":""ok""},""V3_breakout_bar"":{""value"":0.4015074294741513,""score"":0},""V4_base_dryup"":{""value"":1.0304058401588683,""score"":46.95941598411317},""V5_bo_expansion"":{""value"":0.4334078702803807,""score"":0},""_score"":10.52},""readiness"":{""_distance_atr"":2.961,""BR1_atr_distance"":{""score"":0},""BR2_compression"":{""score"":40.16195010190279},""BR3_retest"":{""score"":50.0},""BR4_bo_age"":{""score"":50.0},""_score"":27.54},""risk"":{""R1_stop_clarity"":{""score"":67.81509648434329},""R2_stop_distance_pct"":{""value"":3.923720472440944,""score"":100.0},""R3_stop_distance_atr"":{""value"":0.4315678367479498,""score"":46.57839183739749},""R4_rr_potential"":{""value"":13.307412517245705,""score"":100.0},""_score"":80.72},""market"":{""M1_spy_regime"":{""score"":100.0},""M3_earnings_risk"":{""value"":null,""score"":80.0},""M4_vix"":{""value"":null,""score"":60.0},""_score"":84.0},""liquidity"":{""L1_price"":{""value"":20.32,""score"":100.0},""L2_dollar_vol"":{""value"":95862743.21041664,""score"":99.08249263071274},""L3_spread_proxy"":{""value"":0.05118110236220468,""score"":48.81889763779532},""L4_volume_zscore"":{""value"":-1.6970374015817542,""score"":100.0},""_score"":94.51},""pattern_structure"":{""pole_low"":20.65,""pole_low_idx"":25,""peak_price"":25.79,""peak_idx"":33,""pole_gain"":0.24891041162227606,""flag_bars"":26,""flag_low"":19.82,""flag_high"":25.01,""structural_low"":19.82,""current_price"":20.375,""neckline_distance_pct"":0.2657668711656441,""base_bars"":26},""pattern_geometry_features"":{""pole_gain"":0.24891041162227606,""pullback_pct"":0.2314850717332299,""flag_range_pct"":0.20124079100426528,""flag_drift_per_bar"":-0.005753638928215634,""atr_pct"":0.09091781496062992,""pole_atr_multiple"":2.737751800679125},""_schema_version"":""1.0""}",,,,,,,,,,
20260513T182534Z-d71724,2026-05-13T18:25:34.488073+00:00,PH,double_bottom,absent,40.93,25.7,38.3,63.6,50.5,11.0,17.5,62.8,84.0,73.9,3.86,9.58,5.09,7.07,1.43,1.4,3.77,5.04,3.69,True,risk_unclear;reversal_trend_cap,883.3,921.98,853.01,977.96,"{""trend"":{""T1_ema_stack"":{""value"":[false,false,true],""score"":33.33333333333333},""T2_ema50_slope"":{""value"":-0.07101783546288262,""score"":38.163694089519566},""T3_high_proximity"":{""value"":0.863423979980841,""score"":31.711989990420463},""T4_rs_1m"":{""value"":-0.1728135727120118,""score"":0},""T5_rs_3m"":{""value"":-0.18643031501480267,""score"":0},""T6_adr_healthy"":{""value"":2.670112694819276,""score"":100.0},""_score"":25.72},""geometry"":{""sub_low_similarity"":67.9,""sub_bounce_quality"":49.5,""sub_separation_fit"":0.0,""sub_right_bottom_reaction"":13.6,""sub_base_context"":30.0,""_score"":38.31},""compression"":{""VC1_atr_ratio"":{""value"":0.4429952249925337,""score"":100},""VC2_range_contraction"":{""value"":0.9845563159653425,""score"":2.5739473391095764},""VC3_range_pct_rank"":{""score"":90.83333333333333},""_score"":63.61},""sr_quality"":{""SR1_touches"":{""value"":4,""score"":75.0},""SR2_tightness"":{""value"":4.778637083612349,""score"":61.7561302705657},""SR3_recency"":{""value"":228,""score"":0.0},""SR4_price_location"":{""score"":14.916207534800483},""SR5_reaction"":{""value"":2.239063918405056,""score"":100},""_score"":50.49,""_levels_found"":6,""_target_level"":907.9275},""volume"":{""V1_rvol_day"":{""value"":0.3807792479141621,""score"":0},""V2_rvol_sameslot"":{""value"":0.7501011997192575,""score"":16.673413314617168,""status"":""ok""},""V3_breakout_bar"":{""value"":0.6367181665714504,""score"":9.114544438096694},""V4_base_dryup"":{""value"":1.2302005322447467,""score"":26.979946775525335},""V5_bo_expansion"":{""value"":0.3807792479141621,""score"":0},""_score"":11.01},""readiness"":{""_distance_atr"":1.548,""BR1_atr_distance"":{""score"":0},""BR2_compression"":{""score"":0},""BR3_retest"":{""score"":50.0},""BR4_bo_age"":{""score"":50.0},""_score"":17.5},""risk"":{""R1_stop_clarity"":{""score"":0},""R2_stop_distance_pct"":{""value"":3.429186007019129,""score"":100.0},""R3_stop_distance_atr"":{""value"":1.212068204632189,""score"":85.60341023160944},""R4_rr_potential"":{""value"":3.1251238032353976,""score"":100.0},""_score"":62.84},""market"":{""M1_spy_regime"":{""score"":100.0},""M3_earnings_risk"":{""value"":null,""score"":80.0},""M4_vix"":{""value"":null,""score"":60.0},""_score"":84.0},""liquidity"":{""L1_price"":{""value"":883.3,""score"":0.0},""L2_dollar_vol"":{""value"":260072333.9296742,""score"":100.0},""L3_spread_proxy"":{""value"":0.011207970112079677,""score"":88.79202988792032},""L4_volume_zscore"":{""value"":-1.15659978045467,""score"":100.0},""_score"":73.88},""pattern_structure"":{""left_low"":880.0001,""left_idx"":22,""right_low"":866.0,""right_idx"":71,""separation_bars"":49,""structural_low"":866.0,""current_price"":882.2,""neckline_distance_pct"":0.045091815914758526,""base_bars"":49},""pattern_geometry_features"":{""low_similarity_pct"":0.016036768840963955,""bounce_pct"":0.06464203233256353,""right_bottom_reaction"":0.13570938999314588,""atr_pct"":0.028292021801361755},""_schema_version"":""1.0""}",,,,,,,,,,
20260513T182534Z-d71724,2026-05-13T18:25:34.488073+00:00,TSLA,base_on_base,extended,40.0,73.7,59.7,31.6,61.2,19.3,22.6,14.2,84.0,94.8,13.27,14.91,3.16,6.12,2.31,1.81,0.71,5.88,4.74,True,stop_extreme;price_extended_above_trigger,449.5,409.28,332.1814,450.07,"{""trend"":{""T1_ema_stack"":{""value"":[true,true,false],""score"":66.66666666666666},""T2_ema50_slope"":{""value"":0.04033835654738157,""score"":56.723059424563594},""T3_high_proximity"":{""value"":1.0,""score"":99.99999999999997},""T4_rs_1m"":{""value"":0.1646471296967167,""score"":100},""T5_rs_3m"":{""value"":-0.023857567970482885,""score"":38.07121601475856},""T6_adr_healthy"":{""value"":3.888433270109548,""score"":100.0},""_score"":73.72},""geometry"":{""sub_shallower_second"":0,""sub_second_base_depth"":100.0,""sub_rim_advance"":100,""sub_dry_up"":23.3,""sub_second_base_duration"":100.0,""_score"":59.66},""compression"":{""VC1_atr_ratio"":{""value"":0.7086164082829004,""score"":72.8458979292749},""VC2_range_contraction"":{""value"":1.1989088907184557,""score"":0},""VC3_range_pct_rank"":{""score"":9.999999999999998},""_score"":31.64},""sr_quality"":{""SR1_touches"":{""value"":3,""score"":50.0},""SR2_tightness"":{""value"":2.705044669994686,""score"":68.27202217493027},""SR3_recency"":{""value"":299,""score"":0.0},""SR4_price_location"":{""score"":86.02530841163657},""SR5_reaction"":{""value"":1.9214365015964976,""score"":96.07182507982488},""_score"":61.16,""_levels_found"":5,""_target_level"":455.2},""volume"":{""V1_rvol_day"":{""value"":0.8019985864686332,""score"":20.13323909790888},""V2_rvol_sameslot"":{""value"":0.8870662628324874,""score"":25.804417522165824,""status"":""ok""},""V3_breakout_bar"":{""value"":0.578694020488489,""score"":5.246268032565929},""V4_base_dryup"":{""value"":1.0606045429417275,""score"":43.93954570582726},""V5_bo_expansion"":{""value"":0.8019985864686332,""score"":0},""_score"":19.29},""readiness"":{""_distance_atr"":-2.359,""BR1_atr_distance"":{""score"":12.82520535504456},""BR2_compression"":{""score"":0},""BR3_retest"":{""score"":50.0},""BR4_bo_age"":{""score"":50.0},""_score"":22.63},""risk"":{""R1_stop_clarity"":{""score"":40.666728943070105},""R2_stop_distance_pct"":{""value"":26.099799777530592,""score"":0.0},""R3_stop_distance_atr"":{""value"":6.88025965071316,""score"":0.0},""R4_rr_potential"":{""value"":0.004858564626580408,""score"":0.0},""_score"":14.23},""market"":{""M1_spy_regime"":{""score"":100.0},""M3_earnings_risk"":{""value"":null,""score"":80.0},""M4_vix"":{""value"":null,""score"":60.0},""_score"":84.0},""liquidity"":{""L1_price"":{""value"":449.5,""score"":100.0},""L2_dollar_vol"":{""value"":22268772199.5332,""score"":100.0},""L3_spread_proxy"":{""value"":0.05159065628476084,""score"":48.40934371523916},""L4_volume_zscore"":{""value"":-0.9109441587210189,""score"":100.0},""_score"":94.84},""pattern_structure"":{""first_base_low"":314.6,""first_base_top"":355.39,""first_base_bars"":10,""second_base_low"":337.24,""second_base_top"":409.28,""second_base_bars"":36,""structural_low"":337.24,""stacking_overlap_pct"":0.05107065477362891,""current_price"":449.5,""neckline_distance_pct"":-0.08947719688542831,""base_bars"":36},""pattern_geometry_features"":{""first_base_depth_pct"":0.11477531725709773,""second_base_depth_pct"":0.17601641907740415,""second_dry_up_ratio"":0.8835058089556511,""rim_advance_pct"":0.15163623061988235,""atr_pct"":0.03793432385189891},""_schema_version"":""1.0""}",,,,,,,,,,
20260513T182534Z-d71724,2026-05-13T18:25:34.488073+00:00,ZETA,vcp,invalidated,40.0,24.0,37.4,62.8,62.3,16.4,20.0,24.5,84.0,93.9,3.59,9.34,7.53,7.48,2.13,1.4,1.22,5.04,4.69,True,invalid_already_breached;trend_floor,16.0173,18.77,16.3844,23.175,"{""trend"":{""T1_ema_stack"":{""value"":[false,false,false],""score"":0.0},""T2_ema50_slope"":{""value"":0.11920063033406109,""score"":69.86677172234351},""T3_high_proximity"":{""value"":0.8394811320754717,""score"":19.740566037735828},""T4_rs_1m"":{""value"":-0.08084261952532257,""score"":0},""T5_rs_3m"":{""value"":-0.07297313492611268,""score"":13.513432536943661},""T6_adr_healthy"":{""value"":4.4600301061856795,""score"":100.0},""_score"":23.96},""geometry"":{""sub_contraction_count"":100.0,""sub_reduction_rate"":7.3,""sub_pivot_tightness"":0,""sub_volume_dryup"":0,""sub_base_depth"":5.4,""sub_base_duration"":100.0,""_score"":37.36},""compression"":{""VC1_atr_ratio"":{""value"":0.3507865156423318,""score"":100},""VC2_range_contraction"":{""value"":0.9633335374483455,""score"":6.111077091942418},""VC3_range_pct_rank"":{""score"":82.5},""_score"":62.76},""sr_quality"":{""SR1_touches"":{""value"":3,""score"":50.0},""SR2_tightness"":{""value"":0.18408935028645482,""score"":55.80731836363474},""SR3_recency"":{""value"":252,""score"":0.0},""SR4_price_location"":{""score"":95.77949400798934},""SR5_reaction"":{""value"":2.6972458710929352,""score"":100},""_score"":62.32,""_levels_found"":7,""_target_level"":16.0833},""volume"":{""V1_rvol_day"":{""value"":0.54305217327812,""score"":2.8701448852080036},""V2_rvol_sameslot"":{""value"":0.6477238706351172,""score"":9.848258042341145,""status"":""ok""},""V3_breakout_bar"":{""value"":0.424171751509857,""score"":0},""V4_base_dryup"":{""value"":0.8076850429917295,""score"":69.23149570082705},""V5_bo_expansion"":{""value"":0.54305217327812,""score"":0},""_score"":16.39},""readiness"":{""_distance_atr"":3.304,""BR1_atr_distance"":{""score"":0},""BR2_compression"":{""score"":10.086646046228573},""BR3_retest"":{""score"":50.0},""BR4_bo_age"":{""score"":50.0},""_score"":20.02},""risk"":{""R1_stop_clarity"":{""score"":40.10272897965458},""R2_stop_distance_pct"":{""value"":-2.291843818870851,""score"":0.0},""R3_stop_distance_atr"":{""value"":-0.4406218438402918,""score"":2.9689078079854103},""R4_rr_potential"":{""value"":null,""score"":50.0},""_score"":24.48},""market"":{""M1_spy_regime"":{""score"":100.0},""M3_earnings_risk"":{""value"":null,""score"":80.0},""M4_vix"":{""value"":null,""score"":60.0},""_score"":84.0},""liquidity"":{""L1_price"":{""value"":16.0173,""score"":100.0},""L2_dollar_vol"":{""value"":74046174.04360689,""score"":93.47513117481552},""L3_spread_proxy"":{""value"":0.03496219712435932,""score"":65.03780287564068},""L4_volume_zscore"":{""value"":-0.9019214365627332,""score"":100.0},""_score"":93.89},""pattern_structure"":{""n_contractions"":5,""contractions_pct"":[17.49,13.67,22.52,14.88,11.38],""descending_strict"":false,""final_low"":16.6339,""final_pivot"":18.77,""structural_low"":16.6339,""dry_up_ratio"":1.6532993048093854,""current_price"":16.0173,""neckline_distance_pct"":0.17185792861468543,""base_bars"":50,""recent_base_height"":4.404999999999999},""pattern_geometry_features"":{""contraction_count"":5.0,""first_contraction_pct"":0.17490062464508802,""last_contraction_pct"":0.11380394246137449,""dry_up_ratio"":1.6532993048093854,""near_monotone"":0.0,""base_depth_pct"":0.055428733674048776},""_schema_version"":""1.0""}",,,,,,,,,,
20260513T182534Z-d71724,2026-05-13T18:25:34.488073+00:00,AMD,base_on_base,extended,40.0,98.5,54.8,6.5,39.7,2.3,17.5,28.3,84.0,94.0,17.74,13.69,0.65,3.97,0.27,1.4,1.42,5.88,4.7,True,stop_extreme;price_extended_above_trigger,449.795,221.33,185.3967,236.58,"{""trend"":{""T1_ema_stack"":{""value"":[true,true,true],""score"":100.0},""T2_ema50_slope"":{""value"":0.919227624888198,""score"":100},""T3_high_proximity"":{""value"":0.980394080080211,""score"":90.19704004010548},""T4_rs_1m"":{""value"":0.6938530435388472,""score"":100},""T5_rs_3m"":{""value"":1.0325499243052332,""score"":100},""T6_adr_healthy"":{""value"":5.443801372488444,""score"":100.0},""_score"":98.53},""geometry"":{""sub_shallower_second"":0,""sub_second_base_depth"":100.0,""sub_rim_advance"":100,""sub_dry_up"":49.8,""sub_second_base_duration"":32.0,""_score"":54.76},""compression"":{""VC1_atr_ratio"":{""value"":1.2822996232552244,""score"":0},""VC2_range_contraction"":{""value"":1.3359663912729272,""score"":0},""VC3_range_pct_rank"":{""score"":25.83333333333333},""_score"":6.46},""sr_quality"":{""SR1_touches"":{""value"":2,""score"":25.0},""SR2_tightness"":{""value"":3.2150999999999783,""score"":78.18985813915529},""SR3_recency"":{""value"":295,""score"":0.0},""SR4_price_location"":{""score"":30.0},""SR5_reaction"":{""value"":1.7335606505141283,""score"":86.67803252570641},""_score"":39.73,""_levels_found"":3,""_target_level"":263.7449},""volume"":{""V1_rvol_day"":{""value"":0.41725732466770615,""score"":0},""V2_rvol_sameslot"":{""value"":0.5621742009446798,""score"":4.144946729645324,""status"":""ok""},""V3_breakout_bar"":{""value"":0.48246178093636216,""score"":0},""V4_base_dryup"":{""value"":1.428482192866734,""score"":7.151780713326602},""V5_bo_expansion"":{""value"":0.4172573246677062,""score"":0},""_score"":2.26},""readiness"":{""_distance_atr"":-7.749,""BR1_atr_distance"":{""score"":0},""BR2_compression"":{""score"":0},""BR3_retest"":{""score"":50.0},""BR4_bo_age"":{""score"":50.0},""_score"":17.5},""risk"":{""R1_stop_clarity"":{""score"":80.84769571219462},""R2_stop_distance_pct"":{""value"":58.781956224502274,""score"":0.0},""R3_stop_distance_atr"":{""value"":8.967939458751234,""score"":0.0},""R4_rr_potential"":{""value"":-0.8064159262748664,""score"":0.0},""_score"":28.3},""market"":{""M1_spy_regime"":{""score"":100.0},""M3_earnings_risk"":{""value"":null,""score"":80.0},""M4_vix"":{""value"":null,""score"":60.0},""_score"":84.0},""liquidity"":{""L1_price"":{""value"":449.795,""score"":100.0},""L2_dollar_vol"":{""value"":9068394221.271059,""score"":100.0},""L3_spread_proxy"":{""value"":0.059693860536466664,""score"":40.306139463533334},""L4_volume_zscore"":{""value"":-1.7461015282843824,""score"":100.0},""_score"":94.03},""pattern_structure"":{""first_base_low"":149.85,""first_base_top"":165.1,""first_base_bars"":10,""second_base_low"":188.22,""second_base_top"":221.33,""second_base_bars"":77,""structural_low"":188.22,""stacking_overlap_pct"":-0.14003634161114478,""current_price"":449.795,""neckline_distance_pct"":-0.507931390966996,""base_bars"":77},""pattern_geometry_features"":{""first_base_depth_pct"":0.09236826165960024,""second_base_depth_pct"":0.14959562644015728,""second_dry_up_ratio"":0.7507574070998804,""rim_advance_pct"":0.3405814657783163,""atr_pct"":0.06554678083507884},""_schema_version"":""1.0""}",,,,,,,,,,
20260513T182534Z-d71724,2026-05-13T18:25:34.488073+00:00,SGML,inverse_head_shoulders,invalidated,40.0,70.9,77.7,55.3,50.4,30.9,17.5,34.8,84.0,84.8,8.51,21.75,4.43,7.06,4.33,1.4,2.09,4.2,4.24,True,invalid_already_breached,19.14,24.48,19.8084,28.85,"{""trend"":{""T1_ema_stack"":{""value"":[false,true,true],""score"":66.66666666666666},""T2_ema50_slope"":{""value"":1.2278339255151052,""score"":100},""T3_high_proximity"":{""value"":0.8093023255813955,""score"":4.651162790697716},""T4_rs_1m"":{""value"":0.019792016533616286,""score"":69.79201653361628},""T5_rs_3m"":{""value"":0.33134154225386103,""score"":100},""T6_adr_healthy"":{""value"":8.356194227608487,""score"":91.09514430978783},""_score"":70.88},""geometry"":{""sub_head_depth"":65.8,""sub_shoulder_price_sym"":74.5,""sub_shoulder_time_sym"":84.6,""sub_right_shoulder_reaction"":72.4,""sub_base_context"":100.0,""_score"":77.68},""compression"":{""VC1_atr_ratio"":{""value"":0.5345750809636318,""score"":100},""VC2_range_contraction"":{""value"":0.89413203981864,""score"":17.64466003022667},""VC3_range_pct_rank"":{""score"":36.66666666666667},""_score"":55.34},""sr_quality"":{""SR1_touches"":{""value"":3,""score"":50.0},""SR2_tightness"":{""value"":0.12970050972229077,""score"":86.18748422640881},""SR3_recency"":{""value"":277,""score"":0.0},""SR4_price_location"":{""score"":30.0},""SR5_reaction"":{""value"":2.5736403445381772,""score"":100},""_score"":50.43,""_levels_found"":5,""_target_level"":16.7833},""volume"":{""V1_rvol_day"":{""value"":0.7994861107070697,""score"":19.965740713804646},""V2_rvol_sameslot"":{""value"":1.357819116352363,""score"":57.18794109015754,""status"":""ok""},""V3_breakout_bar"":{""value"":0.7412115369331548,""score"":16.080769128876984},""V4_base_dryup"":{""value"":0.9273731257520236,""score"":57.26268742479764},""V5_bo_expansion"":{""value"":0.7994861107070693,""score"":0},""_score"":30.9},""readiness"":{""_distance_atr"":2.843,""BR1_atr_distance"":{""score"":0},""BR2_compression"":{""score"":0},""BR3_retest"":{""score"":50.0},""BR4_bo_age"":{""score"":50.0},""_score"":17.5},""risk"":{""R1_stop_clarity"":{""score"":67.87564372703706},""R2_stop_distance_pct"":{""value"":-3.4919017763845357,""score"":0.0},""R3_stop_distance_atr"":{""value"":-0.35588121191836375,""score"":7.205939404081807},""R4_rr_potential"":{""value"":null,""score"":50.0},""_score"":34.84},""market"":{""M1_spy_regime"":{""score"":100.0},""M3_earnings_risk"":{""value"":null,""score"":80.0},""M4_vix"":{""value"":null,""score"":60.0},""_score"":84.0},""liquidity"":{""L1_price"":{""value"":19.14,""score"":100.0},""L2_dollar_vol"":{""value"":54959543.867081046,""score"":87.00215598347741},""L3_spread_proxy"":{""value"":0.10240334378265417,""score"":0},""L4_volume_zscore"":{""value"":-0.4256999152801216,""score"":100.0},""_score"":84.8},""pattern_structure"":{""left_shoulder"":20.86,""left_shoulder_idx"":54,""head"":20.11,""head_idx"":66,""right_shoulder"":21.29,""right_shoulder_idx"":79,""left_to_head_bars"":12,""head_to_right_bars"":13,""structural_low"":20.11,""current_price"":19.155,""neckline_distance_pct"":0.2779953014878621,""base_bars"":25},""pattern_geometry_features"":{""head_depth_pct"":0.0457888493475682,""shoulder_price_asymmetry"":0.020403321470937118,""shoulder_time_asymmetry"":0.07692307692307693,""right_shoulder_reaction"":0.7236227824463132,""atr_pct"":0.09811986863711},""_schema_version"":""1.0""}",,,,,,,,,,
20260513T182534Z-d71724,2026-05-13T18:25:34.488073+00:00,INTU,double_bottom,invalidated,40.0,5.0,50.6,52.6,67.1,42.0,17.5,22.1,84.0,95.9,0.75,12.66,4.2,9.39,5.46,1.4,1.33,5.04,4.79,True,risk_unclear;invalid_already_breached;reversal_trend_cap,372.545,418.15,379.422,451.1,"{""trend"":{""T1_ema_stack"":{""value"":[false,false,false],""score"":0.0},""T2_ema50_slope"":{""value"":-0.3253798182742786,""score"":0},""T3_high_proximity"":{""value"":0.7742481867115573,""score"":0},""T4_rs_1m"":{""value"":-0.053902355378951494,""score"":0},""T5_rs_3m"":{""value"":-0.14134423417700126,""score"":0},""T6_adr_healthy"":{""value"":3.5299005295264787,""score"":100.0},""_score"":5.0},""geometry"":{""sub_low_similarity"":81.7,""sub_bounce_quality"":79.3,""sub_separation_fit"":0.0,""sub_right_bottom_reaction"":28.5,""sub_base_context"":30.0,""_score"":50.65},""compression"":{""VC1_atr_ratio"":{""value"":0.5279629856221493,""score"":100},""VC2_range_contraction"":{""value"":0.9417744436861054,""score"":9.704259385649099},""VC3_range_pct_rank"":{""score"":36.66666666666667},""_score"":52.56},""sr_quality"":{""SR1_touches"":{""value"":4,""score"":75.0},""SR2_tightness"":{""value"":3.1273019021994086,""score"":61.87211905013308},""SR3_recency"":{""value"":228,""score"":0.0},""SR4_price_location"":{""score"":83.92211729042792},""SR5_reaction"":{""value"":1.90643860769773,""score"":95.3219303848865},""_score"":67.06,""_levels_found"":6,""_target_level"":377.7163},""volume"":{""V1_rvol_day"":{""value"":0.6550794750631221,""score"":10.33863167087481},""V2_rvol_sameslot"":{""value"":1.666182751945544,""score"":77.7455167963696,""status"":""ok""},""V3_breakout_bar"":{""value"":1.1665061567500086,""score"":44.43374378333391},""V4_base_dryup"":{""value"":0.8351583780443328,""score"":66.48416219556671},""V5_bo_expansion"":{""value"":0.6550794750631223,""score"":0},""_score"":42.02},""readiness"":{""_distance_atr"":2.78,""BR1_atr_distance"":{""score"":0},""BR2_compression"":{""score"":0},""BR3_retest"":{""score"":50.0},""BR4_bo_age"":{""score"":50.0},""_score"":17.5},""risk"":{""R1_stop_clarity"":{""score"":29.554963665837818},""R2_stop_distance_pct"":{""value"":-1.8459514957924417,""score"":3.8512126051889584},""R3_stop_distance_atr"":{""value"":-0.41921989864142295,""score"":4.039005067928847},""R4_rr_potential"":{""value"":null,""score"":50.0},""_score"":22.11},""market"":{""M1_spy_regime"":{""score"":100.0},""M3_earnings_risk"":{""value"":null,""score"":80.0},""M4_vix"":{""value"":null,""score"":60.0},""_score"":84.0},""liquidity"":{""L1_price"":{""value"":372.545,""score"":100.0},""L2_dollar_vol"":{""value"":604404821.4998207,""score"":100.0},""L3_spread_proxy"":{""value"":0.041095706558939196,""score"":58.9042934410608},""L4_volume_zscore"":{""value"":-1.4892441682881854,""score"":100.0},""_score"":95.89},""pattern_structure"":{""left_low"":388.75,""left_idx"":9,""right_low"":385.2,""right_idx"":58,""separation_bars"":49,""structural_low"":385.2,""current_price"":370.16,""neckline_distance_pct"":0.12964663929111722,""base_bars"":49},""pattern_geometry_features"":{""low_similarity_pct"":0.009173719232508589,""bounce_pct"":0.08553997923156799,""right_bottom_reaction"":0.28532046864231486,""atr_pct"":0.044033012311072685},""_schema_version"":""1.0""}",,,,,,,,,,
20260513T182534Z-d71724,2026-05-13T18:25:34.488073+00:00,PLTR,double_bottom,invalidated,40.0,10.3,56.5,53.4,43.1,26.0,17.5,36.1,84.0,94.2,1.55,14.14,4.27,6.03,3.39,1.4,2.17,5.04,4.71,True,risk_unclear;invalid_already_breached;reversal_trend_cap,130.34,149.64,130.7794,166.509,"{""trend"":{""T1_ema_stack"":{""value"":[false,false,false],""score"":0.0},""T2_ema50_slope"":{""value"":-0.1640423394062174,""score"":22.659610098963768},""T3_high_proximity"":{""value"":0.8103705545884109,""score"":5.1852772942054255},""T4_rs_1m"":{""value"":-0.10906373636803102,""score"":0},""T5_rs_3m"":{""value"":-0.11278641126872857,""score"":0},""T6_adr_healthy"":{""value"":3.762550707666186,""score"":100.0},""_score"":10.31},""geometry"":{""sub_low_similarity"":71.4,""sub_bounce_quality"":100,""sub_separation_fit"":0.0,""sub_right_bottom_reaction"":60.9,""sub_base_context"":30.0,""_score"":56.55},""compression"":{""VC1_atr_ratio"":{""value"":0.5064417807227131,""score"":100},""VC2_range_contraction"":{""value"":0.8450723036439302,""score"":25.821282726011642},""VC3_range_pct_rank"":{""score"":17.500000000000004},""_score"":53.41},""sr_quality"":{""SR1_touches"":{""value"":2,""score"":25.0},""SR2_tightness"":{""value"":0.8100000000000023,""score"":71.46767846539377},""SR3_recency"":{""value"":233,""score"":0.0},""SR4_price_location"":{""score"":39.52441530482428},""SR5_reaction"":{""value"":2.5775958374009917,""score"":100},""_score"":43.1,""_levels_found"":6,""_target_level"":135.49},""volume"":{""V1_rvol_day"":{""value"":0.8365338221373745,""score"":22.435588142491632},""V2_rvol_sameslot"":{""value"":1.0913766250258323,""score"":39.425108335055484,""status"":""ok""},""V3_breakout_bar"":{""value"":0.6668697645751739,""score"":11.124650971678259},""V4_base_dryup"":{""value"":0.9558614186222812,""score"":54.413858137771875},""V5_bo_expansion"":{""value"":0.8365338221373744,""score"":0},""_score"":26.04},""readiness"":{""_distance_atr"":3.399,""BR1_atr_distance"":{""score"":0},""BR2_compression"":{""score"":0},""BR3_retest"":{""score"":50.0},""BR4_bo_age"":{""score"":50.0},""_score"":17.5},""risk"":{""R1_stop_clarity"":{""score"":29.84694699127391},""R2_stop_distance_pct"":{""value"":-0.3371451588153864,""score"":41.57137102961534},""R3_stop_distance_atr"":{""value"":-0.07739568341703043,""score"":21.13021582914848},""R4_rr_potential"":{""value"":null,""score"":50.0},""_score"":36.09},""market"":{""M1_spy_regime"":{""score"":100.0},""M3_earnings_risk"":{""value"":null,""score"":80.0},""M4_vix"":{""value"":null,""score"":60.0},""_score"":84.0},""liquidity"":{""L1_price"":{""value"":130.34,""score"":100.0},""L2_dollar_vol"":{""value"":4873738896.944201,""score"":100.0},""L3_spread_proxy"":{""value"":0.05800214822771215,""score"":41.99785177228785},""L4_volume_zscore"":{""value"":-0.48354224222807723,""score"":100.0},""_score"":94.2},""pattern_structure"":{""left_low"":134.68,""left_idx"":16,""right_low"":132.771,""right_idx"":64,""separation_bars"":48,""structural_low"":132.771,""current_price"":130.58,""neckline_distance_pct"":0.1459641599019756,""base_bars"":48},""pattern_geometry_features"":{""low_similarity_pct"":0.014275512149889289,""bounce_pct"":0.12705334749305197,""right_bottom_reaction"":0.6091540241707364,""atr_pct"":0.04356123545014137},""_schema_version"":""1.0""}",,,,,,,,,,
20260513T182534Z-d71724,2026-05-13T18:25:34.488073+00:00,ROP,vcp,invalidated,40.0,16.8,40.5,40.0,56.1,40.4,17.5,10.0,84.0,95.3,2.52,10.13,4.8,6.74,5.25,1.23,0.5,5.04,4.76,True,risk_unclear;invalid_already_breached;trend_floor,316.745,384.0,343.0066,427.5942,"{""trend"":{""T1_ema_stack"":{""value"":[false,false,false],""score"":0.0},""T2_ema50_slope"":{""value"":-0.08577738746990128,""score"":35.703768755016455},""T3_high_proximity"":{""value"":0.8618911564625851,""score"":30.945578231292515},""T4_rs_1m"":{""value"":-0.17480495474189506,""score"":0},""T5_rs_3m"":{""value"":-0.12452256909117343,""score"":0},""T6_adr_healthy"":{""value"":2.7035855996459337,""score"":100.0},""_score"":16.78},""geometry"":{""sub_contraction_count"":100.0,""sub_reduction_rate"":0,""sub_pivot_tightness"":9.7,""sub_volume_dryup"":12.0,""sub_base_depth"":22.8,""sub_base_duration"":100.0,""_score"":40.53},""compression"":{""VC1_atr_ratio"":{""value"":0.6102757957482573,""score"":97.43105106293567},""VC2_range_contraction"":{""value"":1.1319992148922597,""score"":0},""VC3_range_pct_rank"":{""score"":4.1666666666666625},""_score"":40.01},""sr_quality"":{""SR1_touches"":{""value"":6,""score"":100},""SR2_tightness"":{""value"":2.6315732428530354,""score"":46.998470895081745},""SR3_recency"":{""value"":235,""score"":0.0},""SR4_price_location"":{""score"":16.301051987987677},""SR5_reaction"":{""value"":2.1677992171530995,""score"":100},""_score"":56.13,""_levels_found"":4,""_target_level"":344.4498},""volume"":{""V1_rvol_day"":{""value"":0.7049016255076459,""score"":13.660108367176393},""V2_rvol_sameslot"":{""value"":1.497126452452709,""score"":66.4750968301806,""status"":""ok""},""V3_breakout_bar"":{""value"":1.2311308120397377,""score"":48.742054135982514},""V4_base_dryup"":{""value"":0.8908499893394368,""score"":60.91500106605632},""V5_bo_expansion"":{""value"":0.7049016255076459,""score"":0},""_score"":40.4},""readiness"":{""_distance_atr"":6.773,""BR1_atr_distance"":{""score"":0},""BR2_compression"":{""score"":0},""BR3_retest"":{""score"":50.0},""BR4_bo_age"":{""score"":50.0},""_score"":17.5},""risk"":{""R1_stop_clarity"":{""score"":0},""R2_stop_distance_pct"":{""value"":-8.291070103711187,""score"":0.0},""R3_stop_distance_atr"":{""value"":-2.6446201154489377,""score"":0.0},""R4_rr_potential"":{""value"":null,""score"":50.0},""_score"":10.0},""market"":{""M1_spy_regime"":{""score"":100.0},""M3_earnings_risk"":{""value"":null,""score"":80.0},""M4_vix"":{""value"":null,""score"":60.0},""_score"":84.0},""liquidity"":{""L1_price"":{""value"":316.745,""score"":100.0},""L2_dollar_vol"":{""value"":259574790.56003782,""score"":100.0},""L3_spread_proxy"":{""value"":0.04710413739759117,""score"":52.895862602408826},""L4_volume_zscore"":{""value"":-1.5732327549706298,""score"":100.0},""_score"":95.29},""pattern_structure"":{""n_contractions"":5,""contractions_pct"":[8.42,6.27,5.44,5.88,9.32],""descending_strict"":false,""final_low"":348.23,""final_pivot"":384.0,""structural_low"":348.23,""dry_up_ratio"":0.939833027844694,""current_price"":316.745,""neckline_distance_pct"":0.21233168637231842,""base_bars"":58,""recent_base_height"":43.5942},""pattern_geometry_features"":{""contraction_count"":5.0,""first_contraction_pct"":0.08423873681968266,""last_contraction_pct"":0.09315104166666661,""dry_up_ratio"":0.939833027844694,""near_monotone"":0.0,""base_depth_pct"":0.07277132814996268},""_schema_version"":""1.0""}",,,,,,,,,,
20260513T182534Z-d71724,2026-05-13T18:25:34.488073+00:00,WDAY,double_bottom,invalidated,40.0,5.0,51.8,45.7,46.1,34.4,23.9,27.9,84.0,96.1,0.75,12.95,3.65,6.46,4.48,1.91,1.68,5.04,4.8,True,invalid_already_breached;reversal_trend_cap,113.79,133.36,115.9148,149.04,"{""trend"":{""T1_ema_stack"":{""value"":[false,false,false],""score"":0.0},""T2_ema50_slope"":{""value"":-0.41923886731044924,""score"":0},""T3_high_proximity"":{""value"":0.7533765889830509,""score"":0},""T4_rs_1m"":{""value"":-0.10409733792945541,""score"":0},""T5_rs_3m"":{""value"":-0.28622743962282693,""score"":0},""T6_adr_healthy"":{""value"":4.709373498345344,""score"":100.0},""_score"":5.0},""geometry"":{""sub_low_similarity"":51.8,""sub_bounce_quality"":100,""sub_separation_fit"":0.0,""sub_right_bottom_reaction"":68.4,""sub_base_context"":30.0,""_score"":51.8},""compression"":{""VC1_atr_ratio"":{""value"":0.6558668182983877,""score"":86.03329542540308},""VC2_range_contraction"":{""value"":1.0296798136654337,""score"":0},""VC3_range_pct_rank"":{""score"":44.99999999999999},""_score"":45.66},""sr_quality"":{""SR1_touches"":{""value"":3,""score"":50.0},""SR2_tightness"":{""value"":0.274979639650326,""score"":91.39967773188339},""SR3_recency"":{""value"":227,""score"":0.0},""SR4_price_location"":{""score"":9.733872922505427},""SR5_reaction"":{""value"":3.2685130058788117,""score"":100},""_score"":46.14,""_levels_found"":2,""_target_level"":133.0306},""volume"":{""V1_rvol_day"":{""value"":0.5759853189382285,""score"":5.0656879292152315},""V2_rvol_sameslot"":{""value"":1.23978868570261,""score"":49.31924571350733,""status"":""ok""},""V3_breakout_bar"":{""value"":1.2109054963814372,""score"":47.39369975876248},""V4_base_dryup"":{""value"":0.9148079103025413,""score"":58.519208969745875},""V5_bo_expansion"":{""value"":0.5759853189382285,""score"":0},""_score"":34.43},""readiness"":{""_distance_atr"":3.06,""BR1_atr_distance"":{""score"":0},""BR2_compression"":{""score"":25.57675508501143},""BR3_retest"":{""score"":50.0},""BR4_bo_age"":{""score"":50.0},""_score"":23.89},""risk"":{""R1_stop_clarity"":{""score"":44.791225681346525},""R2_stop_distance_pct"":{""value"":-1.867299411196057,""score"":3.31751472009858},""R3_stop_distance_atr"":{""value"":-0.332278505756498,""score"":8.386074712175095},""R4_rr_potential"":{""value"":null,""score"":50.0},""_score"":27.93},""market"":{""M1_spy_regime"":{""score"":100.0},""M3_earnings_risk"":{""value"":null,""score"":80.0},""M4_vix"":{""value"":null,""score"":60.0},""_score"":84.0},""liquidity"":{""L1_price"":{""value"":113.79,""score"":100.0},""L2_dollar_vol"":{""value"":302364670.1346194,""score"":100.0},""L3_spread_proxy"":{""value"":0.03906230775990864,""score"":60.93769224009136},""L4_volume_zscore"":{""value"":-1.3749175252944426,""score"":100.0},""_score"":96.09},""pattern_structure"":{""left_low"":117.68,""left_idx"":22,""right_low"":120.55,""right_idx"":68,""separation_bars"":46,""structural_low"":117.68,""current_price"":112.83,""neckline_distance_pct"":0.18195515377116028,""base_bars"":46},""pattern_geometry_features"":{""low_similarity_pct"":0.02409436259077354,""bounce_pct"":0.1332426920462271,""right_bottom_reaction"":0.6835443037974709,""atr_pct"":0.056196816190225096},""_schema_version"":""1.0""}",,,,,,,,,,
20260513T182534Z-d71724,2026-05-13T18:25:34.488073+00:00,ROP,double_bottom,invalidated,40.0,16.8,43.2,40.0,56.1,43.2,17.5,10.0,84.0,95.3,2.52,10.79,3.2,7.86,5.61,1.4,0.6,5.04,4.76,True,risk_unclear;invalid_already_breached;reversal_trend_cap,316.745,363.6,335.5698,386.52,"{""trend"":{""T1_ema_stack"":{""value"":[false,false,false],""score"":0.0},""T2_ema50_slope"":{""value"":-0.08577738746990128,""score"":35.703768755016455},""T3_high_proximity"":{""value"":0.8618911564625851,""score"":30.945578231292515},""T4_rs_1m"":{""value"":-0.17480495474189506,""score"":0},""T5_rs_3m"":{""value"":-0.12452256909117343,""score"":0},""T6_adr_healthy"":{""value"":2.7035855996459337,""score"":100.0},""_score"":16.78},""geometry"":{""sub_low_similarity"":38.4,""sub_bounce_quality"":53.3,""sub_separation_fit"":0.0,""sub_right_bottom_reaction"":100,""sub_base_context"":30.0,""_score"":43.18},""compression"":{""VC1_atr_ratio"":{""value"":0.6102757957482573,""score"":97.43105106293567},""VC2_range_contraction"":{""value"":1.1319992148922597,""score"":0},""VC3_range_pct_rank"":{""score"":4.1666666666666625},""_score"":40.01},""sr_quality"":{""SR1_touches"":{""value"":6,""score"":100},""SR2_tightness"":{""value"":2.6315732428530354,""score"":46.998470895081745},""SR3_recency"":{""value"":235,""score"":0.0},""SR4_price_location"":{""score"":16.301051987987677},""SR5_reaction"":{""value"":2.1677992171530995,""score"":100},""_score"":56.13,""_levels_found"":4,""_target_level"":344.4498},""volume"":{""V1_rvol_day"":{""value"":0.7049016255076459,""score"":13.660108367176393},""V2_rvol_sameslot"":{""value"":1.497126452452709,""score"":66.4750968301806,""status"":""ok""},""V3_breakout_bar"":{""value"":1.2311308120397377,""score"":48.742054135982514},""V4_base_dryup"":{""value"":0.7513787000821386,""score"":74.86212999178613},""V5_bo_expansion"":{""value"":0.7049016255076459,""score"":0},""_score"":43.18},""readiness"":{""_distance_atr"":4.718,""BR1_atr_distance"":{""score"":0},""BR2_compression"":{""score"":0},""BR3_retest"":{""score"":50.0},""BR4_bo_age"":{""score"":50.0},""_score"":17.5},""risk"":{""R1_stop_clarity"":{""score"":0},""R2_stop_distance_pct"":{""value"":-5.943203523338958,""score"":0.0},""R3_stop_distance_atr"":{""value"":-1.8957161610530648,""score"":0.0},""R4_rr_potential"":{""value"":null,""score"":50.0},""_score"":10.0},""market"":{""M1_spy_regime"":{""score"":100.0},""M3_earnings_risk"":{""value"":null,""score"":80.0},""M4_vix"":{""value"":null,""score"":60.0},""_score"":84.0},""liquidity"":{""L1_price"":{""value"":316.745,""score"":100.0},""L2_dollar_vol"":{""value"":259574790.56003782,""score"":100.0},""L3_spread_proxy"":{""value"":0.04710413739759117,""score"":52.895862602408826},""L4_volume_zscore"":{""value"":-1.5732327549706298,""score"":100.0},""_score"":95.29},""pattern_structure"":{""left_low"":351.33,""left_idx"":9,""right_low"":340.68,""right_idx"":59,""separation_bars"":50,""structural_low"":340.68,""current_price"":312.88,""neckline_distance_pct"":0.16210687803630794,""base_bars"":50},""pattern_geometry_features"":{""low_similarity_pct"":0.03077990202453715,""bounce_pct"":0.06727721028531178,""right_bottom_reaction"":1.0,""atr_pct"":0.03135070347259964},""_schema_version"":""1.0""}",,,,,,,,,,
20260513T182534Z-d71724,2026-05-13T18:25:34.488073+00:00,APH,vcp,invalidated,40.0,27.9,56.8,33.4,76.0,16.8,17.5,21.9,84.0,94.8,4.18,14.2,4.01,9.12,2.18,1.23,1.1,5.04,4.74,True,invalid_already_breached;trend_floor,124.34,155.4569,140.1251,186.2338,"{""trend"":{""T1_ema_stack"":{""value"":[false,false,true],""score"":33.33333333333333},""T2_ema50_slope"":{""value"":0.10483147628959956,""score"":67.47191271493327},""T3_high_proximity"":{""value"":0.813690203520712,""score"":6.8451017603559645},""T4_rs_1m"":{""value"":-0.233497063372074,""score"":0},""T5_rs_3m"":{""value"":-0.21019666451337227,""score"":0},""T6_adr_healthy"":{""value"":3.8204839648443025,""score"":100.0},""_score"":27.85},""geometry"":{""sub_contraction_count"":100.0,""sub_reduction_rate"":34.9,""sub_pivot_tightness"":21.6,""sub_volume_dryup"":0,""sub_base_depth"":98.4,""sub_base_duration"":100.0,""_score"":56.81},""compression"":{""VC1_atr_ratio"":{""value"":0.7117940669244475,""score"":72.05148326888813},""VC2_range_contraction"":{""value"":1.5411750418240395,""score"":0},""VC3_range_pct_rank"":{""score"":18.333333333333336},""_score"":33.4},""sr_quality"":{""SR1_touches"":{""value"":5,""score"":100},""SR2_tightness"":{""value"":1.4156892314346354,""score"":56.30540627633707},""SR3_recency"":{""value"":260,""score"":0.0},""SR4_price_location"":{""score"":90.08322402142883},""SR5_reaction"":{""value"":2.2423055809698074,""score"":100},""_score"":75.97,""_levels_found"":4,""_target_level"":126.482},""volume"":{""V1_rvol_day"":{""value"":0.6174730595307923,""score"":7.831537302052823},""V2_rvol_sameslot"":{""value"":1.1454211296084758,""score"":43.02807530723172,""status"":""ok""},""V3_breakout_bar"":{""value"":0.4773749550892639,""score"":0},""V4_base_dryup"":{""value"":1.1707667438343343,""score"":32.92332561656657},""V5_bo_expansion"":{""value"":0.6174730595307925,""score"":0},""_score"":16.76},""readiness"":{""_distance_atr"":4.802,""BR1_atr_distance"":{""score"":0},""BR2_compression"":{""score"":0},""BR3_retest"":{""score"":50.0},""BR4_bo_age"":{""score"":50.0},""_score"":17.5},""risk"":{""R1_stop_clarity"":{""score"":34.138625866687505},""R2_stop_distance_pct"":{""value"":-12.695122245456,""score"":0.0},""R3_stop_distance_atr"":{""value"":-2.4360013889041965,""score"":0.0},""R4_rr_potential"":{""value"":null,""score"":50.0},""_score"":21.95},""market"":{""M1_spy_regime"":{""score"":100.0},""M3_earnings_risk"":{""value"":null,""score"":80.0},""M4_vix"":{""value"":null,""score"":60.0},""_score"":84.0},""liquidity"":{""L1_price"":{""value"":124.34,""score"":100.0},""L2_dollar_vol"":{""value"":754360590.0317453,""score"":100.0},""L3_spread_proxy"":{""value"":0.051713044876950234,""score"":48.286955123049765},""L4_volume_zscore"":{""value"":-0.7460889954744837,""score"":100.0},""_score"":94.83},""pattern_structure"":{""n_contractions"":4,""contractions_pct"":[16.19,17.17,13.57,8.49],""descending_strict"":false,""final_low"":142.259,""final_pivot"":155.4569,""structural_low"":142.259,""dry_up_ratio"":1.6126924599934143,""current_price"":124.34,""neckline_distance_pct"":0.2502565546083319,""base_bars"":63,""recent_base_height"":30.776899999999983},""pattern_geometry_features"":{""contraction_count"":4.0,""first_contraction_pct"":0.16187739463601528,""last_contraction_pct"":0.0848974860556206,""dry_up_ratio"":1.6126924599934143,""near_monotone"":0.0,""base_depth_pct"":0.14835368773946364},""_schema_version"":""1.0""}",,,,,,,,,,
20260513T182534Z-d71724,2026-05-13T18:25:34.488073+00:00,COHR,inverse_head_shoulders,extended,40.0,100.0,67.8,35.9,40.6,24.5,33.5,38.2,84.0,91.6,12.0,18.98,2.87,5.69,3.43,2.68,2.29,4.2,4.58,True,stop_extreme;price_extended_above_trigger,412.19,384.85,303.774,461.3,"{""trend"":{""T1_ema_stack"":{""value"":[true,true,true],""score"":100.0},""T2_ema50_slope"":{""value"":0.5395850118060476,""score"":100},""T3_high_proximity"":{""value"":1.0,""score"":99.99999999999997},""T4_rs_1m"":{""value"":0.24557139716509635,""score"":100},""T5_rs_3m"":{""value"":0.7692549717584054,""score"":100},""T6_adr_healthy"":{""value"":7.042643232449581,""score"":100.0},""_score"":100.0},""geometry"":{""sub_head_depth"":100.0,""sub_shoulder_price_sym"":34.7,""sub_shoulder_time_sym"":25.0,""sub_right_shoulder_reaction"":93.2,""sub_base_context"":100.0,""_score"":67.8},""compression"":{""VC1_atr_ratio"":{""value"":0.7178200839048212,""score"":70.5449790237947},""VC2_range_contraction"":{""value"":1.2104722652774809,""score"":0},""VC3_range_pct_rank"":{""score"":30.833333333333336},""_score"":35.93},""sr_quality"":{""SR1_touches"":{""value"":2,""score"":25.0},""SR2_tightness"":{""value"":3.9850000000000136,""score"":70.93162601575173},""SR3_recency"":{""value"":227,""score"":0.0},""SR4_price_location"":{""score"":30.0},""SR5_reaction"":{""value"":2.556886271224237,""score"":100},""_score"":40.64,""_levels_found"":5,""_target_level"":304.185},""volume"":{""V1_rvol_day"":{""value"":0.7569452959283386,""score"":17.129686395222574},""V2_rvol_sameslot"":{""value"":0.8895087413804504,""score"":25.967249425363363,""status"":""ok""},""V3_breakout_bar"":{""value"":0.5064533432412591,""score"":0.43022288275060827},""V4_base_dryup"":{""value"":0.7102504842702252,""score"":78.97495157297749},""V5_bo_expansion"":{""value"":0.7569452959283386,""score"":0},""_score"":24.52},""readiness"":{""_distance_atr"":-0.997,""BR1_atr_distance"":{""score"":40.05698005698008},""BR2_compression"":{""score"":0},""BR3_retest"":{""score"":50.0},""BR4_bo_age"":{""score"":50.0},""_score"":33.52},""risk"":{""R1_stop_clarity"":{""score"":66.25588505617785},""R2_stop_distance_pct"":{""value"":26.302433343846282,""score"":0.0},""R3_stop_distance_atr"":{""value"":3.9541741955787306,""score"":100.0},""R4_rr_potential"":{""value"":0.4529774203069664,""score"":0.0},""_score"":38.19},""market"":{""M1_spy_regime"":{""score"":100.0},""M3_earnings_risk"":{""value"":null,""score"":80.0},""M4_vix"":{""value"":null,""score"":60.0},""_score"":84.0},""liquidity"":{""L1_price"":{""value"":412.19,""score"":100.0},""L2_dollar_vol"":{""value"":2051738030.8609486,""score"":100.0},""L3_spread_proxy"":{""value"":0.08369926490210824,""score"":16.30073509789176},""L4_volume_zscore"":{""value"":-0.7699007956452716,""score"":100.0},""_score"":91.63},""pattern_structure"":{""left_shoulder"":331.22,""left_shoulder_idx"":67,""head"":308.4,""head_idx"":77,""right_shoulder"":348.99,""right_shoulder_idx"":93,""left_to_head_bars"":10,""head_to_right_bars"":16,""structural_low"":308.4,""current_price"":410.5299,""neckline_distance_pct"":-0.06255305642780215,""base_bars"":26},""pattern_geometry_features"":{""head_depth_pct"":0.09322121109657323,""shoulder_price_asymmetry"":0.052248570294467826,""shoulder_time_asymmetry"":0.375,""right_shoulder_reaction"":0.9317711922811848,""atr_pct"":0.06651814523815301},""_schema_version"":""1.0""}",,,,,,,,,,
20260513T182534Z-d71724,2026-05-13T18:25:34.488073+00:00,ADSK,double_bottom,forming,40.0,19.0,51.8,54.0,67.3,20.6,21.7,47.1,84.0,97.3,2.86,12.95,4.32,9.42,2.68,1.74,2.82,5.04,4.87,True,risk_unclear;invalid_already_breached;reversal_trend_cap,228.4,255.135,227.6729,279.13,"{""trend"":{""T1_ema_stack"":{""value"":[false,false,false],""score"":0.0},""T2_ema50_slope"":{""value"":-0.04390038802845711,""score"":42.68326866192382},""T3_high_proximity"":{""value"":0.8647584431319097,""score"":32.37922156595485},""T4_rs_1m"":{""value"":-0.07039602421396929,""score"":0},""T5_rs_3m"":{""value"":-0.0914436319570886,""score"":4.278184021455701},""T6_adr_healthy"":{""value"":3.066738620210381,""score"":100.0},""_score"":19.04},""geometry"":{""sub_low_similarity"":73.0,""sub_bounce_quality"":100,""sub_separation_fit"":0.0,""sub_right_bottom_reaction"":26.1,""sub_base_context"":30.0,""_score"":51.81},""compression"":{""VC1_atr_ratio"":{""value"":0.6510018071430476,""score"":87.2495482142381},""VC2_range_contraction"":{""value"":0.8900472768745838,""score"":18.325453854236027},""VC3_range_pct_rank"":{""score"":50.83333333333333},""_score"":54.02},""sr_quality"":{""SR1_touches"":{""value"":4,""score"":75.0},""SR2_tightness"":{""value"":1.9823770453675047,""score"":51.43655802839082},""SR3_recency"":{""value"":233,""score"":0.0},""SR4_price_location"":{""score"":89.92091536261148},""SR5_reaction"":{""value"":1.948170118200829,""score"":97.40850591004146},""_score"":67.31,""_levels_found"":5,""_target_level"":229.8975},""volume"":{""V1_rvol_day"":{""value"":0.4288744994148923,""score"":0},""V2_rvol_sameslot"":{""value"":0.919040155771472,""score"":27.936010384764803,""status"":""ok""},""V3_breakout_bar"":{""value"":0.673213220285269,""score"":11.547548019017933},""V4_base_dryup"":{""value"":0.8912764930989495,""score"":60.87235069010505},""V5_bo_expansion"":{""value"":0.4288744994148924,""score"":0},""_score"":20.65},""readiness"":{""_distance_atr"":3.275,""BR1_atr_distance"":{""score"":0},""BR2_compression"":{""score"":16.865754144756938},""BR3_retest"":{""score"":50.0},""BR4_bo_age"":{""score"":50.0},""_score"":21.72},""risk"":{""R1_stop_clarity"":{""score"":15.06443738680764},""R2_stop_distance_pct"":{""value"":0.318345008756583,""score"":57.95862521891457},""R3_stop_distance_atr"":{""value"":0.08906095523067535,""score"":29.453047761533767},""R4_rr_potential"":{""value"":69.7703204511037,""score"":100.0},""_score"":47.08},""market"":{""M1_spy_regime"":{""score"":100.0},""M3_earnings_risk"":{""value"":null,""score"":80.0},""M4_vix"":{""value"":null,""score"":60.0},""_score"":84.0},""liquidity"":{""L1_price"":{""value"":228.4,""score"":100.0},""L2_dollar_vol"":{""value"":169809873.4310092,""score"":100.0},""L3_spread_proxy"":{""value"":0.026488616462346685,""score"":73.51138353765332},""L4_volume_zscore"":{""value"":-2.2065293959757724,""score"":100.0},""_score"":97.35},""pattern_structure"":{""left_low"":231.14,""left_idx"":19,""right_low"":234.28,""right_idx"":69,""separation_bars"":50,""structural_low"":231.14,""current_price"":226.86,""neckline_distance_pct"":0.12463633959270023,""base_bars"":50},""pattern_geometry_features"":{""low_similarity_pct"":0.01349318894761727,""bounce_pct"":0.10381154278792076,""right_bottom_reaction"":0.26130653266332055,""atr_pct"":0.03574462096572428},""_schema_version"":""1.0""}",,,,,,,,,,
20260513T182534Z-d71724,2026-05-13T18:25:34.488073+00:00,CRM,vcp,invalidated,40.0,10.0,50.2,55.0,55.2,24.4,17.5,24.1,84.0,97.0,1.49,12.55,6.6,6.62,3.17,1.23,1.21,5.04,4.85,True,risk_unclear;invalid_already_breached;trend_floor,165.7351,193.56,168.0902,234.895,"{""trend"":{""T1_ema_stack"":{""value"":[false,false,false],""score"":0.0},""T2_ema50_slope"":{""value"":-0.196129345258947,""score"":17.311775790175496},""T3_high_proximity"":{""value"":0.8200242442234426,""score"":10.012122111721256},""T4_rs_1m"":{""value"":-0.10210760048900769,""score"":0},""T5_rs_3m"":{""value"":-0.17756369454256848,""score"":0},""T6_adr_healthy"":{""value"":3.345124910465151,""score"":100.0},""_score"":9.96},""geometry"":{""sub_contraction_count"":100.0,""sub_reduction_rate"":0,""sub_pivot_tightness"":0,""sub_volume_dryup"":34.7,""sub_base_depth"":100.0,""sub_base_duration"":100.0,""_score"":50.2},""compression"":{""VC1_atr_ratio"":{""value"":0.6252013513250095,""score"":93.69966216874761},""VC2_range_contraction"":{""value"":0.9458831545829873,""score"":9.01947423616878},""VC3_range_pct_rank"":{""score"":57.49999999999999},""_score"":55.01},""sr_quality"":{""SR1_touches"":{""value"":3,""score"":50.0},""SR2_tightness"":{""value"":1.610858984103404,""score"":52.63597394173451},""SR3_recency"":{""value"":232,""score"":0.0},""SR4_price_location"":{""score"":69.10527835679433},""SR5_reaction"":{""value"":2.8199891139032274,""score"":100},""_score"":55.17,""_levels_found"":7,""_target_level"":172.74},""volume"":{""V1_rvol_day"":{""value"":0.5245437855616275,""score"":1.636252370775167},""V2_rvol_sameslot"":{""value"":1.0698807507376988,""score"":37.99205004917992,""status"":""ok""},""V3_breakout_bar"":{""value"":0.7969757358972961,""score"":19.798382393153073},""V4_base_dryup"":{""value"":0.9233599682957171,""score"":57.66400317042829},""V5_bo_expansion"":{""value"":0.5245437855616275,""score"":0},""_score"":24.41},""readiness"":{""_distance_atr"":4.091,""BR1_atr_distance"":{""score"":0},""BR2_compression"":{""score"":0},""BR3_retest"":{""score"":50.0},""BR4_bo_age"":{""score"":50.0},""_score"":17.5},""risk"":{""R1_stop_clarity"":{""score"":24.735767128537915},""R2_stop_distance_pct"":{""value"":-1.4210327202867765,""score"":14.474181992830593},""R3_stop_distance_atr"":{""value"":-0.3462419338748394,""score"":7.6879033062580255},""R4_rr_potential"":{""value"":null,""score"":50.0},""_score"":24.15},""market"":{""M1_spy_regime"":{""score"":100.0},""M3_earnings_risk"":{""value"":null,""score"":80.0},""M4_vix"":{""value"":null,""score"":60.0},""_score"":84.0},""liquidity"":{""L1_price"":{""value"":165.7351,""score"":100.0},""L2_dollar_vol"":{""value"":1061603710.3636872,""score"":100.0},""L3_spread_proxy"":{""value"":0.030349636256894293,""score"":69.65036374310571},""L4_volume_zscore"":{""value"":-1.5555020988551274,""score"":100.0},""_score"":96.97},""pattern_structure"":{""n_contractions"":5,""contractions_pct"":[5.7,6.76,12.71,13.47,11.84],""descending_strict"":false,""final_low"":170.65,""final_pivot"":193.56,""structural_low"":170.65,""dry_up_ratio"":0.8267011539064562,""current_price"":165.7351,""neckline_distance_pct"":0.1678877920247432,""base_bars"":39,""recent_base_height"":41.33499999999998},""pattern_geometry_features"":{""contraction_count"":5.0,""first_contraction_pct"":0.056980127838436014,""last_contraction_pct"":0.11836123165943375,""dry_up_ratio"":0.8267011539064562,""near_monotone"":0.0,""base_depth_pct"":0.1511428358246076},""_schema_version"":""1.0""}",,,,,,,,,,
20260513T182534Z-d71724,2026-05-13T18:25:34.488073+00:00,FTNT,cup_with_handle,extended,40.0,99.1,68.5,14.0,57.2,17.6,17.5,16.0,84.0,97.3,13.87,20.55,1.12,6.86,2.28,1.4,0.8,4.2,4.86,True,stop_extreme;price_extended_above_trigger,115.595,87.64,80.5829,101.745,"{""trend"":{""T1_ema_stack"":{""value"":[true,true,true],""score"":100.0},""T2_ema50_slope"":{""value"":0.2725169249859664,""score"":95.41948749766107},""T3_high_proximity"":{""value"":1.0,""score"":99.99999999999997},""T4_rs_1m"":{""value"":0.3992407491037895,""score"":100},""T5_rs_3m"":{""value"":0.24284281988805456,""score"":100},""T6_adr_healthy"":{""value"":3.3817043347696814,""score"":100.0},""_score"":99.08},""geometry"":{""sub_cup_depth"":80.9,""sub_cup_duration"":0.0,""sub_rim_symmetry"":99.7,""sub_handle_shallowness"":44.6,""sub_handle_proportion"":100.0,""sub_u_shape"":89.7,""_score"":68.5},""compression"":{""VC1_atr_ratio"":{""value"":1.1326681634666689,""score"":0},""VC2_range_contraction"":{""value"":1.1214757581910226,""score"":0},""VC3_range_pct_rank"":{""score"":55.833333333333336},""_score"":13.96},""sr_quality"":{""SR1_touches"":{""value"":7,""score"":100},""SR2_tightness"":{""value"":1.066586678548508,""score"":52.91928572881016},""SR3_recency"":{""value"":234,""score"":0.0},""SR4_price_location"":{""score"":30.0},""SR5_reaction"":{""value"":1.5672022499542817,""score"":78.36011249771408},""_score"":57.19,""_levels_found"":3,""_target_level"":86.915},""volume"":{""V1_rvol_day"":{""value"":0.3802469883865447,""score"":0},""V2_rvol_sameslot"":{""value"":0.7891509982687749,""score"":19.276733217918327,""status"":""ok""},""V3_breakout_bar"":{""value"":0.596575117129305,""score"":6.438341141953667},""V4_base_dryup"":{""value"":0.8951581332924075,""score"":60.48418667075926},""V5_bo_expansion"":{""value"":0.38024698838654475,""score"":0},""_score"":17.56},""readiness"":{""_distance_atr"":-6.17,""BR1_atr_distance"":{""score"":0},""BR2_compression"":{""score"":0},""BR3_retest"":{""score"":50.0},""BR4_bo_age"":{""score"":50.0},""_score"":17.5},""risk"":{""R1_stop_clarity"":{""score"":45.83178312660431},""R2_stop_distance_pct"":{""value"":30.28863705177559,""score"":0.0},""R3_stop_distance_atr"":{""value"":7.727440550885665,""score"":0.0},""R4_rr_potential"":{""value"":-0.39557696399678394,""score"":0.0},""_score"":16.04},""market"":{""M1_spy_regime"":{""score"":100.0},""M3_earnings_risk"":{""value"":null,""score"":80.0},""M4_vix"":{""value"":null,""score"":60.0},""_score"":84.0},""liquidity"":{""L1_price"":{""value"":115.595,""score"":100.0},""L2_dollar_vol"":{""value"":257413208.35692868,""score"":100.0},""L3_spread_proxy"":{""value"":0.027336822526926,""score"":72.663177473074},""L4_volume_zscore"":{""value"":-1.0871278731737652,""score"":100.0},""_score"":97.27},""pattern_structure"":{""left_rim"":87.655,""left_rim_idx"":48,""cup_bottom"":73.55,""cup_bottom_idx"":100,""right_rim"":87.64,""right_rim_idx"":164,""handle_low"":81.81,""handle_bars"":15,""cup_bars"":116,""structural_low"":81.81,""current_price"":115.595,""neckline_distance_pct"":-0.24183571953804228,""base_bars"":131},""pattern_geometry_features"":{""cup_depth_pct"":0.16091495065883296,""rim_symmetry_pct"":0.0001711254349438203,""handle_depth_pct"":0.06652213601095389,""handle_to_cup_ratio"":0.12931034482758622,""cup_duration_bars"":116.0,""atr_pct"":0.03919620843709256,""u_shape_score"":0.4482758620689655},""_schema_version"":""1.0""}",,,,,,,,,,
20260513T182534Z-d71724,2026-05-13T18:25:34.488073+00:00,INTU,vcp,invalidated,40.0,5.0,58.2,52.6,67.1,46.1,17.5,31.3,84.0,95.9,0.75,14.56,6.31,8.05,6.0,1.23,1.57,5.04,4.79,True,invalid_already_breached;trend_floor,372.545,418.15,375.7874,512.635,"{""trend"":{""T1_ema_stack"":{""value"":[false,false,false],""score"":0.0},""T2_ema50_slope"":{""value"":-0.3253798182742786,""score"":0},""T3_high_proximity"":{""value"":0.7742481867115573,""score"":0},""T4_rs_1m"":{""value"":-0.053902355378951494,""score"":0},""T5_rs_3m"":{""value"":-0.14134423417700126,""score"":0},""T6_adr_healthy"":{""value"":3.5299005295264787,""score"":100.0},""_score"":5.0},""geometry"":{""sub_contraction_count"":100.0,""sub_reduction_rate"":0,""sub_pivot_tightness"":17.7,""sub_volume_dryup"":70.5,""sub_base_depth"":100.0,""sub_base_duration"":100.0,""_score"":58.23},""compression"":{""VC1_atr_ratio"":{""value"":0.5279629856221493,""score"":100},""VC2_range_contraction"":{""value"":0.9417744436861054,""score"":9.704259385649099},""VC3_range_pct_rank"":{""score"":36.66666666666667},""_score"":52.56},""sr_quality"":{""SR1_touches"":{""value"":4,""score"":75.0},""SR2_tightness"":{""value"":3.1273019021994086,""score"":61.87211905013308},""SR3_recency"":{""value"":228,""score"":0.0},""SR4_price_location"":{""score"":83.92211729042792},""SR5_reaction"":{""value"":1.90643860769773,""score"":95.3219303848865},""_score"":67.06,""_levels_found"":6,""_target_level"":377.7163},""volume"":{""V1_rvol_day"":{""value"":0.6550794750631221,""score"":10.33863167087481},""V2_rvol_sameslot"":{""value"":1.666182751945544,""score"":77.7455167963696,""status"":""ok""},""V3_breakout_bar"":{""value"":1.1665061567500086,""score"":44.43374378333391},""V4_base_dryup"":{""value"":0.6297290914348543,""score"":87.02709085651456},""V5_bo_expansion"":{""value"":0.6550794750631223,""score"":0},""_score"":46.13},""readiness"":{""_distance_atr"":2.78,""BR1_atr_distance"":{""score"":0},""BR2_compression"":{""score"":0},""BR3_retest"":{""score"":50.0},""BR4_bo_age"":{""score"":50.0},""_score"":17.5},""risk"":{""R1_stop_clarity"":{""score"":30.229787612029952},""R2_stop_distance_pct"":{""value"":-0.870324390342103,""score"":28.241890241447432},""R3_stop_distance_atr"":{""value"":-0.19765270297513768,""score"":15.11736485124312},""R4_rr_potential"":{""value"":null,""score"":50.0},""_score"":31.32},""market"":{""M1_spy_regime"":{""score"":100.0},""M3_earnings_risk"":{""value"":null,""score"":80.0},""M4_vix"":{""value"":null,""score"":60.0},""_score"":84.0},""liquidity"":{""L1_price"":{""value"":372.545,""score"":100.0},""L2_dollar_vol"":{""value"":604404821.4998207,""score"":100.0},""L3_spread_proxy"":{""value"":0.041095706558939196,""score"":58.9042934410608},""L4_volume_zscore"":{""value"":-1.4892441682881854,""score"":100.0},""_score"":95.89},""pattern_structure"":{""n_contractions"":5,""contractions_pct"":[11.22,13.75,21.64,10.75,8.76],""descending_strict"":false,""final_low"":381.51,""final_pivot"":418.15,""structural_low"":381.51,""dry_up_ratio"":0.6476072588954627,""current_price"":372.545,""neckline_distance_pct"":0.12241474184326714,""base_bars"":42,""recent_base_height"":94.48499999999996},""pattern_geometry_features"":{""contraction_count"":5.0,""first_contraction_pct"":0.11220794271641724,""last_contraction_pct"":0.0876240583522659,""dry_up_ratio"":0.6476072588954627,""near_monotone"":0.0,""base_depth_pct"":0.2104674986030918},""_schema_version"":""1.0""}",,,,,,,,,,
20260513T182534Z-d71724,2026-05-13T18:25:34.488073+00:00,DDOG,ascending_triangle,forming,40.0,100.0,55.0,12.9,48.6,10.2,63.6,24.3,84.0,95.9,15.0,15.4,1.03,6.8,1.22,5.09,0.97,5.04,4.79,True,stop_extreme,202.43,203.58,138.688,266.36,"{""trend"":{""T1_ema_stack"":{""value"":[true,true,true],""score"":100.0},""T2_ema50_slope"":{""value"":0.39735845654007595,""score"":100},""T3_high_proximity"":{""value"":1.0,""score"":99.99999999999997},""T4_rs_1m"":{""value"":0.7612210857192185,""score"":100},""T5_rs_3m"":{""value"":0.5163769159163158,""score"":100},""T6_adr_healthy"":{""value"":4.95177405410764,""score"":100.0},""_score"":100.0},""geometry"":{""sub_flat_top_quality"":33.3,""sub_hl_slope"":100,""sub_compression"":0,""sub_duration"":100.0,""_score"":54.99},""compression"":{""VC1_atr_ratio"":{""value"":1.1308740287348158,""score"":0},""VC2_range_contraction"":{""value"":1.0684249375582924,""score"":0},""VC3_range_pct_rank"":{""score"":51.66666666666666},""_score"":12.92},""sr_quality"":{""SR1_touches"":{""value"":3,""score"":50.0},""SR2_tightness"":{""value"":1.1779739140669565,""score"":79.01907713835683},""SR3_recency"":{""value"":296,""score"":0.0},""SR4_price_location"":{""score"":30.0},""SR5_reaction"":{""value"":1.8989164959776754,""score"":94.94582479888378},""_score"":48.59,""_levels_found"":6,""_target_level"":144.2329},""volume"":{""V1_rvol_day"":{""value"":0.3247439792969949,""score"":0},""V2_rvol_sameslot"":{""value"":0.45829064604759207,""score"":0,""status"":""ok""},""V3_breakout_bar"":{""value"":0.4400006486023383,""score"":0},""V4_base_dryup"":{""value"":0.990509690505128,""score"":50.949030949487195},""V5_bo_expansion"":{""value"":0.3247439792969949,""score"":0},""_score"":10.19},""readiness"":{""_distance_atr"":0.102,""BR1_atr_distance"":{""score"":93.17244040727874},""BR2_compression"":{""score"":35.31454957558228},""BR3_retest"":{""score"":50.0},""BR4_bo_age"":{""score"":50.0},""_score"":63.6},""risk"":{""R1_stop_clarity"":{""score"":62.38311514827689},""R2_stop_distance_pct"":{""value"":31.488415748653846,""score"":0.0},""R3_stop_distance_atr"":{""value"":5.676551785555255,""score"":16.17241072223723},""R4_rr_potential"":{""value"":1.0029493897273385,""score"":0.14746948636692458},""_score"":24.29},""market"":{""M1_spy_regime"":{""score"":100.0},""M3_earnings_risk"":{""value"":null,""score"":80.0},""M4_vix"":{""value"":null,""score"":60.0},""_score"":84.0},""liquidity"":{""L1_price"":{""value"":202.43,""score"":100.0},""L2_dollar_vol"":{""value"":427070096.57310694,""score"":100.0},""L3_spread_proxy"":{""value"":0.04144642592501119,""score"":58.55357407498881},""L4_volume_zscore"":{""value"":-0.8587957967129259,""score"":100.0},""_score"":95.86},""pattern_structure"":{""top"":203.58,""top_touches"":2,""low_slope_per_bar"":1.7796198083067076,""lowest_low"":140.8,""structural_low"":140.8,""current_price"":201.21,""neckline_distance_pct"":0.011778738631280773,""base_bars"":33},""pattern_geometry_features"":{""top_touches"":2.0,""low_slope"":1.7796198083067076,""compression"":-0.5567934576022069,""atr_pct"":0.05547102702168653},""_schema_version"":""1.0""}",,,,,,,,,,
20260513T182534Z-d71724,2026-05-13T18:25:34.488073+00:00,RTX,base_on_base,invalidated,40.0,16.2,60.9,61.5,45.7,19.3,17.5,10.0,84.0,97.7,2.92,15.21,6.15,4.57,2.32,1.4,0.5,5.88,4.88,True,risk_unclear;invalid_already_breached;trend_floor,177.955,205.36,182.7865,226.62,"{""trend"":{""T1_ema_stack"":{""value"":[false,false,true],""score"":33.33333333333333},""T2_ema50_slope"":{""value"":-0.3484122257571837,""score"":0},""T3_high_proximity"":{""value"":0.8387773378582203,""score"":19.38866892911012},""T4_rs_1m"":{""value"":-0.19211797029150213,""score"":0},""T5_rs_3m"":{""value"":-0.1678517756387783,""score"":0},""T6_adr_healthy"":{""value"":2.5950455563881496,""score"":100.0},""_score"":16.24},""geometry"":{""sub_shallower_second"":29.6,""sub_second_base_depth"":100.0,""sub_rim_advance"":92.3,""sub_dry_up"":0,""sub_second_base_duration"":100.0,""_score"":60.86},""compression"":{""VC1_atr_ratio"":{""value"":0.26431032465556686,""score"":100},""VC2_range_contraction"":{""value"":0.8200419115732682,""score"":29.99301473778863},""VC3_range_pct_rank"":{""score"":44.166666666666664},""_score"":61.54},""sr_quality"":{""SR1_touches"":{""value"":2,""score"":25.0},""SR2_tightness"":{""value"":0.05310000000000059,""score"":97.4375501959581},""SR3_recency"":{""value"":313,""score"":0.0},""SR4_price_location"":{""score"":34.17110980984382},""SR5_reaction"":{""value"":2.4449559309648325,""score"":100},""_score"":45.66,""_levels_found"":7,""_target_level"":182.2269},""volume"":{""V1_rvol_day"":{""value"":0.33386073150705914,""score"":0},""V2_rvol_sameslot"":{""value"":0.788457462143221,""score"":19.230497476214733,""status"":""ok""},""V3_breakout_bar"":{""value"":0.7972587472038422,""score"":19.817249813589477},""V4_base_dryup"":{""value"":0.9741459786067834,""score"":52.58540213932166},""V5_bo_expansion"":{""value"":0.33386073150705914,""score"":0},""_score"":19.32},""readiness"":{""_distance_atr"":6.612,""BR1_atr_distance"":{""score"":0},""BR2_compression"":{""score"":0},""BR3_retest"":{""score"":50.0},""BR4_bo_age"":{""score"":50.0},""_score"":17.5},""risk"":{""R1_stop_clarity"":{""score"":0},""R2_stop_distance_pct"":{""value"":-2.714984125200185,""score"":0.0},""R3_stop_distance_atr"":{""value"":-1.1657578253990655,""score"":0.0},""R4_rr_potential"":{""value"":null,""score"":50.0},""_score"":10.0},""market"":{""M1_spy_regime"":{""score"":100.0},""M3_earnings_risk"":{""value"":null,""score"":80.0},""M4_vix"":{""value"":null,""score"":60.0},""_score"":84.0},""liquidity"":{""L1_price"":{""value"":177.955,""score"":100.0},""L2_dollar_vol"":{""value"":347880360.41716033,""score"":100.0},""L3_spread_proxy"":{""value"":0.023278918827793472,""score"":76.72108117220652},""L4_volume_zscore"":{""value"":-2.239947718723746,""score"":100.0},""_score"":97.67},""pattern_structure"":{""first_base_low"":166.74,""first_base_top"":188.0,""first_base_bars"":20,""second_base_low"":185.57,""second_base_top"":205.36,""second_base_bars"":55,""structural_low"":185.57,""stacking_overlap_pct"":0.012925531914893653,""current_price"":177.955,""neckline_distance_pct"":0.1539996066421286,""base_bars"":55},""pattern_geometry_features"":{""first_base_depth_pct"":0.11308510638297868,""second_base_depth_pct"":0.09636735488897555,""second_dry_up_ratio"":1.8246647246793473,""rim_advance_pct"":0.09234042553191496,""atr_pct"":0.023289435130069012},""_schema_version"":""1.0""}",,,,,,,,,,
20260513T182534Z-d71724,2026-05-13T18:25:34.488073+00:00,AMD,ascending_triangle,forming,40.0,98.5,55.0,6.5,39.7,8.1,39.9,40.8,84.0,94.0,14.78,15.4,0.52,5.56,0.97,3.19,1.63,5.04,4.7,True,stop_extreme,449.795,469.215,333.6195,599.73,"{""trend"":{""T1_ema_stack"":{""value"":[true,true,true],""score"":100.0},""T2_ema50_slope"":{""value"":0.919227624888198,""score"":100},""T3_high_proximity"":{""value"":0.980394080080211,""score"":90.19704004010548},""T4_rs_1m"":{""value"":0.6938530435388472,""score"":100},""T5_rs_3m"":{""value"":1.0325499243052332,""score"":100},""T6_adr_healthy"":{""value"":5.443801372488444,""score"":100.0},""_score"":98.53},""geometry"":{""sub_flat_top_quality"":33.3,""sub_hl_slope"":100,""sub_compression"":0,""sub_duration"":100.0,""_score"":54.99},""compression"":{""VC1_atr_ratio"":{""value"":1.2822996232552244,""score"":0},""VC2_range_contraction"":{""value"":1.3359663912729272,""score"":0},""VC3_range_pct_rank"":{""score"":25.83333333333333},""_score"":6.46},""sr_quality"":{""SR1_touches"":{""value"":2,""score"":25.0},""SR2_tightness"":{""value"":3.2150999999999783,""score"":78.18985813915529},""SR3_recency"":{""value"":295,""score"":0.0},""SR4_price_location"":{""score"":30.0},""SR5_reaction"":{""value"":1.7335606505141283,""score"":86.67803252570641},""_score"":39.73,""_levels_found"":3,""_target_level"":263.7449},""volume"":{""V1_rvol_day"":{""value"":0.41725732466770615,""score"":0},""V2_rvol_sameslot"":{""value"":0.5621742009446798,""score"":4.144946729645324,""status"":""ok""},""V3_breakout_bar"":{""value"":0.48246178093636216,""score"":0},""V4_base_dryup"":{""value"":1.1353209993446631,""score"":36.467900065533684},""V5_bo_expansion"":{""value"":0.4172573246677062,""score"":0},""_score"":8.12},""readiness"":{""_distance_atr"":0.659,""BR1_atr_distance"":{""score"":56.08711445599345},""BR2_compression"":{""score"":0},""BR3_retest"":{""score"":50.0},""BR4_bo_age"":{""score"":50.0},""_score"":39.93},""risk"":{""R1_stop_clarity"":{""score"":65.53562075082488},""R2_stop_distance_pct"":{""value"":25.82854411454108,""score"":0.0},""R3_stop_distance_atr"":{""value"":3.940474846434922,""score"":100.0},""R4_rr_potential"":{""value"":1.2905905289841655,""score"":14.529526449208275},""_score"":40.84},""market"":{""M1_spy_regime"":{""score"":100.0},""M3_earnings_risk"":{""value"":null,""score"":80.0},""M4_vix"":{""value"":null,""score"":60.0},""_score"":84.0},""liquidity"":{""L1_price"":{""value"":449.795,""score"":100.0},""L2_dollar_vol"":{""value"":9068394221.271059,""score"":100.0},""L3_spread_proxy"":{""value"":0.059693860536466664,""score"":40.306139463533334},""L4_volume_zscore"":{""value"":-1.7461015282843824,""score"":100.0},""_score"":94.03},""pattern_structure"":{""top"":469.215,""top_touches"":2,""low_slope_per_bar"":1.953172866520786,""lowest_low"":338.7,""structural_low"":338.7,""current_price"":450.8,""neckline_distance_pct"":0.040849600709849075,""base_bars"":57},""pattern_geometry_features"":{""top_touches"":2.0,""low_slope"":1.953172866520786,""compression"":-0.37045976253438484,""atr_pct"":0.06554678083507884},""_schema_version"":""1.0""}",,,,,,,,,,
20260513T182534Z-d71724,2026-05-13T18:25:34.488073+00:00,NOC,vcp,invalidated,39.92,13.3,50.2,66.1,36.1,13.4,17.5,10.0,84.0,91.8,2.0,12.56,7.93,4.33,1.75,1.23,0.5,5.04,4.59,True,risk_unclear;invalid_already_breached;trend_floor,550.29,708.55,655.025,790.44,"{""trend"":{""T1_ema_stack"":{""value"":[false,false,true],""score"":33.33333333333333},""T2_ema50_slope"":{""value"":-0.6178720429692316,""score"":0},""T3_high_proximity"":{""value"":0.7165047785213926,""score"":0},""T4_rs_1m"":{""value"":-0.2604695217351942,""score"":0},""T5_rs_3m"":{""value"":-0.2627843140663836,""score"":0},""T6_adr_healthy"":{""value"":2.6271197812979246,""score"":100.0},""_score"":13.33},""geometry"":{""sub_contraction_count"":100.0,""sub_reduction_rate"":0,""sub_pivot_tightness"":55.0,""sub_volume_dryup"":32.8,""sub_base_depth"":20.7,""sub_base_duration"":100.0,""_score"":50.24},""compression"":{""VC1_atr_ratio"":{""value"":0.3481966747129443,""score"":100},""VC2_range_contraction"":{""value"":0.827787482946532,""score"":28.702086175577996},""VC3_range_pct_rank"":{""score"":64.16666666666666},""_score"":66.09},""sr_quality"":{""SR1_touches"":{""value"":2,""score"":25.0},""SR2_tightness"":{""value"":2.345550000000003,""score"":64.57410157394135},""SR3_recency"":{""value"":318,""score"":0.0},""SR4_price_location"":{""score"":15.547494794147967},""SR5_reaction"":{""value"":2.330881539861514,""score"":100},""_score"":36.07,""_levels_found"":4,""_target_level"":584.9456},""volume"":{""V1_rvol_day"":{""value"":0.3194122345985667,""score"":0},""V2_rvol_sameslot"":{""value"":0.4033371814756613,""score"":0,""status"":""ok""},""V3_breakout_bar"":{""value"":0.43371011965391254,""score"":0},""V4_base_dryup"":{""value"":0.828203724969447,""score"":67.17962750305529},""V5_bo_expansion"":{""value"":0.3194122345985667,""score"":0},""_score"":13.44},""readiness"":{""_distance_atr"":11.951,""BR1_atr_distance"":{""score"":0},""BR2_compression"":{""score"":0},""BR3_retest"":{""score"":50.0},""BR4_bo_age"":{""score"":50.0},""_score"":17.5},""risk"":{""R1_stop_clarity"":{""score"":0},""R2_stop_distance_pct"":{""value"":-19.0326918533864,""score"":0.0},""R3_stop_distance_atr"":{""value"":-7.9092994642050884,""score"":0.0},""R4_rr_potential"":{""value"":null,""score"":50.0},""_score"":10.0},""market"":{""M1_spy_regime"":{""score"":100.0},""M3_earnings_risk"":{""value"":null,""score"":80.0},""M4_vix"":{""value"":null,""score"":60.0},""_score"":84.0},""liquidity"":{""L1_price"":{""value"":550.29,""score"":74.85500000000002},""L2_dollar_vol"":{""value"":146553681.29405403,""score"":100.0},""L3_spread_proxy"":{""value"":0.0186265423685693,""score"":81.3734576314307},""L4_volume_zscore"":{""value"":-1.836065545866381,""score"":100.0},""_score"":91.85},""pattern_structure"":{""n_contractions"":4,""contractions_pct"":[5.71,7.31,10.54,6.15],""descending_strict"":false,""final_low"":665.0,""final_pivot"":708.55,""structural_low"":665.0,""dry_up_ratio"":0.8362236949652683,""current_price"":550.29,""neckline_distance_pct"":0.28759381417071,""base_bars"":42,""recent_base_height"":81.88999999999999},""pattern_geometry_features"":{""contraction_count"":4.0,""first_contraction_pct"":0.05709814004835038,""last_contraction_pct"":0.06146355232517106,""dry_up_ratio"":0.8362236949652683,""near_monotone"":0.0,""base_depth_pct"":0.07072287978088626},""_schema_version"":""1.0""}",,,,,,,,,,
20260513T182534Z-d71724,2026-05-13T18:25:34.488073+00:00,PH,vcp,invalidated,39.68,25.7,39.7,63.6,50.5,13.4,17.5,10.0,84.0,73.9,3.86,9.94,7.63,6.06,1.74,1.23,0.5,5.04,3.69,True,risk_unclear;invalid_already_breached;trend_floor,883.3,1029.0,934.5581,1205.24,"{""trend"":{""T1_ema_stack"":{""value"":[false,false,true],""score"":33.33333333333333},""T2_ema50_slope"":{""value"":-0.07101783546288262,""score"":38.163694089519566},""T3_high_proximity"":{""value"":0.863423979980841,""score"":31.711989990420463},""T4_rs_1m"":{""value"":-0.1728135727120118,""score"":0},""T5_rs_3m"":{""value"":-0.18643031501480267,""score"":0},""T6_adr_healthy"":{""value"":2.670112694819276,""score"":100.0},""_score"":25.72},""geometry"":{""sub_contraction_count"":100.0,""sub_reduction_rate"":0,""sub_pivot_tightness"":31.6,""sub_volume_dryup"":0,""sub_base_depth"":0.0,""sub_base_duration"":100.0,""_score"":39.74},""compression"":{""VC1_atr_ratio"":{""value"":0.4429952249925337,""score"":100},""VC2_range_contraction"":{""value"":0.9845563159653425,""score"":2.5739473391095764},""VC3_range_pct_rank"":{""score"":90.83333333333333},""_score"":63.61},""sr_quality"":{""SR1_touches"":{""value"":4,""score"":75.0},""SR2_tightness"":{""value"":4.778637083612349,""score"":61.7561302705657},""SR3_recency"":{""value"":228,""score"":0.0},""SR4_price_location"":{""score"":14.916207534800483},""SR5_reaction"":{""value"":2.239063918405056,""score"":100},""_score"":50.49,""_levels_found"":6,""_target_level"":907.9275},""volume"":{""V1_rvol_day"":{""value"":0.3807792479141621,""score"":0},""V2_rvol_sameslot"":{""value"":0.7501011997192575,""score"":16.673413314617168,""status"":""ok""},""V3_breakout_bar"":{""value"":0.6367181665714504,""score"":9.114544438096694},""V4_base_dryup"":{""value"":1.110957998923244,""score"":38.90420010767559},""V5_bo_expansion"":{""value"":0.3807792479141621,""score"":0},""_score"":13.39},""readiness"":{""_distance_atr"":5.83,""BR1_atr_distance"":{""score"":0},""BR2_compression"":{""score"":0},""BR3_retest"":{""score"":50.0},""BR4_bo_age"":{""score"":50.0},""_score"":17.5},""risk"":{""R1_stop_clarity"":{""score"":0},""R2_stop_distance_pct"":{""value"":-5.803028416166648,""score"":0.0},""R3_stop_distance_atr"":{""value"":-2.0511183177044403,""score"":0.0},""R4_rr_potential"":{""value"":null,""score"":50.0},""_score"":10.0},""market"":{""M1_spy_regime"":{""score"":100.0},""M3_earnings_risk"":{""value"":null,""score"":80.0},""M4_vix"":{""value"":null,""score"":60.0},""_score"":84.0},""liquidity"":{""L1_price"":{""value"":883.3,""score"":0.0},""L2_dollar_vol"":{""value"":260072333.9296742,""score"":100.0},""L3_spread_proxy"":{""value"":0.011207970112079677,""score"":88.79202988792032},""L4_volume_zscore"":{""value"":-1.15659978045467,""score"":100.0},""_score"":73.88},""pattern_structure"":{""n_contractions"":4,""contractions_pct"":[4.5,13.04,8.65,7.79],""descending_strict"":false,""final_low"":948.79,""final_pivot"":1029.0,""structural_low"":948.79,""dry_up_ratio"":1.823787764544382,""current_price"":883.3,""neckline_distance_pct"":0.16494962074040537,""base_bars"":62,""recent_base_height"":176.24},""pattern_geometry_features"":{""contraction_count"":4.0,""first_contraction_pct"":0.04495641840842841,""last_contraction_pct"":0.07794946550048594,""dry_up_ratio"":1.823787764544382,""near_monotone"":0.0,""base_depth_pct"":0.00577594933260127},""_schema_version"":""1.0""}",,,,,,,,,,
20260513T182534Z-d71724,2026-05-13T18:25:34.488073+00:00,CRM,double_bottom,invalidated,39.38,10.0,43.4,55.0,55.2,19.7,17.5,17.7,84.0,97.0,1.49,10.85,4.4,7.72,2.56,1.4,1.06,5.04,4.85,True,risk_unclear;invalid_already_breached;reversal_trend_cap,165.7351,190.31,174.2268,203.74,"{""trend"":{""T1_ema_stack"":{""value"":[false,false,false],""score"":0.0},""T2_ema50_slope"":{""value"":-0.196129345258947,""score"":17.311775790175496},""T3_high_proximity"":{""value"":0.8200242442234426,""score"":10.012122111721256},""T4_rs_1m"":{""value"":-0.10210760048900769,""score"":0},""T5_rs_3m"":{""value"":-0.17756369454256848,""score"":0},""T6_adr_healthy"":{""value"":3.345124910465151,""score"":100.0},""_score"":9.96},""geometry"":{""sub_low_similarity"":56.7,""sub_bounce_quality"":65.6,""sub_separation_fit"":0.0,""sub_right_bottom_reaction"":48.4,""sub_base_context"":30.0,""_score"":43.39},""compression"":{""VC1_atr_ratio"":{""value"":0.6252013513250095,""score"":93.69966216874761},""VC2_range_contraction"":{""value"":0.9458831545829873,""score"":9.01947423616878},""VC3_range_pct_rank"":{""score"":57.49999999999999},""_score"":55.01},""sr_quality"":{""SR1_touches"":{""value"":3,""score"":50.0},""SR2_tightness"":{""value"":1.610858984103404,""score"":52.63597394173451},""SR3_recency"":{""value"":232,""score"":0.0},""SR4_price_location"":{""score"":69.10527835679433},""SR5_reaction"":{""value"":2.8199891139032274,""score"":100},""_score"":55.17,""_levels_found"":7,""_target_level"":172.74},""volume"":{""V1_rvol_day"":{""value"":0.5245437855616275,""score"":1.636252370775167},""V2_rvol_sameslot"":{""value"":1.0698807507376988,""score"":37.99205004917992,""status"":""ok""},""V3_breakout_bar"":{""value"":0.7969757358972961,""score"":19.798382393153073},""V4_base_dryup"":{""value"":1.1586804951385712,""score"":34.131950486142884},""V5_bo_expansion"":{""value"":0.5245437855616275,""score"":0},""_score"":19.7},""readiness"":{""_distance_atr"":3.613,""BR1_atr_distance"":{""score"":0},""BR2_compression"":{""score"":0},""BR3_retest"":{""score"":50.0},""BR4_bo_age"":{""score"":50.0},""_score"":17.5},""risk"":{""R1_stop_clarity"":{""score"":21.988060297074924},""R2_stop_distance_pct"":{""value"":-5.123658175003369,""score"":0.0},""R3_stop_distance_atr"":{""value"":-1.248405676871947,""score"":0.0},""R4_rr_potential"":{""value"":null,""score"":50.0},""_score"":17.7},""market"":{""M1_spy_regime"":{""score"":100.0},""M3_earnings_risk"":{""value"":null,""score"":80.0},""M4_vix"":{""value"":null,""score"":60.0},""_score"":84.0},""liquidity"":{""L1_price"":{""value"":165.7351,""score"":100.0},""L2_dollar_vol"":{""value"":1061603710.3636872,""score"":100.0},""L3_spread_proxy"":{""value"":0.030349636256894293,""score"":69.65036374310571},""L4_volume_zscore"":{""value"":-1.5555020988551274,""score"":100.0},""_score"":96.97},""pattern_structure"":{""left_low"":180.75,""left_idx"":9,""right_low"":176.88,""right_idx"":58,""separation_bars"":49,""structural_low"":176.88,""current_price"":165.245,""neckline_distance_pct"":0.15168386335441314,""base_bars"":49},""pattern_geometry_features"":{""low_similarity_pct"":0.02164247965774686,""bounce_pct"":0.0759271822704659,""right_bottom_reaction"":0.4838865769863558,""atr_pct"":0.041041612273354955},""_schema_version"":""1.0""}",,,,,,,,,,
20260513T182534Z-d71724,2026-05-13T18:25:34.488073+00:00,CRML,bull_flag,absent,38.96,64.1,14.2,71.1,52.4,0.0,23.7,82.0,84.0,89.2,8.97,4.26,6.4,5.24,0.0,2.13,2.46,5.04,4.46,False,,11.415,14.1,11.1551,16.3,"{""trend"":{""T1_ema_stack"":{""value"":[false,true,true],""score"":66.66666666666666},""T2_ema50_slope"":{""value"":0.7489673666678021,""score"":100},""T3_high_proximity"":{""value"":0.7899653979238754,""score"":0},""T4_rs_1m"":{""value"":0.2290699705391448,""score"":100},""T5_rs_3m"":{""value"":-0.009589398177237696,""score"":45.20530091138115},""T6_adr_healthy"":{""value"":11.51210256285613,""score"":12.197435928596745},""_score"":64.06},""geometry"":{""sub_pole_impulse"":11.0,""sub_flag_tightness"":0,""sub_flag_shallowness"":0,""sub_flag_drift"":72.6,""sub_flag_duration"":0.0,""_score"":14.19},""compression"":{""VC1_atr_ratio"":{""value"":0.41909757899184374,""score"":100},""VC2_range_contraction"":{""value"":0.8307113728706708,""score"":28.214771188221544},""VC3_range_pct_rank"":{""score"":85.0},""_score"":71.13},""sr_quality"":{""SR1_touches"":{""value"":4,""score"":75.0},""SR2_tightness"":{""value"":0.3144650248835311,""score"":57.07548117887917},""SR3_recency"":{""value"":228,""score"":0.0},""SR4_price_location"":{""score"":25.42504083052224},""SR5_reaction"":{""value"":2.925351487851488,""score"":100},""_score"":52.42,""_levels_found"":4,""_target_level"":14.265},""volume"":{""V1_rvol_day"":{""value"":0.2601476362630303,""score"":0},""V2_rvol_sameslot"":{""value"":0.36346644906583797,""score"":0,""status"":""ok""},""V3_breakout_bar"":{""value"":0.4193863045398135,""score"":0},""V4_base_dryup"":{""value"":2.236940302544268,""score"":0},""V5_bo_expansion"":{""value"":0.26014763626303017,""score"":0},""_score"":0.0},""readiness"":{""_distance_atr"":1.833,""BR1_atr_distance"":{""score"":0},""BR2_compression"":{""score"":24.81991639074303},""BR3_retest"":{""score"":50.0},""BR4_bo_age"":{""score"":50.0},""_score"":23.7},""risk"":{""R1_stop_clarity"":{""score"":76.81203931203939},""R2_stop_distance_pct"":{""value"":2.276609724047299,""score"":100.0},""R3_stop_distance_atr"":{""value"":0.17736486486486436,""score"":33.86824324324322},""R4_rr_potential"":{""value"":18.79749879749885,""score"":100.0},""_score"":81.96},""market"":{""M1_spy_regime"":{""score"":100.0},""M3_earnings_risk"":{""value"":null,""score"":80.0},""M4_vix"":{""value"":null,""score"":60.0},""_score"":84.0},""liquidity"":{""L1_price"":{""value"":11.415,""score"":100.0},""L2_dollar_vol"":{""value"":62987005.805017106,""score"":89.9625481955014},""L3_spread_proxy"":{""value"":0.06789312308366188,""score"":32.10687691633812},""L4_volume_zscore"":{""value"":-1.0113851964001739,""score"":100.0},""_score"":89.2},""pattern_structure"":{""pole_low"":11.9,""pole_low_idx"":8,""peak_price"":14.1,""peak_idx"":30,""pole_gain"":0.18487394957983186,""flag_bars"":29,""flag_low"":11.325,""flag_high"":13.98,""structural_low"":11.325,""current_price"":11.545,""neckline_distance_pct"":0.2213079255088783,""base_bars"":29},""pattern_geometry_features"":{""pole_gain"":0.18487394957983186,""pullback_pct"":0.1968085106382979,""flag_range_pct"":0.1882978723404256,""flag_drift_per_bar"":-0.0054877316647003755,""atr_pct"":0.1283574244415243,""pole_atr_multiple"":1.4403058520705576},""_schema_version"":""1.0""}",,,,,,,,,,
20260513T182534Z-d71724,2026-05-13T18:25:34.488073+00:00,LHX,base_on_base,invalidated,38.87,13.6,55.0,45.2,38.8,13.8,17.5,10.0,84.0,96.9,2.44,13.75,4.52,3.88,1.65,1.4,0.5,5.88,4.84,True,risk_unclear;invalid_already_breached;trend_floor,303.865,364.27,324.3413,391.96,"{""trend"":{""T1_ema_stack"":{""value"":[false,false,true],""score"":33.33333333333333},""T2_ema50_slope"":{""value"":-0.33785285158939005,""score"":0},""T3_high_proximity"":{""value"":0.8028561614880575,""score"":1.4280807440287258},""T4_rs_1m"":{""value"":-0.21495521186791822,""score"":0},""T5_rs_3m"":{""value"":-0.18047015316728687,""score"":0},""T6_adr_healthy"":{""value"":2.6493997742498667,""score"":100.0},""_score"":13.55},""geometry"":{""sub_shallower_second"":0,""sub_second_base_depth"":100.0,""sub_rim_advance"":100,""sub_dry_up"":0,""sub_second_base_duration"":100.0,""_score"":55.0},""compression"":{""VC1_atr_ratio"":{""value"":0.44722884236576943,""score"":100},""VC2_range_contraction"":{""value"":1.1272811128401936,""score"":0},""VC3_range_pct_rank"":{""score"":20.833333333333336},""_score"":45.21},""sr_quality"":{""SR1_touches"":{""value"":2,""score"":25.0},""SR2_tightness"":{""value"":1.7997499999999889,""score"":58.0431399747061},""SR3_recency"":{""value"":277,""score"":0.0},""SR4_price_location"":{""score"":30.448966135870638},""SR5_reaction"":{""value"":4.5313583671851765,""score"":100},""_score"":38.82,""_levels_found"":9,""_target_level"":331.0802},""volume"":{""V1_rvol_day"":{""value"":0.25338293456906863,""score"":0},""V2_rvol_sameslot"":{""value"":0.5895130081779882,""score"":5.967533878532549,""status"":""ok""},""V3_breakout_bar"":{""value"":0.711067910295954,""score"":14.071194019730262},""V4_base_dryup"":{""value"":1.0460619583223498,""score"":45.39380416776502},""V5_bo_expansion"":{""value"":0.25338293456906863,""score"":0},""_score"":13.79},""readiness"":{""_distance_atr"":7.041,""BR1_atr_distance"":{""score"":0},""BR2_compression"":{""score"":0},""BR3_retest"":{""score"":50.0},""BR4_bo_age"":{""score"":50.0},""_score"":17.5},""risk"":{""R1_stop_clarity"":{""score"":0},""R2_stop_distance_pct"":{""value"":-6.738615009955079,""score"":0.0},""R3_stop_distance_atr"":{""value"":-2.386778547741299,""score"":0.0},""R4_rr_potential"":{""value"":null,""score"":50.0},""_score"":10.0},""market"":{""M1_spy_regime"":{""score"":100.0},""M3_earnings_risk"":{""value"":null,""score"":80.0},""M4_vix"":{""value"":null,""score"":60.0},""_score"":84.0},""liquidity"":{""L1_price"":{""value"":303.865,""score"":100.0},""L2_dollar_vol"":{""value"":121731516.74824443,""score"":100.0},""L3_spread_proxy"":{""value"":0.031411975712898686,""score"":68.58802428710132},""L4_volume_zscore"":{""value"":-2.106829445468493,""score"":100.0},""_score"":96.86},""pattern_structure"":{""first_base_low"":272.14,""first_base_top"":299.83,""first_base_bars"":60,""second_base_low"":329.2805,""second_base_top"":364.27,""second_base_bars"":59,""structural_low"":329.2805,""stacking_overlap_pct"":-0.09822399359637139,""current_price"":303.865,""neckline_distance_pct"":0.1987889358761291,""base_bars"":59},""pattern_geometry_features"":{""first_base_depth_pct"":0.0923523329886936,""second_base_depth_pct"":0.09605375133829293,""second_dry_up_ratio"":1.3139386898997694,""rim_advance_pct"":0.21492178901377448,""atr_pct"":0.02823309693449395},""_schema_version"":""1.0""}",,,,,,,,,,
20260513T182534Z-d71724,2026-05-13T18:25:34.488073+00:00,TRMB,vcp,invalidated,38.25,11.4,48.4,24.8,50.6,28.0,20.8,13.7,84.0,91.3,1.71,12.1,2.98,6.08,3.64,1.45,0.68,5.04,4.57,True,risk_unclear;invalid_already_breached;trend_floor,54.87,70.8,64.8524,79.59,"{""trend"":{""T1_ema_stack"":{""value"":[false,false,false],""score"":0.0},""T2_ema50_slope"":{""value"":-0.10722280784887286,""score"":32.12953202518786},""T3_high_proximity"":{""value"":0.7787397104740279,""score"":0},""T4_rs_1m"":{""value"":-0.24457611824731929,""score"":0},""T5_rs_3m"":{""value"":-0.23096019161080206,""score"":0},""T6_adr_healthy"":{""value"":3.138609321562464,""score"":100.0},""_score"":11.43},""geometry"":{""sub_contraction_count"":100.0,""sub_reduction_rate"":14.1,""sub_pivot_tightness"":42.7,""sub_volume_dryup"":0,""sub_base_depth"":34.5,""sub_base_duration"":100.0,""_score"":48.38},""compression"":{""VC1_atr_ratio"":{""value"":0.7849868645531326,""score"":53.75328386171685},""VC2_range_contraction"":{""value"":1.7632505158481055,""score"":0},""VC3_range_pct_rank"":{""score"":13.33333333333333},""_score"":24.83},""sr_quality"":{""SR1_touches"":{""value"":5,""score"":100},""SR2_tightness"":{""value"":0.6897957390416353,""score"":37.52315047351621},""SR3_recency"":{""value"":249,""score"":0.0},""SR4_price_location"":{""score"":0},""SR5_reaction"":{""value"":2.1805352215641305,""score"":100},""_score"":50.63,""_levels_found"":6,""_target_level"":64.296},""volume"":{""V1_rvol_day"":{""value"":0.5556442635895636,""score"":3.7096175726375766},""V2_rvol_sameslot"":{""value"":1.5099968859015305,""score"":67.3331257267687,""status"":""ok""},""V3_breakout_bar"":{""value"":0.7708473674527252,""score"":18.056491163515012},""V4_base_dryup"":{""value"":1.0365525759169998,""score"":46.34474240830002},""V5_bo_expansion"":{""value"":0.5556442635895636,""score"":0},""_score"":27.99},""readiness"":{""_distance_atr"":7.214,""BR1_atr_distance"":{""score"":0},""BR2_compression"":{""score"":13.02133145440154},""BR3_retest"":{""score"":50.0},""BR4_bo_age"":{""score"":50.0},""_score"":20.76},""risk"":{""R1_stop_clarity"":{""score"":10.550133756869812},""R2_stop_distance_pct"":{""value"":-18.192819391288513,""score"":0.0},""R3_stop_distance_atr"":{""value"":-4.520678132773506,""score"":0.0},""R4_rr_potential"":{""value"":null,""score"":50.0},""_score"":13.69},""market"":{""M1_spy_regime"":{""score"":100.0},""M3_earnings_risk"":{""value"":null,""score"":80.0},""M4_vix"":{""value"":null,""score"":60.0},""_score"":84.0},""liquidity"":{""L1_price"":{""value"":54.87,""score"":100.0},""L2_dollar_vol"":{""value"":59079315.902521916,""score"":88.57177289201599},""L3_spread_proxy"":{""value"":0.04128303262256242,""score"":58.71696737743758},""L4_volume_zscore"":{""value"":-0.955165204951971,""score"":100.0},""_score"":91.3},""pattern_structure"":{""n_contractions"":5,""contractions_pct"":[11.68,6.83,6.08,8.8,7.01],""descending_strict"":false,""final_low"":65.84,""final_pivot"":70.8,""structural_low"":65.84,""dry_up_ratio"":1.6198650078217172,""current_price"":54.87,""neckline_distance_pct"":0.2903225806451613,""base_bars"":61,""recent_base_height"":8.79},""pattern_geometry_features"":{""contraction_count"":5.0,""first_contraction_pct"":0.11679644048943268,""last_contraction_pct"":0.07005649717514116,""dry_up_ratio"":1.6198650078217172,""near_monotone"":0.0,""base_depth_pct"":0.08453837597330364},""_schema_version"":""1.0""}",,,,,,,,,,
20260513T182534Z-d71724,2026-05-13T18:25:34.488073+00:00,NET,bull_flag,absent,38.14,55.7,24.4,18.3,53.5,8.1,29.2,80.5,84.0,96.2,7.8,7.31,1.65,5.35,1.14,2.63,2.42,5.04,4.81,False,,192.3499,258.88,182.9638,308.76,"{""trend"":{""T1_ema_stack"":{""value"":[false,true,true],""score"":66.66666666666666},""T2_ema50_slope"":{""value"":0.28298732284692685,""score"":97.16455380782114},""T3_high_proximity"":{""value"":0.7490552591611822,""score"":0},""T4_rs_1m"":{""value"":0.007120856545206333,""score"":57.12085654520634},""T5_rs_3m"":{""value"":-0.05790774415894484,""score"":21.04612792052758},""T6_adr_healthy"":{""value"":5.1174923959434455,""score"":100.0},""_score"":55.68},""geometry"":{""sub_pole_impulse"":50.6,""sub_flag_tightness"":0,""sub_flag_shallowness"":0,""sub_flag_drift"":44.6,""sub_flag_duration"":25.0,""_score"":24.37},""compression"":{""VC1_atr_ratio"":{""value"":1.115815972386468,""score"":0},""VC2_range_contraction"":{""value"":0.9677675329762078,""score"":5.372077837298706},""VC3_range_pct_rank"":{""score"":65.83333333333333},""_score"":18.34},""sr_quality"":{""SR1_touches"":{""value"":6,""score"":100},""SR2_tightness"":{""value"":2.388265874832388,""score"":68.51828484837748},""SR3_recency"":{""value"":232,""score"":0.0},""SR4_price_location"":{""score"":5.111702835840626},""SR5_reaction"":{""value"":1.59620868594729,""score"":79.8104342973645},""_score"":53.53,""_levels_found"":5,""_target_level"":204.2283},""volume"":{""V1_rvol_day"":{""value"":0.5529565975037493,""score"":3.530439833583284},""V2_rvol_sameslot"":{""value"":0.9227809001133013,""score"":28.18539334088675,""status"":""ok""},""V3_breakout_bar"":{""value"":0.6064688173320022,""score"":7.097921155466813},""V4_base_dryup"":{""value"":1.550017174344464,""score"":0},""V5_bo_expansion"":{""value"":0.5529565975037491,""score"":0},""_score"":8.12},""readiness"":{""_distance_atr"":4.385,""BR1_atr_distance"":{""score"":0},""BR2_compression"":{""score"":46.75534909233324},""BR3_retest"":{""score"":50.0},""BR4_bo_age"":{""score"":50.0},""_score"":29.19},""risk"":{""R1_stop_clarity"":{""score"":63.27212570193252},""R2_stop_distance_pct"":{""value"":4.879726997518578,""score"":100.0},""R3_stop_distance_atr"":{""value"":0.6186331760301591,""score"":55.93165880150796},""R4_rr_potential"":{""value"":12.402326832620421,""score"":100.0},""_score"":80.53},""market"":{""M1_spy_regime"":{""score"":100.0},""M3_earnings_risk"":{""value"":null,""score"":80.0},""M4_vix"":{""value"":null,""score"":60.0},""_score"":84.0},""liquidity"":{""L1_price"":{""value"":192.3499,""score"":100.0},""L2_dollar_vol"":{""value"":497183819.5623973,""score"":100.0},""L3_spread_proxy"":{""value"":0.037639738830121616,""score"":62.360261169878385},""L4_volume_zscore"":{""value"":-0.5426847880156469,""score"":100.0},""_score"":96.24},""pattern_structure"":{""pole_low"":209.0,""pole_low_idx"":8,""peak_price"":258.88,""peak_idx"":33,""pole_gain"":0.23866028708133968,""flag_bars"":26,""flag_low"":185.75,""flag_high"":255.66,""structural_low"":185.75,""current_price"":191.15,""neckline_distance_pct"":0.35432906094690025,""base_bars"":26},""pattern_geometry_features"":{""pole_gain"":0.23866028708133968,""pullback_pct"":0.28248609394313967,""flag_range_pct"":0.27004789864029666,""flag_drift_per_bar"":-0.011085960057322868,""atr_pct"":0.0788791676002951,""pole_atr_multiple"":3.02564408755813},""_schema_version"":""1.0""}",,,,,,,,,,
20260513T182534Z-d71724,2026-05-13T18:25:34.488073+00:00,INTU,bull_flag,absent,38.13,5.0,22.6,52.6,67.1,40.9,17.5,68.7,84.0,95.9,0.7,6.79,4.73,6.71,5.73,1.57,2.06,5.04,4.79,True,trend_floor,372.545,411.8,364.6076,442.09,"{""trend"":{""T1_ema_stack"":{""value"":[false,false,false],""score"":0.0},""T2_ema50_slope"":{""value"":-0.3253798182742786,""score"":0},""T3_high_proximity"":{""value"":0.7742481867115573,""score"":0},""T4_rs_1m"":{""value"":-0.053902355378951494,""score"":0},""T5_rs_3m"":{""value"":-0.14134423417700126,""score"":0},""T6_adr_healthy"":{""value"":3.5299005295264787,""score"":100.0},""_score"":5.0},""geometry"":{""sub_pole_impulse"":20.1,""sub_flag_tightness"":0,""sub_flag_shallowness"":0,""sub_flag_drift"":85.7,""sub_flag_duration"":37.5,""_score"":22.64},""compression"":{""VC1_atr_ratio"":{""value"":0.5279629856221493,""score"":100},""VC2_range_contraction"":{""value"":0.9417744436861054,""score"":9.704259385649099},""VC3_range_pct_rank"":{""score"":36.66666666666667},""_score"":52.56},""sr_quality"":{""SR1_touches"":{""value"":4,""score"":75.0},""SR2_tightness"":{""value"":3.1273019021994086,""score"":61.87211905013308},""SR3_recency"":{""value"":228,""score"":0.0},""SR4_price_location"":{""score"":83.92211729042792},""SR5_reaction"":{""value"":1.90643860769773,""score"":95.3219303848865},""_score"":67.06,""_levels_found"":6,""_target_level"":377.7163},""volume"":{""V1_rvol_day"":{""value"":0.6550794750631221,""score"":10.33863167087481},""V2_rvol_sameslot"":{""value"":1.666182751945544,""score"":77.7455167963696,""status"":""ok""},""V3_breakout_bar"":{""value"":1.1665061567500086,""score"":44.43374378333391},""V4_base_dryup"":{""value"":0.8909467606574035,""score"":60.90532393425965},""V5_bo_expansion"":{""value"":0.6550794750631223,""score"":0},""_score"":40.91},""readiness"":{""_distance_atr"":2.393,""BR1_atr_distance"":{""score"":0},""BR2_compression"":{""score"":0},""BR3_retest"":{""score"":50.0},""BR4_bo_age"":{""score"":50.0},""_score"":17.5},""risk"":{""R1_stop_clarity"":{""score"":32.30546560370385},""R2_stop_distance_pct"":{""value"":2.130588251083753,""score"":100.0},""R3_stop_distance_atr"":{""value"":0.483861570957749,""score"":49.193078547887445},""R4_rr_potential"":{""value"":8.761685186585066,""score"":100.0},""_score"":68.69},""market"":{""M1_spy_regime"":{""score"":100.0},""M3_earnings_risk"":{""value"":null,""score"":80.0},""M4_vix"":{""value"":null,""score"":60.0},""_score"":84.0},""liquidity"":{""L1_price"":{""value"":372.545,""score"":100.0},""L2_dollar_vol"":{""value"":604404821.4998207,""score"":100.0},""L3_spread_proxy"":{""value"":0.041095706558939196,""score"":58.9042934410608},""L4_volume_zscore"":{""value"":-1.4892441682881854,""score"":100.0},""_score"":95.89},""pattern_structure"":{""pole_low"":381.51,""pole_low_idx"":26,""peak_price"":411.8,""peak_idx"":34,""pole_gain"":0.0793950355167624,""flag_bars"":25,""flag_low"":370.16,""flag_high"":411.07,""structural_low"":370.16,""current_price"":370.16,""neckline_distance_pct"":0.11249189539658522,""base_bars"":25},""pattern_geometry_features"":{""pole_gain"":0.0793950355167624,""pullback_pct"":0.10111704711024766,""flag_range_pct"":0.09934434191355018,""flag_drift_per_bar"":-0.002864740195507981,""atr_pct"":0.044033012311072685,""pole_atr_multiple"":1.80307981102618},""_schema_version"":""1.0""}",,,,,,,,,,
20260513T182534Z-d71724,2026-05-13T18:25:34.488073+00:00,ADBE,double_bottom,invalidated,37.71,12.9,42.3,57.1,33.1,20.5,20.3,29.8,84.0,97.3,1.94,10.58,4.57,4.64,2.66,1.63,1.79,5.04,4.87,True,risk_unclear;invalid_already_breached;reversal_trend_cap,234.98,259.44,235.7499,279.54,"{""trend"":{""T1_ema_stack"":{""value"":[false,false,false],""score"":0.0},""T2_ema50_slope"":{""value"":-0.12649519161018444,""score"":28.91746806496926},""T3_high_proximity"":{""value"":0.828502926450885,""score"":14.251463225442462},""T4_rs_1m"":{""value"":-0.07270415958226395,""score"":0},""T5_rs_3m"":{""value"":-0.15967890551649166,""score"":0},""T6_adr_healthy"":{""value"":3.215537963216079,""score"":100.0},""_score"":12.92},""geometry"":{""sub_low_similarity"":44.3,""sub_bounce_quality"":77.1,""sub_separation_fit"":0.0,""sub_right_bottom_reaction"":50.8,""sub_base_context"":30.0,""_score"":42.33},""compression"":{""VC1_atr_ratio"":{""value"":0.5128431658799842,""score"":100},""VC2_range_contraction"":{""value"":0.9609108174806622,""score"":6.514863753222966},""VC3_range_pct_rank"":{""score"":59.166666666666664},""_score"":57.07},""sr_quality"":{""SR1_touches"":{""value"":2,""score"":25.0},""SR2_tightness"":{""value"":1.5795499999999976,""score"":61.32115733760584},""SR3_recency"":{""value"":248,""score"":0.0},""SR4_price_location"":{""score"":5.746686630867961},""SR5_reaction"":{""value"":3.1744113438955015,""score"":100},""_score"":33.13,""_levels_found"":5,""_target_level"":245.8596},""volume"":{""V1_rvol_day"":{""value"":0.46568766378830667,""score"":0},""V2_rvol_sameslot"":{""value"":0.9809732718957689,""score"":32.064884793051256,""status"":""ok""},""V3_breakout_bar"":{""value"":0.8606183539744824,""score"":24.041223598298824},""V4_base_dryup"":{""value"":1.0970707138828442,""score"":40.29292861171558},""V5_bo_expansion"":{""value"":0.4656876637883065,""score"":0},""_score"":20.48},""readiness"":{""_distance_atr"":2.995,""BR1_atr_distance"":{""score"":0},""BR2_compression"":{""score"":11.323607090692041},""BR3_retest"":{""score"":50.0},""BR4_bo_age"":{""score"":50.0},""_score"":20.33},""risk"":{""R1_stop_clarity"":{""score"":12.088308035667282},""R2_stop_distance_pct"":{""value"":-0.32764490594944545,""score"":41.80887735126386},""R3_stop_distance_atr"":{""value"":-0.09426368575156714,""score"":20.286815712421646},""R4_rr_potential"":{""value"":null,""score"":50.0},""_score"":29.82},""market"":{""M1_spy_regime"":{""score"":100.0},""M3_earnings_risk"":{""value"":null,""score"":80.0},""M4_vix"":{""value"":null,""score"":60.0},""_score"":84.0},""liquidity"":{""L1_price"":{""value"":234.98,""score"":100.0},""L2_dollar_vol"":{""value"":542017252.2973325,""score"":100.0},""L3_spread_proxy"":{""value"":0.02655545152778964,""score"":73.44454847221036},""L4_volume_zscore"":{""value"":-1.5834268927214121,""score"":100.0},""_score"":97.34},""pattern_structure"":{""left_low"":239.34,""left_idx"":9,""right_low"":246.1,""right_idx"":58,""separation_bars"":49,""structural_low"":239.34,""current_price"":233.1,""neckline_distance_pct"":0.11299871299871302,""base_bars"":49},""pattern_geometry_features"":{""low_similarity_pct"":0.027851021753460742,""bounce_pct"":0.08398094760591625,""right_bottom_reaction"":0.5083565459610031,""atr_pct"":0.0347583380956434},""_schema_version"":""1.0""}",,,,,,,,,,
20260513T182534Z-d71724,2026-05-13T18:25:34.488073+00:00,CRM,ascending_triangle,invalidated,37.58,10.0,32.3,55.0,55.2,24.4,17.5,17.7,84.0,97.0,1.49,9.04,4.4,7.72,2.93,1.4,0.71,5.04,4.85,True,risk_unclear;invalid_already_breached;trend_floor,165.7351,190.31,174.2268,203.74,"{""trend"":{""T1_ema_stack"":{""value"":[false,false,false],""score"":0.0},""T2_ema50_slope"":{""value"":-0.196129345258947,""score"":17.311775790175496},""T3_high_proximity"":{""value"":0.8200242442234426,""score"":10.012122111721256},""T4_rs_1m"":{""value"":-0.10210760048900769,""score"":0},""T5_rs_3m"":{""value"":-0.17756369454256848,""score"":0},""T6_adr_healthy"":{""value"":3.345124910465151,""score"":100.0},""_score"":9.96},""geometry"":{""sub_flat_top_quality"":33.3,""sub_hl_slope"":14.0,""sub_compression"":12.3,""sub_duration"":100.0,""_score"":32.27},""compression"":{""VC1_atr_ratio"":{""value"":0.6252013513250095,""score"":93.69966216874761},""VC2_range_contraction"":{""value"":0.9458831545829873,""score"":9.01947423616878},""VC3_range_pct_rank"":{""score"":57.49999999999999},""_score"":55.01},""sr_quality"":{""SR1_touches"":{""value"":3,""score"":50.0},""SR2_tightness"":{""value"":1.610858984103404,""score"":52.63597394173451},""SR3_recency"":{""value"":232,""score"":0.0},""SR4_price_location"":{""score"":69.10527835679433},""SR5_reaction"":{""value"":2.8199891139032274,""score"":100},""_score"":55.17,""_levels_found"":7,""_target_level"":172.74},""volume"":{""V1_rvol_day"":{""value"":0.5245437855616275,""score"":1.636252370775167},""V2_rvol_sameslot"":{""value"":1.0698807507376988,""score"":37.99205004917992,""status"":""ok""},""V3_breakout_bar"":{""value"":0.7969757358972961,""score"":19.798382393153073},""V4_base_dryup"":{""value"":0.9219162049724836,""score"":57.80837950275164},""V5_bo_expansion"":{""value"":0.5245437855616275,""score"":0},""_score"":24.44},""readiness"":{""_distance_atr"":3.613,""BR1_atr_distance"":{""score"":0},""BR2_compression"":{""score"":0},""BR3_retest"":{""score"":50.0},""BR4_bo_age"":{""score"":50.0},""_score"":17.5},""risk"":{""R1_stop_clarity"":{""score"":21.988060297074924},""R2_stop_distance_pct"":{""value"":-5.123658175003369,""score"":0.0},""R3_stop_distance_atr"":{""value"":-1.248405676871947,""score"":0.0},""R4_rr_potential"":{""value"":null,""score"":50.0},""_score"":17.7},""market"":{""M1_spy_regime"":{""score"":100.0},""M3_earnings_risk"":{""value"":null,""score"":80.0},""M4_vix"":{""value"":null,""score"":60.0},""_score"":84.0},""liquidity"":{""L1_price"":{""value"":165.7351,""score"":100.0},""L2_dollar_vol"":{""value"":1061603710.3636872,""score"":100.0},""L3_spread_proxy"":{""value"":0.030349636256894293,""score"":69.65036374310571},""L4_volume_zscore"":{""value"":-1.5555020988551274,""score"":100.0},""_score"":96.97},""pattern_structure"":{""top"":190.31,""top_touches"":2,""low_slope_per_bar"":0.07427242220866488,""lowest_low"":176.88,""structural_low"":176.88,""current_price"":165.245,""neckline_distance_pct"":0.15168386335441314,""base_bars"":42},""pattern_geometry_features"":{""top_touches"":2.0,""low_slope"":0.07427242220866488,""compression"":0.06166197838543175,""atr_pct"":0.041041612273354955},""_schema_version"":""1.0""}",,,,,,,,,,
20260513T182534Z-d71724,2026-05-13T18:25:34.488073+00:00,LHX,vcp,invalidated,37.15,13.6,46.0,45.2,38.8,14.8,17.5,10.0,84.0,96.9,2.03,11.5,5.43,4.66,1.92,1.23,0.5,5.04,4.84,True,risk_unclear;invalid_already_breached;trend_floor,303.865,364.27,339.7265,397.582,"{""trend"":{""T1_ema_stack"":{""value"":[false,false,true],""score"":33.33333333333333},""T2_ema50_slope"":{""value"":-0.33785285158939005,""score"":0},""T3_high_proximity"":{""value"":0.8028561614880575,""score"":1.4280807440287258},""T4_rs_1m"":{""value"":-0.21495521186791822,""score"":0},""T5_rs_3m"":{""value"":-0.18047015316728687,""score"":0},""T6_adr_healthy"":{""value"":2.6493997742498667,""score"":100.0},""_score"":13.55},""geometry"":{""sub_contraction_count"":100.0,""sub_reduction_rate"":3.9,""sub_pivot_tightness"":66.9,""sub_volume_dryup"":0,""sub_base_depth"":0.0,""sub_base_duration"":100.0,""_score"":46.01},""compression"":{""VC1_atr_ratio"":{""value"":0.44722884236576943,""score"":100},""VC2_range_contraction"":{""value"":1.1272811128401936,""score"":0},""VC3_range_pct_rank"":{""score"":20.833333333333336},""_score"":45.21},""sr_quality"":{""SR1_touches"":{""value"":2,""score"":25.0},""SR2_tightness"":{""value"":1.7997499999999889,""score"":58.0431399747061},""SR3_recency"":{""value"":277,""score"":0.0},""SR4_price_location"":{""score"":30.448966135870638},""SR5_reaction"":{""value"":4.5313583671851765,""score"":100},""_score"":38.82,""_levels_found"":9,""_target_level"":331.0802},""volume"":{""V1_rvol_day"":{""value"":0.25338293456906863,""score"":0},""V2_rvol_sameslot"":{""value"":0.5895130081779882,""score"":5.967533878532549,""status"":""ok""},""V3_breakout_bar"":{""value"":0.711067910295954,""score"":14.071194019730262},""V4_base_dryup"":{""value"":0.9959390164039685,""score"":50.40609835960315},""V5_bo_expansion"":{""value"":0.25338293456906863,""score"":0},""_score"":14.79},""readiness"":{""_distance_atr"":7.041,""BR1_atr_distance"":{""score"":0},""BR2_compression"":{""score"":0},""BR3_retest"":{""score"":50.0},""BR4_bo_age"":{""score"":50.0},""_score"":17.5},""risk"":{""R1_stop_clarity"":{""score"":0},""R2_stop_distance_pct"":{""value"":-11.801786977769725,""score"":0.0},""R3_stop_distance_atr"":{""value"":-4.180124838997321,""score"":0.0},""R4_rr_potential"":{""value"":null,""score"":50.0},""_score"":10.0},""market"":{""M1_spy_regime"":{""score"":100.0},""M3_earnings_risk"":{""value"":null,""score"":80.0},""M4_vix"":{""value"":null,""score"":60.0},""_score"":84.0},""liquidity"":{""L1_price"":{""value"":303.865,""score"":100.0},""L2_dollar_vol"":{""value"":121731516.74824443,""score"":100.0},""L3_spread_proxy"":{""value"":0.031411975712898686,""score"":68.58802428710132},""L4_volume_zscore"":{""value"":-2.106829445468493,""score"":100.0},""_score"":96.86},""pattern_structure"":{""n_contractions"":5,""contractions_pct"":[9.1,6.32,4.73,8.9,5.32],""descending_strict"":false,""final_low"":344.9,""final_pivot"":364.27,""structural_low"":344.9,""dry_up_ratio"":1.1836295923808942,""current_price"":303.865,""neckline_distance_pct"":0.1987889358761291,""base_bars"":34,""recent_base_height"":33.31200000000001},""pattern_geometry_features"":{""contraction_count"":5.0,""first_contraction_pct"":0.09097547172415696,""last_contraction_pct"":0.053174842836357664,""dry_up_ratio"":1.1836295923808942,""near_monotone"":0.0,""base_depth_pct"":0.047855673802918094},""_schema_version"":""1.0""}",,,,,,,,,,
20260513T182534Z-d71724,2026-05-13T18:25:34.488073+00:00,ADSK,bull_flag,absent,37.11,19.0,21.1,54.0,67.3,19.1,21.7,65.8,84.0,97.3,2.67,6.34,4.86,6.73,2.68,1.95,1.97,5.04,4.87,True,risk_unclear;trend_floor,228.4,255.135,221.8959,270.28,"{""trend"":{""T1_ema_stack"":{""value"":[false,false,false],""score"":0.0},""T2_ema50_slope"":{""value"":-0.04390038802845711,""score"":42.68326866192382},""T3_high_proximity"":{""value"":0.8647584431319097,""score"":32.37922156595485},""T4_rs_1m"":{""value"":-0.07039602421396929,""score"":0},""T5_rs_3m"":{""value"":-0.0914436319570886,""score"":4.278184021455701},""T6_adr_healthy"":{""value"":3.066738620210381,""score"":100.0},""_score"":19.04},""geometry"":{""sub_pole_impulse"":19.1,""sub_flag_tightness"":0,""sub_flag_shallowness"":0,""sub_flag_drift"":77.7,""sub_flag_duration"":37.5,""_score"":21.13},""compression"":{""VC1_atr_ratio"":{""value"":0.6510018071430476,""score"":87.2495482142381},""VC2_range_contraction"":{""value"":0.8900472768745838,""score"":18.325453854236027},""VC3_range_pct_rank"":{""score"":50.83333333333333},""_score"":54.02},""sr_quality"":{""SR1_touches"":{""value"":4,""score"":75.0},""SR2_tightness"":{""value"":1.9823770453675047,""score"":51.43655802839082},""SR3_recency"":{""value"":233,""score"":0.0},""SR4_price_location"":{""score"":89.92091536261148},""SR5_reaction"":{""value"":1.948170118200829,""score"":97.40850591004146},""_score"":67.31,""_levels_found"":5,""_target_level"":229.8975},""volume"":{""V1_rvol_day"":{""value"":0.4288744994148923,""score"":0},""V2_rvol_sameslot"":{""value"":0.919040155771472,""score"":27.936010384764803,""status"":""ok""},""V3_breakout_bar"":{""value"":0.673213220285269,""score"":11.547548019017933},""V4_base_dryup"":{""value"":0.9684267767400494,""score"":53.15732232599506},""V5_bo_expansion"":{""value"":0.4288744994148924,""score"":0},""_score"":19.11},""readiness"":{""_distance_atr"":3.275,""BR1_atr_distance"":{""score"":0},""BR2_compression"":{""score"":16.865754144756938},""BR3_retest"":{""score"":50.0},""BR4_bo_age"":{""score"":50.0},""_score"":21.72},""risk"":{""R1_stop_clarity"":{""score"":17.219612063308347},""R2_stop_distance_pct"":{""value"":2.847690455341513,""score"":100.0},""R3_stop_distance_atr"":{""value"":0.7966766406817348,""score"":64.83383203408675},""R4_rr_potential"":{""value"":6.438990640555011,""score"":100.0},""_score"":65.75},""market"":{""M1_spy_regime"":{""score"":100.0},""M3_earnings_risk"":{""value"":null,""score"":80.0},""M4_vix"":{""value"":null,""score"":60.0},""_score"":84.0},""liquidity"":{""L1_price"":{""value"":228.4,""score"":100.0},""L2_dollar_vol"":{""value"":169809873.4310092,""score"":100.0},""L3_spread_proxy"":{""value"":0.026488616462346685,""score"":73.51138353765332},""L4_volume_zscore"":{""value"":-2.2065293959757724,""score"":100.0},""_score"":97.35},""pattern_structure"":{""pole_low"":239.99,""pole_low_idx"":9,""peak_price"":255.135,""peak_idx"":34,""pole_gain"":0.06310679611650477,""flag_bars"":25,""flag_low"":225.275,""flag_high"":254.13,""structural_low"":225.275,""current_price"":226.86,""neckline_distance_pct"":0.12463633959270023,""base_bars"":25},""pattern_geometry_features"":{""pole_gain"":0.06310679611650477,""pullback_pct"":0.11703607893860107,""flag_range_pct"":0.11309698786916726,""flag_drift_per_bar"":-0.004466504248638615,""atr_pct"":0.03574462096572428,""pole_atr_multiple"":1.7654907063364367},""_schema_version"":""1.0""}",,,,,,,,,,
20260513T182534Z-d71724,2026-05-13T18:25:34.488073+00:00,AXON,bull_flag,absent,36.99,5.0,29.5,42.5,63.5,26.7,17.5,75.9,84.0,92.8,0.7,8.85,3.82,6.35,3.74,1.57,2.28,5.04,4.64,True,trend_floor,373.25,438.97,361.5048,508.5127,"{""trend"":{""T1_ema_stack"":{""value"":[false,false,false],""score"":0.0},""T2_ema50_slope"":{""value"":-0.4846530702246437,""score"":0},""T3_high_proximity"":{""value"":0.6445457528190782,""score"":0},""T4_rs_1m"":{""value"":-0.08954593716318304,""score"":0},""T5_rs_3m"":{""value"":-0.21429686378731094,""score"":0},""T6_adr_healthy"":{""value"":5.313924091990844,""score"":100.0},""_score"":5.0},""geometry"":{""sub_pole_impulse"":51.0,""sub_flag_tightness"":0,""sub_flag_shallowness"":0,""sub_flag_drift"":78.0,""sub_flag_duration"":25.0,""_score"":29.5},""compression"":{""VC1_atr_ratio"":{""value"":0.5767483553609288,""score"":100},""VC2_range_contraction"":{""value"":1.1867435815859595,""score"":0},""VC3_range_pct_rank"":{""score"":9.999999999999998},""_score"":42.5},""sr_quality"":{""SR1_touches"":{""value"":3,""score"":50.0},""SR2_tightness"":{""value"":4.499763754045555,""score"":61.08132110730211},""SR3_recency"":{""value"":228,""score"":0.0},""SR4_price_location"":{""score"":97.2810415926607},""SR5_reaction"":{""value"":2.0019767196420943,""score"":100},""_score"":63.48,""_levels_found"":4,""_target_level"":375.3458},""volume"":{""V1_rvol_day"":{""value"":0.6815666918115229,""score"":12.104446120768191},""V2_rvol_sameslot"":{""value"":1.4877810630758266,""score"":65.85207087172176,""status"":""ok""},""V3_breakout_bar"":{""value"":1.0785921094891031,""score"":38.57280729927354},""V4_base_dryup"":{""value"":1.4276004240041669,""score"":7.239957599583306},""V5_bo_expansion"":{""value"":0.6815666918115229,""score"":0},""_score"":26.68},""readiness"":{""_distance_atr"":2.842,""BR1_atr_distance"":{""score"":0},""BR2_compression"":{""score"":0},""BR3_retest"":{""score"":50.0},""BR4_bo_age"":{""score"":50.0},""_score"":17.5},""risk"":{""R1_stop_clarity"":{""score"":52.38568582328127},""R2_stop_distance_pct"":{""value"":3.146724715338251,""score"":100.0},""R3_stop_distance_atr"":{""value"":0.5079219114399133,""score"":50.39609557199567},""R4_rr_potential"":{""value"":11.516472756840038,""score"":100.0},""_score"":75.89},""market"":{""M1_spy_regime"":{""score"":100.0},""M3_earnings_risk"":{""value"":null,""score"":80.0},""M4_vix"":{""value"":null,""score"":60.0},""_score"":84.0},""liquidity"":{""L1_price"":{""value"":373.25,""score"":100.0},""L2_dollar_vol"":{""value"":288792327.8899905,""score"":100.0},""L3_spread_proxy"":{""value"":0.07228372404554584,""score"":27.71627595445416},""L4_volume_zscore"":{""value"":-0.6748330747113924,""score"":100.0},""_score"":92.77},""pattern_structure"":{""pole_low"":369.4273,""pole_low_idx"":26,""peak_price"":438.97,""peak_idx"":33,""pole_gain"":0.18824461538170034,""flag_bars"":26,""flag_low"":367.01,""flag_high"":432.76,""structural_low"":367.01,""current_price"":371.64,""neckline_distance_pct"":0.18116994941341094,""base_bars"":26},""pattern_geometry_features"":{""pole_gain"":0.18824461538170034,""pullback_pct"":0.16392919789507263,""flag_range_pct"":0.1497824452696084,""flag_drift_per_bar"":-0.004400188308325199,""atr_pct"":0.06195292316524736,""pole_atr_multiple"":3.0385106265219237},""_schema_version"":""1.0""}",,,,,,,,,,
20260513T182534Z-d71724,2026-05-13T18:25:34.488073+00:00,AMPX,bull_flag,absent,36.96,55.6,15.8,36.1,51.4,16.1,27.7,54.8,84.0,92.2,7.79,4.74,3.25,5.14,2.25,2.49,1.64,5.04,4.61,True,stop_too_wide,17.95,22.18,15.1493,24.55,"{""trend"":{""T1_ema_stack"":{""value"":[false,true,true],""score"":66.66666666666666},""T2_ema50_slope"":{""value"":0.7332276014013379,""score"":100},""T3_high_proximity"":{""value"":0.7910973997355663,""score"":0},""T4_rs_1m"":{""value"":-0.06621101279282149,""score"":0},""T5_rs_3m"":{""value"":0.5422324662086417,""score"":100},""T6_adr_healthy"":{""value"":8.834555612248993,""score"":79.13610969377518},""_score"":55.62},""geometry"":{""sub_pole_impulse"":2.7,""sub_flag_tightness"":0,""sub_flag_shallowness"":0,""sub_flag_drift"":100,""sub_flag_duration"":0.0,""_score"":15.81},""compression"":{""VC1_atr_ratio"":{""value"":0.7914674991057785,""score"":52.13312522355537},""VC2_range_contraction"":{""value"":1.1181528424410114,""score"":0},""VC3_range_pct_rank"":{""score"":60.83333333333334},""_score"":36.06},""sr_quality"":{""SR1_touches"":{""value"":3,""score"":50.0},""SR2_tightness"":{""value"":0.26981475126464094,""score"":72.12102088148485},""SR3_recency"":{""value"":234,""score"":0.0},""SR4_price_location"":{""score"":67.38165680473368},""SR5_reaction"":{""value"":1.1701711527532783,""score"":58.50855763766391},""_score"":51.44,""_levels_found"":6,""_target_level"":19.42},""volume"":{""V1_rvol_day"":{""value"":0.5523048011110029,""score"":3.4869867407335255},""V2_rvol_sameslot"":{""value"":0.7429538450753748,""score"":16.196923005024985,""status"":""ok""},""V3_breakout_bar"":{""value"":0.44548683687687607,""score"":0},""V4_base_dryup"":{""value"":0.893719957526616,""score"":60.628004247338396},""V5_bo_expansion"":{""value"":0.5523048011110029,""score"":0},""_score"":16.06},""readiness"":{""_distance_atr"":2.185,""BR1_atr_distance"":{""score"":0},""BR2_compression"":{""score"":40.86548090298033},""BR3_retest"":{""score"":50.0},""BR4_bo_age"":{""score"":50.0},""_score"":27.72},""risk"":{""R1_stop_clarity"":{""score"":76.1626061862974},""R2_stop_distance_pct"":{""value"":15.602785515320331,""score"":0.0},""R3_stop_distance_atr"":{""value"":1.4469308377554553,""score"":97.34654188777276},""R4_rr_potential"":{""value"":2.35655371871318,""score"":67.827685935659},""_score"":54.82},""market"":{""M1_spy_regime"":{""score"":100.0},""M3_earnings_risk"":{""value"":null,""score"":80.0},""M4_vix"":{""value"":null,""score"":60.0},""_score"":84.0},""liquidity"":{""L1_price"":{""value"":17.95,""score"":100.0},""L2_dollar_vol"":{""value"":94376242.1435017,""score"":98.74313403452102},""L3_spread_proxy"":{""value"":0.07298050139275779,""score"":27.019498607242213},""L4_volume_zscore"":{""value"":-0.6840898964525716,""score"":100.0},""_score"":92.2},""pattern_structure"":{""pole_low"":19.81,""pole_low_idx"":16,""peak_price"":22.18,""peak_idx"":31,""pole_gain"":0.11963654719838471,""flag_bars"":28,""flag_low"":15.38,""flag_high"":19.56,""structural_low"":15.38,""current_price"":18.02,""neckline_distance_pct"":0.23085460599334073,""base_bars"":28},""pattern_geometry_features"":{""pole_gain"":0.11963654719838471,""pullback_pct"":0.30658250676284937,""flag_range_pct"":0.18845807033363382,""flag_drift_per_bar"":0.005577113734238006,""atr_pct"":0.10783366494230005,""pole_atr_multiple"":1.1094545220400343},""_schema_version"":""1.0""}",,,,,,,,,,
20260513T182534Z-d71724,2026-05-13T18:25:34.488073+00:00,TDG,bull_flag,absent,36.73,16.6,35.4,52.0,48.4,15.2,17.5,63.6,84.0,72.2,2.33,10.61,4.68,4.84,2.13,1.57,1.91,5.04,3.61,True,risk_unclear;trend_floor,1194.9,1262.26,1150.3125,1378.6,"{""trend"":{""T1_ema_stack"":{""value"":[false,false,false],""score"":0.0},""T2_ema50_slope"":{""value"":-0.15855823882233408,""score"":23.57362686294432},""T3_high_proximity"":{""value"":0.8923957041927438,""score"":46.197852096371896},""T4_rs_1m"":{""value"":-0.14798653574251597,""score"":0},""T5_rs_3m"":{""value"":-0.17242698109622556,""score"":0},""T6_adr_healthy"":{""value"":3.025254464646927,""score"":100.0},""_score"":16.64},""geometry"":{""sub_pole_impulse"":60.4,""sub_flag_tightness"":0,""sub_flag_shallowness"":0,""sub_flag_drift"":90.0,""sub_flag_duration"":37.5,""_score"":35.37},""compression"":{""VC1_atr_ratio"":{""value"":0.4725046356731069,""score"":100},""VC2_range_contraction"":{""value"":0.9258038054536786,""score"":12.366032424386905},""VC3_range_pct_rank"":{""score"":30.833333333333336},""_score"":52.04},""sr_quality"":{""SR1_touches"":{""value"":2,""score"":25.0},""SR2_tightness"":{""value"":4.355000000000018,""score"":75.46973920554855},""SR3_recency"":{""value"":290,""score"":0.0},""SR4_price_location"":{""score"":58.374446647091425},""SR5_reaction"":{""value"":2.4900608589453705,""score"":100},""_score"":48.41,""_levels_found"":6,""_target_level"":1241.445},""volume"":{""V1_rvol_day"":{""value"":0.35814802241640165,""score"":0},""V2_rvol_sameslot"":{""value"":0.7779823149015641,""score"":18.532154326770943,""status"":""ok""},""V3_breakout_bar"":{""value"":0.5600852434544251,""score"":4.005682896961674},""V4_base_dryup"":{""value"":0.975186617720208,""score"":52.4813382279792},""V5_bo_expansion"":{""value"":0.3581480224164017,""score"":0},""_score"":15.2},""readiness"":{""_distance_atr"":1.897,""BR1_atr_distance"":{""score"":0},""BR2_compression"":{""score"":0},""BR3_retest"":{""score"":50.0},""BR4_bo_age"":{""score"":50.0},""_score"":17.5},""risk"":{""R1_stop_clarity"":{""score"":1.3300535123391342},""R2_stop_distance_pct"":{""value"":3.7314796217256854,""score"":100.0},""R3_stop_distance_atr"":{""value"":1.2557310868651723,""score"":87.78655434325862},""R4_rr_potential"":{""value"":4.119993406216299,""score"":100.0},""_score"":63.63},""market"":{""M1_spy_regime"":{""score"":100.0},""M3_earnings_risk"":{""value"":null,""score"":80.0},""M4_vix"":{""value"":null,""score"":60.0},""_score"":84.0},""liquidity"":{""L1_price"":{""value"":1194.9,""score"":0.0},""L2_dollar_vol"":{""value"":175438738.4311086,""score"":100.0},""L3_spread_proxy"":{""value"":0.028228303623734217,""score"":71.77169637626578},""L4_volume_zscore"":{""value"":-1.829859201778507,""score"":100.0},""_score"":72.18},""pattern_structure"":{""pole_low"":1145.92,""pole_low_idx"":9,""peak_price"":1262.26,""peak_idx"":34,""pole_gain"":0.10152541189611833,""flag_bars"":25,""flag_low"":1167.83,""flag_high"":1256.37,""structural_low"":1167.83,""current_price"":1195.38,""neckline_distance_pct"":0.055948735966805434,""base_bars"":25},""pattern_geometry_features"":{""pole_gain"":0.10152541189611833,""pullback_pct"":0.07481026096049948,""flag_range_pct"":0.07014402737946221,""flag_drift_per_bar"":-0.001994599078246113,""atr_pct"":0.0297155948495391,""pole_atr_multiple"":3.416570067339339},""_schema_version"":""1.0""}",,,,,,,,,,
20260513T182534Z-d71724,2026-05-13T18:25:34.488073+00:00,TDG,ascending_triangle,absent,36.38,16.6,31.5,52.0,48.4,12.8,17.5,63.6,84.0,72.2,2.5,8.81,4.16,6.78,1.54,1.4,2.55,5.04,3.61,True,risk_unclear;trend_floor,1194.9,1262.26,1150.3125,1356.69,"{""trend"":{""T1_ema_stack"":{""value"":[false,false,false],""score"":0.0},""T2_ema50_slope"":{""value"":-0.15855823882233408,""score"":23.57362686294432},""T3_high_proximity"":{""value"":0.8923957041927438,""score"":46.197852096371896},""T4_rs_1m"":{""value"":-0.14798653574251597,""score"":0},""T5_rs_3m"":{""value"":-0.17242698109622556,""score"":0},""T6_adr_healthy"":{""value"":3.025254464646927,""score"":100.0},""_score"":16.64},""geometry"":{""sub_flat_top_quality"":33.3,""sub_hl_slope"":21.6,""sub_compression"":0,""sub_duration"":100.0,""_score"":31.47},""compression"":{""VC1_atr_ratio"":{""value"":0.4725046356731069,""score"":100},""VC2_range_contraction"":{""value"":0.9258038054536786,""score"":12.366032424386905},""VC3_range_pct_rank"":{""score"":30.833333333333336},""_score"":52.04},""sr_quality"":{""SR1_touches"":{""value"":2,""score"":25.0},""SR2_tightness"":{""value"":4.355000000000018,""score"":75.46973920554855},""SR3_recency"":{""value"":290,""score"":0.0},""SR4_price_location"":{""score"":58.374446647091425},""SR5_reaction"":{""value"":2.4900608589453705,""score"":100},""_score"":48.41,""_levels_found"":6,""_target_level"":1241.445},""volume"":{""V1_rvol_day"":{""value"":0.35814802241640165,""score"":0},""V2_rvol_sameslot"":{""value"":0.7779823149015641,""score"":18.532154326770943,""status"":""ok""},""V3_breakout_bar"":{""value"":0.5600852434544251,""score"":4.005682896961674},""V4_base_dryup"":{""value"":1.095266164965206,""score"":40.4733835034794},""V5_bo_expansion"":{""value"":0.3581480224164017,""score"":0},""_score"":12.8},""readiness"":{""_distance_atr"":1.897,""BR1_atr_distance"":{""score"":0},""BR2_compression"":{""score"":0},""BR3_retest"":{""score"":50.0},""BR4_bo_age"":{""score"":50.0},""_score"":17.5},""risk"":{""R1_stop_clarity"":{""score"":1.3300535123391342},""R2_stop_distance_pct"":{""value"":3.7314796217256854,""score"":100.0},""R3_stop_distance_atr"":{""value"":1.2557310868651723,""score"":87.78655434325862},""R4_rr_potential"":{""value"":3.6285995274454845,""score"":100.0},""_score"":63.63},""market"":{""M1_spy_regime"":{""score"":100.0},""M3_earnings_risk"":{""value"":null,""score"":80.0},""M4_vix"":{""value"":null,""score"":60.0},""_score"":84.0},""liquidity"":{""L1_price"":{""value"":1194.9,""score"":0.0},""L2_dollar_vol"":{""value"":175438738.4311086,""score"":100.0},""L3_spread_proxy"":{""value"":0.028228303623734217,""score"":71.77169637626578},""L4_volume_zscore"":{""value"":-1.829859201778507,""score"":100.0},""_score"":72.18},""pattern_structure"":{""top"":1262.26,""top_touches"":2,""low_slope_per_bar"":0.7573438568497848,""lowest_low"":1167.83,""structural_low"":1167.83,""current_price"":1195.38,""neckline_distance_pct"":0.055948735966805434,""base_bars"":47},""pattern_geometry_features"":{""top_touches"":2.0,""low_slope"":0.7573438568497848,""compression"":-0.3116609529322931,""atr_pct"":0.0297155948495391},""_schema_version"":""1.0""}",,,,,,,,,,
20260513T182534Z-d71724,2026-05-13T18:25:34.488073+00:00,TEM,bull_flag,absent,36.33,15.9,16.6,63.5,64.5,17.2,26.4,75.7,84.0,97.2,2.23,4.99,5.72,6.45,2.41,2.38,2.27,5.04,4.86,True,trend_floor,45.64,53.53,44.5712,58.56,"{""trend"":{""T1_ema_stack"":{""value"":[false,false,false],""score"":0.0},""T2_ema50_slope"":{""value"":0.026888833962664123,""score"":54.48147232711069},""T3_high_proximity"":{""value"":0.7611741160773849,""score"":0},""T4_rs_1m"":{""value"":-0.14810310138816662,""score"":0},""T5_rs_3m"":{""value"":-0.2220953935499138,""score"":0},""T6_adr_healthy"":{""value"":5.75906877285002,""score"":100.0},""_score"":15.9},""geometry"":{""sub_pole_impulse"":14.0,""sub_flag_tightness"":0,""sub_flag_shallowness"":0,""sub_flag_drift"":82.9,""sub_flag_duration"":0.0,""_score"":16.64},""compression"":{""VC1_atr_ratio"":{""value"":0.44628149073769025,""score"":100},""VC2_range_contraction"":{""value"":1.0117569291444124,""score"":0},""VC3_range_pct_rank"":{""score"":94.16666666666667},""_score"":63.54},""sr_quality"":{""SR1_touches"":{""value"":8,""score"":100},""SR2_tightness"":{""value"":0.7277165382207559,""score"":52.019631317640126},""SR3_recency"":{""value"":233,""score"":0.0},""SR4_price_location"":{""score"":46.6008771929825},""SR5_reaction"":{""value"":2.4401883793489163,""score"":100},""_score"":64.45,""_levels_found"":5,""_target_level"":49.7308},""volume"":{""V1_rvol_day"":{""value"":0.5983785358546009,""score"":6.558569056973392},""V2_rvol_sameslot"":{""value"":1.040630109690067,""score"":36.04200731267113,""status"":""ok""},""V3_breakout_bar"":{""value"":0.6486546342635031,""score"":9.910308950900209},""V4_base_dryup"":{""value"":1.1905957817115207,""score"":30.94042182884793},""V5_bo_expansion"":{""value"":0.5983785358546008,""score"":0},""_score"":17.19},""readiness"":{""_distance_atr"":2.601,""BR1_atr_distance"":{""score"":0},""BR2_compression"":{""score"":35.63203645463622},""BR3_retest"":{""score"":50.0},""BR4_bo_age"":{""score"":50.0},""_score"":26.41},""risk"":{""R1_stop_clarity"":{""score"":55.24813092364741},""R2_stop_distance_pct"":{""value"":2.3416958808063133,""score"":100.0},""R3_stop_distance_atr"":{""value"":0.35232825101548315,""score"":42.61641255077415},""R4_rr_potential"":{""value"":12.088888888888874,""score"":100.0},""_score"":75.73},""market"":{""M1_spy_regime"":{""score"":100.0},""M3_earnings_risk"":{""value"":null,""score"":80.0},""M4_vix"":{""value"":null,""score"":60.0},""_score"":84.0},""liquidity"":{""L1_price"":{""value"":45.64,""score"":100.0},""L2_dollar_vol"":{""value"":166916382.8087045,""score"":100.0},""L3_spread_proxy"":{""value"":0.028376424189307577,""score"":71.62357581069242},""L4_volume_zscore"":{""value"":-0.9196798601774179,""score"":100.0},""_score"":97.16},""pattern_structure"":{""pole_low"":48.5,""pole_low_idx"":26,""peak_price"":53.53,""peak_idx"":31,""pole_gain"":0.1037113402061856,""flag_bars"":28,""flag_low"":45.25,""flag_high"":53.31,""structural_low"":45.25,""current_price"":45.85,""neckline_distance_pct"":0.16750272628135224,""base_bars"":28},""pattern_geometry_features"":{""pole_gain"":0.1037113402061856,""pullback_pct"":0.15467961890528678,""flag_range_pct"":0.15056977395852797,""flag_drift_per_bar"":-0.0034148710813622523,""atr_pct"":0.06646347189182417,""pole_atr_multiple"":1.5604261597255407},""_schema_version"":""1.0""}",,,,,,,,,,
20260513T182534Z-d71724,2026-05-13T18:25:34.488073+00:00,WDAY,bull_flag,absent,35.71,5.0,24.1,45.7,46.1,34.5,23.9,73.7,84.0,96.1,0.7,7.24,4.11,4.61,4.83,2.15,2.21,5.04,4.8,True,trend_floor,113.79,133.36,110.8568,145.63,"{""trend"":{""T1_ema_stack"":{""value"":[false,false,false],""score"":0.0},""T2_ema50_slope"":{""value"":-0.41923886731044924,""score"":0},""T3_high_proximity"":{""value"":0.7533765889830509,""score"":0},""T4_rs_1m"":{""value"":-0.10409733792945541,""score"":0},""T5_rs_3m"":{""value"":-0.28622743962282693,""score"":0},""T6_adr_healthy"":{""value"":4.709373498345344,""score"":100.0},""_score"":5.0},""geometry"":{""sub_pole_impulse"":20.1,""sub_flag_tightness"":0,""sub_flag_shallowness"":0,""sub_flag_drift"":70.8,""sub_flag_duration"":75.0,""_score"":24.15},""compression"":{""VC1_atr_ratio"":{""value"":0.6558668182983877,""score"":86.03329542540308},""VC2_range_contraction"":{""value"":1.0296798136654337,""score"":0},""VC3_range_pct_rank"":{""score"":44.99999999999999},""_score"":45.66},""sr_quality"":{""SR1_touches"":{""value"":3,""score"":50.0},""SR2_tightness"":{""value"":0.274979639650326,""score"":91.39967773188339},""SR3_recency"":{""value"":227,""score"":0.0},""SR4_price_location"":{""score"":9.733872922505427},""SR5_reaction"":{""value"":3.2685130058788117,""score"":100},""_score"":46.14,""_levels_found"":2,""_target_level"":133.0306},""volume"":{""V1_rvol_day"":{""value"":0.5759853189382285,""score"":5.0656879292152315},""V2_rvol_sameslot"":{""value"":1.23978868570261,""score"":49.31924571350733,""status"":""ok""},""V3_breakout_bar"":{""value"":1.2109054963814372,""score"":47.39369975876248},""V4_base_dryup"":{""value"":0.9100940210548518,""score"":58.99059789451482},""V5_bo_expansion"":{""value"":0.5759853189382285,""score"":0},""_score"":34.52},""readiness"":{""_distance_atr"":3.06,""BR1_atr_distance"":{""score"":0},""BR2_compression"":{""score"":25.57675508501143},""BR3_retest"":{""score"":50.0},""BR4_bo_age"":{""score"":50.0},""_score"":23.89},""risk"":{""R1_stop_clarity"":{""score"":47.20027612429612},""R2_stop_distance_pct"":{""value"":2.5777089375164826,""score"":100.0},""R3_stop_distance_atr"":{""value"":0.4586930563452188,""score"":47.93465281726094},""R4_rr_potential"":{""value"":10.855131384932694,""score"":100.0},""_score"":73.71},""market"":{""M1_spy_regime"":{""score"":100.0},""M3_earnings_risk"":{""value"":null,""score"":80.0},""M4_vix"":{""value"":null,""score"":60.0},""_score"":84.0},""liquidity"":{""L1_price"":{""value"":113.79,""score"":100.0},""L2_dollar_vol"":{""value"":302364670.1346194,""score"":100.0},""L3_spread_proxy"":{""value"":0.03906230775990864,""score"":60.93769224009136},""L4_volume_zscore"":{""value"":-1.3749175252944426,""score"":100.0},""_score"":96.09},""pattern_structure"":{""pole_low"":121.09,""pole_low_idx"":31,""peak_price"":133.36,""peak_idx"":37,""pole_gain"":0.10132958956148327,""flag_bars"":22,""flag_low"":112.545,""flag_high"":128.98,""structural_low"":112.545,""current_price"":112.83,""neckline_distance_pct"":0.18195515377116028,""base_bars"":22},""pattern_geometry_features"":{""pole_gain"":0.10132958956148327,""pullback_pct"":0.15608128374325142,""flag_range_pct"":0.12323785242951399,""flag_drift_per_bar"":-0.005834997690193438,""atr_pct"":0.056196816190225096,""pole_atr_multiple"":1.8031197571493134},""_schema_version"":""1.0""}",,,,,,,,,,
20260513T182534Z-d71724,2026-05-13T18:25:34.488073+00:00,LEU,bull_flag,absent,34.54,19.4,22.6,57.1,54.3,5.3,18.9,80.1,84.0,91.7,2.72,6.79,5.14,5.43,0.74,1.7,2.4,5.04,4.59,True,trend_floor,197.07,235.0,190.6369,271.7,"{""trend"":{""T1_ema_stack"":{""value"":[false,false,false],""score"":0.0},""T2_ema50_slope"":{""value"":0.010398292003812409,""score"":51.73304866730207},""T3_high_proximity"":{""value"":0.8519367110496282,""score"":25.96835552481408},""T4_rs_1m"":{""value"":-0.049058394644857284,""score"":0.9416053551427126},""T5_rs_3m"":{""value"":-0.1357149773746964,""score"":0},""T6_adr_healthy"":{""value"":7.634050737609456,""score"":100.0},""_score"":19.43},""geometry"":{""sub_pole_impulse"":26.1,""sub_flag_tightness"":0,""sub_flag_shallowness"":0,""sub_flag_drift"":90.3,""sub_flag_duration"":12.5,""_score"":22.62},""compression"":{""VC1_atr_ratio"":{""value"":0.5857222966167537,""score"":100},""VC2_range_contraction"":{""value"":1.119476232405321,""score"":0},""VC3_range_pct_rank"":{""score"":68.33333333333333},""_score"":57.08},""sr_quality"":{""SR1_touches"":{""value"":4,""score"":75.0},""SR2_tightness"":{""value"":3.728352256946087,""score"":58.18220364121009},""SR3_recency"":{""value"":242,""score"":0.0},""SR4_price_location"":{""score"":34.24144345271479},""SR5_reaction"":{""value"":1.933888947195118,""score"":96.6944473597559},""_score"":54.29,""_levels_found"":7,""_target_level"":215.391},""volume"":{""V1_rvol_day"":{""value"":0.4194002642062781,""score"":0},""V2_rvol_sameslot"":{""value"":0.473573483983883,""score"":0,""status"":""ok""},""V3_breakout_bar"":{""value"":0.3929031321277423,""score"":0},""V4_base_dryup"":{""value"":1.2370788883352075,""score"":26.292111166479245},""V5_bo_expansion"":{""value"":0.4194002642062781,""score"":0},""_score"":5.26},""readiness"":{""_distance_atr"":2.127,""BR1_atr_distance"":{""score"":0},""BR2_compression"":{""score"":5.697237484139583},""BR3_retest"":{""score"":50.0},""BR4_bo_age"":{""score"":50.0},""_score"":18.92},""risk"":{""R1_stop_clarity"":{""score"":67.43836519657529},""R2_stop_distance_pct"":{""value"":3.2643730654082286,""score"":100.0},""R3_stop_distance_atr"":{""value"":0.3607734023180596,""score"":43.038670115902974},""R4_rr_potential"":{""value"":11.600938894156789,""score"":100.0},""_score"":80.06},""market"":{""M1_spy_regime"":{""score"":100.0},""M3_earnings_risk"":{""value"":null,""score"":80.0},""M4_vix"":{""value"":null,""score"":60.0},""_score"":84.0},""liquidity"":{""L1_price"":{""value"":197.07,""score"":100.0},""L2_dollar_vol"":{""value"":78641547.9187644,""score"":94.78260266106773},""L3_spread_proxy"":{""value"":0.061957680012178454,""score"":38.04231998782154},""L4_volume_zscore"":{""value"":-1.6825701066958698,""score"":100.0},""_score"":91.72},""pattern_structure"":{""pole_low"":198.3,""pole_low_idx"":26,""peak_price"":235.0,""peak_idx"":32,""pole_gain"":0.18507312153303068,""flag_bars"":27,""flag_low"":193.54,""flag_high"":224.9799,""structural_low"":193.54,""current_price"":198.3,""neckline_distance_pct"":0.18507312153303068,""base_bars"":27},""pattern_geometry_features"":{""pole_gain"":0.18507312153303068,""pullback_pct"":0.17642553191489366,""flag_range_pct"":0.13378680851063826,""flag_drift_per_bar"":-0.001944683041506029,""atr_pct"":0.09048264213586182,""pole_atr_multiple"":2.045399174519451},""_schema_version"":""1.0""}",,,,,,,,,,
20260513T182534Z-d71724,2026-05-13T18:25:34.488073+00:00,NOC,double_bottom,absent,34.52,13.3,22.3,66.1,36.1,14.4,17.5,61.9,84.0,91.8,2.0,5.57,5.29,5.05,1.87,1.4,3.71,5.04,4.59,True,risk_unclear;reversal_trend_cap,550.29,580.86,535.9385,617.62,"{""trend"":{""T1_ema_stack"":{""value"":[false,false,true],""score"":33.33333333333333},""T2_ema50_slope"":{""value"":-0.6178720429692316,""score"":0},""T3_high_proximity"":{""value"":0.7165047785213926,""score"":0},""T4_rs_1m"":{""value"":-0.2604695217351942,""score"":0},""T5_rs_3m"":{""value"":-0.2627843140663836,""score"":0},""T6_adr_healthy"":{""value"":2.6271197812979246,""score"":100.0},""_score"":13.33},""geometry"":{""sub_low_similarity"":3.5,""sub_bounce_quality"":53.7,""sub_separation_fit"":0.0,""sub_right_bottom_reaction"":29.8,""sub_base_context"":30.0,""_score"":22.26},""compression"":{""VC1_atr_ratio"":{""value"":0.3481966747129443,""score"":100},""VC2_range_contraction"":{""value"":0.827787482946532,""score"":28.702086175577996},""VC3_range_pct_rank"":{""score"":64.16666666666666},""_score"":66.09},""sr_quality"":{""SR1_touches"":{""value"":2,""score"":25.0},""SR2_tightness"":{""value"":2.345550000000003,""score"":64.57410157394135},""SR3_recency"":{""value"":318,""score"":0.0},""SR4_price_location"":{""score"":15.547494794147967},""SR5_reaction"":{""value"":2.330881539861514,""score"":100},""_score"":36.07,""_levels_found"":4,""_target_level"":584.9456},""volume"":{""V1_rvol_day"":{""value"":0.3194122345985667,""score"":0},""V2_rvol_sameslot"":{""value"":0.4033371814756613,""score"":0,""status"":""ok""},""V3_breakout_bar"":{""value"":0.43371011965391254,""score"":0},""V4_base_dryup"":{""value"":0.7795386039446341,""score"":72.04613960553658},""V5_bo_expansion"":{""value"":0.3194122345985667,""score"":0},""_score"":14.41},""readiness"":{""_distance_atr"":2.309,""BR1_atr_distance"":{""score"":0},""BR2_compression"":{""score"":0},""BR3_retest"":{""score"":50.0},""BR4_bo_age"":{""score"":50.0},""_score"":17.5},""risk"":{""R1_stop_clarity"":{""score"":0},""R2_stop_distance_pct"":{""value"":2.607988515146557,""score"":100.0},""R3_stop_distance_atr"":{""value"":1.083785852489991,""score"":79.18929262449956},""R4_rr_potential"":{""value"":4.6914956624743125,""score"":100.0},""_score"":61.88},""market"":{""M1_spy_regime"":{""score"":100.0},""M3_earnings_risk"":{""value"":null,""score"":80.0},""M4_vix"":{""value"":null,""score"":60.0},""_score"":84.0},""liquidity"":{""L1_price"":{""value"":550.29,""score"":74.85500000000002},""L2_dollar_vol"":{""value"":146553681.29405403,""score"":100.0},""L3_spread_proxy"":{""value"":0.0186265423685693,""score"":81.3734576314307},""L4_volume_zscore"":{""value"":-1.836065545866381,""score"":100.0},""_score"":91.85},""pattern_structure"":{""left_low"":571.0,""left_idx"":28,""right_low"":544.1,""right_idx"":76,""separation_bars"":48,""structural_low"":544.1,""current_price"":550.54,""neckline_distance_pct"":0.05507320085734016,""base_bars"":48},""pattern_geometry_features"":{""low_similarity_pct"":0.048246794009505836,""bounce_pct"":0.06756111009005696,""right_bottom_reaction"":0.29756097560975164,""atr_pct"":0.024063688496714735},""_schema_version"":""1.0""}",,,,,,,,,,
20260513T182534Z-d71724,2026-05-13T18:25:34.488073+00:00,ADBE,bull_flag,absent,33.62,12.9,20.6,57.1,33.1,25.2,20.3,64.0,84.0,97.3,1.81,6.17,5.14,3.31,3.54,1.83,1.92,5.04,4.87,True,risk_unclear;trend_floor,234.98,259.44,229.3474,274.78,"{""trend"":{""T1_ema_stack"":{""value"":[false,false,false],""score"":0.0},""T2_ema50_slope"":{""value"":-0.12649519161018444,""score"":28.91746806496926},""T3_high_proximity"":{""value"":0.828502926450885,""score"":14.251463225442462},""T4_rs_1m"":{""value"":-0.07270415958226395,""score"":0},""T5_rs_3m"":{""value"":-0.15967890551649166,""score"":0},""T6_adr_healthy"":{""value"":3.215537963216079,""score"":100.0},""_score"":12.92},""geometry"":{""sub_pole_impulse"":20.2,""sub_flag_tightness"":0,""sub_flag_shallowness"":0,""sub_flag_drift"":80.0,""sub_flag_duration"":25.0,""_score"":20.56},""compression"":{""VC1_atr_ratio"":{""value"":0.5128431658799842,""score"":100},""VC2_range_contraction"":{""value"":0.9609108174806622,""score"":6.514863753222966},""VC3_range_pct_rank"":{""score"":59.166666666666664},""_score"":57.07},""sr_quality"":{""SR1_touches"":{""value"":2,""score"":25.0},""SR2_tightness"":{""value"":1.5795499999999976,""score"":61.32115733760584},""SR3_recency"":{""value"":248,""score"":0.0},""SR4_price_location"":{""score"":5.746686630867961},""SR5_reaction"":{""value"":3.1744113438955015,""score"":100},""_score"":33.13,""_levels_found"":5,""_target_level"":245.8596},""volume"":{""V1_rvol_day"":{""value"":0.46568766378830667,""score"":0},""V2_rvol_sameslot"":{""value"":0.9809732718957689,""score"":32.064884793051256,""status"":""ok""},""V3_breakout_bar"":{""value"":0.8606183539744824,""score"":24.041223598298824},""V4_base_dryup"":{""value"":0.8586735578465138,""score"":64.13264421534862},""V5_bo_expansion"":{""value"":0.4656876637883065,""score"":0},""_score"":25.25},""readiness"":{""_distance_atr"":2.995,""BR1_atr_distance"":{""score"":0},""BR2_compression"":{""score"":11.323607090692041},""BR3_retest"":{""score"":50.0},""BR4_bo_age"":{""score"":50.0},""_score"":20.33},""risk"":{""R1_stop_clarity"":{""score"":14.475815338116277},""R2_stop_distance_pct"":{""value"":2.397055068516468,""score"":100.0},""R3_stop_distance_atr"":{""value"":0.6896345452192129,""score"":59.48172726096064},""R4_rr_potential"":{""value"":7.066008592834572,""score"":100.0},""_score"":63.99},""market"":{""M1_spy_regime"":{""score"":100.0},""M3_earnings_risk"":{""value"":null,""score"":80.0},""M4_vix"":{""value"":null,""score"":60.0},""_score"":84.0},""liquidity"":{""L1_price"":{""value"":234.98,""score"":100.0},""L2_dollar_vol"":{""value"":542017252.2973325,""score"":100.0},""L3_spread_proxy"":{""value"":0.02655545152778964,""score"":73.44454847221036},""L4_volume_zscore"":{""value"":-1.5834268927214121,""score"":100.0},""_score"":97.34},""pattern_structure"":{""pole_low"":244.1,""pole_low_idx"":8,""peak_price"":259.44,""peak_idx"":33,""pole_gain"":0.06284309709135602,""flag_bars"":26,""flag_low"":232.84,""flag_high"":259.4,""structural_low"":232.84,""current_price"":233.1,""neckline_distance_pct"":0.11299871299871302,""base_bars"":26},""pattern_geometry_features"":{""pole_gain"":0.06284309709135602,""pullback_pct"":0.10252852297255625,""flag_range_pct"":0.10237434474252226,""flag_drift_per_bar"":-0.004001726268392941,""atr_pct"":0.0347583380956434,""pole_atr_multiple"":1.8080006276028702},""_schema_version"":""1.0""}",,,,,,,,,,
20260513T182534Z-d71724,2026-05-13T18:25:34.488073+00:00,PLTR,bull_flag,absent,33.52,10.3,21.5,53.4,43.1,22.4,17.5,68.6,84.0,94.2,1.44,6.44,4.81,4.31,3.14,1.57,2.06,5.04,4.71,True,trend_floor,130.34,140.95,127.4886,150.7499,"{""trend"":{""T1_ema_stack"":{""value"":[false,false,false],""score"":0.0},""T2_ema50_slope"":{""value"":-0.1640423394062174,""score"":22.659610098963768},""T3_high_proximity"":{""value"":0.8103705545884109,""score"":5.1852772942054255},""T4_rs_1m"":{""value"":-0.10906373636803102,""score"":0},""T5_rs_3m"":{""value"":-0.11278641126872857,""score"":0},""T6_adr_healthy"":{""value"":3.762550707666186,""score"":100.0},""_score"":10.31},""geometry"":{""sub_pole_impulse"":17.9,""sub_flag_tightness"":0,""sub_flag_shallowness"":0,""sub_flag_drift"":90.6,""sub_flag_duration"":25.0,""_score"":21.46},""compression"":{""VC1_atr_ratio"":{""value"":0.5064417807227131,""score"":100},""VC2_range_contraction"":{""value"":0.8450723036439302,""score"":25.821282726011642},""VC3_range_pct_rank"":{""score"":17.500000000000004},""_score"":53.41},""sr_quality"":{""SR1_touches"":{""value"":2,""score"":25.0},""SR2_tightness"":{""value"":0.8100000000000023,""score"":71.46767846539377},""SR3_recency"":{""value"":233,""score"":0.0},""SR4_price_location"":{""score"":39.52441530482428},""SR5_reaction"":{""value"":2.5775958374009917,""score"":100},""_score"":43.1,""_levels_found"":6,""_target_level"":135.49},""volume"":{""V1_rvol_day"":{""value"":0.8365338221373745,""score"":22.435588142491632},""V2_rvol_sameslot"":{""value"":1.0913766250258323,""score"":39.425108335055484,""status"":""ok""},""V3_breakout_bar"":{""value"":0.6668697645751739,""score"":11.124650971678259},""V4_base_dryup"":{""value"":1.1376733402308927,""score"":36.232665976910724},""V5_bo_expansion"":{""value"":0.8365338221373744,""score"":0},""_score"":22.4},""readiness"":{""_distance_atr"":1.869,""BR1_atr_distance"":{""score"":0},""BR2_compression"":{""score"":0},""BR3_retest"":{""score"":50.0},""BR4_bo_age"":{""score"":50.0},""_score"":17.5},""risk"":{""R1_stop_clarity"":{""score"":31.612252292146678},""R2_stop_distance_pct"":{""value"":2.1877013963480128,""score"":100.0},""R3_stop_distance_atr"":{""value"":0.502212890369461,""score"":50.110644518473045},""R4_rr_potential"":{""value"":7.157726770590389,""score"":100.0},""_score"":68.58},""market"":{""M1_spy_regime"":{""score"":100.0},""M3_earnings_risk"":{""value"":null,""score"":80.0},""M4_vix"":{""value"":null,""score"":60.0},""_score"":84.0},""liquidity"":{""L1_price"":{""value"":130.34,""score"":100.0},""L2_dollar_vol"":{""value"":4873738896.944201,""score"":100.0},""L3_spread_proxy"":{""value"":0.05800214822771215,""score"":41.99785177228785},""L4_volume_zscore"":{""value"":-0.48354224222807723,""score"":100.0},""_score"":94.2},""pattern_structure"":{""pole_low"":131.1501,""pole_low_idx"":26,""peak_price"":140.95,""peak_idx"":33,""pole_gain"":0.0747227794717654,""flag_bars"":26,""flag_low"":129.43,""flag_high"":139.79,""structural_low"":129.43,""current_price"":130.58,""neckline_distance_pct"":0.07941491805789536,""base_bars"":26},""pattern_geometry_features"":{""pole_gain"":0.0747227794717654,""pullback_pct"":0.08173111032280939,""flag_range_pct"":0.07350124157502651,""flag_drift_per_bar"":-0.0018847286203696005,""atr_pct"":0.04356123545014137,""pole_atr_multiple"":1.7153503269504466},""_schema_version"":""1.0""}",,,,,,,,,,
20260513T182534Z-d71724,2026-05-13T18:25:34.488073+00:00,NOW,bull_flag,absent,33.06,5.0,21.1,70.4,46.1,6.4,24.1,71.1,84.0,97.0,0.7,6.32,6.34,4.61,0.9,2.17,2.13,5.04,4.85,True,trend_floor,86.75,95.56,84.8528,103.25,"{""trend"":{""T1_ema_stack"":{""value"":[false,false,false],""score"":0.0},""T2_ema50_slope"":{""value"":-0.5831238999872118,""score"":0},""T3_high_proximity"":{""value"":0.6976837703072221,""score"":0},""T4_rs_1m"":{""value"":-0.08141129350742637,""score"":0},""T5_rs_3m"":{""value"":-0.21093158553158886,""score"":0},""T6_adr_healthy"":{""value"":4.309018787143525,""score"":100.0},""_score"":5.0},""geometry"":{""sub_pole_impulse"":19.0,""sub_flag_tightness"":0,""sub_flag_shallowness"":0,""sub_flag_drift"":85.7,""sub_flag_duration"":25.0,""_score"":21.05},""compression"":{""VC1_atr_ratio"":{""value"":0.39454397693731863,""score"":100},""VC2_range_contraction"":{""value"":0.7602703818946727,""score"":39.95493635088789},""VC3_range_pct_rank"":{""score"":65.83333333333333},""_score"":70.44},""sr_quality"":{""SR1_touches"":{""value"":3,""score"":50.0},""SR2_tightness"":{""value"":0.49593906435726376,""score"":76.99562186876653},""SR3_recency"":{""value"":255,""score"":0.0},""SR4_price_location"":{""score"":18.199182621343695},""SR5_reaction"":{""value"":2.550042492425081,""score"":100},""_score"":46.1,""_levels_found"":3,""_target_level"":98.5067},""volume"":{""V1_rvol_day"":{""value"":0.525384588929561,""score"":1.692305928637398},""V2_rvol_sameslot"":{""value"":0.7853663830917048,""score"":19.024425539446987,""status"":""ok""},""V3_breakout_bar"":{""value"":0.6353748616769491,""score"":9.024990778463275},""V4_base_dryup"":{""value"":1.773136976173585,""score"":0},""V5_bo_expansion"":{""value"":0.525384588929561,""score"":0},""_score"":6.4},""readiness"":{""_distance_atr"":2.043,""BR1_atr_distance"":{""score"":0},""BR2_compression"":{""score"":26.547303637239228},""BR3_retest"":{""score"":50.0},""BR4_bo_age"":{""score"":50.0},""_score"":24.14},""risk"":{""R1_stop_clarity"":{""score"":40.06182523602762},""R2_stop_distance_pct"":{""value"":2.1869452449567772,""score"":100.0},""R3_stop_distance_atr"":{""value"":0.44000699095648627,""score"":47.000349547824314},""R4_rr_potential"":{""value"":8.69714180294383,""score"":100.0},""_score"":71.07},""market"":{""M1_spy_regime"":{""score"":100.0},""M3_earnings_risk"":{""value"":null,""score"":80.0},""M4_vix"":{""value"":null,""score"":60.0},""_score"":84.0},""liquidity"":{""L1_price"":{""value"":86.75,""score"":100.0},""L2_dollar_vol"":{""value"":1227965930.375313,""score"":100.0},""L3_spread_proxy"":{""value"":0.02962074927953884,""score"":70.37925072046116},""L4_volume_zscore"":{""value"":-0.8695979469681496,""score"":100.0},""_score"":97.04},""pattern_structure"":{""pole_low"":87.87,""pole_low_idx"":8,""peak_price"":95.56,""peak_idx"":33,""pole_gain"":0.08751564811653575,""flag_bars"":26,""flag_low"":86.145,""flag_high"":95.3,""structural_low"":86.145,""current_price"":86.655,""neckline_distance_pct"":0.10276383359298369,""base_bars"":26},""pattern_geometry_features"":{""pole_gain"":0.08751564811653575,""pullback_pct"":0.098524487233152,""flag_range_pct"":0.09580368354960235,""flag_drift_per_bar"":-0.002860181868663782,""atr_pct"":0.049702511321531515,""pole_atr_multiple"":1.7607892597294836},""_schema_version"":""1.0""}",,,,,,,,,,
