run_id,asof,ticker,pattern,pattern_state,final_score,trend,geometry,compression,sr_quality,volume,readiness,risk,market,liquidity,comp_trend,comp_geometry,comp_compression,comp_sr,comp_volume,comp_readiness,comp_risk,comp_market,comp_liquidity,veto_triggered,veto_reasons,price,trigger,invalid_below,measured_move_target,features_json,note,ret_1h,ret_eod,ret_1d,ret_3d,ret_5d,max_dd_5d,max_fav_5d,touched_invalid_5d,post_hoc_tag
20260505T210937Z-543da1,2026-05-05T21:09:37.858700+00:00,ONTO,double_bottom,candidate,70.34,99.3,71.8,66.5,56.1,49.7,48.9,68.2,84.0,96.3,14.89,17.95,5.32,7.86,6.46,3.91,4.09,5.04,4.82,False,,305.0,316.0,283.68,344.0,"{""trend"":{""T1_ema_stack"":{""value"":[true,true,true],""score"":100.0},""T2_ema50_slope"":{""value"":0.7797310524263396,""score"":100},""T3_high_proximity"":{""value"":0.9907100630156565,""score"":95.3550315078282},""T4_rs_1m"":{""value"":0.2806277509721735,""score"":100},""T5_rs_3m"":{""value"":0.4758006245433737,""score"":100},""T6_adr_healthy"":{""value"":4.4813002076232085,""score"":100.0},""_score"":99.3},""geometry"":{""sub_low_similarity"":93.2,""sub_bounce_quality"":96.0,""sub_separation_fit"":0.0,""sub_right_bottom_reaction"":30.9,""sub_base_context"":100.0,""_score"":71.8},""compression"":{""VC1_atr_ratio"":{""value"":0.5908572942410354,""score"":100},""VC2_range_contraction"":{""value"":0.8462133276011872,""score"":25.63111206646881},""VC3_range_pct_rank"":{""score"":70.0},""_score"":66.47},""sr_quality"":{""SR1_touches"":{""value"":6,""score"":100},""SR2_tightness"":{""value"":4.83241054409357,""score"":40.39553707799253},""SR3_recency"":{""value"":249,""score"":0.0},""SR4_price_location"":{""score"":30.0},""SR5_reaction"":{""value"":1.6755649922837124,""score"":83.77824961418561},""_score"":56.13,""_levels_found"":6,""_target_level"":225.765},""volume"":{""V1_rvol_day"":{""value"":1.3915558628284168,""score"":59.43705752189445},""V2_rvol_sameslot"":{""value"":1.431671298099239,""score"":62.1114198732826,""status"":""ok""},""V3_breakout_bar"":{""value"":1.063899252749874,""score"":37.593283516658275},""V4_base_dryup"":{""value"":0.8969647578568316,""score"":60.30352421431684},""V5_bo_expansion"":{""value"":1.3915558628284168,""score"":26.103724188561124},""_score"":49.68},""readiness"":{""_distance_atr"":0.678,""BR1_atr_distance"":{""score"":54.774186632835416},""BR2_compression"":{""score"":37.972547124433376},""BR3_retest"":{""score"":50.0},""BR4_bo_age"":{""score"":50.0},""_score"":48.9},""risk"":{""R1_stop_clarity"":{""score"":46.71576897832254},""R2_stop_distance_pct"":{""value"":6.990163934426227,""score"":100.0},""R3_stop_distance_atr"":{""value"":1.3148377377108391,""score"":90.74188688554196},""R4_rr_potential"":{""value"":1.8292682926829273,""score"":41.46341463414637},""_score"":68.25},""market"":{""M1_spy_regime"":{""score"":100.0},""M3_earnings_risk"":{""value"":null,""score"":80.0},""M4_vix"":{""value"":null,""score"":60.0},""_score"":84.0},""liquidity"":{""L1_price"":{""value"":305.0,""score"":100.0},""L2_dollar_vol"":{""value"":391065536.42825,""score"":100.0},""L3_spread_proxy"":{""value"":0.03698360655737696,""score"":63.01639344262304},""L4_volume_zscore"":{""value"":1.6605494503003473,""score"":100.0},""_score"":96.3},""pattern_structure"":{""left_low"":288.0,""left_idx"":20,""right_low"":288.98,""right_idx"":66,""separation_bars"":46,""structural_low"":288.0,""current_price"":304.885,""neckline_distance_pct"":0.036456368794791506,""base_bars"":46},""pattern_geometry_features"":{""low_similarity_pct"":0.003396998162847995,""bounce_pct"":0.09722222222222222,""right_bottom_reaction"":0.30862796714019414,""atr_pct"":0.05316370023419204},""_schema_version"":""1.0""}",,,,,,,,,,
20260505T210937Z-543da1,2026-05-05T21:09:37.858700+00:00,NBIS,high_tight_pullback,candidate,69.72,99.8,91.2,40.8,43.2,13.3,65.7,76.7,84.0,93.6,11.97,31.94,4.08,3.46,1.86,5.91,0.77,5.04,4.68,False,,175.92,179.96,171.6855,225.81,"{""trend"":{""T1_ema_stack"":{""value"":[true,true,true],""score"":100.0},""T2_ema50_slope"":{""value"":0.7835324974256221,""score"":100},""T3_high_proximity"":{""value"":0.9971658542115407,""score"":98.58292710577032},""T4_rs_1m"":{""value"":0.46477558219166815,""score"":100},""T5_rs_3m"":{""value"":0.9060961834723082,""score"":100},""T6_adr_healthy"":{""value"":7.703656258149659,""score"":100.0},""_score"":99.79},""geometry"":{""sub_pole_impulse"":94.6,""sub_flag_tightness"":86.2,""sub_flag_shallowness"":81.6,""sub_flag_drift"":100,""sub_flag_duration"":100.0,""_score"":91.25},""compression"":{""VC1_atr_ratio"":{""value"":0.7416334476684904,""score"":64.5916380828774},""VC2_range_contraction"":{""value"":1.1855726563743465,""score"":0},""VC3_range_pct_rank"":{""score"":60.0},""_score"":40.84},""sr_quality"":{""SR1_touches"":{""value"":2,""score"":25.0},""SR2_tightness"":{""value"":0.6400000000000006,""score"":89.81469798192336},""SR3_recency"":{""value"":230,""score"":0.0},""SR4_price_location"":{""score"":30.0},""SR5_reaction"":{""value"":1.965441020167126,""score"":98.2720510083563},""_score"":43.21,""_levels_found"":6,""_target_level"":168.07},""volume"":{""V1_rvol_day"":{""value"":0.690322922616843,""score"":12.688194841122868},""V2_rvol_sameslot"":{""value"":0.6486489345395481,""score"":9.909928969303206,""status"":""ok""},""V3_breakout_bar"":{""value"":0.43848764100313076,""score"":0},""V4_base_dryup"":{""value"":1.0603269449698125,""score"":43.96730550301875},""V5_bo_expansion"":{""value"":0.690322922616843,""score"":0},""_score"":13.31},""readiness"":{""_distance_atr"":0.321,""BR1_atr_distance"":{""score"":78.5684270036303},""BR2_compression"":{""score"":67.14855346437948},""BR3_retest"":{""score"":50.0},""BR4_bo_age"":{""score"":50.0},""_score"":65.71},""risk"":{""R1_stop_clarity"":{""score"":58.391449802716735},""R2_stop_distance_pct"":{""value"":2.407060027285112,""score"":100.0},""R3_stop_distance_atr"":{""value"":0.3369504796526968,""score"":41.84752398263484},""R4_rr_potential"":{""value"":11.781792419412064,""score"":100.0},""_score"":76.71},""market"":{""M1_spy_regime"":{""score"":100.0},""M3_earnings_risk"":{""value"":null,""score"":80.0},""M4_vix"":{""value"":null,""score"":60.0},""_score"":84.0},""liquidity"":{""L1_price"":{""value"":175.92,""score"":100.0},""L2_dollar_vol"":{""value"":2026027891.285542,""score"":100.0},""L3_spread_proxy"":{""value"":0.06394952251023193,""score"":36.05047748976806},""L4_volume_zscore"":{""value"":-1.1361040463192156,""score"":100.0},""_score"":93.61},""pattern_structure"":{""pole_low"":134.11,""pole_low_idx"":29,""peak_price"":179.96,""peak_idx"":54,""pole_gain"":0.3418835284467973,""flag_bars"":5,""flag_low"":174.3,""flag_high"":179.41,""structural_low"":174.3,""current_price"":175.35,""neckline_distance_pct"":0.026290276589677867,""base_bars"":5},""pattern_geometry_features"":{""pole_gain"":0.3418835284467973,""pullback_pct"":0.03145143365192263,""flag_range_pct"":0.02839519893309616,""flag_drift_per_bar"":9.409751924718676e-05,""atr_pct"":0.0714366107971156,""pole_atr_multiple"":4.785830747454799},""_schema_version"":""1.0""}",,,,,,,,,,
20260505T210937Z-543da1,2026-05-05T21:09:37.858700+00:00,HWM,breakout_retest_hold,setup,69.68,58.4,91.7,62.9,62.0,23.7,91.1,45.3,84.0,98.5,8.17,20.17,3.78,8.67,3.08,16.39,2.26,4.2,2.95,False,,242.69,242.4041,239.5899,244.1759,"{""trend"":{""T1_ema_stack"":{""value"":[false,true,true],""score"":66.66666666666666},""T2_ema50_slope"":{""value"":0.12032515213905232,""score"":70.05419202317539},""T3_high_proximity"":{""value"":0.9154313303911583,""score"":57.715665195579135},""T4_rs_1m"":{""value"":-0.07253223324859315,""score"":0},""T5_rs_3m"":{""value"":0.08711754343748757,""score"":93.55877171874378},""T6_adr_healthy"":{""value"":2.8846426718881024,""score"":100.0},""_score"":58.37},""geometry"":{""sub_retest_depth"":88.9,""sub_retest_timing"":100.0,""sub_retest_freshness"":75.0,""sub_hold_quality"":100.0,""_score"":91.67},""compression"":{""VC1_atr_ratio"":{""value"":0.39112808676479777,""score"":100},""VC2_range_contraction"":{""value"":1.11824724911286,""score"":0},""VC3_range_pct_rank"":{""score"":91.66666666666666},""_score"":62.92},""sr_quality"":{""SR1_touches"":{""value"":3,""score"":50.0},""SR2_tightness"":{""value"":1.9393875894782362,""score"":52.11346439969438},""SR3_recency"":{""value"":244,""score"":0.0},""SR4_price_location"":{""score"":96.56097466148756},""SR5_reaction"":{""value"":2.3443375455985773,""score"":100},""_score"":61.96,""_levels_found"":6,""_target_level"":243.0143},""volume"":{""V1_rvol_day"":{""value"":0.8296507550042951,""score"":21.97671700028634},""V2_rvol_sameslot"":{""value"":0.8867832378979786,""score"":25.785549193198577,""status"":""ok""},""V3_breakout_bar"":{""value"":1.040175661812576,""score"":36.011710787505066},""V4_base_dryup"":{""value"":1.24368907095107,""score"":25.63109290489301},""V5_bo_expansion"":{""value"":0.8296507550042952,""score"":0},""_score"":23.68},""readiness"":{""_distance_atr"":-0.035,""BR1_atr_distance"":{""score"":100.0},""BR2_compression"":{""score"":78.21767045440278},""BR3_retest"":{""score"":97.56726249790557},""BR4_bo_age"":{""score"":80},""_score"":91.07},""risk"":{""R1_stop_clarity"":{""score"":40.24391749486354},""R2_stop_distance_pct"":{""value"":1.277390910214676,""score"":81.93477275536691},""R3_stop_distance_atr"":{""value"":0.3827317701214291,""score"":44.13658850607145},""R4_rr_potential"":{""value"":0.4792955987594873,""score"":0.0},""_score"":45.29},""market"":{""M1_spy_regime"":{""score"":100.0},""M3_earnings_risk"":{""value"":null,""score"":80.0},""M4_vix"":{""value"":null,""score"":60.0},""_score"":84.0},""liquidity"":{""L1_price"":{""value"":242.69,""score"":100.0},""L2_dollar_vol"":{""value"":417944795.6388923,""score"":100.0},""L3_spread_proxy"":{""value"":0.015369401293831712,""score"":84.63059870616829},""L4_volume_zscore"":{""value"":-0.656166877474759,""score"":100.0},""_score"":98.46},""pattern_structure"":{""level"":242.4041,""level_idx"":69,""breakout_idx"":74,""bo_peak_idx"":74,""bo_peak_price"":245.74,""retest_idx"":79,""retest_low"":242.01,""structural_low"":242.01,""current_price"":242.89,""neckline_distance_pct"":-0.0020004940508048363,""base_bars"":10,""bars_since_breakout"":5},""pattern_geometry_features"":{""retest_depth_atr"":0.22243365168698367,""bars_breakout_to_retest"":5.0,""bars_since_retest"":0.0,""current_above_level_atr"":0.2742464129781781,""bo_peak_excess_pct"":0.013761730927818504,""atr_pct"":0.03337561733663759},""_schema_version"":""1.0""}",,,,,,,,,,
20260505T210937Z-543da1,2026-05-05T21:09:37.858700+00:00,PANW,breakout_retest_hold,setup,69.66,80.8,90.4,66.1,57.5,21.9,76.3,55.4,84.0,96.9,11.31,19.88,3.96,8.04,2.84,13.74,2.77,4.2,2.91,False,,183.98,182.25,178.7148,185.71,"{""trend"":{""T1_ema_stack"":{""value"":[true,true,false],""score"":66.66666666666666},""T2_ema50_slope"":{""value"":0.15199198132734407,""score"":75.33199688789068},""T3_high_proximity"":{""value"":0.9968573905504984,""score"":98.42869527524917},""T4_rs_1m"":{""value"":0.037627684093291425,""score"":87.62768409329142},""T5_rs_3m"":{""value"":0.05705617300772037,""score"":78.52808650386018},""T6_adr_healthy"":{""value"":3.9700246411459665,""score"":100.0},""_score"":80.8},""geometry"":{""sub_retest_depth"":100.0,""sub_retest_timing"":60.0,""sub_retest_freshness"":100.0,""sub_hold_quality"":94.6,""_score"":90.38},""compression"":{""VC1_atr_ratio"":{""value"":0.4699790147198491,""score"":100},""VC2_range_contraction"":{""value"":0.7673848767363836,""score"":38.76918721060274},""VC3_range_pct_rank"":{""score"":50.0},""_score"":66.07},""sr_quality"":{""SR1_touches"":{""value"":3,""score"":50.0},""SR2_tightness"":{""value"":1.150815943387801,""score"":64.5337665347439},""SR3_recency"":{""value"":226,""score"":0.0},""SR4_price_location"":{""score"":88.3301778329433},""SR5_reaction"":{""value"":1.4268889989543785,""score"":71.34444994771893},""_score"":57.46,""_levels_found"":7,""_target_level"":184.6601},""volume"":{""V1_rvol_day"":{""value"":0.711638023929294,""score"":14.109201595286267},""V2_rvol_sameslot"":{""value"":0.5571590157253198,""score"":3.8106010483546524,""status"":""ok""},""V3_breakout_bar"":{""value"":0.8146382582179997,""score"":20.975883881199984},""V4_base_dryup"":{""value"":0.8489932891450119,""score"":65.10067108549882},""V5_bo_expansion"":{""value"":0.711638023929294,""score"":0},""_score"":21.85},""readiness"":{""_distance_atr"":-0.267,""BR1_atr_distance"":{""score"":100.0},""BR2_compression"":{""score"":57.92543994530885},""BR3_retest"":{""score"":86.67106928622538},""BR4_bo_age"":{""score"":30.0},""_score"":76.32},""risk"":{""R1_stop_clarity"":{""score"":44.36673820923406},""R2_stop_distance_pct"":{""value"":2.8618328079139,""score"":100.0},""R3_stop_distance_atr"":{""value"":0.8113235375048147,""score"":65.56617687524073},""R4_rr_potential"":{""value"":0.328572513864619,""score"":0.0},""_score"":55.36},""market"":{""M1_spy_regime"":{""score"":100.0},""M3_earnings_risk"":{""value"":null,""score"":80.0},""M4_vix"":{""value"":null,""score"":60.0},""_score"":84.0},""liquidity"":{""L1_price"":{""value"":183.98,""score"":100.0},""L2_dollar_vol"":{""value"":946703056.220546,""score"":100.0},""L3_spread_proxy"":{""value"":0.03109033590607674,""score"":68.90966409392325},""L4_volume_zscore"":{""value"":-0.7487924119874488,""score"":100.0},""_score"":96.89},""pattern_structure"":{""level"":182.25,""level_idx"":55,""breakout_idx"":64,""bo_peak_idx"":69,""bo_peak_price"":187.27,""retest_idx"":74,""retest_low"":180.52,""structural_low"":180.52,""current_price"":184.36,""neckline_distance_pct"":-0.011444998915166052,""base_bars"":24,""bars_since_breakout"":15},""pattern_geometry_features"":{""retest_depth_atr"":0.8551354023231967,""bars_breakout_to_retest"":10.0,""bars_since_retest"":5.0,""current_above_level_atr"":1.042968612082062,""bo_peak_excess_pct"":0.02754458161865575,""atr_pct"":0.03527363222710542},""_schema_version"":""1.0""}",,,,,,,,,,
20260505T210937Z-543da1,2026-05-05T21:09:37.858700+00:00,LRCX,breakout_retest_hold,candidate,69.22,100.0,80.0,47.1,42.0,37.8,80.2,50.2,84.0,95.2,14.0,17.59,2.82,5.88,4.91,14.44,2.51,4.2,2.85,False,,275.8,275.84,272.2005,279.6264,"{""trend"":{""T1_ema_stack"":{""value"":[true,true,true],""score"":100.0},""T2_ema50_slope"":{""value"":0.4251687187507247,""score"":100},""T3_high_proximity"":{""value"":1.0,""score"":99.99999999999997},""T4_rs_1m"":{""value"":0.15154139451144943,""score"":100},""T5_rs_3m"":{""value"":0.14895228755640177,""score"":100},""T6_adr_healthy"":{""value"":3.796425001468816,""score"":100.0},""_score"":100.0},""geometry"":{""sub_retest_depth"":90.7,""sub_retest_timing"":100.0,""sub_retest_freshness"":75.0,""sub_hold_quality"":59.2,""_score"":79.97},""compression"":{""VC1_atr_ratio"":{""value"":0.59415728345364,""score"":100},""VC2_range_contraction"":{""value"":1.070677220756097,""score"":0},""VC3_range_pct_rank"":{""score"":28.333333333333332},""_score"":47.08},""sr_quality"":{""SR1_touches"":{""value"":2,""score"":25.0},""SR2_tightness"":{""value"":1.1699999999999875,""score"":80.2102091399115},""SR3_recency"":{""value"":228,""score"":0.0},""SR4_price_location"":{""score"":30.0},""SR5_reaction"":{""value"":2.2098599793765725,""score"":100},""_score"":42.03,""_levels_found"":8,""_target_level"":274.67},""volume"":{""V1_rvol_day"":{""value"":1.2531061461931714,""score"":50.207076412878095},""V2_rvol_sameslot"":{""value"":1.026608544700369,""score"":35.10723631335793,""status"":""ok""},""V3_breakout_bar"":{""value"":0.7910398020892979,""score"":19.40265347261986},""V4_base_dryup"":{""value"":0.8324603163169998,""score"":66.75396836830002},""V5_bo_expansion"":{""value"":1.2531061461931716,""score"":16.873743079544777},""_score"":37.8},""readiness"":{""_distance_atr"":0.003,""BR1_atr_distance"":{""score"":99.77447531783395},""BR2_compression"":{""score"":30.179051391943197},""BR3_retest"":{""score"":96.23655686635071},""BR4_bo_age"":{""score"":90},""_score"":80.2},""risk"":{""R1_stop_clarity"":{""score"":53.49399147879132},""R2_stop_distance_pct"":{""value"":1.3051124002900778,""score"":82.62781000725195},""R3_stop_distance_atr"":{""value"":0.30441603504653847,""score"":40.22080175232692},""R4_rr_potential"":{""value"":1.063024626436187,""score"":3.1512313218093446},""_score"":50.17},""market"":{""M1_spy_regime"":{""score"":100.0},""M3_earnings_risk"":{""value"":null,""score"":80.0},""M4_vix"":{""value"":null,""score"":60.0},""_score"":84.0},""liquidity"":{""L1_price"":{""value"":275.8,""score"":100.0},""L2_dollar_vol"":{""value"":3260292032.3613586,""score"":100.0},""L3_spread_proxy"":{""value"":0.04845902828136334,""score"":51.54097171863666},""L4_volume_zscore"":{""value"":1.2723197446632595,""score"":100.0},""_score"":95.15},""pattern_structure"":{""level"":275.84,""level_idx"":32,""breakout_idx"":75,""bo_peak_idx"":76,""bo_peak_price"":280.0,""retest_idx"":79,""retest_low"":274.95,""structural_low"":274.95,""current_price"":275.36,""neckline_distance_pct"":0.001743172574084694,""base_bars"":47,""bars_since_breakout"":4},""pattern_geometry_features"":{""retest_depth_atr"":0.23505442472032684,""bars_breakout_to_retest"":4.0,""bars_since_retest"":0.0,""current_above_level_atr"":-0.1267709256918534,""bo_peak_excess_pct"":0.015081206496519813,""atr_pct"":0.04287265616906662},""_schema_version"":""1.0""}",,,,,,,,,,
20260505T210937Z-543da1,2026-05-05T21:09:37.858700+00:00,MU,high_tight_pullback,candidate,69.2,100.0,90.5,26.2,37.8,40.5,56.2,73.7,84.0,67.8,12.0,31.66,2.62,3.03,5.66,5.06,0.74,5.04,3.39,False,,640.2,651.74,618.6785,800.905,"{""trend"":{""T1_ema_stack"":{""value"":[true,true,true],""score"":100.0},""T2_ema50_slope"":{""value"":0.47191017238186206,""score"":100},""T3_high_proximity"":{""value"":1.0,""score"":99.99999999999997},""T4_rs_1m"":{""value"":0.5963248559893346,""score"":100},""T5_rs_3m"":{""value"":0.47666379594949704,""score"":100},""T6_adr_healthy"":{""value"":5.288566736459295,""score"":100.0},""_score"":100.0},""geometry"":{""sub_pole_impulse"":100.0,""sub_flag_tightness"":81.3,""sub_flag_shallowness"":75.6,""sub_flag_drift"":100,""sub_flag_duration"":100.0,""_score"":90.45},""compression"":{""VC1_atr_ratio"":{""value"":0.8091734501177656,""score"":47.70663747055859},""VC2_range_contraction"":{""value"":0.9591968613637969,""score"":6.800523106033851},""VC3_range_pct_rank"":{""score"":19.166666666666664},""_score"":26.25},""sr_quality"":{""SR1_touches"":{""value"":2,""score"":25.0},""SR2_tightness"":{""value"":7.9199999999999875,""score"":52.18668924517458},""SR3_recency"":{""value"":254,""score"":0.0},""SR4_price_location"":{""score"":30.0},""SR5_reaction"":{""value"":2.8911054866075956,""score"":100},""_score"":37.83,""_levels_found"":5,""_target_level"":463.42},""volume"":{""V1_rvol_day"":{""value"":1.5274056811848096,""score"":68.4937120789873},""V2_rvol_sameslot"":{""value"":1.2593986237224348,""score"":50.62657491482899,""status"":""ok""},""V3_breakout_bar"":{""value"":0.6738075009685431,""score"":11.58716673123621},""V4_base_dryup"":{""value"":1.0765955860622722,""score"":42.34044139377278},""V5_bo_expansion"":{""value"":1.5274056811848096,""score"":35.16037874565397},""_score"":40.46},""readiness"":{""_distance_atr"":0.348,""BR1_atr_distance"":{""score"":76.7775418303584},""BR2_compression"":{""score"":31.94867274562389},""BR3_retest"":{""score"":50.0},""BR4_bo_age"":{""score"":50.0},""_score"":56.2},""risk"":{""R1_stop_clarity"":{""score"":43.122082414571935},""R2_stop_distance_pct"":{""value"":3.3616838487972602,""score"":100.0},""R3_stop_distance_atr"":{""value"":0.6496301561931691,""score"":57.48150780965846},""R4_rr_potential"":{""value"":7.467183978811861,""score"":100.0},""_score"":73.71},""market"":{""M1_spy_regime"":{""score"":100.0},""M3_earnings_risk"":{""value"":null,""score"":80.0},""M4_vix"":{""value"":null,""score"":60.0},""_score"":84.0},""liquidity"":{""L1_price"":{""value"":640.2,""score"":29.89999999999998},""L2_dollar_vol"":{""value"":39648198275.218636,""score"":100.0},""L3_spread_proxy"":{""value"":0.07227428928459853,""score"":27.725710715401476},""L4_volume_zscore"":{""value"":2.67860281208962,""score"":70.0},""_score"":67.75},""pattern_structure"":{""pole_low"":502.575,""pole_low_idx"":37,""peak_price"":651.74,""peak_idx"":54,""pole_gain"":0.29680147241705224,""flag_bars"":5,""flag_low"":628.1,""flag_high"":649.8,""structural_low"":628.1,""current_price"":637.01,""neckline_distance_pct"":0.023123655829578843,""base_bars"":5},""pattern_geometry_features"":{""pole_gain"":0.29680147241705224,""pullback_pct"":0.03627213305919536,""flag_range_pct"":0.03329548592997197,""flag_drift_per_bar"":0.000992920048350799,""atr_pct"":0.05174765698219304,""pole_atr_multiple"":5.735553834238042},""_schema_version"":""1.0""}",,,,,,,,,,
20260505T210937Z-543da1,2026-05-05T21:09:37.858700+00:00,RKLB,double_bottom,candidate,69.16,77.1,92.6,49.2,71.6,18.3,46.0,80.3,84.0,91.8,11.56,23.14,3.93,10.03,2.37,3.68,4.82,5.04,4.59,False,,78.76,83.79,75.1063,91.33,"{""trend"":{""T1_ema_stack"":{""value"":[true,true,true],""score"":100.0},""T2_ema50_slope"":{""value"":0.43834656973281877,""score"":100},""T3_high_proximity"":{""value"":0.8747223456241671,""score"":37.36117281208351},""T4_rs_1m"":{""value"":0.06548159785024898,""score"":100},""T5_rs_3m"":{""value"":-0.08054171805112365,""score"":9.729140974438181},""T6_adr_healthy"":{""value"":6.799229122733965,""score"":100.0},""_score"":77.06},""geometry"":{""sub_low_similarity"":79.0,""sub_bounce_quality"":98.4,""sub_separation_fit"":100.0,""sub_right_bottom_reaction"":94.5,""sub_base_context"":100.0,""_score"":92.56},""compression"":{""VC1_atr_ratio"":{""value"":0.6027319895257524,""score"":99.31700261856192},""VC2_range_contraction"":{""value"":0.9953312455814655,""score"":0.778125736422423},""VC3_range_pct_rank"":{""score"":36.66666666666667},""_score"":49.17},""sr_quality"":{""SR1_touches"":{""value"":4,""score"":75.0},""SR2_tightness"":{""value"":0.7635239027037725,""score"":75.4533949726783},""SR3_recency"":{""value"":255,""score"":0.0},""SR4_price_location"":{""score"":91.15587895734718},""SR5_reaction"":{""value"":2.052719928537148,""score"":100},""_score"":71.61,""_levels_found"":5,""_target_level"":79.1775},""volume"":{""V1_rvol_day"":{""value"":0.7802039641611621,""score"":18.680264277410807},""V2_rvol_sameslot"":{""value"":0.8425338088019776,""score"":22.83558725346517,""status"":""ok""},""V3_breakout_bar"":{""value"":0.7411665618497577,""score"":16.07777078998385},""V4_base_dryup"":{""value"":1.2030242297086973,""score"":29.697577029130272},""V5_bo_expansion"":{""value"":0.7802039641611621,""score"":0},""_score"":18.26},""readiness"":{""_distance_atr"":0.809,""BR1_atr_distance"":{""score"":46.096678462323915},""BR2_compression"":{""score"":40.077481011946105},""BR3_retest"":{""score"":50.0},""BR4_bo_age"":{""score"":50.0},""_score"":45.96},""risk"":{""R1_stop_clarity"":{""score"":63.229468782077426},""R2_stop_distance_pct"":{""value"":4.639093448450993,""score"":100.0},""R3_stop_distance_atr"":{""value"":0.587323840163869,""score"":54.36619200819345},""R4_rr_potential"":{""value"":3.440301060554225,""score"":100.0},""_score"":80.29},""market"":{""M1_spy_regime"":{""score"":100.0},""M3_earnings_risk"":{""value"":null,""score"":80.0},""M4_vix"":{""value"":null,""score"":60.0},""_score"":84.0},""liquidity"":{""L1_price"":{""value"":78.76,""score"":100.0},""L2_dollar_vol"":{""value"":1336679908.104258,""score"":100.0},""L3_spread_proxy"":{""value"":0.08176739461655659,""score"":18.232605383443413},""L4_volume_zscore"":{""value"":-0.7746608580048514,""score"":100.0},""_score"":91.82},""pattern_structure"":{""left_low"":77.0535,""left_idx"":38,""right_low"":76.25,""right_idx"":68,""separation_bars"":30,""structural_low"":76.25,""current_price"":78.41,""neckline_distance_pct"":0.06861369723249598,""base_bars"":30},""pattern_geometry_features"":{""low_similarity_pct"":0.01048247430750113,""bounce_pct"":0.09888524590163943,""right_bottom_reaction"":0.9448818897637775,""atr_pct"":0.07898697671044039},""_schema_version"":""1.0""}",,,,,,,,,,
20260505T210937Z-543da1,2026-05-05T21:09:37.858700+00:00,ON,double_bottom,candidate,68.55,99.7,86.5,15.6,37.2,68.8,42.5,66.0,84.0,83.0,14.96,21.63,1.25,5.22,8.94,3.4,3.96,5.04,4.15,False,,102.67,105.58,94.5108,115.21,"{""trend"":{""T1_ema_stack"":{""value"":[true,true,true],""score"":100.0},""T2_ema50_slope"":{""value"":0.7933294034694982,""score"":100},""T3_high_proximity"":{""value"":0.9965058720760943,""score"":98.25293603804714},""T4_rs_1m"":{""value"":0.5187031012302081,""score"":100},""T5_rs_3m"":{""value"":0.67792165122661,""score"":100},""T6_adr_healthy"":{""value"":4.090231379584576,""score"":100.0},""_score"":99.74},""geometry"":{""sub_low_similarity"":97.3,""sub_bounce_quality"":100,""sub_separation_fit"":20.0,""sub_right_bottom_reaction"":95.6,""sub_base_context"":100.0,""_score"":86.53},""compression"":{""VC1_atr_ratio"":{""value"":0.8463252107713052,""score"":38.4186973071737},""VC2_range_contraction"":{""value"":1.0840464540189934,""score"":0},""VC3_range_pct_rank"":{""score"":0.8333333333333304},""_score"":15.58},""sr_quality"":{""SR1_touches"":{""value"":2,""score"":25.0},""SR2_tightness"":{""value"":0.8300000000000054,""score"":68.00374482848801},""SR3_recency"":{""value"":269,""score"":0.0},""SR4_price_location"":{""score"":30.0},""SR5_reaction"":{""value"":1.6070408282679487,""score"":80.35204141339743},""_score"":37.25,""_levels_found"":4,""_target_level"":72.93},""volume"":{""V1_rvol_day"":{""value"":1.8859668732985815,""score"":92.39779155323876},""V2_rvol_sameslot"":{""value"":2.3991138983103943,""score"":100,""status"":""ok""},""V3_breakout_bar"":{""value"":1.196390995499106,""score"":46.426066366607074},""V4_base_dryup"":{""value"":1.0083702132520356,""score"":49.16297867479644},""V5_bo_expansion"":{""value"":1.885966873298582,""score"":59.06445821990546},""_score"":68.78},""readiness"":{""_distance_atr"":0.561,""BR1_atr_distance"":{""score"":62.606786124859774},""BR2_compression"":{""score"":0},""BR3_retest"":{""score"":50.0},""BR4_bo_age"":{""score"":50.0},""_score"":42.54},""risk"":{""R1_stop_clarity"":{""score"":44.51733704144776},""R2_stop_distance_pct"":{""value"":7.947063407032238,""score"":100.0},""R3_stop_distance_atr"":{""value"":1.572683403663599,""score"":100.0},""R4_rr_potential"":{""value"":1.5369059656218393,""score"":26.845298281091967},""_score"":65.95},""market"":{""M1_spy_regime"":{""score"":100.0},""M3_earnings_risk"":{""value"":null,""score"":80.0},""M4_vix"":{""value"":null,""score"":60.0},""_score"":84.0},""liquidity"":{""L1_price"":{""value"":102.67,""score"":100.0},""L2_dollar_vol"":{""value"":2287846137.005786,""score"":100.0},""L3_spread_proxy"":{""value"":0.09476965033602809,""score"":5.230349663971907},""L4_volume_zscore"":{""value"":2.1333283795997193,""score"":70.0},""_score"":83.02},""pattern_structure"":{""left_low"":95.95,""left_idx"":32,""right_low"":96.08,""right_idx"":74,""separation_bars"":42,""structural_low"":95.95,""current_price"":100.295,""neckline_distance_pct"":0.05269455107433069,""base_bars"":42},""pattern_geometry_features"":{""low_similarity_pct"":0.0013539551111804973,""bounce_pct"":0.10036477331943716,""right_bottom_reaction"":0.9557894736842103,""atr_pct"":0.050531870486579734},""_schema_version"":""1.0""}",,,,,,,,,,
20260505T210937Z-543da1,2026-05-05T21:09:37.858700+00:00,NXPI,high_tight_pullback,candidate,68.16,99.3,89.5,17.1,46.7,24.5,60.3,70.4,84.0,97.7,11.91,31.32,1.71,3.74,3.43,5.42,0.7,5.04,4.89,False,,292.35,299.8,283.9607,371.1899,"{""trend"":{""T1_ema_stack"":{""value"":[true,true,true],""score"":100.0},""T2_ema50_slope"":{""value"":0.30670239270618593,""score"":100},""T3_high_proximity"":{""value"":0.9902113534751389,""score"":95.10567673756942},""T4_rs_1m"":{""value"":0.38500579851256234,""score"":100},""T5_rs_3m"":{""value"":0.2752319567074568,""score"":100},""T6_adr_healthy"":{""value"":3.367722372581847,""score"":100.0},""_score"":99.27},""geometry"":{""sub_pole_impulse"":100.0,""sub_flag_tightness"":85.6,""sub_flag_shallowness"":75.4,""sub_flag_drift"":100,""sub_flag_duration"":80.0,""_score"":89.48},""compression"":{""VC1_atr_ratio"":{""value"":1.2962923895235894,""score"":0},""VC2_range_contraction"":{""value"":1.2239816012174316,""score"":0},""VC3_range_pct_rank"":{""score"":68.33333333333333},""_score"":17.08},""sr_quality"":{""SR1_touches"":{""value"":3,""score"":50.0},""SR2_tightness"":{""value"":1.755227114142836,""score"":73.09995287572713},""SR3_recency"":{""value"":288,""score"":0.0},""SR4_price_location"":{""score"":30.0},""SR5_reaction"":{""value"":1.7678170595605145,""score"":88.39085297802572},""_score"":46.72,""_levels_found"":5,""_target_level"":244.4267},""volume"":{""V1_rvol_day"":{""value"":1.1785221618842965,""score"":45.23481079228643},""V2_rvol_sameslot"":{""value"":0.8961808944309476,""score"":26.41205962872984,""status"":""ok""},""V3_breakout_bar"":{""value"":1.0041654446436517,""score"":33.61102964291011},""V4_base_dryup"":{""value"":1.6460476345216155,""score"":0},""V5_bo_expansion"":{""value"":1.1785221618842967,""score"":11.901477458953114},""_score"":24.52},""readiness"":{""_distance_atr"":0.571,""BR1_atr_distance"":{""score"":61.94123076513275},""BR2_compression"":{""score"":71.93505540983591},""BR3_retest"":{""score"":50.0},""BR4_bo_age"":{""score"":50.0},""_score"":60.26},""risk"":{""R1_stop_clarity"":{""score"":33.727549932977524},""R2_stop_distance_pct"":{""value"":2.869599794766546,""score"":100.0},""R3_stop_distance_atr"":{""value"":0.6428566737037074,""score"":57.142833685185366},""R4_rr_potential"":{""value"":9.397701231632057,""score"":100.0},""_score"":70.38},""market"":{""M1_spy_regime"":{""score"":100.0},""M3_earnings_risk"":{""value"":null,""score"":80.0},""M4_vix"":{""value"":null,""score"":60.0},""_score"":84.0},""liquidity"":{""L1_price"":{""value"":292.35,""score"":100.0},""L2_dollar_vol"":{""value"":1263951329.2438889,""score"":100.0},""L3_spread_proxy"":{""value"":0.022678296562339644,""score"":77.32170343766036},""L4_volume_zscore"":{""value"":0.34175440454161715,""score"":100.0},""_score"":97.73},""pattern_structure"":{""pole_low"":228.4101,""pole_low_idx"":26,""peak_price"":299.8,""peak_idx"":48,""pole_gain"":0.31255141519573787,""flag_bars"":11,""flag_low"":288.285,""flag_high"":296.39,""structural_low"":288.285,""current_price"":293.86,""neckline_distance_pct"":0.020213707207513774,""base_bars"":11},""pattern_geometry_features"":{""pole_gain"":0.31255141519573787,""pullback_pct"":0.03840893929286186,""flag_range_pct"":0.027034689793195333,""flag_drift_per_bar"":0.0016148691708482326,""atr_pct"":0.04463825160644042,""pole_atr_multiple"":7.0018740418283505},""_schema_version"":""1.0""}",,,,,,,,,,
20260505T210937Z-543da1,2026-05-05T21:09:37.858700+00:00,LSCC,double_bottom,candidate,68.0,98.0,75.3,36.0,42.0,72.5,33.8,71.1,84.0,85.3,14.7,18.83,2.88,5.88,9.43,2.71,4.27,5.04,4.26,False,,122.27,127.9462,113.2356,140.9324,"{""trend"":{""T1_ema_stack"":{""value"":[true,true,true],""score"":100.0},""T2_ema50_slope"":{""value"":0.5910949162473388,""score"":100},""T3_high_proximity"":{""value"":0.9737198375408139,""score"":86.85991877040694},""T4_rs_1m"":{""value"":0.15900240566142787,""score"":100},""T5_rs_3m"":{""value"":0.451693674874976,""score"":100},""T6_adr_healthy"":{""value"":4.659153399560216,""score"":100.0},""_score"":98.03},""geometry"":{""sub_low_similarity"":99.1,""sub_bounce_quality"":100,""sub_separation_fit"":6.7,""sub_right_bottom_reaction"":30.6,""sub_base_context"":100.0,""_score"":75.33},""compression"":{""VC1_atr_ratio"":{""value"":0.6634110311671293,""score"":84.14724220821768},""VC2_range_contraction"":{""value"":1.1235300643818174,""score"":0},""VC3_range_pct_rank"":{""score"":9.166666666666668},""_score"":35.95},""sr_quality"":{""SR1_touches"":{""value"":2,""score"":25.0},""SR2_tightness"":{""value"":0.634999999999998,""score"":80.14432773250016},""SR3_recency"":{""value"":226,""score"":0.0},""SR4_price_location"":{""score"":30.0},""SR5_reaction"":{""value"":2.6419144530979546,""score"":100},""_score"":42.02,""_levels_found"":6,""_target_level"":108.715},""volume"":{""V1_rvol_day"":{""value"":2.0816620483660717,""score"":100},""V2_rvol_sameslot"":{""value"":2.335434382594664,""score"":100,""status"":""ok""},""V3_breakout_bar"":{""value"":1.123007495429519,""score"":41.533833028634604},""V4_base_dryup"":{""value"":0.9324146927362157,""score"":56.75853072637843},""V5_bo_expansion"":{""value"":2.081662048366072,""score"":72.1108032244048},""_score"":72.55},""readiness"":{""_distance_atr"":0.887,""BR1_atr_distance"":{""score"":40.83739269040257},""BR2_compression"":{""score"":0},""BR3_retest"":{""score"":50.0},""BR4_bo_age"":{""score"":50.0},""_score"":33.83},""risk"":{""R1_stop_clarity"":{""score"":46.08012400302852},""R2_stop_distance_pct"":{""value"":7.388893432567274,""score"":100.0},""R3_stop_distance_atr"":{""value"":1.4124731144370175,""score"":95.62365572185088},""R4_rr_potential"":{""value"":2.0657044186664333,""score"":53.28522093332167},""_score"":71.13},""market"":{""M1_spy_regime"":{""score"":100.0},""M3_earnings_risk"":{""value"":null,""score"":80.0},""M4_vix"":{""value"":null,""score"":60.0},""_score"":84.0},""liquidity"":{""L1_price"":{""value"":122.27,""score"":100.0},""L2_dollar_vol"":{""value"":549555161.9852229,""score"":100.0},""L3_spread_proxy"":{""value"":0.07238079659769359,""score"":27.61920340230641},""L4_volume_zscore"":{""value"":2.252165206913237,""score"":70.0},""_score"":85.26},""pattern_structure"":{""left_low"":114.96,""left_idx"":30,""right_low"":115.01,""right_idx"":74,""separation_bars"":44,""structural_low"":114.96,""current_price"":120.88,""neckline_distance_pct"":0.05845632031767049,""base_bars"":44},""pattern_geometry_features"":{""low_similarity_pct"":0.00043483932686882087,""bounce_pct"":0.11296276965901193,""right_bottom_reaction"":0.30551771117166154,""atr_pct"":0.052311745668251766},""_schema_version"":""1.0""}",,,,,,,,,,
20260505T210937Z-543da1,2026-05-05T21:09:37.858700+00:00,MSTR,high_tight_pullback,candidate,67.82,91.7,78.2,68.8,45.4,19.1,62.9,75.5,84.0,96.4,11.0,27.36,6.88,3.64,2.67,5.66,0.76,5.04,4.82,False,,186.9,190.41,180.9642,224.7099,"{""trend"":{""T1_ema_stack"":{""value"":[true,true,false],""score"":66.66666666666666},""T2_ema50_slope"":{""value"":0.37531560817988646,""score"":100},""T3_high_proximity"":{""value"":1.0,""score"":99.99999999999997},""T4_rs_1m"":{""value"":0.36529919654151555,""score"":100},""T5_rs_3m"":{""value"":0.3528643740149058,""score"":100},""T6_adr_healthy"":{""value"":5.560228431759865,""score"":100.0},""_score"":91.67},""geometry"":{""sub_pole_impulse"":66.6,""sub_flag_tightness"":82.5,""sub_flag_shallowness"":68.0,""sub_flag_drift"":93.1,""sub_flag_duration"":100.0,""_score"":78.17},""compression"":{""VC1_atr_ratio"":{""value"":0.6149097568155192,""score"":96.2725607961202},""VC2_range_contraction"":{""value"":0.8707691256495116,""score"":21.538479058414737},""VC3_range_pct_rank"":{""score"":90.83333333333333},""_score"":68.76},""sr_quality"":{""SR1_touches"":{""value"":3,""score"":50.0},""SR2_tightness"":{""value"":2.4634681262173572,""score"":56.04862792176991},""SR3_recency"":{""value"":291,""score"":0.0},""SR4_price_location"":{""score"":30.0},""SR5_reaction"":{""value"":1.937076004611541,""score"":96.85380023057705},""_score"":45.44,""_levels_found"":6,""_target_level"":165.9679},""volume"":{""V1_rvol_day"":{""value"":0.7810938702254963,""score"":18.739591348366417},""V2_rvol_sameslot"":{""value"":0.6361848590881792,""score"":9.078990605878616,""status"":""ok""},""V3_breakout_bar"":{""value"":0.5782691200474201,""score"":5.217941336494677},""V4_base_dryup"":{""value"":0.8903712440143055,""score"":60.962875598569454},""V5_bo_expansion"":{""value"":0.7810938702254963,""score"":0},""_score"":19.06},""readiness"":{""_distance_atr"":0.313,""BR1_atr_distance"":{""score"":79.12572734988498},""BR2_compression"":{""score"":55.06964522375117},""BR3_retest"":{""score"":50.0},""BR4_bo_age"":{""score"":50.0},""_score"":62.92},""risk"":{""R1_stop_clarity"":{""score"":50.833059342575226},""R2_stop_distance_pct"":{""value"":3.1759229534510434,""score"":100.0},""R3_stop_distance_atr"":{""value"":0.5295107162245857,""score"":51.47553581122928},""R4_rr_potential"":{""value"":6.369806934195895,""score"":100.0},""_score"":75.51},""market"":{""M1_spy_regime"":{""score"":100.0},""M3_earnings_risk"":{""value"":null,""score"":80.0},""M4_vix"":{""value"":null,""score"":60.0},""_score"":84.0},""liquidity"":{""L1_price"":{""value"":186.9,""score"":100.0},""L2_dollar_vol"":{""value"":2775478934.0538225,""score"":100.0},""L3_spread_proxy"":{""value"":0.03579454253611555,""score"":64.20545746388444},""L4_volume_zscore"":{""value"":-0.45653150389983926,""score"":100.0},""_score"":96.42},""pattern_structure"":{""pole_low"":156.1101,""pole_low_idx"":35,""peak_price"":190.41,""peak_idx"":54,""pole_gain"":0.21971608499386017,""flag_bars"":5,""flag_low"":183.72,""flag_high"":188.12,""structural_low"":183.72,""current_price"":186.555,""neckline_distance_pct"":0.02066414730240406,""base_bars"":5},""pattern_geometry_features"":{""pole_gain"":0.21971608499386017,""pullback_pct"":0.03513470931148573,""flag_range_pct"":0.023108030040439084,""flag_drift_per_bar"":-0.0013749296454130494,""atr_pct"":0.05997844531070856,""pole_atr_multiple"":3.663250753760902},""_schema_version"":""1.0""}",,,,,,,,,,
20260505T210937Z-543da1,2026-05-05T21:09:37.858700+00:00,CRS,inverse_head_shoulders,setup,67.4,94.5,85.3,56.7,53.4,28.1,67.2,30.1,84.0,96.9,11.34,23.89,4.53,7.47,3.93,5.38,1.81,4.2,4.84,False,,444.99,442.48,388.3658,490.68,"{""trend"":{""T1_ema_stack"":{""value"":[true,true,true],""score"":100.0},""T2_ema50_slope"":{""value"":0.342417362875123,""score"":100},""T3_high_proximity"":{""value"":0.9840339665199798,""score"":92.01698325998986},""T4_rs_1m"":{""value"":0.028668609117116883,""score"":78.66860911711689},""T5_rs_3m"":{""value"":0.26330769868851345,""score"":100},""T6_adr_healthy"":{""value"":4.182543775245347,""score"":100.0},""_score"":94.54},""geometry"":{""sub_head_depth"":74.7,""sub_shoulder_price_sym"":93.8,""sub_shoulder_time_sym"":100,""sub_right_shoulder_reaction"":61.2,""sub_base_context"":100.0,""_score"":85.32},""compression"":{""VC1_atr_ratio"":{""value"":0.3822092161662779,""score"":100},""VC2_range_contraction"":{""value"":1.1449206757182258,""score"":0},""VC3_range_pct_rank"":{""score"":66.66666666666667},""_score"":56.67},""sr_quality"":{""SR1_touches"":{""value"":2,""score"":25.0},""SR2_tightness"":{""value"":3.759999999999991,""score"":63.8774757464768},""SR3_recency"":{""value"":225,""score"":0.0},""SR4_price_location"":{""score"":96.15503119295028},""SR5_reaction"":{""value"":1.632718882150608,""score"":81.6359441075304},""_score"":53.37,""_levels_found"":8,""_target_level"":446.24},""volume"":{""V1_rvol_day"":{""value"":0.6913415622195465,""score"":12.756104147969763},""V2_rvol_sameslot"":{""value"":0.64842121770785,""score"":9.89474784719,""status"":""ok""},""V3_breakout_bar"":{""value"":1.1645899124644115,""score"":44.3059941642941},""V4_base_dryup"":{""value"":0.8770234699601782,""score"":62.29765300398218},""V5_bo_expansion"":{""value"":0.6913415622195465,""score"":0},""_score"":28.07},""readiness"":{""_distance_atr"":-0.121,""BR1_atr_distance"":{""score"":100.0},""BR2_compression"":{""score"":38.9489036789471},""BR3_retest"":{""score"":50.0},""BR4_bo_age"":{""score"":50.0},""_score"":67.24},""risk"":{""R1_stop_clarity"":{""score"":43.18195932441829},""R2_stop_distance_pct"":{""value"":12.724825276972524,""score"":0.0},""R3_stop_distance_atr"":{""value"":2.7199588269100463,""score"":100.0},""R4_rr_potential"":{""value"":0.8068988171135315,""score"":0.0},""_score"":30.11},""market"":{""M1_spy_regime"":{""score"":100.0},""M3_earnings_risk"":{""value"":null,""score"":80.0},""M4_vix"":{""value"":null,""score"":60.0},""_score"":84.0},""liquidity"":{""L1_price"":{""value"":444.99,""score"":100.0},""L2_dollar_vol"":{""value"":220751130.37595707,""score"":100.0},""L3_spread_proxy"":{""value"":0.03128160183374911,""score"":68.71839816625089},""L4_volume_zscore"":{""value"":-0.7155495972285837,""score"":100.0},""_score"":96.87},""pattern_structure"":{""left_shoulder"":418.12,""left_shoulder_idx"":64,""head"":394.28,""head_idx"":73,""right_shoulder"":416.04,""right_shoulder_idx"":82,""left_to_head_bars"":9,""head_to_right_bars"":9,""structural_low"":394.28,""current_price"":440.97,""neckline_distance_pct"":0.0034242692246637886,""base_bars"":18},""pattern_geometry_features"":{""head_depth_pct"":0.05466577155461798,""shoulder_price_asymmetry"":0.004987052843579131,""shoulder_time_asymmetry"":0.0,""right_shoulder_reaction"":0.611690363349132,""atr_pct"":0.046783154035564205},""_schema_version"":""1.0""}",,,,,,,,,,
20260505T210937Z-543da1,2026-05-05T21:09:37.858700+00:00,MSTR,breakout_retest_hold,setup,67.24,91.7,76.7,68.8,45.4,19.8,79.8,60.6,84.0,96.4,12.83,16.87,4.13,6.36,2.57,14.36,3.03,4.2,2.89,False,,186.9,183.25,181.8828,186.2519,"{""trend"":{""T1_ema_stack"":{""value"":[true,true,false],""score"":66.66666666666666},""T2_ema50_slope"":{""value"":0.37531560817988646,""score"":100},""T3_high_proximity"":{""value"":1.0,""score"":99.99999999999997},""T4_rs_1m"":{""value"":0.36529919654151555,""score"":100},""T5_rs_3m"":{""value"":0.3528643740149058,""score"":100},""T6_adr_healthy"":{""value"":5.560228431759865,""score"":100.0},""_score"":91.67},""geometry"":{""sub_retest_depth"":34.8,""sub_retest_timing"":100.0,""sub_retest_freshness"":100.0,""sub_hold_quality"":87.4,""_score"":76.66},""compression"":{""VC1_atr_ratio"":{""value"":0.6149097568155192,""score"":96.2725607961202},""VC2_range_contraction"":{""value"":0.8707691256495116,""score"":21.538479058414737},""VC3_range_pct_rank"":{""score"":90.83333333333333},""_score"":68.76},""sr_quality"":{""SR1_touches"":{""value"":3,""score"":50.0},""SR2_tightness"":{""value"":2.4634681262173572,""score"":56.04862792176991},""SR3_recency"":{""value"":291,""score"":0.0},""SR4_price_location"":{""score"":30.0},""SR5_reaction"":{""value"":1.937076004611541,""score"":96.85380023057705},""_score"":45.44,""_levels_found"":6,""_target_level"":165.9679},""volume"":{""V1_rvol_day"":{""value"":0.7810938702254963,""score"":18.739591348366417},""V2_rvol_sameslot"":{""value"":0.6361848590881792,""score"":9.078990605878616,""status"":""ok""},""V3_breakout_bar"":{""value"":0.5782691200474201,""score"":5.217941336494677},""V4_base_dryup"":{""value"":0.8558883652745566,""score"":64.41116347254435},""V5_bo_expansion"":{""value"":0.7810938702254963,""score"":0},""_score"":19.75},""readiness"":{""_distance_atr"":-0.326,""BR1_atr_distance"":{""score"":100.0},""BR2_compression"":{""score"":55.06964522375117},""BR3_retest"":{""score"":100},""BR4_bo_age"":{""score"":40},""_score"":79.77},""risk"":{""R1_stop_clarity"":{""score"":67.22203956171683},""R2_stop_distance_pct"":{""value"":2.684430176565009,""score"":100.0},""R3_stop_distance_atr"":{""value"":0.4475658151288778,""score"":47.37829075644389},""R4_rr_potential"":{""value"":-0.12918133050876415,""score"":0.0},""_score"":60.63},""market"":{""M1_spy_regime"":{""score"":100.0},""M3_earnings_risk"":{""value"":null,""score"":80.0},""M4_vix"":{""value"":null,""score"":60.0},""_score"":84.0},""liquidity"":{""L1_price"":{""value"":186.9,""score"":100.0},""L2_dollar_vol"":{""value"":2775478934.0538225,""score"":100.0},""L3_spread_proxy"":{""value"":0.03579454253611555,""score"":64.20545746388444},""L4_volume_zscore"":{""value"":-0.45653150389983926,""score"":100.0},""_score"":96.42},""pattern_structure"":{""level"":183.25,""level_idx"":20,""breakout_idx"":70,""bo_peak_idx"":74,""bo_peak_price"":190.41,""retest_idx"":77,""retest_low"":183.72,""structural_low"":183.72,""current_price"":186.555,""neckline_distance_pct"":-0.01771595508027127,""base_bars"":59,""bars_since_breakout"":9},""pattern_geometry_features"":{""retest_depth_atr"":-0.15656899743493322,""bars_breakout_to_retest"":7.0,""bars_since_retest"":2.0,""current_above_level_atr"":1.1009798649413969,""bo_peak_excess_pct"":0.03907230559345155,""atr_pct"":0.05997844531070856},""_schema_version"":""1.0""}",,,,,,,,,,
20260505T210937Z-543da1,2026-05-05T21:09:37.858700+00:00,SGML,double_bottom,candidate,67.13,99.8,76.8,75.7,50.4,17.6,60.5,54.7,84.0,88.2,14.96,19.2,6.05,7.05,2.28,4.84,3.28,5.04,4.41,False,,22.53,22.94,20.3206,25.2499,"{""trend"":{""T1_ema_stack"":{""value"":[true,true,true],""score"":100.0},""T2_ema50_slope"":{""value"":1.0411105218359284,""score"":100},""T3_high_proximity"":{""value"":0.998227735932654,""score"":99.11386796632698},""T4_rs_1m"":{""value"":0.45432030582588423,""score"":100},""T5_rs_3m"":{""value"":0.8247190271856306,""score"":100},""T6_adr_healthy"":{""value"":8.087338575585965,""score"":97.81653561035087},""_score"":99.76},""geometry"":{""sub_low_similarity"":77.8,""sub_bounce_quality"":100,""sub_separation_fit"":0.0,""sub_right_bottom_reaction"":89.7,""sub_base_context"":100.0,""_score"":76.8},""compression"":{""VC1_atr_ratio"":{""value"":0.36395857458839825,""score"":100},""VC2_range_contraction"":{""value"":0.7674765525885278,""score"":38.753907901912044},""VC3_range_pct_rank"":{""score"":88.33333333333333},""_score"":75.65},""sr_quality"":{""SR1_touches"":{""value"":3,""score"":50.0},""SR2_tightness"":{""value"":0.12970050972229077,""score"":85.88057761948882},""SR3_recency"":{""value"":269,""score"":0.0},""SR4_price_location"":{""score"":30.0},""SR5_reaction"":{""value"":2.6308252367418716,""score"":100},""_score"":50.38,""_levels_found"":5,""_target_level"":16.7833},""volume"":{""V1_rvol_day"":{""value"":0.6660060258124906,""score"":11.067068387499372},""V2_rvol_sameslot"":{""value"":0.5828193855827892,""score"":5.521292372185949,""status"":""ok""},""V3_breakout_bar"":{""value"":0.4677033900100659,""score"":0},""V4_base_dryup"":{""value"":0.7885148434779212,""score"":71.14851565220788},""V5_bo_expansion"":{""value"":0.6660060258124906,""score"":0},""_score"":17.55},""readiness"":{""_distance_atr"":0.223,""BR1_atr_distance"":{""score"":85.12222969566665},""BR2_compression"":{""score"":35.92606958827312},""BR3_retest"":{""score"":50.0},""BR4_bo_age"":{""score"":50.0},""_score"":60.53},""risk"":{""R1_stop_clarity"":{""score"":66.31257314147733},""R2_stop_distance_pct"":{""value"":9.806264980026649,""score"":54.84337549933378},""R3_stop_distance_atr"":{""value"":1.2025691758000385,""score"":85.12845879000193},""R4_rr_potential"":{""value"":1.2310852302134803,""score"":11.554261510674014},""_score"":54.74},""market"":{""M1_spy_regime"":{""score"":100.0},""M3_earnings_risk"":{""value"":null,""score"":80.0},""M4_vix"":{""value"":null,""score"":60.0},""_score"":84.0},""liquidity"":{""L1_price"":{""value"":22.53,""score"":100.0},""L2_dollar_vol"":{""value"":51539302.205092706,""score"":85.60692671527552},""L3_spread_proxy"":{""value"":0.060110963160230894,""score"":39.889036839769105},""L4_volume_zscore"":{""value"":-0.6269131268438579,""score"":100.0},""_score"":88.23},""pattern_structure"":{""left_low"":20.6301,""left_idx"":21,""right_low"":20.86,""right_idx"":68,""separation_bars"":47,""structural_low"":20.6301,""current_price"":22.32,""neckline_distance_pct"":0.02777777777777782,""base_bars"":47},""pattern_geometry_features"":{""low_similarity_pct"":0.011082161768711123,""bounce_pct"":0.11196746501471164,""right_bottom_reaction"":0.8966346153846155,""atr_pct"":0.08154429015281213},""_schema_version"":""1.0""}",,,,,,,,,,
20260505T210937Z-543da1,2026-05-05T21:09:37.858700+00:00,VSAT,ascending_triangle,candidate,66.96,99.6,72.6,76.0,49.5,23.6,61.9,32.8,84.0,90.7,14.94,20.33,6.08,6.93,2.83,4.95,1.31,5.04,4.54,False,,65.57,66.75,55.7806,76.87,"{""trend"":{""T1_ema_stack"":{""value"":[true,true,true],""score"":100.0},""T2_ema50_slope"":{""value"":0.6496294316368153,""score"":100},""T3_high_proximity"":{""value"":0.9948414504627522,""score"":97.42072523137607},""T4_rs_1m"":{""value"":0.16013931211051657,""score"":100},""T5_rs_3m"":{""value"":0.43955488822879296,""score"":100},""T6_adr_healthy"":{""value"":5.002041505526727,""score"":100.0},""_score"":99.61},""geometry"":{""sub_flat_top_quality"":66.7,""sub_hl_slope"":100,""sub_compression"":30.3,""sub_duration"":100.0,""_score"":72.59},""compression"":{""VC1_atr_ratio"":{""value"":0.5408711151713661,""score"":100},""VC2_range_contraction"":{""value"":0.7927698727582609,""score"":34.538354540289845},""VC3_range_pct_rank"":{""score"":95.83333333333334},""_score"":76.05},""sr_quality"":{""SR1_touches"":{""value"":3,""score"":50.0},""SR2_tightness"":{""value"":0.3151013946159069,""score"":80.16225059191594},""SR3_recency"":{""value"":269,""score"":0.0},""SR4_price_location"":{""score"":30.0},""SR5_reaction"":{""value"":2.571781899943788,""score"":100},""_score"":49.52,""_levels_found"":5,""_target_level"":49.8067},""volume"":{""V1_rvol_day"":{""value"":0.5163531809694013,""score"":1.0902120646267535},""V2_rvol_sameslot"":{""value"":0.5196797771578745,""score"":1.3119851438583,""status"":""ok""},""V3_breakout_bar"":{""value"":1.229572054435448,""score"":48.638136962363205},""V4_base_dryup"":{""value"":0.9508692325035337,""score"":54.91307674964663},""V5_bo_expansion"":{""value"":0.5163531809694013,""score"":0},""_score"":23.62},""readiness"":{""_distance_atr"":0.371,""BR1_atr_distance"":{""score"":75.23702454562475},""BR2_compression"":{""score"":57.33113842437504},""BR3_retest"":{""score"":50.0},""BR4_bo_age"":{""score"":50.0},""_score"":61.93},""risk"":{""R1_stop_clarity"":{""score"":46.521416526138474},""R2_stop_distance_pct"":{""value"":14.929769711758409,""score"":0.0},""R3_stop_distance_atr"":{""value"":3.0815581787521023,""score"":100.0},""R4_rr_potential"":{""value"":1.154303867939468,""score"":7.715193396973397},""_score"":32.83},""market"":{""M1_spy_regime"":{""score"":100.0},""M3_earnings_risk"":{""value"":null,""score"":80.0},""M4_vix"":{""value"":null,""score"":60.0},""_score"":84.0},""liquidity"":{""L1_price"":{""value"":65.57,""score"":100.0},""L2_dollar_vol"":{""value"":48764572.14445472,""score"":84.40522090557918},""L3_spread_proxy"":{""value"":0.03057800823547369,""score"":69.42199176452631},""L4_volume_zscore"":{""value"":-1.4685389614959299,""score"":100.0},""_score"":90.7},""pattern_structure"":{""top"":66.75,""top_touches"":3,""low_slope_per_bar"":0.2581832191780822,""lowest_low"":56.63,""structural_low"":56.63,""current_price"":65.345,""neckline_distance_pct"":0.021501262529650334,""base_bars"":28},""pattern_geometry_features"":{""top_touches"":3.0,""low_slope"":0.2581832191780822,""compression"":0.15148279484933824,""atr_pct"":0.04844876794701413},""_schema_version"":""1.0""}",,,,,,,,,,
20260505T210937Z-543da1,2026-05-05T21:09:37.858700+00:00,ZETA,double_bottom,candidate,66.8,64.6,89.7,71.7,56.5,28.6,39.3,72.1,84.0,96.4,9.7,22.42,5.73,7.91,3.71,3.14,4.33,5.04,4.82,False,,17.85,19.88,17.4246,22.07,"{""trend"":{""T1_ema_stack"":{""value"":[true,true,false],""score"":66.66666666666666},""T2_ema50_slope"":{""value"":0.07062289831300377,""score"":61.77048305216729},""T3_high_proximity"":{""value"":0.9355345911949687,""score"":67.76729559748435},""T4_rs_1m"":{""value"":0.030630303380407176,""score"":80.63030338040718},""T5_rs_3m"":{""value"":-0.042320669632689434,""score"":28.839665183655285},""T6_adr_healthy"":{""value"":5.30637813448631,""score"":100.0},""_score"":64.64},""geometry"":{""sub_low_similarity"":75.3,""sub_bounce_quality"":100,""sub_separation_fit"":100.0,""sub_right_bottom_reaction"":80.6,""sub_base_context"":100.0,""_score"":89.68},""compression"":{""VC1_atr_ratio"":{""value"":0.4414271729669558,""score"":100},""VC2_range_contraction"":{""value"":0.8073652972687627,""score"":32.10578378853955},""VC3_range_pct_rank"":{""score"":81.66666666666667},""_score"":71.65},""sr_quality"":{""SR1_touches"":{""value"":4,""score"":75.0},""SR2_tightness"":{""value"":0.08135570047636506,""score"":82.3976168103559},""SR3_recency"":{""value"":231,""score"":0.0},""SR4_price_location"":{""score"":26.54462242562927},""SR5_reaction"":{""value"":2.222077550768089,""score"":100},""_score"":56.5,""_levels_found"":6,""_target_level"":18.6525},""volume"":{""V1_rvol_day"":{""value"":0.9899838930486199,""score"":32.665592869908},""V2_rvol_sameslot"":{""value"":1.1633422401657787,""score"":44.22281601105191,""status"":""ok""},""V3_breakout_bar"":{""value"":0.8649971936465274,""score"":24.333146243101826},""V4_base_dryup"":{""value"":1.144343032541019,""score"":35.565696745898094},""V5_bo_expansion"":{""value"":0.9899838930486199,""score"":0},""_score"":28.57},""readiness"":{""_distance_atr"":2.196,""BR1_atr_distance"":{""score"":0},""BR2_compression"":{""score"":87.03595635193689},""BR3_retest"":{""score"":50.0},""BR4_bo_age"":{""score"":50.0},""_score"":39.26},""risk"":{""R1_stop_clarity"":{""score"":42.58801347633878},""R2_stop_distance_pct"":{""value"":2.3829131652661157,""score"":100.0},""R3_stop_distance_atr"":{""value"":0.4601505269990438,""score"":48.00752634995219},""R4_rr_potential"":{""value"":9.921241330668812,""score"":100.0},""_score"":72.11},""market"":{""M1_spy_regime"":{""score"":100.0},""M3_earnings_risk"":{""value"":null,""score"":80.0},""M4_vix"":{""value"":null,""score"":60.0},""_score"":84.0},""liquidity"":{""L1_price"":{""value"":17.85,""score"":100.0},""L2_dollar_vol"":{""value"":153971508.31828398,""score"":100.0},""L3_spread_proxy"":{""value"":0.03585434173669471,""score"":64.1456582633053},""L4_volume_zscore"":{""value"":-0.020606113862142433,""score"":100.0},""_score"":96.41},""pattern_structure"":{""left_low"":17.69,""left_idx"":45,""right_low"":17.91,""right_idx"":68,""separation_bars"":23,""structural_low"":17.69,""current_price"":17.98,""neckline_distance_pct"":0.1056729699666295,""base_bars"":23},""pattern_geometry_features"":{""low_similarity_pct"":0.012359550561797689,""bounce_pct"":0.12379875635952502,""right_bottom_reaction"":0.8055555555555584,""atr_pct"":0.05178551420568225},""_schema_version"":""1.0""}",,,,,,,,,,
20260505T210937Z-543da1,2026-05-05T21:09:37.858700+00:00,CRS,double_bottom,setup,66.28,94.5,69.4,56.7,53.4,30.4,67.2,59.0,84.0,96.9,14.18,17.34,4.53,7.47,3.95,5.38,3.54,5.04,4.84,False,,444.99,442.48,409.8486,468.87,"{""trend"":{""T1_ema_stack"":{""value"":[true,true,true],""score"":100.0},""T2_ema50_slope"":{""value"":0.342417362875123,""score"":100},""T3_high_proximity"":{""value"":0.9840339665199798,""score"":92.01698325998986},""T4_rs_1m"":{""value"":0.028668609117116883,""score"":78.66860911711689},""T5_rs_3m"":{""value"":0.26330769868851345,""score"":100},""T6_adr_healthy"":{""value"":4.182543775245347,""score"":100.0},""_score"":94.54},""geometry"":{""sub_low_similarity"":88.8,""sub_bounce_quality"":47.7,""sub_separation_fit"":0.0,""sub_right_bottom_reaction"":87.9,""sub_base_context"":100.0,""_score"":69.37},""compression"":{""VC1_atr_ratio"":{""value"":0.3822092161662779,""score"":100},""VC2_range_contraction"":{""value"":1.1449206757182258,""score"":0},""VC3_range_pct_rank"":{""score"":66.66666666666667},""_score"":56.67},""sr_quality"":{""SR1_touches"":{""value"":2,""score"":25.0},""SR2_tightness"":{""value"":3.759999999999991,""score"":63.8774757464768},""SR3_recency"":{""value"":225,""score"":0.0},""SR4_price_location"":{""score"":96.15503119295028},""SR5_reaction"":{""value"":1.632718882150608,""score"":81.6359441075304},""_score"":53.37,""_levels_found"":8,""_target_level"":446.24},""volume"":{""V1_rvol_day"":{""value"":0.6913415622195465,""score"":12.756104147969763},""V2_rvol_sameslot"":{""value"":0.64842121770785,""score"":9.89474784719,""status"":""ok""},""V3_breakout_bar"":{""value"":1.1645899124644115,""score"":44.3059941642941},""V4_base_dryup"":{""value"":0.7622719036874579,""score"":73.7728096312542},""V5_bo_expansion"":{""value"":0.6913415622195465,""score"":0},""_score"":30.36},""readiness"":{""_distance_atr"":-0.121,""BR1_atr_distance"":{""score"":100.0},""BR2_compression"":{""score"":38.9489036789471},""BR3_retest"":{""score"":50.0},""BR4_bo_age"":{""score"":50.0},""_score"":67.24},""risk"":{""R1_stop_clarity"":{""score"":40.0390115027319},""R2_stop_distance_pct"":{""value"":7.897110047416805,""score"":100.0},""R3_stop_distance_atr"":{""value"":1.6880242921230753,""score"":100.0},""R4_rr_potential"":{""value"":0.6795413380533195,""score"":0.0},""_score"":59.01},""market"":{""M1_spy_regime"":{""score"":100.0},""M3_earnings_risk"":{""value"":null,""score"":80.0},""M4_vix"":{""value"":null,""score"":60.0},""_score"":84.0},""liquidity"":{""L1_price"":{""value"":444.99,""score"":100.0},""L2_dollar_vol"":{""value"":220751130.37595707,""score"":100.0},""L3_spread_proxy"":{""value"":0.03128160183374911,""score"":68.71839816625089},""L4_volume_zscore"":{""value"":-0.7155495972285837,""score"":100.0},""_score"":96.87},""pattern_structure"":{""left_low"":416.09,""left_idx"":21,""right_low"":418.42,""right_idx"":71,""separation_bars"":50,""structural_low"":416.09,""current_price"":440.97,""neckline_distance_pct"":0.0034242692246637886,""base_bars"":50},""pattern_geometry_features"":{""low_similarity_pct"":0.005584115229296332,""bounce_pct"":0.0634237785094572,""right_bottom_reaction"":0.8788395904436886,""atr_pct"":0.046783154035564205},""_schema_version"":""1.0""}",,,,,,,,,,
20260505T210937Z-543da1,2026-05-05T21:09:37.858700+00:00,SNPS,breakout_retest_hold,retest_hold,66.21,89.6,78.6,58.8,38.2,29.3,80.1,43.1,84.0,97.2,12.54,17.29,3.53,5.36,3.8,14.42,2.15,4.2,2.92,False,,502.51,502.28,498.2274,507.194,"{""trend"":{""T1_ema_stack"":{""value"":[true,true,false],""score"":66.66666666666666},""T2_ema50_slope"":{""value"":0.23751003179966318,""score"":89.58500529994387},""T3_high_proximity"":{""value"":1.0,""score"":99.99999999999997},""T4_rs_1m"":{""value"":0.16714316330516232,""score"":100},""T5_rs_3m"":{""value"":0.1492502736004231,""score"":100},""T6_adr_healthy"":{""value"":3.4024905426269387,""score"":100.0},""_score"":89.58},""geometry"":{""sub_retest_depth"":28.7,""sub_retest_timing"":100.0,""sub_retest_freshness"":100.0,""sub_hold_quality"":100.0,""_score"":78.61},""compression"":{""VC1_atr_ratio"":{""value"":0.6942047337759454,""score"":76.44881655601365},""VC2_range_contraction"":{""value"":0.841871293438388,""score"":26.35478442693534},""VC3_range_pct_rank"":{""score"":75.83333333333333},""_score"":58.76},""sr_quality"":{""SR1_touches"":{""value"":2,""score"":25.0},""SR2_tightness"":{""value"":0.8400000000000034,""score"":90.54645280963679},""SR3_recency"":{""value"":312,""score"":0.0},""SR4_price_location"":{""score"":30.0},""SR5_reaction"":{""value"":1.2891712269715503,""score"":64.45856134857752},""_score"":38.25,""_levels_found"":5,""_target_level"":483.07},""volume"":{""V1_rvol_day"":{""value"":1.0848723377324998,""score"":38.99148918216665},""V2_rvol_sameslot"":{""value"":0.7427123384889117,""score"":16.180822565927446,""status"":""ok""},""V3_breakout_bar"":{""value"":0.7429919906898719,""score"":16.19946604599146},""V4_base_dryup"":{""value"":0.8338445148181604,""score"":66.61554851818397},""V5_bo_expansion"":{""value"":1.0848723377325,""score"":5.658155848833335},""_score"":29.26},""readiness"":{""_distance_atr"":-0.013,""BR1_atr_distance"":{""score"":100.0},""BR2_compression"":{""score"":32.41575759250102},""BR3_retest"":{""score"":100},""BR4_bo_age"":{""score"":80},""_score"":80.1},""risk"":{""R1_stop_clarity"":{""score"":43.36199810687892},""R2_stop_distance_pct"":{""value"":0.8522417464329073,""score"":71.30604366082268},""R3_stop_distance_atr"":{""value"":0.24098667379434124,""score"":37.04933368971706},""R4_rr_potential"":{""value"":1.0937314448499234,""score"":4.686572242496167},""_score"":43.06},""market"":{""M1_spy_regime"":{""score"":100.0},""M3_earnings_risk"":{""value"":null,""score"":80.0},""M4_vix"":{""value"":null,""score"":60.0},""_score"":84.0},""liquidity"":{""L1_price"":{""value"":502.51,""score"":98.745},""L2_dollar_vol"":{""value"":945424596.6396147,""score"":100.0},""L3_spread_proxy"":{""value"":0.024934827167618502,""score"":75.0651728323815},""L4_volume_zscore"":{""value"":0.3104076792175536,""score"":100.0},""_score"":97.19},""pattern_structure"":{""level"":502.28,""level_idx"":34,""breakout_idx"":74,""bo_peak_idx"":75,""bo_peak_price"":512.54,""retest_idx"":78,""retest_low"":503.26,""structural_low"":503.26,""current_price"":505.32,""neckline_distance_pct"":-0.006015989867806579,""base_bars"":45,""bars_since_breakout"":5},""pattern_geometry_features"":{""retest_depth_atr"":-0.19942961965922892,""bars_breakout_to_retest"":4.0,""bars_since_retest"":1.0,""current_above_level_atr"":0.6186388201673967,""bo_peak_excess_pct"":0.020426853547821915,""atr_pct"":0.03536468357417195},""_schema_version"":""1.0""}",,,,,,,,,,
20260505T210937Z-543da1,2026-05-05T21:09:37.858700+00:00,OMER,breakout_retest_hold,setup,65.9,98.6,80.0,73.9,46.6,5.2,75.1,56.4,84.0,78.3,13.8,17.6,4.43,6.52,0.67,13.51,2.82,4.2,2.35,False,,14.77,14.72,14.4837,14.9276,"{""trend"":{""T1_ema_stack"":{""value"":[true,true,true],""score"":100.0},""T2_ema50_slope"":{""value"":0.47757692573130345,""score"":100},""T3_high_proximity"":{""value"":0.9807436918990703,""score"":90.37184594953513},""T4_rs_1m"":{""value"":0.2585112285956337,""score"":100},""T5_rs_3m"":{""value"":0.19991997540785444,""score"":100},""T6_adr_healthy"":{""value"":4.764138605145524,""score"":100.0},""_score"":98.56},""geometry"":{""sub_retest_depth"":100.0,""sub_retest_timing"":0.0,""sub_retest_freshness"":100.0,""sub_hold_quality"":100.0,""_score"":80.0},""compression"":{""VC1_atr_ratio"":{""value"":0.412568748234682,""score"":100},""VC2_range_contraction"":{""value"":0.8190846403854454,""score"":30.152559935759104},""VC3_range_pct_rank"":{""score"":93.33333333333333},""_score"":73.89},""sr_quality"":{""SR1_touches"":{""value"":2,""score"":25.0},""SR2_tightness"":{""value"":0.009999999999999787,""score"":97.05539021337911},""SR3_recency"":{""value"":305,""score"":0.0},""SR4_price_location"":{""score"":38.07982740021575},""SR5_reaction"":{""value"":6.5591182996981745,""score"":100},""_score"":46.58,""_levels_found"":9,""_target_level"":17.64},""volume"":{""V1_rvol_day"":{""value"":0.6806645884622424,""score"":12.044305897482827},""V2_rvol_sameslot"":{""value"":0.47226916694599197,""score"":0,""status"":""ok""},""V3_breakout_bar"":{""value"":0.6512579656811628,""score"":10.083864378744185},""V4_base_dryup"":{""value"":1.4881744325361517,""score"":1.182556746384833},""V5_bo_expansion"":{""value"":0.6806645884622421,""score"":0},""_score"":5.17},""readiness"":{""_distance_atr"":-0.074,""BR1_atr_distance"":{""score"":100.0},""BR2_compression"":{""score"":47.56847632960826},""BR3_retest"":{""score"":93.37462798010286},""BR4_bo_age"":{""score"":30.0},""_score"":75.07},""risk"":{""R1_stop_clarity"":{""score"":56.920358821735405},""R2_stop_distance_pct"":{""value"":1.9383886255924097,""score"":98.45971563981024},""R3_stop_distance_atr"":{""value"":0.421520890954788,""score"":46.0760445477394},""R4_rr_potential"":{""value"":0.5504964822114709,""score"":0.0},""_score"":56.37},""market"":{""M1_spy_regime"":{""score"":100.0},""M3_earnings_risk"":{""value"":null,""score"":80.0},""M4_vix"":{""value"":null,""score"":60.0},""_score"":84.0},""liquidity"":{""L1_price"":{""value"":14.77,""score"":100.0},""L2_dollar_vol"":{""value"":11399736.44472824,""score"":52.844740540844136},""L3_spread_proxy"":{""value"":0.028436018957345967,""score"":71.56398104265404},""L4_volume_zscore"":{""value"":-0.9802090274797695,""score"":100.0},""_score"":78.29},""pattern_structure"":{""level"":14.72,""level_idx"":50,""breakout_idx"":56,""bo_peak_idx"":67,""bo_peak_price"":15.32,""retest_idx"":77,""retest_low"":14.63,""structural_low"":14.63,""current_price"":14.79,""neckline_distance_pct"":-0.004732927653820048,""base_bars"":29,""bars_since_breakout"":23},""pattern_geometry_features"":{""retest_depth_atr"":0.4335110958197141,""bars_breakout_to_retest"":21.0,""bars_since_retest"":2.0,""current_above_level_atr"":0.33717529674865987,""bo_peak_excess_pct"":0.040760869565217364,""atr_pct"":0.04598558854821551},""_schema_version"":""1.0""}",,,,,,,,,,
20260505T210937Z-543da1,2026-05-05T21:09:37.858700+00:00,MKSI,double_bottom,candidate,65.71,99.0,62.9,45.6,51.8,49.7,49.9,67.7,84.0,93.8,14.85,15.72,3.65,7.25,6.46,3.99,4.06,5.04,4.69,False,,287.65,298.0,273.7906,318.04,"{""trend"":{""T1_ema_stack"":{""value"":[true,true,true],""score"":100.0},""T2_ema50_slope"":{""value"":0.48899776754130164,""score"":100},""T3_high_proximity"":{""value"":0.9866909065962337,""score"":93.34545329811684},""T4_rs_1m"":{""value"":0.1154135571734316,""score"":100},""T5_rs_3m"":{""value"":0.20328313883333426,""score"":100},""T6_adr_healthy"":{""value"":4.590477087284914,""score"":100.0},""_score"":99.0},""geometry"":{""sub_low_similarity"":84.1,""sub_bounce_quality"":60.1,""sub_separation_fit"":13.3,""sub_right_bottom_reaction"":24.2,""sub_base_context"":100.0,""_score"":62.88},""compression"":{""VC1_atr_ratio"":{""value"":0.46358544494544024,""score"":100},""VC2_range_contraction"":{""value"":1.1873135830620378,""score"":0},""VC3_range_pct_rank"":{""score"":22.499999999999996},""_score"":45.62},""sr_quality"":{""SR1_touches"":{""value"":4,""score"":75.0},""SR2_tightness"":{""value"":3.5844531922596055,""score"":50.47754206041055},""SR3_recency"":{""value"":225,""score"":0.0},""SR4_price_location"":{""score"":30.0},""SR5_reaction"":{""value"":1.9000320726321773,""score"":95.00160363160887},""_score"":51.82,""_levels_found"":4,""_target_level"":264.9688},""volume"":{""V1_rvol_day"":{""value"":1.3474173772378655,""score"":56.49449181585769},""V2_rvol_sameslot"":{""value"":1.4488021667720719,""score"":63.25347778480479,""status"":""ok""},""V3_breakout_bar"":{""value"":0.8980817579044544,""score"":26.53878386029696},""V4_base_dryup"":{""value"":0.719362558604907,""score"":78.0637441395093},""V5_bo_expansion"":{""value"":1.3474173772378653,""score"":23.16115848252435},""_score"":49.67},""readiness"":{""_distance_atr"":0.715,""BR1_atr_distance"":{""score"":52.33513433498619},""BR2_compression"":{""score"":45.66246511462509},""BR3_retest"":{""score"":50.0},""BR4_bo_age"":{""score"":50.0},""_score"":49.85},""risk"":{""R1_stop_clarity"":{""score"":42.39597365109915},""R2_stop_distance_pct"":{""value"":4.8181470537111055,""score"":100.0},""R3_stop_distance_atr"":{""value"":0.9574006365183921,""score"":72.8700318259196},""R4_rr_potential"":{""value"":2.1927356162604483,""score"":59.63678081302242},""_score"":67.7},""market"":{""M1_spy_regime"":{""score"":100.0},""M3_earnings_risk"":{""value"":null,""score"":80.0},""M4_vix"":{""value"":null,""score"":60.0},""_score"":84.0},""liquidity"":{""L1_price"":{""value"":287.65,""score"":100.0},""L2_dollar_vol"":{""value"":441542754.1899099,""score"":100.0},""L3_spread_proxy"":{""value"":0.061950286806883345,""score"":38.04971319311665},""L4_volume_zscore"":{""value"":1.0653622311222553,""score"":100.0},""_score"":93.8},""pattern_structure"":{""left_low"":277.96,""left_idx"":31,""right_low"":280.18,""right_idx"":74,""separation_bars"":43,""structural_low"":277.96,""current_price"":284.2,""neckline_distance_pct"":0.04855735397607323,""base_bars"":43},""pattern_geometry_features"":{""low_similarity_pct"":0.007954993370838956,""bounce_pct"":0.07209670456180753,""right_bottom_reaction"":0.24242424242424213,""atr_pct"":0.05032529611879516},""_schema_version"":""1.0""}",,,,,,,,,,
20260505T210937Z-543da1,2026-05-05T21:09:37.858700+00:00,NOK,high_tight_pullback,candidate,65.55,100.0,88.2,15.6,34.8,21.6,53.5,72.3,84.0,94.4,12.0,30.88,1.56,2.79,3.02,4.82,0.72,5.04,4.72,False,,13.42,13.98,13.0808,16.88,"{""trend"":{""T1_ema_stack"":{""value"":[true,true,true],""score"":100.0},""T2_ema50_slope"":{""value"":0.6596366243084824,""score"":100},""T3_high_proximity"":{""value"":1.0,""score"":99.99999999999997},""T4_rs_1m"":{""value"":0.41115935015278615,""score"":100},""T5_rs_3m"":{""value"":0.9563220604958333,""score"":100},""T6_adr_healthy"":{""value"":5.185395339861868,""score"":100.0},""_score"":100.0},""geometry"":{""sub_pole_impulse"":100.0,""sub_flag_tightness"":83.6,""sub_flag_shallowness"":61.7,""sub_flag_drift"":100,""sub_flag_duration"":100.0,""_score"":88.24},""compression"":{""VC1_atr_ratio"":{""value"":0.8792730859040744,""score"":30.181728523981405},""VC2_range_contraction"":{""value"":1.518837668653832,""score"":0},""VC3_range_pct_rank"":{""score"":14.166666666666671},""_score"":15.61},""sr_quality"":{""SR1_touches"":{""value"":2,""score"":25.0},""SR2_tightness"":{""value"":0.08250000000000046,""score"":76.19219392540208},""SR3_recency"":{""value"":249,""score"":0.0},""SR4_price_location"":{""score"":30.0},""SR5_reaction"":{""value"":1.1218526801818047,""score"":56.09263400909023},""_score"":34.84,""_levels_found"":5,""_target_level"":8.4525},""volume"":{""V1_rvol_day"":{""value"":0.8394184802720251,""score"":22.627898684801675},""V2_rvol_sameslot"":{""value"":0.9098680643348122,""score"":27.32453762232081,""status"":""ok""},""V3_breakout_bar"":{""value"":0.5411006574060133,""score"":2.740043827067555},""V4_base_dryup"":{""value"":0.9559292762306533,""score"":54.40707237693467},""V5_bo_expansion"":{""value"":0.8394184802720251,""score"":0},""_score"":21.56},""readiness"":{""_distance_atr"":0.808,""BR1_atr_distance"":{""score"":46.13183272010192},""BR2_compression"":{""score"":70.2538867336376},""BR3_retest"":{""score"":50.0},""BR4_bo_age"":{""score"":50.0},""_score"":53.52},""risk"":{""R1_stop_clarity"":{""score"":42.51497005988042},""R2_stop_distance_pct"":{""value"":2.5275707898658717,""score"":100.0},""R3_stop_distance_atr"":{""value"":0.4894307770002163,""score"":49.47153885001081},""R4_rr_potential"":{""value"":10.200471698113217,""score"":100.0},""_score"":72.3},""market"":{""M1_spy_regime"":{""score"":100.0},""M3_earnings_risk"":{""value"":null,""score"":80.0},""M4_vix"":{""value"":null,""score"":60.0},""_score"":84.0},""liquidity"":{""L1_price"":{""value"":13.42,""score"":100.0},""L2_dollar_vol"":{""value"":1244245890.120735,""score"":100.0},""L3_spread_proxy"":{""value"":0.05588673621460507,""score"":44.11326378539493},""L4_volume_zscore"":{""value"":-0.4795589542549532,""score"":100.0},""_score"":94.41},""pattern_structure"":{""pole_low"":11.08,""pole_low_idx"":29,""peak_price"":13.98,""peak_idx"":54,""pole_gain"":0.2617328519855596,""flag_bars"":5,""flag_low"":13.28,""flag_high"":13.64,""structural_low"":13.28,""current_price"":13.505,""neckline_distance_pct"":0.03517215845982966,""base_bars"":5},""pattern_geometry_features"":{""pole_gain"":0.2617328519855596,""pullback_pct"":0.05007153075822611,""flag_range_pct"":0.025751072961373477,""flag_drift_per_bar"":0.0026864124398370283,""atr_pct"":0.051643070044709395,""pole_atr_multiple"":5.0681117865178695},""_schema_version"":""1.0""}",,,,,,,,,,
20260505T210937Z-543da1,2026-05-05T21:09:37.858700+00:00,LRCX,double_bottom,candidate,65.54,100.0,71.9,47.1,42.0,37.7,65.0,50.3,84.0,95.2,15.0,17.98,3.77,5.88,4.9,5.2,3.02,5.04,4.76,False,,275.8,275.84,251.1257,296.73,"{""trend"":{""T1_ema_stack"":{""value"":[true,true,true],""score"":100.0},""T2_ema50_slope"":{""value"":0.4251687187507247,""score"":100},""T3_high_proximity"":{""value"":1.0,""score"":99.99999999999997},""T4_rs_1m"":{""value"":0.15154139451144943,""score"":100},""T5_rs_3m"":{""value"":0.14895228755640177,""score"":100},""T6_adr_healthy"":{""value"":3.796425001468816,""score"":100.0},""_score"":100.0},""geometry"":{""sub_low_similarity"":80.9,""sub_bounce_quality"":74.2,""sub_separation_fit"":0.0,""sub_right_bottom_reaction"":85.3,""sub_base_context"":100.0,""_score"":71.91},""compression"":{""VC1_atr_ratio"":{""value"":0.59415728345364,""score"":100},""VC2_range_contraction"":{""value"":1.070677220756097,""score"":0},""VC3_range_pct_rank"":{""score"":28.333333333333332},""_score"":47.08},""sr_quality"":{""SR1_touches"":{""value"":2,""score"":25.0},""SR2_tightness"":{""value"":1.1699999999999875,""score"":80.2102091399115},""SR3_recency"":{""value"":228,""score"":0.0},""SR4_price_location"":{""score"":30.0},""SR5_reaction"":{""value"":2.2098599793765725,""score"":100},""_score"":42.03,""_levels_found"":8,""_target_level"":274.67},""volume"":{""V1_rvol_day"":{""value"":1.2531061461931714,""score"":50.207076412878095},""V2_rvol_sameslot"":{""value"":1.026608544700369,""score"":35.10723631335793,""status"":""ok""},""V3_breakout_bar"":{""value"":0.7910398020892979,""score"":19.40265347261986},""V4_base_dryup"":{""value"":0.8378810022743918,""score"":66.21189977256083},""V5_bo_expansion"":{""value"":1.2531061461931716,""score"":16.873743079544777},""_score"":37.69},""readiness"":{""_distance_atr"":0.003,""BR1_atr_distance"":{""score"":99.77447531783395},""BR2_compression"":{""score"":30.179051391943197},""BR3_retest"":{""score"":50.0},""BR4_bo_age"":{""score"":50.0},""_score"":64.95},""risk"":{""R1_stop_clarity"":{""score"":35.31529256692788},""R2_stop_distance_pct"":{""value"":8.946428571428582,""score"":76.33928571428545},""R3_stop_distance_atr"":{""value"":2.0867446458527543,""score"":100.0},""R4_rr_potential"":{""value"":0.8482527331124523,""score"":0.0},""_score"":50.26},""market"":{""M1_spy_regime"":{""score"":100.0},""M3_earnings_risk"":{""value"":null,""score"":80.0},""M4_vix"":{""value"":null,""score"":60.0},""_score"":84.0},""liquidity"":{""L1_price"":{""value"":275.8,""score"":100.0},""L2_dollar_vol"":{""value"":3260292032.3613586,""score"":100.0},""L3_spread_proxy"":{""value"":0.04845902828136334,""score"":51.54097171863666},""L4_volume_zscore"":{""value"":1.2723197446632595,""score"":100.0},""_score"":95.15},""pattern_structure"":{""left_low"":257.4,""left_idx"":20,""right_low"":254.95,""right_idx"":70,""separation_bars"":50,""structural_low"":254.95,""current_price"":275.36,""neckline_distance_pct"":0.001743172574084694,""base_bars"":50},""pattern_geometry_features"":{""low_similarity_pct"":0.009563774763345327,""bounce_pct"":0.08193763483035885,""right_bottom_reaction"":0.8530534351145076,""atr_pct"":0.04287265616906662},""_schema_version"":""1.0""}",,,,,,,,,,
20260505T210937Z-543da1,2026-05-05T21:09:37.858700+00:00,INTC,high_tight_pullback,candidate,65.5,100.0,91.0,0.2,32.7,22.4,61.9,73.8,84.0,90.4,12.0,31.86,0.02,2.62,3.14,5.57,0.74,5.04,4.52,False,,108.15,110.48,105.8284,134.86,"{""trend"":{""T1_ema_stack"":{""value"":[true,true,true],""score"":100.0},""T2_ema50_slope"":{""value"":0.8108374904964575,""score"":100},""T3_high_proximity"":{""value"":1.0,""score"":99.99999999999997},""T4_rs_1m"":{""value"":1.0313735474820982,""score"":100},""T5_rs_3m"":{""value"":1.1462820735466024,""score"":100},""T6_adr_healthy"":{""value"":5.764641991603322,""score"":100.0},""_score"":100.0},""geometry"":{""sub_pole_impulse"":95.3,""sub_flag_tightness"":87.8,""sub_flag_shallowness"":80.6,""sub_flag_drift"":95.7,""sub_flag_duration"":100.0,""_score"":91.02},""compression"":{""VC1_atr_ratio"":{""value"":1.5045731912697053,""score"":0},""VC2_range_contraction"":{""value"":1.1472235346213056,""score"":0},""VC3_range_pct_rank"":{""score"":0.8333333333333304},""_score"":0.21},""sr_quality"":{""SR1_touches"":{""value"":2,""score"":25.0},""SR2_tightness"":{""value"":1.5549999999999997,""score"":51.11325690803139},""SR3_recency"":{""value"":284,""score"":0.0},""SR4_price_location"":{""score"":30.0},""SR5_reaction"":{""value"":1.3400626522798473,""score"":67.00313261399236},""_score"":32.72,""_levels_found"":4,""_target_level"":53.045},""volume"":{""V1_rvol_day"":{""value"":1.3313335561879212,""score"":55.422237079194744},""V2_rvol_sameslot"":{""value"":1.002173787987858,""score"":33.478252532523875,""status"":""ok""},""V3_breakout_bar"":{""value"":0.5796837055256013,""score"":5.312247035040088},""V4_base_dryup"":{""value"":1.5510469517901717,""score"":0},""V5_bo_expansion"":{""value"":1.3313335561879212,""score"":22.08890374586141},""_score"":22.42},""readiness"":{""_distance_atr"":0.366,""BR1_atr_distance"":{""score"":75.58282713734474},""BR2_compression"":{""score"":56.494303306190155},""BR3_retest"":{""score"":50.0},""BR4_bo_age"":{""score"":50.0},""_score"":61.86},""risk"":{""R1_stop_clarity"":{""score"":49.333842336323855},""R2_stop_distance_pct"":{""value"":2.146648173832643,""score"":100.0},""R3_stop_distance_atr"":{""value"":0.36493717930004665,""score"":43.24685896500233},""R4_rr_potential"":{""value"":11.504996554100606,""score"":100.0},""_score"":73.75},""market"":{""M1_spy_regime"":{""score"":100.0},""M3_earnings_risk"":{""value"":null,""score"":80.0},""M4_vix"":{""value"":null,""score"":60.0},""_score"":84.0},""liquidity"":{""L1_price"":{""value"":108.15,""score"":100.0},""L2_dollar_vol"":{""value"":20791024950.182583,""score"":100.0},""L3_spread_proxy"":{""value"":0.09616273693943601,""score"":3.837263060563984},""L4_volume_zscore"":{""value"":0.9319018096103217,""score"":100.0},""_score"":90.38},""pattern_structure"":{""pole_low"":86.1,""pole_low_idx"":30,""peak_price"":110.48,""peak_idx"":55,""pole_gain"":0.2831591173054589,""flag_bars"":4,""flag_low"":107.44,""flag_high"":109.73,""structural_low"":107.44,""current_price"":107.76,""neckline_distance_pct"":0.02524127691165552,""base_bars"":4},""pattern_geometry_features"":{""pole_gain"":0.2831591173054589,""pullback_pct"":0.02751629254163655,""flag_range_pct"":0.02072773352643018,""flag_drift_per_bar"":-0.000864328136599712,""atr_pct"":0.058822402747506754,""pole_atr_multiple"":4.813797194257946},""_schema_version"":""1.0""}",,,,,,,,,,
20260505T210937Z-543da1,2026-05-05T21:09:37.858700+00:00,VSAT,double_bottom,candidate,65.12,99.6,63.5,76.0,49.5,23.9,61.9,60.8,84.0,90.7,14.94,15.88,6.08,6.93,3.11,4.95,3.65,5.04,4.54,False,,65.57,66.75,60.1737,72.41,"{""trend"":{""T1_ema_stack"":{""value"":[true,true,true],""score"":100.0},""T2_ema50_slope"":{""value"":0.6496294316368153,""score"":100},""T3_high_proximity"":{""value"":0.9948414504627522,""score"":97.42072523137607},""T4_rs_1m"":{""value"":0.16013931211051657,""score"":100},""T5_rs_3m"":{""value"":0.43955488822879296,""score"":100},""T6_adr_healthy"":{""value"":5.002041505526727,""score"":100.0},""_score"":99.61},""geometry"":{""sub_low_similarity"":48.0,""sub_bounce_quality"":89.5,""sub_separation_fit"":0.0,""sub_right_bottom_reaction"":74.8,""sub_base_context"":100.0,""_score"":63.52},""compression"":{""VC1_atr_ratio"":{""value"":0.5408711151713661,""score"":100},""VC2_range_contraction"":{""value"":0.7927698727582609,""score"":34.538354540289845},""VC3_range_pct_rank"":{""score"":95.83333333333334},""_score"":76.05},""sr_quality"":{""SR1_touches"":{""value"":3,""score"":50.0},""SR2_tightness"":{""value"":0.3151013946159069,""score"":80.16225059191594},""SR3_recency"":{""value"":269,""score"":0.0},""SR4_price_location"":{""score"":30.0},""SR5_reaction"":{""value"":2.571781899943788,""score"":100},""_score"":49.52,""_levels_found"":5,""_target_level"":49.8067},""volume"":{""V1_rvol_day"":{""value"":0.5163531809694013,""score"":1.0902120646267535},""V2_rvol_sameslot"":{""value"":0.5196797771578745,""score"":1.3119851438583,""status"":""ok""},""V3_breakout_bar"":{""value"":1.229572054435448,""score"":48.638136962363205},""V4_base_dryup"":{""value"":0.9364187602057162,""score"":56.35812397942838},""V5_bo_expansion"":{""value"":0.5163531809694013,""score"":0},""_score"":23.91},""readiness"":{""_distance_atr"":0.371,""BR1_atr_distance"":{""score"":75.23702454562475},""BR2_compression"":{""score"":57.33113842437504},""BR3_retest"":{""score"":50.0},""BR4_bo_age"":{""score"":50.0},""_score"":61.93},""risk"":{""R1_stop_clarity"":{""score"":42.309612141652565},""R2_stop_distance_pct"":{""value"":8.229906969650742,""score"":94.25232575873146},""R3_stop_distance_atr"":{""value"":1.698682405845977,""score"":100.0},""R4_rr_potential"":{""value"":1.267523418607024,""score"":13.376170930351206},""_score"":60.76},""market"":{""M1_spy_regime"":{""score"":100.0},""M3_earnings_risk"":{""value"":null,""score"":80.0},""M4_vix"":{""value"":null,""score"":60.0},""_score"":84.0},""liquidity"":{""L1_price"":{""value"":65.57,""score"":100.0},""L2_dollar_vol"":{""value"":48764572.14445472,""score"":84.40522090557918},""L3_spread_proxy"":{""value"":0.03057800823547369,""score"":69.42199176452631},""L4_volume_zscore"":{""value"":-1.4685389614959299,""score"":100.0},""_score"":90.7},""pattern_structure"":{""left_low"":61.09,""left_idx"":23,""right_low"":62.7,""right_idx"":68,""separation_bars"":45,""structural_low"":61.09,""current_price"":65.345,""neckline_distance_pct"":0.021501262529650334,""base_bars"":45},""pattern_geometry_features"":{""low_similarity_pct"":0.026011794167541794,""bounce_pct"":0.09265018824684886,""right_bottom_reaction"":0.7482993197278879,""atr_pct"":0.04844876794701413},""_schema_version"":""1.0""}",,,,,,,,,,
20260505T210937Z-543da1,2026-05-05T21:09:37.858700+00:00,WULF,double_bottom,setup,64.93,100.0,68.2,72.8,53.0,28.5,50.0,35.5,84.0,95.2,15.0,17.05,5.83,7.42,3.7,4.0,2.13,5.04,4.76,False,,23.49,22.625,19.9315,25.015,"{""trend"":{""T1_ema_stack"":{""value"":[true,true,true],""score"":100.0},""T2_ema50_slope"":{""value"":0.6473131637517561,""score"":100},""T3_high_proximity"":{""value"":1.0,""score"":99.99999999999997},""T4_rs_1m"":{""value"":0.412208977791775,""score"":100},""T5_rs_3m"":{""value"":0.5375051494143481,""score"":100},""T6_adr_healthy"":{""value"":6.804719467403358,""score"":100.0},""_score"":100.0},""geometry"":{""sub_low_similarity"":8.7,""sub_bounce_quality"":100,""sub_separation_fit"":100.0,""sub_right_bottom_reaction"":70.5,""sub_base_context"":100.0,""_score"":68.19},""compression"":{""VC1_atr_ratio"":{""value"":0.5958773665758419,""score"":100},""VC2_range_contraction"":{""value"":0.8406693528582782,""score"":26.55510785695364},""VC3_range_pct_rank"":{""score"":94.16666666666667},""_score"":72.84},""sr_quality"":{""SR1_touches"":{""value"":4,""score"":75.0},""SR2_tightness"":{""value"":0.341192760767283,""score"":53.55619742786063},""SR3_recency"":{""value"":234,""score"":0.0},""SR4_price_location"":{""score"":30.0},""SR5_reaction"":{""value"":2.5037919668640436,""score"":100},""_score"":53.03,""_levels_found"":7,""_target_level"":18.05},""volume"":{""V1_rvol_day"":{""value"":0.9146462907693715,""score"":27.643086051291437},""V2_rvol_sameslot"":{""value"":1.0285356436973547,""score"":35.23570957982365,""status"":""ok""},""V3_breakout_bar"":{""value"":1.0830771160752242,""score"":38.87180773834828},""V4_base_dryup"":{""value"":1.190988004104255,""score"":30.90119958957449},""V5_bo_expansion"":{""value"":0.9146462907693715,""score"":0},""_score"":28.47},""readiness"":{""_distance_atr"":-0.589,""BR1_atr_distance"":{""score"":48.2254567375473},""BR2_compression"":{""score"":52.65132790556173},""BR3_retest"":{""score"":50.0},""BR4_bo_age"":{""score"":50.0},""_score"":49.95},""risk"":{""R1_stop_clarity"":{""score"":58.683604118659325},""R2_stop_distance_pct"":{""value"":15.149106002554277,""score"":0.0},""R3_stop_distance_atr"":{""value"":2.421965697284368,""score"":100.0},""R4_rr_potential"":{""value"":0.42854834517110385,""score"":0.0},""_score"":35.54},""market"":{""M1_spy_regime"":{""score"":100.0},""M3_earnings_risk"":{""value"":null,""score"":80.0},""M4_vix"":{""value"":null,""score"":60.0},""_score"":84.0},""liquidity"":{""L1_price"":{""value"":23.49,""score"":100.0},""L2_dollar_vol"":{""value"":754366112.5756491,""score"":100.0},""L3_spread_proxy"":{""value"":0.04759472115793949,""score"":52.40527884206051},""L4_volume_zscore"":{""value"":-0.2884628616737233,""score"":100.0},""_score"":95.24},""pattern_structure"":{""left_low"":20.235,""left_idx"":45,""right_low"":21.18,""right_idx"":67,""separation_bars"":22,""structural_low"":20.235,""current_price"":23.4,""neckline_distance_pct"":-0.03311965811965806,""base_bars"":22},""pattern_geometry_features"":{""low_similarity_pct"":0.045635639261137284,""bounce_pct"":0.11811218186310851,""right_bottom_reaction"":0.7049180327868855,""atr_pct"":0.06254880496259807},""_schema_version"":""1.0""}",,,,,,,,,,
20260505T210937Z-543da1,2026-05-05T21:09:37.858700+00:00,DDOG,high_tight_pullback,candidate,64.59,84.9,75.2,66.6,32.7,19.6,61.2,69.2,84.0,96.2,10.19,26.34,6.66,2.61,2.74,5.51,0.69,5.04,4.81,False,,145.73,150.0,142.7561,172.0,"{""trend"":{""T1_ema_stack"":{""value"":[true,true,false],""score"":66.66666666666666},""T2_ema50_slope"":{""value"":0.11289682493588996,""score"":68.816137489315},""T3_high_proximity"":{""value"":0.9934555866112209,""score"":96.72779330561043},""T4_rs_1m"":{""value"":0.15249933286953898,""score"":100},""T5_rs_3m"":{""value"":0.1682102779090473,""score"":100},""T6_adr_healthy"":{""value"":5.3284378980448395,""score"":100.0},""_score"":84.94},""geometry"":{""sub_pole_impulse"":69.1,""sub_flag_tightness"":76.9,""sub_flag_shallowness"":60.7,""sub_flag_drift"":87.7,""sub_flag_duration"":100.0,""_score"":75.25},""compression"":{""VC1_atr_ratio"":{""value"":0.49289165093027065,""score"":100},""VC2_range_contraction"":{""value"":0.801452077414072,""score"":33.091320430988006},""VC3_range_pct_rank"":{""score"":60.0},""_score"":66.58},""sr_quality"":{""SR1_touches"":{""value"":2,""score"":25.0},""SR2_tightness"":{""value"":0.9400000000000119,""score"":71.73691275167751},""SR3_recency"":{""value"":323,""score"":0.0},""SR4_price_location"":{""score"":22.073900777540967},""SR5_reaction"":{""value"":1.1869218791946305,""score"":59.346093959731526},""_score"":32.68,""_levels_found"":7,""_target_level"":151.015},""volume"":{""V1_rvol_day"":{""value"":0.982012329652033,""score"":32.13415531013553},""V2_rvol_sameslot"":{""value"":0.9800282837357831,""score"":32.00188558238554,""status"":""ok""},""V3_breakout_bar"":{""value"":0.7376768539248973,""score"":15.845123594993158},""V4_base_dryup"":{""value"":1.360975025518699,""score"":13.902497448130106},""V5_bo_expansion"":{""value"":0.982012329652033,""score"":0},""_score"":19.57},""readiness"":{""_distance_atr"":0.642,""BR1_atr_distance"":{""score"":57.20447427293056},""BR2_compression"":{""score"":83.27949689552966},""BR3_retest"":{""score"":50.0},""BR4_bo_age"":{""score"":50.0},""_score"":61.2},""risk"":{""R1_stop_clarity"":{""score"":34.635597315436556},""R2_stop_distance_pct"":{""value"":2.040726000137222,""score"":100.0},""R3_stop_distance_atr"":{""value"":0.4470904697986536,""score"":47.354523489932674},""R4_rr_potential"":{""value"":8.833369760755978,""score"":100.0},""_score"":69.23},""market"":{""M1_spy_regime"":{""score"":100.0},""M3_earnings_risk"":{""value"":null,""score"":80.0},""M4_vix"":{""value"":null,""score"":60.0},""_score"":84.0},""liquidity"":{""L1_price"":{""value"":145.73,""score"":100.0},""L2_dollar_vol"":{""value"":719702615.4630979,""score"":100.0},""L3_spread_proxy"":{""value"":0.03774102792836067,""score"":62.25897207163933},""L4_volume_zscore"":{""value"":-0.0654490138954917,""score"":100.0},""_score"":96.23},""pattern_structure"":{""pole_low"":128.0,""pole_low_idx"":36,""peak_price"":150.0,""peak_idx"":54,""pole_gain"":0.171875,""flag_bars"":5,""flag_low"":144.93,""flag_high"":148.5,""structural_low"":144.93,""current_price"":146.33,""neckline_distance_pct"":0.025080297956673187,""base_bars"":5},""pattern_geometry_features"":{""pole_gain"":0.171875,""pullback_pct"":0.033799999999999955,""flag_range_pct"":0.023799999999999953,""flag_drift_per_bar"":-0.0024601927150961185,""atr_pct"":0.045644587348423235,""pole_atr_multiple"":3.765506711409394},""_schema_version"":""1.0""}",,,,,,,,,,
20260505T210937Z-543da1,2026-05-05T21:09:37.858700+00:00,TXN,breakout_retest_hold,setup,64.29,99.7,75.5,11.9,49.5,30.3,67.7,56.7,84.0,97.5,13.95,16.6,0.71,6.94,3.94,12.18,2.83,4.2,2.93,False,,281.0,278.395,272.8242,284.025,"{""trend"":{""T1_ema_stack"":{""value"":[true,true,true],""score"":100.0},""T2_ema50_slope"":{""value"":0.5485753806559831,""score"":100},""T3_high_proximity"":{""value"":0.9956418523898947,""score"":97.8209261949473},""T4_rs_1m"":{""value"":0.31068439573209794,""score"":100},""T5_rs_3m"":{""value"":0.198067333417987,""score"":100},""T6_adr_healthy"":{""value"":2.9882777548746775,""score"":100.0},""_score"":99.67},""geometry"":{""sub_retest_depth"":84.9,""sub_retest_timing"":0.0,""sub_retest_freshness"":100.0,""sub_hold_quality"":100.0,""_score"":75.47},""compression"":{""VC1_atr_ratio"":{""value"":1.1986504218110066,""score"":0},""VC2_range_contraction"":{""value"":1.4700231488385147,""score"":0},""VC3_range_pct_rank"":{""score"":47.5},""_score"":11.88},""sr_quality"":{""SR1_touches"":{""value"":4,""score"":75.0},""SR2_tightness"":{""value"":2.6941881894181074,""score"":50.478415709028525},""SR3_recency"":{""value"":270,""score"":0.0},""SR4_price_location"":{""score"":30.0},""SR5_reaction"":{""value"":1.595116853243669,""score"":79.75584266218345},""_score"":49.54,""_levels_found"":5,""_target_level"":228.58},""volume"":{""V1_rvol_day"":{""value"":0.8872022036513827,""score"":25.813480243425513},""V2_rvol_sameslot"":{""value"":0.8201594157283968,""score"":21.343961048559787,""status"":""ok""},""V3_breakout_bar"":{""value"":0.985659052137549,""score"":32.377270142503264},""V4_base_dryup"":{""value"":0.8592370581607914,""score"":64.07629418392085},""V5_bo_expansion"":{""value"":0.8872022036513829,""score"":0},""_score"":30.34},""readiness"":{""_distance_atr"":-0.239,""BR1_atr_distance"":{""score"":100.0},""BR2_compression"":{""score"":23.031381280740636},""BR3_retest"":{""score"":87.06444669245683},""BR4_bo_age"":{""score"":30.0},""_score"":67.67},""risk"":{""R1_stop_clarity"":{""score"":49.34593562354844},""R2_stop_distance_pct"":{""value"":2.909537366548056,""score"":100.0},""R3_stop_distance_atr"":{""value"":0.7513925167446681,""score"":62.5696258372334},""R4_rr_potential"":{""value"":0.3699943736392724,""score"":0.0},""_score"":56.66},""market"":{""M1_spy_regime"":{""score"":100.0},""M3_earnings_risk"":{""value"":null,""score"":80.0},""M4_vix"":{""value"":null,""score"":60.0},""_score"":84.0},""liquidity"":{""L1_price"":{""value"":281.0,""score"":100.0},""L2_dollar_vol"":{""value"":2045883557.713675,""score"":100.0},""L3_spread_proxy"":{""value"":0.024608540925266976,""score"":75.39145907473302},""L4_volume_zscore"":{""value"":-0.1904935305825222,""score"":100.0},""_score"":97.54},""pattern_structure"":{""level"":278.395,""level_idx"":36,""breakout_idx"":59,""bo_peak_idx"":68,""bo_peak_price"":283.79,""retest_idx"":74,""retest_low"":275.58,""structural_low"":275.58,""current_price"":279.665,""neckline_distance_pct"":-0.00454114744426381,""base_bars"":43,""bars_since_breakout"":20},""pattern_geometry_features"":{""retest_depth_atr"":1.1058048441042398,""bars_breakout_to_retest"":15.0,""bars_since_retest"":5.0,""current_above_level_atr"":0.4988888639475767,""bo_peak_excess_pct"":0.019378939995330517,""atr_pct"":0.03872193695983734},""_schema_version"":""1.0""}",,,,,,,,,,
20260505T210937Z-543da1,2026-05-05T21:09:37.858700+00:00,PL,double_bottom,candidate,63.99,76.8,74.9,60.7,54.8,27.2,40.4,81.2,84.0,90.6,11.51,18.73,4.86,7.67,3.54,3.23,4.87,5.04,4.53,False,,37.13,40.0,35.2827,44.18,"{""trend"":{""T1_ema_stack"":{""value"":[true,true,true],""score"":100.0},""T2_ema50_slope"":{""value"":0.7174977654054386,""score"":100},""T3_high_proximity"":{""value"":0.9308097267485586,""score"":65.40486337427926},""T4_rs_1m"":{""value"":-0.03815066970409764,""score"":11.849330295902362},""T5_rs_3m"":{""value"":0.5006561396530214,""score"":100},""T6_adr_healthy"":{""value"":8.343990844335112,""score"":91.4002288916222},""_score"":76.75},""geometry"":{""sub_low_similarity"":71.7,""sub_bounce_quality"":100,""sub_separation_fit"":20.0,""sub_right_bottom_reaction"":69.3,""sub_base_context"":100.0,""_score"":74.91},""compression"":{""VC1_atr_ratio"":{""value"":0.4088673957824938,""score"":100},""VC2_range_contraction"":{""value"":0.7910360979234656,""score"":34.827317012755735},""VC3_range_pct_rank"":{""score"":34.166666666666664},""_score"":60.73},""sr_quality"":{""SR1_touches"":{""value"":2,""score"":25.0},""SR2_tightness"":{""value"":0.5800000000000018,""score"":63.07446044146925},""SR3_recency"":{""value"":240,""score"":0.0},""SR4_price_location"":{""score"":91.44919109347755},""SR5_reaction"":{""value"":2.7208711153150045,""score"":100},""_score"":54.82,""_levels_found"":6,""_target_level"":37.63},""volume"":{""V1_rvol_day"":{""value"":0.7663491375383119,""score"":17.756609169220795},""V2_rvol_sameslot"":{""value"":1.2454301379522255,""score"":49.69534253014836,""status"":""ok""},""V3_breakout_bar"":{""value"":0.9832799779642029,""score"":32.218665197613525},""V4_base_dryup"":{""value"":1.217365132937136,""score"":28.2634867062864},""V5_bo_expansion"":{""value"":0.7663491375383117,""score"":0},""_score"":27.2},""readiness"":{""_distance_atr"":0.914,""BR1_atr_distance"":{""score"":39.094081302883446},""BR2_compression"":{""score"":29.128111598772804},""BR3_retest"":{""score"":50.0},""BR4_bo_age"":{""score"":50.0},""_score"":40.42},""risk"":{""R1_stop_clarity"":{""score"":65.79294412965763},""R2_stop_distance_pct"":{""value"":4.975222192297345,""score"":100.0},""R3_stop_distance_atr"":{""value"":0.5880392174696015,""score"":54.40196087348008},""R4_rr_potential"":{""value"":3.816380663671294,""score"":100.0},""_score"":81.19},""market"":{""M1_spy_regime"":{""score"":100.0},""M3_earnings_risk"":{""value"":null,""score"":80.0},""M4_vix"":{""value"":null,""score"":60.0},""_score"":84.0},""liquidity"":{""L1_price"":{""value"":37.13,""score"":100.0},""L2_dollar_vol"":{""value"":307605844.25783676,""score"":100.0},""L3_spread_proxy"":{""value"":0.0937247508753029,""score"":6.275249124697112},""L4_volume_zscore"":{""value"":-0.7493473037279262,""score"":100.0},""_score"":90.63},""pattern_structure"":{""left_low"":36.33,""left_idx"":26,""right_low"":35.82,""right_idx"":68,""separation_bars"":42,""structural_low"":35.82,""current_price"":37.25,""neckline_distance_pct"":0.0738255033557047,""base_bars"":42},""pattern_geometry_features"":{""low_similarity_pct"":0.01413721413721408,""bounce_pct"":0.11669458403126744,""right_bottom_reaction"":0.6926605504587148,""atr_pct"":0.08460697933900194},""_schema_version"":""1.0""}",,,,,,,,,,
20260505T210937Z-543da1,2026-05-05T21:09:37.858700+00:00,OKLO,inverse_head_shoulders,candidate,63.94,65.2,90.8,42.3,60.7,8.1,56.4,69.8,84.0,95.4,7.82,25.42,3.38,8.5,1.14,4.51,4.19,4.2,4.77,False,,68.38,72.28,62.252,81.36,"{""trend"":{""T1_ema_stack"":{""value"":[true,true,false],""score"":66.66666666666666},""T2_ema50_slope"":{""value"":0.22674646139521823,""score"":87.79107689920303},""T3_high_proximity"":{""value"":0.8943238294533089,""score"":47.16191472665443},""T4_rs_1m"":{""value"":0.3039770444955463,""score"":100},""T5_rs_3m"":{""value"":-0.17299034608114716,""score"":0},""T6_adr_healthy"":{""value"":8.891192687950126,""score"":77.72018280124686},""_score"":65.19},""geometry"":{""sub_head_depth"":100.0,""sub_shoulder_price_sym"":90.2,""sub_shoulder_time_sym"":60.0,""sub_right_shoulder_reaction"":98.7,""sub_base_context"":100.0,""_score"":90.8},""compression"":{""VC1_atr_ratio"":{""value"":0.8021741844880179,""score"":49.45645387799552},""VC2_range_contraction"":{""value"":1.0248720844859793,""score"":0},""VC3_range_pct_rank"":{""score"":90.0},""_score"":42.28},""sr_quality"":{""SR1_touches"":{""value"":3,""score"":50.0},""SR2_tightness"":{""value"":0.3904698025029146,""score"":88.77960337635304},""SR3_recency"":{""value"":268,""score"":0.0},""SR4_price_location"":{""score"":69.55668889760676},""SR5_reaction"":{""value"":2.430076628352491,""score"":100},""_score"":60.71,""_levels_found"":7,""_target_level"":70.32},""volume"":{""V1_rvol_day"":{""value"":0.5317889516762584,""score"":2.1192634450838925},""V2_rvol_sameslot"":{""value"":0.6715364090177905,""score"":11.435760601186036,""status"":""ok""},""V3_breakout_bar"":{""value"":0.8259039631176792,""score"":21.72693087451195},""V4_base_dryup"":{""value"":1.874769849845018,""score"":0},""V5_bo_expansion"":{""value"":0.5317889516762584,""score"":0},""_score"":8.14},""readiness"":{""_distance_atr"":0.56,""BR1_atr_distance"":{""score"":62.643678160919485},""BR2_compression"":{""score"":55.33568162022966},""BR3_retest"":{""score"":50.0},""BR4_bo_age"":{""score"":50.0},""_score"":56.39},""risk"":{""R1_stop_clarity"":{""score"":72.75862068965516},""R2_stop_distance_pct"":{""value"":8.96168470312956,""score"":75.957882421761},""R3_stop_distance_atr"":{""value"":0.8804597701149415,""score"":69.02298850574708},""R4_rr_potential"":{""value"":2.11814621409922,""score"":55.907310704961},""_score"":69.79},""market"":{""M1_spy_regime"":{""score"":100.0},""M3_earnings_risk"":{""value"":null,""score"":80.0},""M4_vix"":{""value"":null,""score"":60.0},""_score"":84.0},""liquidity"":{""L1_price"":{""value"":68.38,""score"":100.0},""L2_dollar_vol"":{""value"":557895918.2453233,""score"":100.0},""L3_spread_proxy"":{""value"":0.04621234279028951,""score"":53.78765720971049},""L4_volume_zscore"":{""value"":-1.0592000639573613,""score"":100.0},""_score"":95.38},""pattern_structure"":{""left_shoulder"":69.01,""left_shoulder_idx"":65,""head"":63.2,""head_idx"":73,""right_shoulder"":68.47,""right_shoulder_idx"":83,""left_to_head_bars"":8,""head_to_right_bars"":10,""structural_low"":63.2,""current_price"":67.4,""neckline_distance_pct"":0.07240356083086046,""base_bars"":18},""pattern_geometry_features"":{""head_depth_pct"":0.08059354087867335,""shoulder_price_asymmetry"":0.007855688100087375,""shoulder_time_asymmetry"":0.2,""right_shoulder_reaction"":0.9872881355932198,""atr_pct"":0.10178414741152385},""_schema_version"":""1.0""}",,,,,,,,,,
20260505T210937Z-543da1,2026-05-05T21:09:37.858700+00:00,COHR,double_bottom,candidate,63.9,96.8,73.5,57.8,38.4,17.8,58.4,71.6,84.0,93.9,14.53,18.37,4.62,5.37,2.31,4.67,4.3,5.04,4.69,False,,335.73,348.3,320.0068,371.72,"{""trend"":{""T1_ema_stack"":{""value"":[true,true,true],""score"":100.0},""T2_ema50_slope"":{""value"":0.7445406501555922,""score"":100},""T3_high_proximity"":{""value"":0.9579421919137159,""score"":78.97109595685792},""T4_rs_1m"":{""value"":0.22744118566815397,""score"":100},""T5_rs_3m"":{""value"":0.4152613919995465,""score"":100},""T6_adr_healthy"":{""value"":6.545647317393715,""score"":100.0},""_score"":96.85},""geometry"":{""sub_low_similarity"":91.7,""sub_bounce_quality"":60.1,""sub_separation_fit"":6.7,""sub_right_bottom_reaction"":86.2,""sub_base_context"":100.0,""_score"":73.47},""compression"":{""VC1_atr_ratio"":{""value"":0.38204334197260925,""score"":100},""VC2_range_contraction"":{""value"":0.9591862618411691,""score"":6.80228969313849},""VC3_range_pct_rank"":{""score"":61.66666666666667},""_score"":57.8},""sr_quality"":{""SR1_touches"":{""value"":2,""score"":25.0},""SR2_tightness"":{""value"":4.920999999999992,""score"":55.83170091931282},""SR3_recency"":{""value"":226,""score"":0.0},""SR4_price_location"":{""score"":30.0},""SR5_reaction"":{""value"":2.2228654644021555,""score"":100},""_score"":38.37,""_levels_found"":6,""_target_level"":286.081},""volume"":{""V1_rvol_day"":{""value"":0.9393458912183391,""score"":29.289726081222607},""V2_rvol_sameslot"":{""value"":0.9593656698859395,""score"":30.624377992395967,""status"":""ok""},""V3_breakout_bar"":{""value"":0.6535252527717833,""score"":10.23501685145222},""V4_base_dryup"":{""value"":1.3390498804934587,""score"":16.095011950654126},""V5_bo_expansion"":{""value"":0.9393458912183389,""score"":0},""_score"":17.76},""readiness"":{""_distance_atr"":0.564,""BR1_atr_distance"":{""score"":62.39277115462722},""BR2_compression"":{""score"":63.77343171017657},""BR3_retest"":{""score"":50.0},""BR4_bo_age"":{""score"":50.0},""_score"":58.4},""risk"":{""R1_stop_clarity"":{""score"":56.260728494207484},""R2_stop_distance_pct"":{""value"":4.683287165281631,""score"":100.0},""R3_stop_distance_atr"":{""value"":0.705615728617621,""score"":60.28078643088105},""R4_rr_potential"":{""value"":2.2889742546046583,""score"":64.44871273023291},""_score"":71.62},""market"":{""M1_spy_regime"":{""score"":100.0},""M3_earnings_risk"":{""value"":null,""score"":80.0},""M4_vix"":{""value"":null,""score"":60.0},""_score"":84.0},""liquidity"":{""L1_price"":{""value"":335.73,""score"":100.0},""L2_dollar_vol"":{""value"":1825627595.4570367,""score"":100.0},""L3_spread_proxy"":{""value"":0.06123968665296518,""score"":38.76031334703482},""L4_volume_zscore"":{""value"":-0.33435404907069716,""score"":100.0},""_score"":93.88},""pattern_structure"":{""left_low"":326.2287,""left_idx"":30,""right_low"":324.88,""right_idx"":74,""separation_bars"":44,""structural_low"":324.88,""current_price"":336.76,""neckline_distance_pct"":0.03426772775864123,""base_bars"":44},""pattern_geometry_features"":{""low_similarity_pct"":0.004142779846130171,""bounce_pct"":0.07208815562669298,""right_bottom_reaction"":0.861622358554872,""atr_pct"":0.06637163792333126},""_schema_version"":""1.0""}",,,,,,,,,,
20260505T210937Z-543da1,2026-05-05T21:09:37.858700+00:00,AMD,double_bottom,candidate,63.8,98.9,74.1,11.5,40.1,45.7,57.2,59.5,84.0,95.9,14.84,18.52,0.92,5.62,5.94,4.57,3.57,5.04,4.79,False,,355.26,362.79,323.8779,396.77,"{""trend"":{""T1_ema_stack"":{""value"":[true,true,true],""score"":100.0},""T2_ema50_slope"":{""value"":0.7805079508153234,""score"":100},""T3_high_proximity"":{""value"":0.9853553003827591,""score"":92.67765019137953},""T4_rs_1m"":{""value"":0.5150960923683026,""score"":100},""T5_rs_3m"":{""value"":0.41769253910878024,""score"":100},""T6_adr_healthy"":{""value"":4.489908143930598,""score"":100.0},""_score"":98.9},""geometry"":{""sub_low_similarity"":40.7,""sub_bounce_quality"":100,""sub_separation_fit"":86.7,""sub_right_bottom_reaction"":59.1,""sub_base_context"":100.0,""_score"":74.08},""compression"":{""VC1_atr_ratio"":{""value"":1.2428759957403868,""score"":0},""VC2_range_contraction"":{""value"":1.251667797132382,""score"":0},""VC3_range_pct_rank"":{""score"":45.833333333333336},""_score"":11.46},""sr_quality"":{""SR1_touches"":{""value"":2,""score"":25.0},""SR2_tightness"":{""value"":3.2150999999999783,""score"":67.41746763202377},""SR3_recency"":{""value"":287,""score"":0.0},""SR4_price_location"":{""score"":30.0},""SR5_reaction"":{""value"":2.589794984719043,""score"":100},""_score"":40.11,""_levels_found"":3,""_target_level"":263.7449},""volume"":{""V1_rvol_day"":{""value"":1.2667088415872596,""score"":51.113922772483974},""V2_rvol_sameslot"":{""value"":1.5412873393073883,""score"":69.41915595382588,""status"":""ok""},""V3_breakout_bar"":{""value"":1.0790616532425192,""score"":38.604110216167946},""V4_base_dryup"":{""value"":1.0369116598868964,""score"":46.30883401131036},""V5_bo_expansion"":{""value"":1.2667088415872598,""score"":17.780589439150653},""_score"":45.69},""readiness"":{""_distance_atr"":0.382,""BR1_atr_distance"":{""score"":74.56310651500071},""BR2_compression"":{""score"":39.4176766016399},""BR3_retest"":{""score"":50.0},""BR4_bo_age"":{""score"":50.0},""_score"":57.18},""risk"":{""R1_stop_clarity"":{""score"":50.01650430197682},""R2_stop_distance_pct"":{""value"":8.833572594719353,""score"":79.16068513201617},""R3_stop_distance_atr"":{""value"":1.5901681411957496,""score"":100.0},""R4_rr_potential"":{""value"":1.322726454369764,""score"":16.136322718488206},""_score"":59.48},""market"":{""M1_spy_regime"":{""score"":100.0},""M3_earnings_risk"":{""value"":null,""score"":80.0},""M4_vix"":{""value"":null,""score"":60.0},""_score"":84.0},""liquidity"":{""L1_price"":{""value"":355.26,""score"":100.0},""L2_dollar_vol"":{""value"":18698726030.329205,""score"":100.0},""L3_spread_proxy"":{""value"":0.04135450092889713,""score"":58.64549907110287},""L4_volume_zscore"":{""value"":0.7921923155696322,""score"":100.0},""_score"":95.86},""pattern_structure"":{""left_low"":328.81,""left_idx"":38,""right_low"":338.7,""right_idx"":70,""separation_bars"":32,""structural_low"":328.81,""current_price"":355.477,""neckline_distance_pct"":0.02057235770528064,""base_bars"":32},""pattern_geometry_features"":{""low_similarity_pct"":0.029632514868691066,""bounce_pct"":0.10334235576776868,""right_bottom_reaction"":0.5912500000000023,""atr_pct"":0.05555118585181075},""_schema_version"":""1.0""}",,,,,,,,,,
20260505T210937Z-543da1,2026-05-05T21:09:37.858700+00:00,TEM,ascending_triangle,candidate,63.26,52.3,82.3,56.8,54.2,26.1,54.4,75.5,84.0,93.9,7.84,23.06,4.55,7.59,3.13,4.35,3.02,5.04,4.69,False,,54.07,56.4078,52.3032,59.7159,"{""trend"":{""T1_ema_stack"":{""value"":[true,false,false],""score"":33.33333333333333},""T2_ema50_slope"":{""value"":0.03351665783822497,""score"":55.58610963970416},""T3_high_proximity"":{""value"":0.9017678452301534,""score"":50.883922615076685},""T4_rs_1m"":{""value"":0.044727009375087556,""score"":94.72700937508756},""T5_rs_3m"":{""value"":-0.0836037699391663,""score"":8.19811503041685},""T6_adr_healthy"":{""value"":6.271471262271991,""score"":100.0},""_score"":52.26},""geometry"":{""sub_flat_top_quality"":66.7,""sub_hl_slope"":100,""sub_compression"":69.3,""sub_duration"":100.0,""_score"":82.34},""compression"":{""VC1_atr_ratio"":{""value"":0.5938205432469469,""score"":100},""VC2_range_contraction"":{""value"":0.8434809400486947,""score"":26.08650999188422},""VC3_range_pct_rank"":{""score"":30.833333333333336},""_score"":56.84},""sr_quality"":{""SR1_touches"":{""value"":3,""score"":50.0},""SR2_tightness"":{""value"":0.37452933426131135,""score"":76.73534734667801},""SR3_recency"":{""value"":234,""score"":0.0},""SR4_price_location"":{""score"":50.8051485797694},""SR5_reaction"":{""value"":3.0018058310150386,""score"":100},""_score"":54.21,""_levels_found"":5,""_target_level"":58.2717},""volume"":{""V1_rvol_day"":{""value"":0.9873092693419869,""score"":32.48728462279913},""V2_rvol_sameslot"":{""value"":0.9333375215424025,""score"":28.88916810282683,""status"":""ok""},""V3_breakout_bar"":{""value"":0.8325435079308753,""score"":22.169567195391686},""V4_base_dryup"":{""value"":1.0885567500544413,""score"":41.14432499455587},""V5_bo_expansion"":{""value"":0.9873092693419872,""score"":0},""_score"":26.05},""readiness"":{""_distance_atr"":0.726,""BR1_atr_distance"":{""score"":51.5942633437009},""BR2_compression"":{""score"":64.91912196633567},""BR3_retest"":{""score"":50.0},""BR4_bo_age"":{""score"":50.0},""_score"":54.37},""risk"":{""R1_stop_clarity"":{""score"":50.52405925965368},""R2_stop_distance_pct"":{""value"":3.2676077307194387,""score"":100.0},""R3_stop_distance_atr"":{""value"":0.5487405105133092,""score"":52.43702552566546},""R4_rr_potential"":{""value"":3.1955594181669595,""score"":100.0},""_score"":75.55},""market"":{""M1_spy_regime"":{""score"":100.0},""M3_earnings_risk"":{""value"":null,""score"":80.0},""M4_vix"":{""value"":null,""score"":60.0},""_score"":84.0},""liquidity"":{""L1_price"":{""value"":54.07,""score"":100.0},""L2_dollar_vol"":{""value"":298897496.45589536,""score"":100.0},""L3_spread_proxy"":{""value"":0.06118180136859632,""score"":38.81819863140368},""L4_volume_zscore"":{""value"":-0.03304769178766408,""score"":100.0},""_score"":93.88},""pattern_structure"":{""top"":56.4078,""top_touches"":3,""low_slope_per_bar"":0.20199903846153816,""lowest_low"":53.0997,""structural_low"":53.0997,""current_price"":54.135,""neckline_distance_pct"":0.0419839290662234,""base_bars"":24},""pattern_geometry_features"":{""top_touches"":3.0,""low_slope"":0.20199903846153816,""compression"":0.3463653833410647,""atr_pct"":0.0595474120848635},""_schema_version"":""1.0""}",,,,,,,,,,
20260505T210937Z-543da1,2026-05-05T21:09:37.858700+00:00,AMPX,double_bottom,candidate,63.18,95.7,53.9,73.0,43.0,39.3,58.2,65.8,84.0,94.3,14.36,13.48,5.84,6.02,5.11,4.65,3.95,5.04,4.71,False,,21.4,22.24,19.5129,24.67,"{""trend"":{""T1_ema_stack"":{""value"":[true,true,true],""score"":100.0},""T2_ema50_slope"":{""value"":0.7256725219422473,""score"":100},""T3_high_proximity"":{""value"":0.9431467606875275,""score"":71.5733803437637},""T4_rs_1m"":{""value"":0.12027686080564037,""score"":100},""T5_rs_3m"":{""value"":0.408108654827118,""score"":100},""T6_adr_healthy"":{""value"":7.837708572914099,""score"":100.0},""_score"":95.74},""geometry"":{""sub_low_similarity"":9.2,""sub_bounce_quality"":100,""sub_separation_fit"":33.3,""sub_right_bottom_reaction"":41.1,""sub_base_context"":100.0,""_score"":53.92},""compression"":{""VC1_atr_ratio"":{""value"":0.5501913709116214,""score"":100},""VC2_range_contraction"":{""value"":0.7733735116966937,""score"":37.77108138388439},""VC3_range_pct_rank"":{""score"":79.16666666666666},""_score"":73.01},""sr_quality"":{""SR1_touches"":{""value"":3,""score"":50.0},""SR2_tightness"":{""value"":0.26981475126464094,""score"":66.46567902395203},""SR3_recency"":{""value"":226,""score"":0.0},""SR4_price_location"":{""score"":30.0},""SR5_reaction"":{""value"":1.4075441882762345,""score"":70.37720941381173},""_score"":43.03,""_levels_found"":5,""_target_level"":19.42},""volume"":{""V1_rvol_day"":{""value"":0.8493793687524342,""score"":23.291957916828952},""V2_rvol_sameslot"":{""value"":1.1753681217349432,""score"":45.02454144899622,""status"":""ok""},""V3_breakout_bar"":{""value"":1.2688097879870388,""score"":51.25398586580259},""V4_base_dryup"":{""value"":0.8580833080745076,""score"":64.19166919254924},""V5_bo_expansion"":{""value"":0.8493793687524342,""score"":0},""_score"":39.32},""readiness"":{""_distance_atr"":0.522,""BR1_atr_distance"":{""score"":65.19979048853459},""BR2_compression"":{""score"":58.385440682711845},""BR3_retest"":{""score"":50.0},""BR4_bo_age"":{""score"":50.0},""_score"":58.18},""risk"":{""R1_stop_clarity"":{""score"":63.06827765595752},""R2_stop_distance_pct"":{""value"":8.818457943925226,""score"":79.53855140186934},""R3_stop_distance_atr"":{""value"":1.172735988920748,""score"":83.6367994460374},""R4_rr_potential"":{""value"":1.732771639774264,""score"":36.638581988713206},""_score"":65.81},""market"":{""M1_spy_regime"":{""score"":100.0},""M3_earnings_risk"":{""value"":null,""score"":80.0},""M4_vix"":{""value"":null,""score"":60.0},""_score"":84.0},""liquidity"":{""L1_price"":{""value"":21.4,""score"":100.0},""L2_dollar_vol"":{""value"":142008890.1609208,""score"":100.0},""L3_spread_proxy"":{""value"":0.05700934579439264,""score"":42.99065420560736},""L4_volume_zscore"":{""value"":-0.33152970270797294,""score"":100.0},""_score"":94.3},""pattern_structure"":{""left_low"":20.73,""left_idx"":30,""right_low"":19.81,""right_idx"":70,""separation_bars"":40,""structural_low"":19.81,""current_price"":21.4,""neckline_distance_pct"":0.03925233644859813,""base_bars"":40},""pattern_geometry_features"":{""low_similarity_pct"":0.045387271830291155,""bounce_pct"":0.1226653205451792,""right_bottom_reaction"":0.410787640650115,""atr_pct"":0.0751955941255007},""_schema_version"":""1.0""}",,,,,,,,,,
20260505T210937Z-543da1,2026-05-05T21:09:37.858700+00:00,KLAC,double_bottom,candidate,62.99,79.2,79.9,54.6,44.2,32.7,48.1,64.0,84.0,72.0,11.88,19.96,4.37,6.19,4.26,3.85,3.84,5.04,3.6,False,,1732.9,1788.66,1621.31,1931.32,"{""trend"":{""T1_ema_stack"":{""value"":[false,true,true],""score"":66.66666666666666},""T2_ema50_slope"":{""value"":0.5502439597649323,""score"":100},""T3_high_proximity"":{""value"":0.8955555555555555,""score"":47.77777777777775},""T4_rs_1m"":{""value"":0.026813945995085353,""score"":76.81394599508536},""T5_rs_3m"":{""value"":0.22872650968605024,""score"":100},""T6_adr_healthy"":{""value"":3.3764035906214747,""score"":100.0},""_score"":79.2},""geometry"":{""sub_low_similarity"":62.9,""sub_bounce_quality"":81.0,""sub_separation_fit"":100.0,""sub_right_bottom_reaction"":65.3,""sub_base_context"":100.0,""_score"":79.86},""compression"":{""VC1_atr_ratio"":{""value"":0.5940563460906895,""score"":100},""VC2_range_contraction"":{""value"":1.102704406404166,""score"":0},""VC3_range_pct_rank"":{""score"":58.33333333333333},""_score"":54.58},""sr_quality"":{""SR1_touches"":{""value"":3,""score"":50.0},""SR2_tightness"":{""value"":19.994086742501274,""score"":44.88594279358752},""SR3_recency"":{""value"":224,""score"":0.0},""SR4_price_location"":{""score"":30.0},""SR5_reaction"":{""value"":3.79757885191622,""score"":100},""_score"":44.23,""_levels_found"":6,""_target_level"":1673.287},""volume"":{""V1_rvol_day"":{""value"":1.2298096586335145,""score"":48.653977242234305},""V2_rvol_sameslot"":{""value"":1.0962835555622885,""score"":39.7522370374859,""status"":""ok""},""V3_breakout_bar"":{""value"":0.8473752302955989,""score"":23.158348686373262},""V4_base_dryup"":{""value"":1.151411324484371,""score"":34.85886755156291},""V5_bo_expansion"":{""value"":1.2298096586335145,""score"":15.32064390890097},""_score"":32.74},""readiness"":{""_distance_atr"":0.769,""BR1_atr_distance"":{""score"":48.765521369592946},""BR2_compression"":{""score"":44.365848826239414},""BR3_retest"":{""score"":50.0},""BR4_bo_age"":{""score"":50.0},""_score"":48.1},""risk"":{""R1_stop_clarity"":{""score"":31.941574028797348},""R2_stop_distance_pct"":{""value"":6.439494489006875,""score"":100.0},""R3_stop_distance_atr"":{""value"":1.5379991401633246,""score"":100.0},""R4_rr_potential"":{""value"":1.7781163186665456,""score"":38.90581593332728},""_score"":63.96},""market"":{""M1_spy_regime"":{""score"":100.0},""M3_earnings_risk"":{""value"":null,""score"":80.0},""M4_vix"":{""value"":null,""score"":60.0},""_score"":84.0},""liquidity"":{""L1_price"":{""value"":1732.9,""score"":0.0},""L2_dollar_vol"":{""value"":2060511008.0315838,""score"":100.0},""L3_spread_proxy"":{""value"":0.02961653875007226,""score"":70.38346124992773},""L4_volume_zscore"":{""value"":0.7464920401812385,""score"":100.0},""_score"":72.04},""pattern_structure"":{""left_low"":1646.0,""left_idx"":56,""right_low"":1676.79,""right_idx"":70,""separation_bars"":14,""structural_low"":1646.0,""current_price"":1727.85,""neckline_distance_pct"":0.035194027259310805,""base_bars"":14},""pattern_geometry_features"":{""low_similarity_pct"":0.018532618672862242,""bounce_pct"":0.08667071688942897,""right_bottom_reaction"":0.6530845392231568,""atr_pct"":0.041869298368548157},""_schema_version"":""1.0""}",,,,,,,,,,
20260505T210937Z-543da1,2026-05-05T21:09:37.858700+00:00,IRDM,breakout_retest_hold,setup,62.85,92.8,71.9,52.5,38.3,16.6,74.0,62.5,84.0,90.7,12.99,15.82,3.15,5.36,2.16,13.33,3.12,4.2,2.72,False,,39.23,38.5999,38.016,39.2292,"{""trend"":{""T1_ema_stack"":{""value"":[true,true,true],""score"":100.0},""T2_ema50_slope"":{""value"":1.0184647482249818,""score"":100},""T3_high_proximity"":{""value"":0.9037088228518775,""score"":51.85441142593872},""T4_rs_1m"":{""value"":0.09799938718841306,""score"":100},""T5_rs_3m"":{""value"":0.9498333032562634,""score"":100},""T6_adr_healthy"":{""value"":6.19333054275044,""score"":100.0},""_score"":92.78},""geometry"":{""sub_retest_depth"":100.0,""sub_retest_timing"":0.0,""sub_retest_freshness"":100.0,""sub_hold_quality"":73.0,""_score"":71.9},""compression"":{""VC1_atr_ratio"":{""value"":0.537928630916268,""score"":100},""VC2_range_contraction"":{""value"":1.113658599102681,""score"":0},""VC3_range_pct_rank"":{""score"":50.0},""_score"":52.5},""sr_quality"":{""SR1_touches"":{""value"":2,""score"":25.0},""SR2_tightness"":{""value"":0.05999999999999872,""score"":95.77458412350296},""SR3_recency"":{""value"":251,""score"":0.0},""SR4_price_location"":{""score"":30.0},""SR5_reaction"":{""value"":1.1866376253162774,""score"":59.33188126581387},""_score"":38.27,""_levels_found"":4,""_target_level"":24.91},""volume"":{""V1_rvol_day"":{""value"":0.5231898694459017,""score"":1.5459912963934488},""V2_rvol_sameslot"":{""value"":0.6276904215910665,""score"":8.512694772737765,""status"":""ok""},""V3_breakout_bar"":{""value"":0.973762840791876,""score"":31.584189386125068},""V4_base_dryup"":{""value"":1.1642671871093404,""score"":33.57328128906596},""V5_bo_expansion"":{""value"":0.5231898694459015,""score"":0},""_score"":16.62},""readiness"":{""_distance_atr"":-0.222,""BR1_atr_distance"":{""score"":100.0},""BR2_compression"":{""score"":40.99547276162078},""BR3_retest"":{""score"":96.4805806928676},""BR4_bo_age"":{""score"":30.0},""_score"":74.04},""risk"":{""R1_stop_clarity"":{""score"":72.95733839041836},""R2_stop_distance_pct"":{""value"":3.0945704817741495,""score"":100.0},""R3_stop_distance_atr"":{""value"":0.4274712395056257,""score"":46.373561975281284},""R4_rr_potential"":{""value"":-0.0006883972699453112,""score"":0.0},""_score"":62.49},""market"":{""M1_spy_regime"":{""score"":100.0},""M3_earnings_risk"":{""value"":null,""score"":80.0},""M4_vix"":{""value"":null,""score"":60.0},""_score"":84.0},""liquidity"":{""L1_price"":{""value"":39.23,""score"":100.0},""L2_dollar_vol"":{""value"":55489569.06272894,""score"":87.21056760275046},""L3_spread_proxy"":{""value"":0.041804741269436674,""score"":58.195258730563324},""L4_volume_zscore"":{""value"":-1.185937850546656,""score"":100.0},""_score"":90.7},""pattern_structure"":{""level"":38.5999,""level_idx"":44,""breakout_idx"":58,""bo_peak_idx"":73,""bo_peak_price"":40.61,""retest_idx"":74,""retest_low"":38.4,""structural_low"":38.4,""current_price"":39.365,""neckline_distance_pct"":-0.01943604725009536,""base_bars"":35,""bars_since_breakout"":21},""pattern_geometry_features"":{""retest_depth_atr"":0.3176725654676086,""bars_breakout_to_retest"":16.0,""bars_since_retest"":5.0,""current_above_level_atr"":1.2158643313620268,""bo_peak_excess_pct"":0.0520752644436903,""atr_pct"":0.0723924838862387},""_schema_version"":""1.0""}",,,,,,,,,,
20260505T210937Z-543da1,2026-05-05T21:09:37.858700+00:00,ORCL,double_bottom,setup,62.78,88.8,55.5,45.6,70.5,23.3,70.8,59.1,84.0,95.9,13.32,13.88,3.65,9.86,3.03,5.66,3.54,5.04,4.8,False,,185.35,184.39,172.5523,193.6,"{""trend"":{""T1_ema_stack"":{""value"":[true,true,false],""score"":66.66666666666666},""T2_ema50_slope"":{""value"":0.24001123925490453,""score"":90.00187320915076},""T3_high_proximity"":{""value"":0.9885333333333333,""score"":94.26666666666661},""T4_rs_1m"":{""value"":0.17513109464940757,""score"":100},""T5_rs_3m"":{""value"":0.14870078126524633,""score"":100},""T6_adr_healthy"":{""value"":4.642402035210319,""score"":100.0},""_score"":88.81},""geometry"":{""sub_low_similarity"":56.9,""sub_bounce_quality"":32.2,""sub_separation_fit"":0.0,""sub_right_bottom_reaction"":79.9,""sub_base_context"":100.0,""_score"":55.5},""compression"":{""VC1_atr_ratio"":{""value"":0.698866972911933,""score"":75.28325677201676},""VC2_range_contraction"":{""value"":0.949261012403667,""score"":8.456497932722167},""VC3_range_pct_rank"":{""score"":50.0},""_score"":45.57},""sr_quality"":{""SR1_touches"":{""value"":4,""score"":75.0},""SR2_tightness"":{""value"":1.5378292330424757,""score"":66.18501942065129},""SR3_recency"":{""value"":230,""score"":0.0},""SR4_price_location"":{""score"":92.08773354995937},""SR5_reaction"":{""value"":2.7447488057346723,""score"":100},""_score"":70.45,""_levels_found"":6,""_target_level"":186.5675},""volume"":{""V1_rvol_day"":{""value"":0.6907976086402424,""score"":12.71984057601616},""V2_rvol_sameslot"":{""value"":1.0160945359895945,""score"":34.406302399306306,""status"":""ok""},""V3_breakout_bar"":{""value"":0.8432678818721456,""score"":22.88452545814304},""V4_base_dryup"":{""value"":1.0929409795957372,""score"":40.70590204042628},""V5_bo_expansion"":{""value"":0.6907976086402424,""score"":0},""_score"":23.29},""readiness"":{""_distance_atr"":-0.106,""BR1_atr_distance"":{""score"":100.0},""BR2_compression"":{""score"":53.06144856437863},""BR3_retest"":{""score"":50.0},""BR4_bo_age"":{""score"":50.0},""_score"":70.77},""risk"":{""R1_stop_clarity"":{""score"":42.22009664066485},""R2_stop_distance_pct"":{""value"":6.904612894523869,""score"":100.0},""R3_stop_distance_atr"":{""value"":1.4070287118426033,""score"":95.35143559213016},""R4_rr_potential"":{""value"":0.6446470850230883,""score"":0.0},""_score"":59.08},""market"":{""M1_spy_regime"":{""score"":100.0},""M3_earnings_risk"":{""value"":null,""score"":80.0},""M4_vix"":{""value"":null,""score"":60.0},""_score"":84.0},""liquidity"":{""L1_price"":{""value"":185.35,""score"":100.0},""L2_dollar_vol"":{""value"":4289462006.3772173,""score"":100.0},""L3_spread_proxy"":{""value"":0.04057189101699493,""score"":59.42810898300507},""L4_volume_zscore"":{""value"":-0.9345486408628477,""score"":100.0},""_score"":95.94},""pattern_structure"":{""left_low"":175.18,""left_idx"":26,""right_low"":179.0,""right_idx"":74,""separation_bars"":48,""structural_low"":175.18,""current_price"":185.81,""neckline_distance_pct"":-0.007642215166029901,""base_bars"":48},""pattern_geometry_features"":{""low_similarity_pct"":0.02157095262296004,""bounce_pct"":0.05257449480534296,""right_bottom_reaction"":0.7994434137291295,""atr_pct"":0.0490722956568654},""_schema_version"":""1.0""}",,,,,,,,,,
20260505T210937Z-543da1,2026-05-05T21:09:37.858700+00:00,VSAT,high_tight_pullback,candidate,62.58,99.6,55.1,76.0,49.5,27.6,61.9,76.7,84.0,90.7,11.95,19.28,7.61,3.96,3.86,5.57,0.77,5.04,4.54,False,,65.57,66.75,61.7595,76.88,"{""trend"":{""T1_ema_stack"":{""value"":[true,true,true],""score"":100.0},""T2_ema50_slope"":{""value"":0.6496294316368153,""score"":100},""T3_high_proximity"":{""value"":0.9948414504627522,""score"":97.42072523137607},""T4_rs_1m"":{""value"":0.16013931211051657,""score"":100},""T5_rs_3m"":{""value"":0.43955488822879296,""score"":100},""T6_adr_healthy"":{""value"":5.002041505526727,""score"":100.0},""_score"":99.61},""geometry"":{""sub_pole_impulse"":67.3,""sub_flag_tightness"":53.8,""sub_flag_shallowness"":32.2,""sub_flag_drift"":100,""sub_flag_duration"":0.0,""_score"":55.08},""compression"":{""VC1_atr_ratio"":{""value"":0.5408711151713661,""score"":100},""VC2_range_contraction"":{""value"":0.7927698727582609,""score"":34.538354540289845},""VC3_range_pct_rank"":{""score"":95.83333333333334},""_score"":76.05},""sr_quality"":{""SR1_touches"":{""value"":3,""score"":50.0},""SR2_tightness"":{""value"":0.3151013946159069,""score"":80.16225059191594},""SR3_recency"":{""value"":269,""score"":0.0},""SR4_price_location"":{""score"":30.0},""SR5_reaction"":{""value"":2.571781899943788,""score"":100},""_score"":49.52,""_levels_found"":5,""_target_level"":49.8067},""volume"":{""V1_rvol_day"":{""value"":0.5163531809694013,""score"":1.0902120646267535},""V2_rvol_sameslot"":{""value"":0.5196797771578745,""score"":1.3119851438583,""status"":""ok""},""V3_breakout_bar"":{""value"":1.229572054435448,""score"":48.638136962363205},""V4_base_dryup"":{""value"":0.7525020910323191,""score"":74.74979089676809},""V5_bo_expansion"":{""value"":0.5163531809694013,""score"":0},""_score"":27.59},""readiness"":{""_distance_atr"":0.371,""BR1_atr_distance"":{""score"":75.23702454562475},""BR2_compression"":{""score"":57.33113842437504},""BR3_retest"":{""score"":50.0},""BR4_bo_age"":{""score"":50.0},""_score"":61.93},""risk"":{""R1_stop_clarity"":{""score"":40.789207419898844},""R2_stop_distance_pct"":{""value"":5.811346652432501,""score"":100.0},""R3_stop_distance_atr"":{""value"":1.1994828555368147,""score"":84.97414277684074},""R4_rr_potential"":{""value"":2.9681144206797088,""score"":98.40572103398544},""_score"":76.7},""market"":{""M1_spy_regime"":{""score"":100.0},""M3_earnings_risk"":{""value"":null,""score"":80.0},""M4_vix"":{""value"":null,""score"":60.0},""_score"":84.0},""liquidity"":{""L1_price"":{""value"":65.57,""score"":100.0},""L2_dollar_vol"":{""value"":48764572.14445472,""score"":84.40522090557918},""L3_spread_proxy"":{""value"":0.03057800823547369,""score"":69.42199176452631},""L4_volume_zscore"":{""value"":-1.4685389614959299,""score"":100.0},""_score"":90.7},""pattern_structure"":{""pole_low"":56.62,""pole_low_idx"":24,""peak_price"":66.75,""peak_idx"":42,""pole_gain"":0.17891204521370546,""flag_bars"":17,""flag_low"":62.7,""flag_high"":66.01,""structural_low"":62.7,""current_price"":65.345,""neckline_distance_pct"":0.021501262529650334,""base_bars"":17},""pattern_geometry_features"":{""pole_gain"":0.17891204521370546,""pullback_pct"":0.060674157303370745,""flag_range_pct"":0.049588014981273444,""flag_drift_per_bar"":0.0004937968760080319,""atr_pct"":0.04844876794701413,""pole_atr_multiple"":3.692808977296846},""_schema_version"":""1.0""}",,,,,,,,,,
20260505T210937Z-543da1,2026-05-05T21:09:37.858700+00:00,TEM,breakout_retest_hold,setup,62.43,52.3,71.6,56.8,54.2,29.8,80.4,59.7,84.0,93.9,7.32,15.76,3.41,7.59,3.88,14.48,2.98,4.2,2.82,False,,54.07,53.5986,52.965,54.5395,"{""trend"":{""T1_ema_stack"":{""value"":[true,false,false],""score"":33.33333333333333},""T2_ema50_slope"":{""value"":0.03351665783822497,""score"":55.58610963970416},""T3_high_proximity"":{""value"":0.9017678452301534,""score"":50.883922615076685},""T4_rs_1m"":{""value"":0.044727009375087556,""score"":94.72700937508756},""T5_rs_3m"":{""value"":-0.0836037699391663,""score"":8.19811503041685},""T6_adr_healthy"":{""value"":6.271471262271991,""score"":100.0},""_score"":52.26},""geometry"":{""sub_retest_depth"":72.1,""sub_retest_timing"":0.0,""sub_retest_freshness"":100.0,""sub_hold_quality"":100.0,""_score"":71.63},""compression"":{""VC1_atr_ratio"":{""value"":0.5938205432469469,""score"":100},""VC2_range_contraction"":{""value"":0.8434809400486947,""score"":26.08650999188422},""VC3_range_pct_rank"":{""score"":30.833333333333336},""_score"":56.84},""sr_quality"":{""SR1_touches"":{""value"":3,""score"":50.0},""SR2_tightness"":{""value"":0.37452933426131135,""score"":76.73534734667801},""SR3_recency"":{""value"":234,""score"":0.0},""SR4_price_location"":{""score"":50.8051485797694},""SR5_reaction"":{""value"":3.0018058310150386,""score"":100},""_score"":54.21,""_levels_found"":5,""_target_level"":58.2717},""volume"":{""V1_rvol_day"":{""value"":0.9873092693419869,""score"":32.48728462279913},""V2_rvol_sameslot"":{""value"":0.9333375215424025,""score"":28.88916810282683,""status"":""ok""},""V3_breakout_bar"":{""value"":0.8325435079308753,""score"":22.169567195391686},""V4_base_dryup"":{""value"":0.9000049030066152,""score"":59.99950969933848},""V5_bo_expansion"":{""value"":0.9873092693419872,""score"":0},""_score"":29.82},""readiness"":{""_distance_atr"":-0.146,""BR1_atr_distance"":{""score"":100.0},""BR2_compression"":{""score"":64.91912196633567},""BR3_retest"":{""score"":98.46881502877353},""BR4_bo_age"":{""score"":30.0},""_score"":80.42},""risk"":{""R1_stop_clarity"":{""score"":66.76738500583431},""R2_stop_distance_pct"":{""value"":2.043647124098398,""score"":100.0},""R3_stop_distance_atr"":{""value"":0.3431966314818034,""score"":42.15983157409017},""R4_rr_potential"":{""value"":0.4249191984486066,""score"":0.0},""_score"":59.69},""market"":{""M1_spy_regime"":{""score"":100.0},""M3_earnings_risk"":{""value"":null,""score"":80.0},""M4_vix"":{""value"":null,""score"":60.0},""_score"":84.0},""liquidity"":{""L1_price"":{""value"":54.07,""score"":100.0},""L2_dollar_vol"":{""value"":298897496.45589536,""score"":100.0},""L3_spread_proxy"":{""value"":0.06118180136859632,""score"":38.81819863140368},""L4_volume_zscore"":{""value"":-0.03304769178766408,""score"":100.0},""_score"":93.88},""pattern_structure"":{""level"":53.5986,""level_idx"":42,""breakout_idx"":57,""bo_peak_idx"":74,""bo_peak_price"":56.4078,""retest_idx"":78,""retest_low"":53.5,""structural_low"":53.5,""current_price"":54.135,""neckline_distance_pct"":-0.009908561928512062,""base_bars"":37,""bars_since_breakout"":22},""pattern_geometry_features"":{""retest_depth_atr"":0.10478930547858639,""bars_breakout_to_retest"":21.0,""bars_since_retest"":1.0,""current_above_level_atr"":0.5700708261532978,""bo_peak_excess_pct"":0.05241181672655637,""atr_pct"":0.0595474120848635},""_schema_version"":""1.0""}",,,,,,,,,,
20260505T210937Z-543da1,2026-05-05T21:09:37.858700+00:00,QCOM,breakout_retest_hold,setup,62.36,85.7,79.0,0.2,40.0,43.1,65.5,61.7,84.0,90.0,12.0,17.38,0.01,5.6,5.61,11.78,3.08,4.2,2.7,False,,186.55,180.49,179.19,184.7986,"{""trend"":{""T1_ema_stack"":{""value"":[true,true,false],""score"":66.66666666666666},""T2_ema50_slope"":{""value"":0.12136680246828337,""score"":70.22780041138056},""T3_high_proximity"":{""value"":1.0,""score"":99.99999999999997},""T4_rs_1m"":{""value"":0.38533303298788657,""score"":100},""T5_rs_3m"":{""value"":0.21783857089126757,""score"":100},""T6_adr_healthy"":{""value"":4.4295277606352785,""score"":100.0},""_score"":85.71},""geometry"":{""sub_retest_depth"":40.2,""sub_retest_timing"":100.0,""sub_retest_freshness"":100.0,""sub_hold_quality"":89.8,""_score"":79.0},""compression"":{""VC1_atr_ratio"":{""value"":1.5654393573714174,""score"":0},""VC2_range_contraction"":{""value"":2.939060656557996,""score"":0},""VC3_range_pct_rank"":{""score"":0.8333333333333304},""_score"":0.21},""sr_quality"":{""SR1_touches"":{""value"":2,""score"":25.0},""SR2_tightness"":{""value"":0.5049999999999955,""score"":89.98091129776259},""SR3_recency"":{""value"":303,""score"":0.0},""SR4_price_location"":{""score"":30.0},""SR5_reaction"":{""value"":1.5311349912775813,""score"":76.55674956387907},""_score"":39.98,""_levels_found"":5,""_target_level"":183.945},""volume"":{""V1_rvol_day"":{""value"":1.7254484784663813,""score"":81.6965652310921},""V2_rvol_sameslot"":{""value"":1.6322572954277363,""score"":75.48381969518242,""status"":""ok""},""V3_breakout_bar"":{""value"":0.7668420156884925,""score"":17.789467712566168},""V4_base_dryup"":{""value"":3.0428095780171196,""score"":0},""V5_bo_expansion"":{""value"":1.7254484784663808,""score"":48.36323189775872},""_score"":43.14},""readiness"":{""_distance_atr"":-0.601,""BR1_atr_distance"":{""score"":47.977093557314994},""BR2_compression"":{""score"":51.03308578968813},""BR3_retest"":{""score"":100},""BR4_bo_age"":{""score"":90},""_score"":65.45},""risk"":{""R1_stop_clarity"":{""score"":64.08999890881208},""R2_stop_distance_pct"":{""value"":3.9453229697132204,""score"":100.0},""R3_stop_distance_atr"":{""value"":0.7301038895887936,""score"":61.50519447943967},""R4_rr_potential"":{""value"":-0.23796292701863364,""score"":0.0},""_score"":61.66},""market"":{""M1_spy_regime"":{""score"":100.0},""M3_earnings_risk"":{""value"":null,""score"":80.0},""M4_vix"":{""value"":null,""score"":60.0},""_score"":84.0},""liquidity"":{""L1_price"":{""value"":186.55,""score"":100.0},""L2_dollar_vol"":{""value"":6162608831.633191,""score"":100.0},""L3_spread_proxy"":{""value"":0.12023586169927636,""score"":0},""L4_volume_zscore"":{""value"":0.9491066612750817,""score"":100.0},""_score"":90.0},""pattern_structure"":{""level"":180.49,""level_idx"":68,""breakout_idx"":75,""bo_peak_idx"":76,""bo_peak_price"":186.6,""retest_idx"":77,""retest_low"":181.0,""structural_low"":181.0,""current_price"":185.15,""neckline_distance_pct"":-0.025168782068593014,""base_bars"":11,""bars_since_breakout"":4},""pattern_geometry_features"":{""retest_depth_atr"":-0.11836811156442976,""bars_breakout_to_retest"":2.0,""bars_since_retest"":2.0,""current_above_level_atr"":1.0815596076279455,""bo_peak_excess_pct"":0.03385229098565009,""atr_pct"":0.05403782976605276},""_schema_version"":""1.0""}",,,,,,,,,,
20260505T210937Z-543da1,2026-05-05T21:09:37.858700+00:00,NXPI,double_bottom,candidate,62.32,99.3,69.9,17.1,46.7,27.4,60.3,62.3,84.0,97.7,14.89,17.47,1.37,6.54,3.56,4.82,3.74,5.04,4.89,False,,292.35,299.8,275.5734,319.83,"{""trend"":{""T1_ema_stack"":{""value"":[true,true,true],""score"":100.0},""T2_ema50_slope"":{""value"":0.30670239270618593,""score"":100},""T3_high_proximity"":{""value"":0.9902113534751389,""score"":95.10567673756942},""T4_rs_1m"":{""value"":0.38500579851256234,""score"":100},""T5_rs_3m"":{""value"":0.2752319567074568,""score"":100},""T6_adr_healthy"":{""value"":3.367722372581847,""score"":100.0},""_score"":99.27},""geometry"":{""sub_low_similarity"":29.8,""sub_bounce_quality"":59.4,""sub_separation_fit"":100.0,""sub_right_bottom_reaction"":93.8,""sub_base_context"":100.0,""_score"":69.89},""compression"":{""VC1_atr_ratio"":{""value"":1.2962923895235894,""score"":0},""VC2_range_contraction"":{""value"":1.2239816012174316,""score"":0},""VC3_range_pct_rank"":{""score"":68.33333333333333},""_score"":17.08},""sr_quality"":{""SR1_touches"":{""value"":3,""score"":50.0},""SR2_tightness"":{""value"":1.755227114142836,""score"":73.09995287572713},""SR3_recency"":{""value"":288,""score"":0.0},""SR4_price_location"":{""score"":30.0},""SR5_reaction"":{""value"":1.7678170595605145,""score"":88.39085297802572},""_score"":46.72,""_levels_found"":5,""_target_level"":244.4267},""volume"":{""V1_rvol_day"":{""value"":1.1785221618842965,""score"":45.23481079228643},""V2_rvol_sameslot"":{""value"":0.8961808944309476,""score"":26.41205962872984,""status"":""ok""},""V3_breakout_bar"":{""value"":1.0041654446436517,""score"":33.61102964291011},""V4_base_dryup"":{""value"":1.3553513093831406,""score"":14.464869061685931},""V5_bo_expansion"":{""value"":1.1785221618842967,""score"":11.901477458953114},""_score"":27.41},""readiness"":{""_distance_atr"":0.571,""BR1_atr_distance"":{""score"":61.94123076513275},""BR2_compression"":{""score"":71.93505540983591},""BR3_retest"":{""score"":50.0},""BR4_bo_age"":{""score"":50.0},""_score"":60.26},""risk"":{""R1_stop_clarity"":{""score"":35.68502226875874},""R2_stop_distance_pct"":{""value"":5.738515478022932,""score"":100.0},""R3_stop_distance_atr"":{""value"":1.2855600906185531,""score"":89.27800453092766},""R4_rr_potential"":{""value"":1.6380006616378187,""score"":31.900033081890932},""_score"":62.26},""market"":{""M1_spy_regime"":{""score"":100.0},""M3_earnings_risk"":{""value"":null,""score"":80.0},""M4_vix"":{""value"":null,""score"":60.0},""_score"":84.0},""liquidity"":{""L1_price"":{""value"":292.35,""score"":100.0},""L2_dollar_vol"":{""value"":1263951329.2438889,""score"":100.0},""L3_spread_proxy"":{""value"":0.022678296562339644,""score"":77.32170343766036},""L4_volume_zscore"":{""value"":0.34175440454161715,""score"":100.0},""_score"":97.73},""pattern_structure"":{""left_low"":279.77,""left_idx"":56,""right_low"":289.76,""right_idx"":74,""separation_bars"":18,""structural_low"":279.77,""current_price"":293.86,""neckline_distance_pct"":0.020213707207513774,""base_bars"":18},""pattern_geometry_features"":{""low_similarity_pct"":0.03508155847804333,""bounce_pct"":0.07159452407334607,""right_bottom_reaction"":0.9384449244060543,""atr_pct"":0.04463825160644042},""_schema_version"":""1.0""}",,,,,,,,,,
20260505T210937Z-543da1,2026-05-05T21:09:37.858700+00:00,LUNR,inverse_head_shoulders,candidate,62.28,63.9,79.6,53.0,60.8,23.3,46.4,64.9,84.0,90.0,7.66,22.29,4.24,8.52,3.26,3.71,3.89,4.2,4.5,False,,24.8,26.27,22.4088,29.79,"{""trend"":{""T1_ema_stack"":{""value"":[false,true,true],""score"":66.66666666666666},""T2_ema50_slope"":{""value"":0.8776988072962224,""score"":100},""T3_high_proximity"":{""value"":0.8283233132932531,""score"":14.161656646626552},""T4_rs_1m"":{""value"":-0.016377521874336054,""score"":33.622478125663946},""T5_rs_3m"":{""value"":0.21500387455458303,""score"":100},""T6_adr_healthy"":{""value"":9.326836379492608,""score"":66.8290905126848},""_score"":63.86},""geometry"":{""sub_head_depth"":88.4,""sub_shoulder_price_sym"":77.5,""sub_shoulder_time_sym"":38.5,""sub_right_shoulder_reaction"":89.5,""sub_base_context"":100.0,""_score"":79.61},""compression"":{""VC1_atr_ratio"":{""value"":0.41676611115054824,""score"":100},""VC2_range_contraction"":{""value"":0.8387932838433427,""score"":26.867786026109545},""VC3_range_pct_rank"":{""score"":14.166666666666671},""_score"":52.95},""sr_quality"":{""SR1_touches"":{""value"":5,""score"":100},""SR2_tightness"":{""value"":0.5466113793180681,""score"":55.55321050885907},""SR3_recency"":{""value"":225,""score"":0.0},""SR4_price_location"":{""score"":30.0},""SR5_reaction"":{""value"":2.37079167235376,""score"":100},""_score"":60.83,""_levels_found"":5,""_target_level"":22.449},""volume"":{""V1_rvol_day"":{""value"":1.013604354893258,""score"":34.240290326217206},""V2_rvol_sameslot"":{""value"":0.7807939208889926,""score"":18.71959472593284,""status"":""ok""},""V3_breakout_bar"":{""value"":0.6511006043843813,""score"":10.073373625625422},""V4_base_dryup"":{""value"":0.9970853367760564,""score"":50.29146632239436},""V5_bo_expansion"":{""value"":1.013604354893258,""score"":0.9069569928838709},""_score"":23.3},""readiness"":{""_distance_atr"":0.598,""BR1_atr_distance"":{""score"":60.15647007233984},""BR2_compression"":{""score"":19.461299105108132},""BR3_retest"":{""score"":50.0},""BR4_bo_age"":{""score"":50.0},""_score"":46.43},""risk"":{""R1_stop_clarity"":{""score"":72.25182737180819},""R2_stop_distance_pct"":{""value"":9.64213709677419,""score"":58.94657258064524},""R3_stop_distance_atr"":{""value"":0.972202458566504,""score"":73.61012292832521},""R4_rr_potential"":{""value"":2.086774699424987,""score"":54.338734971249345},""_score"":64.88},""market"":{""M1_spy_regime"":{""score"":100.0},""M3_earnings_risk"":{""value"":null,""score"":80.0},""M4_vix"":{""value"":null,""score"":60.0},""_score"":84.0},""liquidity"":{""L1_price"":{""value"":24.8,""score"":100.0},""L2_dollar_vol"":{""value"":345627177.8783432,""score"":100.0},""L3_spread_proxy"":{""value"":0.1346774193548387,""score"":0},""L4_volume_zscore"":{""value"":0.043886675110476704,""score"":100.0},""_score"":90.0},""pattern_structure"":{""left_shoulder"":24.64,""left_shoulder_idx"":61,""head"":22.75,""head_idx"":70,""right_shoulder"":24.2,""right_shoulder_idx"":83,""left_to_head_bars"":9,""head_to_right_bars"":13,""structural_low"":22.75,""current_price"":24.71,""neckline_distance_pct"":0.06313233508700926,""base_bars"":22},""pattern_geometry_features"":{""head_depth_pct"":0.06838656838656845,""shoulder_price_asymmetry"":0.01801801801801807,""shoulder_time_asymmetry"":0.3076923076923077,""right_shoulder_reaction"":0.8954529596464704,""atr_pct"":0.09917828341013823},""_schema_version"":""1.0""}",,,,,,,,,,
20260505T210937Z-543da1,2026-05-05T21:09:37.858700+00:00,IREN,double_bottom,extended,62.13,89.3,70.6,26.5,44.7,62.9,34.5,37.3,84.0,90.0,13.39,17.66,2.12,6.26,8.17,2.76,2.24,5.04,4.5,False,,54.74,51.29,46.9451,54.92,"{""trend"":{""T1_ema_stack"":{""value"":[true,true,true],""score"":100.0},""T2_ema50_slope"":{""value"":0.32836794227285737,""score"":100},""T3_high_proximity"":{""value"":1.0,""score"":99.99999999999997},""T4_rs_1m"":{""value"":0.45981039942918445,""score"":100},""T5_rs_3m"":{""value"":-0.04322200631280726,""score"":28.38899684359637},""T6_adr_healthy"":{""value"":7.655797836006184,""score"":100.0},""_score"":89.26},""geometry"":{""sub_low_similarity"":41.7,""sub_bounce_quality"":65.9,""sub_separation_fit"":73.3,""sub_right_bottom_reaction"":93.0,""sub_base_context"":100.0,""_score"":70.64},""compression"":{""VC1_atr_ratio"":{""value"":0.7756775686624001,""score"":56.08060783439996},""VC2_range_contraction"":{""value"":0.9700280469567959,""score"":4.995325507200684},""VC3_range_pct_rank"":{""score"":9.166666666666668},""_score"":26.47},""sr_quality"":{""SR1_touches"":{""value"":2,""score"":25.0},""SR2_tightness"":{""value"":0.03999999999999915,""score"":97.96724727166473},""SR3_recency"":{""value"":228,""score"":0.0},""SR4_price_location"":{""score"":30.0},""SR5_reaction"":{""value"":3.3629352949397155,""score"":100},""_score"":44.7,""_levels_found"":5,""_target_level"":54.1},""volume"":{""V1_rvol_day"":{""value"":1.302128824385298,""score"":53.47525495901987},""V2_rvol_sameslot"":{""value"":2.289103308428149,""score"":100,""status"":""ok""},""V3_breakout_bar"":{""value"":1.4988001433883311,""score"":66.58667622588874},""V4_base_dryup"":{""value"":0.8748206986344882,""score"":62.51793013655118},""V5_bo_expansion"":{""value"":1.302128824385298,""score"":20.141921625686532},""_score"":62.87},""readiness"":{""_distance_atr"":-0.877,""BR1_atr_distance"":{""score"":42.467507718108},""BR2_compression"":{""score"":0},""BR3_retest"":{""score"":50.0},""BR4_bo_age"":{""score"":50.0},""_score"":34.49},""risk"":{""R1_stop_clarity"":{""score"":63.6696268628273},""R2_stop_distance_pct"":{""value"":14.239861161856057,""score"":0.0},""R3_stop_distance_atr"":{""value"":1.9806380302626077,""score"":100.0},""R4_rr_potential"":{""value"":0.023092021706500352,""score"":0.0},""_score"":37.28},""market"":{""M1_spy_regime"":{""score"":100.0},""M3_earnings_risk"":{""value"":null,""score"":80.0},""M4_vix"":{""value"":null,""score"":60.0},""_score"":84.0},""liquidity"":{""L1_price"":{""value"":54.74,""score"":100.0},""L2_dollar_vol"":{""value"":2612395203.9561915,""score"":100.0},""L3_spread_proxy"":{""value"":0.12906466934599922,""score"":0},""L4_volume_zscore"":{""value"":1.384917547096622,""score"":100.0},""_score"":90.0},""pattern_structure"":{""left_low"":47.66,""left_idx"":40,""right_low"":49.07,""right_idx"":74,""separation_bars"":34,""structural_low"":47.66,""current_price"":53.835,""neckline_distance_pct"":-0.04727407820191328,""base_bars"":34},""pattern_geometry_features"":{""low_similarity_pct"":0.029153313346428282,""bounce_pct"":0.07616449853126317,""right_bottom_reaction"":0.9298245614035061,""atr_pct"":0.07189532334672999},""_schema_version"":""1.0""}",,,,,,,,,,
20260505T210937Z-543da1,2026-05-05T21:09:37.858700+00:00,APP,breakout_retest_hold,breakout_confirmed,62.12,60.1,67.6,80.0,36.9,42.4,73.6,59.9,84.0,97.1,8.42,14.87,4.8,5.16,5.51,13.25,2.99,4.2,2.91,False,,478.11,469.73,461.0925,477.69,"{""trend"":{""T1_ema_stack"":{""value"":[true,false,false],""score"":33.33333333333333},""T2_ema50_slope"":{""value"":0.031321343212991105,""score"":55.22022386883185},""T3_high_proximity"":{""value"":0.9243663360593933,""score"":62.183168029696645},""T4_rs_1m"":{""value"":0.06014704211728672,""score"":100},""T5_rs_3m"":{""value"":-0.014316273450730721,""score"":42.84186327463464},""T6_adr_healthy"":{""value"":5.493530911935661,""score"":100.0},""_score"":60.13},""geometry"":{""sub_retest_depth"":100.0,""sub_retest_timing"":100.0,""sub_retest_freshness"":25.0,""sub_hold_quality"":41.9,""_score"":67.57},""compression"":{""VC1_atr_ratio"":{""value"":0.4140836441931554,""score"":100},""VC2_range_contraction"":{""value"":0.7205883385790479,""score"":46.56861023682535},""VC3_range_pct_rank"":{""score"":95.0},""_score"":80.05},""sr_quality"":{""SR1_touches"":{""value"":2,""score"":25.0},""SR2_tightness"":{""value"":1.3449999999999989,""score"":87.9828824680594},""SR3_recency"":{""value"":231,""score"":0.0},""SR4_price_location"":{""score"":4.640547736782157},""SR5_reaction"":{""value"":4.377983338773903,""score"":100},""_score"":36.86,""_levels_found"":6,""_target_level"":490.645},""volume"":{""V1_rvol_day"":{""value"":0.8198531559996919,""score"":21.323543733312793},""V2_rvol_sameslot"":{""value"":1.190916214924852,""score"":46.061080994990135,""status"":""ok""},""V3_breakout_bar"":{""value"":1.4093247949606678,""score"":60.62165299737785},""V4_base_dryup"":{""value"":0.8129266175458371,""score"":68.7073382454163},""V5_bo_expansion"":{""value"":0.8198531559996918,""score"":0},""_score"":42.37},""readiness"":{""_distance_atr"":-0.374,""BR1_atr_distance"":{""score"":100.0},""BR2_compression"":{""score"":43.60887878869611},""BR3_retest"":{""score"":91.11001342432643},""BR4_bo_age"":{""score"":30.0},""_score"":73.62},""risk"":{""R1_stop_clarity"":{""score"":58.38682163196005},""R2_stop_distance_pct"":{""value"":3.5593273514463286,""score"":100.0},""R3_stop_distance_atr"":{""value"":0.7602278721182151,""score"":63.01139360591075},""R4_rr_potential"":{""value"":-0.024680475980605732,""score"":0.0},""_score"":59.89},""market"":{""M1_spy_regime"":{""score"":100.0},""M3_earnings_risk"":{""value"":null,""score"":80.0},""M4_vix"":{""value"":null,""score"":60.0},""_score"":84.0},""liquidity"":{""L1_price"":{""value"":478.11,""score"":100.0},""L2_dollar_vol"":{""value"":1545068734.5935085,""score"":100.0},""L3_spread_proxy"":{""value"":0.028591746669176583,""score"":71.40825333082341},""L4_volume_zscore"":{""value"":-0.6049307907499339,""score"":100.0},""_score"":97.14},""pattern_structure"":{""level"":469.73,""level_idx"":62,""breakout_idx"":68,""bo_peak_idx"":68,""bo_peak_price"":483.55,""retest_idx"":70,""retest_low"":465.75,""structural_low"":465.75,""current_price"":480.57,""neckline_distance_pct"":-0.022556547433256288,""base_bars"":17,""bars_since_breakout"":11},""pattern_geometry_features"":{""retest_depth_atr"":0.537766723898483,""bars_breakout_to_retest"":2.0,""bars_since_retest"":9.0,""current_above_level_atr"":1.464671177653145,""bo_peak_excess_pct"":0.02942115683477741,""atr_pct"":0.04681921673733181},""_schema_version"":""1.0""}",,,,,,,,,,
20260505T210937Z-543da1,2026-05-05T21:09:37.858700+00:00,ATI,inverse_head_shoulders,setup,62.12,73.3,73.4,56.7,47.7,27.3,73.7,46.1,84.0,97.4,8.79,20.55,4.53,6.68,3.82,5.9,2.77,4.2,4.87,False,,155.35,155.05,140.2147,167.75,"{""trend"":{""T1_ema_stack"":{""value"":[true,true,true],""score"":100.0},""T2_ema50_slope"":{""value"":0.23906474919846288,""score"":89.84412486641048},""T3_high_proximity"":{""value"":0.933481552697993,""score"":66.7407763489965},""T4_rs_1m"":{""value"":-0.04845602335131649,""score"":1.5439766486835111},""T5_rs_3m"":{""value"":0.16079958690934681,""score"":100},""T6_adr_healthy"":{""value"":4.021759488679764,""score"":100.0},""_score"":73.29},""geometry"":{""sub_head_depth"":75.8,""sub_shoulder_price_sym"":82.3,""sub_shoulder_time_sym"":77.8,""sub_right_shoulder_reaction"":34.4,""sub_base_context"":100.0,""_score"":73.4},""compression"":{""VC1_atr_ratio"":{""value"":0.34282498760183555,""score"":100},""VC2_range_contraction"":{""value"":1.3644257942058886,""score"":0},""VC3_range_pct_rank"":{""score"":66.66666666666667},""_score"":56.67},""sr_quality"":{""SR1_touches"":{""value"":4,""score"":75.0},""SR2_tightness"":{""value"":2.0580389189408037,""score"":42.59860351177214},""SR3_recency"":{""value"":231,""score"":0.0},""SR4_price_location"":{""score"":15.386480726825885},""SR5_reaction"":{""value"":2.519237033281304,""score"":100},""_score"":47.74,""_levels_found"":7,""_target_level"":165.6434},""volume"":{""V1_rvol_day"":{""value"":0.7253055857470415,""score"":15.020372383136102},""V2_rvol_sameslot"":{""value"":0.6804571121173421,""score"":12.030474141156137,""status"":""ok""},""V3_breakout_bar"":{""value"":1.0183505625385003,""score"":34.556704169233356},""V4_base_dryup"":{""value"":0.8370963167795388,""score"":66.29036832204612},""V5_bo_expansion"":{""value"":0.7253055857470417,""score"":0},""_score"":27.31},""readiness"":{""_distance_atr"":-0.042,""BR1_atr_distance"":{""score"":100.0},""BR2_compression"":{""score"":64.88011302217545},""BR3_retest"":{""score"":50.0},""BR4_bo_age"":{""score"":50.0},""_score"":73.72},""risk"":{""R1_stop_clarity"":{""score"":40.44508550179914},""R2_stop_distance_pct"":{""value"":9.74267782426779,""score"":56.43305439330524},""R3_stop_distance_atr"":{""value"":2.110709564825875,""score"":100.0},""R4_rr_potential"":{""value"":0.8192794965395367,""score"":0.0},""_score"":46.09},""market"":{""M1_spy_regime"":{""score"":100.0},""M3_earnings_risk"":{""value"":null,""score"":80.0},""M4_vix"":{""value"":null,""score"":60.0},""_score"":84.0},""liquidity"":{""L1_price"":{""value"":155.35,""score"":100.0},""L2_dollar_vol"":{""value"":196914998.7147265,""score"":100.0},""L3_spread_proxy"":{""value"":0.02574831026713872,""score"":74.25168973286128},""L4_volume_zscore"":{""value"":-0.7811019159471048,""score"":100.0},""_score"":97.43},""pattern_structure"":{""left_shoulder"":149.6901,""left_shoulder_idx"":65,""head"":142.35,""head_idx"":73,""right_shoulder"":151.82,""right_shoulder_idx"":82,""left_to_head_bars"":8,""head_to_right_bars"":9,""structural_low"":142.35,""current_price"":153.74,""neckline_distance_pct"":0.0085208794067907,""base_bars"":17},""pattern_geometry_features"":{""head_depth_pct"":0.05575302452554651,""shoulder_price_asymmetry"":0.01412821660037254,""shoulder_time_asymmetry"":0.1111111111111111,""right_shoulder_reaction"":0.3436055469953798,""atr_pct"":0.046158306129017446},""_schema_version"":""1.0""}",,,,,,,,,,
20260505T210937Z-543da1,2026-05-05T21:09:37.858700+00:00,MKSI,high_tight_pullback,candidate,61.88,99.0,59.8,45.6,51.8,38.7,49.9,72.8,84.0,93.8,11.88,20.94,4.56,4.15,5.42,4.49,0.73,5.04,4.69,False,,287.65,298.0,278.8239,334.77,"{""trend"":{""T1_ema_stack"":{""value"":[true,true,true],""score"":100.0},""T2_ema50_slope"":{""value"":0.48899776754130164,""score"":100},""T3_high_proximity"":{""value"":0.9866909065962337,""score"":93.34545329811684},""T4_rs_1m"":{""value"":0.1154135571734316,""score"":100},""T5_rs_3m"":{""value"":0.20328313883333426,""score"":100},""T6_adr_healthy"":{""value"":4.590477087284914,""score"":100.0},""_score"":99.0},""geometry"":{""sub_pole_impulse"":44.9,""sub_flag_tightness"":69.5,""sub_flag_shallowness"":28.8,""sub_flag_drift"":88.1,""sub_flag_duration"":100.0,""_score"":59.82},""compression"":{""VC1_atr_ratio"":{""value"":0.46358544494544024,""score"":100},""VC2_range_contraction"":{""value"":1.1873135830620378,""score"":0},""VC3_range_pct_rank"":{""score"":22.499999999999996},""_score"":45.62},""sr_quality"":{""SR1_touches"":{""value"":4,""score"":75.0},""SR2_tightness"":{""value"":3.5844531922596055,""score"":50.47754206041055},""SR3_recency"":{""value"":225,""score"":0.0},""SR4_price_location"":{""score"":30.0},""SR5_reaction"":{""value"":1.9000320726321773,""score"":95.00160363160887},""_score"":51.82,""_levels_found"":4,""_target_level"":264.9688},""volume"":{""V1_rvol_day"":{""value"":1.3474173772378655,""score"":56.49449181585769},""V2_rvol_sameslot"":{""value"":1.4488021667720719,""score"":63.25347778480479,""status"":""ok""},""V3_breakout_bar"":{""value"":0.8980817579044544,""score"":26.53878386029696},""V4_base_dryup"":{""value"":1.2689308780349147,""score"":23.10691219650853},""V5_bo_expansion"":{""value"":1.3474173772378653,""score"":23.16115848252435},""_score"":38.68},""readiness"":{""_distance_atr"":0.715,""BR1_atr_distance"":{""score"":52.33513433498619},""BR2_compression"":{""score"":45.66246511462509},""BR3_retest"":{""score"":50.0},""BR4_bo_age"":{""score"":50.0},""_score"":49.85},""risk"":{""R1_stop_clarity"":{""score"":41.33698467914997},""R2_stop_distance_pct"":{""value"":3.068329567182343,""score"":100.0},""R3_stop_distance_atr"":{""value"":0.6096992573952096,""score"":55.48496286976048},""R4_rr_potential"":{""value"":5.338741566159262,""score"":100.0},""_score"":72.79},""market"":{""M1_spy_regime"":{""score"":100.0},""M3_earnings_risk"":{""value"":null,""score"":80.0},""M4_vix"":{""value"":null,""score"":60.0},""_score"":84.0},""liquidity"":{""L1_price"":{""value"":287.65,""score"":100.0},""L2_dollar_vol"":{""value"":441542754.1899099,""score"":100.0},""L3_spread_proxy"":{""value"":0.061950286806883345,""score"":38.04971319311665},""L4_volume_zscore"":{""value"":1.0653622311222553,""score"":100.0},""_score"":93.8},""pattern_structure"":{""pole_low"":261.23,""pole_low_idx"":35,""peak_price"":298.0,""peak_idx"":54,""pole_gain"":0.1407571871530834,""flag_bars"":5,""flag_low"":283.07,""flag_high"":290.75,""structural_low"":283.07,""current_price"":284.2,""neckline_distance_pct"":0.04855735397607323,""base_bars"":5},""pattern_geometry_features"":{""pole_gain"":0.1407571871530834,""pullback_pct"":0.05010067114093962,""flag_range_pct"":0.025771812080536936,""flag_drift_per_bar"":-0.002371569317382192,""atr_pct"":0.05032529611879516,""pole_atr_multiple"":2.7969470228415476},""_schema_version"":""1.0""}",,,,,,,,,,
20260505T210937Z-543da1,2026-05-05T21:09:37.858700+00:00,SIRI,double_bottom,candidate,61.63,91.6,63.1,46.2,49.1,25.0,51.1,72.2,84.0,96.7,13.74,15.77,3.7,6.87,3.25,4.09,4.33,5.04,4.83,False,,26.4,27.56,25.5263,29.205,"{""trend"":{""T1_ema_stack"":{""value"":[true,true,true],""score"":100.0},""T2_ema50_slope"":{""value"":0.4447654901622664,""score"":100},""T3_high_proximity"":{""value"":0.9408410548823949,""score"":70.42052744119742},""T4_rs_1m"":{""value"":0.030285518595069894,""score"":80.2855185950699},""T5_rs_3m"":{""value"":0.26051668452265764,""score"":100},""T6_adr_healthy"":{""value"":3.80216802844343,""score"":100.0},""_score"":91.62},""geometry"":{""sub_low_similarity"":72.4,""sub_bounce_quality"":47.8,""sub_separation_fit"":46.7,""sub_right_bottom_reaction"":32.0,""sub_base_context"":100.0,""_score"":63.09},""compression"":{""VC1_atr_ratio"":{""value"":0.5311408787384594,""score"":100},""VC2_range_contraction"":{""value"":1.6777238390556408,""score"":0},""VC3_range_pct_rank"":{""score"":25.0},""_score"":46.25},""sr_quality"":{""SR1_touches"":{""value"":4,""score"":75.0},""SR2_tightness"":{""value"":0.26432401990738585,""score"":57.76848754689412},""SR3_recency"":{""value"":239,""score"":0.0},""SR4_price_location"":{""score"":30.0},""SR5_reaction"":{""value"":1.3861398002853071,""score"":69.30699001426535},""_score"":49.06,""_levels_found"":4,""_target_level"":23.1438},""volume"":{""V1_rvol_day"":{""value"":0.7263746194725584,""score"":15.091641298170563},""V2_rvol_sameslot"":{""value"":0.6359454286347942,""score"":9.063028575652947,""status"":""ok""},""V3_breakout_bar"":{""value"":1.0369726948626898,""score"":35.798179657512655},""V4_base_dryup"":{""value"":0.9383778164202076,""score"":56.16221835797924},""V5_bo_expansion"":{""value"":0.7263746194725583,""score"":0},""_score"":25.01},""readiness"":{""_distance_atr"":0.927,""BR1_atr_distance"":{""score"":38.221588207322846},""BR2_compression"":{""score"":73.27875895434599},""BR3_retest"":{""score"":50.0},""BR4_bo_age"":{""score"":50.0},""_score"":51.11},""risk"":{""R1_stop_clarity"":{""score"":37.8927246790298},""R2_stop_distance_pct"":{""value"":3.3095643939393953,""score"":100.0},""R3_stop_distance_atr"":{""value"":0.697982881597718,""score"":59.8991440798859},""R4_rr_potential"":{""value"":3.2103922859023135,""score"":100.0},""_score"":72.25},""market"":{""M1_spy_regime"":{""score"":100.0},""M3_earnings_risk"":{""value"":null,""score"":80.0},""M4_vix"":{""value"":null,""score"":60.0},""_score"":84.0},""liquidity"":{""L1_price"":{""value"":26.4,""score"":100.0},""L2_dollar_vol"":{""value"":123228797.98999439,""score"":100.0},""L3_spread_proxy"":{""value"":0.033522727272727336,""score"":66.47727272727266},""L4_volume_zscore"":{""value"":-0.512474253439092,""score"":100.0},""_score"":96.65},""pattern_structure"":{""left_low"":26.275,""left_idx"":38,""right_low"":25.915,""right_idx"":76,""separation_bars"":38,""structural_low"":25.915,""current_price"":26.265,""neckline_distance_pct"":0.04930515895678653,""base_bars"":38},""pattern_geometry_features"":{""low_similarity_pct"":0.013795746311553916,""bounce_pct"":0.06347675091645763,""right_bottom_reaction"":0.3200000000000074,""atr_pct"":0.04741612554112553},""_schema_version"":""1.0""}",,,,,,,,,,
20260505T210937Z-543da1,2026-05-05T21:09:37.858700+00:00,MPWR,double_bottom,candidate,61.6,98.0,69.5,36.9,43.6,31.3,45.7,68.8,84.0,71.8,14.7,17.36,2.95,6.1,4.07,3.66,4.13,5.04,3.59,False,,1588.12,1661.79,1500.4407,1800.29,"{""trend"":{""T1_ema_stack"":{""value"":[true,true,true],""score"":100.0},""T2_ema50_slope"":{""value"":0.7456795801237345,""score"":100},""T3_high_proximity"":{""value"":0.9730769702094285,""score"":86.53848510471424},""T4_rs_1m"":{""value"":0.24742823607375297,""score"":100},""T5_rs_3m"":{""value"":0.31373507021708247,""score"":100},""T6_adr_healthy"":{""value"":3.454676980842939,""score"":100.0},""_score"":97.98},""geometry"":{""sub_low_similarity"":61.6,""sub_bounce_quality"":87.0,""sub_separation_fit"":0.0,""sub_right_bottom_reaction"":90.5,""sub_base_context"":100.0,""_score"":69.45},""compression"":{""VC1_atr_ratio"":{""value"":0.8003123328455163,""score"":49.921916788620926},""VC2_range_contraction"":{""value"":0.9561230355044947,""score"":7.312827415917544},""VC3_range_pct_rank"":{""score"":57.49999999999999},""_score"":36.9},""sr_quality"":{""SR1_touches"":{""value"":2,""score"":25.0},""SR2_tightness"":{""value"":3.1100000000000136,""score"":90.66000854414006},""SR3_recency"":{""value"":269,""score"":0.0},""SR4_price_location"":{""score"":30.0},""SR5_reaction"":{""value"":2.3280529346268164,""score"":100},""_score"":43.6,""_levels_found"":3,""_target_level"":1253.11},""volume"":{""V1_rvol_day"":{""value"":1.0868742218117209,""score"":39.1249481207814},""V2_rvol_sameslot"":{""value"":0.8372504503617523,""score"":22.483363357450152,""status"":""ok""},""V3_breakout_bar"":{""value"":0.8016203856479004,""score"":20.108025709860026},""V4_base_dryup"":{""value"":0.8451486650162096,""score"":65.48513349837904},""V5_bo_expansion"":{""value"":1.0868742218117209,""score"":5.79161478744806},""_score"":31.31},""readiness"":{""_distance_atr"":1.106,""BR1_atr_distance"":{""score"":26.25110712184356},""BR2_compression"":{""score"":70.86427361807644},""BR3_retest"":{""score"":50.0},""BR4_bo_age"":{""score"":50.0},""_score"":45.72},""risk"":{""R1_stop_clarity"":{""score"":31.378542195513816},""R2_stop_distance_pct"":{""value"":5.520952446918362,""score"":100.0},""R3_stop_distance_atr"":{""value"":1.3165986814394675,""score"":90.82993407197337},""R4_rr_potential"":{""value"":2.419840019343213,""score"":70.99200096716065},""_score"":68.81},""market"":{""M1_spy_regime"":{""score"":100.0},""M3_earnings_risk"":{""value"":null,""score"":80.0},""M4_vix"":{""value"":null,""score"":60.0},""_score"":84.0},""liquidity"":{""L1_price"":{""value"":1588.12,""score"":0.0},""L2_dollar_vol"":{""value"":1080065336.9011257,""score"":100.0},""L3_spread_proxy"":{""value"":0.031996952371357364,""score"":68.00304762864263},""L4_volume_zscore"":{""value"":0.29282086398323726,""score"":100.0},""_score"":71.8},""pattern_structure"":{""left_low"":1523.29,""left_idx"":25,""right_low"":1552.84,""right_idx"":73,""separation_bars"":48,""structural_low"":1523.29,""current_price"":1586.75,""neckline_distance_pct"":0.04729163384276033,""base_bars"":48},""pattern_geometry_features"":{""low_similarity_pct"":0.01921245200950542,""bounce_pct"":0.09092162359104307,""right_bottom_reaction"":0.9047051816557404,""atr_pct"":0.041933449613379366},""_schema_version"":""1.0""}",,,,,,,,,,
20260505T210937Z-543da1,2026-05-05T21:09:37.858700+00:00,ESLT,breakout_retest_hold,setup,61.52,53.8,81.7,52.5,40.0,37.5,74.7,53.0,84.0,69.7,7.53,17.97,3.15,5.6,4.87,13.45,2.65,4.2,2.09,False,,851.26,839.34,832.1633,848.9929,"{""trend"":{""T1_ema_stack"":{""value"":[false,true,true],""score"":66.66666666666666},""T2_ema50_slope"":{""value"":0.12450184001801477,""score"":70.75030666966913},""T3_high_proximity"":{""value"":0.8392337799335522,""score"":19.616889966776075},""T4_rs_1m"":{""value"":-0.1768057308836587,""score"":0},""T5_rs_3m"":{""value"":0.13263212212531306,""score"":100},""T6_adr_healthy"":{""value"":2.801945343263884,""score"":100.0},""_score"":53.76},""geometry"":{""sub_retest_depth"":39.0,""sub_retest_timing"":100.0,""sub_retest_freshness"":100.0,""sub_hold_quality"":100.0,""_score"":81.7},""compression"":{""VC1_atr_ratio"":{""value"":0.3968328430258537,""score"":100},""VC2_range_contraction"":{""value"":1.1638485637921716,""score"":0},""VC3_range_pct_rank"":{""score"":50.0},""_score"":52.5},""sr_quality"":{""SR1_touches"":{""value"":2,""score"":25.0},""SR2_tightness"":{""value"":4.694999999999993,""score"":66.73650330964963},""SR3_recency"":{""value"":228,""score"":0.0},""SR4_price_location"":{""score"":30.0},""SR5_reaction"":{""value"":2.7912466346835076,""score"":100},""_score"":40.01,""_levels_found"":3,""_target_level"":805.305},""volume"":{""V1_rvol_day"":{""value"":0.8983894114611619,""score"":26.559294097410795},""V2_rvol_sameslot"":{""value"":1.0601349545594276,""score"":37.34233030396184,""status"":""ok""},""V3_breakout_bar"":{""value"":0.9294808867811036,""score"":28.632059118740244},""V4_base_dryup"":{""value"":0.6224132675537062,""score"":87.75867324462938},""V5_bo_expansion"":{""value"":0.8983894114611619,""score"":0},""_score"":37.49},""readiness"":{""_distance_atr"":-0.422,""BR1_atr_distance"":{""score"":100.0},""BR2_compression"":{""score"":40.902256256797074},""BR3_retest"":{""score"":100},""BR4_bo_age"":{""score"":30.0},""_score"":74.73},""risk"":{""R1_stop_clarity"":{""score"":40.44672172628049},""R2_stop_distance_pct"":{""value"":2.2433439842116485,""score"":100.0},""R3_stop_distance_atr"":{""value"":0.676488482014537,""score"":58.82442410072686},""R4_rr_potential"":{""value"":-0.11871466431392426,""score"":0.0},""_score"":52.98},""market"":{""M1_spy_regime"":{""score"":100.0},""M3_earnings_risk"":{""value"":null,""score"":80.0},""M4_vix"":{""value"":null,""score"":60.0},""_score"":84.0},""liquidity"":{""L1_price"":{""value"":851.26,""score"":0.0},""L2_dollar_vol"":{""value"":75069685.44387896,""score"":93.77322980472607},""L3_spread_proxy"":{""value"":0.028112445081408782,""score"":71.88755491859122},""L4_volume_zscore"":{""value"":-0.5380878871958806,""score"":100.0},""_score"":69.7},""pattern_structure"":{""level"":839.34,""level_idx"":62,""breakout_idx"":68,""bo_peak_idx"":68,""bo_peak_price"":873.1,""retest_idx"":75,""retest_low"":840.569,""structural_low"":840.569,""current_price"":848.565,""neckline_distance_pct"":-0.010871294479503659,""base_bars"":17,""bars_since_breakout"":11},""pattern_geometry_features"":{""retest_depth_atr"":-0.12731868593736745,""bars_breakout_to_retest"":7.0,""bars_since_retest"":4.0,""current_above_level_atr"":0.955667109660119,""bo_peak_excess_pct"":0.04022207925274619,""atr_pct"":0.03316159910854833},""_schema_version"":""1.0""}",,,,,,,,,,
20260505T210937Z-543da1,2026-05-05T21:09:37.858700+00:00,TEM,double_bottom,candidate,61.44,52.3,74.4,56.8,54.2,32.7,54.4,75.5,84.0,93.9,7.84,18.61,4.55,7.59,4.25,4.35,4.53,5.04,4.69,False,,54.07,56.4078,52.3032,59.7159,"{""trend"":{""T1_ema_stack"":{""value"":[true,false,false],""score"":33.33333333333333},""T2_ema50_slope"":{""value"":0.03351665783822497,""score"":55.58610963970416},""T3_high_proximity"":{""value"":0.9017678452301534,""score"":50.883922615076685},""T4_rs_1m"":{""value"":0.044727009375087556,""score"":94.72700937508756},""T5_rs_3m"":{""value"":-0.0836037699391663,""score"":8.19811503041685},""T6_adr_healthy"":{""value"":6.271471262271991,""score"":100.0},""_score"":52.26},""geometry"":{""sub_low_similarity"":80.4,""sub_bounce_quality"":46.1,""sub_separation_fit"":100.0,""sub_right_bottom_reaction"":40.5,""sub_base_context"":100.0,""_score"":74.42},""compression"":{""VC1_atr_ratio"":{""value"":0.5938205432469469,""score"":100},""VC2_range_contraction"":{""value"":0.8434809400486947,""score"":26.08650999188422},""VC3_range_pct_rank"":{""score"":30.833333333333336},""_score"":56.84},""sr_quality"":{""SR1_touches"":{""value"":3,""score"":50.0},""SR2_tightness"":{""value"":0.37452933426131135,""score"":76.73534734667801},""SR3_recency"":{""value"":234,""score"":0.0},""SR4_price_location"":{""score"":50.8051485797694},""SR5_reaction"":{""value"":3.0018058310150386,""score"":100},""_score"":54.21,""_levels_found"":5,""_target_level"":58.2717},""volume"":{""V1_rvol_day"":{""value"":0.9873092693419869,""score"":32.48728462279913},""V2_rvol_sameslot"":{""value"":0.9333375215424025,""score"":28.88916810282683,""status"":""ok""},""V3_breakout_bar"":{""value"":0.8325435079308753,""score"":22.169567195391686},""V4_base_dryup"":{""value"":0.7579808291465236,""score"":74.20191708534763},""V5_bo_expansion"":{""value"":0.9873092693419872,""score"":0},""_score"":32.66},""readiness"":{""_distance_atr"":0.726,""BR1_atr_distance"":{""score"":51.5942633437009},""BR2_compression"":{""score"":64.91912196633567},""BR3_retest"":{""score"":50.0},""BR4_bo_age"":{""score"":50.0},""_score"":54.37},""risk"":{""R1_stop_clarity"":{""score"":50.52405925965368},""R2_stop_distance_pct"":{""value"":3.2676077307194387,""score"":100.0},""R3_stop_distance_atr"":{""value"":0.5487405105133092,""score"":52.43702552566546},""R4_rr_potential"":{""value"":3.1955594181669595,""score"":100.0},""_score"":75.55},""market"":{""M1_spy_regime"":{""score"":100.0},""M3_earnings_risk"":{""value"":null,""score"":80.0},""M4_vix"":{""value"":null,""score"":60.0},""_score"":84.0},""liquidity"":{""L1_price"":{""value"":54.07,""score"":100.0},""L2_dollar_vol"":{""value"":298897496.45589536,""score"":100.0},""L3_spread_proxy"":{""value"":0.06118180136859632,""score"":38.81819863140368},""L4_volume_zscore"":{""value"":-0.03304769178766408,""score"":100.0},""_score"":93.88},""pattern_structure"":{""left_low"":53.622,""left_idx"":62,""right_low"":53.0997,""right_idx"":74,""separation_bars"":12,""structural_low"":53.0997,""current_price"":54.135,""neckline_distance_pct"":0.0419839290662234,""base_bars"":12},""pattern_geometry_features"":{""low_similarity_pct"":0.009788074965072733,""bounce_pct"":0.06229978700444641,""right_bottom_reaction"":0.40515703878359116,""atr_pct"":0.0595474120848635},""_schema_version"":""1.0""}",,,,,,,,,,
20260505T210937Z-543da1,2026-05-05T21:09:37.858700+00:00,ADSK,breakout_retest_hold,setup,61.18,37.4,83.0,62.1,49.4,28.5,75.6,51.7,84.0,97.8,5.24,18.26,3.73,6.92,3.7,13.61,2.59,4.2,2.93,True,weak_retest_trend,249.43,246.86,244.2825,249.3595,"{""trend"":{""T1_ema_stack"":{""value"":[true,false,false],""score"":33.33333333333333},""T2_ema50_slope"":{""value"":-0.1018765202804338,""score"":33.020579953261034},""T3_high_proximity"":{""value"":0.9443813418143269,""score"":72.19067090716341},""T4_rs_1m"":{""value"":-0.049142321502214426,""score"":0.8576784977855709},""T5_rs_3m"":{""value"":-0.013775123965056979,""score"":43.11243801747151},""T6_adr_healthy"":{""value"":3.4530721923864713,""score"":100.0},""_score"":37.4},""geometry"":{""sub_retest_depth"":63.4,""sub_retest_timing"":100.0,""sub_retest_freshness"":100.0,""sub_hold_quality"":80.0,""_score"":83.02},""compression"":{""VC1_atr_ratio"":{""value"":0.503014374839995,""score"":100},""VC2_range_contraction"":{""value"":0.8952629078030703,""score"":17.456182032821623},""VC3_range_pct_rank"":{""score"":64.16666666666666},""_score"":62.15},""sr_quality"":{""SR1_touches"":{""value"":2,""score"":25.0},""SR2_tightness"":{""value"":0.8200000000000074,""score"":79.15418278222639},""SR3_recency"":{""value"":231,""score"":0.0},""SR4_price_location"":{""score"":60.138648180242505},""SR5_reaction"":{""value"":2.898706215612573,""score"":100},""_score"":49.41,""_levels_found"":6,""_target_level"":251.73},""volume"":{""V1_rvol_day"":{""value"":1.1241912132781904,""score"":41.61274755187936},""V2_rvol_sameslot"":{""value"":0.7023843549878092,""score"":13.492290332520609,""status"":""ok""},""V3_breakout_bar"":{""value"":0.6893899652198647,""score"":12.625997681324316},""V4_base_dryup"":{""value"":0.8476998037017907,""score"":65.23001962982093},""V5_bo_expansion"":{""value"":1.1241912132781904,""score"":8.279414218546027},""_score"":28.47},""readiness"":{""_distance_atr"":-0.327,""BR1_atr_distance"":{""score"":100.0},""BR2_compression"":{""score"":44.939394454059645},""BR3_retest"":{""score"":99.30090247135507},""BR4_bo_age"":{""score"":30.0},""_score"":75.6},""risk"":{""R1_stop_clarity"":{""score"":37.27188538432205},""R2_stop_distance_pct"":{""value"":2.0637052479653644,""score"":100.0},""R3_stop_distance_atr"":{""value"":0.6542917324907855,""score"":57.71458662453928},""R4_rr_potential"":{""value"":-0.01370151946159371,""score"":0.0},""_score"":51.7},""market"":{""M1_spy_regime"":{""score"":100.0},""M3_earnings_risk"":{""value"":null,""score"":80.0},""M4_vix"":{""value"":null,""score"":60.0},""_score"":84.0},""liquidity"":{""L1_price"":{""value"":249.43,""score"":100.0},""L2_dollar_vol"":{""value"":549118463.3711256,""score"":100.0},""L3_spread_proxy"":{""value"":0.0218397947319889,""score"":78.1602052680111},""L4_volume_zscore"":{""value"":0.4030947702207038,""score"":100.0},""_score"":97.82},""pattern_structure"":{""level"":246.86,""level_idx"":62,""breakout_idx"":68,""bo_peak_idx"":74,""bo_peak_price"":250.275,""retest_idx"":76,""retest_low"":246.75,""structural_low"":246.75,""current_price"":249.76,""neckline_distance_pct"":-0.011611146700832709,""base_bars"":17,""bars_since_breakout"":11},""pattern_geometry_features"":{""retest_depth_atr"":0.044009304824454046,""bars_breakout_to_retest"":8.0,""bars_since_retest"":3.0,""current_above_level_atr"":1.1602453090081808,""bo_peak_excess_pct"":0.013833751924167512,""atr_pct"":0.03154105646588508},""_schema_version"":""1.0""}",,,,,,,,,,
20260505T210937Z-543da1,2026-05-05T21:09:37.858700+00:00,IRDM,double_bottom,candidate,60.86,92.8,69.6,52.5,38.3,21.0,36.3,79.7,84.0,90.7,13.92,17.4,4.2,5.36,2.72,2.91,4.78,5.04,4.54,False,,39.23,42.575,37.361,47.22,"{""trend"":{""T1_ema_stack"":{""value"":[true,true,true],""score"":100.0},""T2_ema50_slope"":{""value"":1.0184647482249818,""score"":100},""T3_high_proximity"":{""value"":0.9037088228518775,""score"":51.85441142593872},""T4_rs_1m"":{""value"":0.09799938718841306,""score"":100},""T5_rs_3m"":{""value"":0.9498333032562634,""score"":100},""T6_adr_healthy"":{""value"":6.19333054275044,""score"":100.0},""_score"":92.78},""geometry"":{""sub_low_similarity"":75.4,""sub_bounce_quality"":100,""sub_separation_fit"":0.0,""sub_right_bottom_reaction"":46.6,""sub_base_context"":100.0,""_score"":69.61},""compression"":{""VC1_atr_ratio"":{""value"":0.537928630916268,""score"":100},""VC2_range_contraction"":{""value"":1.113658599102681,""score"":0},""VC3_range_pct_rank"":{""score"":50.0},""_score"":52.5},""sr_quality"":{""SR1_touches"":{""value"":2,""score"":25.0},""SR2_tightness"":{""value"":0.05999999999999872,""score"":95.77458412350296},""SR3_recency"":{""value"":251,""score"":0.0},""SR4_price_location"":{""score"":30.0},""SR5_reaction"":{""value"":1.1866376253162774,""score"":59.33188126581387},""_score"":38.27,""_levels_found"":4,""_target_level"":24.91},""volume"":{""V1_rvol_day"":{""value"":0.5231898694459017,""score"":1.5459912963934488},""V2_rvol_sameslot"":{""value"":0.6276904215910665,""score"":8.512694772737765,""status"":""ok""},""V3_breakout_bar"":{""value"":0.973762840791876,""score"":31.584189386125068},""V4_base_dryup"":{""value"":0.9473558305730305,""score"":55.26441694269695},""V5_bo_expansion"":{""value"":0.5231898694459015,""score"":0},""_score"":20.96},""readiness"":{""_distance_atr"":1.178,""BR1_atr_distance"":{""score"":21.477688295094893},""BR2_compression"":{""score"":40.99547276162078},""BR3_retest"":{""score"":50.0},""BR4_bo_age"":{""score"":50.0},""_score"":36.34},""risk"":{""R1_stop_clarity"":{""score"":59.93249395111591},""R2_stop_distance_pct"":{""value"":4.764083609482535,""score"":100.0},""R3_stop_distance_atr"":{""value"":0.6580909168649417,""score"":57.90454584324709},""R4_rr_potential"":{""value"":4.275127745525571,""score"":100.0},""_score"":79.66},""market"":{""M1_spy_regime"":{""score"":100.0},""M3_earnings_risk"":{""value"":null,""score"":80.0},""M4_vix"":{""value"":null,""score"":60.0},""_score"":84.0},""liquidity"":{""L1_price"":{""value"":39.23,""score"":100.0},""L2_dollar_vol"":{""value"":55489569.06272894,""score"":87.21056760275046},""L3_spread_proxy"":{""value"":0.041804741269436674,""score"":58.195258730563324},""L4_volume_zscore"":{""value"":-1.185937850546656,""score"":100.0},""_score"":90.7},""pattern_structure"":{""left_low"":37.93,""left_idx"":26,""right_low"":38.4,""right_idx"":74,""separation_bars"":48,""structural_low"":37.93,""current_price"":39.365,""neckline_distance_pct"":0.08154451924298237,""base_bars"":48},""pattern_geometry_features"":{""low_similarity_pct"":0.012314948251015298,""bounce_pct"":0.12246243079356718,""right_bottom_reaction"":0.46646341463414653,""atr_pct"":0.0723924838862387},""_schema_version"":""1.0""}",,,,,,,,,,
20260505T210937Z-543da1,2026-05-05T21:09:37.858700+00:00,LSCC,ascending_triangle,candidate,60.75,98.0,48.7,36.0,42.0,73.3,33.8,71.1,84.0,85.3,14.7,13.63,2.88,5.88,8.8,2.71,2.84,5.04,4.26,False,,122.27,127.9462,113.2849,140.8824,"{""trend"":{""T1_ema_stack"":{""value"":[true,true,true],""score"":100.0},""T2_ema50_slope"":{""value"":0.5910949162473388,""score"":100},""T3_high_proximity"":{""value"":0.9737198375408139,""score"":86.85991877040694},""T4_rs_1m"":{""value"":0.15900240566142787,""score"":100},""T5_rs_3m"":{""value"":0.451693674874976,""score"":100},""T6_adr_healthy"":{""value"":4.659153399560216,""score"":100.0},""_score"":98.03},""geometry"":{""sub_flat_top_quality"":33.3,""sub_hl_slope"":79.0,""sub_compression"":0,""sub_duration"":100.0,""_score"":48.69},""compression"":{""VC1_atr_ratio"":{""value"":0.6634110311671293,""score"":84.14724220821768},""VC2_range_contraction"":{""value"":1.1235300643818174,""score"":0},""VC3_range_pct_rank"":{""score"":9.166666666666668},""_score"":35.95},""sr_quality"":{""SR1_touches"":{""value"":2,""score"":25.0},""SR2_tightness"":{""value"":0.634999999999998,""score"":80.14432773250016},""SR3_recency"":{""value"":226,""score"":0.0},""SR4_price_location"":{""score"":30.0},""SR5_reaction"":{""value"":2.6419144530979546,""score"":100},""_score"":42.02,""_levels_found"":6,""_target_level"":108.715},""volume"":{""V1_rvol_day"":{""value"":2.0816620483660717,""score"":100},""V2_rvol_sameslot"":{""value"":2.335434382594664,""score"":100,""status"":""ok""},""V3_breakout_bar"":{""value"":1.123007495429519,""score"":41.533833028634604},""V4_base_dryup"":{""value"":0.8945596910834087,""score"":60.544030891659126},""V5_bo_expansion"":{""value"":2.081662048366072,""score"":72.1108032244048},""_score"":73.31},""readiness"":{""_distance_atr"":0.887,""BR1_atr_distance"":{""score"":40.83739269040257},""BR2_compression"":{""score"":0},""BR3_retest"":{""score"":50.0},""BR4_bo_age"":{""score"":50.0},""_score"":33.83},""risk"":{""R1_stop_clarity"":{""score"":46.05667242161032},""R2_stop_distance_pct"":{""value"":7.348613723726172,""score"":100.0},""R3_stop_distance_atr"":{""value"":1.4047731785380044,""score"":95.23865892690023},""R4_rr_potential"":{""value"":2.0714623573340503,""score"":53.57311786670251},""_score"":71.12},""market"":{""M1_spy_regime"":{""score"":100.0},""M3_earnings_risk"":{""value"":null,""score"":80.0},""M4_vix"":{""value"":null,""score"":60.0},""_score"":84.0},""liquidity"":{""L1_price"":{""value"":122.27,""score"":100.0},""L2_dollar_vol"":{""value"":549555161.9852229,""score"":100.0},""L3_spread_proxy"":{""value"":0.07238079659769359,""score"":27.61920340230641},""L4_volume_zscore"":{""value"":2.252165206913237,""score"":70.0},""_score"":85.26},""pattern_structure"":{""top"":127.9462,""top_touches"":2,""low_slope_per_bar"":0.2727256317689532,""lowest_low"":115.01,""structural_low"":115.01,""current_price"":120.88,""neckline_distance_pct"":0.05845632031767049,""base_bars"":30},""pattern_geometry_features"":{""top_touches"":2.0,""low_slope"":0.2727256317689532,""compression"":-0.2140601733179901,""atr_pct"":0.052311745668251766},""_schema_version"":""1.0""}",,,,,,,,,,
20260505T210937Z-543da1,2026-05-05T21:09:37.858700+00:00,APP,bull_flag,candidate,60.69,60.1,58.2,80.0,36.9,44.5,61.9,73.4,84.0,97.1,8.42,17.47,7.2,3.69,6.24,5.57,2.2,5.04,4.86,False,,478.11,483.55,458.7638,536.85,"{""trend"":{""T1_ema_stack"":{""value"":[true,false,false],""score"":33.33333333333333},""T2_ema50_slope"":{""value"":0.031321343212991105,""score"":55.22022386883185},""T3_high_proximity"":{""value"":0.9243663360593933,""score"":62.183168029696645},""T4_rs_1m"":{""value"":0.06014704211728672,""score"":100},""T5_rs_3m"":{""value"":-0.014316273450730721,""score"":42.84186327463464},""T6_adr_healthy"":{""value"":5.493530911935661,""score"":100.0},""_score"":60.13},""geometry"":{""sub_pole_impulse"":41.1,""sub_flag_tightness"":51.2,""sub_flag_shallowness"":40.6,""sub_flag_drift"":100,""sub_flag_duration"":100.0,""_score"":58.25},""compression"":{""VC1_atr_ratio"":{""value"":0.4140836441931554,""score"":100},""VC2_range_contraction"":{""value"":0.7205883385790479,""score"":46.56861023682535},""VC3_range_pct_rank"":{""score"":95.0},""_score"":80.05},""sr_quality"":{""SR1_touches"":{""value"":2,""score"":25.0},""SR2_tightness"":{""value"":1.3449999999999989,""score"":87.9828824680594},""SR3_recency"":{""value"":231,""score"":0.0},""SR4_price_location"":{""score"":4.640547736782157},""SR5_reaction"":{""value"":4.377983338773903,""score"":100},""_score"":36.86,""_levels_found"":6,""_target_level"":490.645},""volume"":{""V1_rvol_day"":{""value"":0.8198531559996919,""score"":21.323543733312793},""V2_rvol_sameslot"":{""value"":1.190916214924852,""score"":46.061080994990135,""status"":""ok""},""V3_breakout_bar"":{""value"":1.4093247949606678,""score"":60.62165299737785},""V4_base_dryup"":{""value"":0.7045205695955019,""score"":79.54794304044981},""V5_bo_expansion"":{""value"":0.8198531559996918,""score"":0},""_score"":44.54},""readiness"":{""_distance_atr"":0.243,""BR1_atr_distance"":{""score"":83.79848342657822},""BR2_compression"":{""score"":43.60887878869611},""BR3_retest"":{""score"":50.0},""BR4_bo_age"":{""score"":50.0},""_score"":61.92},""risk"":{""R1_stop_clarity"":{""score"":37.58023244794059},""R2_stop_distance_pct"":{""value"":4.046401455731944,""score"":100.0},""R3_stop_distance_atr"":{""value"":0.8642608180383123,""score"":68.21304090191562},""R4_rr_potential"":{""value"":3.0362473347547985,""score"":100.0},""_score"":73.39},""market"":{""M1_spy_regime"":{""score"":100.0},""M3_earnings_risk"":{""value"":null,""score"":80.0},""M4_vix"":{""value"":null,""score"":60.0},""_score"":84.0},""liquidity"":{""L1_price"":{""value"":478.11,""score"":100.0},""L2_dollar_vol"":{""value"":1545068734.5935085,""score"":100.0},""L3_spread_proxy"":{""value"":0.028591746669176583,""score"":71.40825333082341},""L4_volume_zscore"":{""value"":-0.6049307907499339,""score"":100.0},""_score"":97.14},""pattern_structure"":{""pole_low"":430.25,""pole_low_idx"":30,""peak_price"":483.55,""peak_idx"":48,""pole_gain"":0.12388146426496226,""flag_bars"":11,""flag_low"":465.75,""flag_high"":483.29,""structural_low"":465.75,""current_price"":480.57,""neckline_distance_pct"":0.0062009696818361906,""base_bars"":11},""pattern_geometry_features"":{""pole_gain"":0.12388146426496226,""pullback_pct"":0.03681108468617519,""flag_range_pct"":0.03627339468514119,""flag_drift_per_bar"":0.0018111012112510066,""atr_pct"":0.04681921673733181,""pole_atr_multiple"":2.645953369104187},""_schema_version"":""1.0""}",,,,,,,,,,
20260505T210937Z-543da1,2026-05-05T21:09:37.858700+00:00,OMER,double_bottom,candidate,60.67,98.6,64.0,73.9,46.6,4.9,47.8,67.1,84.0,78.3,14.78,16.01,5.91,6.52,0.64,3.82,4.03,5.04,3.91,False,,14.77,15.32,14.0816,16.344,"{""trend"":{""T1_ema_stack"":{""value"":[true,true,true],""score"":100.0},""T2_ema50_slope"":{""value"":0.47757692573130345,""score"":100},""T3_high_proximity"":{""value"":0.9807436918990703,""score"":90.37184594953513},""T4_rs_1m"":{""value"":0.2585112285956337,""score"":100},""T5_rs_3m"":{""value"":0.19991997540785444,""score"":100},""T6_adr_healthy"":{""value"":4.764138605145524,""score"":100.0},""_score"":98.56},""geometry"":{""sub_low_similarity"":44.3,""sub_bounce_quality"":59.5,""sub_separation_fit"":100.0,""sub_right_bottom_reaction"":25.6,""sub_base_context"":100.0,""_score"":64.03},""compression"":{""VC1_atr_ratio"":{""value"":0.412568748234682,""score"":100},""VC2_range_contraction"":{""value"":0.8190846403854454,""score"":30.152559935759104},""VC3_range_pct_rank"":{""score"":93.33333333333333},""_score"":73.89},""sr_quality"":{""SR1_touches"":{""value"":2,""score"":25.0},""SR2_tightness"":{""value"":0.009999999999999787,""score"":97.05539021337911},""SR3_recency"":{""value"":305,""score"":0.0},""SR4_price_location"":{""score"":38.07982740021575},""SR5_reaction"":{""value"":6.5591182996981745,""score"":100},""_score"":46.58,""_levels_found"":9,""_target_level"":17.64},""volume"":{""V1_rvol_day"":{""value"":0.6806645884622424,""score"":12.044305897482827},""V2_rvol_sameslot"":{""value"":0.47226916694599197,""score"":0,""status"":""ok""},""V3_breakout_bar"":{""value"":0.6512579656811628,""score"":10.083864378744185},""V4_base_dryup"":{""value"":1.5714004944092956,""score"":0},""V5_bo_expansion"":{""value"":0.6806645884622421,""score"":0},""_score"":4.93},""readiness"":{""_distance_atr"":0.81,""BR1_atr_distance"":{""score"":46.01548724528243},""BR2_compression"":{""score"":47.56847632960826},""BR3_retest"":{""score"":50.0},""BR4_bo_age"":{""score"":50.0},""_score"":47.8},""risk"":{""R1_stop_clarity"":{""score"":36.85578773570033},""R2_stop_distance_pct"":{""value"":4.661069735951252,""score"":100.0},""R3_stop_distance_atr"":{""value"":1.0135935807506649,""score"":75.67967903753325},""R4_rr_potential"":{""value"":2.286328510836096,""score"":64.31642554180479},""_score"":67.11},""market"":{""M1_spy_regime"":{""score"":100.0},""M3_earnings_risk"":{""value"":null,""score"":80.0},""M4_vix"":{""value"":null,""score"":60.0},""_score"":84.0},""liquidity"":{""L1_price"":{""value"":14.77,""score"":100.0},""L2_dollar_vol"":{""value"":11399736.44472824,""score"":52.844740540844136},""L3_spread_proxy"":{""value"":0.028436018957345967,""score"":71.56398104265404},""L4_volume_zscore"":{""value"":-0.9802090274797695,""score"":100.0},""_score"":78.29},""pattern_structure"":{""left_low"":14.296,""left_idx"":46,""right_low"":14.7,""right_idx"":73,""separation_bars"":27,""structural_low"":14.296,""current_price"":14.79,""neckline_distance_pct"":0.035835023664638345,""base_bars"":27},""pattern_geometry_features"":{""low_similarity_pct"":0.02786591253966064,""bounce_pct"":0.0716284275321769,""right_bottom_reaction"":0.2558139534883792,""atr_pct"":0.04598558854821551},""_schema_version"":""1.0""}",,,,,,,,,,
20260505T210937Z-543da1,2026-05-05T21:09:37.858700+00:00,UUUU,double_bottom,forming,59.64,75.4,66.3,48.3,48.1,31.4,33.2,80.2,84.0,90.8,11.31,16.59,3.87,6.74,4.09,2.66,4.81,5.04,4.54,False,,21.04,23.13,20.0369,25.918,"{""trend"":{""T1_ema_stack"":{""value"":[true,true,true],""score"":100.0},""T2_ema50_slope"":{""value"":0.23545166255579275,""score"":89.24194375929879},""T3_high_proximity"":{""value"":0.9002995293110825,""score"":50.14976465554122},""T4_rs_1m"":{""value"":0.08163169646563873,""score"":100},""T5_rs_3m"":{""value"":-0.1919317783409651,""score"":0},""T6_adr_healthy"":{""value"":7.361645813521872,""score"":100.0},""_score"":75.37},""geometry"":{""sub_low_similarity"":59.3,""sub_bounce_quality"":100,""sub_separation_fit"":0.0,""sub_right_bottom_reaction"":57.1,""sub_base_context"":100.0,""_score"":66.35},""compression"":{""VC1_atr_ratio"":{""value"":0.5383943233369837,""score"":100},""VC2_range_contraction"":{""value"":1.0927512502967602,""score"":0},""VC3_range_pct_rank"":{""score"":33.333333333333336},""_score"":48.33},""sr_quality"":{""SR1_touches"":{""value"":3,""score"":50.0},""SR2_tightness"":{""value"":0.32484531703566244,""score"":59.84092578955214},""SR3_recency"":{""value"":229,""score"":0.0},""SR4_price_location"":{""score"":36.70569103351007},""SR5_reaction"":{""value"":2.469784671355593,""score"":100},""_score"":48.15,""_levels_found"":5,""_target_level"":23.5532},""volume"":{""V1_rvol_day"":{""value"":0.838728024458987,""score"":22.581868297265796},""V2_rvol_sameslot"":{""value"":0.9605104909053149,""score"":30.700699393687664,""status"":""ok""},""V3_breakout_bar"":{""value"":0.81052085874314,""score"":20.701390582875998},""V4_base_dryup"":{""value"":0.7195822440102542,""score"":78.04177559897458},""V5_bo_expansion"":{""value"":0.838728024458987,""score"":0},""_score"":31.44},""readiness"":{""_distance_atr"":1.292,""BR1_atr_distance"":{""score"":13.874429153181964},""BR2_compression"":{""score"":40.80084792906245},""BR3_retest"":{""score"":50.0},""BR4_bo_age"":{""score"":50.0},""_score"":33.25},""risk"":{""R1_stop_clarity"":{""score"":62.278236221306585},""R2_stop_distance_pct"":{""value"":4.76772813688214,""score"":100.0},""R3_stop_distance_atr"":{""value"":0.6200608412696323,""score"":56.003042063481615},""R4_rr_potential"":{""value"":4.862779500164474,""score"":100.0},""_score"":80.2},""market"":{""M1_spy_regime"":{""score"":100.0},""M3_earnings_risk"":{""value"":null,""score"":80.0},""M4_vix"":{""value"":null,""score"":60.0},""_score"":84.0},""liquidity"":{""L1_price"":{""value"":21.04,""score"":100.0},""L2_dollar_vol"":{""value"":174905086.06927264,""score"":100.0},""L3_spread_proxy"":{""value"":0.09173003802281368,""score"":8.269961977186313},""L4_volume_zscore"":{""value"":-0.836545907318081,""score"":100.0},""_score"":90.83},""pattern_structure"":{""left_low"":20.342,""left_idx"":17,""right_low"":20.76,""right_idx"":63,""separation_bars"":46,""structural_low"":20.342,""current_price"":20.895,""neckline_distance_pct"":0.10696338837042352,""base_bars"":46},""pattern_geometry_features"":{""low_similarity_pct"":0.020339642839764624,""bounce_pct"":0.13705633664339792,""right_bottom_reaction"":0.5714285714285668,""atr_pct"":0.07689129549158068},""_schema_version"":""1.0""}",,,,,,,,,,
20260505T210937Z-543da1,2026-05-05T21:09:37.858700+00:00,MRVL,double_bottom,forming,59.12,100.0,64.7,41.5,39.0,12.1,51.1,61.9,84.0,95.0,15.0,16.18,3.32,5.46,1.57,4.08,3.71,5.04,4.75,False,,168.75,170.84,156.1324,183.17,"{""trend"":{""T1_ema_stack"":{""value"":[true,true,true],""score"":100.0},""T2_ema50_slope"":{""value"":1.0376688712710658,""score"":100},""T3_high_proximity"":{""value"":1.0,""score"":99.99999999999997},""T4_rs_1m"":{""value"":0.44255320922786234,""score"":100},""T5_rs_3m"":{""value"":1.1842587934475794,""score"":100},""T6_adr_healthy"":{""value"":4.8512792391268,""score"":100.0},""_score"":100.0},""geometry"":{""sub_low_similarity"":53.2,""sub_bounce_quality"":68.3,""sub_separation_fit"":46.7,""sub_right_bottom_reaction"":54.1,""sub_base_context"":100.0,""_score"":64.74},""compression"":{""VC1_atr_ratio"":{""value"":0.6708884386535463,""score"":82.27789033661342},""VC2_range_contraction"":{""value"":1.0462226496610734,""score"":0},""VC3_range_pct_rank"":{""score"":34.166666666666664},""_score"":41.45},""sr_quality"":{""SR1_touches"":{""value"":2,""score"":25.0},""SR2_tightness"":{""value"":1.0587499999999963,""score"":75.5487005221007},""SR3_recency"":{""value"":248,""score"":0.0},""SR4_price_location"":{""score"":30.0},""SR5_reaction"":{""value"":1.6918162997665798,""score"":84.59081498832899},""_score"":39.02,""_levels_found"":4,""_target_level"":101.7113},""volume"":{""V1_rvol_day"":{""value"":0.7651852266113334,""score"":17.679015107422224},""V2_rvol_sameslot"":{""value"":0.7040554442333997,""score"":13.603696282226649,""status"":""ok""},""V3_breakout_bar"":{""value"":0.7548210791992007,""score"":16.98807194661338},""V4_base_dryup"":{""value"":1.4222522089396663,""score"":7.774779106033364},""V5_bo_expansion"":{""value"":0.7651852266113334,""score"":0},""_score"":12.06},""readiness"":{""_distance_atr"":0.241,""BR1_atr_distance"":{""score"":83.9108332439796},""BR2_compression"":{""score"":0},""BR3_retest"":{""score"":50.0},""BR4_bo_age"":{""score"":50.0},""_score"":51.06},""risk"":{""R1_stop_clarity"":{""score"":45.08936745820337},""R2_stop_distance_pct"":{""value"":7.477125925925924,""score"":100.0},""R3_stop_distance_atr"":{""value"":1.456991446787802,""score"":97.84957233939011},""R4_rr_potential"":{""value"":1.142843556446725,""score"":7.142177822336249},""_score"":61.89},""market"":{""M1_spy_regime"":{""score"":100.0},""M3_earnings_risk"":{""value"":null,""score"":80.0},""M4_vix"":{""value"":null,""score"":60.0},""_score"":84.0},""liquidity"":{""L1_price"":{""value"":168.75,""score"":100.0},""L2_dollar_vol"":{""value"":3626415047.819925,""score"":100.0},""L3_spread_proxy"":{""value"":0.049783703703703594,""score"":50.216296296296406},""L4_volume_zscore"":{""value"":-0.8359217611521255,""score"":100.0},""_score"":95.02},""pattern_structure"":{""left_low"":158.51,""left_idx"":32,""right_low"":162.26,""right_idx"":70,""separation_bars"":38,""structural_low"":158.51,""current_price"":169.54,""neckline_distance_pct"":0.007667807007196009,""base_bars"":38},""pattern_geometry_features"":{""low_similarity_pct"":0.023381238893911527,""bounce_pct"":0.07778689041700848,""right_bottom_reaction"":0.5413223140495842,""atr_pct"":0.051318941798941815},""_schema_version"":""1.0""}",,,,,,,,,,
20260505T210937Z-543da1,2026-05-05T21:09:37.858700+00:00,QCOM,bull_flag,forming,59.03,85.7,65.7,0.2,40.0,45.0,69.4,40.9,84.0,90.0,12.0,19.71,0.02,4.0,6.3,6.24,1.23,5.04,4.5,False,,186.55,186.8899,162.3182,230.1998,"{""trend"":{""T1_ema_stack"":{""value"":[true,true,false],""score"":66.66666666666666},""T2_ema50_slope"":{""value"":0.12136680246828337,""score"":70.22780041138056},""T3_high_proximity"":{""value"":1.0,""score"":99.99999999999997},""T4_rs_1m"":{""value"":0.38533303298788657,""score"":100},""T5_rs_3m"":{""value"":0.21783857089126757,""score"":100},""T6_adr_healthy"":{""value"":4.4295277606352785,""score"":100.0},""_score"":85.71},""geometry"":{""sub_pole_impulse"":100.0,""sub_flag_tightness"":35.5,""sub_flag_shallowness"":21.6,""sub_flag_drift"":100,""sub_flag_duration"":75.0,""_score"":65.69},""compression"":{""VC1_atr_ratio"":{""value"":1.5654393573714174,""score"":0},""VC2_range_contraction"":{""value"":2.939060656557996,""score"":0},""VC3_range_pct_rank"":{""score"":0.8333333333333304},""_score"":0.21},""sr_quality"":{""SR1_touches"":{""value"":2,""score"":25.0},""SR2_tightness"":{""value"":0.5049999999999955,""score"":89.98091129776259},""SR3_recency"":{""value"":303,""score"":0.0},""SR4_price_location"":{""score"":30.0},""SR5_reaction"":{""value"":1.5311349912775813,""score"":76.55674956387907},""_score"":39.98,""_levels_found"":5,""_target_level"":183.945},""volume"":{""V1_rvol_day"":{""value"":1.7254484784663813,""score"":81.6965652310921},""V2_rvol_sameslot"":{""value"":1.6322572954277363,""score"":75.48381969518242,""status"":""ok""},""V3_breakout_bar"":{""value"":0.7668420156884925,""score"":17.789467712566168},""V4_base_dryup"":{""value"":1.4083548352804542,""score"":9.16451647195457},""V5_bo_expansion"":{""value"":1.7254484784663808,""score"":48.36323189775872},""_score"":44.97},""readiness"":{""_distance_atr"":0.034,""BR1_atr_distance"":{""score"":97.7521529703693},""BR2_compression"":{""score"":51.03308578968813},""BR3_retest"":{""score"":50.0},""BR4_bo_age"":{""score"":50.0},""_score"":69.36},""risk"":{""R1_stop_clarity"":{""score"":50.95904077499869},""R2_stop_distance_pct"":{""value"":12.98946663093005,""score"":0.0},""R3_stop_distance_atr"":{""value"":2.403772817517959,""score"":100.0},""R4_rr_potential"":{""value"":1.8013399719790268,""score"":40.06699859895134},""_score"":40.85},""market"":{""M1_spy_regime"":{""score"":100.0},""M3_earnings_risk"":{""value"":null,""score"":80.0},""M4_vix"":{""value"":null,""score"":60.0},""_score"":84.0},""liquidity"":{""L1_price"":{""value"":186.55,""score"":100.0},""L2_dollar_vol"":{""value"":6162608831.633191,""score"":100.0},""L3_spread_proxy"":{""value"":0.12023586169927636,""score"":0},""L4_volume_zscore"":{""value"":0.9491066612750817,""score"":100.0},""_score"":90.0},""pattern_structure"":{""pole_low"":143.58,""pole_low_idx"":13,""peak_price"":186.8899,""peak_idx"":37,""pole_gain"":0.30164298648836885,""flag_bars"":22,""flag_low"":164.79,""flag_high"":186.6,""structural_low"":164.79,""current_price"":185.15,""neckline_distance_pct"":0.009397245476640592,""base_bars"":22},""pattern_geometry_features"":{""pole_gain"":0.30164298648836885,""pullback_pct"":0.11825090601471785,""flag_range_pct"":0.11669972534631352,""flag_drift_per_bar"":0.0009654207760795866,""atr_pct"":0.05403782976605276,""pole_atr_multiple"":5.5820707048058535},""_schema_version"":""1.0""}",,,,,,,,,,
20260505T210937Z-543da1,2026-05-05T21:09:37.858700+00:00,ZETA,cup_with_handle,forming,58.99,64.6,57.6,71.7,56.5,22.7,52.7,79.5,84.0,96.4,9.05,17.27,5.73,6.78,2.95,4.22,3.98,4.2,4.82,False,,17.85,18.77,16.3844,23.055,"{""trend"":{""T1_ema_stack"":{""value"":[true,true,false],""score"":66.66666666666666},""T2_ema50_slope"":{""value"":0.07062289831300377,""score"":61.77048305216729},""T3_high_proximity"":{""value"":0.9355345911949687,""score"":67.76729559748435},""T4_rs_1m"":{""value"":0.030630303380407176,""score"":80.63030338040718},""T5_rs_3m"":{""value"":-0.042320669632689434,""score"":28.839665183655285},""T6_adr_healthy"":{""value"":5.30637813448631,""score"":100.0},""_score"":64.64},""geometry"":{""sub_cup_depth"":100.0,""sub_cup_duration"":28.0,""sub_rim_symmetry"":87.1,""sub_handle_shallowness"":5.2,""sub_handle_proportion"":100.0,""sub_u_shape"":32.7,""_score"":57.56},""compression"":{""VC1_atr_ratio"":{""value"":0.4414271729669558,""score"":100},""VC2_range_contraction"":{""value"":0.8073652972687627,""score"":32.10578378853955},""VC3_range_pct_rank"":{""score"":81.66666666666667},""_score"":71.65},""sr_quality"":{""SR1_touches"":{""value"":4,""score"":75.0},""SR2_tightness"":{""value"":0.08135570047636506,""score"":82.3976168103559},""SR3_recency"":{""value"":231,""score"":0.0},""SR4_price_location"":{""score"":26.54462242562927},""SR5_reaction"":{""value"":2.222077550768089,""score"":100},""_score"":56.5,""_levels_found"":6,""_target_level"":18.6525},""volume"":{""V1_rvol_day"":{""value"":0.9899838930486199,""score"":32.665592869908},""V2_rvol_sameslot"":{""value"":1.1633422401657787,""score"":44.22281601105191,""status"":""ok""},""V3_breakout_bar"":{""value"":0.8649971936465274,""score"":24.333146243101826},""V4_base_dryup"":{""value"":1.4388578131607568,""score"":6.114218683924321},""V5_bo_expansion"":{""value"":0.9899838930486199,""score"":0},""_score"":22.68},""readiness"":{""_distance_atr"":0.995,""BR1_atr_distance"":{""score"":33.64860548738406},""BR2_compression"":{""score"":87.03595635193689},""BR3_retest"":{""score"":50.0},""BR4_bo_age"":{""score"":50.0},""_score"":52.72},""risk"":{""R1_stop_clarity"":{""score"":46.01553178994195},""R2_stop_distance_pct"":{""value"":8.21069187675071,""score"":94.73270308123224},""R3_stop_distance_atr"":{""value"":1.5855190399653847,""score"":100.0},""R4_rr_potential"":{""value"":3.5514259094430685,""score"":100.0},""_score"":79.53},""market"":{""M1_spy_regime"":{""score"":100.0},""M3_earnings_risk"":{""value"":null,""score"":80.0},""M4_vix"":{""value"":null,""score"":60.0},""_score"":84.0},""liquidity"":{""L1_price"":{""value"":17.85,""score"":100.0},""L2_dollar_vol"":{""value"":153971508.31828398,""score"":100.0},""L3_spread_proxy"":{""value"":0.03585434173669471,""score"":64.1456582633053},""L4_volume_zscore"":{""value"":-0.020606113862142433,""score"":100.0},""_score"":96.41},""pattern_structure"":{""left_rim"":18.65,""left_rim_idx"":71,""cup_bottom"":14.365,""cup_bottom_idx"":153,""right_rim"":18.77,""right_rim_idx"":169,""handle_low"":16.6339,""handle_bars"":10,""cup_bars"":98,""structural_low"":16.6339,""current_price"":17.85,""neckline_distance_pct"":0.05154061624649849,""base_bars"":108},""pattern_geometry_features"":{""cup_depth_pct"":0.22975871313672916,""rim_symmetry_pct"":0.006434316353887453,""handle_depth_pct"":0.11380394246137449,""handle_to_cup_ratio"":0.10204081632653061,""cup_duration_bars"":98.0,""atr_pct"":0.05178551420568225,""u_shape_score"":0.16326530612244897},""_schema_version"":""1.0""}",,,,,,,,,,
20260505T210937Z-543da1,2026-05-05T21:09:37.858700+00:00,DDOG,double_bottom,forming,58.89,84.9,58.9,66.6,32.7,22.6,61.2,64.1,84.0,96.2,12.74,14.72,5.33,4.58,2.94,4.9,3.84,5.04,4.81,False,,145.73,150.0,136.9248,160.99,"{""trend"":{""T1_ema_stack"":{""value"":[true,true,false],""score"":66.66666666666666},""T2_ema50_slope"":{""value"":0.11289682493588996,""score"":68.816137489315},""T3_high_proximity"":{""value"":0.9934555866112209,""score"":96.72779330561043},""T4_rs_1m"":{""value"":0.15249933286953898,""score"":100},""T5_rs_3m"":{""value"":0.1682102779090473,""score"":100},""T6_adr_healthy"":{""value"":5.3284378980448395,""score"":100.0},""_score"":84.94},""geometry"":{""sub_low_similarity"":22.5,""sub_bounce_quality"":70.1,""sub_separation_fit"":73.3,""sub_right_bottom_reaction"":47.5,""sub_base_context"":100.0,""_score"":58.89},""compression"":{""VC1_atr_ratio"":{""value"":0.49289165093027065,""score"":100},""VC2_range_contraction"":{""value"":0.801452077414072,""score"":33.091320430988006},""VC3_range_pct_rank"":{""score"":60.0},""_score"":66.58},""sr_quality"":{""SR1_touches"":{""value"":2,""score"":25.0},""SR2_tightness"":{""value"":0.9400000000000119,""score"":71.73691275167751},""SR3_recency"":{""value"":323,""score"":0.0},""SR4_price_location"":{""score"":22.073900777540967},""SR5_reaction"":{""value"":1.1869218791946305,""score"":59.346093959731526},""_score"":32.68,""_levels_found"":7,""_target_level"":151.015},""volume"":{""V1_rvol_day"":{""value"":0.982012329652033,""score"":32.13415531013553},""V2_rvol_sameslot"":{""value"":0.9800282837357831,""score"":32.00188558238554,""status"":""ok""},""V3_breakout_bar"":{""value"":0.7376768539248973,""score"":15.845123594993158},""V4_base_dryup"":{""value"":1.2098077346716973,""score"":29.01922653283026},""V5_bo_expansion"":{""value"":0.982012329652033,""score"":0},""_score"":22.59},""readiness"":{""_distance_atr"":0.642,""BR1_atr_distance"":{""score"":57.20447427293056},""BR2_compression"":{""score"":83.27949689552966},""BR3_retest"":{""score"":50.0},""BR4_bo_age"":{""score"":50.0},""_score"":61.2},""risk"":{""R1_stop_clarity"":{""score"":37.30555704697993},""R2_stop_distance_pct"":{""value"":6.042098401152816,""score"":100.0},""R3_stop_distance_atr"":{""value"":1.3237272483221467,""score"":91.18636241610733},""R4_rr_potential"":{""value"":1.7330766653606156,""score"":36.65383326803078},""_score"":64.07},""market"":{""M1_spy_regime"":{""score"":100.0},""M3_earnings_risk"":{""value"":null,""score"":80.0},""M4_vix"":{""value"":null,""score"":60.0},""_score"":84.0},""liquidity"":{""L1_price"":{""value"":145.73,""score"":100.0},""L2_dollar_vol"":{""value"":719702615.4630979,""score"":100.0},""L3_spread_proxy"":{""value"":0.03774102792836067,""score"":62.25897207163933},""L4_volume_zscore"":{""value"":-0.0654490138954917,""score"":100.0},""_score"":96.23},""pattern_structure"":{""left_low"":139.01,""left_idx"":68,""right_low"":144.5,""right_idx"":74,""separation_bars"":6,""structural_low"":139.01,""current_price"":146.33,""neckline_distance_pct"":0.025080297956673187,""base_bars"":6},""pattern_geometry_features"":{""low_similarity_pct"":0.03872879263518048,""bounce_pct"":0.07905906049924473,""right_bottom_reaction"":0.47545454545454713,""atr_pct"":0.045644587348423235},""_schema_version"":""1.0""}",,,,,,,,,,
20260505T210937Z-543da1,2026-05-05T21:09:37.858700+00:00,COHR,ascending_triangle,forming,58.8,96.8,55.6,57.8,38.4,22.3,58.4,40.9,84.0,93.9,14.53,15.56,4.62,5.37,2.68,4.67,1.63,5.04,4.69,False,,335.73,348.3,293.6186,398.51,"{""trend"":{""T1_ema_stack"":{""value"":[true,true,true],""score"":100.0},""T2_ema50_slope"":{""value"":0.7445406501555922,""score"":100},""T3_high_proximity"":{""value"":0.9579421919137159,""score"":78.97109595685792},""T4_rs_1m"":{""value"":0.22744118566815397,""score"":100},""T5_rs_3m"":{""value"":0.4152613919995465,""score"":100},""T6_adr_healthy"":{""value"":6.545647317393715,""score"":100.0},""_score"":96.85},""geometry"":{""sub_flat_top_quality"":33.3,""sub_hl_slope"":80.5,""sub_compression"":25.7,""sub_duration"":100.0,""_score"":55.56},""compression"":{""VC1_atr_ratio"":{""value"":0.38204334197260925,""score"":100},""VC2_range_contraction"":{""value"":0.9591862618411691,""score"":6.80228969313849},""VC3_range_pct_rank"":{""score"":61.66666666666667},""_score"":57.8},""sr_quality"":{""SR1_touches"":{""value"":2,""score"":25.0},""SR2_tightness"":{""value"":4.920999999999992,""score"":55.83170091931282},""SR3_recency"":{""value"":226,""score"":0.0},""SR4_price_location"":{""score"":30.0},""SR5_reaction"":{""value"":2.2228654644021555,""score"":100},""_score"":38.37,""_levels_found"":6,""_target_level"":286.081},""volume"":{""V1_rvol_day"":{""value"":0.9393458912183391,""score"":29.289726081222607},""V2_rvol_sameslot"":{""value"":0.9593656698859395,""score"":30.624377992395967,""status"":""ok""},""V3_breakout_bar"":{""value"":0.6535252527717833,""score"":10.23501685145222},""V4_base_dryup"":{""value"":1.11229469833825,""score"":38.770530166175},""V5_bo_expansion"":{""value"":0.9393458912183389,""score"":0},""_score"":22.3},""readiness"":{""_distance_atr"":0.564,""BR1_atr_distance"":{""score"":62.39277115462722},""BR2_compression"":{""score"":63.77343171017657},""BR3_retest"":{""score"":50.0},""BR4_bo_age"":{""score"":50.0},""_score"":58.4},""risk"":{""R1_stop_clarity"":{""score"":59.867522029174516},""R2_stop_distance_pct"":{""value"":12.543219253566877,""score"":0.0},""R3_stop_distance_atr"":{""value"":1.8898462725985592,""score"":100.0},""R4_rr_potential"":{""value"":1.490809484853844,""score"":24.540474242692202},""_score"":40.86},""market"":{""M1_spy_regime"":{""score"":100.0},""M3_earnings_risk"":{""value"":null,""score"":80.0},""M4_vix"":{""value"":null,""score"":60.0},""_score"":84.0},""liquidity"":{""L1_price"":{""value"":335.73,""score"":100.0},""L2_dollar_vol"":{""value"":1825627595.4570367,""score"":100.0},""L3_spread_proxy"":{""value"":0.06123968665296518,""score"":38.76031334703482},""L4_volume_zscore"":{""value"":-0.33435404907069716,""score"":100.0},""_score"":93.88},""pattern_structure"":{""top"":348.3,""top_touches"":2,""low_slope_per_bar"":0.7203257638315416,""lowest_low"":298.09,""structural_low"":298.09,""current_price"":336.76,""neckline_distance_pct"":0.03426772775864123,""base_bars"":36},""pattern_geometry_features"":{""top_touches"":2.0,""low_slope"":0.7203257638315416,""compression"":0.1285713812130881,""atr_pct"":0.06637163792333126},""_schema_version"":""1.0""}",,,,,,,,,,
20260505T210937Z-543da1,2026-05-05T21:09:37.858700+00:00,ON,breakout_retest_hold,setup,58.72,99.7,56.1,15.6,37.2,67.5,42.9,61.6,84.0,83.0,13.96,12.34,0.93,5.22,8.78,7.71,3.08,4.2,2.49,False,,102.67,99.01,98.3317,101.2407,"{""trend"":{""T1_ema_stack"":{""value"":[true,true,true],""score"":100.0},""T2_ema50_slope"":{""value"":0.7933294034694982,""score"":100},""T3_high_proximity"":{""value"":0.9965058720760943,""score"":98.25293603804714},""T4_rs_1m"":{""value"":0.5187031012302081,""score"":100},""T5_rs_3m"":{""value"":0.67792165122661,""score"":100},""T6_adr_healthy"":{""value"":4.090231379584576,""score"":100.0},""_score"":99.74},""geometry"":{""sub_retest_depth"":37.0,""sub_retest_timing"":0.0,""sub_retest_freshness"":75.0,""sub_hold_quality"":100.0,""_score"":56.1},""compression"":{""VC1_atr_ratio"":{""value"":0.8463252107713052,""score"":38.4186973071737},""VC2_range_contraction"":{""value"":1.0840464540189934,""score"":0},""VC3_range_pct_rank"":{""score"":0.8333333333333304},""_score"":15.58},""sr_quality"":{""SR1_touches"":{""value"":2,""score"":25.0},""SR2_tightness"":{""value"":0.8300000000000054,""score"":68.00374482848801},""SR3_recency"":{""value"":269,""score"":0.0},""SR4_price_location"":{""score"":30.0},""SR5_reaction"":{""value"":1.6070408282679487,""score"":80.35204141339743},""_score"":37.25,""_levels_found"":4,""_target_level"":72.93},""volume"":{""V1_rvol_day"":{""value"":1.8859668732985815,""score"":92.39779155323876},""V2_rvol_sameslot"":{""value"":2.3991138983103943,""score"":100,""status"":""ok""},""V3_breakout_bar"":{""value"":1.196390995499106,""score"":46.426066366607074},""V4_base_dryup"":{""value"":1.0719088751832735,""score"":42.80911248167265},""V5_bo_expansion"":{""value"":1.885966873298582,""score"":59.06445821990546},""_score"":67.51},""readiness"":{""_distance_atr"":-0.705,""BR1_atr_distance"":{""score"":45.890807960514095},""BR2_compression"":{""score"":0},""BR3_retest"":{""score"":100},""BR4_bo_age"":{""score"":30.0},""_score"":42.86},""risk"":{""R1_stop_clarity"":{""score"":61.71050548300702},""R2_stop_distance_pct"":{""value"":4.225430992500245,""score"":100.0},""R3_stop_distance_atr"":{""value"":0.8361912891434399,""score"":66.80956445717199},""R4_rr_potential"":{""value"":-0.32946135291550993,""score"":0.0},""_score"":61.62},""market"":{""M1_spy_regime"":{""score"":100.0},""M3_earnings_risk"":{""value"":null,""score"":80.0},""M4_vix"":{""value"":null,""score"":60.0},""_score"":84.0},""liquidity"":{""L1_price"":{""value"":102.67,""score"":100.0},""L2_dollar_vol"":{""value"":2287846137.005786,""score"":100.0},""L3_spread_proxy"":{""value"":0.09476965033602809,""score"":5.230349663971907},""L4_volume_zscore"":{""value"":2.1333283795997193,""score"":70.0},""_score"":83.02},""pattern_structure"":{""level"":99.01,""level_idx"":43,""breakout_idx"":50,""bo_peak_idx"":75,""bo_peak_price"":105.81,""retest_idx"":79,""retest_low"":99.325,""structural_low"":99.325,""current_price"":100.295,""neckline_distance_pct"":-0.012812203998205261,""base_bars"":36,""bars_since_breakout"":29},""pattern_geometry_features"":{""retest_depth_atr"":-0.14121037463976843,""bars_breakout_to_retest"":29.0,""bars_since_retest"":0.0,""current_above_level_atr"":0.5760486711495342,""bo_peak_excess_pct"":0.06867993132006865,""atr_pct"":0.050531870486579734},""_schema_version"":""1.0""}",,,,,,,,,,
20260505T210937Z-543da1,2026-05-05T21:09:37.858700+00:00,MKSI,ascending_triangle,absent,58.7,99.0,39.8,45.6,51.8,51.5,49.9,47.5,84.0,93.8,14.85,11.16,3.65,7.25,6.18,3.99,1.9,5.04,4.69,False,,287.65,298.0,257.3116,334.77,"{""trend"":{""T1_ema_stack"":{""value"":[true,true,true],""score"":100.0},""T2_ema50_slope"":{""value"":0.48899776754130164,""score"":100},""T3_high_proximity"":{""value"":0.9866909065962337,""score"":93.34545329811684},""T4_rs_1m"":{""value"":0.1154135571734316,""score"":100},""T5_rs_3m"":{""value"":0.20328313883333426,""score"":100},""T6_adr_healthy"":{""value"":4.590477087284914,""score"":100.0},""_score"":99.0},""geometry"":{""sub_flat_top_quality"":33.3,""sub_hl_slope"":49.5,""sub_compression"":0,""sub_duration"":100.0,""_score"":39.84},""compression"":{""VC1_atr_ratio"":{""value"":0.46358544494544024,""score"":100},""VC2_range_contraction"":{""value"":1.1873135830620378,""score"":0},""VC3_range_pct_rank"":{""score"":22.499999999999996},""_score"":45.62},""sr_quality"":{""SR1_touches"":{""value"":4,""score"":75.0},""SR2_tightness"":{""value"":3.5844531922596055,""score"":50.47754206041055},""SR3_recency"":{""value"":225,""score"":0.0},""SR4_price_location"":{""score"":30.0},""SR5_reaction"":{""value"":1.9000320726321773,""score"":95.00160363160887},""_score"":51.82,""_levels_found"":4,""_target_level"":264.9688},""volume"":{""V1_rvol_day"":{""value"":1.3474173772378655,""score"":56.49449181585769},""V2_rvol_sameslot"":{""value"":1.4488021667720719,""score"":63.25347778480479,""status"":""ok""},""V3_breakout_bar"":{""value"":0.8980817579044544,""score"":26.53878386029696},""V4_base_dryup"":{""value"":0.6300035157025509,""score"":86.99964842974491},""V5_bo_expansion"":{""value"":1.3474173772378653,""score"":23.16115848252435},""_score"":51.46},""readiness"":{""_distance_atr"":0.715,""BR1_atr_distance"":{""score"":52.33513433498619},""BR2_compression"":{""score"":45.66246511462509},""BR3_retest"":{""score"":50.0},""BR4_bo_age"":{""score"":50.0},""_score"":49.85},""risk"":{""R1_stop_clarity"":{""score"":45.86307453186282},""R2_stop_distance_pct"":{""value"":10.547001564401171,""score"":36.324960889970725},""R3_stop_distance_atr"":{""value"":2.095765425702512,""score"":100.0},""R4_rr_potential"":{""value"":1.5531446069261963,""score"":27.657230346309813},""_score"":47.48},""market"":{""M1_spy_regime"":{""score"":100.0},""M3_earnings_risk"":{""value"":null,""score"":80.0},""M4_vix"":{""value"":null,""score"":60.0},""_score"":84.0},""liquidity"":{""L1_price"":{""value"":287.65,""score"":100.0},""L2_dollar_vol"":{""value"":441542754.1899099,""score"":100.0},""L3_spread_proxy"":{""value"":0.061950286806883345,""score"":38.04971319311665},""L4_volume_zscore"":{""value"":1.0653622311222553,""score"":100.0},""_score"":93.8},""pattern_structure"":{""top"":298.0,""top_touches"":2,""low_slope_per_bar"":0.3875605924596076,""lowest_low"":261.23,""structural_low"":261.23,""current_price"":284.2,""neckline_distance_pct"":0.04855735397607323,""base_bars"":36},""pattern_geometry_features"":{""top_touches"":2.0,""low_slope"":0.3875605924596076,""compression"":-0.14630966557570835,""atr_pct"":0.05032529611879516},""_schema_version"":""1.0""}",,,,,,,,,,
20260505T210937Z-543da1,2026-05-05T21:09:37.858700+00:00,COHR,high_tight_pullback,forming,58.65,96.8,54.8,57.8,38.4,23.1,58.4,79.3,84.0,93.9,11.62,19.16,5.78,3.07,3.23,5.26,0.79,5.04,4.69,False,,335.73,348.3,318.4702,405.598,"{""trend"":{""T1_ema_stack"":{""value"":[true,true,true],""score"":100.0},""T2_ema50_slope"":{""value"":0.7445406501555922,""score"":100},""T3_high_proximity"":{""value"":0.9579421919137159,""score"":78.97109595685792},""T4_rs_1m"":{""value"":0.22744118566815397,""score"":100},""T5_rs_3m"":{""value"":0.4152613919995465,""score"":100},""T6_adr_healthy"":{""value"":6.545647317393715,""score"":100.0},""_score"":96.85},""geometry"":{""sub_pole_impulse"":49.2,""sub_flag_tightness"":46.2,""sub_flag_shallowness"":27.2,""sub_flag_drift"":100,""sub_flag_duration"":80.0,""_score"":54.75},""compression"":{""VC1_atr_ratio"":{""value"":0.38204334197260925,""score"":100},""VC2_range_contraction"":{""value"":0.9591862618411691,""score"":6.80228969313849},""VC3_range_pct_rank"":{""score"":61.66666666666667},""_score"":57.8},""sr_quality"":{""SR1_touches"":{""value"":2,""score"":25.0},""SR2_tightness"":{""value"":4.920999999999992,""score"":55.83170091931282},""SR3_recency"":{""value"":226,""score"":0.0},""SR4_price_location"":{""score"":30.0},""SR5_reaction"":{""value"":2.2228654644021555,""score"":100},""_score"":38.37,""_levels_found"":6,""_target_level"":286.081},""volume"":{""V1_rvol_day"":{""value"":0.9393458912183391,""score"":29.289726081222607},""V2_rvol_sameslot"":{""value"":0.9593656698859395,""score"":30.624377992395967,""status"":""ok""},""V3_breakout_bar"":{""value"":0.6535252527717833,""score"":10.23501685145222},""V4_base_dryup"":{""value"":1.0718580769221964,""score"":42.81419230778036},""V5_bo_expansion"":{""value"":0.9393458912183389,""score"":0},""_score"":23.1},""readiness"":{""_distance_atr"":0.564,""BR1_atr_distance"":{""score"":62.39277115462722},""BR2_compression"":{""score"":63.77343171017657},""BR3_retest"":{""score"":50.0},""BR4_bo_age"":{""score"":50.0},""_score"":58.4},""risk"":{""R1_stop_clarity"":{""score"":56.470754545515604},""R2_stop_distance_pct"":{""value"":5.140976379829041,""score"":100.0},""R3_stop_distance_atr"":{""value"":0.7745742821305096,""score"":63.72871410652547},""R4_rr_potential"":{""value"":4.048019096397399,""score"":100.0},""_score"":79.32},""market"":{""M1_spy_regime"":{""score"":100.0},""M3_earnings_risk"":{""value"":null,""score"":80.0},""M4_vix"":{""value"":null,""score"":60.0},""_score"":84.0},""liquidity"":{""L1_price"":{""value"":335.73,""score"":100.0},""L2_dollar_vol"":{""value"":1825627595.4570367,""score"":100.0},""L3_spread_proxy"":{""value"":0.06123968665296518,""score"":38.76031334703482},""L4_volume_zscore"":{""value"":-0.33435404907069716,""score"":100.0},""_score"":93.88},""pattern_structure"":{""pole_low"":291.002,""pole_low_idx"":25,""peak_price"":348.3,""peak_idx"":48,""pole_gain"":0.19689899038494582,""flag_bars"":11,""flag_low"":323.32,""flag_high"":345.44,""structural_low"":323.32,""current_price"":336.76,""neckline_distance_pct"":0.03426772775864123,""base_bars"":11},""pattern_geometry_features"":{""pole_gain"":0.19689899038494582,""pullback_pct"":0.07171978179730122,""flag_range_pct"":0.06350846971002011,""flag_drift_per_bar"":0.003979634808711922,""atr_pct"":0.06637163792333126,""pole_atr_multiple"":2.966613399120756},""_schema_version"":""1.0""}",,,,,,,,,,
20260505T210937Z-543da1,2026-05-05T21:09:37.858700+00:00,LEU,double_bottom,forming,58.64,34.8,68.2,52.7,68.1,31.0,59.5,67.7,84.0,94.8,5.22,17.04,4.21,9.54,4.03,4.76,4.06,5.04,4.74,True,reversal_trend_cap,206.04,210.81,198.8321,219.76,"{""trend"":{""T1_ema_stack"":{""value"":[true,false,false],""score"":33.33333333333333},""T2_ema50_slope"":{""value"":-0.10242754389837402,""score"":32.92874268360433},""T3_high_proximity"":{""value"":0.7458731537793223,""score"":0},""T4_rs_1m"":{""value"":0.02424829323176292,""score"":74.24829323176291},""T5_rs_3m"":{""value"":-0.3150329887880321,""score"":0},""T6_adr_healthy"":{""value"":6.675998084819447,""score"":100.0},""_score"":34.77},""geometry"":{""sub_low_similarity"":98.6,""sub_bounce_quality"":20.5,""sub_separation_fit"":100.0,""sub_right_bottom_reaction"":89.9,""sub_base_context"":30.0,""_score"":68.16},""compression"":{""VC1_atr_ratio"":{""value"":0.6753448244423874,""score"":81.16379388940315},""VC2_range_contraction"":{""value"":1.1380259830557584,""score"":0},""VC3_range_pct_rank"":{""score"":80.83333333333333},""_score"":52.67},""sr_quality"":{""SR1_touches"":{""value"":5,""score"":100},""SR2_tightness"":{""value"":4.098243953695287,""score"":47.85188556515737},""SR3_recency"":{""value"":234,""score"":0.0},""SR4_price_location"":{""score"":63.71312228720125},""SR5_reaction"":{""value"":2.2928191543750254,""score"":100},""_score"":68.11,""_levels_found"":7,""_target_level"":216.5821},""volume"":{""V1_rvol_day"":{""value"":1.0001416277515365,""score"":33.34277518343576},""V2_rvol_sameslot"":{""value"":1.2245660983435105,""score"":48.30440655623403,""status"":""ok""},""V3_breakout_bar"":{""value"":0.9347339818990833,""score"":28.982265459938887},""V4_base_dryup"":{""value"":1.1302681898970024,""score"":36.97318101029976},""V5_bo_expansion"":{""value"":1.0001416277515365,""score"":0.009441850102431815},""_score"":30.97},""readiness"":{""_distance_atr"":0.303,""BR1_atr_distance"":{""score"":79.76804141280144},""BR2_compression"":{""score"":40.442685633896325},""BR3_retest"":{""score"":50.0},""BR4_bo_age"":{""score"":50.0},""_score"":59.52},""risk"":{""R1_stop_clarity"":{""score"":61.47147961875552},""R2_stop_distance_pct"":{""value"":3.4983013007183046,""score"":100.0},""R3_stop_distance_atr"":{""value"":0.4585846990587047,""score"":47.92923495293524},""R4_rr_potential"":{""value"":1.9034670292318163,""score"":45.17335146159082},""_score"":67.74},""market"":{""M1_spy_regime"":{""score"":100.0},""M3_earnings_risk"":{""value"":null,""score"":80.0},""M4_vix"":{""value"":null,""score"":60.0},""_score"":84.0},""liquidity"":{""L1_price"":{""value"":206.04,""score"":100.0},""L2_dollar_vol"":{""value"":186251810.74822077,""score"":100.0},""L3_spread_proxy"":{""value"":0.05173752669384584,""score"":48.262473306154156},""L4_volume_zscore"":{""value"":0.0004019959728750544,""score"":100.0},""_score"":94.83},""pattern_structure"":{""left_low"":201.86,""left_idx"":45,""right_low"":202.0,""right_idx"":68,""separation_bars"":23,""structural_low"":201.86,""current_price"":203.195,""neckline_distance_pct"":0.03747631585422874,""base_bars"":23},""pattern_geometry_features"":{""low_similarity_pct"":0.0006933095627196867,""bounce_pct"":0.044337659764192947,""right_bottom_reaction"":0.8991666666666683,""atr_pct"":0.07628473666694399},""_schema_version"":""1.0""}",,,,,,,,,,
20260505T210937Z-543da1,2026-05-05T21:09:37.858700+00:00,ATI,bull_flag,forming,58.61,73.3,56.5,56.7,47.7,27.3,62.7,72.0,84.0,97.4,10.26,16.93,5.1,4.77,3.82,5.64,2.16,5.04,4.87,False,,155.35,158.31,150.0845,174.27,"{""trend"":{""T1_ema_stack"":{""value"":[true,true,true],""score"":100.0},""T2_ema50_slope"":{""value"":0.23906474919846288,""score"":89.84412486641048},""T3_high_proximity"":{""value"":0.933481552697993,""score"":66.7407763489965},""T4_rs_1m"":{""value"":-0.04845602335131649,""score"":1.5439766486835111},""T5_rs_3m"":{""value"":0.16079958690934681,""score"":100},""T6_adr_healthy"":{""value"":4.021759488679764,""score"":100.0},""_score"":73.29},""geometry"":{""sub_pole_impulse"":35.7,""sub_flag_tightness"":56.5,""sub_flag_shallowness"":33.1,""sub_flag_drift"":100,""sub_flag_duration"":100.0,""_score"":56.45},""compression"":{""VC1_atr_ratio"":{""value"":0.34282498760183555,""score"":100},""VC2_range_contraction"":{""value"":1.3644257942058886,""score"":0},""VC3_range_pct_rank"":{""score"":66.66666666666667},""_score"":56.67},""sr_quality"":{""SR1_touches"":{""value"":4,""score"":75.0},""SR2_tightness"":{""value"":2.0580389189408037,""score"":42.59860351177214},""SR3_recency"":{""value"":231,""score"":0.0},""SR4_price_location"":{""score"":15.386480726825885},""SR5_reaction"":{""value"":2.519237033281304,""score"":100},""_score"":47.74,""_levels_found"":7,""_target_level"":165.6434},""volume"":{""V1_rvol_day"":{""value"":0.7253055857470415,""score"":15.020372383136102},""V2_rvol_sameslot"":{""value"":0.6804571121173421,""score"":12.030474141156137,""status"":""ok""},""V3_breakout_bar"":{""value"":1.0183505625385003,""score"":34.556704169233356},""V4_base_dryup"":{""value"":0.8370963167795388,""score"":66.29036832204612},""V5_bo_expansion"":{""value"":0.7253055857470417,""score"":0},""_score"":27.31},""readiness"":{""_distance_atr"":0.413,""BR1_atr_distance"":{""score"":72.48057652660907},""BR2_compression"":{""score"":64.88011302217545},""BR3_retest"":{""score"":50.0},""BR4_bo_age"":{""score"":50.0},""_score"":62.71},""risk"":{""R1_stop_clarity"":{""score"":36.25302197336978},""R2_stop_distance_pct"":{""value"":3.389475378178301,""score"":100.0},""R3_stop_distance_atr"":{""value"":0.7343153729914507,""score"":61.71576864957253},""R4_rr_potential"":{""value"":3.5931669056413957,""score"":100.0},""_score"":71.95},""market"":{""M1_spy_regime"":{""score"":100.0},""M3_earnings_risk"":{""value"":null,""score"":80.0},""M4_vix"":{""value"":null,""score"":60.0},""_score"":84.0},""liquidity"":{""L1_price"":{""value"":155.35,""score"":100.0},""L2_dollar_vol"":{""value"":196914998.7147265,""score"":100.0},""L3_spread_proxy"":{""value"":0.02574831026713872,""score"":74.25168973286128},""L4_volume_zscore"":{""value"":-0.7811019159471048,""score"":100.0},""_score"":97.43},""pattern_structure"":{""pole_low"":142.35,""pole_low_idx"":33,""peak_price"":158.31,""peak_idx"":42,""pole_gain"":0.1121180189673341,""flag_bars"":17,""flag_low"":152.37,""flag_high"":157.0,""structural_low"":152.37,""current_price"":153.74,""neckline_distance_pct"":0.02972551060231555,""base_bars"":17},""pattern_geometry_features"":{""pole_gain"":0.1121180189673341,""pullback_pct"":0.0375213189312109,""flag_range_pct"":0.029246415261196358,""flag_drift_per_bar"":0.00036756256424776737,""atr_pct"":0.046158306129017446,""pole_atr_multiple"":2.428989024292879},""_schema_version"":""1.0""}",,,,,,,,,,
20260505T210937Z-543da1,2026-05-05T21:09:37.858700+00:00,LUNR,double_bottom,forming,58.49,63.9,67.7,53.0,60.8,13.2,37.6,82.6,84.0,90.0,9.58,16.93,4.24,8.52,1.72,3.01,4.95,5.04,4.5,False,,24.8,27.08,23.4923,30.31,"{""trend"":{""T1_ema_stack"":{""value"":[false,true,true],""score"":66.66666666666666},""T2_ema50_slope"":{""value"":0.8776988072962224,""score"":100},""T3_high_proximity"":{""value"":0.8283233132932531,""score"":14.161656646626552},""T4_rs_1m"":{""value"":-0.016377521874336054,""score"":33.622478125663946},""T5_rs_3m"":{""value"":0.21500387455458303,""score"":100},""T6_adr_healthy"":{""value"":9.326836379492608,""score"":66.8290905126848},""_score"":63.86},""geometry"":{""sub_low_similarity"":34.8,""sub_bounce_quality"":100,""sub_separation_fit"":80.0,""sub_right_bottom_reaction"":35.3,""sub_base_context"":100.0,""_score"":67.73},""compression"":{""VC1_atr_ratio"":{""value"":0.41676611115054824,""score"":100},""VC2_range_contraction"":{""value"":0.8387932838433427,""score"":26.867786026109545},""VC3_range_pct_rank"":{""score"":14.166666666666671},""_score"":52.95},""sr_quality"":{""SR1_touches"":{""value"":5,""score"":100},""SR2_tightness"":{""value"":0.5466113793180681,""score"":55.55321050885907},""SR3_recency"":{""value"":225,""score"":0.0},""SR4_price_location"":{""score"":30.0},""SR5_reaction"":{""value"":2.37079167235376,""score"":100},""_score"":60.83,""_levels_found"":5,""_target_level"":22.449},""volume"":{""V1_rvol_day"":{""value"":1.013604354893258,""score"":34.240290326217206},""V2_rvol_sameslot"":{""value"":0.7807939208889926,""score"":18.71959472593284,""status"":""ok""},""V3_breakout_bar"":{""value"":0.6511006043843813,""score"":10.073373625625422},""V4_base_dryup"":{""value"":1.6094700992766058,""score"":0},""V5_bo_expansion"":{""value"":1.013604354893258,""score"":0.9069569928838709},""_score"":13.25},""readiness"":{""_distance_atr"":0.927,""BR1_atr_distance"":{""score"":38.20187194893529},""BR2_compression"":{""score"":19.461299105108132},""BR3_retest"":{""score"":50.0},""BR4_bo_age"":{""score"":50.0},""_score"":37.65},""risk"":{""R1_stop_clarity"":{""score"":70.91015748648897},""R2_stop_distance_pct"":{""value"":5.273185483870963,""score"":100.0},""R3_stop_distance_atr"":{""value"":0.5316875128867097,""score"":51.58437564433549},""R4_rr_potential"":{""value"":4.213343528961958,""score"":100.0},""_score"":82.56},""market"":{""M1_spy_regime"":{""score"":100.0},""M3_earnings_risk"":{""value"":null,""score"":80.0},""M4_vix"":{""value"":null,""score"":60.0},""_score"":84.0},""liquidity"":{""L1_price"":{""value"":24.8,""score"":100.0},""L2_dollar_vol"":{""value"":345627177.8783432,""score"":100.0},""L3_spread_proxy"":{""value"":0.1346774193548387,""score"":0},""L4_volume_zscore"":{""value"":0.043886675110476704,""score"":100.0},""_score"":90.0},""pattern_structure"":{""left_low"":24.64,""left_idx"":41,""right_low"":23.85,""right_idx"":74,""separation_bars"":33,""structural_low"":23.85,""current_price"":24.71,""neckline_distance_pct"":0.09591258599757173,""base_bars"":33},""pattern_geometry_features"":{""low_similarity_pct"":0.0325840379459682,""bounce_pct"":0.1354297693920334,""right_bottom_reaction"":0.35294117647058765,""atr_pct"":0.09917828341013823},""_schema_version"":""1.0""}",,,,,,,,,,
20260505T210937Z-543da1,2026-05-05T21:09:37.858700+00:00,PL,breakout_retest_hold,setup,58.37,76.8,47.4,60.7,54.8,21.8,71.8,64.4,84.0,90.6,10.75,10.42,3.64,7.67,2.83,12.92,3.22,4.2,2.72,False,,37.13,35.7834,35.5905,36.8679,"{""trend"":{""T1_ema_stack"":{""value"":[true,true,true],""score"":100.0},""T2_ema50_slope"":{""value"":0.7174977654054386,""score"":100},""T3_high_proximity"":{""value"":0.9308097267485586,""score"":65.40486337427926},""T4_rs_1m"":{""value"":-0.03815066970409764,""score"":11.849330295902362},""T5_rs_3m"":{""value"":0.5006561396530214,""score"":100},""T6_adr_healthy"":{""value"":8.343990844335112,""score"":91.4002288916222},""_score"":76.75},""geometry"":{""sub_retest_depth"":35.2,""sub_retest_timing"":0.0,""sub_retest_freshness"":100.0,""sub_hold_quality"":56.0,""_score"":47.36},""compression"":{""VC1_atr_ratio"":{""value"":0.4088673957824938,""score"":100},""VC2_range_contraction"":{""value"":0.7910360979234656,""score"":34.827317012755735},""VC3_range_pct_rank"":{""score"":34.166666666666664},""_score"":60.73},""sr_quality"":{""SR1_touches"":{""value"":2,""score"":25.0},""SR2_tightness"":{""value"":0.5800000000000018,""score"":63.07446044146925},""SR3_recency"":{""value"":240,""score"":0.0},""SR4_price_location"":{""score"":91.44919109347755},""SR5_reaction"":{""value"":2.7208711153150045,""score"":100},""_score"":54.82,""_levels_found"":6,""_target_level"":37.63},""volume"":{""V1_rvol_day"":{""value"":0.7663491375383119,""score"":17.756609169220795},""V2_rvol_sameslot"":{""value"":1.2454301379522255,""score"":49.69534253014836,""status"":""ok""},""V3_breakout_bar"":{""value"":0.9832799779642029,""score"":32.218665197613525},""V4_base_dryup"":{""value"":1.4882796585999218,""score"":1.1720341400078098},""V5_bo_expansion"":{""value"":0.7663491375383117,""score"":0},""_score"":21.78},""readiness"":{""_distance_atr"":-0.429,""BR1_atr_distance"":{""score"":100.0},""BR2_compression"":{""score"":29.128111598772804},""BR3_retest"":{""score"":100},""BR4_bo_age"":{""score"":30.0},""_score"":71.78},""risk"":{""R1_stop_clarity"":{""score"":77.11253194604888},""R2_stop_distance_pct"":{""value"":4.1462429302450765,""score"":100.0},""R3_stop_distance_atr"":{""value"":0.4900592081927395,""score"":49.50296040963698},""R4_rr_potential"":{""value"":-0.1702640003711813,""score"":0.0},""_score"":64.41},""market"":{""M1_spy_regime"":{""score"":100.0},""M3_earnings_risk"":{""value"":null,""score"":80.0},""M4_vix"":{""value"":null,""score"":60.0},""_score"":84.0},""liquidity"":{""L1_price"":{""value"":37.13,""score"":100.0},""L2_dollar_vol"":{""value"":307605844.25783676,""score"":100.0},""L3_spread_proxy"":{""value"":0.0937247508753029,""score"":6.275249124697112},""L4_volume_zscore"":{""value"":-0.7493473037279262,""score"":100.0},""_score"":90.63},""pattern_structure"":{""level"":35.7834,""level_idx"":43,""breakout_idx"":57,""bo_peak_idx"":74,""bo_peak_price"":39.43,""retest_idx"":78,""retest_low"":35.95,""structural_low"":35.95,""current_price"":37.25,""neckline_distance_pct"":-0.0393718120805369,""base_bars"":36,""bars_since_breakout"":22},""pattern_geometry_features"":{""retest_depth_atr"":-0.15362221475758825,""bars_breakout_to_retest"":21.0,""bars_since_retest"":1.0,""current_above_level_atr"":1.3523549829740422,""bo_peak_excess_pct"":0.10190758843486084,""atr_pct"":0.08460697933900194},""_schema_version"":""1.0""}",,,,,,,,,,
20260505T210937Z-543da1,2026-05-05T21:09:37.858700+00:00,TSEM,double_bottom,setup,58.25,99.7,55.8,55.4,43.6,11.2,67.6,35.7,84.0,95.0,14.96,13.96,4.43,6.11,1.46,5.41,2.14,5.04,4.75,False,,225.53,223.57,198.4728,245.6448,"{""trend"":{""T1_ema_stack"":{""value"":[true,true,true],""score"":100.0},""T2_ema50_slope"":{""value"":0.7701791022966085,""score"":100},""T3_high_proximity"":{""value"":0.9959372930006625,""score"":97.96864650033122},""T4_rs_1m"":{""value"":0.08741223113007668,""score"":100},""T5_rs_3m"":{""value"":0.6037887350527726,""score"":100},""T6_adr_healthy"":{""value"":6.342624519399368,""score"":100.0},""_score"":99.7},""geometry"":{""sub_low_similarity"":33.5,""sub_bounce_quality"":100,""sub_separation_fit"":0.0,""sub_right_bottom_reaction"":38.6,""sub_base_context"":100.0,""_score"":55.84},""compression"":{""VC1_atr_ratio"":{""value"":0.5184697305363594,""score"":100},""VC2_range_contraction"":{""value"":0.9927224893635372,""score"":1.2129184394104597},""VC3_range_pct_rank"":{""score"":60.0},""_score"":55.42},""sr_quality"":{""SR1_touches"":{""value"":2,""score"":25.0},""SR2_tightness"":{""value"":0.6655499999999961,""score"":90.97761178854905},""SR3_recency"":{""value"":236,""score"":0.0},""SR4_price_location"":{""score"":30.0},""SR5_reaction"":{""value"":2.5126209051534234,""score"":100},""_score"":43.65,""_levels_found"":6,""_target_level"":196.0256},""volume"":{""V1_rvol_day"":{""value"":0.6776829806617722,""score"":11.84553204411815},""V2_rvol_sameslot"":{""value"":0.701699049459266,""score"":13.446603297284398,""status"":""ok""},""V3_breakout_bar"":{""value"":0.8684669676570204,""score"":24.564464510468024},""V4_base_dryup"":{""value"":1.616614546259299,""score"":0},""V5_bo_expansion"":{""value"":0.6776829806617721,""score"":0},""_score"":11.2},""readiness"":{""_distance_atr"":-0.133,""BR1_atr_distance"":{""score"":100.0},""BR2_compression"":{""score"":40.395883739325456},""BR3_retest"":{""score"":50.0},""BR4_bo_age"":{""score"":50.0},""_score"":67.6},""risk"":{""R1_stop_clarity"":{""score"":59.02709224376931},""R2_stop_distance_pct"":{""value"":11.997174655256499,""score"":0.07063361858752337},""R3_stop_distance_atr"":{""value"":1.8339780252553655,""score"":100.0},""R4_rr_potential"":{""value"":0.7434168792161557,""score"":0.0},""_score"":35.68},""market"":{""M1_spy_regime"":{""score"":100.0},""M3_earnings_risk"":{""value"":null,""score"":80.0},""M4_vix"":{""value"":null,""score"":60.0},""_score"":84.0},""liquidity"":{""L1_price"":{""value"":225.53,""score"":100.0},""L2_dollar_vol"":{""value"":379642303.52293164,""score"":100.0},""L3_spread_proxy"":{""value"":0.050503258989934886,""score"":49.496741010065115},""L4_volume_zscore"":{""value"":-1.0898611104451008,""score"":100.0},""_score"":94.95},""pattern_structure"":{""left_low"":201.4952,""left_idx"":20,""right_low"":208.31,""right_idx"":69,""separation_bars"":49,""structural_low"":201.4952,""current_price"":225.94,""neckline_distance_pct"":-0.010489510489510509,""base_bars"":49},""pattern_geometry_features"":{""low_similarity_pct"":0.03325872878138194,""bounce_pct"":0.1095549670662129,""right_bottom_reaction"":0.3859275053304911,""atr_pct"":0.06541613089167737},""_schema_version"":""1.0""}",,,,,,,,,,
20260505T210937Z-543da1,2026-05-05T21:09:37.858700+00:00,QCOM,double_bottom,setup,58.16,85.7,74.4,0.2,40.0,43.1,49.5,32.8,84.0,90.0,12.86,18.61,0.02,5.6,5.61,3.96,1.97,5.04,4.5,False,,186.55,180.49,162.3182,196.19,"{""trend"":{""T1_ema_stack"":{""value"":[true,true,false],""score"":66.66666666666666},""T2_ema50_slope"":{""value"":0.12136680246828337,""score"":70.22780041138056},""T3_high_proximity"":{""value"":1.0,""score"":99.99999999999997},""T4_rs_1m"":{""value"":0.38533303298788657,""score"":100},""T5_rs_3m"":{""value"":0.21783857089126757,""score"":100},""T6_adr_healthy"":{""value"":4.4295277606352785,""score"":100.0},""_score"":85.71},""geometry"":{""sub_low_similarity"":24.3,""sub_bounce_quality"":93.2,""sub_separation_fit"":100.0,""sub_right_bottom_reaction"":90.1,""sub_base_context"":100.0,""_score"":74.44},""compression"":{""VC1_atr_ratio"":{""value"":1.5654393573714174,""score"":0},""VC2_range_contraction"":{""value"":2.939060656557996,""score"":0},""VC3_range_pct_rank"":{""score"":0.8333333333333304},""_score"":0.21},""sr_quality"":{""SR1_touches"":{""value"":2,""score"":25.0},""SR2_tightness"":{""value"":0.5049999999999955,""score"":89.98091129776259},""SR3_recency"":{""value"":303,""score"":0.0},""SR4_price_location"":{""score"":30.0},""SR5_reaction"":{""value"":1.5311349912775813,""score"":76.55674956387907},""_score"":39.98,""_levels_found"":5,""_target_level"":183.945},""volume"":{""V1_rvol_day"":{""value"":1.7254484784663813,""score"":81.6965652310921},""V2_rvol_sameslot"":{""value"":1.6322572954277363,""score"":75.48381969518242,""status"":""ok""},""V3_breakout_bar"":{""value"":0.7668420156884925,""score"":17.789467712566168},""V4_base_dryup"":{""value"":2.8148297065952956,""score"":0},""V5_bo_expansion"":{""value"":1.7254484784663808,""score"":48.36323189775872},""_score"":43.14},""readiness"":{""_distance_atr"":-0.601,""BR1_atr_distance"":{""score"":47.977093557314994},""BR2_compression"":{""score"":51.03308578968813},""BR3_retest"":{""score"":50.0},""BR4_bo_age"":{""score"":50.0},""_score"":49.45},""risk"":{""R1_stop_clarity"":{""score"":50.95904077499869},""R2_stop_distance_pct"":{""value"":12.98946663093005,""score"":0.0},""R3_stop_distance_atr"":{""value"":2.403772817517959,""score"":100.0},""R4_rr_potential"":{""value"":0.3978235256490945,""score"":0.0},""_score"":32.84},""market"":{""M1_spy_regime"":{""score"":100.0},""M3_earnings_risk"":{""value"":null,""score"":80.0},""M4_vix"":{""value"":null,""score"":60.0},""_score"":84.0},""liquidity"":{""L1_price"":{""value"":186.55,""score"":100.0},""L2_dollar_vol"":{""value"":6162608831.633191,""score"":100.0},""L3_spread_proxy"":{""value"":0.12023586169927636,""score"":0},""L4_volume_zscore"":{""value"":0.9491066612750817,""score"":100.0},""_score"":90.0},""pattern_structure"":{""left_low"":171.15,""left_idx"":62,""right_low"":164.79,""right_idx"":74,""separation_bars"":12,""structural_low"":164.79,""current_price"":185.15,""neckline_distance_pct"":-0.025168782068593014,""base_bars"":12},""pattern_geometry_features"":{""low_similarity_pct"":0.03786390426861948,""bounce_pct"":0.09527277140603203,""right_bottom_reaction"":0.9013084393998592,""atr_pct"":0.05403782976605276},""_schema_version"":""1.0""}",,,,,,,,,,
20260505T210937Z-543da1,2026-05-05T21:09:37.858700+00:00,PL,high_tight_pullback,forming,58.03,76.8,54.4,60.7,54.8,34.7,45.3,80.8,84.0,90.6,9.21,19.05,6.07,4.39,4.86,4.07,0.81,5.04,4.53,False,,37.13,39.43,35.4108,46.29,"{""trend"":{""T1_ema_stack"":{""value"":[true,true,true],""score"":100.0},""T2_ema50_slope"":{""value"":0.7174977654054386,""score"":100},""T3_high_proximity"":{""value"":0.9308097267485586,""score"":65.40486337427926},""T4_rs_1m"":{""value"":-0.03815066970409764,""score"":11.849330295902362},""T5_rs_3m"":{""value"":0.5006561396530214,""score"":100},""T6_adr_healthy"":{""value"":8.343990844335112,""score"":91.4002288916222},""_score"":76.75},""geometry"":{""sub_pole_impulse"":37.2,""sub_flag_tightness"":69.1,""sub_flag_shallowness"":16.2,""sub_flag_drift"":85.0,""sub_flag_duration"":100.0,""_score"":54.42},""compression"":{""VC1_atr_ratio"":{""value"":0.4088673957824938,""score"":100},""VC2_range_contraction"":{""value"":0.7910360979234656,""score"":34.827317012755735},""VC3_range_pct_rank"":{""score"":34.166666666666664},""_score"":60.73},""sr_quality"":{""SR1_touches"":{""value"":2,""score"":25.0},""SR2_tightness"":{""value"":0.5800000000000018,""score"":63.07446044146925},""SR3_recency"":{""value"":240,""score"":0.0},""SR4_price_location"":{""score"":91.44919109347755},""SR5_reaction"":{""value"":2.7208711153150045,""score"":100},""_score"":54.82,""_levels_found"":6,""_target_level"":37.63},""volume"":{""V1_rvol_day"":{""value"":0.7663491375383119,""score"":17.756609169220795},""V2_rvol_sameslot"":{""value"":1.2454301379522255,""score"":49.69534253014836,""status"":""ok""},""V3_breakout_bar"":{""value"":0.9832799779642029,""score"":32.218665197613525},""V4_base_dryup"":{""value"":0.8408190446757828,""score"":65.91809553242172},""V5_bo_expansion"":{""value"":0.7663491375383117,""score"":0},""_score"":34.73},""readiness"":{""_distance_atr"":0.732,""BR1_atr_distance"":{""score"":51.19037874447107},""BR2_compression"":{""score"":29.128111598772804},""BR3_retest"":{""score"":50.0},""BR4_bo_age"":{""score"":50.0},""_score"":45.26},""risk"":{""R1_stop_clarity"":{""score"":65.66879791907286},""R2_stop_distance_pct"":{""value"":4.630352814435772,""score"":100.0},""R3_stop_distance_atr"":{""value"":0.5472778783276195,""score"":52.363893916380974},""R4_rr_potential"":{""value"":5.327904609568116,""score"":100.0},""_score"":80.84},""market"":{""M1_spy_regime"":{""score"":100.0},""M3_earnings_risk"":{""value"":null,""score"":80.0},""M4_vix"":{""value"":null,""score"":60.0},""_score"":84.0},""liquidity"":{""L1_price"":{""value"":37.13,""score"":100.0},""L2_dollar_vol"":{""value"":307605844.25783676,""score"":100.0},""L3_spread_proxy"":{""value"":0.0937247508753029,""score"":6.275249124697112},""L4_volume_zscore"":{""value"":-0.7493473037279262,""score"":100.0},""_score"":90.63},""pattern_structure"":{""pole_low"":32.57,""pole_low_idx"":30,""peak_price"":39.43,""peak_idx"":54,""pole_gain"":0.21062327295056799,""flag_bars"":5,""flag_low"":35.95,""flag_high"":37.49,""structural_low"":35.95,""current_price"":37.25,""neckline_distance_pct"":0.0585234899328859,""base_bars"":5},""pattern_geometry_features"":{""pole_gain"":0.21062327295056799,""pullback_pct"":0.08825767182348458,""flag_range_pct"":0.039056555921886865,""flag_drift_per_bar"":-0.00299328859060401,""atr_pct"":0.08460697933900194,""pole_atr_multiple"":2.489431422751141},""_schema_version"":""1.0""}",,,,,,,,,,
20260505T210937Z-543da1,2026-05-05T21:09:37.858700+00:00,OKLO,double_bottom,forming,57.78,65.2,63.2,42.3,60.7,8.1,56.3,82.3,84.0,95.4,9.78,15.8,3.38,8.5,1.06,4.5,4.94,5.04,4.77,False,,68.38,72.3,65.0888,78.52,"{""trend"":{""T1_ema_stack"":{""value"":[true,true,false],""score"":66.66666666666666},""T2_ema50_slope"":{""value"":0.22674646139521823,""score"":87.79107689920303},""T3_high_proximity"":{""value"":0.8943238294533089,""score"":47.16191472665443},""T4_rs_1m"":{""value"":0.3039770444955463,""score"":100},""T5_rs_3m"":{""value"":-0.17299034608114716,""score"":0},""T6_adr_healthy"":{""value"":8.891192687950126,""score"":77.72018280124686},""_score"":65.19},""geometry"":{""sub_low_similarity"":13.2,""sub_bounce_quality"":91.6,""sub_separation_fit"":100.0,""sub_right_bottom_reaction"":39.6,""sub_base_context"":100.0,""_score"":63.22},""compression"":{""VC1_atr_ratio"":{""value"":0.8021741844880179,""score"":49.45645387799552},""VC2_range_contraction"":{""value"":1.0248720844859793,""score"":0},""VC3_range_pct_rank"":{""score"":90.0},""_score"":42.28},""sr_quality"":{""SR1_touches"":{""value"":3,""score"":50.0},""SR2_tightness"":{""value"":0.3904698025029146,""score"":88.77960337635304},""SR3_recency"":{""value"":268,""score"":0.0},""SR4_price_location"":{""score"":69.55668889760676},""SR5_reaction"":{""value"":2.430076628352491,""score"":100},""_score"":60.71,""_levels_found"":7,""_target_level"":70.32},""volume"":{""V1_rvol_day"":{""value"":0.5317889516762584,""score"":2.1192634450838925},""V2_rvol_sameslot"":{""value"":0.6715364090177905,""score"":11.435760601186036,""status"":""ok""},""V3_breakout_bar"":{""value"":0.8259039631176792,""score"":21.72693087451195},""V4_base_dryup"":{""value"":1.620142600717933,""score"":0},""V5_bo_expansion"":{""value"":0.5317889516762584,""score"":0},""_score"":8.14},""readiness"":{""_distance_atr"":0.563,""BR1_atr_distance"":{""score"":62.45210727969347},""BR2_compression"":{""score"":55.33568162022966},""BR3_retest"":{""score"":50.0},""BR4_bo_age"":{""score"":50.0},""_score"":56.31},""risk"":{""R1_stop_clarity"":{""score"":71.51724137931016},""R2_stop_distance_pct"":{""value"":4.813103246563328,""score"":100.0},""R3_stop_distance_atr"":{""value"":0.4728735632183913,""score"":48.64367816091957},""R4_rr_potential"":{""value"":3.08094312105007,""score"":100.0},""_score"":82.33},""market"":{""M1_spy_regime"":{""score"":100.0},""M3_earnings_risk"":{""value"":null,""score"":80.0},""M4_vix"":{""value"":null,""score"":60.0},""_score"":84.0},""liquidity"":{""L1_price"":{""value"":68.38,""score"":100.0},""L2_dollar_vol"":{""value"":557895918.2453233,""score"":100.0},""L3_spread_proxy"":{""value"":0.04621234279028951,""score"":53.78765720971049},""L4_volume_zscore"":{""value"":-1.0592000639573613,""score"":100.0},""_score"":95.38},""pattern_structure"":{""left_low"":69.01,""left_idx"":45,""right_low"":66.08,""right_idx"":74,""separation_bars"":29,""structural_low"":66.08,""current_price"":67.4,""neckline_distance_pct"":0.07270029673590492,""base_bars"":29},""pattern_geometry_features"":{""low_similarity_pct"":0.043378488415130756,""bounce_pct"":0.0941283292978208,""right_bottom_reaction"":0.395569620253165,""atr_pct"":0.10178414741152385},""_schema_version"":""1.0""}",,,,,,,,,,
20260505T210937Z-543da1,2026-05-05T21:09:37.858700+00:00,MKSI,vcp,absent,57.73,99.0,35.0,45.6,51.8,43.2,57.1,62.0,84.0,93.8,14.85,8.75,5.47,6.22,5.61,4.0,3.1,5.04,4.69,False,,287.65,294.05,257.3116,379.63,"{""trend"":{""T1_ema_stack"":{""value"":[true,true,true],""score"":100.0},""T2_ema50_slope"":{""value"":0.48899776754130164,""score"":100},""T3_high_proximity"":{""value"":0.9866909065962337,""score"":93.34545329811684},""T4_rs_1m"":{""value"":0.1154135571734316,""score"":100},""T5_rs_3m"":{""value"":0.20328313883333426,""score"":100},""T6_adr_healthy"":{""value"":4.590477087284914,""score"":100.0},""_score"":99.0},""geometry"":{""sub_contraction_count"":100.0,""sub_reduction_rate"":0,""sub_pivot_tightness"":0,""sub_volume_dryup"":0,""sub_base_depth"":0.0,""sub_base_duration"":100.0,""_score"":35.0},""compression"":{""VC1_atr_ratio"":{""value"":0.46358544494544024,""score"":100},""VC2_range_contraction"":{""value"":1.1873135830620378,""score"":0},""VC3_range_pct_rank"":{""score"":22.499999999999996},""_score"":45.62},""sr_quality"":{""SR1_touches"":{""value"":4,""score"":75.0},""SR2_tightness"":{""value"":3.5844531922596055,""score"":50.47754206041055},""SR3_recency"":{""value"":225,""score"":0.0},""SR4_price_location"":{""score"":30.0},""SR5_reaction"":{""value"":1.9000320726321773,""score"":95.00160363160887},""_score"":51.82,""_levels_found"":4,""_target_level"":264.9688},""volume"":{""V1_rvol_day"":{""value"":1.3474173772378655,""score"":56.49449181585769},""V2_rvol_sameslot"":{""value"":1.4488021667720719,""score"":63.25347778480479,""status"":""ok""},""V3_breakout_bar"":{""value"":0.8980817579044544,""score"":26.53878386029696},""V4_base_dryup"":{""value"":1.0448487404925313,""score"":45.51512595074687},""V5_bo_expansion"":{""value"":1.3474173772378653,""score"":23.16115848252435},""_score"":43.16},""readiness"":{""_distance_atr"":0.442,""BR1_atr_distance"":{""score"":70.52607340520876},""BR2_compression"":{""score"":45.66246511462509},""BR3_retest"":{""score"":50.0},""BR4_bo_age"":{""score"":50.0},""_score"":57.13},""risk"":{""R1_stop_clarity"":{""score"":45.86307453186282},""R2_stop_distance_pct"":{""value"":10.547001564401171,""score"":36.324960889970725},""R3_stop_distance_atr"":{""value"":2.095765425702512,""score"":100.0},""R4_rr_potential"":{""value"":3.0317962849123843,""score"":100.0},""_score"":61.95},""market"":{""M1_spy_regime"":{""score"":100.0},""M3_earnings_risk"":{""value"":null,""score"":80.0},""M4_vix"":{""value"":null,""score"":60.0},""_score"":84.0},""liquidity"":{""L1_price"":{""value"":287.65,""score"":100.0},""L2_dollar_vol"":{""value"":441542754.1899099,""score"":100.0},""L3_spread_proxy"":{""value"":0.061950286806883345,""score"":38.04971319311665},""L4_volume_zscore"":{""value"":1.0653622311222553,""score"":100.0},""_score"":93.8},""pattern_structure"":{""n_contractions"":4,""contractions_pct"":[13.57,10.27,15.9,11.16],""descending_strict"":false,""final_low"":261.23,""final_pivot"":294.05,""structural_low"":261.23,""dry_up_ratio"":1.3398135327625045,""current_price"":287.65,""neckline_distance_pct"":0.022249261254997512,""base_bars"":62,""recent_base_height"":85.58000000000001},""pattern_geometry_features"":{""contraction_count"":4.0,""first_contraction_pct"":0.13574147990317834,""last_contraction_pct"":0.11161367114436317,""dry_up_ratio"":1.3398135327625045,""near_monotone"":0.0,""base_depth_pct"":-0.060402297707447934},""_schema_version"":""1.0""}",,,,,,,,,,
20260505T210937Z-543da1,2026-05-05T21:09:37.858700+00:00,CRS,vcp,absent,57.22,94.5,38.3,56.7,53.4,23.3,49.1,78.4,84.0,96.9,14.18,9.57,6.8,6.4,3.03,3.43,3.92,5.04,4.84,False,,444.99,459.18,408.9818,552.98,"{""trend"":{""T1_ema_stack"":{""value"":[true,true,true],""score"":100.0},""T2_ema50_slope"":{""value"":0.342417362875123,""score"":100},""T3_high_proximity"":{""value"":0.9840339665199798,""score"":92.01698325998986},""T4_rs_1m"":{""value"":0.028668609117116883,""score"":78.66860911711689},""T5_rs_3m"":{""value"":0.26330769868851345,""score"":100},""T6_adr_healthy"":{""value"":4.182543775245347,""score"":100.0},""_score"":94.54},""geometry"":{""sub_contraction_count"":100.0,""sub_reduction_rate"":9.6,""sub_pivot_tightness"":6.0,""sub_volume_dryup"":0,""sub_base_depth"":0.0,""sub_base_duration"":100.0,""_score"":38.3},""compression"":{""VC1_atr_ratio"":{""value"":0.3822092161662779,""score"":100},""VC2_range_contraction"":{""value"":1.1449206757182258,""score"":0},""VC3_range_pct_rank"":{""score"":66.66666666666667},""_score"":56.67},""sr_quality"":{""SR1_touches"":{""value"":2,""score"":25.0},""SR2_tightness"":{""value"":3.759999999999991,""score"":63.8774757464768},""SR3_recency"":{""value"":225,""score"":0.0},""SR4_price_location"":{""score"":96.15503119295028},""SR5_reaction"":{""value"":1.632718882150608,""score"":81.6359441075304},""_score"":53.37,""_levels_found"":8,""_target_level"":446.24},""volume"":{""V1_rvol_day"":{""value"":0.6913415622195465,""score"":12.756104147969763},""V2_rvol_sameslot"":{""value"":0.64842121770785,""score"":9.89474784719,""status"":""ok""},""V3_breakout_bar"":{""value"":1.1645899124644115,""score"":44.3059941642941},""V4_base_dryup"":{""value"":1.1166028755755633,""score"":38.33971244244368},""V5_bo_expansion"":{""value"":0.6913415622195465,""score"":0},""_score"":23.27},""readiness"":{""_distance_atr"":0.682,""BR1_atr_distance"":{""score"":54.55863305341352},""BR2_compression"":{""score"":38.9489036789471},""BR3_retest"":{""score"":50.0},""BR4_bo_age"":{""score"":50.0},""_score"":49.06},""risk"":{""R1_stop_clarity"":{""score"":40.16582461979199},""R2_stop_distance_pct"":{""value"":8.091900941594206,""score"":97.70247646014485},""R3_stop_distance_atr"":{""value"":1.729661265557855,""score"":100.0},""R4_rr_potential"":{""value"":2.999043272148106,""score"":99.95216360740531},""_score"":78.36},""market"":{""M1_spy_regime"":{""score"":100.0},""M3_earnings_risk"":{""value"":null,""score"":80.0},""M4_vix"":{""value"":null,""score"":60.0},""_score"":84.0},""liquidity"":{""L1_price"":{""value"":444.99,""score"":100.0},""L2_dollar_vol"":{""value"":220751130.37595707,""score"":100.0},""L3_spread_proxy"":{""value"":0.03128160183374911,""score"":68.71839816625089},""L4_volume_zscore"":{""value"":-0.7155495972285837,""score"":100.0},""_score"":96.87},""pattern_structure"":{""n_contractions"":5,""contractions_pct"":[14.09,8.87,10.65,7.55,9.58],""descending_strict"":false,""final_low"":415.21,""final_pivot"":459.18,""structural_low"":415.21,""dry_up_ratio"":1.015428455933855,""current_price"":444.99,""neckline_distance_pct"":0.03188835704173127,""base_bars"":30,""recent_base_height"":93.80000000000001},""pattern_geometry_features"":{""contraction_count"":5.0,""first_contraction_pct"":0.1408703948334067,""last_contraction_pct"":0.09575765495012854,""dry_up_ratio"":1.015428455933855,""near_monotone"":0.0,""base_depth_pct"":-0.015729732374382327},""_schema_version"":""1.0""}",,,,,,,,,,
20260505T210937Z-543da1,2026-05-05T21:09:37.858700+00:00,ATI,double_bottom,forming,57.09,73.3,52.3,56.7,47.7,25.4,62.7,59.7,84.0,97.4,10.99,13.06,4.53,6.68,3.3,5.02,3.58,5.04,4.87,False,,155.35,158.31,147.4742,166.9,"{""trend"":{""T1_ema_stack"":{""value"":[true,true,true],""score"":100.0},""T2_ema50_slope"":{""value"":0.23906474919846288,""score"":89.84412486641048},""T3_high_proximity"":{""value"":0.933481552697993,""score"":66.7407763489965},""T4_rs_1m"":{""value"":-0.04845602335131649,""score"":1.5439766486835111},""T5_rs_3m"":{""value"":0.16079958690934681,""score"":100},""T6_adr_healthy"":{""value"":4.021759488679764,""score"":100.0},""_score"":73.29},""geometry"":{""sub_low_similarity"":56.7,""sub_bounce_quality"":39.1,""sub_separation_fit"":20.0,""sub_right_bottom_reaction"":29.5,""sub_base_context"":100.0,""_score"":52.26},""compression"":{""VC1_atr_ratio"":{""value"":0.34282498760183555,""score"":100},""VC2_range_contraction"":{""value"":1.3644257942058886,""score"":0},""VC3_range_pct_rank"":{""score"":66.66666666666667},""_score"":56.67},""sr_quality"":{""SR1_touches"":{""value"":4,""score"":75.0},""SR2_tightness"":{""value"":2.0580389189408037,""score"":42.59860351177214},""SR3_recency"":{""value"":231,""score"":0.0},""SR4_price_location"":{""score"":15.386480726825885},""SR5_reaction"":{""value"":2.519237033281304,""score"":100},""_score"":47.74,""_levels_found"":7,""_target_level"":165.6434},""volume"":{""V1_rvol_day"":{""value"":0.7253055857470415,""score"":15.020372383136102},""V2_rvol_sameslot"":{""value"":0.6804571121173421,""score"":12.030474141156137,""status"":""ok""},""V3_breakout_bar"":{""value"":1.0183505625385003,""score"":34.556704169233356},""V4_base_dryup"":{""value"":0.9335758538221045,""score"":56.64241461778955},""V5_bo_expansion"":{""value"":0.7253055857470417,""score"":0},""_score"":25.38},""readiness"":{""_distance_atr"":0.413,""BR1_atr_distance"":{""score"":72.48057652660907},""BR2_compression"":{""score"":64.88011302217545},""BR3_retest"":{""score"":50.0},""BR4_bo_age"":{""score"":50.0},""_score"":62.71},""risk"":{""R1_stop_clarity"":{""score"":37.36170144945143},""R2_stop_distance_pct"":{""value"":5.069713550048277,""score"":100.0},""R3_stop_distance_atr"":{""value"":1.098331800971613,""score"":79.91659004858064},""R4_rr_potential"":{""value"":1.4665176870921066,""score"":23.325884354605332},""_score"":59.73},""market"":{""M1_spy_regime"":{""score"":100.0},""M3_earnings_risk"":{""value"":null,""score"":80.0},""M4_vix"":{""value"":null,""score"":60.0},""_score"":84.0},""liquidity"":{""L1_price"":{""value"":155.35,""score"":100.0},""L2_dollar_vol"":{""value"":196914998.7147265,""score"":100.0},""L3_spread_proxy"":{""value"":0.02574831026713872,""score"":74.25168973286128},""L4_volume_zscore"":{""value"":-0.7811019159471048,""score"":100.0},""_score"":97.43},""pattern_structure"":{""left_low"":149.72,""left_idx"":32,""right_low"":153.0,""right_idx"":74,""separation_bars"":42,""structural_low"":149.72,""current_price"":153.74,""neckline_distance_pct"":0.02972551060231555,""base_bars"":42},""pattern_geometry_features"":{""low_similarity_pct"":0.021670190274841444,""bounce_pct"":0.05737376436013895,""right_bottom_reaction"":0.2950000000000017,""atr_pct"":0.046158306129017446},""_schema_version"":""1.0""}",,,,,,,,,,
20260505T210937Z-543da1,2026-05-05T21:09:37.858700+00:00,TEM,high_tight_pullback,forming,56.87,52.3,62.9,56.8,54.2,22.8,54.4,74.5,84.0,93.9,6.27,22.01,5.68,4.34,3.19,4.89,0.74,5.04,4.69,False,,54.07,56.4078,52.6975,63.91,"{""trend"":{""T1_ema_stack"":{""value"":[true,false,false],""score"":33.33333333333333},""T2_ema50_slope"":{""value"":0.03351665783822497,""score"":55.58610963970416},""T3_high_proximity"":{""value"":0.9017678452301534,""score"":50.883922615076685},""T4_rs_1m"":{""value"":0.044727009375087556,""score"":94.72700937508756},""T5_rs_3m"":{""value"":-0.0836037699391663,""score"":8.19811503041685},""T6_adr_healthy"":{""value"":6.271471262271991,""score"":100.0},""_score"":52.26},""geometry"":{""sub_pole_impulse"":39.4,""sub_flag_tightness"":79.2,""sub_flag_shallowness"":32.8,""sub_flag_drift"":98.0,""sub_flag_duration"":100.0,""_score"":62.88},""compression"":{""VC1_atr_ratio"":{""value"":0.5938205432469469,""score"":100},""VC2_range_contraction"":{""value"":0.8434809400486947,""score"":26.08650999188422},""VC3_range_pct_rank"":{""score"":30.833333333333336},""_score"":56.84},""sr_quality"":{""SR1_touches"":{""value"":3,""score"":50.0},""SR2_tightness"":{""value"":0.37452933426131135,""score"":76.73534734667801},""SR3_recency"":{""value"":234,""score"":0.0},""SR4_price_location"":{""score"":50.8051485797694},""SR5_reaction"":{""value"":3.0018058310150386,""score"":100},""_score"":54.21,""_levels_found"":5,""_target_level"":58.2717},""volume"":{""V1_rvol_day"":{""value"":0.9873092693419869,""score"":32.48728462279913},""V2_rvol_sameslot"":{""value"":0.9333375215424025,""score"":28.88916810282683,""status"":""ok""},""V3_breakout_bar"":{""value"":0.8325435079308753,""score"":22.169567195391686},""V4_base_dryup"":{""value"":1.2503571409519527,""score"":24.964285904804726},""V5_bo_expansion"":{""value"":0.9873092693419872,""score"":0},""_score"":22.81},""readiness"":{""_distance_atr"":0.726,""BR1_atr_distance"":{""score"":51.5942633437009},""BR2_compression"":{""score"":64.91912196633567},""BR3_retest"":{""score"":50.0},""BR4_bo_age"":{""score"":50.0},""_score"":54.37},""risk"":{""R1_stop_clarity"":{""score"":50.15107750875169},""R2_stop_distance_pct"":{""value"":2.5383761790271913,""score"":100.0},""R3_stop_distance_atr"":{""value"":0.4262781689672165,""score"":46.31390844836083},""R4_rr_potential"":{""value"":7.169398907103815,""score"":100.0},""_score"":74.5},""market"":{""M1_spy_regime"":{""score"":100.0},""M3_earnings_risk"":{""value"":null,""score"":80.0},""M4_vix"":{""value"":null,""score"":60.0},""_score"":84.0},""liquidity"":{""L1_price"":{""value"":54.07,""score"":100.0},""L2_dollar_vol"":{""value"":298897496.45589536,""score"":100.0},""L3_spread_proxy"":{""value"":0.06118180136859632,""score"":38.81819863140368},""L4_volume_zscore"":{""value"":-0.03304769178766408,""score"":100.0},""_score"":93.88},""pattern_structure"":{""pole_low"":48.9056,""pole_low_idx"":34,""peak_price"":56.4078,""peak_idx"":54,""pole_gain"":0.15340165543414255,""flag_bars"":5,""flag_low"":53.5,""flag_high"":54.58,""structural_low"":53.5,""current_price"":54.135,""neckline_distance_pct"":0.0419839290662234,""base_bars"":5},""pattern_geometry_features"":{""pole_gain"":0.15340165543414255,""pullback_pct"":0.05154960838749254,""flag_range_pct"":0.019146288279280495,""flag_drift_per_bar"":-0.000397155259998151,""atr_pct"":0.0595474120848635,""pole_atr_multiple"":2.5761263178914215},""_schema_version"":""1.0""}",,,,,,,,,,
20260505T210937Z-543da1,2026-05-05T21:09:37.858700+00:00,ATI,ascending_triangle,absent,56.67,73.3,49.4,56.7,47.7,27.9,62.7,58.9,84.0,97.4,10.99,13.83,4.53,6.68,3.34,5.02,2.35,5.04,4.87,False,,155.35,158.31,149.5427,164.8,"{""trend"":{""T1_ema_stack"":{""value"":[true,true,true],""score"":100.0},""T2_ema50_slope"":{""value"":0.23906474919846288,""score"":89.84412486641048},""T3_high_proximity"":{""value"":0.933481552697993,""score"":66.7407763489965},""T4_rs_1m"":{""value"":-0.04845602335131649,""score"":1.5439766486835111},""T5_rs_3m"":{""value"":0.16079958690934681,""score"":100},""T6_adr_healthy"":{""value"":4.021759488679764,""score"":100.0},""_score"":73.29},""geometry"":{""sub_flat_top_quality"":33.3,""sub_hl_slope"":50.3,""sub_compression"":37.3,""sub_duration"":100.0,""_score"":49.41},""compression"":{""VC1_atr_ratio"":{""value"":0.34282498760183555,""score"":100},""VC2_range_contraction"":{""value"":1.3644257942058886,""score"":0},""VC3_range_pct_rank"":{""score"":66.66666666666667},""_score"":56.67},""sr_quality"":{""SR1_touches"":{""value"":4,""score"":75.0},""SR2_tightness"":{""value"":2.0580389189408037,""score"":42.59860351177214},""SR3_recency"":{""value"":231,""score"":0.0},""SR4_price_location"":{""score"":15.386480726825885},""SR5_reaction"":{""value"":2.519237033281304,""score"":100},""_score"":47.74,""_levels_found"":7,""_target_level"":165.6434},""volume"":{""V1_rvol_day"":{""value"":0.7253055857470415,""score"":15.020372383136102},""V2_rvol_sameslot"":{""value"":0.6804571121173421,""score"":12.030474141156137,""status"":""ok""},""V3_breakout_bar"":{""value"":1.0183505625385003,""score"":34.556704169233356},""V4_base_dryup"":{""value"":0.8100523699317054,""score"":68.99476300682946},""V5_bo_expansion"":{""value"":0.7253055857470417,""score"":0},""_score"":27.85},""readiness"":{""_distance_atr"":0.413,""BR1_atr_distance"":{""score"":72.48057652660907},""BR2_compression"":{""score"":64.88011302217545},""BR3_retest"":{""score"":50.0},""BR4_bo_age"":{""score"":50.0},""_score"":62.71},""risk"":{""R1_stop_clarity"":{""score"":36.48312526085855},""R2_stop_distance_pct"":{""value"":3.738204055358866,""score"":100.0},""R3_stop_distance_atr"":{""value"":0.8098659523835607,""score"":65.49329761917804},""R4_rr_potential"":{""value"":1.6272622389062077,""score"":31.363111945310386},""_score"":58.87},""market"":{""M1_spy_regime"":{""score"":100.0},""M3_earnings_risk"":{""value"":null,""score"":80.0},""M4_vix"":{""value"":null,""score"":60.0},""_score"":84.0},""liquidity"":{""L1_price"":{""value"":155.35,""score"":100.0},""L2_dollar_vol"":{""value"":196914998.7147265,""score"":100.0},""L3_spread_proxy"":{""value"":0.02574831026713872,""score"":74.25168973286128},""L4_volume_zscore"":{""value"":-0.7811019159471048,""score"":100.0},""_score"":97.43},""pattern_structure"":{""top"":158.31,""top_touches"":2,""low_slope_per_bar"":0.22916317944899403,""lowest_low"":151.82,""structural_low"":151.82,""current_price"":153.74,""neckline_distance_pct"":0.02972551060231555,""base_bars"":29},""pattern_geometry_features"":{""top_touches"":2.0,""low_slope"":0.22916317944899403,""compression"":0.1866685214966125,""atr_pct"":0.046158306129017446},""_schema_version"":""1.0""}",,,,,,,,,,
20260505T210937Z-543da1,2026-05-05T21:09:37.858700+00:00,NXE,double_bottom,forming,56.57,48.4,66.6,44.8,51.2,39.6,35.7,72.3,84.0,90.4,7.26,16.66,3.58,7.17,5.14,2.86,4.34,5.04,4.52,True,reversal_trend_cap,12.12,12.88,11.8495,13.73,"{""trend"":{""T1_ema_stack"":{""value"":[false,true,true],""score"":66.66666666666666},""T2_ema50_slope"":{""value"":0.18167438539013733,""score"":80.27906423168956},""T3_high_proximity"":{""value"":0.9112781954887217,""score"":55.639097744360825},""T4_rs_1m"":{""value"":-0.04448891120584819,""score"":5.51108879415181},""T5_rs_3m"":{""value"":-0.08314983571432089,""score"":8.425082142839557},""T6_adr_healthy"":{""value"":4.8994256096597,""score"":100.0},""_score"":48.43},""geometry"":{""sub_low_similarity"":56.4,""sub_bounce_quality"":58.1,""sub_separation_fit"":80.0,""sub_right_bottom_reaction"":40.6,""sub_base_context"":100.0,""_score"":66.63},""compression"":{""VC1_atr_ratio"":{""value"":0.4866493620865916,""score"":100},""VC2_range_contraction"":{""value"":1.087498694945403,""score"":0},""VC3_range_pct_rank"":{""score"":19.166666666666664},""_score"":44.79},""sr_quality"":{""SR1_touches"":{""value"":4,""score"":75.0},""SR2_tightness"":{""value"":0.0919238815542511,""score"":71.4455598185133},""SR3_recency"":{""value"":229,""score"":0.0},""SR4_price_location"":{""score"":12.096029547552984},""SR5_reaction"":{""value"":2.426807486215732,""score"":100},""_score"":51.24,""_levels_found"":6,""_target_level"":13.31},""volume"":{""V1_rvol_day"":{""value"":1.1129473721752619,""score"":40.86315814501746},""V2_rvol_sameslot"":{""value"":1.1779698039476552,""score"":45.19798692984367,""status"":""ok""},""V3_breakout_bar"":{""value"":0.8629495451296448,""score"":24.196636341976323},""V4_base_dryup"":{""value"":0.7409605076717393,""score"":75.90394923282608},""V5_bo_expansion"":{""value"":1.1129473721752619,""score"":7.529824811684123},""_score"":39.57},""readiness"":{""_distance_atr"":1.18,""BR1_atr_distance"":{""score"":21.306722580311046},""BR2_compression"":{""score"":38.73017699724418},""BR3_retest"":{""score"":50.0},""BR4_bo_age"":{""score"":50.0},""_score"":35.71},""risk"":{""R1_stop_clarity"":{""score"":43.946571406383384},""R2_stop_distance_pct"":{""value"":2.231435643564359,""score"":100.0},""R3_stop_distance_atr"":{""value"":0.42005125417410905,""score"":46.002562708705454},""R4_rr_potential"":{""value"":5.953041227583661,""score"":100.0},""_score"":72.28},""market"":{""M1_spy_regime"":{""score"":100.0},""M3_earnings_risk"":{""value"":null,""score"":80.0},""M4_vix"":{""value"":null,""score"":60.0},""_score"":84.0},""liquidity"":{""L1_price"":{""value"":12.12,""score"":100.0},""L2_dollar_vol"":{""value"":71796229.4967738,""score"":92.80508185574826},""L3_spread_proxy"":{""value"":0.06765676567656768,""score"":32.34323432343231},""L4_volume_zscore"":{""value"":0.5684443720229316,""score"":100.0},""_score"":90.36},""pattern_structure"":{""left_low"":12.295,""left_idx"":30,""right_low"":12.03,""right_idx"":63,""separation_bars"":33,""structural_low"":12.03,""current_price"":12.06,""neckline_distance_pct"":0.06799336650082921,""base_bars"":33},""pattern_geometry_features"":{""low_similarity_pct"":0.021788283658787305,""bounce_pct"":0.07065669160432266,""right_bottom_reaction"":0.40625000000000205,""atr_pct"":0.05312293729372942},""_schema_version"":""1.0""}",,,,,,,,,,
20260505T210937Z-543da1,2026-05-05T21:09:37.858700+00:00,IRDM,bull_flag,absent,56.46,92.8,46.3,52.5,38.3,29.8,54.8,78.3,84.0,90.7,12.99,13.89,4.72,3.83,4.17,4.93,2.35,5.04,4.54,False,,39.23,40.61,37.824,45.285,"{""trend"":{""T1_ema_stack"":{""value"":[true,true,true],""score"":100.0},""T2_ema50_slope"":{""value"":1.0184647482249818,""score"":100},""T3_high_proximity"":{""value"":0.9037088228518775,""score"":51.85441142593872},""T4_rs_1m"":{""value"":0.09799938718841306,""score"":100},""T5_rs_3m"":{""value"":0.9498333032562634,""score"":100},""T6_adr_healthy"":{""value"":6.19333054275044,""score"":100.0},""_score"":92.78},""geometry"":{""sub_pole_impulse"":19.9,""sub_flag_tightness"":48.3,""sub_flag_shallowness"":16.3,""sub_flag_drift"":100,""sub_flag_duration"":100.0,""_score"":46.3},""compression"":{""VC1_atr_ratio"":{""value"":0.537928630916268,""score"":100},""VC2_range_contraction"":{""value"":1.113658599102681,""score"":0},""VC3_range_pct_rank"":{""score"":50.0},""_score"":52.5},""sr_quality"":{""SR1_touches"":{""value"":2,""score"":25.0},""SR2_tightness"":{""value"":0.05999999999999872,""score"":95.77458412350296},""SR3_recency"":{""value"":251,""score"":0.0},""SR4_price_location"":{""score"":30.0},""SR5_reaction"":{""value"":1.1866376253162774,""score"":59.33188126581387},""_score"":38.27,""_levels_found"":4,""_target_level"":24.91},""volume"":{""V1_rvol_day"":{""value"":0.5231898694459017,""score"":1.5459912963934488},""V2_rvol_sameslot"":{""value"":0.6276904215910665,""score"":8.512694772737765,""status"":""ok""},""V3_breakout_bar"":{""value"":0.973762840791876,""score"":31.584189386125068},""V4_base_dryup"":{""value"":0.5043404878151382,""score"":99.56595121848618},""V5_bo_expansion"":{""value"":0.5231898694459015,""score"":0},""_score"":29.82},""readiness"":{""_distance_atr"":0.486,""BR1_atr_distance"":{""score"":67.60514494685529},""BR2_compression"":{""score"":40.99547276162078},""BR3_retest"":{""score"":50.0},""BR4_bo_age"":{""score"":50.0},""_score"":54.79},""risk"":{""R1_stop_clarity"":{""score"":59.43600758562753},""R2_stop_distance_pct"":{""value"":3.5839918429773103,""score"":100.0},""R3_stop_distance_atr"":{""value"":0.4950778935295798,""score"":49.75389467647899},""R4_rr_potential"":{""value"":4.306543385490757,""score"":100.0},""_score"":78.27},""market"":{""M1_spy_regime"":{""score"":100.0},""M3_earnings_risk"":{""value"":null,""score"":80.0},""M4_vix"":{""value"":null,""score"":60.0},""_score"":84.0},""liquidity"":{""L1_price"":{""value"":39.23,""score"":100.0},""L2_dollar_vol"":{""value"":55489569.06272894,""score"":87.21056760275046},""L3_spread_proxy"":{""value"":0.041804741269436674,""score"":58.195258730563324},""L4_volume_zscore"":{""value"":-1.185937850546656,""score"":100.0},""_score"":90.7},""pattern_structure"":{""pole_low"":35.935,""pole_low_idx"":33,""peak_price"":40.61,""peak_idx"":53,""pole_gain"":0.1300960066787254,""flag_bars"":6,""flag_low"":38.4,""flag_high"":40.04,""structural_low"":38.4,""current_price"":39.365,""neckline_distance_pct"":0.03162707989330617,""base_bars"":6},""pattern_geometry_features"":{""pole_gain"":0.1300960066787254,""pullback_pct"":0.05442009357301159,""flag_range_pct"":0.04038414183698598,""flag_drift_per_bar"":0.00022862949320464636,""atr_pct"":0.0723924838862387,""pole_atr_multiple"":1.7970927324881545},""_schema_version"":""1.0""}",,,,,,,,,,
20260505T210937Z-543da1,2026-05-05T21:09:37.858700+00:00,AMPX,bull_flag,absent,56.24,95.7,31.1,73.0,43.0,35.2,67.0,63.9,84.0,94.3,13.4,9.33,6.57,4.3,4.93,6.03,1.92,5.04,4.71,False,,21.4,21.705,19.5129,24.31,"{""trend"":{""T1_ema_stack"":{""value"":[true,true,true],""score"":100.0},""T2_ema50_slope"":{""value"":0.7256725219422473,""score"":100},""T3_high_proximity"":{""value"":0.9431467606875275,""score"":71.5733803437637},""T4_rs_1m"":{""value"":0.12027686080564037,""score"":100},""T5_rs_3m"":{""value"":0.408108654827118,""score"":100},""T6_adr_healthy"":{""value"":7.837708572914099,""score"":100.0},""_score"":95.74},""geometry"":{""sub_pole_impulse"":20.3,""sub_flag_tightness"":0,""sub_flag_shallowness"":0,""sub_flag_drift"":100,""sub_flag_duration"":100.0,""_score"":31.09},""compression"":{""VC1_atr_ratio"":{""value"":0.5501913709116214,""score"":100},""VC2_range_contraction"":{""value"":0.7733735116966937,""score"":37.77108138388439},""VC3_range_pct_rank"":{""score"":79.16666666666666},""_score"":73.01},""sr_quality"":{""SR1_touches"":{""value"":3,""score"":50.0},""SR2_tightness"":{""value"":0.26981475126464094,""score"":66.46567902395203},""SR3_recency"":{""value"":226,""score"":0.0},""SR4_price_location"":{""score"":30.0},""SR5_reaction"":{""value"":1.4075441882762345,""score"":70.37720941381173},""_score"":43.03,""_levels_found"":5,""_target_level"":19.42},""volume"":{""V1_rvol_day"":{""value"":0.8493793687524342,""score"":23.291957916828952},""V2_rvol_sameslot"":{""value"":1.1753681217349432,""score"":45.02454144899622,""status"":""ok""},""V3_breakout_bar"":{""value"":1.2688097879870388,""score"":51.25398586580259},""V4_base_dryup"":{""value"":1.0642358986148468,""score"":43.57641013851532},""V5_bo_expansion"":{""value"":0.8493793687524342,""score"":0},""_score"":35.19},""readiness"":{""_distance_atr"":0.19,""BR1_atr_distance"":{""score"":87.3642096416703},""BR2_compression"":{""score"":58.385440682711845},""BR3_retest"":{""score"":50.0},""BR4_bo_age"":{""score"":50.0},""_score"":67.04},""risk"":{""R1_stop_clarity"":{""score"":63.06827765595752},""R2_stop_distance_pct"":{""value"":8.818457943925226,""score"":79.53855140186934},""R3_stop_distance_atr"":{""value"":1.172735988920748,""score"":83.6367994460374},""R4_rr_potential"":{""value"":1.5420077895238848,""score"":27.10038947619424},""_score"":63.9},""market"":{""M1_spy_regime"":{""score"":100.0},""M3_earnings_risk"":{""value"":null,""score"":80.0},""M4_vix"":{""value"":null,""score"":60.0},""_score"":84.0},""liquidity"":{""L1_price"":{""value"":21.4,""score"":100.0},""L2_dollar_vol"":{""value"":142008890.1609208,""score"":100.0},""L3_spread_proxy"":{""value"":0.05700934579439264,""score"":42.99065420560736},""L4_volume_zscore"":{""value"":-0.33152970270797294,""score"":100.0},""_score"":94.3},""pattern_structure"":{""pole_low"":19.1,""pole_low_idx"":25,""peak_price"":21.705,""peak_idx"":45,""pole_gain"":0.13638743455497365,""flag_bars"":14,""flag_low"":19.81,""flag_high"":21.69,""structural_low"":19.81,""current_price"":21.4,""neckline_distance_pct"":0.014252336448598118,""base_bars"":14},""pattern_geometry_features"":{""pole_gain"":0.13638743455497365,""pullback_pct"":0.08730707210320202,""flag_range_pct"":0.08661598709974673,""flag_drift_per_bar"":0.0028905104241552662,""atr_pct"":0.0751955941255007,""pole_atr_multiple"":1.8137689600183806},""_schema_version"":""1.0""}",,,,,,,,,,
20260505T210937Z-543da1,2026-05-05T21:09:37.858700+00:00,COHR,breakout_retest_hold,setup,56.15,96.8,44.8,57.8,38.4,22.3,60.0,63.9,84.0,93.9,13.56,9.86,3.47,5.37,2.9,10.79,3.19,4.2,2.82,False,,335.73,323.7445,320.0868,330.5805,"{""trend"":{""T1_ema_stack"":{""value"":[true,true,true],""score"":100.0},""T2_ema50_slope"":{""value"":0.7445406501555922,""score"":100},""T3_high_proximity"":{""value"":0.9579421919137159,""score"":78.97109595685792},""T4_rs_1m"":{""value"":0.22744118566815397,""score"":100},""T5_rs_3m"":{""value"":0.4152613919995465,""score"":100},""T6_adr_healthy"":{""value"":6.545647317393715,""score"":100.0},""_score"":96.85},""geometry"":{""sub_retest_depth"":66.0,""sub_retest_timing"":100.0,""sub_retest_freshness"":25.0,""sub_hold_quality"":0.0,""_score"":44.8},""compression"":{""VC1_atr_ratio"":{""value"":0.38204334197260925,""score"":100},""VC2_range_contraction"":{""value"":0.9591862618411691,""score"":6.80228969313849},""VC3_range_pct_rank"":{""score"":61.66666666666667},""_score"":57.8},""sr_quality"":{""SR1_touches"":{""value"":2,""score"":25.0},""SR2_tightness"":{""value"":4.920999999999992,""score"":55.83170091931282},""SR3_recency"":{""value"":226,""score"":0.0},""SR4_price_location"":{""score"":30.0},""SR5_reaction"":{""value"":2.2228654644021555,""score"":100},""_score"":38.37,""_levels_found"":6,""_target_level"":286.081},""volume"":{""V1_rvol_day"":{""value"":0.9393458912183391,""score"":29.289726081222607},""V2_rvol_sameslot"":{""value"":0.9593656698859395,""score"":30.624377992395967,""status"":""ok""},""V3_breakout_bar"":{""value"":0.6535252527717833,""score"":10.23501685145222},""V4_base_dryup"":{""value"":1.11229469833825,""score"":38.770530166175},""V5_bo_expansion"":{""value"":0.9393458912183389,""score"":0},""_score"":22.3},""readiness"":{""_distance_atr"":-0.538,""BR1_atr_distance"":{""score"":49.242447701044966},""BR2_compression"":{""score"":63.77343171017657},""BR3_retest"":{""score"":99.0474780044832},""BR4_bo_age"":{""score"":30.0},""_score"":59.95},""risk"":{""R1_stop_clarity"":{""score"":70.98050303034373},""R2_stop_distance_pct"":{""value"":4.659458493432233,""score"":100.0},""R3_stop_distance_atr"":{""value"":0.7020255397063689,""score"":60.10127698531844},""R4_rr_potential"":{""value"":-0.32918273937374737,""score"":0.0},""_score"":63.86},""market"":{""M1_spy_regime"":{""score"":100.0},""M3_earnings_risk"":{""value"":null,""score"":80.0},""M4_vix"":{""value"":null,""score"":60.0},""_score"":84.0},""liquidity"":{""L1_price"":{""value"":335.73,""score"":100.0},""L2_dollar_vol"":{""value"":1825627595.4570367,""score"":100.0},""L3_spread_proxy"":{""value"":0.06123968665296518,""score"":38.76031334703482},""L4_volume_zscore"":{""value"":-0.33435404907069716,""score"":100.0},""_score"":93.88},""pattern_structure"":{""level"":323.7445,""level_idx"":43,""breakout_idx"":62,""bo_peak_idx"":68,""bo_peak_price"":348.3,""retest_idx"":70,""retest_low"":323.32,""structural_low"":323.32,""current_price"":336.76,""neckline_distance_pct"":-0.03864918636417619,""base_bars"":36,""bars_since_breakout"":17},""pattern_geometry_features"":{""retest_depth_atr"":0.06209745842406755,""bars_breakout_to_retest"":8.0,""bars_since_retest"":9.0,""current_above_level_atr"":1.9039563489243945,""bo_peak_excess_pct"":0.07584839279122886,""atr_pct"":0.06637163792333126},""_schema_version"":""1.0""}",,,,,,,,,,
20260505T210937Z-543da1,2026-05-05T21:09:37.858700+00:00,ZETA,vcp,absent,56.13,64.6,37.4,71.7,56.5,32.2,52.7,79.5,84.0,96.4,9.7,9.34,8.6,6.78,4.19,3.69,3.98,5.04,4.82,False,,17.85,18.77,16.3844,23.175,"{""trend"":{""T1_ema_stack"":{""value"":[true,true,false],""score"":66.66666666666666},""T2_ema50_slope"":{""value"":0.07062289831300377,""score"":61.77048305216729},""T3_high_proximity"":{""value"":0.9355345911949687,""score"":67.76729559748435},""T4_rs_1m"":{""value"":0.030630303380407176,""score"":80.63030338040718},""T5_rs_3m"":{""value"":-0.042320669632689434,""score"":28.839665183655285},""T6_adr_healthy"":{""value"":5.30637813448631,""score"":100.0},""_score"":64.64},""geometry"":{""sub_contraction_count"":100.0,""sub_reduction_rate"":7.3,""sub_pivot_tightness"":0,""sub_volume_dryup"":0,""sub_base_depth"":5.4,""sub_base_duration"":100.0,""_score"":37.36},""compression"":{""VC1_atr_ratio"":{""value"":0.4414271729669558,""score"":100},""VC2_range_contraction"":{""value"":0.8073652972687627,""score"":32.10578378853955},""VC3_range_pct_rank"":{""score"":81.66666666666667},""_score"":71.65},""sr_quality"":{""SR1_touches"":{""value"":4,""score"":75.0},""SR2_tightness"":{""value"":0.08135570047636506,""score"":82.3976168103559},""SR3_recency"":{""value"":231,""score"":0.0},""SR4_price_location"":{""score"":26.54462242562927},""SR5_reaction"":{""value"":2.222077550768089,""score"":100},""_score"":56.5,""_levels_found"":6,""_target_level"":18.6525},""volume"":{""V1_rvol_day"":{""value"":0.9899838930486199,""score"":32.665592869908},""V2_rvol_sameslot"":{""value"":1.1633422401657787,""score"":44.22281601105191,""status"":""ok""},""V3_breakout_bar"":{""value"":0.8649971936465274,""score"":24.333146243101826},""V4_base_dryup"":{""value"":0.9603715003992574,""score"":53.96284996007425},""V5_bo_expansion"":{""value"":0.9899838930486199,""score"":0},""_score"":32.25},""readiness"":{""_distance_atr"":0.995,""BR1_atr_distance"":{""score"":33.64860548738406},""BR2_compression"":{""score"":87.03595635193689},""BR3_retest"":{""score"":50.0},""BR4_bo_age"":{""score"":50.0},""_score"":52.72},""risk"":{""R1_stop_clarity"":{""score"":46.01553178994195},""R2_stop_distance_pct"":{""value"":8.21069187675071,""score"":94.73270308123224},""R3_stop_distance_atr"":{""value"":1.5855190399653847,""score"":100.0},""R4_rr_potential"":{""value"":3.633303163839449,""score"":100.0},""_score"":79.53},""market"":{""M1_spy_regime"":{""score"":100.0},""M3_earnings_risk"":{""value"":null,""score"":80.0},""M4_vix"":{""value"":null,""score"":60.0},""_score"":84.0},""liquidity"":{""L1_price"":{""value"":17.85,""score"":100.0},""L2_dollar_vol"":{""value"":153971508.31828398,""score"":100.0},""L3_spread_proxy"":{""value"":0.03585434173669471,""score"":64.1456582633053},""L4_volume_zscore"":{""value"":-0.020606113862142433,""score"":100.0},""_score"":96.41},""pattern_structure"":{""n_contractions"":5,""contractions_pct"":[17.49,13.67,22.52,14.88,11.38],""descending_strict"":false,""final_low"":16.6339,""final_pivot"":18.77,""structural_low"":16.6339,""dry_up_ratio"":1.3214444772671057,""current_price"":17.85,""neckline_distance_pct"":0.05154061624649849,""base_bars"":50,""recent_base_height"":4.404999999999999},""pattern_geometry_features"":{""contraction_count"":5.0,""first_contraction_pct"":0.17490062464508802,""last_contraction_pct"":0.11380394246137449,""dry_up_ratio"":1.3214444772671057,""near_monotone"":0.0,""base_depth_pct"":0.055428733674048776},""_schema_version"":""1.0""}",,,,,,,,,,
20260505T210937Z-543da1,2026-05-05T21:09:37.858700+00:00,MPWR,vcp,absent,56.09,98.0,48.9,36.9,43.6,29.6,45.7,76.5,84.0,71.8,14.7,12.23,4.43,5.23,3.85,3.2,3.83,5.04,3.59,False,,1588.12,1661.79,1465.7096,2335.58,"{""trend"":{""T1_ema_stack"":{""value"":[true,true,true],""score"":100.0},""T2_ema50_slope"":{""value"":0.7456795801237345,""score"":100},""T3_high_proximity"":{""value"":0.9730769702094285,""score"":86.53848510471424},""T4_rs_1m"":{""value"":0.24742823607375297,""score"":100},""T5_rs_3m"":{""value"":0.31373507021708247,""score"":100},""T6_adr_healthy"":{""value"":3.454676980842939,""score"":100.0},""_score"":97.98},""geometry"":{""sub_contraction_count"":100.0,""sub_reduction_rate"":55.7,""sub_pivot_tightness"":0,""sub_volume_dryup"":0,""sub_base_depth"":0.0,""sub_base_duration"":100.0,""_score"":48.92},""compression"":{""VC1_atr_ratio"":{""value"":0.8003123328455163,""score"":49.921916788620926},""VC2_range_contraction"":{""value"":0.9561230355044947,""score"":7.312827415917544},""VC3_range_pct_rank"":{""score"":57.49999999999999},""_score"":36.9},""sr_quality"":{""SR1_touches"":{""value"":2,""score"":25.0},""SR2_tightness"":{""value"":3.1100000000000136,""score"":90.66000854414006},""SR3_recency"":{""value"":269,""score"":0.0},""SR4_price_location"":{""score"":30.0},""SR5_reaction"":{""value"":2.3280529346268164,""score"":100},""_score"":43.6,""_levels_found"":3,""_target_level"":1253.11},""volume"":{""V1_rvol_day"":{""value"":1.0868742218117209,""score"":39.1249481207814},""V2_rvol_sameslot"":{""value"":0.8372504503617523,""score"":22.483363357450152,""status"":""ok""},""V3_breakout_bar"":{""value"":0.8016203856479004,""score"":20.108025709860026},""V4_base_dryup"":{""value"":0.9314495412800179,""score"":56.855045871998215},""V5_bo_expansion"":{""value"":1.0868742218117209,""score"":5.79161478744806},""_score"":29.59},""readiness"":{""_distance_atr"":1.106,""BR1_atr_distance"":{""score"":26.25110712184356},""BR2_compression"":{""score"":70.86427361807644},""BR3_retest"":{""score"":50.0},""BR4_bo_age"":{""score"":50.0},""_score"":45.72},""risk"":{""R1_stop_clarity"":{""score"":32.966941385547415},""R2_stop_distance_pct"":{""value"":7.707884164924557,""score"":100.0},""R3_stop_distance_atr"":{""value"":1.838123082167145,""score"":100.0},""R4_rr_potential"":{""value"":6.106178026467519,""score"":100.0},""_score"":76.54},""market"":{""M1_spy_regime"":{""score"":100.0},""M3_earnings_risk"":{""value"":null,""score"":80.0},""M4_vix"":{""value"":null,""score"":60.0},""_score"":84.0},""liquidity"":{""L1_price"":{""value"":1588.12,""score"":0.0},""L2_dollar_vol"":{""value"":1080065336.9011257,""score"":100.0},""L3_spread_proxy"":{""value"":0.031996952371357364,""score"":68.00304762864263},""L4_volume_zscore"":{""value"":0.29282086398323726,""score"":100.0},""_score"":71.8},""pattern_structure"":{""n_contractions"":3,""contractions_pct"":[21.35,11.68,10.46],""descending_strict"":true,""final_low"":1488.03,""final_pivot"":1661.79,""structural_low"":1488.03,""dry_up_ratio"":1.3024640412000186,""current_price"":1588.12,""neckline_distance_pct"":0.046388182253230284,""base_bars"":43,""recent_base_height"":673.79},""pattern_geometry_features"":{""contraction_count"":3.0,""first_contraction_pct"":0.2135135565426438,""last_contraction_pct"":0.10456194826061055,""dry_up_ratio"":1.3024640412000186,""near_monotone"":1.0,""base_depth_pct"":-0.18452977981563734},""_schema_version"":""1.0""}",,,,,,,,,,
20260505T210937Z-543da1,2026-05-05T21:09:37.858700+00:00,ON,ascending_triangle,absent,55.94,99.7,43.7,15.6,37.2,59.3,41.4,66.6,84.0,83.0,14.96,12.24,1.25,5.22,7.12,3.31,2.66,5.04,4.15,False,,102.67,105.81,94.6388,115.54,"{""trend"":{""T1_ema_stack"":{""value"":[true,true,true],""score"":100.0},""T2_ema50_slope"":{""value"":0.7933294034694982,""score"":100},""T3_high_proximity"":{""value"":0.9965058720760943,""score"":98.25293603804714},""T4_rs_1m"":{""value"":0.5187031012302081,""score"":100},""T5_rs_3m"":{""value"":0.67792165122661,""score"":100},""T6_adr_healthy"":{""value"":4.090231379584576,""score"":100.0},""_score"":99.74},""geometry"":{""sub_flat_top_quality"":33.3,""sub_hl_slope"":62.4,""sub_compression"":0,""sub_duration"":100.0,""_score"":43.71},""compression"":{""VC1_atr_ratio"":{""value"":0.8463252107713052,""score"":38.4186973071737},""VC2_range_contraction"":{""value"":1.0840464540189934,""score"":0},""VC3_range_pct_rank"":{""score"":0.8333333333333304},""_score"":15.58},""sr_quality"":{""SR1_touches"":{""value"":2,""score"":25.0},""SR2_tightness"":{""value"":0.8300000000000054,""score"":68.00374482848801},""SR3_recency"":{""value"":269,""score"":0.0},""SR4_price_location"":{""score"":30.0},""SR5_reaction"":{""value"":1.6070408282679487,""score"":80.35204141339743},""_score"":37.25,""_levels_found"":4,""_target_level"":72.93},""volume"":{""V1_rvol_day"":{""value"":1.8859668732985815,""score"":92.39779155323876},""V2_rvol_sameslot"":{""value"":2.3991138983103943,""score"":100,""status"":""ok""},""V3_breakout_bar"":{""value"":1.196390995499106,""score"":46.426066366607074},""V4_base_dryup"":{""value"":1.4819809090607483,""score"":1.8019090939251754},""V5_bo_expansion"":{""value"":1.885966873298582,""score"":59.06445821990546},""_score"":59.31},""readiness"":{""_distance_atr"":0.605,""BR1_atr_distance"":{""score"":59.65130873953936},""BR2_compression"":{""score"":0},""BR3_retest"":{""score"":50.0},""BR4_bo_age"":{""score"":50.0},""_score"":41.36},""risk"":{""R1_stop_clarity"":{""score"":44.44216511664746},""R2_stop_distance_pct"":{""value"":7.822343430408102,""score"":100.0},""R3_stop_distance_atr"":{""value"":1.5480019550207549,""score"":100.0},""R4_rr_potential"":{""value"":1.6025002490287885,""score"":30.125012451439424},""_score"":66.58},""market"":{""M1_spy_regime"":{""score"":100.0},""M3_earnings_risk"":{""value"":null,""score"":80.0},""M4_vix"":{""value"":null,""score"":60.0},""_score"":84.0},""liquidity"":{""L1_price"":{""value"":102.67,""score"":100.0},""L2_dollar_vol"":{""value"":2287846137.005786,""score"":100.0},""L3_spread_proxy"":{""value"":0.09476965033602809,""score"":5.230349663971907},""L4_volume_zscore"":{""value"":2.1333283795997193,""score"":70.0},""_score"":83.02},""pattern_structure"":{""top"":105.81,""top_touches"":2,""low_slope_per_bar"":0.17983555207517535,""lowest_low"":96.08,""structural_low"":96.08,""current_price"":100.295,""neckline_distance_pct"":0.05498778603120794,""base_bars"":27},""pattern_geometry_features"":{""top_touches"":2.0,""low_slope"":0.17983555207517535,""compression"":-0.14581535535488377,""atr_pct"":0.050531870486579734},""_schema_version"":""1.0""}",,,,,,,,,,
20260505T210937Z-543da1,2026-05-05T21:09:37.858700+00:00,KLAC,inverse_head_shoulders,forming,55.84,79.2,58.1,54.6,44.2,35.4,28.6,74.4,84.0,72.0,9.5,16.26,4.37,6.19,4.96,2.29,4.47,4.2,3.6,False,,1732.9,1847.15,1621.31,2048.3,"{""trend"":{""T1_ema_stack"":{""value"":[false,true,true],""score"":66.66666666666666},""T2_ema50_slope"":{""value"":0.5502439597649323,""score"":100},""T3_high_proximity"":{""value"":0.8955555555555555,""score"":47.77777777777775},""T4_rs_1m"":{""value"":0.026813945995085353,""score"":76.81394599508536},""T5_rs_3m"":{""value"":0.22872650968605024,""score"":100},""T6_adr_healthy"":{""value"":3.3764035906214747,""score"":100.0},""_score"":79.2},""geometry"":{""sub_head_depth"":70.7,""sub_shoulder_price_sym"":44.0,""sub_shoulder_time_sym"":0,""sub_right_shoulder_reaction"":78.7,""sub_base_context"":100.0,""_score"":58.08},""compression"":{""VC1_atr_ratio"":{""value"":0.5940563460906895,""score"":100},""VC2_range_contraction"":{""value"":1.102704406404166,""score"":0},""VC3_range_pct_rank"":{""score"":58.33333333333333},""_score"":54.58},""sr_quality"":{""SR1_touches"":{""value"":3,""score"":50.0},""SR2_tightness"":{""value"":19.994086742501274,""score"":44.88594279358752},""SR3_recency"":{""value"":224,""score"":0.0},""SR4_price_location"":{""score"":30.0},""SR5_reaction"":{""value"":3.79757885191622,""score"":100},""_score"":44.23,""_levels_found"":6,""_target_level"":1673.287},""volume"":{""V1_rvol_day"":{""value"":1.2298096586335145,""score"":48.653977242234305},""V2_rvol_sameslot"":{""value"":1.0962835555622885,""score"":39.7522370374859,""status"":""ok""},""V3_breakout_bar"":{""value"":0.8473752302955989,""score"":23.158348686373262},""V4_base_dryup"":{""value"":1.0185709476085572,""score"":48.142905239144284},""V5_bo_expansion"":{""value"":1.2298096586335145,""score"":15.32064390890097},""_score"":35.4},""readiness"":{""_distance_atr"":1.575,""BR1_atr_distance"":{""score"":0},""BR2_compression"":{""score"":44.365848826239414},""BR3_retest"":{""score"":50.0},""BR4_bo_age"":{""score"":50.0},""_score"":28.59},""risk"":{""R1_stop_clarity"":{""score"":31.941574028797348},""R2_stop_distance_pct"":{""value"":6.439494489006875,""score"":100.0},""R3_stop_distance_atr"":{""value"":1.5379991401633246,""score"":100.0},""R4_rr_potential"":{""value"":2.8264181378259674,""score"":91.32090689129836},""_score"":74.44},""market"":{""M1_spy_regime"":{""score"":100.0},""M3_earnings_risk"":{""value"":null,""score"":80.0},""M4_vix"":{""value"":null,""score"":60.0},""_score"":84.0},""liquidity"":{""L1_price"":{""value"":1732.9,""score"":0.0},""L2_dollar_vol"":{""value"":2060511008.0315838,""score"":100.0},""L3_spread_proxy"":{""value"":0.02961653875007226,""score"":70.38346124992773},""L4_volume_zscore"":{""value"":0.7464920401812385,""score"":100.0},""_score"":72.04},""pattern_structure"":{""left_shoulder"":1772.66,""left_shoulder_idx"":64,""head"":1646.0,""head_idx"":76,""right_shoulder"":1695.0,""right_shoulder_idx"":82,""left_to_head_bars"":12,""head_to_right_bars"":6,""structural_low"":1646.0,""current_price"":1727.85,""neckline_distance_pct"":0.06904534537141545,""base_bars"":18},""pattern_geometry_features"":{""head_depth_pct"":0.05065663877081371,""shoulder_price_asymmetry"":0.044791011806232496,""shoulder_time_asymmetry"":0.5,""right_shoulder_reaction"":0.7870490656540431,""atr_pct"":0.041869298368548157},""_schema_version"":""1.0""}",,,,,,,,,,
20260505T210937Z-543da1,2026-05-05T21:09:37.858700+00:00,VOYG,inverse_head_shoulders,forming,55.66,23.2,53.1,44.7,60.7,68.7,50.5,67.6,84.0,80.4,2.79,14.86,3.57,8.5,9.62,4.04,4.06,4.2,4.02,True,reversal_trend_cap,26.4,26.98,24.4477,29.14,"{""trend"":{""T1_ema_stack"":{""value"":[false,false,false],""score"":0.0},""T2_ema50_slope"":{""value"":0.22195320413391234,""score"":86.99220068898539},""T3_high_proximity"":{""value"":0.8113091579594345,""score"":5.6545789797172175},""T4_rs_1m"":{""value"":-0.1487616669143249,""score"":0},""T5_rs_3m"":{""value"":-0.16641847142964716,""score"":0},""T6_adr_healthy"":{""value"":7.391980910788512,""score"":100.0},""_score"":23.25},""geometry"":{""sub_head_depth"":63.2,""sub_shoulder_price_sym"":60.5,""sub_shoulder_time_sym"":0,""sub_right_shoulder_reaction"":88.9,""sub_base_context"":30.0,""_score"":53.07},""compression"":{""VC1_atr_ratio"":{""value"":0.4411836826581858,""score"":100},""VC2_range_contraction"":{""value"":0.9236694002754753,""score"":12.72176662075412},""VC3_range_pct_rank"":{""score"":0.8333333333333304},""_score"":44.66},""sr_quality"":{""SR1_touches"":{""value"":6,""score"":100},""SR2_tightness"":{""value"":0.4145280519257211,""score"":62.461762638559},""SR3_recency"":{""value"":139,""score"":0.0},""SR4_price_location"":{""score"":25.293824434493533},""SR5_reaction"":{""value"":2.253628461497828,""score"":100},""_score"":60.69,""_levels_found"":4,""_target_level"":29.4224},""volume"":{""V1_rvol_day"":{""value"":1.9943203507940082,""score"":99.62135671960054},""V2_rvol_sameslot"":{""value"":2.179760814298224,""score"":100,""status"":""ok""},""V3_breakout_bar"":{""value"":0.8781066896634148,""score"":25.207112644227653},""V4_base_dryup"":{""value"":0.8726728466937539,""score"":62.732715330624615},""V5_bo_expansion"":{""value"":1.9943203507940082,""score"":66.28802338626721},""_score"":68.72},""readiness"":{""_distance_atr"":0.263,""BR1_atr_distance"":{""score"":82.49239702155133},""BR2_compression"":{""score"":0},""BR3_retest"":{""score"":50.0},""BR4_bo_age"":{""score"":50.0},""_score"":50.5},""risk"":{""R1_stop_clarity"":{""score"":66.28579005753583},""R2_stop_distance_pct"":{""value"":7.395075757575749,""score"":100.0},""R3_stop_distance_atr"":{""value"":0.8839679300385825,""score"":69.19839650192912},""R4_rr_potential"":{""value"":1.4034728269220946,""score"":20.17364134610473},""_score"":67.61},""market"":{""M1_spy_regime"":{""score"":100.0},""M3_earnings_risk"":{""value"":null,""score"":80.0},""M4_vix"":{""value"":null,""score"":60.0},""_score"":84.0},""liquidity"":{""L1_price"":{""value"":26.4,""score"":100.0},""L2_dollar_vol"":{""value"":78483424.00348559,""score"":94.73889708950568},""L3_spread_proxy"":{""value"":0.16780303030303031,""score"":0},""L4_volume_zscore"":{""value"":2.2696295575803527,""score"":70.0},""_score"":80.4},""pattern_structure"":{""left_shoulder"":26.35,""left_shoulder_idx"":65,""head"":24.82,""head_idx"":71,""right_shoulder"":25.53,""right_shoulder_idx"":83,""left_to_head_bars"":6,""head_to_right_bars"":12,""structural_low"":24.82,""current_price"":26.57,""neckline_distance_pct"":0.015430937147158454,""base_bars"":18},""pattern_geometry_features"":{""head_depth_pct"":0.04317656129529687,""shoulder_price_asymmetry"":0.031611410948342335,""shoulder_time_asymmetry"":0.5,""right_shoulder_reaction"":0.8888888888888872,""atr_pct"":0.08365773809523809},""_schema_version"":""1.0""}",,,,,,,,,,
20260505T210937Z-543da1,2026-05-05T21:09:37.858700+00:00,LSCC,bull_flag,absent,55.63,98.0,37.6,36.0,42.0,61.2,33.8,75.8,84.0,85.3,13.72,11.28,3.24,4.2,8.57,3.04,2.27,5.04,4.26,False,,122.27,127.9462,113.2849,145.1024,"{""trend"":{""T1_ema_stack"":{""value"":[true,true,true],""score"":100.0},""T2_ema50_slope"":{""value"":0.5910949162473388,""score"":100},""T3_high_proximity"":{""value"":0.9737198375408139,""score"":86.85991877040694},""T4_rs_1m"":{""value"":0.15900240566142787,""score"":100},""T5_rs_3m"":{""value"":0.451693674874976,""score"":100},""T6_adr_healthy"":{""value"":4.659153399560216,""score"":100.0},""_score"":98.03},""geometry"":{""sub_pole_impulse"":49.0,""sub_flag_tightness"":0,""sub_flag_shallowness"":0,""sub_flag_drift"":85.9,""sub_flag_duration"":100.0,""_score"":37.59},""compression"":{""VC1_atr_ratio"":{""value"":0.6634110311671293,""score"":84.14724220821768},""VC2_range_contraction"":{""value"":1.1235300643818174,""score"":0},""VC3_range_pct_rank"":{""score"":9.166666666666668},""_score"":35.95},""sr_quality"":{""SR1_touches"":{""value"":2,""score"":25.0},""SR2_tightness"":{""value"":0.634999999999998,""score"":80.14432773250016},""SR3_recency"":{""value"":226,""score"":0.0},""SR4_price_location"":{""score"":30.0},""SR5_reaction"":{""value"":2.6419144530979546,""score"":100},""_score"":42.02,""_levels_found"":6,""_target_level"":108.715},""volume"":{""V1_rvol_day"":{""value"":2.0816620483660717,""score"":100},""V2_rvol_sameslot"":{""value"":2.335434382594664,""score"":100,""status"":""ok""},""V3_breakout_bar"":{""value"":1.123007495429519,""score"":41.533833028634604},""V4_base_dryup"":{""value"":1.918743238662148,""score"":0},""V5_bo_expansion"":{""value"":2.081662048366072,""score"":72.1108032244048},""_score"":61.2},""readiness"":{""_distance_atr"":0.887,""BR1_atr_distance"":{""score"":40.83739269040257},""BR2_compression"":{""score"":0},""BR3_retest"":{""score"":50.0},""BR4_bo_age"":{""score"":50.0},""_score"":33.83},""risk"":{""R1_stop_clarity"":{""score"":46.05667242161032},""R2_stop_distance_pct"":{""value"":7.348613723726172,""score"":100.0},""R3_stop_distance_atr"":{""value"":1.4047731785380044,""score"":95.23865892690023},""R4_rr_potential"":{""value"":2.5411261915493917,""score"":77.05630957746959},""_score"":75.82},""market"":{""M1_spy_regime"":{""score"":100.0},""M3_earnings_risk"":{""value"":null,""score"":80.0},""M4_vix"":{""value"":null,""score"":60.0},""_score"":84.0},""liquidity"":{""L1_price"":{""value"":122.27,""score"":100.0},""L2_dollar_vol"":{""value"":549555161.9852229,""score"":100.0},""L3_spread_proxy"":{""value"":0.07238079659769359,""score"":27.61920340230641},""L4_volume_zscore"":{""value"":2.252165206913237,""score"":70.0},""_score"":85.26},""pattern_structure"":{""pole_low"":110.79,""pole_low_idx"":26,""peak_price"":127.9462,""peak_idx"":51,""pole_gain"":0.154853326112465,""flag_bars"":8,""flag_low"":115.01,""flag_high"":127.49,""structural_low"":115.01,""current_price"":120.88,""neckline_distance_pct"":0.05845632031767049,""base_bars"":8},""pattern_geometry_features"":{""pole_gain"":0.154853326112465,""pullback_pct"":0.10110655885051685,""flag_range_pct"":0.09754099770059595,""flag_drift_per_bar"":-0.0028193544956037243,""atr_pct"":0.052311745668251766,""pole_atr_multiple"":2.960201846340719},""_schema_version"":""1.0""}",,,,,,,,,,
20260505T210937Z-543da1,2026-05-05T21:09:37.858700+00:00,QCOM,ascending_triangle,forming,55.45,85.7,55.0,0.2,40.0,43.1,69.4,32.8,84.0,90.0,12.86,15.4,0.02,5.6,5.18,5.55,1.31,5.04,4.5,False,,186.55,186.8899,162.3182,208.9898,"{""trend"":{""T1_ema_stack"":{""value"":[true,true,false],""score"":66.66666666666666},""T2_ema50_slope"":{""value"":0.12136680246828337,""score"":70.22780041138056},""T3_high_proximity"":{""value"":1.0,""score"":99.99999999999997},""T4_rs_1m"":{""value"":0.38533303298788657,""score"":100},""T5_rs_3m"":{""value"":0.21783857089126757,""score"":100},""T6_adr_healthy"":{""value"":4.4295277606352785,""score"":100.0},""_score"":85.71},""geometry"":{""sub_flat_top_quality"":33.3,""sub_hl_slope"":100,""sub_compression"":0,""sub_duration"":100.0,""_score"":54.99},""compression"":{""VC1_atr_ratio"":{""value"":1.5654393573714174,""score"":0},""VC2_range_contraction"":{""value"":2.939060656557996,""score"":0},""VC3_range_pct_rank"":{""score"":0.8333333333333304},""_score"":0.21},""sr_quality"":{""SR1_touches"":{""value"":2,""score"":25.0},""SR2_tightness"":{""value"":0.5049999999999955,""score"":89.98091129776259},""SR3_recency"":{""value"":303,""score"":0.0},""SR4_price_location"":{""score"":30.0},""SR5_reaction"":{""value"":1.5311349912775813,""score"":76.55674956387907},""_score"":39.98,""_levels_found"":5,""_target_level"":183.945},""volume"":{""V1_rvol_day"":{""value"":1.7254484784663813,""score"":81.6965652310921},""V2_rvol_sameslot"":{""value"":1.6322572954277363,""score"":75.48381969518242,""status"":""ok""},""V3_breakout_bar"":{""value"":0.7668420156884925,""score"":17.789467712566168},""V4_base_dryup"":{""value"":1.590482157110223,""score"":0},""V5_bo_expansion"":{""value"":1.7254484784663808,""score"":48.36323189775872},""_score"":43.14},""readiness"":{""_distance_atr"":0.034,""BR1_atr_distance"":{""score"":97.7521529703693},""BR2_compression"":{""score"":51.03308578968813},""BR3_retest"":{""score"":50.0},""BR4_bo_age"":{""score"":50.0},""_score"":69.36},""risk"":{""R1_stop_clarity"":{""score"":50.95904077499869},""R2_stop_distance_pct"":{""value"":12.98946663093005,""score"":0.0},""R3_stop_distance_atr"":{""value"":2.403772817517959,""score"":100.0},""R4_rr_potential"":{""value"":0.9260456795498492,""score"":0.0},""_score"":32.84},""market"":{""M1_spy_regime"":{""score"":100.0},""M3_earnings_risk"":{""value"":null,""score"":80.0},""M4_vix"":{""value"":null,""score"":60.0},""_score"":84.0},""liquidity"":{""L1_price"":{""value"":186.55,""score"":100.0},""L2_dollar_vol"":{""value"":6162608831.633191,""score"":100.0},""L3_spread_proxy"":{""value"":0.12023586169927636,""score"":0},""L4_volume_zscore"":{""value"":0.9491066612750817,""score"":100.0},""_score"":90.0},""pattern_structure"":{""top"":186.8899,""top_touches"":2,""low_slope_per_bar"":0.7073834771354612,""lowest_low"":164.79,""structural_low"":164.79,""current_price"":185.15,""neckline_distance_pct"":0.009397245476640592,""base_bars"":35},""pattern_geometry_features"":{""top_touches"":2.0,""low_slope"":0.7073834771354612,""compression"":-1.8487011536541131,""atr_pct"":0.05403782976605276},""_schema_version"":""1.0""}",,,,,,,,,,
20260505T210937Z-543da1,2026-05-05T21:09:37.858700+00:00,CRML,high_tight_pullback,forming,55.39,74.6,58.4,17.9,57.7,26.1,60.8,82.3,84.0,91.7,8.95,20.45,1.79,4.62,3.65,5.47,0.82,5.04,4.59,False,,13.31,14.08,13.0119,17.11,"{""trend"":{""T1_ema_stack"":{""value"":[true,true,true],""score"":100.0},""T2_ema50_slope"":{""value"":0.41460838840174746,""score"":100},""T3_high_proximity"":{""value"":0.9211072664359863,""score"":60.55363321799312},""T4_rs_1m"":{""value"":0.5448079218591009,""score"":100},""T5_rs_3m"":{""value"":-0.17052887536340156,""score"":0},""T6_adr_healthy"":{""value"":11.573425814508898,""score"":10.664354637277551},""_score"":74.62},""geometry"":{""sub_pole_impulse"":25.9,""sub_flag_tightness"":71.9,""sub_flag_shallowness"":54.9,""sub_flag_drift"":78.1,""sub_flag_duration"":100.0,""_score"":58.44},""compression"":{""VC1_atr_ratio"":{""value"":1.0357884937468052,""score"":0},""VC2_range_contraction"":{""value"":1.1169824819847685,""score"":0},""VC3_range_pct_rank"":{""score"":71.66666666666667},""_score"":17.92},""sr_quality"":{""SR1_touches"":{""value"":3,""score"":50.0},""SR2_tightness"":{""value"":0.3630977860332145,""score"":59.50265086246795},""SR3_recency"":{""value"":227,""score"":0.0},""SR4_price_location"":{""score"":75.0429751921886},""SR5_reaction"":{""value"":2.639593382912363,""score"":100},""_score"":57.69,""_levels_found"":4,""_target_level"":14.2634},""volume"":{""V1_rvol_day"":{""value"":0.9687122445572635,""score"":31.24748297048423},""V2_rvol_sameslot"":{""value"":0.8774111264658289,""score"":25.16074176438859,""status"":""ok""},""V3_breakout_bar"":{""value"":0.4581318633861155,""score"":0},""V4_base_dryup"":{""value"":0.7606551518857193,""score"":73.93448481142806},""V5_bo_expansion"":{""value"":0.9687122445572632,""score"":0},""_score"":26.07},""readiness"":{""_distance_atr"":0.429,""BR1_atr_distance"":{""score"":71.37322227843127},""BR2_compression"":{""score"":58.9408710749574},""BR3_retest"":{""score"":50.0},""BR4_bo_age"":{""score"":50.0},""_score"":60.78},""risk"":{""R1_stop_clarity"":{""score"":77.89975582261488},""R2_stop_distance_pct"":{""value"":2.240045078888052,""score"":100.0},""R3_stop_distance_atr"":{""value"":0.1662676709938775,""score"":33.313383549693874},""R4_rr_potential"":{""value"":12.745262451786024,""score"":100.0},""_score"":82.26},""market"":{""M1_spy_regime"":{""score"":100.0},""M3_earnings_risk"":{""value"":null,""score"":80.0},""M4_vix"":{""value"":null,""score"":60.0},""_score"":84.0},""liquidity"":{""L1_price"":{""value"":13.31,""score"":100.0},""L2_dollar_vol"":{""value"":259791209.61161423,""score"":100.0},""L3_spread_proxy"":{""value"":0.08264462809917353,""score"":17.35537190082647},""L4_volume_zscore"":{""value"":-0.03912278501928354,""score"":100.0},""_score"":91.74},""pattern_structure"":{""pole_low"":11.05,""pole_low_idx"":30,""peak_price"":14.08,""peak_idx"":54,""pole_gain"":0.27420814479638,""flag_bars"":5,""flag_low"":13.21,""flag_high"":13.86,""structural_low"":13.21,""current_price"":13.37,""neckline_distance_pct"":0.053103964098728564,""base_bars"":5},""pattern_geometry_features"":{""pole_gain"":0.27420814479638,""pullback_pct"":0.06178977272727267,""flag_range_pct"":0.046164772727272624,""flag_drift_per_bar"":-0.0043754674644727485,""atr_pct"":0.1347252334442417,""pole_atr_multiple"":2.035313933301631},""_schema_version"":""1.0""}",,,,,,,,,,
20260505T210937Z-543da1,2026-05-05T21:09:37.858700+00:00,ETN,vcp,absent,55.0,91.1,41.2,40.4,37.9,76.2,17.5,67.2,84.0,85.8,13.66,10.3,4.85,4.54,9.91,1.23,3.36,5.04,4.29,True,risk_unclear,410.86,432.34,395.6252,522.68,"{""trend"":{""T1_ema_stack"":{""value"":[true,true,true],""score"":100.0},""T2_ema50_slope"":{""value"":0.36087814029287485,""score"":100},""T3_high_proximity"":{""value"":0.9488464469642734,""score"":74.4232234821367},""T4_rs_1m"":{""value"":0.030675513781636132,""score"":80.67551378163614},""T5_rs_3m"":{""value"":0.0836560923745211,""score"":91.82804618726055},""T6_adr_healthy"":{""value"":2.9421671604051745,""score"":100.0},""_score"":91.07},""geometry"":{""sub_contraction_count"":100.0,""sub_reduction_rate"":0,""sub_pivot_tightness"":41.4,""sub_volume_dryup"":0,""sub_base_depth"":0.0,""sub_base_duration"":100.0,""_score"":41.21},""compression"":{""VC1_atr_ratio"":{""value"":0.5672014141937238,""score"":100},""VC2_range_contraction"":{""value"":1.1026488890350927,""score"":0},""VC3_range_pct_rank"":{""score"":1.6666666666666718},""_score"":40.42},""sr_quality"":{""SR1_touches"":{""value"":2,""score"":25.0},""SR2_tightness"":{""value"":3.4000000000000057,""score"":52.45652918679683},""SR3_recency"":{""value"":226,""score"":0.0},""SR4_price_location"":{""score"":30.0},""SR5_reaction"":{""value"":2.5243485495745563,""score"":100},""_score"":37.87,""_levels_found"":7,""_target_level"":405.05},""volume"":{""V1_rvol_day"":{""value"":2.6272059896297923,""score"":100},""V2_rvol_sameslot"":{""value"":2.685594444767821,""score"":100,""status"":""ok""},""V3_breakout_bar"":{""value"":0.9843770226156272,""score"":32.29180150770848},""V4_base_dryup"":{""value"":0.8418918542238389,""score"":65.8108145776161},""V5_bo_expansion"":{""value"":2.6272059896297923,""score"":100},""_score"":76.24},""readiness"":{""_distance_atr"":1.502,""BR1_atr_distance"":{""score"":0},""BR2_compression"":{""score"":0},""BR3_retest"":{""score"":50.0},""BR4_bo_age"":{""score"":50.0},""_score"":17.5},""risk"":{""R1_stop_clarity"":{""score"":15.753668887692783},""R2_stop_distance_pct"":{""value"":3.7080148955848755,""score"":100.0},""R3_stop_distance_atr"":{""value"":1.0651660176050688,""score"":78.25830088025344},""R4_rr_potential"":{""value"":7.3397988152086375,""score"":100.0},""_score"":67.25},""market"":{""M1_spy_regime"":{""score"":100.0},""M3_earnings_risk"":{""value"":null,""score"":80.0},""M4_vix"":{""value"":null,""score"":60.0},""_score"":84.0},""liquidity"":{""L1_price"":{""value"":410.86,""score"":100.0},""L2_dollar_vol"":{""value"":2820311542.3954105,""score"":100.0},""L3_spread_proxy"":{""value"":0.06734654140096387,""score"":32.65345859903613},""L4_volume_zscore"":{""value"":3.9080152192708875,""score"":70.0},""_score"":85.77},""pattern_structure"":{""n_contractions"":5,""contractions_pct"":[11.9,10.53,5.28,10.11,7.1],""descending_strict"":false,""final_low"":401.65,""final_pivot"":432.34,""structural_low"":401.65,""dry_up_ratio"":1.4303792548310148,""current_price"":410.86,""neckline_distance_pct"":0.05228058219344779,""base_bars"":51,""recent_base_height"":90.33999999999997},""pattern_geometry_features"":{""contraction_count"":5.0,""first_contraction_pct"":0.11901089484637047,""last_contraction_pct"":0.07098579821436832,""dry_up_ratio"":1.4303792548310148,""near_monotone"":0.0,""base_depth_pct"":0.016648304566042382},""_schema_version"":""1.0""}",,,,,,,,,,
20260505T210937Z-543da1,2026-05-05T21:09:37.858700+00:00,ETN,double_bottom,forming,55.0,91.1,79.5,40.4,37.9,75.5,17.5,66.7,84.0,85.8,13.66,19.89,3.23,5.3,9.81,1.4,4.0,5.04,4.29,True,risk_unclear,410.86,435.43,382.4361,482.6,"{""trend"":{""T1_ema_stack"":{""value"":[true,true,true],""score"":100.0},""T2_ema50_slope"":{""value"":0.36087814029287485,""score"":100},""T3_high_proximity"":{""value"":0.9488464469642734,""score"":74.4232234821367},""T4_rs_1m"":{""value"":0.030675513781636132,""score"":80.67551378163614},""T5_rs_3m"":{""value"":0.0836560923745211,""score"":91.82804618726055},""T6_adr_healthy"":{""value"":2.9421671604051745,""score"":100.0},""_score"":91.07},""geometry"":{""sub_low_similarity"":32.2,""sub_bounce_quality"":100,""sub_separation_fit"":100.0,""sub_right_bottom_reaction"":99.3,""sub_base_context"":100.0,""_score"":79.55},""compression"":{""VC1_atr_ratio"":{""value"":0.5672014141937238,""score"":100},""VC2_range_contraction"":{""value"":1.1026488890350927,""score"":0},""VC3_range_pct_rank"":{""score"":1.6666666666666718},""_score"":40.42},""sr_quality"":{""SR1_touches"":{""value"":2,""score"":25.0},""SR2_tightness"":{""value"":3.4000000000000057,""score"":52.45652918679683},""SR3_recency"":{""value"":226,""score"":0.0},""SR4_price_location"":{""score"":30.0},""SR5_reaction"":{""value"":2.5243485495745563,""score"":100},""_score"":37.87,""_levels_found"":7,""_target_level"":405.05},""volume"":{""V1_rvol_day"":{""value"":2.6272059896297923,""score"":100},""V2_rvol_sameslot"":{""value"":2.685594444767821,""score"":100,""status"":""ok""},""V3_breakout_bar"":{""value"":0.9843770226156272,""score"":32.29180150770848},""V4_base_dryup"":{""value"":0.8795783111353104,""score"":62.042168886468964},""V5_bo_expansion"":{""value"":2.6272059896297923,""score"":100},""_score"":75.48},""readiness"":{""_distance_atr"":1.718,""BR1_atr_distance"":{""score"":0},""BR2_compression"":{""score"":0},""BR3_retest"":{""score"":50.0},""BR4_bo_age"":{""score"":50.0},""_score"":17.5},""risk"":{""R1_stop_clarity"":{""score"":18.562229509113962},""R2_stop_distance_pct"":{""value"":6.918147300783723,""score"":100.0},""R3_stop_distance_atr"":{""value"":1.9873100883050052,""score"":100.0},""R4_rr_potential"":{""value"":2.5239323245578547,""score"":76.19661622789273},""_score"":66.74},""market"":{""M1_spy_regime"":{""score"":100.0},""M3_earnings_risk"":{""value"":null,""score"":80.0},""M4_vix"":{""value"":null,""score"":60.0},""_score"":84.0},""liquidity"":{""L1_price"":{""value"":410.86,""score"":100.0},""L2_dollar_vol"":{""value"":2820311542.3954105,""score"":100.0},""L3_spread_proxy"":{""value"":0.06734654140096387,""score"":32.65345859903613},""L4_volume_zscore"":{""value"":3.9080152192708875,""score"":70.0},""_score"":85.77},""pattern_structure"":{""left_low"":401.65,""left_idx"":45,""right_low"":388.26,""right_idx"":74,""separation_bars"":29,""structural_low"":388.26,""current_price"":407.4,""neckline_distance_pct"":0.06880216003927352,""base_bars"":29},""pattern_geometry_features"":{""low_similarity_pct"":0.03390259649833522,""bounce_pct"":0.12149075361870916,""right_bottom_reaction"":0.9929324969123868,""atr_pct"":0.03481161466192864},""_schema_version"":""1.0""}",,,,,,,,,,
20260505T210937Z-543da1,2026-05-05T21:09:37.858700+00:00,GD,high_tight_pullback,forming,55.0,39.8,85.9,51.0,56.5,24.2,64.1,61.5,84.0,98.0,4.77,30.07,5.1,4.52,3.39,5.77,0.61,5.04,4.9,True,risk_unclear,349.16,353.57,339.2094,400.37,"{""trend"":{""T1_ema_stack"":{""value"":[true,false,true],""score"":66.66666666666666},""T2_ema50_slope"":{""value"":-0.17735269585581726,""score"":20.44121735736379},""T3_high_proximity"":{""value"":0.9536763902545614,""score"":76.83819512728068},""T4_rs_1m"":{""value"":-0.10474817967628292,""score"":0},""T5_rs_3m"":{""value"":-0.06696584165777963,""score"":16.517079171110183},""T6_adr_healthy"":{""value"":2.2409119667148003,""score"":100.0},""_score"":39.76},""geometry"":{""sub_pole_impulse"":100.0,""sub_flag_tightness"":74.3,""sub_flag_shallowness"":65.9,""sub_flag_drift"":94.4,""sub_flag_duration"":100.0,""_score"":85.92},""compression"":{""VC1_atr_ratio"":{""value"":0.5935866693460151,""score"":100},""VC2_range_contraction"":{""value"":1.2866567500557977,""score"":0},""VC3_range_pct_rank"":{""score"":44.166666666666664},""_score"":51.04},""sr_quality"":{""SR1_touches"":{""value"":2,""score"":25.0},""SR2_tightness"":{""value"":0.23500000000001364,""score"":95.1260956100044},""SR3_recency"":{""value"":258,""score"":0.0},""SR4_price_location"":{""score"":98.65631531800557},""SR5_reaction"":{""value"":1.344990211451898,""score"":67.2495105725949},""_score"":56.52,""_levels_found"":5,""_target_level"":349.235},""volume"":{""V1_rvol_day"":{""value"":0.7234438486926028,""score"":14.896256579506852},""V2_rvol_sameslot"":{""value"":1.049353284644295,""score"":36.62355230961967,""status"":""ok""},""V3_breakout_bar"":{""value"":1.059044877134706,""score"":37.26965847564707},""V4_base_dryup"":{""value"":1.2715883589078765,""score"":22.841164109212357},""V5_bo_expansion"":{""value"":0.7234438486926028,""score"":0},""_score"":24.19},""readiness"":{""_distance_atr"":0.457,""BR1_atr_distance"":{""score"":69.51217253917847},""BR2_compression"":{""score"":75.32518238927184},""BR3_retest"":{""score"":50.0},""BR4_bo_age"":{""score"":50.0},""_score"":64.14},""risk"":{""R1_stop_clarity"":{""score"":0},""R2_stop_distance_pct"":{""value"":2.8498754152823924,""score"":100.0},""R3_stop_distance_atr"":{""value"":1.031880741929726,""score"":76.5940370964863},""R4_rr_potential"":{""value"":5.146410401356696,""score"":100.0},""_score"":61.49},""market"":{""M1_spy_regime"":{""score"":100.0},""M3_earnings_risk"":{""value"":null,""score"":80.0},""M4_vix"":{""value"":null,""score"":60.0},""_score"":84.0},""liquidity"":{""L1_price"":{""value"":349.16,""score"":100.0},""L2_dollar_vol"":{""value"":406035101.93034714,""score"":100.0},""L3_spread_proxy"":{""value"":0.020148356054530945,""score"":79.85164394546905},""L4_volume_zscore"":{""value"":-0.8214360281410767,""score"":100.0},""_score"":97.99},""pattern_structure"":{""pole_low"":306.77,""pole_low_idx"":24,""peak_price"":353.57,""peak_idx"":49,""pole_gain"":0.15255729047820848,""flag_bars"":10,""flag_low"":344.375,""flag_high"":352.69,""structural_low"":344.375,""current_price"":347.9,""neckline_distance_pct"":0.016297786720321977,""base_bars"":10},""pattern_geometry_features"":{""pole_gain"":0.15255729047820848,""pullback_pct"":0.026006165681477483,""flag_range_pct"":0.02351726673643125,""flag_drift_per_bar"":-0.0011273702822998648,""atr_pct"":0.027618263424054452,""pole_atr_multiple"":5.5237828727977485},""_schema_version"":""1.0""}",,,,,,,,,,
20260505T210937Z-543da1,2026-05-05T21:09:37.858700+00:00,CRML,ascending_triangle,forming,55.0,74.6,65.0,17.9,57.7,28.0,60.8,47.9,84.0,91.7,11.19,18.2,1.43,8.08,3.36,4.86,1.91,5.04,4.59,True,stop_too_wide,13.31,14.08,10.9827,17.01,"{""trend"":{""T1_ema_stack"":{""value"":[true,true,true],""score"":100.0},""T2_ema50_slope"":{""value"":0.41460838840174746,""score"":100},""T3_high_proximity"":{""value"":0.9211072664359863,""score"":60.55363321799312},""T4_rs_1m"":{""value"":0.5448079218591009,""score"":100},""T5_rs_3m"":{""value"":-0.17052887536340156,""score"":0},""T6_adr_healthy"":{""value"":11.573425814508898,""score"":10.664354637277551},""_score"":74.62},""geometry"":{""sub_flat_top_quality"":66.7,""sub_hl_slope"":100,""sub_compression"":0,""sub_duration"":100.0,""_score"":65.01},""compression"":{""VC1_atr_ratio"":{""value"":1.0357884937468052,""score"":0},""VC2_range_contraction"":{""value"":1.1169824819847685,""score"":0},""VC3_range_pct_rank"":{""score"":71.66666666666667},""_score"":17.92},""sr_quality"":{""SR1_touches"":{""value"":3,""score"":50.0},""SR2_tightness"":{""value"":0.3630977860332145,""score"":59.50265086246795},""SR3_recency"":{""value"":227,""score"":0.0},""SR4_price_location"":{""score"":75.0429751921886},""SR5_reaction"":{""value"":2.639593382912363,""score"":100},""_score"":57.69,""_levels_found"":4,""_target_level"":14.2634},""volume"":{""V1_rvol_day"":{""value"":0.9687122445572635,""score"":31.24748297048423},""V2_rvol_sameslot"":{""value"":0.8774111264658289,""score"":25.16074176438859,""status"":""ok""},""V3_breakout_bar"":{""value"":0.4581318633861155,""score"":0},""V4_base_dryup"":{""value"":0.6620055118772471,""score"":83.79944881227529},""V5_bo_expansion"":{""value"":0.9687122445572632,""score"":0},""_score"":28.04},""readiness"":{""_distance_atr"":0.429,""BR1_atr_distance"":{""score"":71.37322227843127},""BR2_compression"":{""score"":58.9408710749574},""BR3_retest"":{""score"":50.0},""BR4_bo_age"":{""score"":50.0},""_score"":60.78},""risk"":{""R1_stop_clarity"":{""score"":81.34612243922442},""R2_stop_distance_pct"":{""value"":17.484973703981975,""score"":0.0},""R3_stop_distance_atr"":{""value"":1.2978247101140432,""score"":89.89123550570216},""R4_rr_potential"":{""value"":1.58985927596949,""score"":29.492963798474502},""_score"":47.85},""market"":{""M1_spy_regime"":{""score"":100.0},""M3_earnings_risk"":{""value"":null,""score"":80.0},""M4_vix"":{""value"":null,""score"":60.0},""_score"":84.0},""liquidity"":{""L1_price"":{""value"":13.31,""score"":100.0},""L2_dollar_vol"":{""value"":259791209.61161423,""score"":100.0},""L3_spread_proxy"":{""value"":0.08264462809917353,""score"":17.35537190082647},""L4_volume_zscore"":{""value"":-0.03912278501928354,""score"":100.0},""_score"":91.74},""pattern_structure"":{""top"":14.08,""top_touches"":3,""low_slope_per_bar"":0.05821287878787883,""lowest_low"":11.15,""structural_low"":11.15,""current_price"":13.37,""neckline_distance_pct"":0.053103964098728564,""base_bars"":44},""pattern_geometry_features"":{""top_touches"":3.0,""low_slope"":0.05821287878787883,""compression"":-0.15483042297589744,""atr_pct"":0.1347252334442417},""_schema_version"":""1.0""}",,,,,,,,,,
20260505T210937Z-543da1,2026-05-05T21:09:37.858700+00:00,TXN,ascending_triangle,absent,55.0,99.7,48.6,11.9,49.5,24.9,56.4,50.3,84.0,97.5,14.95,13.6,0.95,6.94,2.99,4.51,2.01,5.04,4.88,True,risk_unclear,281.0,283.79,271.4463,292.0,"{""trend"":{""T1_ema_stack"":{""value"":[true,true,true],""score"":100.0},""T2_ema50_slope"":{""value"":0.5485753806559831,""score"":100},""T3_high_proximity"":{""value"":0.9956418523898947,""score"":97.8209261949473},""T4_rs_1m"":{""value"":0.31068439573209794,""score"":100},""T5_rs_3m"":{""value"":0.198067333417987,""score"":100},""T6_adr_healthy"":{""value"":2.9882777548746775,""score"":100.0},""_score"":99.67},""geometry"":{""sub_flat_top_quality"":33.3,""sub_hl_slope"":61.3,""sub_compression"":20.8,""sub_duration"":100.0,""_score"":48.58},""compression"":{""VC1_atr_ratio"":{""value"":1.1986504218110066,""score"":0},""VC2_range_contraction"":{""value"":1.4700231488385147,""score"":0},""VC3_range_pct_rank"":{""score"":47.5},""_score"":11.88},""sr_quality"":{""SR1_touches"":{""value"":4,""score"":75.0},""SR2_tightness"":{""value"":2.6941881894181074,""score"":50.478415709028525},""SR3_recency"":{""value"":270,""score"":0.0},""SR4_price_location"":{""score"":30.0},""SR5_reaction"":{""value"":1.595116853243669,""score"":79.75584266218345},""_score"":49.54,""_levels_found"":5,""_target_level"":228.58},""volume"":{""V1_rvol_day"":{""value"":0.8872022036513827,""score"":25.813480243425513},""V2_rvol_sameslot"":{""value"":0.8201594157283968,""score"":21.343961048559787,""status"":""ok""},""V3_breakout_bar"":{""value"":0.985659052137549,""score"":32.377270142503264},""V4_base_dryup"":{""value"":1.1297449175487464,""score"":37.02550824512536},""V5_bo_expansion"":{""value"":0.8872022036513829,""score"":0},""_score"":24.93},""readiness"":{""_distance_atr"":0.256,""BR1_atr_distance"":{""score"":82.90576969660356},""BR2_compression"":{""score"":23.031381280740636},""BR3_retest"":{""score"":50.0},""BR4_bo_age"":{""score"":50.0},""_score"":56.42},""risk"":{""R1_stop_clarity"":{""score"":24.018903435323708},""R2_stop_distance_pct"":{""value"":3.399893238434161,""score"":100.0},""R3_stop_distance_atr"":{""value"":0.8780276776857918,""score"":68.90138388428959},""R4_rr_potential"":{""value"":1.1513863738656296,""score"":7.569318693281479},""_score"":50.26},""market"":{""M1_spy_regime"":{""score"":100.0},""M3_earnings_risk"":{""value"":null,""score"":80.0},""M4_vix"":{""value"":null,""score"":60.0},""_score"":84.0},""liquidity"":{""L1_price"":{""value"":281.0,""score"":100.0},""L2_dollar_vol"":{""value"":2045883557.713675,""score"":100.0},""L3_spread_proxy"":{""value"":0.024608540925266976,""score"":75.39145907473302},""L4_volume_zscore"":{""value"":-0.1904935305825222,""score"":100.0},""_score"":97.54},""pattern_structure"":{""top"":283.79,""top_touches"":2,""low_slope_per_bar"":0.5064869542619554,""lowest_low"":275.58,""structural_low"":275.58,""current_price"":279.665,""neckline_distance_pct"":0.014749789927234368,""base_bars"":25},""pattern_geometry_features"":{""top_touches"":2.0,""low_slope"":0.5064869542619554,""compression"":0.10378858985575568,""atr_pct"":0.03872193695983734},""_schema_version"":""1.0""}",,,,,,,,,,
20260505T210937Z-543da1,2026-05-05T21:09:37.858700+00:00,TXN,double_bottom,forming,55.0,99.7,59.8,11.9,49.5,30.5,56.4,52.7,84.0,97.5,14.95,14.95,0.95,6.94,3.97,4.51,3.16,5.04,4.88,True,risk_unclear,281.0,283.79,267.9298,295.57,"{""trend"":{""T1_ema_stack"":{""value"":[true,true,true],""score"":100.0},""T2_ema50_slope"":{""value"":0.5485753806559831,""score"":100},""T3_high_proximity"":{""value"":0.9956418523898947,""score"":97.8209261949473},""T4_rs_1m"":{""value"":0.31068439573209794,""score"":100},""T5_rs_3m"":{""value"":0.198067333417987,""score"":100},""T6_adr_healthy"":{""value"":2.9882777548746775,""score"":100.0},""_score"":99.67},""geometry"":{""sub_low_similarity"":73.9,""sub_bounce_quality"":19.0,""sub_separation_fit"":26.7,""sub_right_bottom_reaction"":65.6,""sub_base_context"":100.0,""_score"":59.81},""compression"":{""VC1_atr_ratio"":{""value"":1.1986504218110066,""score"":0},""VC2_range_contraction"":{""value"":1.4700231488385147,""score"":0},""VC3_range_pct_rank"":{""score"":47.5},""_score"":11.88},""sr_quality"":{""SR1_touches"":{""value"":4,""score"":75.0},""SR2_tightness"":{""value"":2.6941881894181074,""score"":50.478415709028525},""SR3_recency"":{""value"":270,""score"":0.0},""SR4_price_location"":{""score"":30.0},""SR5_reaction"":{""value"":1.595116853243669,""score"":79.75584266218345},""_score"":49.54,""_levels_found"":5,""_target_level"":228.58},""volume"":{""V1_rvol_day"":{""value"":0.8872022036513827,""score"":25.813480243425513},""V2_rvol_sameslot"":{""value"":0.8201594157283968,""score"":21.343961048559787,""status"":""ok""},""V3_breakout_bar"":{""value"":0.985659052137549,""score"":32.377270142503264},""V4_base_dryup"":{""value"":0.8504005988074533,""score"":64.95994011925467},""V5_bo_expansion"":{""value"":0.8872022036513829,""score"":0},""_score"":30.52},""readiness"":{""_distance_atr"":0.256,""BR1_atr_distance"":{""score"":82.90576969660356},""BR2_compression"":{""score"":23.031381280740636},""BR3_retest"":{""score"":50.0},""BR4_bo_age"":{""score"":50.0},""_score"":56.42},""risk"":{""R1_stop_clarity"":{""score"":25.003200244728447},""R2_stop_distance_pct"":{""value"":4.651298932384346,""score"":100.0},""R3_stop_distance_atr"":{""value"":1.2012051301071807,""score"":85.06025650535904},""R4_rr_potential"":{""value"":1.1147538475074912,""score"":5.737692375374559},""_score"":52.66},""market"":{""M1_spy_regime"":{""score"":100.0},""M3_earnings_risk"":{""value"":null,""score"":80.0},""M4_vix"":{""value"":null,""score"":60.0},""_score"":84.0},""liquidity"":{""L1_price"":{""value"":281.0,""score"":100.0},""L2_dollar_vol"":{""value"":2045883557.713675,""score"":100.0},""L3_spread_proxy"":{""value"":0.024608540925266976,""score"":75.39145907473302},""L4_volume_zscore"":{""value"":-0.1904935305825222,""score"":100.0},""_score"":97.54},""pattern_structure"":{""left_low"":272.01,""left_idx"":33,""right_low"":275.58,""right_idx"":74,""separation_bars"":41,""structural_low"":272.01,""current_price"":279.665,""neckline_distance_pct"":0.014749789927234368,""base_bars"":41},""pattern_geometry_features"":{""low_similarity_pct"":0.013038952500958724,""bounce_pct"":0.04330723135178865,""right_bottom_reaction"":0.6559959349593516,""atr_pct"":0.03872193695983734},""_schema_version"":""1.0""}",,,,,,,,,,
20260505T210937Z-543da1,2026-05-05T21:09:37.858700+00:00,GD,double_bottom,forming,55.0,39.8,66.1,51.0,56.5,25.2,64.1,47.0,84.0,98.0,5.96,16.52,4.08,7.91,3.28,5.13,2.82,5.04,4.9,True,risk_unclear;reversal_trend_cap,349.16,353.57,330.3986,371.7099,"{""trend"":{""T1_ema_stack"":{""value"":[true,false,true],""score"":66.66666666666666},""T2_ema50_slope"":{""value"":-0.17735269585581726,""score"":20.44121735736379},""T3_high_proximity"":{""value"":0.9536763902545614,""score"":76.83819512728068},""T4_rs_1m"":{""value"":-0.10474817967628292,""score"":0},""T5_rs_3m"":{""value"":-0.06696584165777963,""score"":16.517079171110183},""T6_adr_healthy"":{""value"":2.2409119667148003,""score"":100.0},""_score"":39.76},""geometry"":{""sub_low_similarity"":47.4,""sub_bounce_quality"":34.4,""sub_separation_fit"":100.0,""sub_right_bottom_reaction"":66.4,""sub_base_context"":100.0,""_score"":66.06},""compression"":{""VC1_atr_ratio"":{""value"":0.5935866693460151,""score"":100},""VC2_range_contraction"":{""value"":1.2866567500557977,""score"":0},""VC3_range_pct_rank"":{""score"":44.166666666666664},""_score"":51.04},""sr_quality"":{""SR1_touches"":{""value"":2,""score"":25.0},""SR2_tightness"":{""value"":0.23500000000001364,""score"":95.1260956100044},""SR3_recency"":{""value"":258,""score"":0.0},""SR4_price_location"":{""score"":98.65631531800557},""SR5_reaction"":{""value"":1.344990211451898,""score"":67.2495105725949},""_score"":56.52,""_levels_found"":5,""_target_level"":349.235},""volume"":{""V1_rvol_day"":{""value"":0.7234438486926028,""score"":14.896256579506852},""V2_rvol_sameslot"":{""value"":1.049353284644295,""score"":36.62355230961967,""status"":""ok""},""V3_breakout_bar"":{""value"":1.059044877134706,""score"":37.26965847564707},""V4_base_dryup"":{""value"":1.221207626317906,""score"":27.879237368209402},""V5_bo_expansion"":{""value"":0.7234438486926028,""score"":0},""_score"":25.2},""readiness"":{""_distance_atr"":0.457,""BR1_atr_distance"":{""score"":69.51217253917847},""BR2_compression"":{""score"":75.32518238927184},""BR3_retest"":{""score"":50.0},""BR4_bo_age"":{""score"":50.0},""_score"":64.14},""risk"":{""R1_stop_clarity"":{""score"":0},""R2_stop_distance_pct"":{""value"":5.373282019704447,""score"":100.0},""R3_stop_distance_atr"":{""value"":1.9455539029381994,""score"":100.0},""R4_rr_potential"":{""value"":1.2019336666657476,""score"":10.096683333287382},""_score"":47.02},""market"":{""M1_spy_regime"":{""score"":100.0},""M3_earnings_risk"":{""value"":null,""score"":80.0},""M4_vix"":{""value"":null,""score"":60.0},""_score"":84.0},""liquidity"":{""L1_price"":{""value"":349.16,""score"":100.0},""L2_dollar_vol"":{""value"":406035101.93034714,""score"":100.0},""L3_spread_proxy"":{""value"":0.020148356054530945,""score"":79.85164394546905},""L4_volume_zscore"":{""value"":-0.8214360281410767,""score"":100.0},""_score"":97.99},""pattern_structure"":{""left_low"":335.4301,""left_idx"":55,""right_low"":344.375,""right_idx"":74,""separation_bars"":19,""structural_low"":335.4301,""current_price"":347.9,""neckline_distance_pct"":0.016297786720321977,""base_bars"":19},""pattern_geometry_features"":{""low_similarity_pct"":0.026316072062419118,""bounce_pct"":0.05407952357286962,""right_bottom_reaction"":0.663823738450604,""atr_pct"":0.027618263424054452},""_schema_version"":""1.0""}",,,,,,,,,,
20260505T210937Z-543da1,2026-05-05T21:09:37.858700+00:00,HWM,ascending_triangle,forming,55.0,58.4,62.5,62.9,62.0,33.1,67.0,51.3,84.0,98.5,8.76,17.49,5.03,8.67,3.98,5.36,2.05,5.04,4.92,True,risk_unclear,242.69,245.74,231.0909,256.87,"{""trend"":{""T1_ema_stack"":{""value"":[false,true,true],""score"":66.66666666666666},""T2_ema50_slope"":{""value"":0.12032515213905232,""score"":70.05419202317539},""T3_high_proximity"":{""value"":0.9154313303911583,""score"":57.715665195579135},""T4_rs_1m"":{""value"":-0.07253223324859315,""score"":0},""T5_rs_3m"":{""value"":0.08711754343748757,""score"":93.55877171874378},""T6_adr_healthy"":{""value"":2.8846426718881024,""score"":100.0},""_score"":58.37},""geometry"":{""sub_flat_top_quality"":100,""sub_hl_slope"":2.8,""sub_compression"":66.5,""sub_duration"":100.0,""_score"":62.47},""compression"":{""VC1_atr_ratio"":{""value"":0.39112808676479777,""score"":100},""VC2_range_contraction"":{""value"":1.11824724911286,""score"":0},""VC3_range_pct_rank"":{""score"":91.66666666666666},""_score"":62.92},""sr_quality"":{""SR1_touches"":{""value"":3,""score"":50.0},""SR2_tightness"":{""value"":1.9393875894782362,""score"":52.11346439969438},""SR3_recency"":{""value"":244,""score"":0.0},""SR4_price_location"":{""score"":96.56097466148756},""SR5_reaction"":{""value"":2.3443375455985773,""score"":100},""_score"":61.96,""_levels_found"":6,""_target_level"":243.0143},""volume"":{""V1_rvol_day"":{""value"":0.8296507550042951,""score"":21.97671700028634},""V2_rvol_sameslot"":{""value"":0.8867832378979786,""score"":25.785549193198577,""status"":""ok""},""V3_breakout_bar"":{""value"":1.040175661812576,""score"":36.011710787505066},""V4_base_dryup"":{""value"":0.7706313010877632,""score"":72.93686989122368},""V5_bo_expansion"":{""value"":0.8296507550042952,""score"":0},""_score"":33.14},""readiness"":{""_distance_atr"":0.377,""BR1_atr_distance"":{""score"":74.89689797382097},""BR2_compression"":{""score"":78.21767045440278},""BR3_retest"":{""score"":50.0},""BR4_bo_age"":{""score"":50.0},""_score"":67.01},""risk"":{""R1_stop_clarity"":{""score"":13.10664115203852},""R2_stop_distance_pct"":{""value"":4.779409946845762,""score"":100.0},""R3_stop_distance_atr"":{""value"":1.4320064550833749,""score"":96.60032275416874},""R4_rr_potential"":{""value"":1.2225033730919965,""score"":11.125168654599825},""_score"":51.3},""market"":{""M1_spy_regime"":{""score"":100.0},""M3_earnings_risk"":{""value"":null,""score"":80.0},""M4_vix"":{""value"":null,""score"":60.0},""_score"":84.0},""liquidity"":{""L1_price"":{""value"":242.69,""score"":100.0},""L2_dollar_vol"":{""value"":417944795.6388923,""score"":100.0},""L3_spread_proxy"":{""value"":0.015369401293831712,""score"":84.63059870616829},""L4_volume_zscore"":{""value"":-0.656166877474759,""score"":100.0},""_score"":98.46},""pattern_structure"":{""top"":245.74,""top_touches"":4,""low_slope_per_bar"":0.019934456928841143,""lowest_low"":234.61,""structural_low"":234.61,""current_price"":242.89,""neckline_distance_pct"":0.01173370661616379,""base_bars"":32},""pattern_geometry_features"":{""top_touches"":4.0,""low_slope"":0.019934456928841143,""compression"":0.33250815282509727,""atr_pct"":0.03337561733663759},""_schema_version"":""1.0""}",,,,,,,,,,
20260505T210937Z-543da1,2026-05-05T21:09:37.858700+00:00,HWM,double_bottom,forming,55.0,58.4,63.8,62.9,62.0,31.6,48.9,60.3,84.0,98.5,8.76,15.96,5.03,8.67,4.1,3.91,3.62,5.04,4.92,True,risk_unclear,242.69,251.2399,229.8202,269.1598,"{""trend"":{""T1_ema_stack"":{""value"":[false,true,true],""score"":66.66666666666666},""T2_ema50_slope"":{""value"":0.12032515213905232,""score"":70.05419202317539},""T3_high_proximity"":{""value"":0.9154313303911583,""score"":57.715665195579135},""T4_rs_1m"":{""value"":-0.07253223324859315,""score"":0},""T5_rs_3m"":{""value"":0.08711754343748757,""score"":93.55877171874378},""T6_adr_healthy"":{""value"":2.8846426718881024,""score"":100.0},""_score"":58.37},""geometry"":{""sub_low_similarity"":57.3,""sub_bounce_quality"":66.9,""sub_separation_fit"":0.0,""sub_right_bottom_reaction"":88.4,""sub_base_context"":100.0,""_score"":63.83},""compression"":{""VC1_atr_ratio"":{""value"":0.39112808676479777,""score"":100},""VC2_range_contraction"":{""value"":1.11824724911286,""score"":0},""VC3_range_pct_rank"":{""score"":91.66666666666666},""_score"":62.92},""sr_quality"":{""SR1_touches"":{""value"":3,""score"":50.0},""SR2_tightness"":{""value"":1.9393875894782362,""score"":52.11346439969438},""SR3_recency"":{""value"":244,""score"":0.0},""SR4_price_location"":{""score"":96.56097466148756},""SR5_reaction"":{""value"":2.3443375455985773,""score"":100},""_score"":61.96,""_levels_found"":6,""_target_level"":243.0143},""volume"":{""V1_rvol_day"":{""value"":0.8296507550042951,""score"":21.97671700028634},""V2_rvol_sameslot"":{""value"":0.8867832378979786,""score"":25.785549193198577,""status"":""ok""},""V3_breakout_bar"":{""value"":1.040175661812576,""score"":36.011710787505066},""V4_base_dryup"":{""value"":0.8493640513803455,""score"":65.06359486196544},""V5_bo_expansion"":{""value"":0.8296507550042952,""score"":0},""_score"":31.57},""readiness"":{""_distance_atr"":1.056,""BR1_atr_distance"":{""score"":29.629832126679517},""BR2_compression"":{""score"":78.21767045440278},""BR3_retest"":{""score"":50.0},""BR4_bo_age"":{""score"":50.0},""_score"":48.91},""risk"":{""R1_stop_clarity"":{""score"":13.584423143061443},""R2_stop_distance_pct"":{""value"":5.302979109151592,""score"":100.0},""R3_stop_distance_atr"":{""value"":1.5888782088025457,""score"":100.0},""R4_rr_potential"":{""value"":2.056737478437895,""score"":52.83687392189476},""_score"":60.32},""market"":{""M1_spy_regime"":{""score"":100.0},""M3_earnings_risk"":{""value"":null,""score"":80.0},""M4_vix"":{""value"":null,""score"":60.0},""_score"":84.0},""liquidity"":{""L1_price"":{""value"":242.69,""score"":100.0},""L2_dollar_vol"":{""value"":417944795.6388923,""score"":100.0},""L3_spread_proxy"":{""value"":0.015369401293831712,""score"":84.63059870616829},""L4_volume_zscore"":{""value"":-0.656166877474759,""score"":100.0},""_score"":98.46},""pattern_structure"":{""left_low"":233.32,""left_idx"":22,""right_low"":238.35,""right_idx"":70,""separation_bars"":48,""structural_low"":233.32,""current_price"":242.89,""neckline_distance_pct"":0.03437729013133525,""base_bars"":48},""pattern_geometry_features"":{""low_similarity_pct"":0.02132847117688215,""bounce_pct"":0.0768039602262987,""right_bottom_reaction"":0.8843537414966071,""atr_pct"":0.03337561733663759},""_schema_version"":""1.0""}",,,,,,,,,,
20260505T210937Z-543da1,2026-05-05T21:09:37.858700+00:00,SNPS,bull_flag,forming,55.0,89.6,64.0,58.8,38.2,25.9,50.5,57.0,84.0,97.2,12.54,19.2,5.29,3.83,3.63,4.55,1.71,5.04,4.86,True,risk_unclear,502.51,512.54,495.7111,553.46,"{""trend"":{""T1_ema_stack"":{""value"":[true,true,false],""score"":66.66666666666666},""T2_ema50_slope"":{""value"":0.23751003179966318,""score"":89.58500529994387},""T3_high_proximity"":{""value"":1.0,""score"":99.99999999999997},""T4_rs_1m"":{""value"":0.16714316330516232,""score"":100},""T5_rs_3m"":{""value"":0.1492502736004231,""score"":100},""T6_adr_healthy"":{""value"":3.4024905426269387,""score"":100.0},""_score"":89.58},""geometry"":{""sub_pole_impulse"":36.3,""sub_flag_tightness"":74.4,""sub_flag_shallowness"":58.3,""sub_flag_drift"":94.0,""sub_flag_duration"":87.5,""_score"":64.0},""compression"":{""VC1_atr_ratio"":{""value"":0.6942047337759454,""score"":76.44881655601365},""VC2_range_contraction"":{""value"":0.841871293438388,""score"":26.35478442693534},""VC3_range_pct_rank"":{""score"":75.83333333333333},""_score"":58.76},""sr_quality"":{""SR1_touches"":{""value"":2,""score"":25.0},""SR2_tightness"":{""value"":0.8400000000000034,""score"":90.54645280963679},""SR3_recency"":{""value"":312,""score"":0.0},""SR4_price_location"":{""score"":30.0},""SR5_reaction"":{""value"":1.2891712269715503,""score"":64.45856134857752},""_score"":38.25,""_levels_found"":5,""_target_level"":483.07},""volume"":{""V1_rvol_day"":{""value"":1.0848723377324998,""score"":38.99148918216665},""V2_rvol_sameslot"":{""value"":0.7427123384889117,""score"":16.180822565927446,""status"":""ok""},""V3_breakout_bar"":{""value"":0.7429919906898719,""score"":16.19946604599146},""V4_base_dryup"":{""value"":0.9993990917224224,""score"":50.06009082775776},""V5_bo_expansion"":{""value"":1.0848723377325,""score"":5.658155848833335},""_score"":25.95},""readiness"":{""_distance_atr"":0.564,""BR1_atr_distance"":{""score"":62.3733816193086},""BR2_compression"":{""score"":32.41575759250102},""BR3_retest"":{""score"":50.0},""BR4_bo_age"":{""score"":50.0},""_score"":50.55},""risk"":{""R1_stop_clarity"":{""score"":15.042997160318379},""R2_stop_distance_pct"":{""value"":1.352988000238802,""score"":83.82470000597004},""R3_stop_distance_atr"":{""value"":0.3825816785271439,""score"":44.1290839263572},""R4_rr_potential"":{""value"":7.493859300769229,""score"":100.0},""_score"":57.03},""market"":{""M1_spy_regime"":{""score"":100.0},""M3_earnings_risk"":{""value"":null,""score"":80.0},""M4_vix"":{""value"":null,""score"":60.0},""_score"":84.0},""liquidity"":{""L1_price"":{""value"":502.51,""score"":98.745},""L2_dollar_vol"":{""value"":945424596.6396147,""score"":100.0},""L3_spread_proxy"":{""value"":0.024934827167618502,""score"":75.0651728323815},""L4_volume_zscore"":{""value"":0.3104076792175536,""score"":100.0},""_score"":97.19},""pattern_structure"":{""pole_low"":471.62,""pole_low_idx"":36,""peak_price"":512.54,""peak_idx"":55,""pole_gain"":0.08676476824562139,""flag_bars"":4,""flag_low"":503.26,""flag_high"":510.1,""structural_low"":503.26,""current_price"":505.32,""neckline_distance_pct"":0.01428797593604047,""base_bars"":4},""pattern_geometry_features"":{""pole_gain"":0.08676476824562139,""pullback_pct"":0.018105903929449357,""flag_range_pct"":0.013345299879033894,""flag_drift_per_bar"":-0.0011903348373308454,""atr_pct"":0.03536468357417195,""pole_atr_multiple"":2.4534297914371472},""_schema_version"":""1.0""}",,,,,,,,,,
20260505T210937Z-543da1,2026-05-05T21:09:37.858700+00:00,SNPS,double_bottom,retest_hold,55.0,89.6,49.9,58.8,38.2,27.4,65.6,48.7,84.0,97.2,13.44,12.48,4.7,5.36,3.56,5.25,2.92,5.04,4.86,True,risk_unclear,502.51,502.28,459.798,537.76,"{""trend"":{""T1_ema_stack"":{""value"":[true,true,false],""score"":66.66666666666666},""T2_ema50_slope"":{""value"":0.23751003179966318,""score"":89.58500529994387},""T3_high_proximity"":{""value"":1.0,""score"":99.99999999999997},""T4_rs_1m"":{""value"":0.16714316330516232,""score"":100},""T5_rs_3m"":{""value"":0.1492502736004231,""score"":100},""T6_adr_healthy"":{""value"":3.4024905426269387,""score"":100.0},""_score"":89.58},""geometry"":{""sub_low_similarity"":9.8,""sub_bounce_quality"":65.7,""sub_separation_fit"":0.0,""sub_right_bottom_reaction"":92.4,""sub_base_context"":100.0,""_score"":49.94},""compression"":{""VC1_atr_ratio"":{""value"":0.6942047337759454,""score"":76.44881655601365},""VC2_range_contraction"":{""value"":0.841871293438388,""score"":26.35478442693534},""VC3_range_pct_rank"":{""score"":75.83333333333333},""_score"":58.76},""sr_quality"":{""SR1_touches"":{""value"":2,""score"":25.0},""SR2_tightness"":{""value"":0.8400000000000034,""score"":90.54645280963679},""SR3_recency"":{""value"":312,""score"":0.0},""SR4_price_location"":{""score"":30.0},""SR5_reaction"":{""value"":1.2891712269715503,""score"":64.45856134857752},""_score"":38.25,""_levels_found"":5,""_target_level"":483.07},""volume"":{""V1_rvol_day"":{""value"":1.0848723377324998,""score"":38.99148918216665},""V2_rvol_sameslot"":{""value"":0.7427123384889117,""score"":16.180822565927446,""status"":""ok""},""V3_breakout_bar"":{""value"":0.7429919906898719,""score"":16.19946604599146},""V4_base_dryup"":{""value"":0.9277395350411594,""score"":57.22604649588406},""V5_bo_expansion"":{""value"":1.0848723377325,""score"":5.658155848833335},""_score"":27.38},""readiness"":{""_distance_atr"":-0.013,""BR1_atr_distance"":{""score"":100.0},""BR2_compression"":{""score"":32.41575759250102},""BR3_retest"":{""score"":50.0},""BR4_bo_age"":{""score"":50.0},""_score"":65.6},""risk"":{""R1_stop_clarity"":{""score"":21.197931634615472},""R2_stop_distance_pct"":{""value"":8.499731348629876,""score"":87.5067162842531},""R3_stop_distance_atr"":{""value"":2.4034518309213784,""score"":100.0},""R4_rr_potential"":{""value"":0.8252949990634952,""score"":0.0},""_score"":48.67},""market"":{""M1_spy_regime"":{""score"":100.0},""M3_earnings_risk"":{""value"":null,""score"":80.0},""M4_vix"":{""value"":null,""score"":60.0},""_score"":84.0},""liquidity"":{""L1_price"":{""value"":502.51,""score"":98.745},""L2_dollar_vol"":{""value"":945424596.6396147,""score"":100.0},""L3_spread_proxy"":{""value"":0.024934827167618502,""score"":75.0651728323815},""L4_volume_zscore"":{""value"":0.3104076792175536,""score"":100.0},""_score"":97.19},""pattern_structure"":{""left_low"":466.8,""left_idx"":18,""right_low"":488.3436,""right_idx"":68,""separation_bars"":50,""structural_low"":466.8,""current_price"":505.32,""neckline_distance_pct"":-0.006015989867806579,""base_bars"":50},""pattern_geometry_features"":{""low_similarity_pct"":0.045110703772710134,""bounce_pct"":0.07600685518423299,""right_bottom_reaction"":0.9238053138523136,""atr_pct"":0.03536468357417195},""_schema_version"":""1.0""}",,,,,,,,,,
20260505T210937Z-543da1,2026-05-05T21:09:37.858700+00:00,HWM,base_on_base,forming,55.0,58.4,59.9,62.9,62.0,32.7,37.0,44.3,84.0,98.5,10.51,14.97,6.29,6.2,3.93,2.96,2.21,5.88,4.92,True,risk_unclear,242.69,259.82,217.2024,297.86,"{""trend"":{""T1_ema_stack"":{""value"":[false,true,true],""score"":66.66666666666666},""T2_ema50_slope"":{""value"":0.12032515213905232,""score"":70.05419202317539},""T3_high_proximity"":{""value"":0.9154313303911583,""score"":57.715665195579135},""T4_rs_1m"":{""value"":-0.07253223324859315,""score"":0},""T5_rs_3m"":{""value"":0.08711754343748757,""score"":93.55877171874378},""T6_adr_healthy"":{""value"":2.8846426718881024,""score"":100.0},""_score"":58.37},""geometry"":{""sub_shallower_second"":19.5,""sub_second_base_depth"":100.0,""sub_rim_advance"":100,""sub_dry_up"":0,""sub_second_base_duration"":100.0,""_score"":59.88},""compression"":{""VC1_atr_ratio"":{""value"":0.39112808676479777,""score"":100},""VC2_range_contraction"":{""value"":1.11824724911286,""score"":0},""VC3_range_pct_rank"":{""score"":91.66666666666666},""_score"":62.92},""sr_quality"":{""SR1_touches"":{""value"":3,""score"":50.0},""SR2_tightness"":{""value"":1.9393875894782362,""score"":52.11346439969438},""SR3_recency"":{""value"":244,""score"":0.0},""SR4_price_location"":{""score"":96.56097466148756},""SR5_reaction"":{""value"":2.3443375455985773,""score"":100},""_score"":61.96,""_levels_found"":6,""_target_level"":243.0143},""volume"":{""V1_rvol_day"":{""value"":0.8296507550042951,""score"":21.97671700028634},""V2_rvol_sameslot"":{""value"":0.8867832378979786,""score"":25.785549193198577,""status"":""ok""},""V3_breakout_bar"":{""value"":1.040175661812576,""score"":36.011710787505066},""V4_base_dryup"":{""value"":0.7919796865564253,""score"":70.80203134435747},""V5_bo_expansion"":{""value"":0.8296507550042952,""score"":0},""_score"":32.72},""readiness"":{""_distance_atr"":2.115,""BR1_atr_distance"":{""score"":0},""BR2_compression"":{""score"":78.21767045440278},""BR3_retest"":{""score"":50.0},""BR4_bo_age"":{""score"":50.0},""_score"":37.05},""risk"":{""R1_stop_clarity"":{""score"":18.32887238864565},""R2_stop_distance_pct"":{""value"":10.502102064361942,""score"":37.44744839095144},""R3_stop_distance_atr"":{""value"":3.1466390444360157,""score"":100.0},""R4_rr_potential"":{""value"":2.1645861117730365,""score"":58.229305588651826},""_score"":44.3},""market"":{""M1_spy_regime"":{""score"":100.0},""M3_earnings_risk"":{""value"":null,""score"":80.0},""M4_vix"":{""value"":null,""score"":60.0},""_score"":84.0},""liquidity"":{""L1_price"":{""value"":242.69,""score"":100.0},""L2_dollar_vol"":{""value"":417944795.6388923,""score"":100.0},""L3_spread_proxy"":{""value"":0.015369401293831712,""score"":84.63059870616829},""L4_volume_zscore"":{""value"":-0.656166877474759,""score"":100.0},""_score"":98.46},""pattern_structure"":{""first_base_low"":188.83,""first_base_top"":226.87,""first_base_bars"":20,""second_base_low"":220.5101,""second_base_top"":259.82,""second_base_bars"":41,""structural_low"":220.5101,""stacking_overlap_pct"":0.028033234892229076,""current_price"":242.69,""neckline_distance_pct"":0.07058387242984876,""base_bars"":41},""pattern_geometry_features"":{""first_base_depth_pct"":0.16767311676290383,""second_base_depth_pct"":0.15129666692325455,""second_dry_up_ratio"":1.1469460789277899,""rim_advance_pct"":0.14523736060298845,""atr_pct"":0.03337561733663759},""_schema_version"":""1.0""}",,,,,,,,,,
20260505T210937Z-543da1,2026-05-05T21:09:37.858700+00:00,AMAT,vcp,absent,55.0,98.9,35.0,53.8,56.7,32.5,50.4,58.2,84.0,96.5,14.83,8.75,6.46,6.8,4.22,3.53,2.91,5.04,4.83,True,risk_unclear,410.82,420.4999,371.4139,520.3098,"{""trend"":{""T1_ema_stack"":{""value"":[true,true,true],""score"":100.0},""T2_ema50_slope"":{""value"":0.38132571196328885,""score"":100},""T3_high_proximity"":{""value"":0.9850853635142911,""score"":92.54268175714553},""T4_rs_1m"":{""value"":0.06664824099395794,""score"":100},""T5_rs_3m"":{""value"":0.23951360262231836,""score"":100},""T6_adr_healthy"":{""value"":2.983600589952413,""score"":100.0},""_score"":98.88},""geometry"":{""sub_contraction_count"":100.0,""sub_reduction_rate"":0,""sub_pivot_tightness"":0,""sub_volume_dryup"":0,""sub_base_depth"":0.0,""sub_base_duration"":100.0,""_score"":35.0},""compression"":{""VC1_atr_ratio"":{""value"":0.6300787059434858,""score"":92.48032351412854},""VC2_range_contraction"":{""value"":0.9147767927496668,""score"":14.20386787505553},""VC3_range_pct_rank"":{""score"":47.5},""_score"":53.84},""sr_quality"":{""SR1_touches"":{""value"":4,""score"":75.0},""SR2_tightness"":{""value"":1.5960028195463891,""score"":77.7205486557974},""SR3_recency"":{""value"":225,""score"":0.0},""SR4_price_location"":{""score"":30.0},""SR5_reaction"":{""value"":2.6141548982832084,""score"":100},""_score"":56.66,""_levels_found"":4,""_target_level"":378.265},""volume"":{""V1_rvol_day"":{""value"":1.0831591652821646,""score"":38.87727768547764},""V2_rvol_sameslot"":{""value"":0.9409019849235236,""score"":29.393465661568243,""status"":""ok""},""V3_breakout_bar"":{""value"":0.7207080914537886,""score"":14.713872763585902},""V4_base_dryup"":{""value"":0.7846075075482167,""score"":71.53924924517833},""V5_bo_expansion"":{""value"":1.0831591652821646,""score"":5.543944352144306},""_score"":32.47},""readiness"":{""_distance_atr"":0.676,""BR1_atr_distance"":{""score"":54.95771092934903},""BR2_compression"":{""score"":43.77968258597746},""BR3_retest"":{""score"":50.0},""BR4_bo_age"":{""score"":50.0},""_score"":50.43},""risk"":{""R1_stop_clarity"":{""score"":21.044192884827012},""R2_stop_distance_pct"":{""value"":9.592047612092886,""score"":60.19880969767786},""R3_stop_distance_atr"":{""value"":2.7504499456076816,""score"":100.0},""R4_rr_potential"":{""value"":2.7785022858165185,""score"":88.92511429082592},""_score"":58.21},""market"":{""M1_spy_regime"":{""score"":100.0},""M3_earnings_risk"":{""value"":null,""score"":80.0},""M4_vix"":{""value"":null,""score"":60.0},""_score"":84.0},""liquidity"":{""L1_price"":{""value"":410.82,""score"":100.0},""L2_dollar_vol"":{""value"":2584793461.2331147,""score"":100.0},""L3_spread_proxy"":{""value"":0.03468672411275011,""score"":65.31327588724989},""L4_volume_zscore"":{""value"":0.34574251116748755,""score"":100.0},""_score"":96.53},""pattern_structure"":{""n_contractions"":5,""contractions_pct"":[20.03,4.84,15.61,6.78,10.33],""descending_strict"":false,""final_low"":377.07,""final_pivot"":420.4999,""structural_low"":377.07,""dry_up_ratio"":1.046534067462419,""current_price"":410.82,""neckline_distance_pct"":0.023562387420281466,""base_bars"":44,""recent_base_height"":99.80990000000003},""pattern_geometry_features"":{""contraction_count"":5.0,""first_contraction_pct"":0.20025255714105308,""last_contraction_pct"":0.10328159412166335,""dry_up_ratio"":1.046534067462419,""near_monotone"":0.0,""base_depth_pct"":0.047682788230837214},""_schema_version"":""1.0""}",,,,,,,,,,
20260505T210937Z-543da1,2026-05-05T21:09:37.858700+00:00,AVGO,cup_with_handle,forming,55.0,100.0,52.2,53.3,43.6,30.5,59.3,59.9,84.0,96.7,14.0,15.67,4.27,5.24,3.96,4.74,3.0,4.2,4.84,True,risk_unclear,427.36,429.31,388.7302,553.96,"{""trend"":{""T1_ema_stack"":{""value"":[true,true,true],""score"":100.0},""T2_ema50_slope"":{""value"":0.5432603496553009,""score"":100},""T3_high_proximity"":{""value"":1.0,""score"":99.99999999999997},""T4_rs_1m"":{""value"":0.2607558864888071,""score"":100},""T5_rs_3m"":{""value"":0.284467171686988,""score"":100},""T6_adr_healthy"":{""value"":2.7863471986029253,""score"":100.0},""_score"":100.0},""geometry"":{""sub_cup_depth"":79.4,""sub_cup_duration"":56.0,""sub_rim_symmetry"":29.1,""sub_handle_shallowness"":32.7,""sub_handle_proportion"":100.0,""sub_u_shape"":37.4,""_score"":52.25},""compression"":{""VC1_atr_ratio"":{""value"":0.5583852184367194,""score"":100},""VC2_range_contraction"":{""value"":1.0579737927728352,""score"":0},""VC3_range_pct_rank"":{""score"":53.333333333333336},""_score"":53.33},""sr_quality"":{""SR1_touches"":{""value"":2,""score"":25.0},""SR2_tightness"":{""value"":0.585000000000008,""score"":90.8850565566102},""SR3_recency"":{""value"":298,""score"":0.0},""SR4_price_location"":{""score"":30.0},""SR5_reaction"":{""value"":2.549453576391072,""score"":100},""_score"":43.63,""_levels_found"":6,""_target_level"":360.075},""volume"":{""V1_rvol_day"":{""value"":0.9255647107329312,""score"":28.37098071552875},""V2_rvol_sameslot"":{""value"":0.9244869664969105,""score"":28.299131099794035,""status"":""ok""},""V3_breakout_bar"":{""value"":0.8417883101587635,""score"":22.78588734391757},""V4_base_dryup"":{""value"":0.8268363375509824,""score"":67.31636624490176},""V5_bo_expansion"":{""value"":0.925564710732931,""score"":0},""_score"":30.49},""readiness"":{""_distance_atr"":0.152,""BR1_atr_distance"":{""score"":89.8722850629004},""BR2_compression"":{""score"":23.464063957099786},""BR3_retest"":{""score"":50.0},""BR4_bo_age"":{""score"":50.0},""_score"":59.31},""risk"":{""R1_stop_clarity"":{""score"":7.76378384785248},""R2_stop_distance_pct"":{""value"":9.039159022837902,""score"":74.02102442905245},""R3_stop_distance_atr"":{""value"":3.0094699699340453,""score"":100.0},""R4_rr_potential"":{""value"":3.277266873329489,""score"":100.0},""_score"":59.92},""market"":{""M1_spy_regime"":{""score"":100.0},""M3_earnings_risk"":{""value"":null,""score"":80.0},""M4_vix"":{""value"":null,""score"":60.0},""_score"":84.0},""liquidity"":{""L1_price"":{""value"":427.36,""score"":100.0},""L2_dollar_vol"":{""value"":8421683636.9109745,""score"":100.0},""L3_spread_proxy"":{""value"":0.03285286409584417,""score"":67.14713590415583},""L4_volume_zscore"":{""value"":-0.30267395817700143,""score"":100.0},""_score"":96.71},""pattern_structure"":{""left_rim"":414.61,""left_rim_idx"":80,""cup_bottom"":289.96,""cup_bottom_idx"":154,""right_rim"":429.31,""right_rim_idx"":171,""handle_low"":394.65,""handle_bars"":8,""cup_bars"":91,""structural_low"":394.65,""current_price"":427.36,""neckline_distance_pct"":0.004562897791089453,""base_bars"":99},""pattern_geometry_features"":{""cup_depth_pct"":0.3006439786787584,""rim_symmetry_pct"":0.03545500590916762,""handle_depth_pct"":0.0807342013929329,""handle_to_cup_ratio"":0.08791208791208792,""cup_duration_bars"":91.0,""atr_pct"":0.03003571762849656,""u_shape_score"":0.18681318681318682},""_schema_version"":""1.0""}",,,,,,,,,,
20260505T210937Z-543da1,2026-05-05T21:09:37.858700+00:00,AVGO,vcp,absent,55.0,100.0,45.3,53.3,43.6,31.6,59.3,59.9,84.0,96.7,15.0,11.33,6.4,5.24,4.11,4.15,3.0,5.04,4.84,True,risk_unclear,427.36,429.31,388.7302,568.66,"{""trend"":{""T1_ema_stack"":{""value"":[true,true,true],""score"":100.0},""T2_ema50_slope"":{""value"":0.5432603496553009,""score"":100},""T3_high_proximity"":{""value"":1.0,""score"":99.99999999999997},""T4_rs_1m"":{""value"":0.2607558864888071,""score"":100},""T5_rs_3m"":{""value"":0.284467171686988,""score"":100},""T6_adr_healthy"":{""value"":2.7863471986029253,""score"":100.0},""_score"":100.0},""geometry"":{""sub_contraction_count"":100.0,""sub_reduction_rate"":7.1,""sub_pivot_tightness"":27.6,""sub_volume_dryup"":29.4,""sub_base_depth"":0.0,""sub_base_duration"":100.0,""_score"":45.32},""compression"":{""VC1_atr_ratio"":{""value"":0.5583852184367194,""score"":100},""VC2_range_contraction"":{""value"":1.0579737927728352,""score"":0},""VC3_range_pct_rank"":{""score"":53.333333333333336},""_score"":53.33},""sr_quality"":{""SR1_touches"":{""value"":2,""score"":25.0},""SR2_tightness"":{""value"":0.585000000000008,""score"":90.8850565566102},""SR3_recency"":{""value"":298,""score"":0.0},""SR4_price_location"":{""score"":30.0},""SR5_reaction"":{""value"":2.549453576391072,""score"":100},""_score"":43.63,""_levels_found"":6,""_target_level"":360.075},""volume"":{""V1_rvol_day"":{""value"":0.9255647107329312,""score"":28.37098071552875},""V2_rvol_sameslot"":{""value"":0.9244869664969105,""score"":28.299131099794035,""status"":""ok""},""V3_breakout_bar"":{""value"":0.8417883101587635,""score"":22.78588734391757},""V4_base_dryup"":{""value"":0.7704957877222312,""score"":72.95042122777689},""V5_bo_expansion"":{""value"":0.925564710732931,""score"":0},""_score"":31.62},""readiness"":{""_distance_atr"":0.152,""BR1_atr_distance"":{""score"":89.8722850629004},""BR2_compression"":{""score"":23.464063957099786},""BR3_retest"":{""score"":50.0},""BR4_bo_age"":{""score"":50.0},""_score"":59.31},""risk"":{""R1_stop_clarity"":{""score"":7.76378384785248},""R2_stop_distance_pct"":{""value"":9.039159022837902,""score"":74.02102442905245},""R3_stop_distance_atr"":{""value"":3.0094699699340453,""score"":100.0},""R4_rr_potential"":{""value"":3.657802600327464,""score"":100.0},""_score"":59.92},""market"":{""M1_spy_regime"":{""score"":100.0},""M3_earnings_risk"":{""value"":null,""score"":80.0},""M4_vix"":{""value"":null,""score"":60.0},""_score"":84.0},""liquidity"":{""L1_price"":{""value"":427.36,""score"":100.0},""L2_dollar_vol"":{""value"":8421683636.9109745,""score"":100.0},""L3_spread_proxy"":{""value"":0.03285286409584417,""score"":67.14713590415583},""L4_volume_zscore"":{""value"":-0.30267395817700143,""score"":100.0},""_score"":96.71},""pattern_structure"":{""n_contractions"":5,""contractions_pct"":[10.23,9.68,12.64,11.19,8.07],""descending_strict"":false,""final_low"":394.65,""final_pivot"":429.31,""structural_low"":394.65,""dry_up_ratio"":0.8530351840810879,""current_price"":427.36,""neckline_distance_pct"":0.004562897791089453,""base_bars"":54,""recent_base_height"":139.35000000000002},""pattern_geometry_features"":{""contraction_count"":5.0,""first_contraction_pct"":0.10225918147244133,""last_contraction_pct"":0.0807342013929329,""dry_up_ratio"":0.8530351840810879,""near_monotone"":0.0,""base_depth_pct"":-0.12008287449622525},""_schema_version"":""1.0""}",,,,,,,,,,
20260505T210937Z-543da1,2026-05-05T21:09:37.858700+00:00,PANW,double_bottom,forming,55.0,80.8,70.2,66.1,57.5,27.3,58.5,53.0,84.0,96.9,12.12,17.55,5.29,8.04,3.55,4.68,3.18,5.04,4.84,True,risk_unclear,183.98,187.27,177.8122,194.02,"{""trend"":{""T1_ema_stack"":{""value"":[true,true,false],""score"":66.66666666666666},""T2_ema50_slope"":{""value"":0.15199198132734407,""score"":75.33199688789068},""T3_high_proximity"":{""value"":0.9968573905504984,""score"":98.42869527524917},""T4_rs_1m"":{""value"":0.037627684093291425,""score"":87.62768409329142},""T5_rs_3m"":{""value"":0.05705617300772037,""score"":78.52808650386018},""T6_adr_healthy"":{""value"":3.9700246411459665,""score"":100.0},""_score"":80.8},""geometry"":{""sub_low_similarity"":88.1,""sub_bounce_quality"":10.6,""sub_separation_fit"":100.0,""sub_right_bottom_reaction"":44.3,""sub_base_context"":100.0,""_score"":70.19},""compression"":{""VC1_atr_ratio"":{""value"":0.4699790147198491,""score"":100},""VC2_range_contraction"":{""value"":0.7673848767363836,""score"":38.76918721060274},""VC3_range_pct_rank"":{""score"":50.0},""_score"":66.07},""sr_quality"":{""SR1_touches"":{""value"":3,""score"":50.0},""SR2_tightness"":{""value"":1.150815943387801,""score"":64.5337665347439},""SR3_recency"":{""value"":226,""score"":0.0},""SR4_price_location"":{""score"":88.3301778329433},""SR5_reaction"":{""value"":1.4268889989543785,""score"":71.34444994771893},""_score"":57.46,""_levels_found"":7,""_target_level"":184.6601},""volume"":{""V1_rvol_day"":{""value"":0.711638023929294,""score"":14.109201595286267},""V2_rvol_sameslot"":{""value"":0.5571590157253198,""score"":3.8106010483546524,""status"":""ok""},""V3_breakout_bar"":{""value"":0.8146382582179997,""score"":20.975883881199984},""V4_base_dryup"":{""value"":0.5767557493004564,""score"":92.32442506995436},""V5_bo_expansion"":{""value"":0.711638023929294,""score"":0},""_score"":27.29},""readiness"":{""_distance_atr"":0.507,""BR1_atr_distance"":{""score"":66.20255718819342},""BR2_compression"":{""score"":57.92543994530885},""BR3_retest"":{""score"":50.0},""BR4_bo_age"":{""score"":50.0},""_score"":58.46},""risk"":{""R1_stop_clarity"":{""score"":16.550107313851953},""R2_stop_distance_pct"":{""value"":3.352429611914323,""score"":100.0},""R3_stop_distance_atr"":{""value"":0.9504066919817251,""score"":72.52033459908625},""R4_rr_potential"":{""value"":1.6278089432212568,""score"":31.39044716106284},""_score"":52.95},""market"":{""M1_spy_regime"":{""score"":100.0},""M3_earnings_risk"":{""value"":null,""score"":80.0},""M4_vix"":{""value"":null,""score"":60.0},""_score"":84.0},""liquidity"":{""L1_price"":{""value"":183.98,""score"":100.0},""L2_dollar_vol"":{""value"":946703056.220546,""score"":100.0},""L3_spread_proxy"":{""value"":0.03109033590607674,""score"":68.90966409392325},""L4_volume_zscore"":{""value"":-0.7487924119874488,""score"":100.0},""_score"":96.89},""pattern_structure"":{""left_low"":181.5963,""left_idx"":45,""right_low"":180.52,""right_idx"":74,""separation_bars"":29,""structural_low"":180.52,""current_price"":184.36,""neckline_distance_pct"":0.01578433499674548,""base_bars"":29},""pattern_geometry_features"":{""low_similarity_pct"":0.005944499046300889,""bounce_pct"":0.037391978728118766,""right_bottom_reaction"":0.4431818181818177,""atr_pct"":0.03527363222710542},""_schema_version"":""1.0""}",,,,,,,,,,
20260505T210937Z-543da1,2026-05-05T21:09:37.858700+00:00,GSAT,tight_consolidation,forming,55.0,95.3,57.3,99.0,41.9,50.3,58.6,48.3,84.0,98.6,15.24,11.46,17.81,4.19,6.54,4.69,2.41,4.2,4.93,True,risk_unclear,81.87,82.85,79.5979,84.89,"{""trend"":{""T1_ema_stack"":{""value"":[true,true,true],""score"":100.0},""T2_ema50_slope"":{""value"":0.6181295672745926,""score"":100},""T3_high_proximity"":{""value"":0.9947752126366951,""score"":97.38760631834754},""T4_rs_1m"":{""value"":0.02835279345792241,""score"":78.35279345792242},""T5_rs_3m"":{""value"":0.27125295821056006,""score"":100},""T6_adr_healthy"":{""value"":2.128977871851,""score"":100.0},""_score"":95.28},""geometry"":{""sub_tightness"":37.9,""sub_duration"":50.0,""sub_dry_up"":58.5,""sub_location"":100,""_score"":57.28},""compression"":{""VC1_atr_ratio"":{""value"":0.10614188644579121,""score"":100},""VC2_range_contraction"":{""value"":0.2460432077039935,""score"":100},""VC3_range_pct_rank"":{""score"":95.83333333333334},""_score"":98.96},""sr_quality"":{""SR1_touches"":{""value"":2,""score"":25.0},""SR2_tightness"":{""value"":0.11499999999999488,""score"":78.99678194172105},""SR3_recency"":{""value"":249,""score"":0.0},""SR4_price_location"":{""score"":30.0},""SR5_reaction"":{""value"":15.546947280096308,""score"":100},""_score"":41.85,""_levels_found"":6,""_target_level"":74.765},""volume"":{""V1_rvol_day"":{""value"":0.5529640910719552,""score"":3.530939404797014},""V2_rvol_sameslot"":{""value"":1.0844925455183099,""score"":38.96616970122066,""status"":""ok""},""V3_breakout_bar"":{""value"":1.8076597052592775,""score"":87.17731368395184},""V4_base_dryup"":{""value"":0.3696859822652493,""score"":100},""V5_bo_expansion"":{""value"":0.5529640910719552,""score"":0},""_score"":50.29},""readiness"":{""_distance_atr"":0.895,""BR1_atr_distance"":{""score"":40.338684935901234},""BR2_compression"":{""score"":100},""BR3_retest"":{""score"":50.0},""BR4_bo_age"":{""score"":50.0},""_score"":58.64},""risk"":{""R1_stop_clarity"":{""score"":0},""R2_stop_distance_pct"":{""value"":2.7753145230243024,""score"":100.0},""R3_stop_distance_atr"":{""value"":2.0748896483095898,""score"":100.0},""R4_rr_potential"":{""value"":1.3291376009506355,""score"":16.456880047531776},""_score"":48.29},""market"":{""M1_spy_regime"":{""score"":100.0},""M3_earnings_risk"":{""value"":null,""score"":80.0},""M4_vix"":{""value"":null,""score"":60.0},""_score"":84.0},""liquidity"":{""L1_price"":{""value"":81.87,""score"":100.0},""L2_dollar_vol"":{""value"":95780069.3506368,""score"":99.0637573581254},""L3_spread_proxy"":{""value"":0.010504458287529002,""score"":89.495541712471},""L4_volume_zscore"":{""value"":-0.3704021078006297,""score"":100.0},""_score"":98.58},""pattern_structure"":{""window_bars"":8,""range_pct"":0.02491755221692918,""range_atr"":1.8628941234300347,""vol_ratio"":0.5576340354034941,""range_location_63d"":0.9847355342563013,""pivot_high"":82.85,""pivot_low"":80.81,""structural_low"":80.81,""current_price"":81.87,""neckline_distance_pct"":0.011970196653230606,""base_bars"":8},""pattern_geometry_features"":{""range_pct"":0.02491755221692918,""range_atr"":1.8628941234300347,""duration_bars"":8.0,""vol_dryup_ratio"":0.5576340354034941,""location_in_range"":0.9847355342563013,""atr_pct"":0.013375721090928126},""_schema_version"":""1.0""}",,,,,,,,,,
20260505T210937Z-543da1,2026-05-05T21:09:37.858700+00:00,TTWO,bull_flag,forming,55.0,72.9,64.9,61.3,36.0,26.9,60.2,59.3,84.0,98.0,10.2,19.48,5.52,3.6,3.76,5.41,1.78,5.04,4.9,True,risk_unclear,223.11,226.99,218.6109,244.47,"{""trend"":{""T1_ema_stack"":{""value"":[true,true,false],""score"":66.66666666666666},""T2_ema50_slope"":{""value"":0.061912709060816924,""score"":60.31878484346949},""T3_high_proximity"":{""value"":0.9908073541167066,""score"":95.40367705835328},""T4_rs_1m"":{""value"":0.03592109173411262,""score"":85.92109173411262},""T5_rs_3m"":{""value"":0.0019054136084102336,""score"":50.952706804205114},""T6_adr_healthy"":{""value"":2.650806080731225,""score"":100.0},""_score"":72.87},""geometry"":{""sub_pole_impulse"":51.6,""sub_flag_tightness"":60.4,""sub_flag_shallowness"":46.7,""sub_flag_drift"":100,""sub_flag_duration"":100.0,""_score"":64.92},""compression"":{""VC1_atr_ratio"":{""value"":0.5328495228378225,""score"":100},""VC2_range_contraction"":{""value"":0.9342864916225242,""score"":10.952251396245968},""VC3_range_pct_rank"":{""score"":70.0},""_score"":61.33},""sr_quality"":{""SR1_touches"":{""value"":2,""score"":25.0},""SR2_tightness"":{""value"":1.1749999999999972,""score"":61.31605372012585},""SR3_recency"":{""value"":292,""score"":0.0},""SR4_price_location"":{""score"":17.00650759219095},""SR5_reaction"":{""value"":2.258484012595213,""score"":100},""_score"":35.95,""_levels_found"":7,""_target_level"":232.675},""volume"":{""V1_rvol_day"":{""value"":0.8892877681931778,""score"":25.952517879545184},""V2_rvol_sameslot"":{""value"":0.9351506261450404,""score"":29.010041743002695,""status"":""ok""},""V3_breakout_bar"":{""value"":0.817195826966817,""score"":21.146388464454468},""V4_base_dryup"":{""value"":0.9710196436656057,""score"":52.898035633439434},""V5_bo_expansion"":{""value"":0.8892877681931778,""score"":0},""_score"":26.86},""readiness"":{""_distance_atr"":0.639,""BR1_atr_distance"":{""score"":57.42022366924486},""BR2_compression"":{""score"":78.78564753429134},""BR3_retest"":{""score"":50.0},""BR4_bo_age"":{""score"":50.0},""_score"":60.16},""risk"":{""R1_stop_clarity"":{""score"":0},""R2_stop_distance_pct"":{""value"":2.0165389269867005,""score"":100.0},""R3_stop_distance_atr"":{""value"":0.7406082668416307,""score"":62.03041334208154},""R4_rr_potential"":{""value"":4.7476161899046225,""score"":100.0},""_score"":59.3},""market"":{""M1_spy_regime"":{""score"":100.0},""M3_earnings_risk"":{""value"":null,""score"":80.0},""M4_vix"":{""value"":null,""score"":60.0},""_score"":84.0},""liquidity"":{""L1_price"":{""value"":223.11,""score"":100.0},""L2_dollar_vol"":{""value"":291798650.158101,""score"":100.0},""L3_spread_proxy"":{""value"":0.0201815248083905,""score"":79.81847519160951},""L4_volume_zscore"":{""value"":-0.4838062130836454,""score"":100.0},""_score"":97.98},""pattern_structure"":{""pole_low"":209.51,""pole_low_idx"":30,""peak_price"":226.99,""peak_idx"":53,""pole_gain"":0.08343277170540794,""flag_bars"":6,""flag_low"":221.94,""flag_high"":226.4427,""structural_low"":221.94,""current_price"":224.6,""neckline_distance_pct"":0.010641139804096237,""base_bars"":6},""pattern_geometry_features"":{""pole_gain"":0.08343277170540794,""pullback_pct"":0.022247676109079743,""flag_range_pct"":0.019836556676505593,""flag_drift_per_bar"":0.0013299834626637004,""atr_pct"":0.02722814498933902,""pole_atr_multiple"":3.064210644466431},""_schema_version"":""1.0""}",,,,,,,,,,
20260505T210937Z-543da1,2026-05-05T21:09:37.858700+00:00,TTWO,double_bottom,setup,55.0,72.9,49.1,61.3,36.0,31.2,77.2,45.0,84.0,98.0,10.93,12.27,4.91,5.03,4.06,6.18,2.7,5.04,4.9,True,risk_unclear,223.11,221.22,208.4107,230.8555,"{""trend"":{""T1_ema_stack"":{""value"":[true,true,false],""score"":66.66666666666666},""T2_ema50_slope"":{""value"":0.061912709060816924,""score"":60.31878484346949},""T3_high_proximity"":{""value"":0.9908073541167066,""score"":95.40367705835328},""T4_rs_1m"":{""value"":0.03592109173411262,""score"":85.92109173411262},""T5_rs_3m"":{""value"":0.0019054136084102336,""score"":50.952706804205114},""T6_adr_healthy"":{""value"":2.650806080731225,""score"":100.0},""_score"":72.87},""geometry"":{""sub_low_similarity"":61.2,""sub_bounce_quality"":22.2,""sub_separation_fit"":0.0,""sub_right_bottom_reaction"":41.8,""sub_base_context"":100.0,""_score"":49.07},""compression"":{""VC1_atr_ratio"":{""value"":0.5328495228378225,""score"":100},""VC2_range_contraction"":{""value"":0.9342864916225242,""score"":10.952251396245968},""VC3_range_pct_rank"":{""score"":70.0},""_score"":61.33},""sr_quality"":{""SR1_touches"":{""value"":2,""score"":25.0},""SR2_tightness"":{""value"":1.1749999999999972,""score"":61.31605372012585},""SR3_recency"":{""value"":292,""score"":0.0},""SR4_price_location"":{""score"":17.00650759219095},""SR5_reaction"":{""value"":2.258484012595213,""score"":100},""_score"":35.95,""_levels_found"":7,""_target_level"":232.675},""volume"":{""V1_rvol_day"":{""value"":0.8892877681931778,""score"":25.952517879545184},""V2_rvol_sameslot"":{""value"":0.9351506261450404,""score"":29.010041743002695,""status"":""ok""},""V3_breakout_bar"":{""value"":0.817195826966817,""score"":21.146388464454468},""V4_base_dryup"":{""value"":0.7516277553835513,""score"":74.83722446164487},""V5_bo_expansion"":{""value"":0.8892877681931778,""score"":0},""_score"":31.25},""readiness"":{""_distance_atr"":-0.311,""BR1_atr_distance"":{""score"":100.0},""BR2_compression"":{""score"":78.78564753429134},""BR3_retest"":{""score"":50.0},""BR4_bo_age"":{""score"":50.0},""_score"":77.2},""risk"":{""R1_stop_clarity"":{""score"":0},""R2_stop_distance_pct"":{""value"":6.588349917081268,""score"":100.0},""R3_stop_distance_atr"":{""value"":2.41968372052554,""score"":100.0},""R4_rr_potential"":{""value"":0.526931018841584,""score"":0.0},""_score"":45.0},""market"":{""M1_spy_regime"":{""score"":100.0},""M3_earnings_risk"":{""value"":null,""score"":80.0},""M4_vix"":{""value"":null,""score"":60.0},""_score"":84.0},""liquidity"":{""L1_price"":{""value"":223.11,""score"":100.0},""L2_dollar_vol"":{""value"":291798650.158101,""score"":100.0},""L3_spread_proxy"":{""value"":0.0201815248083905,""score"":79.81847519160951},""L4_volume_zscore"":{""value"":-0.4838062130836454,""score"":100.0},""_score"":97.98},""pattern_structure"":{""left_low"":215.73,""left_idx"":17,""right_low"":211.5845,""right_idx"":62,""separation_bars"":45,""structural_low"":211.5845,""current_price"":224.6,""neckline_distance_pct"":-0.015048975957257326,""base_bars"":45},""pattern_geometry_features"":{""low_similarity_pct"":0.019402571174158605,""bounce_pct"":0.045539725263429066,""right_bottom_reaction"":0.4182321876893774,""atr_pct"":0.02722814498933902},""_schema_version"":""1.0""}",,,,,,,,,,
20260505T210937Z-543da1,2026-05-05T21:09:37.858700+00:00,ASML,double_bottom,forming,55.0,75.1,65.3,51.9,47.3,17.4,50.6,57.4,84.0,72.2,11.27,16.33,4.15,6.62,2.27,4.05,3.44,5.04,3.61,True,risk_unclear,1442.92,1473.03,1346.2881,1579.27,"{""trend"":{""T1_ema_stack"":{""value"":[true,true,true],""score"":100.0},""T2_ema50_slope"":{""value"":0.18934856531954058,""score"":81.55809421992343},""T3_high_proximity"":{""value"":0.9452411055282967,""score"":72.6205527641483},""T4_rs_1m"":{""value"":0.008123302024044987,""score"":58.12330202404499},""T5_rs_3m"":{""value"":-0.015957840899230913,""score"":42.02107955038454},""T6_adr_healthy"":{""value"":2.958441023808542,""score"":100.0},""_score"":75.13},""geometry"":{""sub_low_similarity"":83.2,""sub_bounce_quality"":68.2,""sub_separation_fit"":0.0,""sub_right_bottom_reaction"":44.7,""sub_base_context"":100.0,""_score"":65.31},""compression"":{""VC1_atr_ratio"":{""value"":0.5925770629328235,""score"":100},""VC2_range_contraction"":{""value"":1.027511188556628,""score"":0},""VC3_range_pct_rank"":{""score"":47.5},""_score"":51.88},""sr_quality"":{""SR1_touches"":{""value"":2,""score"":25.0},""SR2_tightness"":{""value"":6.652499999999918,""score"":75.23087663309097},""SR3_recency"":{""value"":231,""score"":0.0},""SR4_price_location"":{""score"":54.066396434123185},""SR5_reaction"":{""value"":2.725254213623216,""score"":100},""_score"":47.3,""_levels_found"":4,""_target_level"":1486.8225},""volume"":{""V1_rvol_day"":{""value"":0.8900732315748419,""score"":26.004882104989456},""V2_rvol_sameslot"":{""value"":0.578126429246264,""score"":5.208428616417601,""status"":""ok""},""V3_breakout_bar"":{""value"":0.5422891244752074,""score"":2.8192749650138254},""V4_base_dryup"":{""value"":0.9759737908418464,""score"":52.402620915815355},""V5_bo_expansion"":{""value"":0.8900732315748421,""score"":0},""_score"":17.43},""readiness"":{""_distance_atr"":0.561,""BR1_atr_distance"":{""score"":62.63067495539834},""BR2_compression"":{""score"":32.05186012945727},""BR3_retest"":{""score"":50.0},""BR4_bo_age"":{""score"":50.0},""_score"":50.57},""risk"":{""R1_stop_clarity"":{""score"":23.66586217213488},""R2_stop_distance_pct"":{""value"":6.69696518171487,""score"":100.0},""R3_stop_distance_atr"":{""value"":1.7989374023469995,""score"":100.0},""R4_rr_potential"":{""value"":1.4110254538229332,""score"":20.55127269114666},""_score"":57.39},""market"":{""M1_spy_regime"":{""score"":100.0},""M3_earnings_risk"":{""value"":null,""score"":80.0},""M4_vix"":{""value"":null,""score"":60.0},""_score"":84.0},""liquidity"":{""L1_price"":{""value"":1442.92,""score"":0.0},""L2_dollar_vol"":{""value"":2329492840.467774,""score"":100.0},""L3_spread_proxy"":{""value"":0.02800571064230855,""score"":71.99428935769146},""L4_volume_zscore"":{""value"":-0.26668851906793684,""score"":100.0},""_score"":72.2},""pattern_structure"":{""left_low"":1378.3,""left_idx"":25,""right_low"":1366.79,""right_idx"":70,""separation_bars"":45,""structural_low"":1366.79,""current_price"":1443.855,""neckline_distance_pct"":0.02020632265705348,""base_bars"":45},""pattern_geometry_features"":{""low_similarity_pct"":0.00838588170151069,""bounce_pct"":0.07772957074605463,""right_bottom_reaction"":0.4474337748344333,""atr_pct"":0.03722733861099122},""_schema_version"":""1.0""}",,,,,,,,,,
20260505T210937Z-543da1,2026-05-05T21:09:37.858700+00:00,GSAT,cup_with_handle,extended,55.0,95.3,52.3,99.0,41.9,30.3,42.5,5.2,84.0,98.6,13.34,15.68,7.92,5.02,3.94,3.4,0.26,4.2,4.93,True,risk_unclear,81.87,78.2999,70.2305,99.5099,"{""trend"":{""T1_ema_stack"":{""value"":[true,true,true],""score"":100.0},""T2_ema50_slope"":{""value"":0.6181295672745926,""score"":100},""T3_high_proximity"":{""value"":0.9947752126366951,""score"":97.38760631834754},""T4_rs_1m"":{""value"":0.02835279345792241,""score"":78.35279345792242},""T5_rs_3m"":{""value"":0.27125295821056006,""score"":100},""T6_adr_healthy"":{""value"":2.128977871851,""score"":100.0},""_score"":95.28},""geometry"":{""sub_cup_depth"":96.7,""sub_cup_duration"":100.0,""sub_rim_symmetry"":8.7,""sub_handle_shallowness"":25.5,""sub_handle_proportion"":38.9,""sub_u_shape"":48.0,""_score"":52.27},""compression"":{""VC1_atr_ratio"":{""value"":0.10614188644579121,""score"":100},""VC2_range_contraction"":{""value"":0.2460432077039935,""score"":100},""VC3_range_pct_rank"":{""score"":95.83333333333334},""_score"":98.96},""sr_quality"":{""SR1_touches"":{""value"":2,""score"":25.0},""SR2_tightness"":{""value"":0.11499999999999488,""score"":78.99678194172105},""SR3_recency"":{""value"":249,""score"":0.0},""SR4_price_location"":{""score"":30.0},""SR5_reaction"":{""value"":15.546947280096308,""score"":100},""_score"":41.85,""_levels_found"":6,""_target_level"":74.765},""volume"":{""V1_rvol_day"":{""value"":0.5529640910719552,""score"":3.530939404797014},""V2_rvol_sameslot"":{""value"":1.0844925455183099,""score"":38.96616970122066,""status"":""ok""},""V3_breakout_bar"":{""value"":1.8076597052592775,""score"":87.17731368395184},""V4_base_dryup"":{""value"":1.8430067826343062,""score"":0},""V5_bo_expansion"":{""value"":0.5529640910719552,""score"":0},""_score"":30.29},""readiness"":{""_distance_atr"":-3.26,""BR1_atr_distance"":{""score"":0},""BR2_compression"":{""score"":100},""BR3_retest"":{""score"":50.0},""BR4_bo_age"":{""score"":50.0},""_score"":42.5},""risk"":{""R1_stop_clarity"":{""score"":0},""R2_stop_distance_pct"":{""value"":14.217051422987678,""score"":0.0},""R3_stop_distance_atr"":{""value"":10.62899811258039,""score"":0.0},""R4_rr_potential"":{""value"":1.5155204261351403,""score"":25.776021306757013},""_score"":5.16},""market"":{""M1_spy_regime"":{""score"":100.0},""M3_earnings_risk"":{""value"":null,""score"":80.0},""M4_vix"":{""value"":null,""score"":60.0},""_score"":84.0},""liquidity"":{""L1_price"":{""value"":81.87,""score"":100.0},""L2_dollar_vol"":{""value"":95780069.3506368,""score"":99.0637573581254},""L3_spread_proxy"":{""value"":0.010504458287529002,""score"":89.495541712471},""L4_volume_zscore"":{""value"":-0.3704021078006297,""score"":100.0},""_score"":98.58},""pattern_structure"":{""left_rim"":74.88,""left_rim_idx"":82,""cup_bottom"":53.67,""cup_bottom_idx"":139,""right_rim"":78.2999,""right_rim_idx"":157,""handle_low"":71.3,""handle_bars"":22,""cup_bars"":75,""structural_low"":71.3,""current_price"":81.87,""neckline_distance_pct"":-0.04360693782826445,""base_bars"":97},""pattern_geometry_features"":{""cup_depth_pct"":0.28325320512820507,""rim_symmetry_pct"":0.04567174145299143,""handle_depth_pct"":0.08939858160738388,""handle_to_cup_ratio"":0.29333333333333333,""cup_duration_bars"":75.0,""atr_pct"":0.013375721090928126,""u_shape_score"":0.24},""_schema_version"":""1.0""}",,,,,,,,,,
20260505T210937Z-543da1,2026-05-05T21:09:37.858700+00:00,BHP,tight_consolidation,absent,55.0,79.8,45.4,73.5,46.5,33.6,42.0,50.5,84.0,98.8,12.78,9.08,13.22,4.65,4.37,3.36,2.53,4.2,4.94,True,risk_unclear,79.24,80.78,75.7662,84.64,"{""trend"":{""T1_ema_stack"":{""value"":[true,true,true],""score"":100.0},""T2_ema50_slope"":{""value"":0.29219030562812837,""score"":98.69838427135473},""T3_high_proximity"":{""value"":0.9545837850861341,""score"":77.29189254306701},""T4_rs_1m"":{""value"":-0.009790881734528245,""score"":40.20911826547176},""T5_rs_3m"":{""value"":0.03970234936381667,""score"":69.85117468190833},""T6_adr_healthy"":{""value"":1.7098881701757571,""score"":100.0},""_score"":79.85},""geometry"":{""sub_tightness"":23.1,""sub_duration"":100.0,""sub_dry_up"":37.3,""sub_location"":59.3,""_score"":45.42},""compression"":{""VC1_atr_ratio"":{""value"":0.43469075400607027,""score"":100},""VC2_range_contraction"":{""value"":0.7727546718083467,""score"":37.87422136527556},""VC3_range_pct_rank"":{""score"":80.83333333333333},""_score"":73.46},""sr_quality"":{""SR1_touches"":{""value"":2,""score"":25.0},""SR2_tightness"":{""value"":0.240000000000002,""score"":71.29431866723598},""SR3_recency"":{""value"":229,""score"":0.0},""SR4_price_location"":{""score"":53.15789473684184},""SR5_reaction"":{""value"":2.272533105510467,""score"":100},""_score"":46.48,""_levels_found"":8,""_target_level"":81.02},""volume"":{""V1_rvol_day"":{""value"":0.615374308564401,""score"":7.691620570960067},""V2_rvol_sameslot"":{""value"":0.8380231308807493,""score"":22.534875392049955,""status"":""ok""},""V3_breakout_bar"":{""value"":1.282500857992252,""score"":52.16672386615014},""V4_base_dryup"":{""value"":0.7720642068205212,""score"":72.79357931794787},""V5_bo_expansion"":{""value"":0.615374308564401,""score"":0},""_score"":33.65},""readiness"":{""_distance_atr"":0.921,""BR1_atr_distance"":{""score"":38.601737149366144},""BR2_compression"":{""score"":36.421145136374534},""BR3_retest"":{""score"":50.0},""BR4_bo_age"":{""score"":50.0},""_score"":42.05},""risk"":{""R1_stop_clarity"":{""score"":0},""R2_stop_distance_pct"":{""value"":4.383897021706205,""score"":100.0},""R3_stop_distance_atr"":{""value"":2.0774540794532226,""score"":100.0},""R4_rr_potential"":{""value"":1.5544936380908545,""score"":27.724681904542724},""_score"":50.54},""market"":{""M1_spy_regime"":{""score"":100.0},""M3_earnings_risk"":{""value"":null,""score"":80.0},""M4_vix"":{""value"":null,""score"":60.0},""_score"":84.0},""liquidity"":{""L1_price"":{""value"":79.24,""score"":100.0},""L2_dollar_vol"":{""value"":114091640.85758851,""score"":100.0},""L3_spread_proxy"":{""value"":0.012241292276627952,""score"":87.75870772337205},""L4_volume_zscore"":{""value"":-1.619493945888393,""score"":100.0},""_score"":98.78},""pattern_structure"":{""window_bars"":12,""range_pct"":0.048712771327612314,""range_atr"":2.3084152071764192,""vol_ratio"":0.6634576767447287,""range_location_63d"":0.787246049661399,""pivot_high"":80.78,""pivot_low"":76.92,""structural_low"":76.92,""current_price"":79.24,""neckline_distance_pct"":0.019434628975265097,""base_bars"":12},""pattern_geometry_features"":{""range_pct"":0.048712771327612314,""range_atr"":2.3084152071764192,""duration_bars"":12.0,""vol_dryup_ratio"":0.6634576767447287,""location_in_range"":0.787246049661399,""atr_pct"":0.021102257157279883},""_schema_version"":""1.0""}",,,,,,,,,,
20260505T210937Z-543da1,2026-05-05T21:09:37.858700+00:00,TSM,double_bottom,forming,55.0,98.0,52.1,47.3,42.6,30.4,27.4,65.4,84.0,96.6,14.71,13.03,3.78,5.97,3.96,2.2,3.92,5.04,4.83,True,risk_unclear,394.41,414.5,370.1728,453.19,"{""trend"":{""T1_ema_stack"":{""value"":[true,true,true],""score"":100.0},""T2_ema50_slope"":{""value"":0.31287489479431774,""score"":100},""T3_high_proximity"":{""value"":0.9738999456763298,""score"":86.94997283816485},""T4_rs_1m"":{""value"":0.05565352284398095,""score"":100},""T5_rs_3m"":{""value"":0.12505631562150876,""score"":100},""T6_adr_healthy"":{""value"":2.836960737468467,""score"":100.0},""_score"":98.04},""geometry"":{""sub_low_similarity"":12.6,""sub_bounce_quality"":100,""sub_separation_fit"":0.0,""sub_right_bottom_reaction"":55.5,""sub_base_context"":100.0,""_score"":52.11},""compression"":{""VC1_atr_ratio"":{""value"":0.4805988872609575,""score"":100},""VC2_range_contraction"":{""value"":1.164582143787088,""score"":0},""VC3_range_pct_rank"":{""score"":29.166666666666664},""_score"":47.29},""sr_quality"":{""SR1_touches"":{""value"":2,""score"":25.0},""SR2_tightness"":{""value"":1.0800000000000125,""score"":84.19206226152815},""SR3_recency"":{""value"":236,""score"":0.0},""SR4_price_location"":{""score"":30.0},""SR5_reaction"":{""value"":2.909465577745099,""score"":100},""_score"":42.63,""_levels_found"":5,""_target_level"":381.08},""volume"":{""V1_rvol_day"":{""value"":1.0214315531414198,""score"":34.76210354276132},""V2_rvol_sameslot"":{""value"":1.1660596095177547,""score"":44.40397396785031,""status"":""ok""},""V3_breakout_bar"":{""value"":0.8679420347508163,""score"":24.529468983387755},""V4_base_dryup"":{""value"":1.0865895929858624,""score"":41.34104070141375},""V5_bo_expansion"":{""value"":1.0214315531414198,""score"":1.428770209427984},""_score"":30.45},""readiness"":{""_distance_atr"":1.47,""BR1_atr_distance"":{""score"":1.9810280352174345},""BR2_compression"":{""score"":36.60476006659552},""BR3_retest"":{""score"":50.0},""BR4_bo_age"":{""score"":50.0},""_score"":27.44},""risk"":{""R1_stop_clarity"":{""score"":17.48915164590194},""R2_stop_distance_pct"":{""value"":6.1451661976116325,""score"":100.0},""R3_stop_distance_atr"":{""value"":1.7737933248055526,""score"":100.0},""R4_rr_potential"":{""value"":2.425202633147869,""score"":71.26013165739344},""_score"":65.37},""market"":{""M1_spy_regime"":{""score"":100.0},""M3_earnings_risk"":{""value"":null,""score"":80.0},""M4_vix"":{""value"":null,""score"":60.0},""_score"":84.0},""liquidity"":{""L1_price"":{""value"":394.41,""score"":100.0},""L2_dollar_vol"":{""value"":5667939115.590878,""score"":100.0},""L3_spread_proxy"":{""value"":0.03430161507061185,""score"":65.69838492938814},""L4_volume_zscore"":{""value"":0.0685525196479679,""score"":100.0},""_score"":96.57},""pattern_structure"":{""left_low"":375.81,""left_idx"":30,""right_low"":392.6001,""right_idx"":76,""separation_bars"":46,""structural_low"":375.81,""current_price"":394.035,""neckline_distance_pct"":0.051937010671640776,""base_bars"":46},""pattern_geometry_features"":{""low_similarity_pct"":0.043700883161218194,""bounce_pct"":0.10295095926132886,""right_bottom_reaction"":0.5550244500699709,""atr_pct"":0.0346442063552431},""_schema_version"":""1.0""}",,,,,,,,,,
20260505T210937Z-543da1,2026-05-05T21:09:37.858700+00:00,SNPS,vcp,retest_hold,55.0,89.6,43.8,58.8,38.2,29.3,65.6,72.1,84.0,97.2,13.44,10.95,7.05,4.59,3.8,4.59,3.61,5.04,4.86,True,risk_unclear,502.51,502.28,464.5457,625.06,"{""trend"":{""T1_ema_stack"":{""value"":[true,true,false],""score"":66.66666666666666},""T2_ema50_slope"":{""value"":0.23751003179966318,""score"":89.58500529994387},""T3_high_proximity"":{""value"":1.0,""score"":99.99999999999997},""T4_rs_1m"":{""value"":0.16714316330516232,""score"":100},""T5_rs_3m"":{""value"":0.1492502736004231,""score"":100},""T6_adr_healthy"":{""value"":3.4024905426269387,""score"":100.0},""_score"":89.58},""geometry"":{""sub_contraction_count"":100.0,""sub_reduction_rate"":0,""sub_pivot_tightness"":55.7,""sub_volume_dryup"":3.0,""sub_base_depth"":0.0,""sub_base_duration"":100.0,""_score"":43.81},""compression"":{""VC1_atr_ratio"":{""value"":0.6942047337759454,""score"":76.44881655601365},""VC2_range_contraction"":{""value"":0.841871293438388,""score"":26.35478442693534},""VC3_range_pct_rank"":{""score"":75.83333333333333},""_score"":58.76},""sr_quality"":{""SR1_touches"":{""value"":2,""score"":25.0},""SR2_tightness"":{""value"":0.8400000000000034,""score"":90.54645280963679},""SR3_recency"":{""value"":312,""score"":0.0},""SR4_price_location"":{""score"":30.0},""SR5_reaction"":{""value"":1.2891712269715503,""score"":64.45856134857752},""_score"":38.25,""_levels_found"":5,""_target_level"":483.07},""volume"":{""V1_rvol_day"":{""value"":1.0848723377324998,""score"":38.99148918216665},""V2_rvol_sameslot"":{""value"":0.7427123384889117,""score"":16.180822565927446,""status"":""ok""},""V3_breakout_bar"":{""value"":0.7429919906898719,""score"":16.19946604599146},""V4_base_dryup"":{""value"":0.8338445148181604,""score"":66.61554851818397},""V5_bo_expansion"":{""value"":1.0848723377325,""score"":5.658155848833335},""_score"":29.26},""readiness"":{""_distance_atr"":-0.013,""BR1_atr_distance"":{""score"":100.0},""BR2_compression"":{""score"":32.41575759250102},""BR3_retest"":{""score"":50.0},""BR4_bo_age"":{""score"":50.0},""_score"":65.6},""risk"":{""R1_stop_clarity"":{""score"":20.38425132287368},""R2_stop_distance_pct"":{""value"":7.55493423016457,""score"":100.0},""R3_stop_distance_atr"":{""value"":2.13629346189943,""score"":100.0},""R4_rr_potential"":{""value"":3.2280326517280713,""score"":100.0},""_score"":72.13},""market"":{""M1_spy_regime"":{""score"":100.0},""M3_earnings_risk"":{""value"":null,""score"":80.0},""M4_vix"":{""value"":null,""score"":60.0},""_score"":84.0},""liquidity"":{""L1_price"":{""value"":502.51,""score"":98.745},""L2_dollar_vol"":{""value"":945424596.6396147,""score"":100.0},""L3_spread_proxy"":{""value"":0.024934827167618502,""score"":75.0651728323815},""L4_volume_zscore"":{""value"":0.3104076792175536,""score"":100.0},""_score"":97.19},""pattern_structure"":{""n_contractions"":5,""contractions_pct"":[10.93,8.4,14.09,3.82,6.1],""descending_strict"":false,""final_low"":471.62,""final_pivot"":502.28,""structural_low"":471.62,""dry_up_ratio"":0.9850668643806576,""current_price"":502.51,""neckline_distance_pct"":-0.00045770233428194104,""base_bars"":45,""recent_base_height"":122.77999999999997},""pattern_geometry_features"":{""contraction_count"":5.0,""first_contraction_pct"":0.1092786683107276,""last_contraction_pct"":0.06104165007565495,""dry_up_ratio"":0.9850668643806576,""near_monotone"":0.0,""base_depth_pct"":-0.03844460102166632},""_schema_version"":""1.0""}",,,,,,,,,,
20260505T210937Z-543da1,2026-05-05T21:09:37.858700+00:00,SNPS,cup_with_handle,retest_hold,55.0,89.6,57.6,58.8,38.2,25.9,65.6,69.1,84.0,97.2,12.54,17.28,4.7,4.59,3.37,5.25,3.46,4.2,4.86,True,risk_unclear,502.51,502.28,464.5457,605.01,"{""trend"":{""T1_ema_stack"":{""value"":[true,true,false],""score"":66.66666666666666},""T2_ema50_slope"":{""value"":0.23751003179966318,""score"":89.58500529994387},""T3_high_proximity"":{""value"":1.0,""score"":99.99999999999997},""T4_rs_1m"":{""value"":0.16714316330516232,""score"":100},""T5_rs_3m"":{""value"":0.1492502736004231,""score"":100},""T6_adr_healthy"":{""value"":3.4024905426269387,""score"":100.0},""_score"":89.58},""geometry"":{""sub_cup_depth"":100.0,""sub_cup_duration"":56.0,""sub_rim_symmetry"":16.8,""sub_handle_shallowness"":49.1,""sub_handle_proportion"":97.4,""sub_u_shape"":41.8,""_score"":57.59},""compression"":{""VC1_atr_ratio"":{""value"":0.6942047337759454,""score"":76.44881655601365},""VC2_range_contraction"":{""value"":0.841871293438388,""score"":26.35478442693534},""VC3_range_pct_rank"":{""score"":75.83333333333333},""_score"":58.76},""sr_quality"":{""SR1_touches"":{""value"":2,""score"":25.0},""SR2_tightness"":{""value"":0.8400000000000034,""score"":90.54645280963679},""SR3_recency"":{""value"":312,""score"":0.0},""SR4_price_location"":{""score"":30.0},""SR5_reaction"":{""value"":1.2891712269715503,""score"":64.45856134857752},""_score"":38.25,""_levels_found"":5,""_target_level"":483.07},""volume"":{""V1_rvol_day"":{""value"":1.0848723377324998,""score"":38.99148918216665},""V2_rvol_sameslot"":{""value"":0.7427123384889117,""score"":16.180822565927446,""status"":""ok""},""V3_breakout_bar"":{""value"":0.7429919906898719,""score"":16.19946604599146},""V4_base_dryup"":{""value"":0.9993990917224224,""score"":50.06009082775776},""V5_bo_expansion"":{""value"":1.0848723377325,""score"":5.658155848833335},""_score"":25.95},""readiness"":{""_distance_atr"":-0.013,""BR1_atr_distance"":{""score"":100.0},""BR2_compression"":{""score"":32.41575759250102},""BR3_retest"":{""score"":50.0},""BR4_bo_age"":{""score"":50.0},""_score"":65.6},""risk"":{""R1_stop_clarity"":{""score"":20.38425132287368},""R2_stop_distance_pct"":{""value"":7.55493423016457,""score"":100.0},""R3_stop_distance_atr"":{""value"":2.13629346189943,""score"":100.0},""R4_rr_potential"":{""value"":2.6999049106660746,""score"":84.99524553330373},""_score"":69.13},""market"":{""M1_spy_regime"":{""score"":100.0},""M3_earnings_risk"":{""value"":null,""score"":80.0},""M4_vix"":{""value"":null,""score"":60.0},""_score"":84.0},""liquidity"":{""L1_price"":{""value"":502.51,""score"":98.745},""L2_dollar_vol"":{""value"":945424596.6396147,""score"":100.0},""L3_spread_proxy"":{""value"":0.024934827167618502,""score"":75.0651728323815},""L4_volume_zscore"":{""value"":0.3104076792175536,""score"":100.0},""_score"":97.19},""pattern_structure"":{""left_rim"":482.23,""left_rim_idx"":81,""cup_bottom"":379.5,""cup_bottom_idx"":153,""right_rim"":502.28,""right_rim_idx"":172,""handle_low"":471.62,""handle_bars"":7,""cup_bars"":91,""structural_low"":471.62,""current_price"":502.51,""neckline_distance_pct"":-0.00045770233428194104,""base_bars"":98},""pattern_geometry_features"":{""cup_depth_pct"":0.21303112622607473,""rim_symmetry_pct"":0.04157767040623759,""handle_depth_pct"":0.06104165007565495,""handle_to_cup_ratio"":0.07692307692307693,""cup_duration_bars"":91.0,""atr_pct"":0.03536468357417195,""u_shape_score"":0.2087912087912088},""_schema_version"":""1.0""}",,,,,,,,,,
20260505T210937Z-543da1,2026-05-05T21:09:37.858700+00:00,WWD,double_bottom,forming,55.0,45.1,54.9,48.1,71.5,28.2,59.9,65.2,84.0,96.3,6.77,13.73,3.85,10.01,3.66,4.79,3.92,5.04,4.81,True,risk_unclear;reversal_trend_cap,365.58,378.5025,350.5418,401.125,"{""trend"":{""T1_ema_stack"":{""value"":[false,true,true],""score"":66.66666666666666},""T2_ema50_slope"":{""value"":0.08535788900206336,""score"":64.22631483367722},""T3_high_proximity"":{""value"":0.9065840049597024,""score"":53.29200247985116},""T4_rs_1m"":{""value"":-0.1335054175219469,""score"":0},""T5_rs_3m"":{""value"":-0.06471749716196373,""score"":17.641251419018133},""T6_adr_healthy"":{""value"":3.4988787904436895,""score"":100.0},""_score"":45.15},""geometry"":{""sub_low_similarity"":88.1,""sub_bounce_quality"":48.0,""sub_separation_fit"":0.0,""sub_right_bottom_reaction"":85.9,""sub_base_context"":30.0,""_score"":54.91},""compression"":{""VC1_atr_ratio"":{""value"":0.204177152478561,""score"":100},""VC2_range_contraction"":{""value"":1.1201685266095949,""score"":0},""VC3_range_pct_rank"":{""score"":32.49999999999999},""_score"":48.12},""sr_quality"":{""SR1_touches"":{""value"":5,""score"":100},""SR2_tightness"":{""value"":2.2512494394002656,""score"":70.43212483326528},""SR3_recency"":{""value"":224,""score"":0.0},""SR4_price_location"":{""score"":65.62812805622949},""SR5_reaction"":{""value"":1.9400011445329333,""score"":97.00005722664666},""_score"":71.52,""_levels_found"":7,""_target_level"":373.5556},""volume"":{""V1_rvol_day"":{""value"":0.9143488291717032,""score"":27.62325527811355},""V2_rvol_sameslot"":{""value"":0.9933045051636744,""score"":32.886967010911626,""status"":""ok""},""V3_breakout_bar"":{""value"":1.0046256644791973,""score"":33.64171096527982},""V4_base_dryup"":{""value"":1.1168487217807512,""score"":38.315127821924875},""V5_bo_expansion"":{""value"":0.9143488291717032,""score"":0},""_score"":28.18},""readiness"":{""_distance_atr"":0.849,""BR1_atr_distance"":{""score"":43.42536191163262},""BR2_compression"":{""score"":100},""BR3_retest"":{""score"":50.0},""BR4_bo_age"":{""score"":50.0},""_score"":59.87},""risk"":{""R1_stop_clarity"":{""score"":29.888164122269515},""R2_stop_distance_pct"":{""value"":4.113518244980583,""score"":100.0},""R3_stop_distance_atr"":{""value"":0.9875574260017254,""score"":74.37787130008627},""R4_rr_potential"":{""value"":2.363647245016024,""score"":68.1823622508012},""_score"":65.25},""market"":{""M1_spy_regime"":{""score"":100.0},""M3_earnings_risk"":{""value"":null,""score"":80.0},""M4_vix"":{""value"":null,""score"":60.0},""_score"":84.0},""liquidity"":{""L1_price"":{""value"":365.58,""score"":100.0},""L2_dollar_vol"":{""value"":296249186.2812494,""score"":100.0},""L3_spread_proxy"":{""value"":0.03706439083100829,""score"":62.93560916899171},""L4_volume_zscore"":{""value"":-0.18959173074162647,""score"":100.0},""_score"":96.29},""pattern_structure"":{""left_low"":358.0,""left_idx"":24,""right_low"":355.88,""right_idx"":74,""separation_bars"":50,""structural_low"":355.88,""current_price"":367.665,""neckline_distance_pct"":0.0294765615437966,""base_bars"":50},""pattern_geometry_features"":{""low_similarity_pct"":0.0059393735641844695,""bounce_pct"":0.06356777565471508,""right_bottom_reaction"":0.8593967517401402,""atr_pct"":0.041653458691863425},""_schema_version"":""1.0""}",,,,,,,,,,
20260505T210937Z-543da1,2026-05-05T21:09:37.858700+00:00,NVDA,double_bottom,forming,55.0,71.8,71.0,41.3,55.7,24.8,37.2,55.2,84.0,97.9,10.76,17.75,3.3,7.79,3.22,2.97,3.31,5.04,4.89,True,risk_unclear,196.5,216.38,193.7101,236.1,"{""trend"":{""T1_ema_stack"":{""value"":[false,true,true],""score"":66.66666666666666},""T2_ema50_slope"":{""value"":0.32249779589286737,""score"":100},""T3_high_proximity"":{""value"":0.9071603342412631,""score"":53.580167120631515},""T4_rs_1m"":{""value"":0.007767826896616148,""score"":57.76782689661615},""T5_rs_3m"":{""value"":0.03995150449738971,""score"":69.97575224869486},""T6_adr_healthy"":{""value"":2.8465998240630017,""score"":100.0},""_score"":71.75},""geometry"":{""sub_low_similarity"":94.3,""sub_bounce_quality"":100,""sub_separation_fit"":0.0,""sub_right_bottom_reaction"":18.1,""sub_base_context"":100.0,""_score"":71.0},""compression"":{""VC1_atr_ratio"":{""value"":0.7600017176038825,""score"":59.99957059902938},""VC2_range_contraction"":{""value"":1.4576076018594988,""score"":0},""VC3_range_pct_rank"":{""score"":69.16666666666667},""_score"":41.29},""sr_quality"":{""SR1_touches"":{""value"":2,""score"":25.0},""SR2_tightness"":{""value"":0.2046500000000009,""score"":93.56284599899342},""SR3_recency"":{""value"":229,""score"":0.0},""SR4_price_location"":{""score"":76.51798743734533},""SR5_reaction"":{""value"":3.3494511197785606,""score"":100},""_score"":55.66,""_levels_found"":6,""_target_level"":197.4253},""volume"":{""V1_rvol_day"":{""value"":0.7492554436476919,""score"":16.617029576512795},""V2_rvol_sameslot"":{""value"":0.8639719941723222,""score"":24.264799611488144,""status"":""ok""},""V3_breakout_bar"":{""value"":0.8212094299273085,""score"":21.413961995153898},""V4_base_dryup"":{""value"":0.937432544674469,""score"":56.2567455325531},""V5_bo_expansion"":{""value"":0.7492554436476917,""score"":0},""_score"":24.78},""readiness"":{""_distance_atr"":3.127,""BR1_atr_distance"":{""score"":0},""BR2_compression"":{""score"":78.72106019481899},""BR3_retest"":{""score"":50.0},""BR4_bo_age"":{""score"":50.0},""_score"":37.18},""risk"":{""R1_stop_clarity"":{""score"":7.212506290890374},""R2_stop_distance_pct"":{""value"":1.4197964376590417,""score"":85.49491094147605},""R3_stop_distance_atr"":{""value"":0.4387739053850051,""score"":46.93869526925025},""R4_rr_potential"":{""value"":14.194057134664236,""score"":100.0},""_score"":55.21},""market"":{""M1_spy_regime"":{""score"":100.0},""M3_earnings_risk"":{""value"":null,""score"":80.0},""M4_vix"":{""value"":null,""score"":60.0},""_score"":84.0},""liquidity"":{""L1_price"":{""value"":196.5,""score"":100.0},""L2_dollar_vol"":{""value"":21594199239.97903,""score"":100.0},""L3_spread_proxy"":{""value"":0.021424936386768487,""score"":78.57506361323152},""L4_volume_zscore"":{""value"":-1.0231090305549668,""score"":100.0},""_score"":97.86},""pattern_structure"":{""left_low"":197.2206,""left_idx"":30,""right_low"":196.66,""right_idx"":75,""separation_bars"":45,""structural_low"":196.66,""current_price"":196.31,""neckline_distance_pct"":0.10223625897814677,""base_bars"":45},""pattern_geometry_features"":{""low_similarity_pct"":0.002846547913250837,""bounce_pct"":0.10027458557917217,""right_bottom_reaction"":0.18147058823530032,""atr_pct"":0.032358269720101786},""_schema_version"":""1.0""}",,,,,,,,,,
20260505T210937Z-543da1,2026-05-05T21:09:37.858700+00:00,BHP,vcp,forming,55.0,79.8,55.7,73.5,46.5,30.1,42.0,65.0,84.0,98.8,11.98,13.92,8.82,5.58,3.92,2.94,3.25,5.04,4.94,True,risk_unclear,79.24,80.78,75.7662,94.975,"{""trend"":{""T1_ema_stack"":{""value"":[true,true,true],""score"":100.0},""T2_ema50_slope"":{""value"":0.29219030562812837,""score"":98.69838427135473},""T3_high_proximity"":{""value"":0.9545837850861341,""score"":77.29189254306701},""T4_rs_1m"":{""value"":-0.009790881734528245,""score"":40.20911826547176},""T5_rs_3m"":{""value"":0.03970234936381667,""score"":69.85117468190833},""T6_adr_healthy"":{""value"":1.7098881701757571,""score"":100.0},""_score"":79.85},""geometry"":{""sub_contraction_count"":100.0,""sub_reduction_rate"":0,""sub_pivot_tightness"":74.6,""sub_volume_dryup"":63.2,""sub_base_depth"":0.0,""sub_base_duration"":100.0,""_score"":55.67},""compression"":{""VC1_atr_ratio"":{""value"":0.43469075400607027,""score"":100},""VC2_range_contraction"":{""value"":0.7727546718083467,""score"":37.87422136527556},""VC3_range_pct_rank"":{""score"":80.83333333333333},""_score"":73.46},""sr_quality"":{""SR1_touches"":{""value"":2,""score"":25.0},""SR2_tightness"":{""value"":0.240000000000002,""score"":71.29431866723598},""SR3_recency"":{""value"":229,""score"":0.0},""SR4_price_location"":{""score"":53.15789473684184},""SR5_reaction"":{""value"":2.272533105510467,""score"":100},""_score"":46.48,""_levels_found"":8,""_target_level"":81.02},""volume"":{""V1_rvol_day"":{""value"":0.615374308564401,""score"":7.691620570960067},""V2_rvol_sameslot"":{""value"":0.8380231308807493,""score"":22.534875392049955,""status"":""ok""},""V3_breakout_bar"":{""value"":1.282500857992252,""score"":52.16672386615014},""V4_base_dryup"":{""value"":0.9474268977296729,""score"":55.257310227032704},""V5_bo_expansion"":{""value"":0.615374308564401,""score"":0},""_score"":30.14},""readiness"":{""_distance_atr"":0.921,""BR1_atr_distance"":{""score"":38.601737149366144},""BR2_compression"":{""score"":36.421145136374534},""BR3_retest"":{""score"":50.0},""BR4_bo_age"":{""score"":50.0},""_score"":42.05},""risk"":{""R1_stop_clarity"":{""score"":0},""R2_stop_distance_pct"":{""value"":4.383897021706205,""score"":100.0},""R3_stop_distance_atr"":{""value"":2.0774540794532226,""score"":100.0},""R4_rr_potential"":{""value"":4.529621739881406,""score"":100.0},""_score"":65.0},""market"":{""M1_spy_regime"":{""score"":100.0},""M3_earnings_risk"":{""value"":null,""score"":80.0},""M4_vix"":{""value"":null,""score"":60.0},""_score"":84.0},""liquidity"":{""L1_price"":{""value"":79.24,""score"":100.0},""L2_dollar_vol"":{""value"":114091640.85758851,""score"":100.0},""L3_spread_proxy"":{""value"":0.012241292276627952,""score"":87.75870772337205},""L4_volume_zscore"":{""value"":-1.619493945888393,""score"":100.0},""_score"":98.78},""pattern_structure"":{""n_contractions"":5,""contractions_pct"":[6.72,5.14,17.06,4.6,4.78],""descending_strict"":false,""final_low"":76.92,""final_pivot"":80.78,""structural_low"":76.92,""dry_up_ratio"":0.6841842351079015,""current_price"":79.24,""neckline_distance_pct"":0.019434628975265097,""base_bars"":58,""recent_base_height"":14.195000000000007},""pattern_geometry_features"":{""contraction_count"":5.0,""first_contraction_pct"":0.06721890277023361,""last_contraction_pct"":0.04778410497647932,""dry_up_ratio"":0.6841842351079015,""near_monotone"":0.0,""base_depth_pct"":-0.04454101032047802},""_schema_version"":""1.0""}",,,,,,,,,,
20260505T210937Z-543da1,2026-05-05T21:09:37.858700+00:00,BHP,ascending_triangle,absent,55.0,79.8,48.1,73.5,46.5,37.4,42.0,50.6,84.0,98.8,11.98,13.48,5.88,6.51,4.49,3.36,2.02,5.04,4.94,True,risk_unclear,79.24,80.78,75.7859,84.62,"{""trend"":{""T1_ema_stack"":{""value"":[true,true,true],""score"":100.0},""T2_ema50_slope"":{""value"":0.29219030562812837,""score"":98.69838427135473},""T3_high_proximity"":{""value"":0.9545837850861341,""score"":77.29189254306701},""T4_rs_1m"":{""value"":-0.009790881734528245,""score"":40.20911826547176},""T5_rs_3m"":{""value"":0.03970234936381667,""score"":69.85117468190833},""T6_adr_healthy"":{""value"":1.7098881701757571,""score"":100.0},""_score"":79.85},""geometry"":{""sub_flat_top_quality"":66.7,""sub_hl_slope"":9.1,""sub_compression"":41.6,""sub_duration"":100.0,""_score"":48.14},""compression"":{""VC1_atr_ratio"":{""value"":0.43469075400607027,""score"":100},""VC2_range_contraction"":{""value"":0.7727546718083467,""score"":37.87422136527556},""VC3_range_pct_rank"":{""score"":80.83333333333333},""_score"":73.46},""sr_quality"":{""SR1_touches"":{""value"":2,""score"":25.0},""SR2_tightness"":{""value"":0.240000000000002,""score"":71.29431866723598},""SR3_recency"":{""value"":229,""score"":0.0},""SR4_price_location"":{""score"":53.15789473684184},""SR5_reaction"":{""value"":2.272533105510467,""score"":100},""_score"":46.48,""_levels_found"":8,""_target_level"":81.02},""volume"":{""V1_rvol_day"":{""value"":0.615374308564401,""score"":7.691620570960067},""V2_rvol_sameslot"":{""value"":0.8380231308807493,""score"":22.534875392049955,""status"":""ok""},""V3_breakout_bar"":{""value"":1.282500857992252,""score"":52.16672386615014},""V4_base_dryup"":{""value"":0.5843829010989294,""score"":91.56170989010705},""V5_bo_expansion"":{""value"":0.615374308564401,""score"":0},""_score"":37.4},""readiness"":{""_distance_atr"":0.921,""BR1_atr_distance"":{""score"":38.601737149366144},""BR2_compression"":{""score"":36.421145136374534},""BR3_retest"":{""score"":50.0},""BR4_bo_age"":{""score"":50.0},""_score"":42.05},""risk"":{""R1_stop_clarity"":{""score"":0},""R2_stop_distance_pct"":{""value"":4.3590358404846,""score"":100.0},""R3_stop_distance_atr"":{""value"":2.065672789406234,""score"":100.0},""R4_rr_potential"":{""value"":1.5575692655105569,""score"":27.878463275527842},""_score"":50.58},""market"":{""M1_spy_regime"":{""score"":100.0},""M3_earnings_risk"":{""value"":null,""score"":80.0},""M4_vix"":{""value"":null,""score"":60.0},""_score"":84.0},""liquidity"":{""L1_price"":{""value"":79.24,""score"":100.0},""L2_dollar_vol"":{""value"":114091640.85758851,""score"":100.0},""L3_spread_proxy"":{""value"":0.012241292276627952,""score"":87.75870772337205},""L4_volume_zscore"":{""value"":-1.619493945888393,""score"":100.0},""_score"":98.78},""pattern_structure"":{""top"":80.78,""top_touches"":3,""low_slope_per_bar"":0.02094552929085229,""lowest_low"":76.94,""structural_low"":76.94,""current_price"":79.47,""neckline_distance_pct"":0.016484207877186387,""base_bars"":25},""pattern_geometry_features"":{""top_touches"":3.0,""low_slope"":0.02094552929085229,""compression"":0.2080013692880106,""atr_pct"":0.021102257157279883},""_schema_version"":""1.0""}",,,,,,,,,,
20260505T210937Z-543da1,2026-05-05T21:09:37.858700+00:00,TSM,vcp,breakout_confirmed,55.0,98.0,51.4,47.3,42.6,31.5,43.5,41.9,84.0,96.6,14.71,12.85,5.67,5.12,4.1,3.04,2.1,5.04,4.83,True,risk_unclear,394.41,382.16,355.1418,450.52,"{""trend"":{""T1_ema_stack"":{""value"":[true,true,true],""score"":100.0},""T2_ema50_slope"":{""value"":0.31287489479431774,""score"":100},""T3_high_proximity"":{""value"":0.9738999456763298,""score"":86.94997283816485},""T4_rs_1m"":{""value"":0.05565352284398095,""score"":100},""T5_rs_3m"":{""value"":0.12505631562150876,""score"":100},""T6_adr_healthy"":{""value"":2.836960737468467,""score"":100.0},""_score"":98.04},""geometry"":{""sub_contraction_count"":100.0,""sub_reduction_rate"":17.9,""sub_pivot_tightness"":62.1,""sub_volume_dryup"":0,""sub_base_depth"":26.0,""sub_base_duration"":100.0,""_score"":51.39},""compression"":{""VC1_atr_ratio"":{""value"":0.4805988872609575,""score"":100},""VC2_range_contraction"":{""value"":1.164582143787088,""score"":0},""VC3_range_pct_rank"":{""score"":29.166666666666664},""_score"":47.29},""sr_quality"":{""SR1_touches"":{""value"":2,""score"":25.0},""SR2_tightness"":{""value"":1.0800000000000125,""score"":84.19206226152815},""SR3_recency"":{""value"":236,""score"":0.0},""SR4_price_location"":{""score"":30.0},""SR5_reaction"":{""value"":2.909465577745099,""score"":100},""_score"":42.63,""_levels_found"":5,""_target_level"":381.08},""volume"":{""V1_rvol_day"":{""value"":1.0214315531414198,""score"":34.76210354276132},""V2_rvol_sameslot"":{""value"":1.1660596095177547,""score"":44.40397396785031,""status"":""ok""},""V3_breakout_bar"":{""value"":0.8679420347508163,""score"":24.529468983387755},""V4_base_dryup"":{""value"":1.0336856729518142,""score"":46.63143270481858},""V5_bo_expansion"":{""value"":1.0214315531414198,""score"":1.428770209427984},""_score"":31.51},""readiness"":{""_distance_atr"":-0.897,""BR1_atr_distance"":{""score"":42.06970025034463},""BR2_compression"":{""score"":36.60476006659552},""BR3_retest"":{""score"":50.0},""BR4_bo_age"":{""score"":50.0},""_score"":43.48},""risk"":{""R1_stop_clarity"":{""score"":20.83955622769483},""R2_stop_distance_pct"":{""value"":9.956200400598366,""score"":51.094989985040854},""R3_stop_distance_atr"":{""value"":2.873842829160836,""score"":100.0},""R4_rr_potential"":{""value"":1.4288897518987982,""score"":21.444487594939908},""_score"":41.91},""market"":{""M1_spy_regime"":{""score"":100.0},""M3_earnings_risk"":{""value"":null,""score"":80.0},""M4_vix"":{""value"":null,""score"":60.0},""_score"":84.0},""liquidity"":{""L1_price"":{""value"":394.41,""score"":100.0},""L2_dollar_vol"":{""value"":5667939115.590878,""score"":100.0},""L3_spread_proxy"":{""value"":0.03430161507061185,""score"":65.69838492938814},""L4_volume_zscore"":{""value"":0.0685525196479679,""score"":100.0},""_score"":96.57},""pattern_structure"":{""n_contractions"":5,""contractions_pct"":[14.94,5.91,6.54,10.46,5.65],""descending_strict"":false,""final_low"":360.55,""final_pivot"":382.16,""structural_low"":360.55,""dry_up_ratio"":1.0512611552547573,""current_price"":394.41,""neckline_distance_pct"":-0.031059050226921223,""base_bars"":35,""recent_base_height"":68.36000000000001},""pattern_geometry_features"":{""contraction_count"":5.0,""first_contraction_pct"":0.14937020284209573,""last_contraction_pct"":0.05654699602260836,""dry_up_ratio"":1.0512611552547573,""near_monotone"":0.0,""base_depth_pct"":0.07599851360182462},""_schema_version"":""1.0""}",,,,,,,,,,
20260505T210937Z-543da1,2026-05-05T21:09:37.858700+00:00,TSM,ascending_triangle,absent,55.0,98.0,42.1,47.3,42.6,32.2,40.7,63.1,84.0,96.6,14.71,11.79,3.78,5.97,3.86,3.26,2.52,5.04,4.83,True,risk_unclear,394.41,407.7,386.248,423.27,"{""trend"":{""T1_ema_stack"":{""value"":[true,true,true],""score"":100.0},""T2_ema50_slope"":{""value"":0.31287489479431774,""score"":100},""T3_high_proximity"":{""value"":0.9738999456763298,""score"":86.94997283816485},""T4_rs_1m"":{""value"":0.05565352284398095,""score"":100},""T5_rs_3m"":{""value"":0.12505631562150876,""score"":100},""T6_adr_healthy"":{""value"":2.836960737468467,""score"":100.0},""_score"":98.04},""geometry"":{""sub_flat_top_quality"":66.7,""sub_hl_slope"":23.6,""sub_compression"":0,""sub_duration"":100.0,""_score"":42.09},""compression"":{""VC1_atr_ratio"":{""value"":0.4805988872609575,""score"":100},""VC2_range_contraction"":{""value"":1.164582143787088,""score"":0},""VC3_range_pct_rank"":{""score"":29.166666666666664},""_score"":47.29},""sr_quality"":{""SR1_touches"":{""value"":2,""score"":25.0},""SR2_tightness"":{""value"":1.0800000000000125,""score"":84.19206226152815},""SR3_recency"":{""value"":236,""score"":0.0},""SR4_price_location"":{""score"":30.0},""SR5_reaction"":{""value"":2.909465577745099,""score"":100},""_score"":42.63,""_levels_found"":5,""_target_level"":381.08},""volume"":{""V1_rvol_day"":{""value"":1.0214315531414198,""score"":34.76210354276132},""V2_rvol_sameslot"":{""value"":1.1660596095177547,""score"":44.40397396785031,""status"":""ok""},""V3_breakout_bar"":{""value"":0.8679420347508163,""score"":24.529468983387755},""V4_base_dryup"":{""value"":0.9998744590068922,""score"":50.012554099310776},""V5_bo_expansion"":{""value"":1.0214315531414198,""score"":1.428770209427984},""_score"":32.18},""readiness"":{""_distance_atr"":0.973,""BR1_atr_distance"":{""score"":35.15818131349137},""BR2_compression"":{""score"":36.60476006659552},""BR3_retest"":{""score"":50.0},""BR4_bo_age"":{""score"":50.0},""_score"":40.71},""risk"":{""R1_stop_clarity"":{""score"":13.906019091848393},""R2_stop_distance_pct"":{""value"":2.0694074693846622,""score"":100.0},""R3_stop_distance_atr"":{""value"":0.5973314695579612,""score"":54.866573477898065},""R4_rr_potential"":{""value"":3.5359197250656753,""score"":100.0},""_score"":63.1},""market"":{""M1_spy_regime"":{""score"":100.0},""M3_earnings_risk"":{""value"":null,""score"":80.0},""M4_vix"":{""value"":null,""score"":60.0},""_score"":84.0},""liquidity"":{""L1_price"":{""value"":394.41,""score"":100.0},""L2_dollar_vol"":{""value"":5667939115.590878,""score"":100.0},""L3_spread_proxy"":{""value"":0.03430161507061185,""score"":65.69838492938814},""L4_volume_zscore"":{""value"":0.0685525196479679,""score"":100.0},""_score"":96.57},""pattern_structure"":{""top"":407.7,""top_touches"":3,""low_slope_per_bar"":0.2770549528301861,""lowest_low"":392.13,""structural_low"":392.13,""current_price"":394.035,""neckline_distance_pct"":0.03467966043625557,""base_bars"":26},""pattern_geometry_features"":{""top_touches"":3.0,""low_slope"":0.2770549528301861,""compression"":-0.17110775273174594,""atr_pct"":0.0346442063552431},""_schema_version"":""1.0""}",,,,,,,,,,
20260505T210937Z-543da1,2026-05-05T21:09:37.858700+00:00,AMAT,double_bottom,forming,55.0,98.9,67.8,53.8,56.7,32.0,50.4,56.1,84.0,96.5,14.83,16.94,4.31,7.93,4.17,4.03,3.37,5.04,4.83,True,risk_unclear,410.82,420.4999,379.8652,455.3498,"{""trend"":{""T1_ema_stack"":{""value"":[true,true,true],""score"":100.0},""T2_ema50_slope"":{""value"":0.38132571196328885,""score"":100},""T3_high_proximity"":{""value"":0.9850853635142911,""score"":92.54268175714553},""T4_rs_1m"":{""value"":0.06664824099395794,""score"":100},""T5_rs_3m"":{""value"":0.23951360262231836,""score"":100},""T6_adr_healthy"":{""value"":2.983600589952413,""score"":100.0},""_score"":98.88},""geometry"":{""sub_low_similarity"":71.1,""sub_bounce_quality"":86.2,""sub_separation_fit"":0.0,""sub_right_bottom_reaction"":61.3,""sub_base_context"":100.0,""_score"":67.77},""compression"":{""VC1_atr_ratio"":{""value"":0.6300787059434858,""score"":92.48032351412854},""VC2_range_contraction"":{""value"":0.9147767927496668,""score"":14.20386787505553},""VC3_range_pct_rank"":{""score"":47.5},""_score"":53.84},""sr_quality"":{""SR1_touches"":{""value"":4,""score"":75.0},""SR2_tightness"":{""value"":1.5960028195463891,""score"":77.7205486557974},""SR3_recency"":{""value"":225,""score"":0.0},""SR4_price_location"":{""score"":30.0},""SR5_reaction"":{""value"":2.6141548982832084,""score"":100},""_score"":56.66,""_levels_found"":4,""_target_level"":378.265},""volume"":{""V1_rvol_day"":{""value"":1.0831591652821646,""score"":38.87727768547764},""V2_rvol_sameslot"":{""value"":0.9409019849235236,""score"":29.393465661568243,""status"":""ok""},""V3_breakout_bar"":{""value"":0.7207080914537886,""score"":14.713872763585902},""V4_base_dryup"":{""value"":0.8059089595248744,""score"":69.40910404751256},""V5_bo_expansion"":{""value"":1.0831591652821646,""score"":5.543944352144306},""_score"":32.05},""readiness"":{""_distance_atr"":0.676,""BR1_atr_distance"":{""score"":54.95771092934903},""BR2_compression"":{""score"":43.77968258597746},""BR3_retest"":{""score"":50.0},""BR4_bo_age"":{""score"":50.0},""_score"":50.43},""risk"":{""R1_stop_clarity"":{""score"":19.24760120410889},""R2_stop_distance_pct"":{""value"":7.534869285818618,""score"":100.0},""R3_stop_distance_atr"":{""value"":2.1605690104387403,""score"":100.0},""R4_rr_potential"":{""value"":1.4385449729039974,""score"":21.92724864519987},""_score"":56.12},""market"":{""M1_spy_regime"":{""score"":100.0},""M3_earnings_risk"":{""value"":null,""score"":80.0},""M4_vix"":{""value"":null,""score"":60.0},""_score"":84.0},""liquidity"":{""L1_price"":{""value"":410.82,""score"":100.0},""L2_dollar_vol"":{""value"":2584793461.2331147,""score"":100.0},""L3_spread_proxy"":{""value"":0.03468672411275011,""score"":65.31327588724989},""L4_volume_zscore"":{""value"":0.34574251116748755,""score"":100.0},""_score"":96.53},""pattern_structure"":{""left_low"":391.26,""left_idx"":20,""right_low"":385.65,""right_idx"":68,""separation_bars"":48,""structural_low"":385.65,""current_price"":411.69,""neckline_distance_pct"":0.021399353882775942,""base_bars"":48},""pattern_geometry_features"":{""low_similarity_pct"":0.01444182723867633,""bounce_pct"":0.09036665370154298,""right_bottom_reaction"":0.6127075746421801,""atr_pct"":0.0348744670936872},""_schema_version"":""1.0""}",,,,,,,,,,
20260505T210937Z-543da1,2026-05-05T21:09:37.858700+00:00,BHP,double_bottom,forming,55.0,79.8,58.9,73.5,46.5,36.4,49.5,48.3,84.0,98.8,11.98,14.72,5.88,6.51,4.73,3.96,2.9,5.04,4.94,True,risk_unclear,79.24,80.31,76.3079,83.15,"{""trend"":{""T1_ema_stack"":{""value"":[true,true,true],""score"":100.0},""T2_ema50_slope"":{""value"":0.29219030562812837,""score"":98.69838427135473},""T3_high_proximity"":{""value"":0.9545837850861341,""score"":77.29189254306701},""T4_rs_1m"":{""value"":-0.009790881734528245,""score"":40.20911826547176},""T5_rs_3m"":{""value"":0.03970234936381667,""score"":69.85117468190833},""T6_adr_healthy"":{""value"":1.7098881701757571,""score"":100.0},""_score"":79.85},""geometry"":{""sub_low_similarity"":63.9,""sub_bounce_quality"":9.5,""sub_separation_fit"":33.3,""sub_right_bottom_reaction"":85.5,""sub_base_context"":100.0,""_score"":58.89},""compression"":{""VC1_atr_ratio"":{""value"":0.43469075400607027,""score"":100},""VC2_range_contraction"":{""value"":0.7727546718083467,""score"":37.87422136527556},""VC3_range_pct_rank"":{""score"":80.83333333333333},""_score"":73.46},""sr_quality"":{""SR1_touches"":{""value"":2,""score"":25.0},""SR2_tightness"":{""value"":0.240000000000002,""score"":71.29431866723598},""SR3_recency"":{""value"":229,""score"":0.0},""SR4_price_location"":{""score"":53.15789473684184},""SR5_reaction"":{""value"":2.272533105510467,""score"":100},""_score"":46.48,""_levels_found"":8,""_target_level"":81.02},""volume"":{""V1_rvol_day"":{""value"":0.615374308564401,""score"":7.691620570960067},""V2_rvol_sameslot"":{""value"":0.8380231308807493,""score"":22.534875392049955,""status"":""ok""},""V3_breakout_bar"":{""value"":1.282500857992252,""score"":52.16672386615014},""V4_base_dryup"":{""value"":0.634667783015626,""score"":86.5332216984374},""V5_bo_expansion"":{""value"":0.615374308564401,""score"":0},""_score"":36.39},""readiness"":{""_distance_atr"":0.64,""BR1_atr_distance"":{""score"":57.34016801936466},""BR2_compression"":{""score"":36.421145136374534},""BR3_retest"":{""score"":50.0},""BR4_bo_age"":{""score"":50.0},""_score"":49.54},""risk"":{""R1_stop_clarity"":{""score"":0},""R2_stop_distance_pct"":{""value"":3.70021453811207,""score"":100.0},""R3_stop_distance_atr"":{""value"":1.7534686031610438,""score"":100.0},""R4_rr_potential"":{""value"":1.3335379683156856,""score"":16.67689841578428},""_score"":48.34},""market"":{""M1_spy_regime"":{""score"":100.0},""M3_earnings_risk"":{""value"":null,""score"":80.0},""M4_vix"":{""value"":null,""score"":60.0},""_score"":84.0},""liquidity"":{""L1_price"":{""value"":79.24,""score"":100.0},""L2_dollar_vol"":{""value"":114091640.85758851,""score"":100.0},""L3_spread_proxy"":{""value"":0.012241292276627952,""score"":87.75870772337205},""L4_volume_zscore"":{""value"":-1.619493945888393,""score"":100.0},""_score"":98.78},""pattern_structure"":{""left_low"":78.88,""left_idx"":30,""right_low"":77.47,""right_idx"":70,""separation_bars"":40,""structural_low"":77.47,""current_price"":79.47,""neckline_distance_pct"":0.010570026425066105,""base_bars"":40},""pattern_geometry_features"":{""low_similarity_pct"":0.018036456667732608,""bounce_pct"":0.03665935200722865,""right_bottom_reaction"":0.8545454545454569,""atr_pct"":0.021102257157279883},""_schema_version"":""1.0""}",,,,,,,,,,
20260505T210937Z-543da1,2026-05-05T21:09:37.858700+00:00,ADI,double_bottom,forming,55.0,100.0,57.5,34.7,59.0,39.3,65.3,46.5,84.0,96.9,15.0,14.36,2.78,8.26,5.1,5.23,2.79,5.04,4.85,True,risk_unclear,404.77,406.3,387.2921,419.41,"{""trend"":{""T1_ema_stack"":{""value"":[true,true,true],""score"":100.0},""T2_ema50_slope"":{""value"":0.4510309341604369,""score"":100},""T3_high_proximity"":{""value"":1.0,""score"":99.99999999999997},""T4_rs_1m"":{""value"":0.13806554287209805,""score"":100},""T5_rs_3m"":{""value"":0.2506417440384625,""score"":100},""T6_adr_healthy"":{""value"":2.467323864777629,""score"":100.0},""_score"":100.0},""geometry"":{""sub_low_similarity"":76.9,""sub_bounce_quality"":4.8,""sub_separation_fit"":6.7,""sub_right_bottom_reaction"":82.8,""sub_base_context"":100.0,""_score"":57.45},""compression"":{""VC1_atr_ratio"":{""value"":0.7868427894814748,""score"":53.289302629631294},""VC2_range_contraction"":{""value"":0.8843923696313873,""score"":19.267938394768777},""VC3_range_pct_rank"":{""score"":26.66666666666667},""_score"":34.73},""sr_quality"":{""SR1_touches"":{""value"":6,""score"":100},""SR2_tightness"":{""value"":2.2453462984582164,""score"":64.60936341758561},""SR3_recency"":{""value"":246,""score"":0.0},""SR4_price_location"":{""score"":30.0},""SR5_reaction"":{""value"":1.5717245067409715,""score"":78.58622533704857},""_score"":58.98,""_levels_found"":3,""_target_level"":302.644},""volume"":{""V1_rvol_day"":{""value"":1.0404350709017633,""score"":36.02900472678422},""V2_rvol_sameslot"":{""value"":0.9494180636238441,""score"":29.961204241589606,""status"":""ok""},""V3_breakout_bar"":{""value"":1.263459752106119,""score"":50.8973168070746},""V4_base_dryup"":{""value"":0.8532495362971408,""score"":64.67504637028591},""V5_bo_expansion"":{""value"":1.0404350709017633,""score"":2.6956713934508896},""_score"":39.26},""readiness"":{""_distance_atr"":0.121,""BR1_atr_distance"":{""score"":91.96149624250597},""BR2_compression"":{""score"":44.25694608613998},""BR3_retest"":{""score"":50.0},""BR4_bo_age"":{""score"":50.0},""_score"":65.35},""risk"":{""R1_stop_clarity"":{""score"":7.039432576205314},""R2_stop_distance_pct"":{""value"":4.317970699409539,""score"":100.0},""R3_stop_distance_atr"":{""value"":1.3774094401756296,""score"":93.87047200878148},""R4_rr_potential"":{""value"":0.8376316308928188,""score"":0.0},""_score"":46.54},""market"":{""M1_spy_regime"":{""score"":100.0},""M3_earnings_risk"":{""value"":null,""score"":80.0},""M4_vix"":{""value"":null,""score"":60.0},""_score"":84.0},""liquidity"":{""L1_price"":{""value"":404.77,""score"":100.0},""L2_dollar_vol"":{""value"":1349516482.9765303,""score"":100.0},""L3_spread_proxy"":{""value"":0.030807619141734882,""score"":69.19238085826512},""L4_volume_zscore"":{""value"":0.13373555542348028,""score"":100.0},""_score"":96.92},""pattern_structure"":{""left_low"":397.755,""left_idx"":30,""right_low"":393.19,""right_idx"":74,""separation_bars"":44,""structural_low"":393.19,""current_price"":404.5,""neckline_distance_pct"":0.004449938195302871,""base_bars"":44},""pattern_geometry_features"":{""low_similarity_pct"":0.011543154075188536,""bounce_pct"":0.03334265876548237,""right_bottom_reaction"":0.8284250960307331,""atr_pct"":0.031348490677245294},""_schema_version"":""1.0""}",,,,,,,,,,
20260505T210937Z-543da1,2026-05-05T21:09:37.858700+00:00,GSAT,ascending_triangle,absent,55.0,95.3,48.1,99.0,41.9,30.3,58.6,48.7,84.0,98.6,14.29,13.46,7.92,5.86,3.63,4.69,1.95,5.04,4.93,True,risk_unclear,81.87,82.85,79.8441,84.64,"{""trend"":{""T1_ema_stack"":{""value"":[true,true,true],""score"":100.0},""T2_ema50_slope"":{""value"":0.6181295672745926,""score"":100},""T3_high_proximity"":{""value"":0.9947752126366951,""score"":97.38760631834754},""T4_rs_1m"":{""value"":0.02835279345792241,""score"":78.35279345792242},""T5_rs_3m"":{""value"":0.27125295821056006,""score"":100},""T6_adr_healthy"":{""value"":2.128977871851,""score"":100.0},""_score"":95.28},""geometry"":{""sub_flat_top_quality"":100,""sub_hl_slope"":10.2,""sub_compression"":0,""sub_duration"":100.0,""_score"":48.06},""compression"":{""VC1_atr_ratio"":{""value"":0.10614188644579121,""score"":100},""VC2_range_contraction"":{""value"":0.2460432077039935,""score"":100},""VC3_range_pct_rank"":{""score"":95.83333333333334},""_score"":98.96},""sr_quality"":{""SR1_touches"":{""value"":2,""score"":25.0},""SR2_tightness"":{""value"":0.11499999999999488,""score"":78.99678194172105},""SR3_recency"":{""value"":249,""score"":0.0},""SR4_price_location"":{""score"":30.0},""SR5_reaction"":{""value"":15.546947280096308,""score"":100},""_score"":41.85,""_levels_found"":6,""_target_level"":74.765},""volume"":{""V1_rvol_day"":{""value"":0.5529640910719552,""score"":3.530939404797014},""V2_rvol_sameslot"":{""value"":1.0844925455183099,""score"":38.96616970122066,""status"":""ok""},""V3_breakout_bar"":{""value"":1.8076597052592775,""score"":87.17731368395184},""V4_base_dryup"":{""value"":2.6737405469345985,""score"":0},""V5_bo_expansion"":{""value"":0.5529640910719552,""score"":0},""_score"":30.29},""readiness"":{""_distance_atr"":0.895,""BR1_atr_distance"":{""score"":40.338684935901234},""BR2_compression"":{""score"":100},""BR3_retest"":{""score"":50.0},""BR4_bo_age"":{""score"":50.0},""_score"":58.64},""risk"":{""R1_stop_clarity"":{""score"":0},""R2_stop_distance_pct"":{""value"":2.474532795895941,""score"":100.0},""R3_stop_distance_atr"":{""value"":1.8500182375769292,""score"":100.0},""R4_rr_potential"":{""value"":1.3672935485463114,""score"":18.364677427315566},""_score"":48.67},""market"":{""M1_spy_regime"":{""score"":100.0},""M3_earnings_risk"":{""value"":null,""score"":80.0},""M4_vix"":{""value"":null,""score"":60.0},""_score"":84.0},""liquidity"":{""L1_price"":{""value"":81.87,""score"":100.0},""L2_dollar_vol"":{""value"":95780069.3506368,""score"":99.0637573581254},""L3_spread_proxy"":{""value"":0.010504458287529002,""score"":89.495541712471},""L4_volume_zscore"":{""value"":-0.3704021078006297,""score"":100.0},""_score"":98.58},""pattern_structure"":{""top"":82.85,""top_touches"":5,""low_slope_per_bar"":0.02473233830845758,""lowest_low"":81.06,""structural_low"":81.06,""current_price"":81.585,""neckline_distance_pct"":0.015505301219586941,""base_bars"":26},""pattern_geometry_features"":{""top_touches"":5.0,""low_slope"":0.02473233830845758,""compression"":-0.01819578152968515,""atr_pct"":0.013375721090928126},""_schema_version"":""1.0""}",,,,,,,,,,
20260505T210937Z-543da1,2026-05-05T21:09:37.858700+00:00,CW,double_bottom,forming,55.0,69.5,50.8,72.1,63.7,40.5,67.1,45.0,84.0,73.2,10.43,12.69,5.77,8.92,5.26,5.37,2.7,5.04,3.66,True,risk_unclear,728.95,730.96,694.5235,756.82,"{""trend"":{""T1_ema_stack"":{""value"":[true,true,true],""score"":100.0},""T2_ema50_slope"":{""value"":0.18297851770017962,""score"":80.4964196166966},""T3_high_proximity"":{""value"":0.9816054187258454,""score"":90.80270936292267},""T4_rs_1m"":{""value"":-0.05573402929218774,""score"":0},""T5_rs_3m"":{""value"":0.03060499469153788,""score"":65.30249734576894},""T6_adr_healthy"":{""value"":2.6486003937312375,""score"":100.0},""_score"":69.52},""geometry"":{""sub_low_similarity"":76.3,""sub_bounce_quality"":9.5,""sub_separation_fit"":0.0,""sub_right_bottom_reaction"":39.8,""sub_base_context"":100.0,""_score"":50.76},""compression"":{""VC1_atr_ratio"":{""value"":0.38067829449944623,""score"":100},""VC2_range_contraction"":{""value"":0.8389479879409125,""score"":26.842002009847914},""VC3_range_pct_rank"":{""score"":90.83333333333333},""_score"":72.1},""sr_quality"":{""SR1_touches"":{""value"":5,""score"":100},""SR2_tightness"":{""value"":2.57040347027466,""score"":74.76741806739138},""SR3_recency"":{""value"":234,""score"":0.0},""SR4_price_location"":{""score"":30.0},""SR5_reaction"":{""value"":2.810070833666398,""score"":100},""_score"":63.72,""_levels_found"":7,""_target_level"":713.366},""volume"":{""V1_rvol_day"":{""value"":1.1391690185416936,""score"":42.61126790277957},""V2_rvol_sameslot"":{""value"":1.1469530906606964,""score"":43.130206044046425,""status"":""ok""},""V3_breakout_bar"":{""value"":1.5891811179400044,""score"":72.61207452933363},""V4_base_dryup"":{""value"":1.3107355591385808,""score"":18.926444086141927},""V5_bo_expansion"":{""value"":1.1391690185416936,""score"":9.27793456944624},""_score"":40.48},""readiness"":{""_distance_atr"":0.099,""BR1_atr_distance"":{""score"":93.42288862804826},""BR2_compression"":{""score"":48.89507310106321},""BR3_retest"":{""score"":50.0},""BR4_bo_age"":{""score"":50.0},""_score"":67.09},""risk"":{""R1_stop_clarity"":{""score"":0},""R2_stop_distance_pct"":{""value"":4.722751903422735,""score"":100.0},""R3_stop_distance_atr"":{""value"":1.6897531690037175,""score"":100.0},""R4_rr_potential"":{""value"":0.8095507821009972,""score"":0.0},""_score"":45.0},""market"":{""M1_spy_regime"":{""score"":100.0},""M3_earnings_risk"":{""value"":null,""score"":80.0},""M4_vix"":{""value"":null,""score"":60.0},""_score"":84.0},""liquidity"":{""L1_price"":{""value"":728.95,""score"":0.0},""L2_dollar_vol"":{""value"":181674405.28399286,""score"":100.0},""L3_spread_proxy"":{""value"":0.01748405240414295,""score"":82.51594759585706},""L4_volume_zscore"":{""value"":0.4185670137115097,""score"":100.0},""_score"":73.25},""pattern_structure"":{""left_low"":713.5,""left_idx"":15,""right_low"":705.1,""right_idx"":63,""separation_bars"":48,""structural_low"":705.1,""current_price"":726.91,""neckline_distance_pct"":0.005571528799989089,""base_bars"":48},""pattern_geometry_features"":{""low_similarity_pct"":0.011842661779218918,""bounce_pct"":0.0366756488441356,""right_bottom_reaction"":0.39820481436148486,""atr_pct"":0.027949359646458196},""_schema_version"":""1.0""}",,,,,,,,,,
20260505T210937Z-543da1,2026-05-05T21:09:37.858700+00:00,CRWD,cup_with_handle,setup,55.0,85.1,66.9,74.0,60.0,19.5,54.0,50.8,84.0,96.9,11.91,20.07,5.92,7.2,2.53,4.32,2.54,4.2,4.85,True,risk_unclear,476.53,467.95,426.0618,611.78,"{""trend"":{""T1_ema_stack"":{""value"":[true,true,false],""score"":66.66666666666666},""T2_ema50_slope"":{""value"":0.14720251905691514,""score"":74.53375317615253},""T3_high_proximity"":{""value"":1.0,""score"":99.99999999999997},""T4_rs_1m"":{""value"":0.0970773358504986,""score"":100},""T5_rs_3m"":{""value"":0.08028394473683265,""score"":90.14197236841633},""T6_adr_healthy"":{""value"":4.244496909114942,""score"":100.0},""_score"":85.09},""geometry"":{""sub_cup_depth"":84.4,""sub_cup_duration"":100.0,""sub_rim_symmetry"":23.5,""sub_handle_shallowness"":37.0,""sub_handle_proportion"":100.0,""sub_u_shape"":86.1,""_score"":66.9},""compression"":{""VC1_atr_ratio"":{""value"":0.4176258338264041,""score"":100},""VC2_range_contraction"":{""value"":0.7019173503007732,""score"":49.680441616537806},""VC3_range_pct_rank"":{""score"":66.66666666666667},""_score"":74.05},""sr_quality"":{""SR1_touches"":{""value"":2,""score"":25.0},""SR2_tightness"":{""value"":0.27504999999999313,""score"":96.77616908556551},""SR3_recency"":{""value"":297,""score"":0.0},""SR4_price_location"":{""score"":91.93578505530294},""SR5_reaction"":{""value"":2.2058657196187186,""score"":100},""_score"":60.0,""_levels_found"":6,""_target_level"":477.2749},""volume"":{""V1_rvol_day"":{""value"":0.6437404481768383,""score"":9.582696545122554},""V2_rvol_sameslot"":{""value"":0.5873607635926102,""score"":5.824050906174016,""status"":""ok""},""V3_breakout_bar"":{""value"":0.8685291483512212,""score"":24.568609890081415},""V4_base_dryup"":{""value"":0.9883826830445422,""score"":51.161731695545775},""V5_bo_expansion"":{""value"":0.6437404481768383,""score"":0},""_score"":19.46},""readiness"":{""_distance_atr"":-0.503,""BR1_atr_distance"":{""score"":49.94347600587219},""BR2_compression"":{""score"":66.26755422358241},""BR3_retest"":{""score"":50.0},""BR4_bo_age"":{""score"":50.0},""_score"":54.04},""risk"":{""R1_stop_clarity"":{""score"":23.9519326283219},""R2_stop_distance_pct"":{""value"":10.590781272952377,""score"":35.23046817619058},""R3_stop_distance_atr"":{""value"":2.9576641437449958,""score"":100.0},""R4_rr_potential"":{""value"":2.679902711110453,""score"":83.99513555552265},""_score"":50.75},""market"":{""M1_spy_regime"":{""score"":100.0},""M3_earnings_risk"":{""value"":null,""score"":80.0},""M4_vix"":{""value"":null,""score"":60.0},""_score"":84.0},""liquidity"":{""L1_price"":{""value"":476.53,""score"":100.0},""L2_dollar_vol"":{""value"":992357995.3999287,""score"":100.0},""L3_spread_proxy"":{""value"":0.030764065221497126,""score"":69.23593477850287},""L4_volume_zscore"":{""value"":-0.6937897491540286,""score"":100.0},""_score"":96.92},""pattern_structure"":{""left_rim"":486.55,""left_rim_idx"":98,""cup_bottom"":342.72,""cup_bottom_idx"":129,""right_rim"":467.95,""right_rim_idx"":170,""handle_low"":432.55,""handle_bars"":9,""cup_bars"":72,""structural_low"":432.55,""current_price"":476.53,""neckline_distance_pct"":-0.01800516231926633,""base_bars"":81},""pattern_geometry_features"":{""cup_depth_pct"":0.29561196177165755,""rim_symmetry_pct"":0.03822834241085196,""handle_depth_pct"":0.07564910781066349,""handle_to_cup_ratio"":0.125,""cup_duration_bars"":72.0,""atr_pct"":0.035807923950223516,""u_shape_score"":0.4305555555555556},""_schema_version"":""1.0""}",,,,,,,,,,
20260505T210937Z-543da1,2026-05-05T21:09:37.858700+00:00,FTNT,double_bottom,setup,55.0,72.0,58.8,73.5,58.1,31.7,53.8,34.0,84.0,98.1,10.8,14.7,5.88,8.14,4.13,4.31,2.04,5.04,4.9,True,risk_unclear,89.92,87.64,80.8685,93.18,"{""trend"":{""T1_ema_stack"":{""value"":[true,true,false],""score"":66.66666666666666},""T2_ema50_slope"":{""value"":0.07985386341412665,""score"":63.30897723568778},""T3_high_proximity"":{""value"":1.0,""score"":99.99999999999997},""T4_rs_1m"":{""value"":-0.005681089451395449,""score"":44.31891054860455},""T5_rs_3m"":{""value"":0.0842648031412152,""score"":92.13240157060761},""T6_adr_healthy"":{""value"":3.3474535469148345,""score"":100.0},""_score"":72.01},""geometry"":{""sub_low_similarity"":67.4,""sub_bounce_quality"":53.5,""sub_separation_fit"":0.0,""sub_right_bottom_reaction"":52.5,""sub_base_context"":100.0,""_score"":58.8},""compression"":{""VC1_atr_ratio"":{""value"":0.5814237090024038,""score"":100},""VC2_range_contraction"":{""value"":0.7729543298248239,""score"":37.840945029196014},""VC3_range_pct_rank"":{""score"":80.83333333333333},""_score"":73.45},""sr_quality"":{""SR1_touches"":{""value"":6,""score"":100},""SR2_tightness"":{""value"":0.8804185399885411,""score"":37.621379016234656},""SR3_recency"":{""value"":226,""score"":0.0},""SR4_price_location"":{""score"":30.0},""SR5_reaction"":{""value"":2.3880185731094774,""score"":100},""_score"":58.14,""_levels_found"":5,""_target_level"":86.6342},""volume"":{""V1_rvol_day"":{""value"":0.7142985453641066,""score"":14.286569690940443},""V2_rvol_sameslot"":{""value"":0.8859963817439792,""score"":25.733092116265283,""status"":""ok""},""V3_breakout_bar"":{""value"":1.1290165273818207,""score"":41.93443515878805},""V4_base_dryup"":{""value"":0.837194962870116,""score"":66.2805037129884},""V5_bo_expansion"":{""value"":0.7142985453641066,""score"":0},""_score"":31.74},""readiness"":{""_distance_atr"":-0.808,""BR1_atr_distance"":{""score"":43.845949467984155},""BR2_compression"":{""score"":75.13954503417327},""BR3_retest"":{""score"":50.0},""BR4_bo_age"":{""score"":50.0},""_score"":53.82},""risk"":{""R1_stop_clarity"":{""score"":12.746871797467307},""R2_stop_distance_pct"":{""value"":10.066169928825627,""score"":48.34575177935933},""R3_stop_distance_atr"":{""value"":3.2065436050557325,""score"":100.0},""R4_rr_potential"":{""value"":0.3601612992321719,""score"":0.0},""_score"":33.97},""market"":{""M1_spy_regime"":{""score"":100.0},""M3_earnings_risk"":{""value"":null,""score"":80.0},""M4_vix"":{""value"":null,""score"":60.0},""_score"":84.0},""liquidity"":{""L1_price"":{""value"":89.92,""score"":100.0},""L2_dollar_vol"":{""value"":356202225.7765111,""score"":100.0},""L3_spread_proxy"":{""value"":0.019406138790035637,""score"":80.59386120996436},""L4_volume_zscore"":{""value"":-0.8378374186239108,""score"":100.0},""_score"":98.06},""pattern_structure"":{""left_low"":82.1,""left_idx"":14,""right_low"":83.45,""right_idx"":61,""separation_bars"":47,""structural_low"":82.1,""current_price"":90.155,""neckline_distance_pct"":-0.027896400643336483,""base_bars"":47},""pattern_geometry_features"":{""low_similarity_pct"":0.016309272123225714,""bounce_pct"":0.06747868453105976,""right_bottom_reaction"":0.5245098039215673,""atr_pct"":0.03139258706151501},""_schema_version"":""1.0""}",,,,,,,,,,
20260505T210937Z-543da1,2026-05-05T21:09:37.858700+00:00,FTNT,bull_flag,forming,55.0,72.0,75.7,73.5,58.1,29.6,72.8,60.5,84.0,98.1,10.08,22.71,6.61,5.81,4.14,6.55,1.81,5.04,4.9,True,risk_unclear,89.92,90.29,88.0393,98.145,"{""trend"":{""T1_ema_stack"":{""value"":[true,true,false],""score"":66.66666666666666},""T2_ema50_slope"":{""value"":0.07985386341412665,""score"":63.30897723568778},""T3_high_proximity"":{""value"":1.0,""score"":99.99999999999997},""T4_rs_1m"":{""value"":-0.005681089451395449,""score"":44.31891054860455},""T5_rs_3m"":{""value"":0.0842648031412152,""score"":92.13240157060761},""T6_adr_healthy"":{""value"":3.3474535469148345,""score"":100.0},""_score"":72.01},""geometry"":{""sub_pole_impulse"":50.9,""sub_flag_tightness"":83.7,""sub_flag_shallowness"":78.8,""sub_flag_drift"":100,""sub_flag_duration"":87.5,""_score"":75.7},""compression"":{""VC1_atr_ratio"":{""value"":0.5814237090024038,""score"":100},""VC2_range_contraction"":{""value"":0.7729543298248239,""score"":37.840945029196014},""VC3_range_pct_rank"":{""score"":80.83333333333333},""_score"":73.45},""sr_quality"":{""SR1_touches"":{""value"":6,""score"":100},""SR2_tightness"":{""value"":0.8804185399885411,""score"":37.621379016234656},""SR3_recency"":{""value"":226,""score"":0.0},""SR4_price_location"":{""score"":30.0},""SR5_reaction"":{""value"":2.3880185731094774,""score"":100},""_score"":58.14,""_levels_found"":5,""_target_level"":86.6342},""volume"":{""V1_rvol_day"":{""value"":0.7142985453641066,""score"":14.286569690940443},""V2_rvol_sameslot"":{""value"":0.8859963817439792,""score"":25.733092116265283,""status"":""ok""},""V3_breakout_bar"":{""value"":1.1290165273818207,""score"":41.93443515878805},""V4_base_dryup"":{""value"":0.9459906602967844,""score"":55.40093397032157},""V5_bo_expansion"":{""value"":0.7142985453641066,""score"":0},""_score"":29.57},""readiness"":{""_distance_atr"":0.131,""BR1_atr_distance"":{""score"":91.26169781162875},""BR2_compression"":{""score"":75.13954503417327},""BR3_retest"":{""score"":50.0},""BR4_bo_age"":{""score"":50.0},""_score"":72.79},""risk"":{""R1_stop_clarity"":{""score"":5.00993180581753},""R2_stop_distance_pct"":{""value"":2.0915258007117488,""score"":100.0},""R3_stop_distance_atr"":{""value"":0.6662483077974178,""score"":58.312415389870885},""R4_rr_potential"":{""value"":4.373371616951129,""score"":100.0},""_score"":60.5},""market"":{""M1_spy_regime"":{""score"":100.0},""M3_earnings_risk"":{""value"":null,""score"":80.0},""M4_vix"":{""value"":null,""score"":60.0},""_score"":84.0},""liquidity"":{""L1_price"":{""value"":89.92,""score"":100.0},""L2_dollar_vol"":{""value"":356202225.7765111,""score"":100.0},""L3_spread_proxy"":{""value"":0.019406138790035637,""score"":80.59386120996436},""L4_volume_zscore"":{""value"":-0.8378374186239108,""score"":100.0},""_score"":98.06},""pattern_structure"":{""pole_low"":82.435,""pole_low_idx"":36,""peak_price"":90.29,""peak_idx"":55,""pole_gain"":0.0952871959725845,""flag_bars"":4,""flag_low"":89.38,""flag_high"":90.22,""structural_low"":89.38,""current_price"":90.155,""neckline_distance_pct"":0.0014974211080916768,""base_bars"":4},""pattern_geometry_features"":{""pole_gain"":0.0952871959725845,""pullback_pct"":0.010078635507808293,""flag_range_pct"":0.009303355853361428,""flag_drift_per_bar"":0.0015750651655482004,""atr_pct"":0.03139258706151501,""pole_atr_multiple"":3.035340661343568},""_schema_version"":""1.0""}",,,,,,,,,,
20260505T210937Z-543da1,2026-05-05T21:09:37.858700+00:00,ADI,ascending_triangle,forming,55.0,100.0,51.4,34.7,59.0,41.5,61.0,48.1,84.0,96.9,15.0,14.4,2.78,8.26,4.98,4.88,1.92,5.04,4.85,True,risk_unclear,404.77,408.37,386.0018,424.86,"{""trend"":{""T1_ema_stack"":{""value"":[true,true,true],""score"":100.0},""T2_ema50_slope"":{""value"":0.4510309341604369,""score"":100},""T3_high_proximity"":{""value"":1.0,""score"":99.99999999999997},""T4_rs_1m"":{""value"":0.13806554287209805,""score"":100},""T5_rs_3m"":{""value"":0.2506417440384625,""score"":100},""T6_adr_healthy"":{""value"":2.467323864777629,""score"":100.0},""_score"":100.0},""geometry"":{""sub_flat_top_quality"":66.7,""sub_hl_slope"":32.8,""sub_compression"":26.3,""sub_duration"":100.0,""_score"":51.43},""compression"":{""VC1_atr_ratio"":{""value"":0.7868427894814748,""score"":53.289302629631294},""VC2_range_contraction"":{""value"":0.8843923696313873,""score"":19.267938394768777},""VC3_range_pct_rank"":{""score"":26.66666666666667},""_score"":34.73},""sr_quality"":{""SR1_touches"":{""value"":6,""score"":100},""SR2_tightness"":{""value"":2.2453462984582164,""score"":64.60936341758561},""SR3_recency"":{""value"":246,""score"":0.0},""SR4_price_location"":{""score"":30.0},""SR5_reaction"":{""value"":1.5717245067409715,""score"":78.58622533704857},""_score"":58.98,""_levels_found"":3,""_target_level"":302.644},""volume"":{""V1_rvol_day"":{""value"":1.0404350709017633,""score"":36.02900472678422},""V2_rvol_sameslot"":{""value"":0.9494180636238441,""score"":29.961204241589606,""status"":""ok""},""V3_breakout_bar"":{""value"":1.263459752106119,""score"":50.8973168070746},""V4_base_dryup"":{""value"":0.7402332829319386,""score"":75.97667170680614},""V5_bo_expansion"":{""value"":1.0404350709017633,""score"":2.6956713934508896},""_score"":41.52},""readiness"":{""_distance_atr"":0.284,""BR1_atr_distance"":{""score"":81.085873511779},""BR2_compression"":{""score"":44.25694608613998},""BR3_retest"":{""score"":50.0},""BR4_bo_age"":{""score"":50.0},""_score"":61.0},""risk"":{""R1_stop_clarity"":{""score"":7.349151397450143},""R2_stop_distance_pct"":{""value"":4.636756676631168,""score"":100.0},""R3_stop_distance_atr"":{""value"":1.4791004531509446,""score"":98.95502265754723},""R4_rr_potential"":{""value"":1.070427638239152,""score"":3.5213819119575995},""_score"":48.12},""market"":{""M1_spy_regime"":{""score"":100.0},""M3_earnings_risk"":{""value"":null,""score"":80.0},""M4_vix"":{""value"":null,""score"":60.0},""_score"":84.0},""liquidity"":{""L1_price"":{""value"":404.77,""score"":100.0},""L2_dollar_vol"":{""value"":1349516482.9765303,""score"":100.0},""L3_spread_proxy"":{""value"":0.030807619141734882,""score"":69.19238085826512},""L4_volume_zscore"":{""value"":0.13373555542348028,""score"":100.0},""_score"":96.92},""pattern_structure"":{""top"":408.37,""top_touches"":3,""low_slope_per_bar"":0.38514475743349286,""lowest_low"":391.88,""structural_low"":391.88,""current_price"":404.5,""neckline_distance_pct"":0.009567367119901124,""base_bars"":28},""pattern_geometry_features"":{""top_touches"":3.0,""low_slope"":0.38514475743349286,""compression"":0.1312846525078727,""atr_pct"":0.031348490677245294},""_schema_version"":""1.0""}",,,,,,,,,,
20260505T210937Z-543da1,2026-05-05T21:09:37.858700+00:00,ADI,vcp,absent,55.0,100.0,42.8,34.7,59.0,37.9,61.0,68.3,84.0,96.9,15.0,10.7,4.17,7.08,4.92,4.27,3.42,5.04,4.85,True,risk_unclear,404.77,408.37,376.7132,516.18,"{""trend"":{""T1_ema_stack"":{""value"":[true,true,true],""score"":100.0},""T2_ema50_slope"":{""value"":0.4510309341604369,""score"":100},""T3_high_proximity"":{""value"":1.0,""score"":99.99999999999997},""T4_rs_1m"":{""value"":0.13806554287209805,""score"":100},""T5_rs_3m"":{""value"":0.2506417440384625,""score"":100},""T6_adr_healthy"":{""value"":2.467323864777629,""score"":100.0},""_score"":100.0},""geometry"":{""sub_contraction_count"":100.0,""sub_reduction_rate"":0,""sub_pivot_tightness"":52.1,""sub_volume_dryup"":0,""sub_base_depth"":0.0,""sub_base_duration"":100.0,""_score"":42.81},""compression"":{""VC1_atr_ratio"":{""value"":0.7868427894814748,""score"":53.289302629631294},""VC2_range_contraction"":{""value"":0.8843923696313873,""score"":19.267938394768777},""VC3_range_pct_rank"":{""score"":26.66666666666667},""_score"":34.73},""sr_quality"":{""SR1_touches"":{""value"":6,""score"":100},""SR2_tightness"":{""value"":2.2453462984582164,""score"":64.60936341758561},""SR3_recency"":{""value"":246,""score"":0.0},""SR4_price_location"":{""score"":30.0},""SR5_reaction"":{""value"":1.5717245067409715,""score"":78.58622533704857},""_score"":58.98,""_levels_found"":3,""_target_level"":302.644},""volume"":{""V1_rvol_day"":{""value"":1.0404350709017633,""score"":36.02900472678422},""V2_rvol_sameslot"":{""value"":0.9494180636238441,""score"":29.961204241589606,""status"":""ok""},""V3_breakout_bar"":{""value"":1.263459752106119,""score"":50.8973168070746},""V4_base_dryup"":{""value"":0.9238142030054873,""score"":57.61857969945127},""V5_bo_expansion"":{""value"":1.0404350709017633,""score"":2.6956713934508896},""_score"":37.85},""readiness"":{""_distance_atr"":0.284,""BR1_atr_distance"":{""score"":81.085873511779},""BR2_compression"":{""score"":44.25694608613998},""BR3_retest"":{""score"":50.0},""BR4_bo_age"":{""score"":50.0},""_score"":61.0},""risk"":{""R1_stop_clarity"":{""score"":9.578654057248599},""R2_stop_distance_pct"":{""value"":6.9315290164785,""score"":100.0},""R3_stop_distance_atr"":{""value"":2.2111204931182984,""score"":100.0},""R4_rr_potential"":{""value"":3.970880447664109,""score"":100.0},""_score"":68.35},""market"":{""M1_spy_regime"":{""score"":100.0},""M3_earnings_risk"":{""value"":null,""score"":80.0},""M4_vix"":{""value"":null,""score"":60.0},""_score"":84.0},""liquidity"":{""L1_price"":{""value"":404.77,""score"":100.0},""L2_dollar_vol"":{""value"":1349516482.9765303,""score"":100.0},""L3_spread_proxy"":{""value"":0.030807619141734882,""score"":69.19238085826512},""L4_volume_zscore"":{""value"":0.13373555542348028,""score"":100.0},""_score"":96.92},""pattern_structure"":{""n_contractions"":5,""contractions_pct"":[0.8,16.43,8.42,3.66,6.35],""descending_strict"":false,""final_low"":382.45,""final_pivot"":408.37,""structural_low"":382.45,""dry_up_ratio"":1.013283746631369,""current_price"":404.77,""neckline_distance_pct"":0.008893939768263515,""base_bars"":74,""recent_base_height"":107.81},""pattern_geometry_features"":{""contraction_count"":5.0,""first_contraction_pct"":0.008047493403693925,""last_contraction_pct"":0.06347185150721163,""dry_up_ratio"":1.013283746631369,""near_monotone"":0.0,""base_depth_pct"":-0.2613786279683377},""_schema_version"":""1.0""}",,,,,,,,,,
20260505T210937Z-543da1,2026-05-05T21:09:37.858700+00:00,GSAT,double_bottom,absent,55.0,95.3,43.8,99.0,41.9,30.3,65.9,45.5,84.0,98.6,14.29,10.96,7.92,5.86,3.94,5.28,2.73,5.04,4.93,True,risk_unclear,81.87,82.55,78.4257,85.48,"{""trend"":{""T1_ema_stack"":{""value"":[true,true,true],""score"":100.0},""T2_ema50_slope"":{""value"":0.6181295672745926,""score"":100},""T3_high_proximity"":{""value"":0.9947752126366951,""score"":97.38760631834754},""T4_rs_1m"":{""value"":0.02835279345792241,""score"":78.35279345792242},""T5_rs_3m"":{""value"":0.27125295821056006,""score"":100},""T6_adr_healthy"":{""value"":2.128977871851,""score"":100.0},""_score"":95.28},""geometry"":{""sub_low_similarity"":63.4,""sub_bounce_quality"":9.7,""sub_separation_fit"":0.0,""sub_right_bottom_reaction"":19.2,""sub_base_context"":100.0,""_score"":43.84},""compression"":{""VC1_atr_ratio"":{""value"":0.10614188644579121,""score"":100},""VC2_range_contraction"":{""value"":0.2460432077039935,""score"":100},""VC3_range_pct_rank"":{""score"":95.83333333333334},""_score"":98.96},""sr_quality"":{""SR1_touches"":{""value"":2,""score"":25.0},""SR2_tightness"":{""value"":0.11499999999999488,""score"":78.99678194172105},""SR3_recency"":{""value"":249,""score"":0.0},""SR4_price_location"":{""score"":30.0},""SR5_reaction"":{""value"":15.546947280096308,""score"":100},""_score"":41.85,""_levels_found"":6,""_target_level"":74.765},""volume"":{""V1_rvol_day"":{""value"":0.5529640910719552,""score"":3.530939404797014},""V2_rvol_sameslot"":{""value"":1.0844925455183099,""score"":38.96616970122066,""status"":""ok""},""V3_breakout_bar"":{""value"":1.8076597052592775,""score"":87.17731368395184},""V4_base_dryup"":{""value"":2.367978040629125,""score"":0},""V5_bo_expansion"":{""value"":0.5529640910719552,""score"":0},""_score"":30.29},""readiness"":{""_distance_atr"":0.621,""BR1_atr_distance"":{""score"":58.60235281266618},""BR2_compression"":{""score"":100},""BR3_retest"":{""score"":50.0},""BR4_bo_age"":{""score"":50.0},""_score"":65.94},""risk"":{""R1_stop_clarity"":{""score"":0},""R2_stop_distance_pct"":{""value"":4.2070355441553655,""score"":100.0},""R3_stop_distance_atr"":{""value"":3.1452775633971033,""score"":100.0},""R4_rr_potential"":{""value"":1.048108469064828,""score"":2.4054234532413954},""_score"":45.48},""market"":{""M1_spy_regime"":{""score"":100.0},""M3_earnings_risk"":{""value"":null,""score"":80.0},""M4_vix"":{""value"":null,""score"":60.0},""_score"":84.0},""liquidity"":{""L1_price"":{""value"":81.87,""score"":100.0},""L2_dollar_vol"":{""value"":95780069.3506368,""score"":99.0637573581254},""L3_spread_proxy"":{""value"":0.010504458287529002,""score"":89.495541712471},""L4_volume_zscore"":{""value"":-0.3704021078006297,""score"":100.0},""_score"":98.58},""pattern_structure"":{""left_low"":79.62,""left_idx"":10,""right_low"":81.09,""right_idx"":56,""separation_bars"":46,""structural_low"":79.62,""current_price"":81.585,""neckline_distance_pct"":0.011828154685297585,""base_bars"":46},""pattern_geometry_features"":{""low_similarity_pct"":0.01829382116856448,""bounce_pct"":0.03679979904546587,""right_bottom_reaction"":0.19178082191780982,""atr_pct"":0.013375721090928126},""_schema_version"":""1.0""}",,,,,,,,,,
20260505T210937Z-543da1,2026-05-05T21:09:37.858700+00:00,TTWO,vcp,setup,55.0,72.9,63.7,61.3,36.0,25.1,77.2,44.6,84.0,98.0,10.93,15.93,7.36,4.31,3.26,5.4,2.23,5.04,4.9,True,risk_unclear,223.11,221.22,203.3532,254.81,"{""trend"":{""T1_ema_stack"":{""value"":[true,true,false],""score"":66.66666666666666},""T2_ema50_slope"":{""value"":0.061912709060816924,""score"":60.31878484346949},""T3_high_proximity"":{""value"":0.9908073541167066,""score"":95.40367705835328},""T4_rs_1m"":{""value"":0.03592109173411262,""score"":85.92109173411262},""T5_rs_3m"":{""value"":0.0019054136084102336,""score"":50.952706804205114},""T6_adr_healthy"":{""value"":2.650806080731225,""score"":100.0},""_score"":72.87},""geometry"":{""sub_contraction_count"":100.0,""sub_reduction_rate"":20.6,""sub_pivot_tightness"":47.4,""sub_volume_dryup"":42.9,""sub_base_depth"":100.0,""sub_base_duration"":100.0,""_score"":63.7},""compression"":{""VC1_atr_ratio"":{""value"":0.5328495228378225,""score"":100},""VC2_range_contraction"":{""value"":0.9342864916225242,""score"":10.952251396245968},""VC3_range_pct_rank"":{""score"":70.0},""_score"":61.33},""sr_quality"":{""SR1_touches"":{""value"":2,""score"":25.0},""SR2_tightness"":{""value"":1.1749999999999972,""score"":61.31605372012585},""SR3_recency"":{""value"":292,""score"":0.0},""SR4_price_location"":{""score"":17.00650759219095},""SR5_reaction"":{""value"":2.258484012595213,""score"":100},""_score"":35.95,""_levels_found"":7,""_target_level"":232.675},""volume"":{""V1_rvol_day"":{""value"":0.8892877681931778,""score"":25.952517879545184},""V2_rvol_sameslot"":{""value"":0.9351506261450404,""score"":29.010041743002695,""status"":""ok""},""V3_breakout_bar"":{""value"":0.817195826966817,""score"":21.146388464454468},""V4_base_dryup"":{""value"":1.058522151643421,""score"":44.14778483565791},""V5_bo_expansion"":{""value"":0.8892877681931778,""score"":0},""_score"":25.11},""readiness"":{""_distance_atr"":-0.311,""BR1_atr_distance"":{""score"":100.0},""BR2_compression"":{""score"":78.78564753429134},""BR3_retest"":{""score"":50.0},""BR4_bo_age"":{""score"":50.0},""_score"":77.2},""risk"":{""R1_stop_clarity"":{""score"":0},""R2_stop_distance_pct"":{""value"":8.855161131280552,""score"":78.62097171798621},""R3_stop_distance_atr"":{""value"":3.2522087475102417,""score"":100.0},""R4_rr_potential"":{""value"":1.6045149126247953,""score"":30.225745631239764},""_score"":44.63},""market"":{""M1_spy_regime"":{""score"":100.0},""M3_earnings_risk"":{""value"":null,""score"":80.0},""M4_vix"":{""value"":null,""score"":60.0},""_score"":84.0},""liquidity"":{""L1_price"":{""value"":223.11,""score"":100.0},""L2_dollar_vol"":{""value"":291798650.158101,""score"":100.0},""L3_spread_proxy"":{""value"":0.0201815248083905,""score"":79.81847519160951},""L4_volume_zscore"":{""value"":-0.4838062130836454,""score"":100.0},""_score"":97.98},""pattern_structure"":{""n_contractions"":5,""contractions_pct"":[23.78,11.65,5.85,11.91,6.68],""descending_strict"":false,""final_low"":206.45,""final_pivot"":221.22,""structural_low"":206.45,""dry_up_ratio"":0.7852963579981767,""current_price"":223.11,""neckline_distance_pct"":-0.008471157724889133,""base_bars"":59,""recent_base_height"":33.59},""pattern_geometry_features"":{""contraction_count"":5.0,""first_contraction_pct"":0.23777911888955952,""last_contraction_pct"":0.0667661151794594,""dry_up_ratio"":0.7852963579981767,""near_monotone"":0.0,""base_depth_pct"":0.16938241802454243},""_schema_version"":""1.0""}",,,,,,,,,,
20260505T210937Z-543da1,2026-05-05T21:09:37.858700+00:00,TTWO,cup_with_handle,setup,55.0,72.9,58.1,61.3,36.0,26.1,77.2,40.7,84.0,98.0,10.2,17.45,4.91,4.31,3.4,6.18,2.04,4.2,4.9,True,risk_unclear,223.11,221.22,203.3532,247.12,"{""trend"":{""T1_ema_stack"":{""value"":[true,true,false],""score"":66.66666666666666},""T2_ema50_slope"":{""value"":0.061912709060816924,""score"":60.31878484346949},""T3_high_proximity"":{""value"":0.9908073541167066,""score"":95.40367705835328},""T4_rs_1m"":{""value"":0.03592109173411262,""score"":85.92109173411262},""T5_rs_3m"":{""value"":0.0019054136084102336,""score"":50.952706804205114},""T6_adr_healthy"":{""value"":2.650806080731225,""score"":100.0},""_score"":72.87},""geometry"":{""sub_cup_depth"":41.3,""sub_cup_duration"":100.0,""sub_rim_symmetry"":28.0,""sub_handle_shallowness"":44.4,""sub_handle_proportion"":100.0,""sub_u_shape"":69.4,""_score"":58.15},""compression"":{""VC1_atr_ratio"":{""value"":0.5328495228378225,""score"":100},""VC2_range_contraction"":{""value"":0.9342864916225242,""score"":10.952251396245968},""VC3_range_pct_rank"":{""score"":70.0},""_score"":61.33},""sr_quality"":{""SR1_touches"":{""value"":2,""score"":25.0},""SR2_tightness"":{""value"":1.1749999999999972,""score"":61.31605372012585},""SR3_recency"":{""value"":292,""score"":0.0},""SR4_price_location"":{""score"":17.00650759219095},""SR5_reaction"":{""value"":2.258484012595213,""score"":100},""_score"":35.95,""_levels_found"":7,""_target_level"":232.675},""volume"":{""V1_rvol_day"":{""value"":0.8892877681931778,""score"":25.952517879545184},""V2_rvol_sameslot"":{""value"":0.9351506261450404,""score"":29.010041743002695,""status"":""ok""},""V3_breakout_bar"":{""value"":0.817195826966817,""score"":21.146388464454468},""V4_base_dryup"":{""value"":1.0081288328581728,""score"":49.18711671418272},""V5_bo_expansion"":{""value"":0.8892877681931778,""score"":0},""_score"":26.12},""readiness"":{""_distance_atr"":-0.311,""BR1_atr_distance"":{""score"":100.0},""BR2_compression"":{""score"":78.78564753429134},""BR3_retest"":{""score"":50.0},""BR4_bo_age"":{""score"":50.0},""_score"":77.2},""risk"":{""R1_stop_clarity"":{""score"":0},""R2_stop_distance_pct"":{""value"":8.855161131280552,""score"":78.62097171798621},""R3_stop_distance_atr"":{""value"":3.2522087475102417,""score"":100.0},""R4_rr_potential"":{""value"":1.2152808533792219,""score"":10.764042668961093},""_score"":40.74},""market"":{""M1_spy_regime"":{""score"":100.0},""M3_earnings_risk"":{""value"":null,""score"":80.0},""M4_vix"":{""value"":null,""score"":60.0},""_score"":84.0},""liquidity"":{""L1_price"":{""value"":223.11,""score"":100.0},""L2_dollar_vol"":{""value"":291798650.158101,""score"":100.0},""L3_spread_proxy"":{""value"":0.0201815248083905,""score"":79.81847519160951},""L4_volume_zscore"":{""value"":-0.4838062130836454,""score"":100.0},""_score"":97.98},""pattern_structure"":{""left_rim"":213.53,""left_rim_idx"":121,""cup_bottom"":187.63,""cup_bottom_idx"":153,""right_rim"":221.22,""right_rim_idx"":170,""handle_low"":206.45,""handle_bars"":9,""cup_bars"":49,""structural_low"":206.45,""current_price"":223.11,""neckline_distance_pct"":-0.008471157724889133,""base_bars"":58},""pattern_geometry_features"":{""cup_depth_pct"":0.12129443169578048,""rim_symmetry_pct"":0.03601367489345758,""handle_depth_pct"":0.0667661151794594,""handle_to_cup_ratio"":0.1836734693877551,""cup_duration_bars"":49.0,""atr_pct"":0.02722814498933902,""u_shape_score"":0.3469387755102041},""_schema_version"":""1.0""}",,,,,,,,,,
20260505T210937Z-543da1,2026-05-05T21:09:37.858700+00:00,AVGO,double_bottom,retest_hold,55.0,100.0,65.6,53.3,43.6,29.7,63.4,46.5,84.0,96.7,15.0,16.39,4.27,6.11,3.86,5.07,2.79,5.04,4.84,True,risk_unclear,427.36,425.0,402.7271,441.14,"{""trend"":{""T1_ema_stack"":{""value"":[true,true,true],""score"":100.0},""T2_ema50_slope"":{""value"":0.5432603496553009,""score"":100},""T3_high_proximity"":{""value"":1.0,""score"":99.99999999999997},""T4_rs_1m"":{""value"":0.2607558864888071,""score"":100},""T5_rs_3m"":{""value"":0.284467171686988,""score"":100},""T6_adr_healthy"":{""value"":2.7863471986029253,""score"":100.0},""_score"":100.0},""geometry"":{""sub_low_similarity"":96.7,""sub_bounce_quality"":13.5,""sub_separation_fit"":46.7,""sub_right_bottom_reaction"":45.7,""sub_base_context"":100.0,""_score"":65.57},""compression"":{""VC1_atr_ratio"":{""value"":0.5583852184367194,""score"":100},""VC2_range_contraction"":{""value"":1.0579737927728352,""score"":0},""VC3_range_pct_rank"":{""score"":53.333333333333336},""_score"":53.33},""sr_quality"":{""SR1_touches"":{""value"":2,""score"":25.0},""SR2_tightness"":{""value"":0.585000000000008,""score"":90.8850565566102},""SR3_recency"":{""value"":298,""score"":0.0},""SR4_price_location"":{""score"":30.0},""SR5_reaction"":{""value"":2.549453576391072,""score"":100},""_score"":43.63,""_levels_found"":6,""_target_level"":360.075},""volume"":{""V1_rvol_day"":{""value"":0.9255647107329312,""score"":28.37098071552875},""V2_rvol_sameslot"":{""value"":0.9244869664969105,""score"":28.299131099794035,""status"":""ok""},""V3_breakout_bar"":{""value"":0.8417883101587635,""score"":22.78588734391757},""V4_base_dryup"":{""value"":0.8661310770648408,""score"":63.38689229351592},""V5_bo_expansion"":{""value"":0.925564710732931,""score"":0},""_score"":29.71},""readiness"":{""_distance_atr"":-0.184,""BR1_atr_distance"":{""score"":100.0},""BR2_compression"":{""score"":23.464063957099786},""BR3_retest"":{""score"":50.0},""BR4_bo_age"":{""score"":50.0},""_score"":63.37},""risk"":{""R1_stop_clarity"":{""score"":4.442672403479193},""R2_stop_distance_pct"":{""value"":5.763969487083491,""score"":100.0},""R3_stop_distance_atr"":{""value"":1.9190383790314007,""score"":100.0},""R4_rr_potential"":{""value"":0.5594144416613541,""score"":0.0},""_score"":46.55},""market"":{""M1_spy_regime"":{""score"":100.0},""M3_earnings_risk"":{""value"":null,""score"":80.0},""M4_vix"":{""value"":null,""score"":60.0},""_score"":84.0},""liquidity"":{""L1_price"":{""value"":427.36,""score"":100.0},""L2_dollar_vol"":{""value"":8421683636.9109745,""score"":100.0},""L3_spread_proxy"":{""value"":0.03285286409584417,""score"":67.14713590415583},""L4_volume_zscore"":{""value"":-0.30267395817700143,""score"":100.0},""_score"":96.71},""pattern_structure"":{""left_low"":408.86,""left_idx"":32,""right_low"":409.53,""right_idx"":70,""separation_bars"":38,""structural_low"":408.86,""current_price"":430.22,""neckline_distance_pct"":-0.012133327134954273,""base_bars"":38},""pattern_geometry_features"":{""low_similarity_pct"":0.0016373611603268834,""bounce_pct"":0.03947561512498162,""right_bottom_reaction"":0.4568330134357026,""atr_pct"":0.03003571762849656},""_schema_version"":""1.0""}",,,,,,,,,,
20260505T210937Z-543da1,2026-05-05T21:09:37.858700+00:00,PANW,vcp,forming,55.0,80.8,63.7,66.1,57.5,19.6,63.7,72.0,84.0,96.9,12.12,15.92,7.93,6.9,2.55,4.46,3.6,5.04,4.84,True,risk_unclear,183.98,186.0,170.5134,228.5,"{""trend"":{""T1_ema_stack"":{""value"":[true,true,false],""score"":66.66666666666666},""T2_ema50_slope"":{""value"":0.15199198132734407,""score"":75.33199688789068},""T3_high_proximity"":{""value"":0.9968573905504984,""score"":98.42869527524917},""T4_rs_1m"":{""value"":0.037627684093291425,""score"":87.62768409329142},""T5_rs_3m"":{""value"":0.05705617300772037,""score"":78.52808650386018},""T6_adr_healthy"":{""value"":3.9700246411459665,""score"":100.0},""_score"":80.8},""geometry"":{""sub_contraction_count"":100.0,""sub_reduction_rate"":39.4,""sub_pivot_tightness"":43.9,""sub_volume_dryup"":57.6,""sub_base_depth"":36.0,""sub_base_duration"":100.0,""_score"":63.68},""compression"":{""VC1_atr_ratio"":{""value"":0.4699790147198491,""score"":100},""VC2_range_contraction"":{""value"":0.7673848767363836,""score"":38.76918721060274},""VC3_range_pct_rank"":{""score"":50.0},""_score"":66.07},""sr_quality"":{""SR1_touches"":{""value"":3,""score"":50.0},""SR2_tightness"":{""value"":1.150815943387801,""score"":64.5337665347439},""SR3_recency"":{""value"":226,""score"":0.0},""SR4_price_location"":{""score"":88.3301778329433},""SR5_reaction"":{""value"":1.4268889989543785,""score"":71.34444994771893},""_score"":57.46,""_levels_found"":7,""_target_level"":184.6601},""volume"":{""V1_rvol_day"":{""value"":0.711638023929294,""score"":14.109201595286267},""V2_rvol_sameslot"":{""value"":0.5571590157253198,""score"":3.8106010483546524,""status"":""ok""},""V3_breakout_bar"":{""value"":0.8146382582179997,""score"":20.975883881199984},""V4_base_dryup"":{""value"":0.9607604553067349,""score"":53.92395446932651},""V5_bo_expansion"":{""value"":0.711638023929294,""score"":0},""_score"":19.61},""readiness"":{""_distance_atr"":0.311,""BR1_atr_distance"":{""score"":79.24898648028899},""BR2_compression"":{""score"":57.92543994530885},""BR3_retest"":{""score"":50.0},""BR4_bo_age"":{""score"":50.0},""_score"":63.68},""risk"":{""R1_stop_clarity"":{""score"":19.97556546144918},""R2_stop_distance_pct"":{""value"":7.319627133384057,""score"":100.0},""R3_stop_distance_atr"":{""value"":2.0750987837763457,""score"":100.0},""R4_rr_potential"":{""value"":3.30594468557511,""score"":100.0},""_score"":71.99},""market"":{""M1_spy_regime"":{""score"":100.0},""M3_earnings_risk"":{""value"":null,""score"":80.0},""M4_vix"":{""value"":null,""score"":60.0},""_score"":84.0},""liquidity"":{""L1_price"":{""value"":183.98,""score"":100.0},""L2_dollar_vol"":{""value"":946703056.220546,""score"":100.0},""L3_spread_proxy"":{""value"":0.03109033590607674,""score"":68.90966409392325},""L4_volume_zscore"":{""value"":-0.7487924119874488,""score"":100.0},""_score"":96.89},""pattern_structure"":{""n_contractions"":5,""contractions_pct"":[19.9,18.14,16.58,15.61,6.93],""descending_strict"":true,""final_low"":173.11,""final_pivot"":186.0,""structural_low"":173.11,""dry_up_ratio"":0.7117658179932211,""current_price"":183.98,""neckline_distance_pct"":0.010979454288509678,""base_bars"":65,""recent_base_height"":42.5},""pattern_geometry_features"":{""contraction_count"":5.0,""first_contraction_pct"":0.1989545382543956,""last_contraction_pct"":0.06930107526881712,""dry_up_ratio"":0.7117658179932211,""near_monotone"":1.0,""base_depth_pct"":0.08596018797190967},""_schema_version"":""1.0""}",,,,,,,,,,
20260505T210937Z-543da1,2026-05-05T21:09:37.858700+00:00,PANW,bull_flag,absent,55.0,80.8,43.6,66.1,57.5,25.4,58.5,65.0,84.0,96.9,11.31,13.07,5.95,5.75,3.56,5.26,1.95,5.04,4.84,True,risk_unclear,183.98,187.27,177.8122,201.43,"{""trend"":{""T1_ema_stack"":{""value"":[true,true,false],""score"":66.66666666666666},""T2_ema50_slope"":{""value"":0.15199198132734407,""score"":75.33199688789068},""T3_high_proximity"":{""value"":0.9968573905504984,""score"":98.42869527524917},""T4_rs_1m"":{""value"":0.037627684093291425,""score"":87.62768409329142},""T5_rs_3m"":{""value"":0.05705617300772037,""score"":78.52808650386018},""T6_adr_healthy"":{""value"":3.9700246411459665,""score"":100.0},""_score"":80.8},""geometry"":{""sub_pole_impulse"":33.0,""sub_flag_tightness"":30.6,""sub_flag_shallowness"":11.9,""sub_flag_drift"":91.0,""sub_flag_duration"":100.0,""_score"":43.58},""compression"":{""VC1_atr_ratio"":{""value"":0.4699790147198491,""score"":100},""VC2_range_contraction"":{""value"":0.7673848767363836,""score"":38.76918721060274},""VC3_range_pct_rank"":{""score"":50.0},""_score"":66.07},""sr_quality"":{""SR1_touches"":{""value"":3,""score"":50.0},""SR2_tightness"":{""value"":1.150815943387801,""score"":64.5337665347439},""SR3_recency"":{""value"":226,""score"":0.0},""SR4_price_location"":{""score"":88.3301778329433},""SR5_reaction"":{""value"":1.4268889989543785,""score"":71.34444994771893},""_score"":57.46,""_levels_found"":7,""_target_level"":184.6601},""volume"":{""V1_rvol_day"":{""value"":0.711638023929294,""score"":14.109201595286267},""V2_rvol_sameslot"":{""value"":0.5571590157253198,""score"":3.8106010483546524,""status"":""ok""},""V3_breakout_bar"":{""value"":0.8146382582179997,""score"":20.975883881199984},""V4_base_dryup"":{""value"":0.6700361696656846,""score"":82.99638303343154},""V5_bo_expansion"":{""value"":0.711638023929294,""score"":0},""_score"":25.43},""readiness"":{""_distance_atr"":0.507,""BR1_atr_distance"":{""score"":66.20255718819342},""BR2_compression"":{""score"":57.92543994530885},""BR3_retest"":{""score"":50.0},""BR4_bo_age"":{""score"":50.0},""_score"":58.46},""risk"":{""R1_stop_clarity"":{""score"":16.550107313851953},""R2_stop_distance_pct"":{""value"":3.352429611914323,""score"":100.0},""R3_stop_distance_atr"":{""value"":0.9504066919817251,""score"":72.52033459908625},""R4_rr_potential"":{""value"":2.8292097668536753,""score"":91.46048834268376},""_score"":64.96},""market"":{""M1_spy_regime"":{""score"":100.0},""M3_earnings_risk"":{""value"":null,""score"":80.0},""M4_vix"":{""value"":null,""score"":60.0},""_score"":84.0},""liquidity"":{""L1_price"":{""value"":183.98,""score"":100.0},""L2_dollar_vol"":{""value"":946703056.220546,""score"":100.0},""L3_spread_proxy"":{""value"":0.03109033590607674,""score"":68.90966409392325},""L4_volume_zscore"":{""value"":-0.7487924119874488,""score"":100.0},""_score"":96.89},""pattern_structure"":{""pole_low"":173.11,""pole_low_idx"":36,""peak_price"":187.27,""peak_idx"":49,""pole_gain"":0.08179770088383106,""flag_bars"":10,""flag_low"":180.52,""flag_high"":186.9,""structural_low"":180.52,""current_price"":184.36,""neckline_distance_pct"":0.01578433499674548,""base_bars"":10},""pattern_geometry_features"":{""pole_gain"":0.08179770088383106,""pullback_pct"":0.03604421423612965,""flag_range_pct"":0.03406845730763067,""flag_drift_per_bar"":-0.001805098062420634,""atr_pct"":0.03527363222710542,""pole_atr_multiple"":2.3189474890815194},""_schema_version"":""1.0""}",,,,,,,,,,
20260505T210937Z-543da1,2026-05-05T21:09:37.858700+00:00,CRWD,vcp,setup,55.0,85.1,63.2,74.0,60.0,17.2,52.0,41.9,84.0,96.9,12.76,15.79,8.89,7.2,2.23,3.64,2.1,5.04,4.85,True,risk_unclear,476.53,463.6899,426.0618,567.1699,"{""trend"":{""T1_ema_stack"":{""value"":[true,true,false],""score"":66.66666666666666},""T2_ema50_slope"":{""value"":0.14720251905691514,""score"":74.53375317615253},""T3_high_proximity"":{""value"":1.0,""score"":99.99999999999997},""T4_rs_1m"":{""value"":0.0970773358504986,""score"":100},""T5_rs_3m"":{""value"":0.08028394473683265,""score"":90.14197236841633},""T6_adr_healthy"":{""value"":4.244496909114942,""score"":100.0},""_score"":85.09},""geometry"":{""sub_contraction_count"":100.0,""sub_reduction_rate"":37.3,""sub_pivot_tightness"":46.9,""sub_volume_dryup"":78.8,""sub_base_depth"":0.0,""sub_base_duration"":100.0,""_score"":63.18},""compression"":{""VC1_atr_ratio"":{""value"":0.4176258338264041,""score"":100},""VC2_range_contraction"":{""value"":0.7019173503007732,""score"":49.680441616537806},""VC3_range_pct_rank"":{""score"":66.66666666666667},""_score"":74.05},""sr_quality"":{""SR1_touches"":{""value"":2,""score"":25.0},""SR2_tightness"":{""value"":0.27504999999999313,""score"":96.77616908556551},""SR3_recency"":{""value"":297,""score"":0.0},""SR4_price_location"":{""score"":91.93578505530294},""SR5_reaction"":{""value"":2.2058657196187186,""score"":100},""_score"":60.0,""_levels_found"":6,""_target_level"":477.2749},""volume"":{""V1_rvol_day"":{""value"":0.6437404481768383,""score"":9.582696545122554},""V2_rvol_sameslot"":{""value"":0.5873607635926102,""score"":5.824050906174016,""status"":""ok""},""V3_breakout_bar"":{""value"":0.8685291483512212,""score"":24.568609890081415},""V4_base_dryup"":{""value"":1.1018534837194645,""score"":39.814651628053554},""V5_bo_expansion"":{""value"":0.6437404481768383,""score"":0},""_score"":17.19},""readiness"":{""_distance_atr"":-0.752,""BR1_atr_distance"":{""score"":44.95025947121209},""BR2_compression"":{""score"":66.26755422358241},""BR3_retest"":{""score"":50.0},""BR4_bo_age"":{""score"":50.0},""_score"":52.05},""risk"":{""R1_stop_clarity"":{""score"":23.9519326283219},""R2_stop_distance_pct"":{""value"":10.590781272952377,""score"":35.23046817619058},""R3_stop_distance_atr"":{""value"":2.9576641437449958,""score"":100.0},""R4_rr_potential"":{""value"":1.7959786598505019,""score"":39.798932992525096},""_score"":41.91},""market"":{""M1_spy_regime"":{""score"":100.0},""M3_earnings_risk"":{""value"":null,""score"":80.0},""M4_vix"":{""value"":null,""score"":60.0},""_score"":84.0},""liquidity"":{""L1_price"":{""value"":476.53,""score"":100.0},""L2_dollar_vol"":{""value"":992357995.3999287,""score"":100.0},""L3_spread_proxy"":{""value"":0.030764065221497126,""score"":69.23593477850287},""L4_volume_zscore"":{""value"":-0.6937897491540286,""score"":100.0},""_score"":96.92},""pattern_structure"":{""n_contractions"":5,""contractions_pct"":[20.64,19.95,18.99,6.92,6.72],""descending_strict"":false,""final_low"":432.55,""final_pivot"":463.6899,""structural_low"":432.55,""dry_up_ratio"":0.6057882668131044,""current_price"":476.53,""neckline_distance_pct"":-0.026944998216271696,""base_bars"":48,""recent_base_height"":103.47999999999996},""pattern_geometry_features"":{""contraction_count"":5.0,""first_contraction_pct"":0.20644623506529586,""last_contraction_pct"":0.06715673556831842,""dry_up_ratio"":0.6057882668131044,""near_monotone"":0.0,""base_depth_pct"":-0.0015513568583866257},""_schema_version"":""1.0""}",,,,,,,,,,
20260505T210937Z-543da1,2026-05-05T21:09:37.858700+00:00,CRWD,double_bottom,forming,55.0,85.1,63.4,74.0,60.0,25.6,72.1,52.3,84.0,96.9,12.76,15.84,5.92,8.4,3.33,5.77,3.14,5.04,4.85,True,risk_unclear,476.53,477.77,443.5652,505.22,"{""trend"":{""T1_ema_stack"":{""value"":[true,true,false],""score"":66.66666666666666},""T2_ema50_slope"":{""value"":0.14720251905691514,""score"":74.53375317615253},""T3_high_proximity"":{""value"":1.0,""score"":99.99999999999997},""T4_rs_1m"":{""value"":0.0970773358504986,""score"":100},""T5_rs_3m"":{""value"":0.08028394473683265,""score"":90.14197236841633},""T6_adr_healthy"":{""value"":4.244496909114942,""score"":100.0},""_score"":85.09},""geometry"":{""sub_low_similarity"":31.6,""sub_bounce_quality"":44.2,""sub_separation_fit"":100.0,""sub_right_bottom_reaction"":66.9,""sub_base_context"":100.0,""_score"":63.36},""compression"":{""VC1_atr_ratio"":{""value"":0.4176258338264041,""score"":100},""VC2_range_contraction"":{""value"":0.7019173503007732,""score"":49.680441616537806},""VC3_range_pct_rank"":{""score"":66.66666666666667},""_score"":74.05},""sr_quality"":{""SR1_touches"":{""value"":2,""score"":25.0},""SR2_tightness"":{""value"":0.27504999999999313,""score"":96.77616908556551},""SR3_recency"":{""value"":297,""score"":0.0},""SR4_price_location"":{""score"":91.93578505530294},""SR5_reaction"":{""value"":2.2058657196187186,""score"":100},""_score"":60.0,""_levels_found"":6,""_target_level"":477.2749},""volume"":{""V1_rvol_day"":{""value"":0.6437404481768383,""score"":9.582696545122554},""V2_rvol_sameslot"":{""value"":0.5873607635926102,""score"":5.824050906174016,""status"":""ok""},""V3_breakout_bar"":{""value"":0.8685291483512212,""score"":24.568609890081415},""V4_base_dryup"":{""value"":0.6790142322770728,""score"":82.09857677229272},""V5_bo_expansion"":{""value"":0.6437404481768383,""score"":0},""_score"":25.64},""readiness"":{""_distance_atr"":0.073,""BR1_atr_distance"":{""score"":95.1553652864341},""BR2_compression"":{""score"":66.26755422358241},""BR3_retest"":{""score"":50.0},""BR4_bo_age"":{""score"":50.0},""_score"":72.13},""risk"":{""R1_stop_clarity"":{""score"":20.82772928259378},""R2_stop_distance_pct"":{""value"":6.917675697227871,""score"":100.0},""R3_stop_distance_atr"":{""value"":1.9318840452309132,""score"":100.0},""R4_rr_potential"":{""value"":0.870322283162647,""score"":0.0},""_score"":52.29},""market"":{""M1_spy_regime"":{""score"":100.0},""M3_earnings_risk"":{""value"":null,""score"":80.0},""M4_vix"":{""value"":null,""score"":60.0},""_score"":84.0},""liquidity"":{""L1_price"":{""value"":476.53,""score"":100.0},""L2_dollar_vol"":{""value"":992357995.3999287,""score"":100.0},""L3_spread_proxy"":{""value"":0.030764065221497126,""score"":69.23593477850287},""L4_volume_zscore"":{""value"":-0.6937897491540286,""score"":100.0},""_score"":96.92},""pattern_structure"":{""left_low"":450.32,""left_idx"":46,""right_low"":466.0,""right_idx"":74,""separation_bars"":28,""structural_low"":450.32,""current_price"":479.53,""neckline_distance_pct"":-0.003670260463370365,""base_bars"":28},""pattern_geometry_features"":{""low_similarity_pct"":0.034223851929456976,""bounce_pct"":0.060956653046722306,""right_bottom_reaction"":0.6694987255734925,""atr_pct"":0.035807923950223516},""_schema_version"":""1.0""}",,,,,,,,,,
20260505T210937Z-543da1,2026-05-05T21:09:37.858700+00:00,MSTR,double_bottom,setup,55.0,91.7,64.0,68.8,45.4,19.4,71.3,35.4,84.0,96.4,13.75,15.99,5.5,6.36,2.52,5.7,2.12,5.04,4.82,True,stop_too_wide,186.9,183.25,153.7684,210.3899,"{""trend"":{""T1_ema_stack"":{""value"":[true,true,false],""score"":66.66666666666666},""T2_ema50_slope"":{""value"":0.37531560817988646,""score"":100},""T3_high_proximity"":{""value"":1.0,""score"":99.99999999999997},""T4_rs_1m"":{""value"":0.36529919654151555,""score"":100},""T5_rs_3m"":{""value"":0.3528643740149058,""score"":100},""T6_adr_healthy"":{""value"":5.560228431759865,""score"":100.0},""_score"":91.67},""geometry"":{""sub_low_similarity"":42.9,""sub_bounce_quality"":100,""sub_separation_fit"":0.0,""sub_right_bottom_reaction"":73.9,""sub_base_context"":100.0,""_score"":63.95},""compression"":{""VC1_atr_ratio"":{""value"":0.6149097568155192,""score"":96.2725607961202},""VC2_range_contraction"":{""value"":0.8707691256495116,""score"":21.538479058414737},""VC3_range_pct_rank"":{""score"":90.83333333333333},""_score"":68.76},""sr_quality"":{""SR1_touches"":{""value"":3,""score"":50.0},""SR2_tightness"":{""value"":2.4634681262173572,""score"":56.04862792176991},""SR3_recency"":{""value"":291,""score"":0.0},""SR4_price_location"":{""score"":30.0},""SR5_reaction"":{""value"":1.937076004611541,""score"":96.85380023057705},""_score"":45.44,""_levels_found"":6,""_target_level"":165.9679},""volume"":{""V1_rvol_day"":{""value"":0.7810938702254963,""score"":18.739591348366417},""V2_rvol_sameslot"":{""value"":0.6361848590881792,""score"":9.078990605878616,""status"":""ok""},""V3_breakout_bar"":{""value"":0.5782691200474201,""score"":5.217941336494677},""V4_base_dryup"":{""value"":0.8758404484170141,""score"":62.41595515829859},""V5_bo_expansion"":{""value"":0.7810938702254963,""score"":0},""_score"":19.35},""readiness"":{""_distance_atr"":-0.326,""BR1_atr_distance"":{""score"":100.0},""BR2_compression"":{""score"":55.06964522375117},""BR3_retest"":{""score"":50.0},""BR4_bo_age"":{""score"":50.0},""_score"":71.27},""risk"":{""R1_stop_clarity"":{""score"":58.221989861067364},""R2_stop_distance_pct"":{""value"":17.726886837881235,""score"":0.0},""R3_stop_distance_atr"":{""value"":2.9555429031296137,""score"":100.0},""R4_rr_potential"":{""value"":0.7089888319899533,""score"":0.0},""_score"":35.38},""market"":{""M1_spy_regime"":{""score"":100.0},""M3_earnings_risk"":{""value"":null,""score"":80.0},""M4_vix"":{""value"":null,""score"":60.0},""_score"":84.0},""liquidity"":{""L1_price"":{""value"":186.9,""score"":100.0},""L2_dollar_vol"":{""value"":2775478934.0538225,""score"":100.0},""L3_spread_proxy"":{""value"":0.03579454253611555,""score"":64.20545746388444},""L4_volume_zscore"":{""value"":-0.45653150389983926,""score"":100.0},""_score"":96.42},""pattern_structure"":{""left_low"":160.635,""left_idx"":8,""right_low"":156.1101,""right_idx"":55,""separation_bars"":47,""structural_low"":156.1101,""current_price"":186.555,""neckline_distance_pct"":-0.01771595508027127,""base_bars"":47},""pattern_geometry_features"":{""low_similarity_pct"":0.0285712391446624,""bounce_pct"":0.1738510192485945,""right_bottom_reaction"":0.7394274446283388,""atr_pct"":0.05997844531070856},""_schema_version"":""1.0""}",,,,,,,,,,
20260505T210937Z-543da1,2026-05-05T21:09:37.858700+00:00,ORCL,ascending_triangle,setup,55.0,88.8,67.0,45.6,70.5,25.3,70.8,31.5,84.0,95.9,13.32,18.76,3.65,9.86,3.04,5.66,1.26,5.04,4.8,True,stop_too_wide,185.35,184.39,157.925,208.45,"{""trend"":{""T1_ema_stack"":{""value"":[true,true,false],""score"":66.66666666666666},""T2_ema50_slope"":{""value"":0.24001123925490453,""score"":90.00187320915076},""T3_high_proximity"":{""value"":0.9885333333333333,""score"":94.26666666666661},""T4_rs_1m"":{""value"":0.17513109464940757,""score"":100},""T5_rs_3m"":{""value"":0.14870078126524633,""score"":100},""T6_adr_healthy"":{""value"":4.642402035210319,""score"":100.0},""_score"":88.81},""geometry"":{""sub_flat_top_quality"":33.3,""sub_hl_slope"":100,""sub_compression"":48.0,""sub_duration"":100.0,""_score"":66.99},""compression"":{""VC1_atr_ratio"":{""value"":0.698866972911933,""score"":75.28325677201676},""VC2_range_contraction"":{""value"":0.949261012403667,""score"":8.456497932722167},""VC3_range_pct_rank"":{""score"":50.0},""_score"":45.57},""sr_quality"":{""SR1_touches"":{""value"":4,""score"":75.0},""SR2_tightness"":{""value"":1.5378292330424757,""score"":66.18501942065129},""SR3_recency"":{""value"":230,""score"":0.0},""SR4_price_location"":{""score"":92.08773354995937},""SR5_reaction"":{""value"":2.7447488057346723,""score"":100},""_score"":70.45,""_levels_found"":6,""_target_level"":186.5675},""volume"":{""V1_rvol_day"":{""value"":0.6907976086402424,""score"":12.71984057601616},""V2_rvol_sameslot"":{""value"":1.0160945359895945,""score"":34.406302399306306,""status"":""ok""},""V3_breakout_bar"":{""value"":0.8432678818721456,""score"":22.88452545814304},""V4_base_dryup"":{""value"":0.992135156419706,""score"":50.786484358029405},""V5_bo_expansion"":{""value"":0.6907976086402424,""score"":0},""_score"":25.3},""readiness"":{""_distance_atr"":-0.106,""BR1_atr_distance"":{""score"":100.0},""BR2_compression"":{""score"":53.06144856437863},""BR3_retest"":{""score"":50.0},""BR4_bo_age"":{""score"":50.0},""_score"":70.77},""risk"":{""R1_stop_clarity"":{""score"":47.11809621188354},""R2_stop_distance_pct"":{""value"":14.796304289182627,""score"":0.0},""R3_stop_distance_atr"":{""value"":3.01520523772614,""score"":100.0},""R4_rr_potential"":{""value"":0.8422987097515208,""score"":0.0},""_score"":31.49},""market"":{""M1_spy_regime"":{""score"":100.0},""M3_earnings_risk"":{""value"":null,""score"":80.0},""M4_vix"":{""value"":null,""score"":60.0},""_score"":84.0},""liquidity"":{""L1_price"":{""value"":185.35,""score"":100.0},""L2_dollar_vol"":{""value"":4289462006.3772173,""score"":100.0},""L3_spread_proxy"":{""value"":0.04057189101699493,""score"":59.42810898300507},""L4_volume_zscore"":{""value"":-0.9345486408628477,""score"":100.0},""_score"":95.94},""pattern_structure"":{""top"":184.39,""top_touches"":2,""low_slope_per_bar"":0.6057689747003979,""lowest_low"":160.33,""structural_low"":160.33,""current_price"":185.81,""neckline_distance_pct"":-0.007642215166029901,""base_bars"":30},""pattern_geometry_features"":{""top_touches"":2.0,""low_slope"":0.6057689747003979,""compression"":0.24000126202586558,""atr_pct"":0.0490722956568654},""_schema_version"":""1.0""}",,,,,,,,,,
20260505T210937Z-543da1,2026-05-05T21:09:37.858700+00:00,CW,vcp,forming,55.0,69.5,56.4,72.1,63.7,48.0,44.6,63.9,84.0,73.2,10.43,14.09,8.65,7.65,6.23,3.12,3.19,5.04,3.66,True,risk_unclear,728.95,748.14,701.4333,870.63,"{""trend"":{""T1_ema_stack"":{""value"":[true,true,true],""score"":100.0},""T2_ema50_slope"":{""value"":0.18297851770017962,""score"":80.4964196166966},""T3_high_proximity"":{""value"":0.9816054187258454,""score"":90.80270936292267},""T4_rs_1m"":{""value"":-0.05573402929218774,""score"":0},""T5_rs_3m"":{""value"":0.03060499469153788,""score"":65.30249734576894},""T6_adr_healthy"":{""value"":2.6486003937312375,""score"":100.0},""_score"":69.52},""geometry"":{""sub_contraction_count"":100.0,""sub_reduction_rate"":0,""sub_pivot_tightness"":74.0,""sub_volume_dryup"":68.4,""sub_base_depth"":0.0,""sub_base_duration"":100.0,""_score"":56.36},""compression"":{""VC1_atr_ratio"":{""value"":0.38067829449944623,""score"":100},""VC2_range_contraction"":{""value"":0.8389479879409125,""score"":26.842002009847914},""VC3_range_pct_rank"":{""score"":90.83333333333333},""_score"":72.1},""sr_quality"":{""SR1_touches"":{""value"":5,""score"":100},""SR2_tightness"":{""value"":2.57040347027466,""score"":74.76741806739138},""SR3_recency"":{""value"":234,""score"":0.0},""SR4_price_location"":{""score"":30.0},""SR5_reaction"":{""value"":2.810070833666398,""score"":100},""_score"":63.72,""_levels_found"":7,""_target_level"":713.366},""volume"":{""V1_rvol_day"":{""value"":1.1391690185416936,""score"":42.61126790277957},""V2_rvol_sameslot"":{""value"":1.1469530906606964,""score"":43.130206044046425,""status"":""ok""},""V3_breakout_bar"":{""value"":1.5891811179400044,""score"":72.61207452933363},""V4_base_dryup"":{""value"":0.9366768334341311,""score"":56.33231665658689},""V5_bo_expansion"":{""value"":1.1391690185416936,""score"":9.27793456944624},""_score"":47.96},""readiness"":{""_distance_atr"":0.942,""BR1_atr_distance"":{""score"":37.20658346877897},""BR2_compression"":{""score"":48.89507310106321},""BR3_retest"":{""score"":50.0},""BR4_bo_age"":{""score"":50.0},""_score"":44.61},""risk"":{""R1_stop_clarity"":{""score"":0},""R2_stop_distance_pct"":{""value"":3.7748439536319447,""score"":100.0},""R3_stop_distance_atr"":{""value"":1.350601230719181,""score"":92.53006153595905},""R4_rr_potential"":{""value"":5.148868551762596,""score"":100.0},""_score"":63.88},""market"":{""M1_spy_regime"":{""score"":100.0},""M3_earnings_risk"":{""value"":null,""score"":80.0},""M4_vix"":{""value"":null,""score"":60.0},""_score"":84.0},""liquidity"":{""L1_price"":{""value"":728.95,""score"":0.0},""L2_dollar_vol"":{""value"":181674405.28399286,""score"":100.0},""L3_spread_proxy"":{""value"":0.01748405240414295,""score"":82.51594759585706},""L4_volume_zscore"":{""value"":0.4185670137115097,""score"":100.0},""_score"":73.25},""pattern_structure"":{""n_contractions"":5,""contractions_pct"":[4.6,9.6,10.62,12.71,4.82],""descending_strict"":false,""final_low"":712.115,""final_pivot"":748.14,""structural_low"":712.115,""dry_up_ratio"":0.6581946324948246,""current_price"":728.95,""neckline_distance_pct"":0.026325536730914246,""base_bars"":43,""recent_base_height"":122.49000000000001},""pattern_geometry_features"":{""contraction_count"":5.0,""first_contraction_pct"":0.04604994436541367,""last_contraction_pct"":0.04815275215868685,""dry_up_ratio"":0.6581946324948246,""near_monotone"":0.0,""base_depth_pct"":-0.002992999901407062},""_schema_version"":""1.0""}",,,,,,,,,,
20260505T210937Z-543da1,2026-05-05T21:09:37.858700+00:00,CW,bull_flag,forming,55.0,69.5,60.2,72.1,63.7,41.9,59.5,58.2,84.0,73.2,9.73,18.06,6.49,6.37,5.86,5.35,1.75,5.04,3.66,True,risk_unclear,728.95,736.78,714.9919,779.28,"{""trend"":{""T1_ema_stack"":{""value"":[true,true,true],""score"":100.0},""T2_ema50_slope"":{""value"":0.18297851770017962,""score"":80.4964196166966},""T3_high_proximity"":{""value"":0.9816054187258454,""score"":90.80270936292267},""T4_rs_1m"":{""value"":-0.05573402929218774,""score"":0},""T5_rs_3m"":{""value"":0.03060499469153788,""score"":65.30249734576894},""T6_adr_healthy"":{""value"":2.6486003937312375,""score"":100.0},""_score"":69.52},""geometry"":{""sub_pole_impulse"":29.8,""sub_flag_tightness"":68.0,""sub_flag_shallowness"":51.7,""sub_flag_drift"":92.8,""sub_flag_duration"":100.0,""_score"":60.2},""compression"":{""VC1_atr_ratio"":{""value"":0.38067829449944623,""score"":100},""VC2_range_contraction"":{""value"":0.8389479879409125,""score"":26.842002009847914},""VC3_range_pct_rank"":{""score"":90.83333333333333},""_score"":72.1},""sr_quality"":{""SR1_touches"":{""value"":5,""score"":100},""SR2_tightness"":{""value"":2.57040347027466,""score"":74.76741806739138},""SR3_recency"":{""value"":234,""score"":0.0},""SR4_price_location"":{""score"":30.0},""SR5_reaction"":{""value"":2.810070833666398,""score"":100},""_score"":63.72,""_levels_found"":7,""_target_level"":713.366},""volume"":{""V1_rvol_day"":{""value"":1.1391690185416936,""score"":42.61126790277957},""V2_rvol_sameslot"":{""value"":1.1469530906606964,""score"":43.130206044046425,""status"":""ok""},""V3_breakout_bar"":{""value"":1.5891811179400044,""score"":72.61207452933363},""V4_base_dryup"":{""value"":1.240378291955772,""score"":25.962170804422797},""V5_bo_expansion"":{""value"":1.1391690185416936,""score"":9.27793456944624},""_score"":41.89},""readiness"":{""_distance_atr"":0.384,""BR1_atr_distance"":{""score"":74.37871540180002},""BR2_compression"":{""score"":48.89507310106321},""BR3_retest"":{""score"":50.0},""BR4_bo_age"":{""score"":50.0},""_score"":59.48},""risk"":{""R1_stop_clarity"":{""score"":0},""R2_stop_distance_pct"":{""value"":1.9148228959462392,""score"":97.87057239865598},""R3_stop_distance_atr"":{""value"":0.6851043888545367,""score"":59.25521944272683},""R4_rr_potential"":{""value"":3.605791231708662,""score"":100.0},""_score"":58.25},""market"":{""M1_spy_regime"":{""score"":100.0},""M3_earnings_risk"":{""value"":null,""score"":80.0},""M4_vix"":{""value"":null,""score"":60.0},""_score"":84.0},""liquidity"":{""L1_price"":{""value"":728.95,""score"":0.0},""L2_dollar_vol"":{""value"":181674405.28399286,""score"":100.0},""L3_spread_proxy"":{""value"":0.01748405240414295,""score"":82.51594759585706},""L4_volume_zscore"":{""value"":0.4185670137115097,""score"":100.0},""_score"":73.25},""pattern_structure"":{""pole_low"":694.28,""pole_low_idx"":30,""peak_price"":736.78,""peak_idx"":54,""pole_gain"":0.06121449559255632,""flag_bars"":5,""flag_low"":725.8801,""flag_high"":734.538,""structural_low"":725.8801,""current_price"":726.91,""neckline_distance_pct"":0.013578022038491705,""base_bars"":5},""pattern_geometry_features"":{""pole_gain"":0.06121449559255632,""pullback_pct"":0.014793968348760829,""flag_range_pct"":0.011750997584082143,""flag_drift_per_bar"":-0.0014403433712565576,""atr_pct"":0.027949359646458196,""pole_atr_multiple"":2.1901931338277922},""_schema_version"":""1.0""}",,,,,,,,,,
20260505T210937Z-543da1,2026-05-05T21:09:37.858700+00:00,ADSK,bull_flag,forming,55.0,37.4,68.3,62.1,49.4,24.4,65.9,61.9,84.0,97.8,5.24,20.5,5.59,4.94,3.42,5.93,1.86,5.04,4.89,True,risk_unclear,249.43,250.275,243.0487,269.41,"{""trend"":{""T1_ema_stack"":{""value"":[true,false,false],""score"":33.33333333333333},""T2_ema50_slope"":{""value"":-0.1018765202804338,""score"":33.020579953261034},""T3_high_proximity"":{""value"":0.9443813418143269,""score"":72.19067090716341},""T4_rs_1m"":{""value"":-0.049142321502214426,""score"":0.8576784977855709},""T5_rs_3m"":{""value"":-0.013775123965056979,""score"":43.11243801747151},""T6_adr_healthy"":{""value"":3.4530721923864713,""score"":100.0},""_score"":37.4},""geometry"":{""sub_pole_impulse"":40.6,""sub_flag_tightness"":71.8,""sub_flag_shallowness"":66.0,""sub_flag_drift"":100,""sub_flag_duration"":100.0,""_score"":68.33},""compression"":{""VC1_atr_ratio"":{""value"":0.503014374839995,""score"":100},""VC2_range_contraction"":{""value"":0.8952629078030703,""score"":17.456182032821623},""VC3_range_pct_rank"":{""score"":64.16666666666666},""_score"":62.15},""sr_quality"":{""SR1_touches"":{""value"":2,""score"":25.0},""SR2_tightness"":{""value"":0.8200000000000074,""score"":79.15418278222639},""SR3_recency"":{""value"":231,""score"":0.0},""SR4_price_location"":{""score"":60.138648180242505},""SR5_reaction"":{""value"":2.898706215612573,""score"":100},""_score"":49.41,""_levels_found"":6,""_target_level"":251.73},""volume"":{""V1_rvol_day"":{""value"":1.1241912132781904,""score"":41.61274755187936},""V2_rvol_sameslot"":{""value"":0.7023843549878092,""score"":13.492290332520609,""status"":""ok""},""V3_breakout_bar"":{""value"":0.6893899652198647,""score"":12.625997681324316},""V4_base_dryup"":{""value"":1.0493008537099864,""score"":45.06991462900136},""V5_bo_expansion"":{""value"":1.1241912132781904,""score"":8.279414218546027},""_score"":24.43},""readiness"":{""_distance_atr"":0.107,""BR1_atr_distance"":{""score"":92.83954652478923},""BR2_compression"":{""score"":44.939394454059645},""BR3_retest"":{""score"":50.0},""BR4_bo_age"":{""score"":50.0},""_score"":65.87},""risk"":{""R1_stop_clarity"":{""score"":5.907828076482701},""R2_stop_distance_pct"":{""value"":2.558332999238272,""score"":100.0},""R3_stop_distance_atr"":{""value"":0.8111120190299822,""score"":65.5556009514991},""R4_rr_potential"":{""value"":3.1310479921645364,""score"":100.0},""_score"":61.9},""market"":{""M1_spy_regime"":{""score"":100.0},""M3_earnings_risk"":{""value"":null,""score"":80.0},""M4_vix"":{""value"":null,""score"":60.0},""_score"":84.0},""liquidity"":{""L1_price"":{""value"":249.43,""score"":100.0},""L2_dollar_vol"":{""value"":549118463.3711256,""score"":100.0},""L3_spread_proxy"":{""value"":0.0218397947319889,""score"":78.1602052680111},""L4_volume_zscore"":{""value"":0.4030947702207038,""score"":100.0},""_score"":97.82},""pattern_structure"":{""pole_low"":231.14,""pole_low_idx"":33,""peak_price"":250.275,""peak_idx"":54,""pole_gain"":0.08278532491130926,""flag_bars"":5,""flag_low"":246.75,""flag_high"":250.26,""structural_low"":246.75,""current_price"":249.76,""neckline_distance_pct"":0.0020619795003203665,""base_bars"":5},""pattern_geometry_features"":{""pole_gain"":0.08278532491130926,""pullback_pct"":0.014084507042253544,""flag_range_pct"":0.014024572969733256,""flag_drift_per_bar"":0.0005564942344649191,""atr_pct"":0.03154105646588508,""pole_atr_multiple"":2.624684591679742},""_schema_version"":""1.0""}",,,,,,,,,,
20260505T210937Z-543da1,2026-05-05T21:09:37.858700+00:00,CW,breakout_retest_hold,retest_hold,55.0,69.5,77.5,72.1,63.7,53.5,84.2,43.2,84.0,73.2,9.73,17.06,4.33,8.92,6.95,15.16,2.16,4.2,2.2,True,risk_unclear,728.95,724.99,718.6213,731.8201,"{""trend"":{""T1_ema_stack"":{""value"":[true,true,true],""score"":100.0},""T2_ema50_slope"":{""value"":0.18297851770017962,""score"":80.4964196166966},""T3_high_proximity"":{""value"":0.9816054187258454,""score"":90.80270936292267},""T4_rs_1m"":{""value"":-0.05573402929218774,""score"":0},""T5_rs_3m"":{""value"":0.03060499469153788,""score"":65.30249734576894},""T6_adr_healthy"":{""value"":2.6486003937312375,""score"":100.0},""_score"":69.52},""geometry"":{""sub_retest_depth"":38.5,""sub_retest_timing"":80.0,""sub_retest_freshness"":100.0,""sub_hold_quality"":100.0,""_score"":77.55},""compression"":{""VC1_atr_ratio"":{""value"":0.38067829449944623,""score"":100},""VC2_range_contraction"":{""value"":0.8389479879409125,""score"":26.842002009847914},""VC3_range_pct_rank"":{""score"":90.83333333333333},""_score"":72.1},""sr_quality"":{""SR1_touches"":{""value"":5,""score"":100},""SR2_tightness"":{""value"":2.57040347027466,""score"":74.76741806739138},""SR3_recency"":{""value"":234,""score"":0.0},""SR4_price_location"":{""score"":30.0},""SR5_reaction"":{""value"":2.810070833666398,""score"":100},""_score"":63.72,""_levels_found"":7,""_target_level"":713.366},""volume"":{""V1_rvol_day"":{""value"":1.1391690185416936,""score"":42.61126790277957},""V2_rvol_sameslot"":{""value"":1.1469530906606964,""score"":43.130206044046425,""status"":""ok""},""V3_breakout_bar"":{""value"":1.5891811179400044,""score"":72.61207452933363},""V4_base_dryup"":{""value"":0.6609526294123131,""score"":83.90473705876869},""V5_bo_expansion"":{""value"":1.1391690185416936,""score"":9.27793456944624},""_score"":53.47},""readiness"":{""_distance_atr"":-0.194,""BR1_atr_distance"":{""score"":100.0},""BR2_compression"":{""score"":48.89507310106321},""BR3_retest"":{""score"":100},""BR4_bo_age"":{""score"":80},""_score"":84.22},""risk"":{""R1_stop_clarity"":{""score"":28.74336924800693},""R2_stop_distance_pct"":{""value"":1.4169285959256652,""score"":85.42321489814164},""R3_stop_distance_atr"":{""value"":0.5069628119745568,""score"":50.348140598727845},""R4_rr_potential"":{""value"":0.27787825676929745,""score"":0.0},""_score"":43.24},""market"":{""M1_spy_regime"":{""score"":100.0},""M3_earnings_risk"":{""value"":null,""score"":80.0},""M4_vix"":{""value"":null,""score"":60.0},""_score"":84.0},""liquidity"":{""L1_price"":{""value"":728.95,""score"":0.0},""L2_dollar_vol"":{""value"":181674405.28399286,""score"":100.0},""L3_spread_proxy"":{""value"":0.01748405240414295,""score"":82.51594759585706},""L4_volume_zscore"":{""value"":0.4185670137115097,""score"":100.0},""_score"":73.25},""pattern_structure"":{""level"":724.99,""level_idx"":62,""breakout_idx"":74,""bo_peak_idx"":74,""bo_peak_price"":736.78,""retest_idx"":75,""retest_low"":725.8801,""structural_low"":725.8801,""current_price"":726.91,""neckline_distance_pct"":-0.0026413173570317633,""base_bars"":17,""bars_since_breakout"":5},""pattern_geometry_features"":{""retest_depth_atr"":-0.13031979142809078,""bars_breakout_to_retest"":1.0,""bars_since_retest"":4.0,""current_above_level_atr"":0.28110774018867524,""bo_peak_excess_pct"":0.01626229327301061,""atr_pct"":0.027949359646458196},""_schema_version"":""1.0""}",,,,,,,,,,
20260505T210937Z-543da1,2026-05-05T21:09:37.858700+00:00,EA,vcp,forming,55.0,48.7,55.7,55.2,64.2,32.6,38.5,59.5,84.0,99.7,7.31,13.92,6.63,7.7,4.24,2.7,2.97,5.04,4.98,True,risk_unclear,201.57,204.22,199.0192,211.43,"{""trend"":{""T1_ema_stack"":{""value"":[false,true,true],""score"":66.66666666666666},""T2_ema50_slope"":{""value"":0.01591486080273729,""score"":52.65247680045621},""T3_high_proximity"":{""value"":0.9873138714733543,""score"":93.6569357366771},""T4_rs_1m"":{""value"":-0.1110880832107548,""score"":0},""T5_rs_3m"":{""value"":-0.04876322457561044,""score"":25.618387712194778},""T6_adr_healthy"":{""value"":0.4097784619785068,""score"":72.74446154946267},""_score"":48.73},""geometry"":{""sub_contraction_count"":100.0,""sub_reduction_rate"":0,""sub_pivot_tightness"":100,""sub_volume_dryup"":37.8,""sub_base_depth"":0.0,""sub_base_duration"":100.0,""_score"":55.67},""compression"":{""VC1_atr_ratio"":{""value"":0.20539447207365008,""score"":100},""VC2_range_contraction"":{""value"":1.004917856937273,""score"":0},""VC3_range_pct_rank"":{""score"":60.83333333333334},""_score"":55.21},""sr_quality"":{""SR1_touches"":{""value"":4,""score"":75.0},""SR2_tightness"":{""value"":0.13259430606176356,""score"":66.61294451682214},""SR3_recency"":{""value"":238,""score"":0.0},""SR4_price_location"":{""score"":66.74570243034967},""SR5_reaction"":{""value"":3.2025629496402903,""score"":100},""_score"":64.18,""_levels_found"":5,""_target_level"":202.0375},""volume"":{""V1_rvol_day"":{""value"":0.8993551189249943,""score"":26.62367459499962},""V2_rvol_sameslot"":{""value"":1.131277168167961,""score"":42.085144544530735,""status"":""ok""},""V3_breakout_bar"":{""value"":0.9542372348582829,""score"":30.282482323885528},""V4_base_dryup"":{""value"":0.9354691876871214,""score"":56.45308123128786},""V5_bo_expansion"":{""value"":0.8993551189249945,""score"":0},""_score"":32.6},""readiness"":{""_distance_atr"":3.336,""BR1_atr_distance"":{""score"":0},""BR2_compression"":{""score"":84.08037434187825},""BR3_retest"":{""score"":50.0},""BR4_bo_age"":{""score"":50.0},""_score"":38.52},""risk"":{""R1_stop_clarity"":{""score"":0},""R2_stop_distance_pct"":{""value"":1.2654412859056376,""score"":81.63603214764095},""R3_stop_distance_atr"":{""value"":3.2113758992805663,""score"":100.0},""R4_rr_potential"":{""value"":3.8655297461531073,""score"":100.0},""_score"":59.49},""market"":{""M1_spy_regime"":{""score"":100.0},""M3_earnings_risk"":{""value"":null,""score"":80.0},""M4_vix"":{""value"":null,""score"":60.0},""_score"":84.0},""liquidity"":{""L1_price"":{""value"":201.57,""score"":100.0},""L2_dollar_vol"":{""value"":282278687.0519472,""score"":100.0},""L3_spread_proxy"":{""value"":0.0034231284417325304,""score"":96.57687155826747},""L4_volume_zscore"":{""value"":-0.4447584292101684,""score"":100.0},""_score"":99.66},""pattern_structure"":{""n_contractions"":5,""contractions_pct"":[0.44,3.96,2.08,2.41,1.06],""descending_strict"":false,""final_low"":202.05,""final_pivot"":204.22,""structural_low"":202.05,""dry_up_ratio"":0.8109968359520896,""current_price"":201.57,""neckline_distance_pct"":0.01314679763853751,""base_bars"":60,""recent_base_height"":7.210000000000008},""pattern_geometry_features"":{""contraction_count"":5.0,""first_contraction_pct"":0.004398826979472169,""last_contraction_pct"":0.010625795710508213,""dry_up_ratio"":0.8109968359520896,""near_monotone"":0.0,""base_depth_pct"":0.012463343108504317},""_schema_version"":""1.0""}",,,,,,,,,,
20260505T210937Z-543da1,2026-05-05T21:09:37.858700+00:00,FTNT,cup_with_handle,setup,55.0,72.0,68.3,73.5,58.1,29.6,53.8,34.4,84.0,98.1,10.08,20.49,5.88,6.98,3.84,4.31,1.72,4.2,4.9,True,risk_unclear,89.92,87.64,80.5829,101.745,"{""trend"":{""T1_ema_stack"":{""value"":[true,true,false],""score"":66.66666666666666},""T2_ema50_slope"":{""value"":0.07985386341412665,""score"":63.30897723568778},""T3_high_proximity"":{""value"":1.0,""score"":99.99999999999997},""T4_rs_1m"":{""value"":-0.005681089451395449,""score"":44.31891054860455},""T5_rs_3m"":{""value"":0.0842648031412152,""score"":92.13240157060761},""T6_adr_healthy"":{""value"":3.3474535469148345,""score"":100.0},""_score"":72.01},""geometry"":{""sub_cup_depth"":80.9,""sub_cup_duration"":0.0,""sub_rim_symmetry"":99.7,""sub_handle_shallowness"":44.6,""sub_handle_proportion"":98.0,""sub_u_shape"":89.7,""_score"":68.3},""compression"":{""VC1_atr_ratio"":{""value"":0.5814237090024038,""score"":100},""VC2_range_contraction"":{""value"":0.7729543298248239,""score"":37.840945029196014},""VC3_range_pct_rank"":{""score"":80.83333333333333},""_score"":73.45},""sr_quality"":{""SR1_touches"":{""value"":6,""score"":100},""SR2_tightness"":{""value"":0.8804185399885411,""score"":37.621379016234656},""SR3_recency"":{""value"":226,""score"":0.0},""SR4_price_location"":{""score"":30.0},""SR5_reaction"":{""value"":2.3880185731094774,""score"":100},""_score"":58.14,""_levels_found"":5,""_target_level"":86.6342},""volume"":{""V1_rvol_day"":{""value"":0.7142985453641066,""score"":14.286569690940443},""V2_rvol_sameslot"":{""value"":0.8859963817439792,""score"":25.733092116265283,""status"":""ok""},""V3_breakout_bar"":{""value"":1.1290165273818207,""score"":41.93443515878805},""V4_base_dryup"":{""value"":0.9459906602967844,""score"":55.40093397032157},""V5_bo_expansion"":{""value"":0.7142985453641066,""score"":0},""_score"":29.57},""readiness"":{""_distance_atr"":-0.808,""BR1_atr_distance"":{""score"":43.845949467984155},""BR2_compression"":{""score"":75.13954503417327},""BR3_retest"":{""score"":50.0},""BR4_bo_age"":{""score"":50.0},""_score"":53.82},""risk"":{""R1_stop_clarity"":{""score"":13.055074077354618},""R2_stop_distance_pct"":{""value"":10.383841192170811,""score"":40.40397019572972},""R3_stop_distance_atr"":{""value"":3.307736686952008,""score"":100.0},""R4_rr_potential"":{""value"":1.2664463995973085,""score"":13.322319979865426},""_score"":34.35},""market"":{""M1_spy_regime"":{""score"":100.0},""M3_earnings_risk"":{""value"":null,""score"":80.0},""M4_vix"":{""value"":null,""score"":60.0},""_score"":84.0},""liquidity"":{""L1_price"":{""value"":89.92,""score"":100.0},""L2_dollar_vol"":{""value"":356202225.7765111,""score"":100.0},""L3_spread_proxy"":{""value"":0.019406138790035637,""score"":80.59386120996436},""L4_volume_zscore"":{""value"":-0.8378374186239108,""score"":100.0},""_score"":98.06},""pattern_structure"":{""left_rim"":87.655,""left_rim_idx"":54,""cup_bottom"":73.55,""cup_bottom_idx"":106,""right_rim"":87.64,""right_rim_idx"":170,""handle_low"":81.81,""handle_bars"":9,""cup_bars"":116,""structural_low"":81.81,""current_price"":89.92,""neckline_distance_pct"":-0.02535587188612101,""base_bars"":125},""pattern_geometry_features"":{""cup_depth_pct"":0.16091495065883296,""rim_symmetry_pct"":0.0001711254349438203,""handle_depth_pct"":0.06652213601095389,""handle_to_cup_ratio"":0.07758620689655173,""cup_duration_bars"":116.0,""atr_pct"":0.03139258706151501,""u_shape_score"":0.4482758620689655},""_schema_version"":""1.0""}",,,,,,,,,,
20260505T210937Z-543da1,2026-05-05T21:09:37.858700+00:00,FTNT,vcp,setup,55.0,72.0,50.7,73.5,58.1,29.6,53.3,36.9,84.0,98.1,10.8,12.69,8.81,6.98,3.84,3.73,1.84,5.04,4.9,True,risk_unclear,89.92,87.44,81.1985,98.8657,"{""trend"":{""T1_ema_stack"":{""value"":[true,true,false],""score"":66.66666666666666},""T2_ema50_slope"":{""value"":0.07985386341412665,""score"":63.30897723568778},""T3_high_proximity"":{""value"":1.0,""score"":99.99999999999997},""T4_rs_1m"":{""value"":-0.005681089451395449,""score"":44.31891054860455},""T5_rs_3m"":{""value"":0.0842648031412152,""score"":92.13240157060761},""T6_adr_healthy"":{""value"":3.3474535469148345,""score"":100.0},""_score"":72.01},""geometry"":{""sub_contraction_count"":100.0,""sub_reduction_rate"":1.0,""sub_pivot_tightness"":61.1,""sub_volume_dryup"":42.2,""sub_base_depth"":0.0,""sub_base_duration"":100.0,""_score"":50.74},""compression"":{""VC1_atr_ratio"":{""value"":0.5814237090024038,""score"":100},""VC2_range_contraction"":{""value"":0.7729543298248239,""score"":37.840945029196014},""VC3_range_pct_rank"":{""score"":80.83333333333333},""_score"":73.45},""sr_quality"":{""SR1_touches"":{""value"":6,""score"":100},""SR2_tightness"":{""value"":0.8804185399885411,""score"":37.621379016234656},""SR3_recency"":{""value"":226,""score"":0.0},""SR4_price_location"":{""score"":30.0},""SR5_reaction"":{""value"":2.3880185731094774,""score"":100},""_score"":58.14,""_levels_found"":5,""_target_level"":86.6342},""volume"":{""V1_rvol_day"":{""value"":0.7142985453641066,""score"":14.286569690940443},""V2_rvol_sameslot"":{""value"":0.8859963817439792,""score"":25.733092116265283,""status"":""ok""},""V3_breakout_bar"":{""value"":1.1290165273818207,""score"":41.93443515878805},""V4_base_dryup"":{""value"":0.9459906602967844,""score"":55.40093397032157},""V5_bo_expansion"":{""value"":0.7142985453641066,""score"":0},""_score"":29.57},""readiness"":{""_distance_atr"":-0.879,""BR1_atr_distance"":{""score"":42.42892749149152},""BR2_compression"":{""score"":75.13954503417327},""BR3_retest"":{""score"":50.0},""BR4_bo_age"":{""score"":50.0},""_score"":53.26},""risk"":{""R1_stop_clarity"":{""score"":12.390845025873304},""R2_stop_distance_pct"":{""value"":9.699204848754448,""score"":57.5198787811388},""R3_stop_distance_atr"":{""value"":3.089648148382443,""score"":100.0},""R4_rr_potential"":{""value"":1.0257036470112726,""score"":1.2851823505636295},""_score"":36.85},""market"":{""M1_spy_regime"":{""score"":100.0},""M3_earnings_risk"":{""value"":null,""score"":80.0},""M4_vix"":{""value"":null,""score"":60.0},""_score"":84.0},""liquidity"":{""L1_price"":{""value"":89.92,""score"":100.0},""L2_dollar_vol"":{""value"":356202225.7765111,""score"":100.0},""L3_spread_proxy"":{""value"":0.019406138790035637,""score"":80.59386120996436},""L4_volume_zscore"":{""value"":-0.8378374186239108,""score"":100.0},""_score"":98.06},""pattern_structure"":{""n_contractions"":5,""contractions_pct"":[9.16,16.13,11.58,11.75,5.72],""descending_strict"":false,""final_low"":82.435,""final_pivot"":87.44,""structural_low"":82.435,""dry_up_ratio"":0.7892387224893458,""current_price"":89.92,""neckline_distance_pct"":-0.027580071174377267,""base_bars"":67,""recent_base_height"":11.425699999999992},""pattern_geometry_features"":{""contraction_count"":5.0,""first_contraction_pct"":0.09158241241476611,""last_contraction_pct"":0.05723924977127168,""dry_up_ratio"":0.7892387224893458,""near_monotone"":0.0,""base_depth_pct"":0.03086056901011051},""_schema_version"":""1.0""}",,,,,,,,,,
20260505T210937Z-543da1,2026-05-05T21:09:37.858700+00:00,FTNT,ascending_triangle,absent,55.0,72.0,34.1,73.5,58.1,32.9,72.8,36.6,84.0,98.1,10.8,9.54,5.88,8.14,3.95,5.82,1.46,5.04,4.9,True,risk_unclear,89.92,90.29,81.1985,98.145,"{""trend"":{""T1_ema_stack"":{""value"":[true,true,false],""score"":66.66666666666666},""T2_ema50_slope"":{""value"":0.07985386341412665,""score"":63.30897723568778},""T3_high_proximity"":{""value"":1.0,""score"":99.99999999999997},""T4_rs_1m"":{""value"":-0.005681089451395449,""score"":44.31891054860455},""T5_rs_3m"":{""value"":0.0842648031412152,""score"":92.13240157060761},""T6_adr_healthy"":{""value"":3.3474535469148345,""score"":100.0},""_score"":72.01},""geometry"":{""sub_flat_top_quality"":33.3,""sub_hl_slope"":13.8,""sub_compression"":19.8,""sub_duration"":100.0,""_score"":34.08},""compression"":{""VC1_atr_ratio"":{""value"":0.5814237090024038,""score"":100},""VC2_range_contraction"":{""value"":0.7729543298248239,""score"":37.840945029196014},""VC3_range_pct_rank"":{""score"":80.83333333333333},""_score"":73.45},""sr_quality"":{""SR1_touches"":{""value"":6,""score"":100},""SR2_tightness"":{""value"":0.8804185399885411,""score"":37.621379016234656},""SR3_recency"":{""value"":226,""score"":0.0},""SR4_price_location"":{""score"":30.0},""SR5_reaction"":{""value"":2.3880185731094774,""score"":100},""_score"":58.14,""_levels_found"":5,""_target_level"":86.6342},""volume"":{""V1_rvol_day"":{""value"":0.7142985453641066,""score"":14.286569690940443},""V2_rvol_sameslot"":{""value"":0.8859963817439792,""score"":25.733092116265283,""status"":""ok""},""V3_breakout_bar"":{""value"":1.1290165273818207,""score"":41.93443515878805},""V4_base_dryup"":{""value"":0.778887047695625,""score"":72.11129523043749},""V5_bo_expansion"":{""value"":0.7142985453641066,""score"":0},""_score"":32.91},""readiness"":{""_distance_atr"":0.131,""BR1_atr_distance"":{""score"":91.26169781162875},""BR2_compression"":{""score"":75.13954503417327},""BR3_retest"":{""score"":50.0},""BR4_bo_age"":{""score"":50.0},""_score"":72.79},""risk"":{""R1_stop_clarity"":{""score"":12.390845025873304},""R2_stop_distance_pct"":{""value"":9.699204848754448,""score"":57.5198787811388},""R3_stop_distance_atr"":{""value"":3.089648148382443,""score"":100.0},""R4_rr_potential"":{""value"":0.9430690160264413,""score"":0.0},""_score"":36.59},""market"":{""M1_spy_regime"":{""score"":100.0},""M3_earnings_risk"":{""value"":null,""score"":80.0},""M4_vix"":{""value"":null,""score"":60.0},""_score"":84.0},""liquidity"":{""L1_price"":{""value"":89.92,""score"":100.0},""L2_dollar_vol"":{""value"":356202225.7765111,""score"":100.0},""L3_spread_proxy"":{""value"":0.019406138790035637,""score"":80.59386120996436},""L4_volume_zscore"":{""value"":-0.8378374186239108,""score"":100.0},""_score"":98.06},""pattern_structure"":{""top"":90.29,""top_touches"":2,""low_slope_per_bar"":0.03406250000000042,""lowest_low"":82.435,""structural_low"":82.435,""current_price"":90.155,""neckline_distance_pct"":0.0014974211080916768,""base_bars"":31},""pattern_geometry_features"":{""top_touches"":2.0,""low_slope"":0.03406250000000042,""compression"":0.09910687112536154,""atr_pct"":0.03139258706151501},""_schema_version"":""1.0""}",,,,,,,,,,
20260505T210937Z-543da1,2026-05-05T21:09:37.858700+00:00,UEC,double_bottom,forming,54.96,54.2,68.8,39.1,31.0,35.9,39.6,78.1,84.0,92.1,8.14,17.19,3.13,4.34,4.67,3.17,4.68,5.04,4.6,False,,14.5,15.47,14.0264,16.7,"{""trend"":{""T1_ema_stack"":{""value"":[true,true,true],""score"":100.0},""T2_ema50_slope"":{""value"":0.0979944521391007,""score"":66.33240868985011},""T3_high_proximity"":{""value"":0.8479532163742689,""score"":23.97660818713443},""T4_rs_1m"":{""value"":-0.013072613366743813,""score"":36.92738663325619},""T5_rs_3m"":{""value"":-0.235507658452474,""score"":0},""T6_adr_healthy"":{""value"":6.52953252222646,""score"":100.0},""_score"":54.25},""geometry"":{""sub_low_similarity"":68.6,""sub_bounce_quality"":80.5,""sub_separation_fit"":33.3,""sub_right_bottom_reaction"":47.2,""sub_base_context"":100.0,""_score"":68.75},""compression"":{""VC1_atr_ratio"":{""value"":0.6879050669610857,""score"":78.02373325972857},""VC2_range_contraction"":{""value"":1.2309510156396648,""score"":0},""VC3_range_pct_rank"":{""score"":31.666666666666664},""_score"":39.13},""sr_quality"":{""SR1_touches"":{""value"":2,""score"":25.0},""SR2_tightness"":{""value"":0.21999999999999975,""score"":58.75294621812732},""SR3_recency"":{""value"":233,""score"":0.0},""SR4_price_location"":{""score"":6.9396437117788325},""SR5_reaction"":{""value"":1.7272203771159196,""score"":86.36101885579598},""_score"":31.0,""_levels_found"":7,""_target_level"":15.4},""volume"":{""V1_rvol_day"":{""value"":0.8995388581983925,""score"":26.635923879892836},""V2_rvol_sameslot"":{""value"":1.2257718676710285,""score"":48.38479117806857,""status"":""ok""},""V3_breakout_bar"":{""value"":0.9661371557995417,""score"":31.075810386636114},""V4_base_dryup"":{""value"":0.8426718288997853,""score"":65.73281711002147},""V5_bo_expansion"":{""value"":0.8995388581983925,""score"":0},""_score"":35.92},""readiness"":{""_distance_atr"":0.909,""BR1_atr_distance"":{""score"":39.37933004785369},""BR2_compression"":{""score"":25.39251866170058},""BR3_retest"":{""score"":50.0},""BR4_bo_age"":{""score"":50.0},""_score"":39.6},""risk"":{""R1_stop_clarity"":{""score"":59.95286050996366},""R2_stop_distance_pct"":{""value"":3.2662068965517195,""score"":100.0},""R3_stop_distance_atr"":{""value"":0.4439682879794294,""score"":47.198414398971465},""R4_rr_potential"":{""value"":4.645270270270283,""score"":100.0},""_score"":78.06},""market"":{""M1_spy_regime"":{""score"":100.0},""M3_earnings_risk"":{""value"":null,""score"":80.0},""M4_vix"":{""value"":null,""score"":60.0},""_score"":84.0},""liquidity"":{""L1_price"":{""value"":14.5,""score"":100.0},""L2_dollar_vol"":{""value"":110876780.230193,""score"":100.0},""L3_spread_proxy"":{""value"":0.07931034482758612,""score"":20.68965517241388},""L4_volume_zscore"":{""value"":-0.4244534323573052,""score"":100.0},""_score"":92.07},""pattern_structure"":{""left_low"":14.24,""left_idx"":30,""right_low"":14.465,""right_idx"":70,""separation_bars"":40,""structural_low"":14.24,""current_price"":14.37,""neckline_distance_pct"":0.07654836464857352,""base_bars"":40},""pattern_geometry_features"":{""low_similarity_pct"":0.015676711374325008,""bounce_pct"":0.08637640449438205,""right_bottom_reaction"":0.47169811320754773,""atr_pct"":0.07356847290640395},""_schema_version"":""1.0""}",,,,,,,,,,
20260505T210937Z-543da1,2026-05-05T21:09:37.858700+00:00,MRVL,ascending_triangle,setup,54.93,100.0,50.1,41.5,39.0,12.1,57.5,32.2,84.0,95.0,15.0,14.03,3.32,5.46,1.45,4.6,1.29,5.04,4.75,False,,168.75,166.82,144.6472,186.79,"{""trend"":{""T1_ema_stack"":{""value"":[true,true,true],""score"":100.0},""T2_ema50_slope"":{""value"":1.0376688712710658,""score"":100},""T3_high_proximity"":{""value"":1.0,""score"":99.99999999999997},""T4_rs_1m"":{""value"":0.44255320922786234,""score"":100},""T5_rs_3m"":{""value"":1.1842587934475794,""score"":100},""T6_adr_healthy"":{""value"":4.8512792391268,""score"":100.0},""_score"":100.0},""geometry"":{""sub_flat_top_quality"":66.7,""sub_hl_slope"":50.3,""sub_compression"":0,""sub_duration"":100.0,""_score"":50.1},""compression"":{""VC1_atr_ratio"":{""value"":0.6708884386535463,""score"":82.27789033661342},""VC2_range_contraction"":{""value"":1.0462226496610734,""score"":0},""VC3_range_pct_rank"":{""score"":34.166666666666664},""_score"":41.45},""sr_quality"":{""SR1_touches"":{""value"":2,""score"":25.0},""SR2_tightness"":{""value"":1.0587499999999963,""score"":75.5487005221007},""SR3_recency"":{""value"":248,""score"":0.0},""SR4_price_location"":{""score"":30.0},""SR5_reaction"":{""value"":1.6918162997665798,""score"":84.59081498832899},""_score"":39.02,""_levels_found"":4,""_target_level"":101.7113},""volume"":{""V1_rvol_day"":{""value"":0.7651852266113334,""score"":17.679015107422224},""V2_rvol_sameslot"":{""value"":0.7040554442333997,""score"":13.603696282226649,""status"":""ok""},""V3_breakout_bar"":{""value"":0.7548210791992007,""score"":16.98807194661338},""V4_base_dryup"":{""value"":1.4222522089396663,""score"":7.774779106033364},""V5_bo_expansion"":{""value"":0.7651852266113334,""score"":0},""_score"":12.06},""readiness"":{""_distance_atr"":-0.223,""BR1_atr_distance"":{""score"":100.0},""BR2_compression"":{""score"":0},""BR3_retest"":{""score"":50.0},""BR4_bo_age"":{""score"":50.0},""_score"":57.5},""risk"":{""R1_stop_clarity"":{""score"":49.12859511221433},""R2_stop_distance_pct"":{""value"":14.283111111111118,""score"":0.0},""R3_stop_distance_atr"":{""value"":2.783204526521557,""score"":100.0},""R4_rr_potential"":{""value"":0.7484623123917388,""score"":0.0},""_score"":32.2},""market"":{""M1_spy_regime"":{""score"":100.0},""M3_earnings_risk"":{""value"":null,""score"":80.0},""M4_vix"":{""value"":null,""score"":60.0},""_score"":84.0},""liquidity"":{""L1_price"":{""value"":168.75,""score"":100.0},""L2_dollar_vol"":{""value"":3626415047.819925,""score"":100.0},""L3_spread_proxy"":{""value"":0.049783703703703594,""score"":50.216296296296406},""L4_volume_zscore"":{""value"":-0.8359217611521255,""score"":100.0},""_score"":95.02},""pattern_structure"":{""top"":166.82,""top_touches"":3,""low_slope_per_bar"":0.22141653905053585,""lowest_low"":146.85,""structural_low"":146.85,""current_price"":169.54,""neckline_distance_pct"":-0.016043411584286887,""base_bars"":38},""pattern_geometry_features"":{""top_touches"":3.0,""low_slope"":0.22141653905053585,""compression"":-0.01614544680238028,""atr_pct"":0.051318941798941815},""_schema_version"":""1.0""}",,,,,,,,,,
20260505T210937Z-543da1,2026-05-05T21:09:37.858700+00:00,SGML,high_tight_pullback,absent,54.75,99.8,40.4,75.7,50.4,14.4,52.9,79.2,84.0,88.2,11.97,14.15,7.57,4.03,2.02,4.76,0.79,5.04,4.41,False,,22.53,23.4643,21.7783,26.6786,"{""trend"":{""T1_ema_stack"":{""value"":[true,true,true],""score"":100.0},""T2_ema50_slope"":{""value"":1.0411105218359284,""score"":100},""T3_high_proximity"":{""value"":0.998227735932654,""score"":99.11386796632698},""T4_rs_1m"":{""value"":0.45432030582588423,""score"":100},""T5_rs_3m"":{""value"":0.8247190271856306,""score"":100},""T6_adr_healthy"":{""value"":8.087338575585965,""score"":97.81653561035087},""_score"":99.76},""geometry"":{""sub_pole_impulse"":23.7,""sub_flag_tightness"":42.3,""sub_flag_shallowness"":27.3,""sub_flag_drift"":48.6,""sub_flag_duration"":100.0,""_score"":40.44},""compression"":{""VC1_atr_ratio"":{""value"":0.36395857458839825,""score"":100},""VC2_range_contraction"":{""value"":0.7674765525885278,""score"":38.753907901912044},""VC3_range_pct_rank"":{""score"":88.33333333333333},""_score"":75.65},""sr_quality"":{""SR1_touches"":{""value"":3,""score"":50.0},""SR2_tightness"":{""value"":0.12970050972229077,""score"":85.88057761948882},""SR3_recency"":{""value"":269,""score"":0.0},""SR4_price_location"":{""score"":30.0},""SR5_reaction"":{""value"":2.6308252367418716,""score"":100},""_score"":50.38,""_levels_found"":5,""_target_level"":16.7833},""volume"":{""V1_rvol_day"":{""value"":0.6660060258124906,""score"":11.067068387499372},""V2_rvol_sameslot"":{""value"":0.5828193855827892,""score"":5.521292372185949,""status"":""ok""},""V3_breakout_bar"":{""value"":0.4677033900100659,""score"":0},""V4_base_dryup"":{""value"":0.9446390397840395,""score"":55.53609602159605},""V5_bo_expansion"":{""value"":0.6660060258124906,""score"":0},""_score"":14.42},""readiness"":{""_distance_atr"":0.509,""BR1_atr_distance"":{""score"":66.09682732844232},""BR2_compression"":{""score"":35.92606958827312},""BR3_retest"":{""score"":50.0},""BR4_bo_age"":{""score"":50.0},""_score"":52.92},""risk"":{""R1_stop_clarity"":{""score"":63.896005940740366},""R2_stop_distance_pct"":{""value"":3.3362183754993406,""score"":100.0},""R3_stop_distance_atr"":{""value"":0.40912961155800653,""score"":45.45648057790033},""R4_rr_potential"":{""value"":5.519324153528895,""score"":100.0},""_score"":79.18},""market"":{""M1_spy_regime"":{""score"":100.0},""M3_earnings_risk"":{""value"":null,""score"":80.0},""M4_vix"":{""value"":null,""score"":60.0},""_score"":84.0},""liquidity"":{""L1_price"":{""value"":22.53,""score"":100.0},""L2_dollar_vol"":{""value"":51539302.205092706,""score"":85.60692671527552},""L3_spread_proxy"":{""value"":0.060110963160230894,""score"":39.889036839769105},""L4_volume_zscore"":{""value"":-0.6269131268438579,""score"":100.0},""_score"":88.23},""pattern_structure"":{""pole_low"":20.25,""pole_low_idx"":29,""peak_price"":23.4643,""peak_idx"":54,""pole_gain"":0.15873086419753094,""flag_bars"":5,""flag_low"":22.11,""flag_high"":23.4,""structural_low"":22.11,""current_price"":22.32,""neckline_distance_pct"":0.05126792114695346,""base_bars"":5},""pattern_geometry_features"":{""pole_gain"":0.15873086419753094,""pullback_pct"":0.05771746866516376,""flag_range_pct"":0.054977135478151876,""flag_drift_per_bar"":-0.01028225806451628,""atr_pct"":0.08154429015281213,""pole_atr_multiple"":1.9465601319242947},""_schema_version"":""1.0""}",,,,,,,,,,
20260505T210937Z-543da1,2026-05-05T21:09:37.858700+00:00,WWD,base_on_base,forming,54.73,45.1,55.0,48.1,71.5,27.1,42.5,70.8,84.0,96.3,8.13,13.75,4.81,7.15,3.25,3.4,3.54,5.88,4.81,False,,365.58,406.9999,333.6983,459.7399,"{""trend"":{""T1_ema_stack"":{""value"":[false,true,true],""score"":66.66666666666666},""T2_ema50_slope"":{""value"":0.08535788900206336,""score"":64.22631483367722},""T3_high_proximity"":{""value"":0.9065840049597024,""score"":53.29200247985116},""T4_rs_1m"":{""value"":-0.1335054175219469,""score"":0},""T5_rs_3m"":{""value"":-0.06471749716196373,""score"":17.641251419018133},""T6_adr_healthy"":{""value"":3.4988787904436895,""score"":100.0},""_score"":45.15},""geometry"":{""sub_shallower_second"":0,""sub_second_base_depth"":100.0,""sub_rim_advance"":100,""sub_dry_up"":0,""sub_second_base_duration"":100.0,""_score"":55.0},""compression"":{""VC1_atr_ratio"":{""value"":0.204177152478561,""score"":100},""VC2_range_contraction"":{""value"":1.1201685266095949,""score"":0},""VC3_range_pct_rank"":{""score"":32.49999999999999},""_score"":48.12},""sr_quality"":{""SR1_touches"":{""value"":5,""score"":100},""SR2_tightness"":{""value"":2.2512494394002656,""score"":70.43212483326528},""SR3_recency"":{""value"":224,""score"":0.0},""SR4_price_location"":{""score"":65.62812805622949},""SR5_reaction"":{""value"":1.9400011445329333,""score"":97.00005722664666},""_score"":71.52,""_levels_found"":7,""_target_level"":373.5556},""volume"":{""V1_rvol_day"":{""value"":0.9143488291717032,""score"":27.62325527811355},""V2_rvol_sameslot"":{""value"":0.9933045051636744,""score"":32.886967010911626,""status"":""ok""},""V3_breakout_bar"":{""value"":1.0046256644791973,""score"":33.64171096527982},""V4_base_dryup"":{""value"":1.1708697611282195,""score"":32.913023887178056},""V5_bo_expansion"":{""value"":0.9143488291717032,""score"":0},""_score"":27.1},""readiness"":{""_distance_atr"":2.72,""BR1_atr_distance"":{""score"":0},""BR2_compression"":{""score"":100},""BR3_retest"":{""score"":50.0},""BR4_bo_age"":{""score"":50.0},""_score"":42.5},""risk"":{""R1_stop_clarity"":{""score"":33.2570311378626},""R2_stop_distance_pct"":{""value"":8.720854532523669,""score"":81.97863668690827},""R3_stop_distance_atr"":{""value"":2.093668762788046,""score"":100.0},""R4_rr_potential"":{""value"":2.9534152821210906,""score"":97.67076410605453},""_score"":70.77},""market"":{""M1_spy_regime"":{""score"":100.0},""M3_earnings_risk"":{""value"":null,""score"":80.0},""M4_vix"":{""value"":null,""score"":60.0},""_score"":84.0},""liquidity"":{""L1_price"":{""value"":365.58,""score"":100.0},""L2_dollar_vol"":{""value"":296249186.2812494,""score"":100.0},""L3_spread_proxy"":{""value"":0.03706439083100829,""score"":62.93560916899171},""L4_volume_zscore"":{""value"":-0.18959173074162647,""score"":100.0},""_score"":96.29},""pattern_structure"":{""first_base_low"":286.36,""first_base_top"":339.1,""first_base_bars"":20,""second_base_low"":338.78,""second_base_top"":406.9999,""second_base_bars"":44,""structural_low"":338.78,""stacking_overlap_pct"":0.0009436744323209967,""current_price"":365.58,""neckline_distance_pct"":0.11329914109086942,""base_bars"":44},""pattern_geometry_features"":{""first_base_depth_pct"":0.15552934237688,""second_base_depth_pct"":0.16761650309987802,""second_dry_up_ratio"":1.4054919705322215,""rim_advance_pct"":0.2002356237098201,""atr_pct"":0.041653458691863425},""_schema_version"":""1.0""}",,,,,,,,,,
20260505T210937Z-543da1,2026-05-05T21:09:37.858700+00:00,AMD,high_tight_pullback,absent,54.5,98.9,48.2,11.5,40.1,40.5,57.2,76.8,84.0,95.9,11.87,16.87,1.15,3.21,5.66,5.15,0.77,5.04,4.79,False,,355.26,362.79,333.6195,415.58,"{""trend"":{""T1_ema_stack"":{""value"":[true,true,true],""score"":100.0},""T2_ema50_slope"":{""value"":0.7805079508153234,""score"":100},""T3_high_proximity"":{""value"":0.9853553003827591,""score"":92.67765019137953},""T4_rs_1m"":{""value"":0.5150960923683026,""score"":100},""T5_rs_3m"":{""value"":0.41769253910878024,""score"":100},""T6_adr_healthy"":{""value"":4.489908143930598,""score"":100.0},""_score"":98.9},""geometry"":{""sub_pole_impulse"":51.6,""sub_flag_tightness"":37.3,""sub_flag_shallowness"":22.0,""sub_flag_drift"":100,""sub_flag_duration"":40.0,""_score"":48.2},""compression"":{""VC1_atr_ratio"":{""value"":1.2428759957403868,""score"":0},""VC2_range_contraction"":{""value"":1.251667797132382,""score"":0},""VC3_range_pct_rank"":{""score"":45.833333333333336},""_score"":11.46},""sr_quality"":{""SR1_touches"":{""value"":2,""score"":25.0},""SR2_tightness"":{""value"":3.2150999999999783,""score"":67.41746763202377},""SR3_recency"":{""value"":287,""score"":0.0},""SR4_price_location"":{""score"":30.0},""SR5_reaction"":{""value"":2.589794984719043,""score"":100},""_score"":40.11,""_levels_found"":3,""_target_level"":263.7449},""volume"":{""V1_rvol_day"":{""value"":1.2667088415872596,""score"":51.113922772483974},""V2_rvol_sameslot"":{""value"":1.5412873393073883,""score"":69.41915595382588,""status"":""ok""},""V3_breakout_bar"":{""value"":1.0790616532425192,""score"":38.604110216167946},""V4_base_dryup"":{""value"":1.2987924229984167,""score"":20.120757700158336},""V5_bo_expansion"":{""value"":1.2667088415872598,""score"":17.780589439150653},""_score"":40.45},""readiness"":{""_distance_atr"":0.382,""BR1_atr_distance"":{""score"":74.56310651500071},""BR2_compression"":{""score"":39.4176766016399},""BR3_retest"":{""score"":50.0},""BR4_bo_age"":{""score"":50.0},""_score"":57.18},""risk"":{""R1_stop_clarity"":{""score"":48.51309268902825},""R2_stop_distance_pct"":{""value"":6.091454146259087,""score"":100.0},""R3_stop_distance_atr"":{""value"":1.0965479949444734,""score"":79.82739974722367},""R4_rr_potential"":{""value"":2.7873662808160606,""score"":89.36831404080303},""_score"":76.83},""market"":{""M1_spy_regime"":{""score"":100.0},""M3_earnings_risk"":{""value"":null,""score"":80.0},""M4_vix"":{""value"":null,""score"":60.0},""_score"":84.0},""liquidity"":{""L1_price"":{""value"":355.26,""score"":100.0},""L2_dollar_vol"":{""value"":18698726030.329205,""score"":100.0},""L3_spread_proxy"":{""value"":0.04135450092889713,""score"":58.64549907110287},""L4_volume_zscore"":{""value"":0.7921923155696322,""score"":100.0},""_score"":95.86},""pattern_structure"":{""pole_low"":310.0,""pole_low_idx"":24,""peak_price"":362.79,""peak_idx"":46,""pole_gain"":0.17029032258064522,""flag_bars"":13,""flag_low"":338.7,""flag_high"":361.96,""structural_low"":338.7,""current_price"":355.477,""neckline_distance_pct"":0.02057235770528064,""base_bars"":13},""pattern_geometry_features"":{""pole_gain"":0.17029032258064522,""pullback_pct"":0.06640205077317465,""flag_range_pct"":0.06411422586069072,""flag_drift_per_bar"":0.002200714242280943,""atr_pct"":0.05555118585181075,""pole_atr_multiple"":3.065466919732631},""_schema_version"":""1.0""}",,,,,,,,,,
20260505T210937Z-543da1,2026-05-05T21:09:37.858700+00:00,TRMB,double_bottom,forming,54.43,44.5,51.3,66.8,50.4,39.0,59.1,46.8,84.0,97.9,6.67,12.82,5.34,7.06,5.06,4.73,2.8,5.04,4.89,True,risk_unclear;reversal_trend_cap,68.37,69.13,65.3646,71.9,"{""trend"":{""T1_ema_stack"":{""value"":[true,false,false],""score"":33.33333333333333},""T2_ema50_slope"":{""value"":-0.007421884748105103,""score"":48.76301920864915},""T3_high_proximity"":{""value"":0.9703377803008801,""score"":85.16889015044005},""T4_rs_1m"":{""value"":-0.04768733965414107,""score"":2.31266034585893},""T5_rs_3m"":{""value"":0.008374556425816637,""score"":54.18727821290832},""T6_adr_healthy"":{""value"":2.332451556751749,""score"":100.0},""_score"":44.45},""geometry"":{""sub_low_similarity"":60.3,""sub_bounce_quality"":16.8,""sub_separation_fit"":0.0,""sub_right_bottom_reaction"":65.6,""sub_base_context"":100.0,""_score"":51.29},""compression"":{""VC1_atr_ratio"":{""value"":0.32513130947472646,""score"":100},""VC2_range_contraction"":{""value"":0.8085967669842343,""score"":31.900538835960944},""VC3_range_pct_rank"":{""score"":62.5},""_score"":66.79},""sr_quality"":{""SR1_touches"":{""value"":3,""score"":50.0},""SR2_tightness"":{""value"":0.09273618495496054,""score"":88.55562969395349},""SR3_recency"":{""value"":272,""score"":0.0},""SR4_price_location"":{""score"":28.529411764706097},""SR5_reaction"":{""value"":2.38382769917875,""score"":100},""_score"":50.42,""_levels_found"":7,""_target_level"":69.18},""volume"":{""V1_rvol_day"":{""value"":1.067938739576107,""score"":37.86258263840714},""V2_rvol_sameslot"":{""value"":1.1511853686796554,""score"":43.412357911977026,""status"":""ok""},""V3_breakout_bar"":{""value"":1.0653009828630404,""score"":37.68673219086936},""V4_base_dryup"":{""value"":0.8703655613349055,""score"":62.96344386650945},""V5_bo_expansion"":{""value"":1.067938739576107,""score"":4.5292493050738045},""_score"":38.95},""readiness"":{""_distance_atr"":0.469,""BR1_atr_distance"":{""score"":68.73668591241022},""BR2_compression"":{""score"":56.549665205402114},""BR3_retest"":{""score"":50.0},""BR4_bo_age"":{""score"":50.0},""_score"":59.13},""risk"":{""R1_stop_clarity"":{""score"":0},""R2_stop_distance_pct"":{""value"":4.395787626151834,""score"":100.0},""R3_stop_distance_atr"":{""value"":1.854449292608758,""score"":100.0},""R4_rr_potential"":{""value"":1.174552472216669,""score"":8.727623610833446},""_score"":46.75},""market"":{""M1_spy_regime"":{""score"":100.0},""M3_earnings_risk"":{""value"":null,""score"":80.0},""M4_vix"":{""value"":null,""score"":60.0},""_score"":84.0},""liquidity"":{""L1_price"":{""value"":68.37,""score"":100.0},""L2_dollar_vol"":{""value"":113385001.1940662,""score"":100.0},""L3_spread_proxy"":{""value"":0.021061869240895096,""score"":78.93813075910491},""L4_volume_zscore"":{""value"":0.4521965965754257,""score"":100.0},""_score"":97.89},""pattern_structure"":{""left_low"":66.36,""left_idx"":26,""right_low"":67.69,""right_idx"":74,""separation_bars"":48,""structural_low"":66.36,""current_price"":68.45,""neckline_distance_pct"":0.009934258582907123,""base_bars"":48},""pattern_geometry_features"":{""low_similarity_pct"":0.019843342036553496,""bounce_pct"":0.04174201326100054,""right_bottom_reaction"":0.6562500000000062,""atr_pct"":0.023704005516203854},""_schema_version"":""1.0""}",,,,,,,,,,
20260505T210937Z-543da1,2026-05-05T21:09:37.858700+00:00,TRMB,ascending_triangle,absent,54.34,44.5,49.7,66.8,50.4,40.4,59.1,46.4,84.0,97.9,6.67,13.9,5.34,7.06,4.84,4.73,1.86,5.04,4.89,True,risk_unclear,68.37,69.13,64.6554,72.62,"{""trend"":{""T1_ema_stack"":{""value"":[true,false,false],""score"":33.33333333333333},""T2_ema50_slope"":{""value"":-0.007421884748105103,""score"":48.76301920864915},""T3_high_proximity"":{""value"":0.9703377803008801,""score"":85.16889015044005},""T4_rs_1m"":{""value"":-0.04768733965414107,""score"":2.31266034585893},""T5_rs_3m"":{""value"":0.008374556425816637,""score"":54.18727821290832},""T6_adr_healthy"":{""value"":2.332451556751749,""score"":100.0},""_score"":44.45},""geometry"":{""sub_flat_top_quality"":66.7,""sub_hl_slope"":22.0,""sub_compression"":32.2,""sub_duration"":100.0,""_score"":49.66},""compression"":{""VC1_atr_ratio"":{""value"":0.32513130947472646,""score"":100},""VC2_range_contraction"":{""value"":0.8085967669842343,""score"":31.900538835960944},""VC3_range_pct_rank"":{""score"":62.5},""_score"":66.79},""sr_quality"":{""SR1_touches"":{""value"":3,""score"":50.0},""SR2_tightness"":{""value"":0.09273618495496054,""score"":88.55562969395349},""SR3_recency"":{""value"":272,""score"":0.0},""SR4_price_location"":{""score"":28.529411764706097},""SR5_reaction"":{""value"":2.38382769917875,""score"":100},""_score"":50.42,""_levels_found"":7,""_target_level"":69.18},""volume"":{""V1_rvol_day"":{""value"":1.067938739576107,""score"":37.86258263840714},""V2_rvol_sameslot"":{""value"":1.1511853686796554,""score"":43.412357911977026,""status"":""ok""},""V3_breakout_bar"":{""value"":1.0653009828630404,""score"":37.68673219086936},""V4_base_dryup"":{""value"":0.8004644164067889,""score"":69.95355835932111},""V5_bo_expansion"":{""value"":1.067938739576107,""score"":4.5292493050738045},""_score"":40.35},""readiness"":{""_distance_atr"":0.469,""BR1_atr_distance"":{""score"":68.73668591241022},""BR2_compression"":{""score"":56.549665205402114},""BR3_retest"":{""score"":50.0},""BR4_bo_age"":{""score"":50.0},""_score"":59.13},""risk"":{""R1_stop_clarity"":{""score"":0},""R2_stop_distance_pct"":{""value"":5.433084686265912,""score"":100.0},""R3_stop_distance_atr"":{""value"":2.2920534179558394,""score"":100.0},""R4_rr_potential"":{""value"":1.1441339578958651,""score"":7.2066978947932565},""_score"":46.44},""market"":{""M1_spy_regime"":{""score"":100.0},""M3_earnings_risk"":{""value"":null,""score"":80.0},""M4_vix"":{""value"":null,""score"":60.0},""_score"":84.0},""liquidity"":{""L1_price"":{""value"":68.37,""score"":100.0},""L2_dollar_vol"":{""value"":113385001.1940662,""score"":100.0},""L3_spread_proxy"":{""value"":0.021061869240895096,""score"":78.93813075910491},""L4_volume_zscore"":{""value"":0.4521965965754257,""score"":100.0},""_score"":97.89},""pattern_structure"":{""top"":69.13,""top_touches"":3,""low_slope_per_bar"":0.0433454176334104,""lowest_low"":65.64,""structural_low"":65.64,""current_price"":68.45,""neckline_distance_pct"":0.009934258582907123,""base_bars"":44},""pattern_geometry_features"":{""top_touches"":3.0,""low_slope"":0.0433454176334104,""compression"":0.1611863062961032,""atr_pct"":0.023704005516203854},""_schema_version"":""1.0""}",,,,,,,,,,
20260505T210937Z-543da1,2026-05-05T21:09:37.858700+00:00,ADSK,double_bottom,forming,54.31,37.4,63.4,62.1,49.4,23.1,65.9,46.2,84.0,97.8,5.61,15.84,4.97,6.92,3.0,5.27,2.77,5.04,4.89,True,risk_unclear;reversal_trend_cap,249.43,250.275,239.1186,257.79,"{""trend"":{""T1_ema_stack"":{""value"":[true,false,false],""score"":33.33333333333333},""T2_ema50_slope"":{""value"":-0.1018765202804338,""score"":33.020579953261034},""T3_high_proximity"":{""value"":0.9443813418143269,""score"":72.19067090716341},""T4_rs_1m"":{""value"":-0.049142321502214426,""score"":0.8576784977855709},""T5_rs_3m"":{""value"":-0.013775123965056979,""score"":43.11243801747151},""T6_adr_healthy"":{""value"":3.4530721923864713,""score"":100.0},""_score"":37.4},""geometry"":{""sub_low_similarity"":82.4,""sub_bounce_quality"":1.4,""sub_separation_fit"":73.3,""sub_right_bottom_reaction"":49.1,""sub_base_context"":100.0,""_score"":63.36},""compression"":{""VC1_atr_ratio"":{""value"":0.503014374839995,""score"":100},""VC2_range_contraction"":{""value"":0.8952629078030703,""score"":17.456182032821623},""VC3_range_pct_rank"":{""score"":64.16666666666666},""_score"":62.15},""sr_quality"":{""SR1_touches"":{""value"":2,""score"":25.0},""SR2_tightness"":{""value"":0.8200000000000074,""score"":79.15418278222639},""SR3_recency"":{""value"":231,""score"":0.0},""SR4_price_location"":{""score"":60.138648180242505},""SR5_reaction"":{""value"":2.898706215612573,""score"":100},""_score"":49.41,""_levels_found"":6,""_target_level"":251.73},""volume"":{""V1_rvol_day"":{""value"":1.1241912132781904,""score"":41.61274755187936},""V2_rvol_sameslot"":{""value"":0.7023843549878092,""score"":13.492290332520609,""status"":""ok""},""V3_breakout_bar"":{""value"":0.6893899652198647,""score"":12.625997681324316},""V4_base_dryup"":{""value"":1.1172922550347133,""score"":38.270774496528674},""V5_bo_expansion"":{""value"":1.1241912132781904,""score"":8.279414218546027},""_score"":23.07},""readiness"":{""_distance_atr"":0.107,""BR1_atr_distance"":{""score"":92.83954652478923},""BR2_compression"":{""score"":44.939394454059645},""BR3_retest"":{""score"":50.0},""BR4_bo_age"":{""score"":50.0},""_score"":65.87},""risk"":{""R1_stop_clarity"":{""score"":7.429318516097311},""R2_stop_distance_pct"":{""value"":4.133985486910163,""score"":100.0},""R3_stop_distance_atr"":{""value"":1.310668046703349,""score"":90.53340233516745},""R4_rr_potential"":{""value"":0.8107531470023467,""score"":0.0},""_score"":46.18},""market"":{""M1_spy_regime"":{""score"":100.0},""M3_earnings_risk"":{""value"":null,""score"":80.0},""M4_vix"":{""value"":null,""score"":60.0},""_score"":84.0},""liquidity"":{""L1_price"":{""value"":249.43,""score"":100.0},""L2_dollar_vol"":{""value"":549118463.3711256,""score"":100.0},""L3_spread_proxy"":{""value"":0.0218397947319889,""score"":78.1602052680111},""L4_volume_zscore"":{""value"":0.4030947702207038,""score"":100.0},""_score"":97.82},""pattern_structure"":{""left_low"":242.76,""left_idx"":68,""right_low"":244.9025,""right_idx"":74,""separation_bars"":6,""structural_low"":242.76,""current_price"":249.76,""neckline_distance_pct"":0.0020619795003203665,""base_bars"":6},""pattern_geometry_features"":{""low_similarity_pct"":0.008786814651526465,""bounce_pct"":0.030956500247157747,""right_bottom_reaction"":0.4909260120986482,""atr_pct"":0.03154105646588508},""_schema_version"":""1.0""}",,,,,,,,,,
20260505T210937Z-543da1,2026-05-05T21:09:37.858700+00:00,GRMN,double_bottom,forming,54.22,62.5,60.8,45.3,40.0,32.6,38.4,52.8,84.0,97.9,9.37,15.21,3.63,5.6,4.24,3.07,3.17,5.04,4.89,True,risk_unclear,234.64,254.655,231.3371,274.45,"{""trend"":{""T1_ema_stack"":{""value"":[false,true,true],""score"":66.66666666666666},""T2_ema50_slope"":{""value"":0.3202860058560041,""score"":100},""T3_high_proximity"":{""value"":0.8770933014354068,""score"":38.54665071770336},""T4_rs_1m"":{""value"":-0.13197005880701362,""score"":0},""T5_rs_3m"":{""value"":0.1164298573446223,""score"":100},""T6_adr_healthy"":{""value"":2.441026967025311,""score"":100.0},""_score"":62.45},""geometry"":{""sub_low_similarity"":49.3,""sub_bounce_quality"":77.5,""sub_separation_fit"":100.0,""sub_right_bottom_reaction"":63.7,""sub_base_context"":30.0,""_score"":60.84},""compression"":{""VC1_atr_ratio"":{""value"":0.6695320932153701,""score"":82.61697669615748},""VC2_range_contraction"":{""value"":1.3585798851542423,""score"":0},""VC3_range_pct_rank"":{""score"":49.16666666666667},""_score"":45.34},""sr_quality"":{""SR1_touches"":{""value"":2,""score"":25.0},""SR2_tightness"":{""value"":0.45000000000000284,""score"":87.18158015042039},""SR3_recency"":{""value"":266,""score"":0.0},""SR4_price_location"":{""score"":17.718400606405076},""SR5_reaction"":{""value"":3.068587285102123,""score"":100},""_score"":40.01,""_levels_found"":5,""_target_level"":256.35},""volume"":{""V1_rvol_day"":{""value"":1.1758615581530047,""score"":45.05743721020032},""V2_rvol_sameslot"":{""value"":0.7877295102565426,""score"":19.18196735043617,""status"":""ok""},""V3_breakout_bar"":{""value"":1.0201931336655152,""score"":34.67954224436768},""V4_base_dryup"":{""value"":1.0324703474808066,""score"":46.75296525191934},""V5_bo_expansion"":{""value"":1.1758615581530045,""score"":11.72410387686697},""_score"":32.63},""readiness"":{""_distance_atr"":2.851,""BR1_atr_distance"":{""score"":0},""BR2_compression"":{""score"":83.65195582824936},""BR3_retest"":{""score"":50.0},""BR4_bo_age"":{""score"":50.0},""_score"":38.41},""risk"":{""R1_stop_clarity"":{""score"":0},""R2_stop_distance_pct"":{""value"":1.40764575519944,""score"":85.191143879986},""R3_stop_distance_atr"":{""value"":0.47042176579084194,""score"":48.52108828954209},""R4_rr_potential"":{""value"":12.053044294408071,""score"":100.0},""_score"":52.84},""market"":{""M1_spy_regime"":{""score"":100.0},""M3_earnings_risk"":{""value"":null,""score"":80.0},""M4_vix"":{""value"":null,""score"":60.0},""_score"":84.0},""liquidity"":{""L1_price"":{""value"":234.64,""score"":100.0},""L2_dollar_vol"":{""value"":220753018.00810552,""score"":100.0},""L3_spread_proxy"":{""value"":0.021394476645073227,""score"":78.60552335492677},""L4_volume_zscore"":{""value"":0.6945659412404328,""score"":100.0},""_score"":97.86},""pattern_structure"":{""left_low"":240.89,""left_idx"":52,""right_low"":234.86,""right_idx"":74,""separation_bars"":22,""structural_low"":234.86,""current_price"":236.26,""neckline_distance_pct"":0.07785913823753497,""base_bars"":22},""pattern_geometry_features"":{""low_similarity_pct"":0.025349448239621535,""bounce_pct"":0.0842842544494592,""right_bottom_reaction"":0.6373165618448645,""atr_pct"":0.02992305751059369},""_schema_version"":""1.0""}",,,,,,,,,,
20260505T210937Z-543da1,2026-05-05T21:09:37.858700+00:00,CRM,double_bottom,forming,54.08,24.3,64.9,62.7,60.6,18.6,62.7,56.7,84.0,96.6,3.64,16.23,5.02,8.49,2.41,5.02,3.4,5.04,4.83,True,risk_unclear;reversal_trend_cap,186.99,190.31,178.0387,199.87,"{""trend"":{""T1_ema_stack"":{""value"":[true,false,false],""score"":33.33333333333333},""T2_ema50_slope"":{""value"":-0.25879007740720594,""score"":6.868320432132343},""T3_high_proximity"":{""value"":0.925189253376874,""score"":62.59462668843696},""T4_rs_1m"":{""value"":-0.08780907785332492,""score"":0},""T5_rs_3m"":{""value"":-0.0974724725706062,""score"":1.2637637146968999},""T6_adr_healthy"":{""value"":3.7179615119326805,""score"":100.0},""_score"":24.29},""geometry"":{""sub_low_similarity"":96.1,""sub_bounce_quality"":32.7,""sub_separation_fit"":93.3,""sub_right_bottom_reaction"":63.7,""sub_base_context"":30.0,""_score"":64.92},""compression"":{""VC1_atr_ratio"":{""value"":0.5730411638940089,""score"":100},""VC2_range_contraction"":{""value"":0.7929355227032767,""score"":34.510746216120545},""VC3_range_pct_rank"":{""score"":42.50000000000001},""_score"":62.7},""sr_quality"":{""SR1_touches"":{""value"":3,""score"":50.0},""SR2_tightness"":{""value"":0.6687301398920199,""score"":82.10266358796903},""SR3_recency"":{""value"":244,""score"":0.0},""SR4_price_location"":{""score"":73.21428571428575},""SR5_reaction"":{""value"":2.272861957496266,""score"":100},""_score"":60.62,""_levels_found"":8,""_target_level"":189.72},""volume"":{""V1_rvol_day"":{""value"":0.7212417052750395,""score"":14.749447018335967},""V2_rvol_sameslot"":{""value"":0.5710825181995037,""score"":4.738834546633583,""status"":""ok""},""V3_breakout_bar"":{""value"":0.663594861071575,""score"":10.906324071438329},""V4_base_dryup"":{""value"":0.9028723248803011,""score"":59.712767511969886},""V5_bo_expansion"":{""value"":0.7212417052750395,""score"":0},""_score"":18.57},""readiness"":{""_distance_atr"":0.444,""BR1_atr_distance"":{""score"":70.38209518638958},""BR2_compression"":{""score"":68.2658853467946},""BR3_retest"":{""score"":50.0},""BR4_bo_age"":{""score"":50.0},""_score"":62.72},""risk"":{""R1_stop_clarity"":{""score"":27.43836347057082},""R2_stop_distance_pct"":{""value"":4.7870206962939275,""score"":100.0},""R3_stop_distance_atr"":{""value"":1.1978189930549608,""score"":84.89094965274803},""R4_rr_potential"":{""value"":1.4389051808406617,""score"":21.945259042033083},""_score"":56.73},""market"":{""M1_spy_regime"":{""score"":100.0},""M3_earnings_risk"":{""value"":null,""score"":80.0},""M4_vix"":{""value"":null,""score"":60.0},""_score"":84.0},""liquidity"":{""L1_price"":{""value"":186.99,""score"":100.0},""L2_dollar_vol"":{""value"":1809475118.079805,""score"":100.0},""L3_spread_proxy"":{""value"":0.033638162468581166,""score"":66.36183753141884},""L4_volume_zscore"":{""value"":-0.9387047424111099,""score"":100.0},""_score"":96.64},""pattern_structure"":{""left_low"":180.75,""left_idx"":43,""right_low"":181.1,""right_idx"":74,""separation_bars"":31,""structural_low"":180.75,""current_price"":187.185,""neckline_distance_pct"":0.016694713785826855,""base_bars"":31},""pattern_geometry_features"":{""low_similarity_pct"":0.0019345032472018477,""bounce_pct"":0.052890733056708175,""right_bottom_reaction"":0.637362637362637,""atr_pct"":0.03996447480002749},""_schema_version"":""1.0""}",,,,,,,,,,
20260505T210937Z-543da1,2026-05-05T21:09:37.858700+00:00,DDOG,inverse_head_shoulders,setup,54.03,84.9,48.3,66.6,32.7,23.9,78.3,29.8,84.0,96.2,10.19,13.53,5.33,4.58,3.34,6.27,1.79,4.2,4.81,False,,145.73,142.6635,126.08,157.327,"{""trend"":{""T1_ema_stack"":{""value"":[true,true,false],""score"":66.66666666666666},""T2_ema50_slope"":{""value"":0.11289682493588996,""score"":68.816137489315},""T3_high_proximity"":{""value"":0.9934555866112209,""score"":96.72779330561043},""T4_rs_1m"":{""value"":0.15249933286953898,""score"":100},""T5_rs_3m"":{""value"":0.1682102779090473,""score"":100},""T6_adr_healthy"":{""value"":5.3284378980448395,""score"":100.0},""_score"":84.94},""geometry"":{""sub_head_depth"":63.7,""sub_shoulder_price_sym"":3.5,""sub_shoulder_time_sym"":0,""sub_right_shoulder_reaction"":97.6,""sub_base_context"":100.0,""_score"":48.31},""compression"":{""VC1_atr_ratio"":{""value"":0.49289165093027065,""score"":100},""VC2_range_contraction"":{""value"":0.801452077414072,""score"":33.091320430988006},""VC3_range_pct_rank"":{""score"":60.0},""_score"":66.58},""sr_quality"":{""SR1_touches"":{""value"":2,""score"":25.0},""SR2_tightness"":{""value"":0.9400000000000119,""score"":71.73691275167751},""SR3_recency"":{""value"":323,""score"":0.0},""SR4_price_location"":{""score"":22.073900777540967},""SR5_reaction"":{""value"":1.1869218791946305,""score"":59.346093959731526},""_score"":32.68,""_levels_found"":7,""_target_level"":151.015},""volume"":{""V1_rvol_day"":{""value"":0.982012329652033,""score"":32.13415531013553},""V2_rvol_sameslot"":{""value"":0.9800282837357831,""score"":32.00188558238554,""status"":""ok""},""V3_breakout_bar"":{""value"":0.7376768539248973,""score"":15.845123594993158},""V4_base_dryup"":{""value"":1.1452259698259089,""score"":35.47740301740912},""V5_bo_expansion"":{""value"":0.982012329652033,""score"":0},""_score"":23.88},""readiness"":{""_distance_atr"":-0.461,""BR1_atr_distance"":{""score"":100.0},""BR2_compression"":{""score"":83.27949689552966},""BR3_retest"":{""score"":50.0},""BR4_bo_age"":{""score"":50.0},""_score"":78.32},""risk"":{""R1_stop_clarity"":{""score"":42.27114093959729},""R2_stop_distance_pct"":{""value"":13.483839978041578,""score"":0.0},""R3_stop_distance_atr"":{""value"":2.954093959731541,""score"":100.0},""R4_rr_potential"":{""value"":0.5901781170483468,""score"":0.0},""_score"":29.79},""market"":{""M1_spy_regime"":{""score"":100.0},""M3_earnings_risk"":{""value"":null,""score"":80.0},""M4_vix"":{""value"":null,""score"":60.0},""_score"":84.0},""liquidity"":{""L1_price"":{""value"":145.73,""score"":100.0},""L2_dollar_vol"":{""value"":719702615.4630979,""score"":100.0},""L3_spread_proxy"":{""value"":0.03774102792836067,""score"":62.25897207163933},""L4_volume_zscore"":{""value"":-0.0654490138954917,""score"":100.0},""_score"":96.23},""pattern_structure"":{""left_shoulder"":128.68,""left_shoulder_idx"":70,""head"":128.0,""head_idx"":76,""right_shoulder"":139.01,""right_shoulder_idx"":88,""left_to_head_bars"":6,""head_to_right_bars"":12,""structural_low"":128.0,""current_price"":146.33,""neckline_distance_pct"":-0.025056379416387706,""base_bars"":18},""pattern_geometry_features"":{""head_depth_pct"":0.04366991669468414,""shoulder_price_asymmetry"":0.0771788262542492,""shoulder_time_asymmetry"":0.5,""right_shoulder_reaction"":0.9761171032357472,""atr_pct"":0.045644587348423235},""_schema_version"":""1.0""}",,,,,,,,,,
20260505T210937Z-543da1,2026-05-05T21:09:37.858700+00:00,ON,bull_flag,absent,53.88,99.7,38.2,15.6,37.2,59.0,41.4,72.3,84.0,83.0,13.96,11.46,1.4,3.73,8.25,3.72,2.17,5.04,4.15,False,,102.67,105.81,97.8351,115.54,"{""trend"":{""T1_ema_stack"":{""value"":[true,true,true],""score"":100.0},""T2_ema50_slope"":{""value"":0.7933294034694982,""score"":100},""T3_high_proximity"":{""value"":0.9965058720760943,""score"":98.25293603804714},""T4_rs_1m"":{""value"":0.5187031012302081,""score"":100},""T5_rs_3m"":{""value"":0.67792165122661,""score"":100},""T6_adr_healthy"":{""value"":4.090231379584576,""score"":100.0},""_score"":99.74},""geometry"":{""sub_pole_impulse"":25.1,""sub_flag_tightness"":42.2,""sub_flag_shallowness"":0,""sub_flag_drift"":75.7,""sub_flag_duration"":87.5,""_score"":38.19},""compression"":{""VC1_atr_ratio"":{""value"":0.8463252107713052,""score"":38.4186973071737},""VC2_range_contraction"":{""value"":1.0840464540189934,""score"":0},""VC3_range_pct_rank"":{""score"":0.8333333333333304},""_score"":15.58},""sr_quality"":{""SR1_touches"":{""value"":2,""score"":25.0},""SR2_tightness"":{""value"":0.8300000000000054,""score"":68.00374482848801},""SR3_recency"":{""value"":269,""score"":0.0},""SR4_price_location"":{""score"":30.0},""SR5_reaction"":{""value"":1.6070408282679487,""score"":80.35204141339743},""_score"":37.25,""_levels_found"":4,""_target_level"":72.93},""volume"":{""V1_rvol_day"":{""value"":1.8859668732985815,""score"":92.39779155323876},""V2_rvol_sameslot"":{""value"":2.3991138983103943,""score"":100,""status"":""ok""},""V3_breakout_bar"":{""value"":1.196390995499106,""score"":46.426066366607074},""V4_base_dryup"":{""value"":1.6814308992769906,""score"":0},""V5_bo_expansion"":{""value"":1.885966873298582,""score"":59.06445821990546},""_score"":58.95},""readiness"":{""_distance_atr"":0.605,""BR1_atr_distance"":{""score"":59.65130873953936},""BR2_compression"":{""score"":0},""BR3_retest"":{""score"":50.0},""BR4_bo_age"":{""score"":50.0},""_score"":41.36},""risk"":{""R1_stop_clarity"":{""score"":42.565758224510795},""R2_stop_distance_pct"":{""value"":4.709140936982562,""score"":100.0},""R3_stop_distance_atr"":{""value"":0.931915025435921,""score"":71.59575127179605},""R4_rr_potential"":{""value"":2.661909563328941,""score"":83.09547816644705},""_score"":72.26},""market"":{""M1_spy_regime"":{""score"":100.0},""M3_earnings_risk"":{""value"":null,""score"":80.0},""M4_vix"":{""value"":null,""score"":60.0},""_score"":84.0},""liquidity"":{""L1_price"":{""value"":102.67,""score"":100.0},""L2_dollar_vol"":{""value"":2287846137.005786,""score"":100.0},""L3_spread_proxy"":{""value"":0.09476965033602809,""score"":5.230349663971907},""L4_volume_zscore"":{""value"":2.1333283795997193,""score"":70.0},""_score"":83.02},""pattern_structure"":{""pole_low"":96.08,""pole_low_idx"":54,""peak_price"":105.81,""peak_idx"":55,""pole_gain"":0.10126977518734392,""flag_bars"":4,""flag_low"":99.325,""flag_high"":103.04,""structural_low"":99.325,""current_price"":100.295,""neckline_distance_pct"":0.05498778603120794,""base_bars"":4},""pattern_geometry_features"":{""pole_gain"":0.10126977518734392,""pullback_pct"":0.06128910310934694,""flag_range_pct"":0.03511010301483795,""flag_drift_per_bar"":-0.004855675756518185,""atr_pct"":0.050531870486579734,""pole_atr_multiple"":2.0040773122427593},""_schema_version"":""1.0""}",,,,,,,,,,
20260505T210937Z-543da1,2026-05-05T21:09:37.858700+00:00,MSFT,cup_with_handle,forming,53.88,61.7,67.4,40.9,33.4,17.6,38.6,65.0,84.0,98.1,8.64,20.23,3.27,4.01,2.29,3.09,3.25,4.2,4.9,True,risk_unclear,411.38,433.7,392.0399,501.1,"{""trend"":{""T1_ema_stack"":{""value"":[true,true,false],""score"":66.66666666666666},""T2_ema50_slope"":{""value"":0.12005841680040978,""score"":70.00973613340163},""T3_high_proximity"":{""value"":0.9502448489328282,""score"":75.12242446641409},""T4_rs_1m"":{""value"":0.004848420771801587,""score"":54.848420771801585},""T5_rs_3m"":{""value"":-0.04924359867714423,""score"":25.378200661427886},""T6_adr_healthy"":{""value"":2.430437147577433,""score"":100.0},""_score"":61.71},""geometry"":{""sub_cup_depth"":79.1,""sub_cup_duration"":100.0,""sub_rim_symmetry"":52.7,""sub_handle_shallowness"":31.4,""sub_handle_proportion"":100.0,""sub_u_shape"":65.3,""_score"":67.44},""compression"":{""VC1_atr_ratio"":{""value"":0.7122985424893343,""score"":71.92536437766641},""VC2_range_contraction"":{""value"":0.9954484216780919,""score"":0.7585963869846853},""VC3_range_pct_rank"":{""score"":47.5},""_score"":40.91},""sr_quality"":{""SR1_touches"":{""value"":2,""score"":25.0},""SR2_tightness"":{""value"":1.8899999999999864,""score"":66.80668658349124},""SR3_recency"":{""value"":226,""score"":0.0},""SR4_price_location"":{""score"":3.449753386504967},""SR5_reaction"":{""value"":2.3797278675177855,""score"":100},""_score"":33.38,""_levels_found"":6,""_target_level"":431.81},""volume"":{""V1_rvol_day"":{""value"":0.7101558669185237,""score"":14.010391127901581},""V2_rvol_sameslot"":{""value"":0.6846311958504447,""score"":12.30874639002965,""status"":""ok""},""V3_breakout_bar"":{""value"":0.7847540882785695,""score"":18.983605885237967},""V4_base_dryup"":{""value"":1.1184492971144215,""score"":38.155070288557845},""V5_bo_expansion"":{""value"":0.7101558669185237,""score"":0},""_score"":17.64},""readiness"":{""_distance_atr"":1.96,""BR1_atr_distance"":{""score"":0},""BR2_compression"":{""score"":84.44304311579015},""BR3_retest"":{""score"":50.0},""BR4_bo_age"":{""score"":50.0},""_score"":38.61},""risk"":{""R1_stop_clarity"":{""score"":0},""R2_stop_distance_pct"":{""value"":4.70128591569838,""score"":100.0},""R3_stop_distance_atr"":{""value"":1.6983165620960212,""score"":100.0},""R4_rr_potential"":{""value"":4.639053988722944,""score"":100.0},""_score"":65.0},""market"":{""M1_spy_regime"":{""score"":100.0},""M3_earnings_risk"":{""value"":null,""score"":80.0},""M4_vix"":{""value"":null,""score"":60.0},""_score"":84.0},""liquidity"":{""L1_price"":{""value"":411.38,""score"":100.0},""L2_dollar_vol"":{""value"":10360633809.553434,""score"":100.0},""L3_spread_proxy"":{""value"":0.019397880305313787,""score"":80.60211969468621},""L4_volume_zscore"":{""value"":-0.9839352870193142,""score"":100.0},""_score"":98.06},""pattern_structure"":{""left_rim"":423.68,""left_rim_idx"":121,""cup_bottom"":356.28,""cup_bottom_idx"":154,""right_rim"":433.7,""right_rim_idx"":170,""handle_low"":398.01,""handle_bars"":9,""cup_bars"":49,""structural_low"":398.01,""current_price"":411.38,""neckline_distance_pct"":0.05425640527006659,""base_bars"":58},""pattern_geometry_features"":{""cup_depth_pct"":0.159082326283988,""rim_symmetry_pct"":0.02364992447129905,""handle_depth_pct"":0.08229190684805164,""handle_to_cup_ratio"":0.1836734693877551,""cup_duration_bars"":49.0,""atr_pct"":0.027682035379176694,""u_shape_score"":0.32653061224489793},""_schema_version"":""1.0""}",,,,,,,,,,
20260505T210937Z-543da1,2026-05-05T21:09:37.858700+00:00,ADSK,ascending_triangle,forming,53.8,37.4,57.1,62.1,49.4,28.1,65.9,43.7,84.0,97.8,5.61,15.98,4.97,6.92,3.37,5.27,1.75,5.04,4.89,True,risk_unclear,249.43,250.275,227.6729,269.41,"{""trend"":{""T1_ema_stack"":{""value"":[true,false,false],""score"":33.33333333333333},""T2_ema50_slope"":{""value"":-0.1018765202804338,""score"":33.020579953261034},""T3_high_proximity"":{""value"":0.9443813418143269,""score"":72.19067090716341},""T4_rs_1m"":{""value"":-0.049142321502214426,""score"":0.8576784977855709},""T5_rs_3m"":{""value"":-0.013775123965056979,""score"":43.11243801747151},""T6_adr_healthy"":{""value"":3.4530721923864713,""score"":100.0},""_score"":37.4},""geometry"":{""sub_flat_top_quality"":66.7,""sub_hl_slope"":60.7,""sub_compression"":15.4,""sub_duration"":100.0,""_score"":57.07},""compression"":{""VC1_atr_ratio"":{""value"":0.503014374839995,""score"":100},""VC2_range_contraction"":{""value"":0.8952629078030703,""score"":17.456182032821623},""VC3_range_pct_rank"":{""score"":64.16666666666666},""_score"":62.15},""sr_quality"":{""SR1_touches"":{""value"":2,""score"":25.0},""SR2_tightness"":{""value"":0.8200000000000074,""score"":79.15418278222639},""SR3_recency"":{""value"":231,""score"":0.0},""SR4_price_location"":{""score"":60.138648180242505},""SR5_reaction"":{""value"":2.898706215612573,""score"":100},""_score"":49.41,""_levels_found"":6,""_target_level"":251.73},""volume"":{""V1_rvol_day"":{""value"":1.1241912132781904,""score"":41.61274755187936},""V2_rvol_sameslot"":{""value"":0.7023843549878092,""score"":13.492290332520609,""status"":""ok""},""V3_breakout_bar"":{""value"":0.6893899652198647,""score"":12.625997681324316},""V4_base_dryup"":{""value"":0.867303665377828,""score"":63.2696334622172},""V5_bo_expansion"":{""value"":1.1241912132781904,""score"":8.279414218546027},""_score"":28.07},""readiness"":{""_distance_atr"":0.107,""BR1_atr_distance"":{""score"":92.83954652478923},""BR2_compression"":{""score"":44.939394454059645},""BR3_retest"":{""score"":50.0},""BR4_bo_age"":{""score"":50.0},""_score"":65.87},""risk"":{""R1_stop_clarity"":{""score"":11.860325761289573},""R2_stop_distance_pct"":{""value"":8.72272781942831,""score"":81.93180451429222},""R3_stop_distance_atr"":{""value"":2.7655154255415777,""score"":100.0},""R4_rr_potential"":{""value"":0.9183209159308908,""score"":0.0},""_score"":43.73},""market"":{""M1_spy_regime"":{""score"":100.0},""M3_earnings_risk"":{""value"":null,""score"":80.0},""M4_vix"":{""value"":null,""score"":60.0},""_score"":84.0},""liquidity"":{""L1_price"":{""value"":249.43,""score"":100.0},""L2_dollar_vol"":{""value"":549118463.3711256,""score"":100.0},""L3_spread_proxy"":{""value"":0.0218397947319889,""score"":78.1602052680111},""L4_volume_zscore"":{""value"":0.4030947702207038,""score"":100.0},""_score"":97.82},""pattern_structure"":{""top"":250.275,""top_touches"":3,""low_slope_per_bar"":0.4207061403508783,""lowest_low"":231.14,""structural_low"":231.14,""current_price"":249.76,""neckline_distance_pct"":0.0020619795003203665,""base_bars"":44},""pattern_geometry_features"":{""top_touches"":3.0,""low_slope"":0.4207061403508783,""compression"":0.07722159706679876,""atr_pct"":0.03154105646588508},""_schema_version"":""1.0""}",,,,,,,,,,
20260505T210937Z-543da1,2026-05-05T21:09:37.858700+00:00,GD,ascending_triangle,forming,53.73,39.8,54.5,51.0,56.5,29.7,64.1,47.0,84.0,98.0,5.96,15.25,4.08,7.91,3.56,5.13,1.88,5.04,4.9,True,risk_unclear,349.16,353.57,330.3986,371.7099,"{""trend"":{""T1_ema_stack"":{""value"":[true,false,true],""score"":66.66666666666666},""T2_ema50_slope"":{""value"":-0.17735269585581726,""score"":20.44121735736379},""T3_high_proximity"":{""value"":0.9536763902545614,""score"":76.83819512728068},""T4_rs_1m"":{""value"":-0.10474817967628292,""score"":0},""T5_rs_3m"":{""value"":-0.06696584165777963,""score"":16.517079171110183},""T6_adr_healthy"":{""value"":2.2409119667148003,""score"":100.0},""_score"":39.76},""geometry"":{""sub_flat_top_quality"":33.3,""sub_hl_slope"":98.3,""sub_compression"":0,""sub_duration"":100.0,""_score"":54.48},""compression"":{""VC1_atr_ratio"":{""value"":0.5935866693460151,""score"":100},""VC2_range_contraction"":{""value"":1.2866567500557977,""score"":0},""VC3_range_pct_rank"":{""score"":44.166666666666664},""_score"":51.04},""sr_quality"":{""SR1_touches"":{""value"":2,""score"":25.0},""SR2_tightness"":{""value"":0.23500000000001364,""score"":95.1260956100044},""SR3_recency"":{""value"":258,""score"":0.0},""SR4_price_location"":{""score"":98.65631531800557},""SR5_reaction"":{""value"":1.344990211451898,""score"":67.2495105725949},""_score"":56.52,""_levels_found"":5,""_target_level"":349.235},""volume"":{""V1_rvol_day"":{""value"":0.7234438486926028,""score"":14.896256579506852},""V2_rvol_sameslot"":{""value"":1.049353284644295,""score"":36.62355230961967,""status"":""ok""},""V3_breakout_bar"":{""value"":1.059044877134706,""score"":37.26965847564707},""V4_base_dryup"":{""value"":0.9968817561943477,""score"":50.31182438056523},""V5_bo_expansion"":{""value"":0.7234438486926028,""score"":0},""_score"":29.68},""readiness"":{""_distance_atr"":0.457,""BR1_atr_distance"":{""score"":69.51217253917847},""BR2_compression"":{""score"":75.32518238927184},""BR3_retest"":{""score"":50.0},""BR4_bo_age"":{""score"":50.0},""_score"":64.14},""risk"":{""R1_stop_clarity"":{""score"":0},""R2_stop_distance_pct"":{""value"":5.373282019704447,""score"":100.0},""R3_stop_distance_atr"":{""value"":1.9455539029381994,""score"":100.0},""R4_rr_potential"":{""value"":1.2019336666657476,""score"":10.096683333287382},""_score"":47.02},""market"":{""M1_spy_regime"":{""score"":100.0},""M3_earnings_risk"":{""value"":null,""score"":80.0},""M4_vix"":{""value"":null,""score"":60.0},""_score"":84.0},""liquidity"":{""L1_price"":{""value"":349.16,""score"":100.0},""L2_dollar_vol"":{""value"":406035101.93034714,""score"":100.0},""L3_spread_proxy"":{""value"":0.020148356054530945,""score"":79.85164394546905},""L4_volume_zscore"":{""value"":-0.8214360281410767,""score"":100.0},""_score"":97.99},""pattern_structure"":{""top"":353.57,""top_touches"":2,""low_slope_per_bar"":0.9894254670426487,""lowest_low"":335.4301,""structural_low"":335.4301,""current_price"":347.9,""neckline_distance_pct"":0.016297786720321977,""base_bars"":41},""pattern_geometry_features"":{""top_touches"":2.0,""low_slope"":0.9894254670426487,""compression"":-0.29745486955769573,""atr_pct"":0.027618263424054452},""_schema_version"":""1.0""}",,,,,,,,,,
20260505T210937Z-543da1,2026-05-05T21:09:37.858700+00:00,TRMB,vcp,absent,53.7,44.5,49.8,66.8,50.4,39.4,31.6,65.0,84.0,97.9,6.67,12.45,8.01,6.05,5.13,2.22,3.25,5.04,4.89,True,risk_unclear,68.37,70.8,64.8524,79.59,"{""trend"":{""T1_ema_stack"":{""value"":[true,false,false],""score"":33.33333333333333},""T2_ema50_slope"":{""value"":-0.007421884748105103,""score"":48.76301920864915},""T3_high_proximity"":{""value"":0.9703377803008801,""score"":85.16889015044005},""T4_rs_1m"":{""value"":-0.04768733965414107,""score"":2.31266034585893},""T5_rs_3m"":{""value"":0.008374556425816637,""score"":54.18727821290832},""T6_adr_healthy"":{""value"":2.332451556751749,""score"":100.0},""_score"":44.45},""geometry"":{""sub_contraction_count"":100.0,""sub_reduction_rate"":14.1,""sub_pivot_tightness"":42.7,""sub_volume_dryup"":9.3,""sub_base_depth"":34.5,""sub_base_duration"":100.0,""_score"":49.78},""compression"":{""VC1_atr_ratio"":{""value"":0.32513130947472646,""score"":100},""VC2_range_contraction"":{""value"":0.8085967669842343,""score"":31.900538835960944},""VC3_range_pct_rank"":{""score"":62.5},""_score"":66.79},""sr_quality"":{""SR1_touches"":{""value"":3,""score"":50.0},""SR2_tightness"":{""value"":0.09273618495496054,""score"":88.55562969395349},""SR3_recency"":{""value"":272,""score"":0.0},""SR4_price_location"":{""score"":28.529411764706097},""SR5_reaction"":{""value"":2.38382769917875,""score"":100},""_score"":50.42,""_levels_found"":7,""_target_level"":69.18},""volume"":{""V1_rvol_day"":{""value"":1.067938739576107,""score"":37.86258263840714},""V2_rvol_sameslot"":{""value"":1.1511853686796554,""score"":43.412357911977026,""status"":""ok""},""V3_breakout_bar"":{""value"":1.0653009828630404,""score"":37.68673219086936},""V4_base_dryup"":{""value"":0.8465318325710861,""score"":65.34681674289139},""V5_bo_expansion"":{""value"":1.067938739576107,""score"":4.5292493050738045},""_score"":39.43},""readiness"":{""_distance_atr"":1.499,""BR1_atr_distance"":{""score"":0.0396667988896553},""BR2_compression"":{""score"":56.549665205402114},""BR3_retest"":{""score"":50.0},""BR4_bo_age"":{""score"":50.0},""_score"":31.65},""risk"":{""R1_stop_clarity"":{""score"":0},""R2_stop_distance_pct"":{""value"":5.144946614011996,""score"":100.0},""R3_stop_distance_atr"":{""value"":2.1704967164705367,""score"":100.0},""R4_rr_potential"":{""value"":3.1896747782579014,""score"":100.0},""_score"":65.0},""market"":{""M1_spy_regime"":{""score"":100.0},""M3_earnings_risk"":{""value"":null,""score"":80.0},""M4_vix"":{""value"":null,""score"":60.0},""_score"":84.0},""liquidity"":{""L1_price"":{""value"":68.37,""score"":100.0},""L2_dollar_vol"":{""value"":113385001.1940662,""score"":100.0},""L3_spread_proxy"":{""value"":0.021061869240895096,""score"":78.93813075910491},""L4_volume_zscore"":{""value"":0.4521965965754257,""score"":100.0},""_score"":97.89},""pattern_structure"":{""n_contractions"":5,""contractions_pct"":[11.68,6.83,6.08,8.8,7.01],""descending_strict"":false,""final_low"":65.84,""final_pivot"":70.8,""structural_low"":65.84,""dry_up_ratio"":0.9534698054240609,""current_price"":68.37,""neckline_distance_pct"":0.035541904344010423,""base_bars"":61,""recent_base_height"":8.79},""pattern_geometry_features"":{""contraction_count"":5.0,""first_contraction_pct"":0.11679644048943268,""last_contraction_pct"":0.07005649717514116,""dry_up_ratio"":0.9534698054240609,""near_monotone"":0.0,""base_depth_pct"":0.08453837597330364},""_schema_version"":""1.0""}",,,,,,,,,,
20260505T210937Z-543da1,2026-05-05T21:09:37.858700+00:00,TXN,bull_flag,absent,53.49,99.7,47.3,11.9,49.5,17.5,56.4,62.1,84.0,97.5,13.95,14.2,1.07,4.95,2.45,5.08,1.86,5.04,4.88,True,risk_unclear,281.0,283.79,271.4463,303.345,"{""trend"":{""T1_ema_stack"":{""value"":[true,true,true],""score"":100.0},""T2_ema50_slope"":{""value"":0.5485753806559831,""score"":100},""T3_high_proximity"":{""value"":0.9956418523898947,""score"":97.8209261949473},""T4_rs_1m"":{""value"":0.31068439573209794,""score"":100},""T5_rs_3m"":{""value"":0.198067333417987,""score"":100},""T6_adr_healthy"":{""value"":2.9882777548746775,""score"":100.0},""_score"":99.67},""geometry"":{""sub_pole_impulse"":22.8,""sub_flag_tightness"":45.1,""sub_flag_shallowness"":21.8,""sub_flag_drift"":99.1,""sub_flag_duration"":100.0,""_score"":47.34},""compression"":{""VC1_atr_ratio"":{""value"":1.1986504218110066,""score"":0},""VC2_range_contraction"":{""value"":1.4700231488385147,""score"":0},""VC3_range_pct_rank"":{""score"":47.5},""_score"":11.88},""sr_quality"":{""SR1_touches"":{""value"":4,""score"":75.0},""SR2_tightness"":{""value"":2.6941881894181074,""score"":50.478415709028525},""SR3_recency"":{""value"":270,""score"":0.0},""SR4_price_location"":{""score"":30.0},""SR5_reaction"":{""value"":1.595116853243669,""score"":79.75584266218345},""_score"":49.54,""_levels_found"":5,""_target_level"":228.58},""volume"":{""V1_rvol_day"":{""value"":0.8872022036513827,""score"":25.813480243425513},""V2_rvol_sameslot"":{""value"":0.8201594157283968,""score"":21.343961048559787,""status"":""ok""},""V3_breakout_bar"":{""value"":0.985659052137549,""score"":32.377270142503264},""V4_base_dryup"":{""value"":1.8541895464671705,""score"":0},""V5_bo_expansion"":{""value"":0.8872022036513829,""score"":0},""_score"":17.53},""readiness"":{""_distance_atr"":0.256,""BR1_atr_distance"":{""score"":82.90576969660356},""BR2_compression"":{""score"":23.031381280740636},""BR3_retest"":{""score"":50.0},""BR4_bo_age"":{""score"":50.0},""_score"":56.42},""risk"":{""R1_stop_clarity"":{""score"":24.018903435323708},""R2_stop_distance_pct"":{""value"":3.399893238434161,""score"":100.0},""R3_stop_distance_atr"":{""value"":0.8780276776857918,""score"":68.90138388428959},""R4_rr_potential"":{""value"":2.3388844112752176,""score"":66.94422056376088},""_score"":62.13},""market"":{""M1_spy_regime"":{""score"":100.0},""M3_earnings_risk"":{""value"":null,""score"":80.0},""M4_vix"":{""value"":null,""score"":60.0},""_score"":84.0},""liquidity"":{""L1_price"":{""value"":281.0,""score"":100.0},""L2_dollar_vol"":{""value"":2045883557.713675,""score"":100.0},""L3_spread_proxy"":{""value"":0.024608540925266976,""score"":75.39145907473302},""L4_volume_zscore"":{""value"":-0.1904935305825222,""score"":100.0},""_score"":97.54},""pattern_structure"":{""pole_low"":264.235,""pole_low_idx"":25,""peak_price"":283.79,""peak_idx"":48,""pole_gain"":0.07400609306110094,""flag_bars"":11,""flag_low"":275.58,""flag_high"":282.495,""structural_low"":275.58,""current_price"":279.665,""neckline_distance_pct"":0.014749789927234368,""base_bars"":11},""pattern_geometry_features"":{""pole_gain"":0.07400609306110094,""pullback_pct"":0.02892984248916465,""flag_range_pct"":0.024366609112371894,""flag_drift_per_bar"":-0.0001854491493881548,""atr_pct"":0.03872193695983734,""pole_atr_multiple"":1.9112187785921084},""_schema_version"":""1.0""}",,,,,,,,,,
20260505T210937Z-543da1,2026-05-05T21:09:37.858700+00:00,MSFT,inverse_head_shoulders,forming,53.39,61.7,69.0,40.9,33.4,20.8,38.6,60.3,84.0,98.1,7.41,19.32,3.27,4.67,2.91,3.09,3.62,4.2,4.9,True,risk_unclear,411.38,429.19,392.0399,460.37,"{""trend"":{""T1_ema_stack"":{""value"":[true,true,false],""score"":66.66666666666666},""T2_ema50_slope"":{""value"":0.12005841680040978,""score"":70.00973613340163},""T3_high_proximity"":{""value"":0.9502448489328282,""score"":75.12242446641409},""T4_rs_1m"":{""value"":0.004848420771801587,""score"":54.848420771801585},""T5_rs_3m"":{""value"":-0.04924359867714423,""score"":25.378200661427886},""T6_adr_healthy"":{""value"":2.430437147577433,""score"":100.0},""_score"":61.71},""geometry"":{""sub_head_depth"":64.0,""sub_shoulder_price_sym"":66.7,""sub_shoulder_time_sym"":20.0,""sub_right_shoulder_reaction"":91.0,""sub_base_context"":100.0,""_score"":69.01},""compression"":{""VC1_atr_ratio"":{""value"":0.7122985424893343,""score"":71.92536437766641},""VC2_range_contraction"":{""value"":0.9954484216780919,""score"":0.7585963869846853},""VC3_range_pct_rank"":{""score"":47.5},""_score"":40.91},""sr_quality"":{""SR1_touches"":{""value"":2,""score"":25.0},""SR2_tightness"":{""value"":1.8899999999999864,""score"":66.80668658349124},""SR3_recency"":{""value"":226,""score"":0.0},""SR4_price_location"":{""score"":3.449753386504967},""SR5_reaction"":{""value"":2.3797278675177855,""score"":100},""_score"":33.38,""_levels_found"":6,""_target_level"":431.81},""volume"":{""V1_rvol_day"":{""value"":0.7101558669185237,""score"":14.010391127901581},""V2_rvol_sameslot"":{""value"":0.6846311958504447,""score"":12.30874639002965,""status"":""ok""},""V3_breakout_bar"":{""value"":0.7847540882785695,""score"":18.983605885237967},""V4_base_dryup"":{""value"":0.9631123534341469,""score"":53.688764656585306},""V5_bo_expansion"":{""value"":0.7101558669185237,""score"":0},""_score"":20.75},""readiness"":{""_distance_atr"":1.564,""BR1_atr_distance"":{""score"":0},""BR2_compression"":{""score"":84.44304311579015},""BR3_retest"":{""score"":50.0},""BR4_bo_age"":{""score"":50.0},""_score"":38.61},""risk"":{""R1_stop_clarity"":{""score"":0},""R2_stop_distance_pct"":{""value"":4.70128591569838,""score"":100.0},""R3_stop_distance_atr"":{""value"":1.6983165620960212,""score"":100.0},""R4_rr_potential"":{""value"":2.5330723908552946,""score"":76.65361954276473},""_score"":60.33},""market"":{""M1_spy_regime"":{""score"":100.0},""M3_earnings_risk"":{""value"":null,""score"":80.0},""M4_vix"":{""value"":null,""score"":60.0},""_score"":84.0},""liquidity"":{""L1_price"":{""value"":411.38,""score"":100.0},""L2_dollar_vol"":{""value"":10360633809.553434,""score"":100.0},""L3_spread_proxy"":{""value"":0.019397880305313787,""score"":80.60211969468621},""L4_volume_zscore"":{""value"":-0.9839352870193142,""score"":100.0},""_score"":98.06},""pattern_structure"":{""left_shoulder"":421.9,""left_shoulder_idx"":64,""head"":398.01,""head_idx"":79,""right_shoulder"":410.8,""right_shoulder_idx"":88,""left_to_head_bars"":15,""head_to_right_bars"":9,""structural_low"":398.01,""current_price"":412.6,""neckline_distance_pct"":0.04020843431895292,""base_bars"":24},""pattern_geometry_features"":{""head_depth_pct"":0.04404947760297834,""shoulder_price_asymmetry"":0.026660261798967133,""shoulder_time_asymmetry"":0.4,""right_shoulder_reaction"":0.909819639278559,""atr_pct"":0.027682035379176694},""_schema_version"":""1.0""}",,,,,,,,,,
20260505T210937Z-543da1,2026-05-05T21:09:37.858700+00:00,PANW,ascending_triangle,absent,53.35,80.8,28.1,66.1,57.5,27.3,58.5,55.0,84.0,96.9,12.12,7.87,5.29,8.04,3.27,4.68,2.2,5.04,4.84,True,risk_unclear,183.98,187.27,170.5134,201.43,"{""trend"":{""T1_ema_stack"":{""value"":[true,true,false],""score"":66.66666666666666},""T2_ema50_slope"":{""value"":0.15199198132734407,""score"":75.33199688789068},""T3_high_proximity"":{""value"":0.9968573905504984,""score"":98.42869527524917},""T4_rs_1m"":{""value"":0.037627684093291425,""score"":87.62768409329142},""T5_rs_3m"":{""value"":0.05705617300772037,""score"":78.52808650386018},""T6_adr_healthy"":{""value"":3.9700246411459665,""score"":100.0},""_score"":80.8},""geometry"":{""sub_flat_top_quality"":33.3,""sub_hl_slope"":10.4,""sub_compression"":0,""sub_duration"":100.0,""_score"":28.11},""compression"":{""VC1_atr_ratio"":{""value"":0.4699790147198491,""score"":100},""VC2_range_contraction"":{""value"":0.7673848767363836,""score"":38.76918721060274},""VC3_range_pct_rank"":{""score"":50.0},""_score"":66.07},""sr_quality"":{""SR1_touches"":{""value"":3,""score"":50.0},""SR2_tightness"":{""value"":1.150815943387801,""score"":64.5337665347439},""SR3_recency"":{""value"":226,""score"":0.0},""SR4_price_location"":{""score"":88.3301778329433},""SR5_reaction"":{""value"":1.4268889989543785,""score"":71.34444994771893},""_score"":57.46,""_levels_found"":7,""_target_level"":184.6601},""volume"":{""V1_rvol_day"":{""value"":0.711638023929294,""score"":14.109201595286267},""V2_rvol_sameslot"":{""value"":0.5571590157253198,""score"":3.8106010483546524,""status"":""ok""},""V3_breakout_bar"":{""value"":0.8146382582179997,""score"":20.975883881199984},""V4_base_dryup"":{""value"":0.5767557493004564,""score"":92.32442506995436},""V5_bo_expansion"":{""value"":0.711638023929294,""score"":0},""_score"":27.29},""readiness"":{""_distance_atr"":0.507,""BR1_atr_distance"":{""score"":66.20255718819342},""BR2_compression"":{""score"":57.92543994530885},""BR3_retest"":{""score"":50.0},""BR4_bo_age"":{""score"":50.0},""_score"":58.46},""risk"":{""R1_stop_clarity"":{""score"":19.97556546144918},""R2_stop_distance_pct"":{""value"":7.319627133384057,""score"":100.0},""R3_stop_distance_atr"":{""value"":2.0750987837763457,""score"":100.0},""R4_rr_potential"":{""value"":1.2957936829129764,""score"":14.789684145648819},""_score"":54.95},""market"":{""M1_spy_regime"":{""score"":100.0},""M3_earnings_risk"":{""value"":null,""score"":80.0},""M4_vix"":{""value"":null,""score"":60.0},""_score"":84.0},""liquidity"":{""L1_price"":{""value"":183.98,""score"":100.0},""L2_dollar_vol"":{""value"":946703056.220546,""score"":100.0},""L3_spread_proxy"":{""value"":0.03109033590607674,""score"":68.90966409392325},""L4_volume_zscore"":{""value"":-0.7487924119874488,""score"":100.0},""_score"":96.89},""pattern_structure"":{""top"":187.27,""top_touches"":2,""low_slope_per_bar"":0.054153112313937,""lowest_low"":173.11,""structural_low"":173.11,""current_price"":184.36,""neckline_distance_pct"":0.01578433499674548,""base_bars"":29},""pattern_geometry_features"":{""top_touches"":2.0,""low_slope"":0.054153112313937,""compression"":-0.06707942867642669,""atr_pct"":0.03527363222710542},""_schema_version"":""1.0""}",,,,,,,,,,
20260505T210937Z-543da1,2026-05-05T21:09:37.858700+00:00,SIRI,vcp,absent,53.3,91.6,36.0,46.2,49.1,24.3,35.8,71.5,84.0,96.7,13.74,9.01,5.55,5.89,3.16,2.51,3.57,5.04,4.83,False,,26.4,28.77,25.6395,35.6,"{""trend"":{""T1_ema_stack"":{""value"":[true,true,true],""score"":100.0},""T2_ema50_slope"":{""value"":0.4447654901622664,""score"":100},""T3_high_proximity"":{""value"":0.9408410548823949,""score"":70.42052744119742},""T4_rs_1m"":{""value"":0.030285518595069894,""score"":80.2855185950699},""T5_rs_3m"":{""value"":0.26051668452265764,""score"":100},""T6_adr_healthy"":{""value"":3.80216802844343,""score"":100.0},""_score"":91.62},""geometry"":{""sub_contraction_count"":100.0,""sub_reduction_rate"":0,""sub_pivot_tightness"":6.9,""sub_volume_dryup"":0,""sub_base_depth"":0.0,""sub_base_duration"":100.0,""_score"":36.03},""compression"":{""VC1_atr_ratio"":{""value"":0.5311408787384594,""score"":100},""VC2_range_contraction"":{""value"":1.6777238390556408,""score"":0},""VC3_range_pct_rank"":{""score"":25.0},""_score"":46.25},""sr_quality"":{""SR1_touches"":{""value"":4,""score"":75.0},""SR2_tightness"":{""value"":0.26432401990738585,""score"":57.76848754689412},""SR3_recency"":{""value"":239,""score"":0.0},""SR4_price_location"":{""score"":30.0},""SR5_reaction"":{""value"":1.3861398002853071,""score"":69.30699001426535},""_score"":49.06,""_levels_found"":4,""_target_level"":23.1438},""volume"":{""V1_rvol_day"":{""value"":0.7263746194725584,""score"":15.091641298170563},""V2_rvol_sameslot"":{""value"":0.6359454286347942,""score"":9.063028575652947,""status"":""ok""},""V3_breakout_bar"":{""value"":1.0369726948626898,""score"":35.798179657512655},""V4_base_dryup"":{""value"":0.9731825658180977,""score"":52.68174341819023},""V5_bo_expansion"":{""value"":0.7263746194725583,""score"":0},""_score"":24.32},""readiness"":{""_distance_atr"":1.893,""BR1_atr_distance"":{""score"":0},""BR2_compression"":{""score"":73.27875895434599},""BR3_retest"":{""score"":50.0},""BR4_bo_age"":{""score"":50.0},""_score"":35.82},""risk"":{""R1_stop_clarity"":{""score"":37.61711840228222},""R2_stop_distance_pct"":{""value"":2.8804924242424197,""score"":100.0},""R3_stop_distance_atr"":{""value"":0.6074921540656197,""score"":55.37460770328099},""R4_rr_potential"":{""value"":12.098099809323442,""score"":100.0},""_score"":71.47},""market"":{""M1_spy_regime"":{""score"":100.0},""M3_earnings_risk"":{""value"":null,""score"":80.0},""M4_vix"":{""value"":null,""score"":60.0},""_score"":84.0},""liquidity"":{""L1_price"":{""value"":26.4,""score"":100.0},""L2_dollar_vol"":{""value"":123228797.98999439,""score"":100.0},""L3_spread_proxy"":{""value"":0.033522727272727336,""score"":66.47727272727266},""L4_volume_zscore"":{""value"":-0.512474253439092,""score"":100.0},""_score"":96.65},""pattern_structure"":{""n_contractions"":5,""contractions_pct"":[6.71,6.93,4.53,4.54,9.52],""descending_strict"":false,""final_low"":26.03,""final_pivot"":28.77,""structural_low"":26.03,""dry_up_ratio"":1.6691214158153367,""current_price"":26.4,""neckline_distance_pct"":0.08977272727272731,""base_bars"":49,""recent_base_height"":6.829999999999998},""pattern_geometry_features"":{""contraction_count"":5.0,""first_contraction_pct"":0.06711864406779658,""last_contraction_pct"":0.09523809523809519,""dry_up_ratio"":1.6691214158153367,""near_monotone"":0.0,""base_depth_pct"":-0.176497175141243},""_schema_version"":""1.0""}",,,,,,,,,,
20260505T210937Z-543da1,2026-05-05T21:09:37.858700+00:00,UEC,cup_with_handle,forming,53.21,54.2,60.4,39.1,31.0,35.9,61.1,45.8,84.0,92.1,7.6,18.12,3.13,3.72,4.66,4.89,2.29,4.2,4.6,False,,14.5,14.61,12.7755,17.565,"{""trend"":{""T1_ema_stack"":{""value"":[true,true,true],""score"":100.0},""T2_ema50_slope"":{""value"":0.0979944521391007,""score"":66.33240868985011},""T3_high_proximity"":{""value"":0.8479532163742689,""score"":23.97660818713443},""T4_rs_1m"":{""value"":-0.013072613366743813,""score"":36.92738663325619},""T5_rs_3m"":{""value"":-0.235507658452474,""score"":0},""T6_adr_healthy"":{""value"":6.52953252222646,""score"":100.0},""_score"":54.25},""geometry"":{""sub_cup_depth"":100.0,""sub_cup_duration"":84.0,""sub_rim_symmetry"":67.3,""sub_handle_shallowness"":6.5,""sub_handle_proportion"":94.8,""sub_u_shape"":23.8,""_score"":60.41},""compression"":{""VC1_atr_ratio"":{""value"":0.6879050669610857,""score"":78.02373325972857},""VC2_range_contraction"":{""value"":1.2309510156396648,""score"":0},""VC3_range_pct_rank"":{""score"":31.666666666666664},""_score"":39.13},""sr_quality"":{""SR1_touches"":{""value"":2,""score"":25.0},""SR2_tightness"":{""value"":0.21999999999999975,""score"":58.75294621812732},""SR3_recency"":{""value"":233,""score"":0.0},""SR4_price_location"":{""score"":6.9396437117788325},""SR5_reaction"":{""value"":1.7272203771159196,""score"":86.36101885579598},""_score"":31.0,""_levels_found"":7,""_target_level"":15.4},""volume"":{""V1_rvol_day"":{""value"":0.8995388581983925,""score"":26.635923879892836},""V2_rvol_sameslot"":{""value"":1.2257718676710285,""score"":48.38479117806857,""status"":""ok""},""V3_breakout_bar"":{""value"":0.9661371557995417,""score"":31.075810386636114},""V4_base_dryup"":{""value"":0.8448418844271678,""score"":65.51581155728323},""V5_bo_expansion"":{""value"":0.8995388581983925,""score"":0},""_score"":35.88},""readiness"":{""_distance_atr"":0.103,""BR1_atr_distance"":{""score"":93.12549103635459},""BR2_compression"":{""score"":25.39251866170058},""BR3_retest"":{""score"":50.0},""BR4_bo_age"":{""score"":50.0},""_score"":61.1},""risk"":{""R1_stop_clarity"":{""score"":63.52448039425764},""R2_stop_distance_pct"":{""value"":11.893448275862061,""score"":2.663793103448464},""R3_stop_distance_atr"":{""value"":1.6166501499892854,""score"":100.0},""R4_rr_potential"":{""value"":1.7772752312197382,""score"":38.86376156098691},""_score"":45.81},""market"":{""M1_spy_regime"":{""score"":100.0},""M3_earnings_risk"":{""value"":null,""score"":80.0},""M4_vix"":{""value"":null,""score"":60.0},""_score"":84.0},""liquidity"":{""L1_price"":{""value"":14.5,""score"":100.0},""L2_dollar_vol"":{""value"":110876780.230193,""score"":100.0},""L3_spread_proxy"":{""value"":0.07931034482758612,""score"":20.68965517241388},""L4_volume_zscore"":{""value"":-0.4244534323573052,""score"":100.0},""_score"":92.07},""pattern_structure"":{""left_rim"":14.375,""left_rim_idx"":76,""cup_bottom"":11.42,""cup_bottom_idx"":86,""right_rim"":14.61,""right_rim_idx"":160,""handle_low"":12.97,""handle_bars"":19,""cup_bars"":84,""structural_low"":12.97,""current_price"":14.5,""neckline_distance_pct"":0.007586206896551685,""base_bars"":103},""pattern_geometry_features"":{""cup_depth_pct"":0.20556521739130434,""rim_symmetry_pct"":0.016347826086956483,""handle_depth_pct"":0.11225188227241607,""handle_to_cup_ratio"":0.2261904761904762,""cup_duration_bars"":84.0,""atr_pct"":0.07356847290640395,""u_shape_score"":0.11904761904761904},""_schema_version"":""1.0""}",,,,,,,,,,
20260505T210937Z-543da1,2026-05-05T21:09:37.858700+00:00,NOK,ascending_triangle,forming,53.19,100.0,55.0,15.6,34.8,10.7,53.5,33.5,84.0,94.4,15.0,15.4,1.25,4.88,1.28,4.28,1.34,5.04,4.72,True,stop_too_wide,13.42,13.98,10.3031,17.5,"{""trend"":{""T1_ema_stack"":{""value"":[true,true,true],""score"":100.0},""T2_ema50_slope"":{""value"":0.6596366243084824,""score"":100},""T3_high_proximity"":{""value"":1.0,""score"":99.99999999999997},""T4_rs_1m"":{""value"":0.41115935015278615,""score"":100},""T5_rs_3m"":{""value"":0.9563220604958333,""score"":100},""T6_adr_healthy"":{""value"":5.185395339861868,""score"":100.0},""_score"":100.0},""geometry"":{""sub_flat_top_quality"":33.3,""sub_hl_slope"":100,""sub_compression"":0,""sub_duration"":100.0,""_score"":54.99},""compression"":{""VC1_atr_ratio"":{""value"":0.8792730859040744,""score"":30.181728523981405},""VC2_range_contraction"":{""value"":1.518837668653832,""score"":0},""VC3_range_pct_rank"":{""score"":14.166666666666671},""_score"":15.61},""sr_quality"":{""SR1_touches"":{""value"":2,""score"":25.0},""SR2_tightness"":{""value"":0.08250000000000046,""score"":76.19219392540208},""SR3_recency"":{""value"":249,""score"":0.0},""SR4_price_location"":{""score"":30.0},""SR5_reaction"":{""value"":1.1218526801818047,""score"":56.09263400909023},""_score"":34.84,""_levels_found"":5,""_target_level"":8.4525},""volume"":{""V1_rvol_day"":{""value"":0.8394184802720251,""score"":22.627898684801675},""V2_rvol_sameslot"":{""value"":0.9098680643348122,""score"":27.32453762232081,""status"":""ok""},""V3_breakout_bar"":{""value"":0.5411006574060133,""score"":2.740043827067555},""V4_base_dryup"":{""value"":2.6236453353348272,""score"":0},""V5_bo_expansion"":{""value"":0.8394184802720251,""score"":0},""_score"":10.68},""readiness"":{""_distance_atr"":0.808,""BR1_atr_distance"":{""score"":46.13183272010192},""BR2_compression"":{""score"":70.2538867336376},""BR3_retest"":{""score"":50.0},""BR4_bo_age"":{""score"":50.0},""_score"":53.52},""risk"":{""R1_stop_clarity"":{""score"":54.72188153812849},""R2_stop_distance_pct"":{""value"":23.225782414307,""score"":0.0},""R3_stop_distance_atr"":{""value"":4.4973667123584145,""score"":75.13166438207928},""R4_rr_potential"":{""value"":1.3089929096217399,""score"":15.449645481086993},""_score"":33.51},""market"":{""M1_spy_regime"":{""score"":100.0},""M3_earnings_risk"":{""value"":null,""score"":80.0},""M4_vix"":{""value"":null,""score"":60.0},""_score"":84.0},""liquidity"":{""L1_price"":{""value"":13.42,""score"":100.0},""L2_dollar_vol"":{""value"":1244245890.120735,""score"":100.0},""L3_spread_proxy"":{""value"":0.05588673621460507,""score"":44.11326378539493},""L4_volume_zscore"":{""value"":-0.4795589542549532,""score"":100.0},""_score"":94.41},""pattern_structure"":{""top"":13.98,""top_touches"":2,""low_slope_per_bar"":0.0629783468665417,""lowest_low"":10.46,""structural_low"":10.46,""current_price"":13.505,""neckline_distance_pct"":0.03517215845982966,""base_bars"":53},""pattern_geometry_features"":{""top_touches"":2.0,""low_slope"":0.0629783468665417,""compression"":-0.49182166557622176,""atr_pct"":0.051643070044709395},""_schema_version"":""1.0""}",,,,,,,,,,
20260505T210937Z-543da1,2026-05-05T21:09:37.858700+00:00,UEC,ascending_triangle,forming,53.17,54.2,63.4,39.1,31.0,35.3,39.6,69.2,84.0,92.1,8.14,17.74,3.13,4.34,4.24,3.17,2.77,5.04,4.6,False,,14.5,15.47,13.1694,17.57,"{""trend"":{""T1_ema_stack"":{""value"":[true,true,true],""score"":100.0},""T2_ema50_slope"":{""value"":0.0979944521391007,""score"":66.33240868985011},""T3_high_proximity"":{""value"":0.8479532163742689,""score"":23.97660818713443},""T4_rs_1m"":{""value"":-0.013072613366743813,""score"":36.92738663325619},""T5_rs_3m"":{""value"":-0.235507658452474,""score"":0},""T6_adr_healthy"":{""value"":6.52953252222646,""score"":100.0},""_score"":54.25},""geometry"":{""sub_flat_top_quality"":100,""sub_hl_slope"":40.2,""sub_compression"":25.2,""sub_duration"":100.0,""_score"":63.36},""compression"":{""VC1_atr_ratio"":{""value"":0.6879050669610857,""score"":78.02373325972857},""VC2_range_contraction"":{""value"":1.2309510156396648,""score"":0},""VC3_range_pct_rank"":{""score"":31.666666666666664},""_score"":39.13},""sr_quality"":{""SR1_touches"":{""value"":2,""score"":25.0},""SR2_tightness"":{""value"":0.21999999999999975,""score"":58.75294621812732},""SR3_recency"":{""value"":233,""score"":0.0},""SR4_price_location"":{""score"":6.9396437117788325},""SR5_reaction"":{""value"":1.7272203771159196,""score"":86.36101885579598},""_score"":31.0,""_levels_found"":7,""_target_level"":15.4},""volume"":{""V1_rvol_day"":{""value"":0.8995388581983925,""score"":26.635923879892836},""V2_rvol_sameslot"":{""value"":1.2257718676710285,""score"":48.38479117806857,""status"":""ok""},""V3_breakout_bar"":{""value"":0.9661371557995417,""score"":31.075810386636114},""V4_base_dryup"":{""value"":0.8725406401828586,""score"":62.74593598171414},""V5_bo_expansion"":{""value"":0.8995388581983925,""score"":0},""_score"":35.32},""readiness"":{""_distance_atr"":0.909,""BR1_atr_distance"":{""score"":39.37933004785369},""BR2_compression"":{""score"":25.39251866170058},""BR3_retest"":{""score"":50.0},""BR4_bo_age"":{""score"":50.0},""_score"":39.6},""risk"":{""R1_stop_clarity"":{""score"":62.39956074566106},""R2_stop_distance_pct"":{""value"":9.176206896551728,""score"":70.5948275862068},""R3_stop_distance_atr"":{""value"":1.2473015320334266,""score"":87.36507660167133},""R4_rr_potential"":{""value"":2.3073165232422674,""score"":65.36582616211336},""_score"":69.2},""market"":{""M1_spy_regime"":{""score"":100.0},""M3_earnings_risk"":{""value"":null,""score"":80.0},""M4_vix"":{""value"":null,""score"":60.0},""_score"":84.0},""liquidity"":{""L1_price"":{""value"":14.5,""score"":100.0},""L2_dollar_vol"":{""value"":110876780.230193,""score"":100.0},""L3_spread_proxy"":{""value"":0.07931034482758612,""score"":20.68965517241388},""L4_volume_zscore"":{""value"":-0.4244534323573052,""score"":100.0},""_score"":92.07},""pattern_structure"":{""top"":15.47,""top_touches"":4,""low_slope_per_bar"":0.01612964849719814,""lowest_low"":13.37,""structural_low"":13.37,""current_price"":14.37,""neckline_distance_pct"":0.07654836464857352,""base_bars"":35},""pattern_geometry_features"":{""top_touches"":4.0,""low_slope"":0.01612964849719814,""compression"":0.1261773917832104,""atr_pct"":0.07356847290640395},""_schema_version"":""1.0""}",,,,,,,,,,
20260505T210937Z-543da1,2026-05-05T21:09:37.858700+00:00,ATI,vcp,absent,52.9,73.3,38.9,56.7,47.7,27.1,33.7,77.0,84.0,97.4,10.99,9.73,6.8,5.73,3.53,2.36,3.85,5.04,4.87,False,,155.35,166.61,145.8194,197.74,"{""trend"":{""T1_ema_stack"":{""value"":[true,true,true],""score"":100.0},""T2_ema50_slope"":{""value"":0.23906474919846288,""score"":89.84412486641048},""T3_high_proximity"":{""value"":0.933481552697993,""score"":66.7407763489965},""T4_rs_1m"":{""value"":-0.04845602335131649,""score"":1.5439766486835111},""T5_rs_3m"":{""value"":0.16079958690934681,""score"":100},""T6_adr_healthy"":{""value"":4.021759488679764,""score"":100.0},""_score"":73.29},""geometry"":{""sub_contraction_count"":100.0,""sub_reduction_rate"":0,""sub_pivot_tightness"":0,""sub_volume_dryup"":0,""sub_base_depth"":39.2,""sub_base_duration"":100.0,""_score"":38.92},""compression"":{""VC1_atr_ratio"":{""value"":0.34282498760183555,""score"":100},""VC2_range_contraction"":{""value"":1.3644257942058886,""score"":0},""VC3_range_pct_rank"":{""score"":66.66666666666667},""_score"":56.67},""sr_quality"":{""SR1_touches"":{""value"":4,""score"":75.0},""SR2_tightness"":{""value"":2.0580389189408037,""score"":42.59860351177214},""SR3_recency"":{""value"":231,""score"":0.0},""SR4_price_location"":{""score"":15.386480726825885},""SR5_reaction"":{""value"":2.519237033281304,""score"":100},""_score"":47.74,""_levels_found"":7,""_target_level"":165.6434},""volume"":{""V1_rvol_day"":{""value"":0.7253055857470415,""score"":15.020372383136102},""V2_rvol_sameslot"":{""value"":0.6804571121173421,""score"":12.030474141156137,""status"":""ok""},""V3_breakout_bar"":{""value"":1.0183505625385003,""score"":34.556704169233356},""V4_base_dryup"":{""value"":0.846088020444882,""score"":65.39119795551181},""V5_bo_expansion"":{""value"":0.7253055857470417,""score"":0},""_score"":27.13},""readiness"":{""_distance_atr"":1.57,""BR1_atr_distance"":{""score"":0},""BR2_compression"":{""score"":64.88011302217545},""BR3_retest"":{""score"":50.0},""BR4_bo_age"":{""score"":50.0},""_score"":33.72},""risk"":{""R1_stop_clarity"":{""score"":38.06456240032622},""R2_stop_distance_pct"":{""value"":6.134921145799802,""score"":100.0},""R3_stop_distance_atr"":{""value"":1.329104479842054,""score"":91.4552239921027},""R4_rr_potential"":{""value"":4.447778733762835,""score"":100.0},""_score"":77.04},""market"":{""M1_spy_regime"":{""score"":100.0},""M3_earnings_risk"":{""value"":null,""score"":80.0},""M4_vix"":{""value"":null,""score"":60.0},""_score"":84.0},""liquidity"":{""L1_price"":{""value"":155.35,""score"":100.0},""L2_dollar_vol"":{""value"":196914998.7147265,""score"":100.0},""L3_spread_proxy"":{""value"":0.02574831026713872,""score"":74.25168973286128},""L4_volume_zscore"":{""value"":-0.7811019159471048,""score"":100.0},""_score"":97.43},""pattern_structure"":{""n_contractions"":5,""contractions_pct"":[13.94,8.01,10.94,6.59,11.15],""descending_strict"":false,""final_low"":148.04,""final_pivot"":166.61,""structural_low"":148.04,""dry_up_ratio"":1.0084312986361876,""current_price"":155.35,""neckline_distance_pct"":0.07248149340199563,""base_bars"":30,""recent_base_height"":31.130000000000024},""pattern_geometry_features"":{""contraction_count"":5.0,""first_contraction_pct"":0.13935031376891846,""last_contraction_pct"":0.11145789568453286,""dry_up_ratio"":1.0084312986361876,""near_monotone"":0.0,""base_depth_pct"":0.08920881013904271},""_schema_version"":""1.0""}",,,,,,,,,,
20260505T210937Z-543da1,2026-05-05T21:09:37.858700+00:00,CRS,ascending_triangle,setup,52.81,94.5,25.3,56.7,53.4,25.7,67.2,30.1,84.0,96.9,14.18,7.07,4.53,7.47,3.08,5.38,1.2,5.04,4.84,False,,444.99,443.91,388.3658,493.54,"{""trend"":{""T1_ema_stack"":{""value"":[true,true,true],""score"":100.0},""T2_ema50_slope"":{""value"":0.342417362875123,""score"":100},""T3_high_proximity"":{""value"":0.9840339665199798,""score"":92.01698325998986},""T4_rs_1m"":{""value"":0.028668609117116883,""score"":78.66860911711689},""T5_rs_3m"":{""value"":0.26330769868851345,""score"":100},""T6_adr_healthy"":{""value"":4.182543775245347,""score"":100.0},""_score"":94.54},""geometry"":{""sub_flat_top_quality"":33.3,""sub_hl_slope"":0.9,""sub_compression"":0,""sub_duration"":100.0,""_score"":25.26},""compression"":{""VC1_atr_ratio"":{""value"":0.3822092161662779,""score"":100},""VC2_range_contraction"":{""value"":1.1449206757182258,""score"":0},""VC3_range_pct_rank"":{""score"":66.66666666666667},""_score"":56.67},""sr_quality"":{""SR1_touches"":{""value"":2,""score"":25.0},""SR2_tightness"":{""value"":3.759999999999991,""score"":63.8774757464768},""SR3_recency"":{""value"":225,""score"":0.0},""SR4_price_location"":{""score"":96.15503119295028},""SR5_reaction"":{""value"":1.632718882150608,""score"":81.6359441075304},""_score"":53.37,""_levels_found"":8,""_target_level"":446.24},""volume"":{""V1_rvol_day"":{""value"":0.6913415622195465,""score"":12.756104147969763},""V2_rvol_sameslot"":{""value"":0.64842121770785,""score"":9.89474784719,""status"":""ok""},""V3_breakout_bar"":{""value"":1.1645899124644115,""score"":44.3059941642941},""V4_base_dryup"":{""value"":0.9955952663963407,""score"":50.440473360365935},""V5_bo_expansion"":{""value"":0.6913415622195465,""score"":0},""_score"":25.69},""readiness"":{""_distance_atr"":-0.052,""BR1_atr_distance"":{""score"":100.0},""BR2_compression"":{""score"":38.9489036789471},""BR3_retest"":{""score"":50.0},""BR4_bo_age"":{""score"":50.0},""_score"":67.24},""risk"":{""R1_stop_clarity"":{""score"":43.18195932441829},""R2_stop_distance_pct"":{""value"":12.724825276972524,""score"":0.0},""R3_stop_distance_atr"":{""value"":2.7199588269100463,""score"":100.0},""R4_rr_potential"":{""value"":0.8574072569678696,""score"":0.0},""_score"":30.11},""market"":{""M1_spy_regime"":{""score"":100.0},""M3_earnings_risk"":{""value"":null,""score"":80.0},""M4_vix"":{""value"":null,""score"":60.0},""_score"":84.0},""liquidity"":{""L1_price"":{""value"":444.99,""score"":100.0},""L2_dollar_vol"":{""value"":220751130.37595707,""score"":100.0},""L3_spread_proxy"":{""value"":0.03128160183374911,""score"":68.71839816625089},""L4_volume_zscore"":{""value"":-0.7155495972285837,""score"":100.0},""_score"":96.87},""pattern_structure"":{""top"":443.91,""top_touches"":2,""low_slope_per_bar"":0.010922165820648122,""lowest_low"":394.28,""structural_low"":394.28,""current_price"":440.97,""neckline_distance_pct"":0.006667120212259332,""base_bars"":33},""pattern_geometry_features"":{""top_touches"":2.0,""low_slope"":0.010922165820648122,""compression"":-0.03620854967652898,""atr_pct"":0.046783154035564205},""_schema_version"":""1.0""}",,,,,,,,,,
20260505T210937Z-543da1,2026-05-05T21:09:37.858700+00:00,LEU,ascending_triangle,absent,52.79,34.8,48.0,52.7,68.1,40.2,35.8,72.7,84.0,94.8,5.22,13.44,4.21,9.54,4.83,2.87,2.91,5.04,4.74,False,,206.04,224.78,186.6575,260.06,"{""trend"":{""T1_ema_stack"":{""value"":[true,false,false],""score"":33.33333333333333},""T2_ema50_slope"":{""value"":-0.10242754389837402,""score"":32.92874268360433},""T3_high_proximity"":{""value"":0.7458731537793223,""score"":0},""T4_rs_1m"":{""value"":0.02424829323176292,""score"":74.24829323176291},""T5_rs_3m"":{""value"":-0.3150329887880321,""score"":0},""T6_adr_healthy"":{""value"":6.675998084819447,""score"":100.0},""_score"":34.77},""geometry"":{""sub_flat_top_quality"":33.3,""sub_hl_slope"":37.8,""sub_compression"":46.7,""sub_duration"":100.0,""_score"":48.0},""compression"":{""VC1_atr_ratio"":{""value"":0.6753448244423874,""score"":81.16379388940315},""VC2_range_contraction"":{""value"":1.1380259830557584,""score"":0},""VC3_range_pct_rank"":{""score"":80.83333333333333},""_score"":52.67},""sr_quality"":{""SR1_touches"":{""value"":5,""score"":100},""SR2_tightness"":{""value"":4.098243953695287,""score"":47.85188556515737},""SR3_recency"":{""value"":234,""score"":0.0},""SR4_price_location"":{""score"":63.71312228720125},""SR5_reaction"":{""value"":2.2928191543750254,""score"":100},""_score"":68.11,""_levels_found"":7,""_target_level"":216.5821},""volume"":{""V1_rvol_day"":{""value"":1.0001416277515365,""score"":33.34277518343576},""V2_rvol_sameslot"":{""value"":1.2245660983435105,""score"":48.30440655623403,""status"":""ok""},""V3_breakout_bar"":{""value"":0.9347339818990833,""score"":28.982265459938887},""V4_base_dryup"":{""value"":0.6670184342970367,""score"":83.29815657029633},""V5_bo_expansion"":{""value"":1.0001416277515365,""score"":0.009441850102431815},""_score"":40.24},""readiness"":{""_distance_atr"":1.192,""BR1_atr_distance"":{""score"":20.514275906897197},""BR2_compression"":{""score"":40.442685633896325},""BR3_retest"":{""score"":50.0},""BR4_bo_age"":{""score"":50.0},""_score"":35.82},""risk"":{""R1_stop_clarity"":{""score"":63.830602337036595},""R2_stop_distance_pct"":{""value"":9.407153950689183,""score"":64.82115123277042},""R3_stop_distance_atr"":{""value"":1.2331633248942615,""score"":86.65816624471307},""R4_rr_potential"":{""value"":2.787050174126146,""score"":89.3525087063073},""_score"":72.66},""market"":{""M1_spy_regime"":{""score"":100.0},""M3_earnings_risk"":{""value"":null,""score"":80.0},""M4_vix"":{""value"":null,""score"":60.0},""_score"":84.0},""liquidity"":{""L1_price"":{""value"":206.04,""score"":100.0},""L2_dollar_vol"":{""value"":186251810.74822077,""score"":100.0},""L3_spread_proxy"":{""value"":0.05173752669384584,""score"":48.262473306154156},""L4_volume_zscore"":{""value"":0.0004019959728750544,""score"":100.0},""_score"":94.83},""pattern_structure"":{""top"":224.78,""top_touches"":2,""low_slope_per_bar"":0.2146691684039843,""lowest_low"":189.5,""structural_low"":189.5,""current_price"":203.195,""neckline_distance_pct"":0.10622800757892668,""base_bars"":53},""pattern_geometry_features"":{""top_touches"":2.0,""low_slope"":0.2146691684039843,""compression"":0.23368018710242688,""atr_pct"":0.07628473666694399},""_schema_version"":""1.0""}",,,,,,,,,,
20260505T210937Z-543da1,2026-05-05T21:09:37.858700+00:00,VOYG,double_bottom,absent,52.73,23.2,46.1,44.7,60.7,64.7,43.4,78.3,84.0,80.4,3.49,11.54,3.57,8.5,8.41,3.47,4.7,5.04,4.02,True,reversal_trend_cap,26.4,27.57,25.3194,29.435,"{""trend"":{""T1_ema_stack"":{""value"":[false,false,false],""score"":0.0},""T2_ema50_slope"":{""value"":0.22195320413391234,""score"":86.99220068898539},""T3_high_proximity"":{""value"":0.8113091579594345,""score"":5.6545789797172175},""T4_rs_1m"":{""value"":-0.1487616669143249,""score"":0},""T5_rs_3m"":{""value"":-0.16641847142964716,""score"":0},""T6_adr_healthy"":{""value"":7.391980910788512,""score"":100.0},""_score"":23.25},""geometry"":{""sub_low_similarity"":12.1,""sub_bounce_quality"":60.8,""sub_separation_fit"":93.3,""sub_right_bottom_reaction"":69.1,""sub_base_context"":30.0,""_score"":46.15},""compression"":{""VC1_atr_ratio"":{""value"":0.4411836826581858,""score"":100},""VC2_range_contraction"":{""value"":0.9236694002754753,""score"":12.72176662075412},""VC3_range_pct_rank"":{""score"":0.8333333333333304},""_score"":44.66},""sr_quality"":{""SR1_touches"":{""value"":6,""score"":100},""SR2_tightness"":{""value"":0.4145280519257211,""score"":62.461762638559},""SR3_recency"":{""value"":139,""score"":0.0},""SR4_price_location"":{""score"":25.293824434493533},""SR5_reaction"":{""value"":2.253628461497828,""score"":100},""_score"":60.69,""_levels_found"":4,""_target_level"":29.4224},""volume"":{""V1_rvol_day"":{""value"":1.9943203507940082,""score"":99.62135671960054},""V2_rvol_sameslot"":{""value"":2.179760814298224,""score"":100,""status"":""ok""},""V3_breakout_bar"":{""value"":0.8781066896634148,""score"":25.207112644227653},""V4_base_dryup"":{""value"":1.075351368048607,""score"":42.46486319513929},""V5_bo_expansion"":{""value"":1.9943203507940082,""score"":66.28802338626721},""_score"":64.66},""readiness"":{""_distance_atr"":0.53,""BR1_atr_distance"":{""score"":64.68293881933636},""BR2_compression"":{""score"":0},""BR3_retest"":{""score"":50.0},""BR4_bo_age"":{""score"":50.0},""_score"":43.37},""risk"":{""R1_stop_clarity"":{""score"":65.08365162888632},""R2_stop_distance_pct"":{""value"":4.09308712121212,""score"":100.0},""R3_stop_distance_atr"":{""value"":0.48926581263199415,""score"":49.46329063159971},""R4_rr_potential"":{""value"":2.8086898179210187,""score"":90.43449089605093},""_score"":78.29},""market"":{""M1_spy_regime"":{""score"":100.0},""M3_earnings_risk"":{""value"":null,""score"":80.0},""M4_vix"":{""value"":null,""score"":60.0},""_score"":84.0},""liquidity"":{""L1_price"":{""value"":26.4,""score"":100.0},""L2_dollar_vol"":{""value"":78483424.00348559,""score"":94.73889708950568},""L3_spread_proxy"":{""value"":0.16780303030303031,""score"":0},""L4_volume_zscore"":{""value"":2.2696295575803527,""score"":70.0},""_score"":80.4},""pattern_structure"":{""left_low"":26.86,""left_idx"":40,""right_low"":25.705,""right_idx"":71,""separation_bars"":31,""structural_low"":25.705,""current_price"":26.57,""neckline_distance_pct"":0.03763643206624012,""base_bars"":31},""pattern_geometry_features"":{""low_similarity_pct"":0.04394559117283368,""bounce_pct"":0.0725539778253259,""right_bottom_reaction"":0.6911142454160787,""atr_pct"":0.08365773809523809},""_schema_version"":""1.0""}",,,,,,,,,,
20260505T210937Z-543da1,2026-05-05T21:09:37.858700+00:00,ETN,bull_flag,absent,52.71,91.1,33.2,40.4,37.9,70.0,17.5,62.0,84.0,85.8,12.75,9.97,3.64,3.79,9.8,1.57,1.86,5.04,4.29,True,risk_unclear,410.86,435.43,382.4361,469.21,"{""trend"":{""T1_ema_stack"":{""value"":[true,true,true],""score"":100.0},""T2_ema50_slope"":{""value"":0.36087814029287485,""score"":100},""T3_high_proximity"":{""value"":0.9488464469642734,""score"":74.4232234821367},""T4_rs_1m"":{""value"":0.030675513781636132,""score"":80.67551378163614},""T5_rs_3m"":{""value"":0.0836560923745211,""score"":91.82804618726055},""T6_adr_healthy"":{""value"":2.9421671604051745,""score"":100.0},""_score"":91.07},""geometry"":{""sub_pole_impulse"":35.4,""sub_flag_tightness"":0,""sub_flag_shallowness"":0,""sub_flag_drift"":84.1,""sub_flag_duration"":100.0,""_score"":33.23},""compression"":{""VC1_atr_ratio"":{""value"":0.5672014141937238,""score"":100},""VC2_range_contraction"":{""value"":1.1026488890350927,""score"":0},""VC3_range_pct_rank"":{""score"":1.6666666666666718},""_score"":40.42},""sr_quality"":{""SR1_touches"":{""value"":2,""score"":25.0},""SR2_tightness"":{""value"":3.4000000000000057,""score"":52.45652918679683},""SR3_recency"":{""value"":226,""score"":0.0},""SR4_price_location"":{""score"":30.0},""SR5_reaction"":{""value"":2.5243485495745563,""score"":100},""_score"":37.87,""_levels_found"":7,""_target_level"":405.05},""volume"":{""V1_rvol_day"":{""value"":2.6272059896297923,""score"":100},""V2_rvol_sameslot"":{""value"":2.685594444767821,""score"":100,""status"":""ok""},""V3_breakout_bar"":{""value"":0.9843770226156272,""score"":32.29180150770848},""V4_base_dryup"":{""value"":1.1533123419596654,""score"":34.66876580403347},""V5_bo_expansion"":{""value"":2.6272059896297923,""score"":100},""_score"":70.01},""readiness"":{""_distance_atr"":1.718,""BR1_atr_distance"":{""score"":0},""BR2_compression"":{""score"":0},""BR3_retest"":{""score"":50.0},""BR4_bo_age"":{""score"":50.0},""_score"":17.5},""risk"":{""R1_stop_clarity"":{""score"":18.562229509113962},""R2_stop_distance_pct"":{""value"":6.918147300783723,""score"":100.0},""R3_stop_distance_atr"":{""value"":1.9873100883050052,""score"":100.0},""R4_rr_potential"":{""value"":2.052849890409128,""score"":52.642494520456395},""_score"":62.03},""market"":{""M1_spy_regime"":{""score"":100.0},""M3_earnings_risk"":{""value"":null,""score"":80.0},""M4_vix"":{""value"":null,""score"":60.0},""_score"":84.0},""liquidity"":{""L1_price"":{""value"":410.86,""score"":100.0},""L2_dollar_vol"":{""value"":2820311542.3954105,""score"":100.0},""L3_spread_proxy"":{""value"":0.06734654140096387,""score"":32.65345859903613},""L4_volume_zscore"":{""value"":3.9080152192708875,""score"":70.0},""_score"":85.77},""pattern_structure"":{""pole_low"":401.65,""pole_low_idx"":25,""peak_price"":435.43,""peak_idx"":42,""pole_gain"":0.0841030748163825,""flag_bars"":17,""flag_low"":388.26,""flag_high"":434.75,""structural_low"":388.26,""current_price"":407.4,""neckline_distance_pct"":0.06880216003927352,""base_bars"":17},""pattern_geometry_features"":{""pole_gain"":0.0841030748163825,""pullback_pct"":0.10832969708104635,""flag_range_pct"":0.10676802241462464,""flag_drift_per_bar"":-0.0031867524088673316,""atr_pct"":0.03481161466192864,""pole_atr_multiple"":2.4159486893424957},""_schema_version"":""1.0""}",,,,,,,,,,
20260505T210937Z-543da1,2026-05-05T21:09:37.858700+00:00,NVDA,cup_with_handle,absent,52.56,71.8,46.4,41.3,55.7,26.5,37.2,62.1,84.0,97.9,10.05,13.91,3.3,6.68,3.45,2.97,3.11,4.2,4.89,True,risk_unclear,196.5,216.825,191.8189,264.7449,"{""trend"":{""T1_ema_stack"":{""value"":[false,true,true],""score"":66.66666666666666},""T2_ema50_slope"":{""value"":0.32249779589286737,""score"":100},""T3_high_proximity"":{""value"":0.9071603342412631,""score"":53.580167120631515},""T4_rs_1m"":{""value"":0.007767826896616148,""score"":57.76782689661615},""T5_rs_3m"":{""value"":0.03995150449738971,""score"":69.97575224869486},""T6_adr_healthy"":{""value"":2.8465998240630017,""score"":100.0},""_score"":71.75},""geometry"":{""sub_cup_depth"":100.0,""sub_cup_duration"":0.0,""sub_rim_symmetry"":56.3,""sub_handle_shallowness"":15.1,""sub_handle_proportion"":74.3,""sub_u_shape"":31.1,""_score"":46.38},""compression"":{""VC1_atr_ratio"":{""value"":0.7600017176038825,""score"":59.99957059902938},""VC2_range_contraction"":{""value"":1.4576076018594988,""score"":0},""VC3_range_pct_rank"":{""score"":69.16666666666667},""_score"":41.29},""sr_quality"":{""SR1_touches"":{""value"":2,""score"":25.0},""SR2_tightness"":{""value"":0.2046500000000009,""score"":93.56284599899342},""SR3_recency"":{""value"":229,""score"":0.0},""SR4_price_location"":{""score"":76.51798743734533},""SR5_reaction"":{""value"":3.3494511197785606,""score"":100},""_score"":55.66,""_levels_found"":6,""_target_level"":197.4253},""volume"":{""V1_rvol_day"":{""value"":0.7492554436476919,""score"":16.617029576512795},""V2_rvol_sameslot"":{""value"":0.8639719941723222,""score"":24.264799611488144,""status"":""ok""},""V3_breakout_bar"":{""value"":0.8212094299273085,""score"":21.413961995153898},""V4_base_dryup"":{""value"":0.8507382560488458,""score"":64.92617439511542},""V5_bo_expansion"":{""value"":0.7492554436476917,""score"":0},""_score"":26.52},""readiness"":{""_distance_atr"":3.197,""BR1_atr_distance"":{""score"":0},""BR2_compression"":{""score"":78.72106019481899},""BR3_retest"":{""score"":50.0},""BR4_bo_age"":{""score"":50.0},""_score"":37.18},""risk"":{""R1_stop_clarity"":{""score"":8.118394564670524},""R2_stop_distance_pct"":{""value"":2.3822391857506293,""score"":100.0},""R3_stop_distance_atr"":{""value"":0.7362072219426248,""score"":61.81036109713124},""R4_rr_potential"":{""value"":14.578816944735248,""score"":100.0},""_score"":62.11},""market"":{""M1_spy_regime"":{""score"":100.0},""M3_earnings_risk"":{""value"":null,""score"":80.0},""M4_vix"":{""value"":null,""score"":60.0},""_score"":84.0},""liquidity"":{""L1_price"":{""value"":196.5,""score"":100.0},""L2_dollar_vol"":{""value"":21594199239.97903,""score"":100.0},""L3_spread_proxy"":{""value"":0.021424936386768487,""score"":78.57506361323152},""L4_volume_zscore"":{""value"":-1.0231090305549668,""score"":100.0},""_score"":97.86},""pattern_structure"":{""left_rim"":212.1899,""left_rim_idx"":51,""cup_bottom"":164.27,""cup_bottom_idx"":154,""right_rim"":216.825,""right_rim_idx"":173,""handle_low"":194.74,""handle_bars"":6,""cup_bars"":122,""structural_low"":194.74,""current_price"":196.5,""neckline_distance_pct"":0.10343511450381673,""base_bars"":128},""pattern_geometry_features"":{""cup_depth_pct"":0.2258349714100435,""rim_symmetry_pct"":0.021844112278671106,""handle_depth_pct"":0.10185633575464074,""handle_to_cup_ratio"":0.04918032786885246,""cup_duration_bars"":122.0,""atr_pct"":0.032358269720101786,""u_shape_score"":0.1557377049180328},""_schema_version"":""1.0""}",,,,,,,,,,
20260505T210937Z-543da1,2026-05-05T21:09:37.858700+00:00,HWM,vcp,absent,52.54,58.4,35.0,62.9,62.0,30.8,37.0,69.8,84.0,98.5,8.76,8.75,7.55,7.44,4.01,2.59,3.49,5.04,4.92,True,risk_unclear,242.69,259.82,229.8202,306.6199,"{""trend"":{""T1_ema_stack"":{""value"":[false,true,true],""score"":66.66666666666666},""T2_ema50_slope"":{""value"":0.12032515213905232,""score"":70.05419202317539},""T3_high_proximity"":{""value"":0.9154313303911583,""score"":57.715665195579135},""T4_rs_1m"":{""value"":-0.07253223324859315,""score"":0},""T5_rs_3m"":{""value"":0.08711754343748757,""score"":93.55877171874378},""T6_adr_healthy"":{""value"":2.8846426718881024,""score"":100.0},""_score"":58.37},""geometry"":{""sub_contraction_count"":100.0,""sub_reduction_rate"":0,""sub_pivot_tightness"":0,""sub_volume_dryup"":0,""sub_base_depth"":0.0,""sub_base_duration"":100.0,""_score"":35.0},""compression"":{""VC1_atr_ratio"":{""value"":0.39112808676479777,""score"":100},""VC2_range_contraction"":{""value"":1.11824724911286,""score"":0},""VC3_range_pct_rank"":{""score"":91.66666666666666},""_score"":62.92},""sr_quality"":{""SR1_touches"":{""value"":3,""score"":50.0},""SR2_tightness"":{""value"":1.9393875894782362,""score"":52.11346439969438},""SR3_recency"":{""value"":244,""score"":0.0},""SR4_price_location"":{""score"":96.56097466148756},""SR5_reaction"":{""value"":2.3443375455985773,""score"":100},""_score"":61.96,""_levels_found"":6,""_target_level"":243.0143},""volume"":{""V1_rvol_day"":{""value"":0.8296507550042951,""score"":21.97671700028634},""V2_rvol_sameslot"":{""value"":0.8867832378979786,""score"":25.785549193198577,""status"":""ok""},""V3_breakout_bar"":{""value"":1.040175661812576,""score"":36.011710787505066},""V4_base_dryup"":{""value"":0.8873866900218191,""score"":61.261330997818085},""V5_bo_expansion"":{""value"":0.8296507550042952,""score"":0},""_score"":30.81},""readiness"":{""_distance_atr"":2.115,""BR1_atr_distance"":{""score"":0},""BR2_compression"":{""score"":78.21767045440278},""BR3_retest"":{""score"":50.0},""BR4_bo_age"":{""score"":50.0},""_score"":37.05},""risk"":{""R1_stop_clarity"":{""score"":13.584423143061443},""R2_stop_distance_pct"":{""value"":5.302979109151592,""score"":100.0},""R3_stop_distance_atr"":{""value"":1.5888782088025457,""score"":100.0},""R4_rr_potential"":{""value"":4.967435391381377,""score"":100.0},""_score"":69.75},""market"":{""M1_spy_regime"":{""score"":100.0},""M3_earnings_risk"":{""value"":null,""score"":80.0},""M4_vix"":{""value"":null,""score"":60.0},""_score"":84.0},""liquidity"":{""L1_price"":{""value"":242.69,""score"":100.0},""L2_dollar_vol"":{""value"":417944795.6388923,""score"":100.0},""L3_spread_proxy"":{""value"":0.015369401293831712,""score"":84.63059870616829},""L4_volume_zscore"":{""value"":-0.656166877474759,""score"":100.0},""_score"":98.46},""pattern_structure"":{""n_contractions"":5,""contractions_pct"":[9.84,4.56,12.9,9.5,10.2],""descending_strict"":false,""final_low"":233.32,""final_pivot"":259.82,""structural_low"":233.32,""dry_up_ratio"":1.1998226814079396,""current_price"":242.69,""neckline_distance_pct"":0.07058387242984876,""base_bars"":66,""recent_base_height"":46.79990000000001},""pattern_geometry_features"":{""contraction_count"":5.0,""first_contraction_pct"":0.09838233349495303,""last_contraction_pct"":0.1019936879378031,""dry_up_ratio"":1.1998226814079396,""near_monotone"":0.0,""base_depth_pct"":-0.028430378630933964},""_schema_version"":""1.0""}",,,,,,,,,,
20260505T210937Z-543da1,2026-05-05T21:09:37.858700+00:00,APP,ascending_triangle,absent,52.5,60.1,38.1,80.0,36.9,41.5,61.9,35.4,84.0,97.1,9.02,10.67,6.4,5.16,4.98,4.95,1.42,5.04,4.86,False,,478.11,483.55,423.7962,536.85,"{""trend"":{""T1_ema_stack"":{""value"":[true,false,false],""score"":33.33333333333333},""T2_ema50_slope"":{""value"":0.031321343212991105,""score"":55.22022386883185},""T3_high_proximity"":{""value"":0.9243663360593933,""score"":62.183168029696645},""T4_rs_1m"":{""value"":0.06014704211728672,""score"":100},""T5_rs_3m"":{""value"":-0.014316273450730721,""score"":42.84186327463464},""T6_adr_healthy"":{""value"":5.493530911935661,""score"":100.0},""_score"":60.13},""geometry"":{""sub_flat_top_quality"":33.3,""sub_hl_slope"":10.0,""sub_compression"":40.4,""sub_duration"":100.0,""_score"":38.09},""compression"":{""VC1_atr_ratio"":{""value"":0.4140836441931554,""score"":100},""VC2_range_contraction"":{""value"":0.7205883385790479,""score"":46.56861023682535},""VC3_range_pct_rank"":{""score"":95.0},""_score"":80.05},""sr_quality"":{""SR1_touches"":{""value"":2,""score"":25.0},""SR2_tightness"":{""value"":1.3449999999999989,""score"":87.9828824680594},""SR3_recency"":{""value"":231,""score"":0.0},""SR4_price_location"":{""score"":4.640547736782157},""SR5_reaction"":{""value"":4.377983338773903,""score"":100},""_score"":36.86,""_levels_found"":6,""_target_level"":490.645},""volume"":{""V1_rvol_day"":{""value"":0.8198531559996919,""score"":21.323543733312793},""V2_rvol_sameslot"":{""value"":1.190916214924852,""score"":46.061080994990135,""status"":""ok""},""V3_breakout_bar"":{""value"":1.4093247949606678,""score"":60.62165299737785},""V4_base_dryup"":{""value"":0.8558251594732694,""score"":64.41748405267306},""V5_bo_expansion"":{""value"":0.8198531559996918,""score"":0},""_score"":41.52},""readiness"":{""_distance_atr"":0.243,""BR1_atr_distance"":{""score"":83.79848342657822},""BR2_compression"":{""score"":43.60887878869611},""BR3_retest"":{""score"":50.0},""BR4_bo_age"":{""score"":50.0},""_score"":61.92},""risk"":{""R1_stop_clarity"":{""score"":42.3379388314038},""R2_stop_distance_pct"":{""value"":11.360094957227423,""score"":15.99762606931443},""R3_stop_distance_atr"":{""value"":2.4263744139421553,""score"":100.0},""R4_rr_potential"":{""value"":1.0814940967986924,""score"":4.0747048399346175},""_score"":35.43},""market"":{""M1_spy_regime"":{""score"":100.0},""M3_earnings_risk"":{""value"":null,""score"":80.0},""M4_vix"":{""value"":null,""score"":60.0},""_score"":84.0},""liquidity"":{""L1_price"":{""value"":478.11,""score"":100.0},""L2_dollar_vol"":{""value"":1545068734.5935085,""score"":100.0},""L3_spread_proxy"":{""value"":0.028591746669176583,""score"":71.40825333082341},""L4_volume_zscore"":{""value"":-0.6049307907499339,""score"":100.0},""_score"":97.14},""pattern_structure"":{""top"":483.55,""top_touches"":2,""low_slope_per_bar"":0.12948485600794293,""lowest_low"":430.25,""structural_low"":430.25,""current_price"":480.57,""neckline_distance_pct"":0.0062009696818361906,""base_bars"":54},""pattern_geometry_features"":{""top_touches"":2.0,""low_slope"":0.12948485600794293,""compression"":0.2022435055770454,""atr_pct"":0.04681921673733181},""_schema_version"":""1.0""}",,,,,,,,,,
20260505T210937Z-543da1,2026-05-05T21:09:37.858700+00:00,TEM,inverse_head_shoulders,absent,52.34,52.3,45.6,56.8,54.2,32.7,62.0,45.8,84.0,93.9,6.27,12.76,4.55,7.59,4.57,4.96,2.75,4.2,4.69,False,,54.07,55.4799,48.172,62.0542,"{""trend"":{""T1_ema_stack"":{""value"":[true,false,false],""score"":33.33333333333333},""T2_ema50_slope"":{""value"":0.03351665783822497,""score"":55.58610963970416},""T3_high_proximity"":{""value"":0.9017678452301534,""score"":50.883922615076685},""T4_rs_1m"":{""value"":0.044727009375087556,""score"":94.72700937508756},""T5_rs_3m"":{""value"":-0.0836037699391663,""score"":8.19811503041685},""T6_adr_healthy"":{""value"":6.271471262271991,""score"":100.0},""_score"":52.26},""geometry"":{""sub_head_depth"":72.1,""sub_shoulder_price_sym"":1.6,""sub_shoulder_time_sym"":0,""sub_right_shoulder_reaction"":78.3,""sub_base_context"":100.0,""_score"":45.56},""compression"":{""VC1_atr_ratio"":{""value"":0.5938205432469469,""score"":100},""VC2_range_contraction"":{""value"":0.8434809400486947,""score"":26.08650999188422},""VC3_range_pct_rank"":{""score"":30.833333333333336},""_score"":56.84},""sr_quality"":{""SR1_touches"":{""value"":3,""score"":50.0},""SR2_tightness"":{""value"":0.37452933426131135,""score"":76.73534734667801},""SR3_recency"":{""value"":234,""score"":0.0},""SR4_price_location"":{""score"":50.8051485797694},""SR5_reaction"":{""value"":3.0018058310150386,""score"":100},""_score"":54.21,""_levels_found"":5,""_target_level"":58.2717},""volume"":{""V1_rvol_day"":{""value"":0.9873092693419869,""score"":32.48728462279913},""V2_rvol_sameslot"":{""value"":0.9333375215424025,""score"":28.88916810282683,""status"":""ok""},""V3_breakout_bar"":{""value"":0.8325435079308753,""score"":22.169567195391686},""V4_base_dryup"":{""value"":0.7579808291465236,""score"":74.20191708534763},""V5_bo_expansion"":{""value"":0.9873092693419872,""score"":0},""_score"":32.66},""readiness"":{""_distance_atr"":0.438,""BR1_atr_distance"":{""score"":70.80706300294462},""BR2_compression"":{""score"":64.91912196633567},""BR3_retest"":{""score"":50.0},""BR4_bo_age"":{""score"":50.0},""_score"":62.05},""risk"":{""R1_stop_clarity"":{""score"":54.431935256299276},""R2_stop_distance_pct"":{""value"":10.908052524505273,""score"":27.298686887368184},""R3_stop_distance_atr"":{""value"":1.8318264627453085,""score"":100.0},""R4_rr_potential"":{""value"":1.3537167954338296,""score"":17.68583977169148},""_score"":45.78},""market"":{""M1_spy_regime"":{""score"":100.0},""M3_earnings_risk"":{""value"":null,""score"":80.0},""M4_vix"":{""value"":null,""score"":60.0},""_score"":84.0},""liquidity"":{""L1_price"":{""value"":54.07,""score"":100.0},""L2_dollar_vol"":{""value"":298897496.45589536,""score"":100.0},""L3_spread_proxy"":{""value"":0.06118180136859632,""score"":38.81819863140368},""L4_volume_zscore"":{""value"":-0.03304769178766408,""score"":100.0},""_score"":93.88},""pattern_structure"":{""left_shoulder"":49.56,""left_shoulder_idx"":70,""head"":48.9056,""head_idx"":74,""right_shoulder"":53.622,""right_shoulder_idx"":82,""left_to_head_bars"":4,""head_to_right_bars"":8,""structural_low"":48.9056,""current_price"":54.135,""neckline_distance_pct"":0.02484344693821008,""base_bars"":12},""pattern_geometry_features"":{""head_depth_pct"":0.05205171444631818,""shoulder_price_asymmetry"":0.07873466302262018,""shoulder_time_asymmetry"":0.5,""right_shoulder_reaction"":0.7826086956521762,""atr_pct"":0.0595474120848635},""_schema_version"":""1.0""}",,,,,,,,,,
20260505T210937Z-543da1,2026-05-05T21:09:37.858700+00:00,LRCX,ascending_triangle,absent,52.28,100.0,27.7,47.1,42.0,37.0,55.6,29.8,84.0,95.2,15.0,7.74,3.77,5.88,4.45,4.45,1.19,5.04,4.76,False,,275.8,280.0,237.976,318.4,"{""trend"":{""T1_ema_stack"":{""value"":[true,true,true],""score"":100.0},""T2_ema50_slope"":{""value"":0.4251687187507247,""score"":100},""T3_high_proximity"":{""value"":1.0,""score"":99.99999999999997},""T4_rs_1m"":{""value"":0.15154139451144943,""score"":100},""T5_rs_3m"":{""value"":0.14895228755640177,""score"":100},""T6_adr_healthy"":{""value"":3.796425001468816,""score"":100.0},""_score"":100.0},""geometry"":{""sub_flat_top_quality"":33.3,""sub_hl_slope"":8.9,""sub_compression"":0,""sub_duration"":100.0,""_score"":27.66},""compression"":{""VC1_atr_ratio"":{""value"":0.59415728345364,""score"":100},""VC2_range_contraction"":{""value"":1.070677220756097,""score"":0},""VC3_range_pct_rank"":{""score"":28.333333333333332},""_score"":47.08},""sr_quality"":{""SR1_touches"":{""value"":2,""score"":25.0},""SR2_tightness"":{""value"":1.1699999999999875,""score"":80.2102091399115},""SR3_recency"":{""value"":228,""score"":0.0},""SR4_price_location"":{""score"":30.0},""SR5_reaction"":{""value"":2.2098599793765725,""score"":100},""_score"":42.03,""_levels_found"":8,""_target_level"":274.67},""volume"":{""V1_rvol_day"":{""value"":1.2531061461931714,""score"":50.207076412878095},""V2_rvol_sameslot"":{""value"":1.026608544700369,""score"":35.10723631335793,""status"":""ok""},""V3_breakout_bar"":{""value"":0.7910398020892979,""score"":19.40265347261986},""V4_base_dryup"":{""value"":0.8697206406266533,""score"":63.02793593733467},""V5_bo_expansion"":{""value"":1.2531061461931716,""score"":16.873743079544777},""_score"":37.05},""readiness"":{""_distance_atr"":0.355,""BR1_atr_distance"":{""score"":76.31990837254348},""BR2_compression"":{""score"":30.179051391943197},""BR3_retest"":{""score"":50.0},""BR4_bo_age"":{""score"":50.0},""_score"":55.57},""risk"":{""R1_stop_clarity"":{""score"":38.70239138721247},""R2_stop_distance_pct"":{""value"":13.714285714285717,""score"":0.0},""R3_stop_distance_atr"":{""value"":3.1988420918461355,""score"":100.0},""R4_rr_potential"":{""value"":1.1262690355329936,""score"":6.313451776649681},""_score"":29.81},""market"":{""M1_spy_regime"":{""score"":100.0},""M3_earnings_risk"":{""value"":null,""score"":80.0},""M4_vix"":{""value"":null,""score"":60.0},""_score"":84.0},""liquidity"":{""L1_price"":{""value"":275.8,""score"":100.0},""L2_dollar_vol"":{""value"":3260292032.3613586,""score"":100.0},""L3_spread_proxy"":{""value"":0.04845902828136334,""score"":51.54097171863666},""L4_volume_zscore"":{""value"":1.2723197446632595,""score"":100.0},""_score"":95.15},""pattern_structure"":{""top"":280.0,""top_touches"":2,""low_slope_per_bar"":0.06468730057434449,""lowest_low"":241.6,""structural_low"":241.6,""current_price"":275.36,""neckline_distance_pct"":0.016850668216153348,""base_bars"":31},""pattern_geometry_features"":{""top_touches"":2.0,""low_slope"":0.06468730057434449,""compression"":-0.041661286903424966,""atr_pct"":0.04287265616906662},""_schema_version"":""1.0""}",,,,,,,,,,
20260505T210937Z-543da1,2026-05-05T21:09:37.858700+00:00,CCJ,cup_with_handle,breakout_confirmed,52.23,47.3,46.8,40.4,41.4,63.2,57.5,44.6,84.0,82.5,6.62,14.03,3.23,4.97,8.22,4.6,2.23,4.2,4.13,False,,114.46,112.13,99.7595,144.585,"{""trend"":{""T1_ema_stack"":{""value"":[false,true,true],""score"":66.66666666666666},""T2_ema50_slope"":{""value"":0.23338495947121474,""score"":88.89749324520245},""T3_high_proximity"":{""value"":0.9050367676128726,""score"":52.518383806436255},""T4_rs_1m"":{""value"":-0.06237733484341401,""score"":0},""T5_rs_3m"":{""value"":-0.14232447212157529,""score"":0},""T6_adr_healthy"":{""value"":4.7916287118599055,""score"":100.0},""_score"":47.32},""geometry"":{""sub_cup_depth"":85.4,""sub_cup_duration"":16.0,""sub_rim_symmetry"":64.1,""sub_handle_shallowness"":19.4,""sub_handle_proportion"":52.3,""sub_u_shape"":35.6,""_score"":46.75},""compression"":{""VC1_atr_ratio"":{""value"":0.5637566634674418,""score"":100},""VC2_range_contraction"":{""value"":1.2816959412879718,""score"":0},""VC3_range_pct_rank"":{""score"":1.6666666666666718},""_score"":40.42},""sr_quality"":{""SR1_touches"":{""value"":3,""score"":50.0},""SR2_tightness"":{""value"":1.0735130284361822,""score"":67.94827427766333},""SR3_recency"":{""value"":240,""score"":0.0},""SR4_price_location"":{""score"":7.964181723545385},""SR5_reaction"":{""value"":1.8962090321259788,""score"":94.81045160629894},""_score"":41.4,""_levels_found"":6,""_target_level"":121.2853},""volume"":{""V1_rvol_day"":{""value"":1.7007915219224066,""score"":80.05276812816044},""V2_rvol_sameslot"":{""value"":1.9531572914145012,""score"":96.87715276096675,""status"":""ok""},""V3_breakout_bar"":{""value"":1.0640083524372947,""score"":37.60055682915298},""V4_base_dryup"":{""value"":0.9291503954785727,""score"":57.08496045214273},""V5_bo_expansion"":{""value"":1.7007915219224066,""score"":46.7194347948271},""_score"":63.21},""readiness"":{""_distance_atr"":-0.348,""BR1_atr_distance"":{""score"":100.0},""BR2_compression"":{""score"":0},""BR3_retest"":{""score"":50.0},""BR4_bo_age"":{""score"":50.0},""_score"":57.5},""risk"":{""R1_stop_clarity"":{""score"":54.642044000477576},""R2_stop_distance_pct"":{""value"":12.843334352612265,""score"":0.0},""R3_stop_distance_atr"":{""value"":2.1945507715865076,""score"":100.0},""R4_rr_potential"":{""value"":2.049252743813373,""score"":52.46263719066866},""_score"":44.62},""market"":{""M1_spy_regime"":{""score"":100.0},""M3_earnings_risk"":{""value"":null,""score"":80.0},""M4_vix"":{""value"":null,""score"":60.0},""_score"":84.0},""liquidity"":{""L1_price"":{""value"":114.46,""score"":100.0},""L2_dollar_vol"":{""value"":616518487.1031702,""score"":100.0},""L3_spread_proxy"":{""value"":0.0997719727415691,""score"":0.22802725843089888},""L4_volume_zscore"":{""value"":2.4966878975709794,""score"":70.0},""_score"":82.52},""pattern_structure"":{""left_rim"":110.155,""left_rim_idx"":50,""cup_bottom"":77.7,""cup_bottom_idx"":68,""right_rim"":112.13,""right_rim_idx"":151,""handle_low"":101.2787,""handle_bars"":28,""cup_bars"":101,""structural_low"":101.2787,""current_price"":114.46,""neckline_distance_pct"":-0.02035645640398391,""base_bars"":129},""pattern_geometry_features"":{""cup_depth_pct"":0.29463029367709137,""rim_symmetry_pct"":0.01792928146702369,""handle_depth_pct"":0.09677427985374115,""handle_to_cup_ratio"":0.27722772277227725,""cup_duration_bars"":101.0,""atr_pct"":0.05852375127929907,""u_shape_score"":0.1782178217821782},""_schema_version"":""1.0""}",,,,,,,,,,
20260505T210937Z-543da1,2026-05-05T21:09:37.858700+00:00,ASML,vcp,absent,52.22,75.1,45.6,51.9,47.3,15.8,47.0,73.1,84.0,72.2,11.27,11.4,6.23,5.68,2.05,3.29,3.65,5.04,3.61,True,risk_unclear,1442.92,1480.17,1357.6255,1739.945,"{""trend"":{""T1_ema_stack"":{""value"":[true,true,true],""score"":100.0},""T2_ema50_slope"":{""value"":0.18934856531954058,""score"":81.55809421992343},""T3_high_proximity"":{""value"":0.9452411055282967,""score"":72.6205527641483},""T4_rs_1m"":{""value"":0.008123302024044987,""score"":58.12330202404499},""T5_rs_3m"":{""value"":-0.015957840899230913,""score"":42.02107955038454},""T6_adr_healthy"":{""value"":2.958441023808542,""score"":100.0},""_score"":75.13},""geometry"":{""sub_contraction_count"":100.0,""sub_reduction_rate"":0,""sub_pivot_tightness"":44.6,""sub_volume_dryup"":26.2,""sub_base_depth"":0.0,""sub_base_duration"":100.0,""_score"":45.62},""compression"":{""VC1_atr_ratio"":{""value"":0.5925770629328235,""score"":100},""VC2_range_contraction"":{""value"":1.027511188556628,""score"":0},""VC3_range_pct_rank"":{""score"":47.5},""_score"":51.88},""sr_quality"":{""SR1_touches"":{""value"":2,""score"":25.0},""SR2_tightness"":{""value"":6.652499999999918,""score"":75.23087663309097},""SR3_recency"":{""value"":231,""score"":0.0},""SR4_price_location"":{""score"":54.066396434123185},""SR5_reaction"":{""value"":2.725254213623216,""score"":100},""_score"":47.3,""_levels_found"":4,""_target_level"":1486.8225},""volume"":{""V1_rvol_day"":{""value"":0.8900732315748419,""score"":26.004882104989456},""V2_rvol_sameslot"":{""value"":0.578126429246264,""score"":5.208428616417601,""status"":""ok""},""V3_breakout_bar"":{""value"":0.5422891244752074,""score"":2.8192749650138254},""V4_base_dryup"":{""value"":1.0601192720785915,""score"":43.988072792140855},""V5_bo_expansion"":{""value"":0.8900732315748421,""score"":0},""_score"":15.75},""readiness"":{""_distance_atr"":0.693,""BR1_atr_distance"":{""score"":53.76926742240398},""BR2_compression"":{""score"":32.05186012945727},""BR3_retest"":{""score"":50.0},""BR4_bo_age"":{""score"":50.0},""_score"":47.02},""risk"":{""R1_stop_clarity"":{""score"":23.023037797945292},""R2_stop_distance_pct"":{""value"":5.9112424805256145,""score"":100.0},""R3_stop_distance_atr"":{""value"":1.5878767328213852,""score"":100.0},""R4_rr_potential"":{""value"":3.4823464584469033,""score"":100.0},""_score"":73.06},""market"":{""M1_spy_regime"":{""score"":100.0},""M3_earnings_risk"":{""value"":null,""score"":80.0},""M4_vix"":{""value"":null,""score"":60.0},""_score"":84.0},""liquidity"":{""L1_price"":{""value"":1442.92,""score"":0.0},""L2_dollar_vol"":{""value"":2329492840.467774,""score"":100.0},""L3_spread_proxy"":{""value"":0.02800571064230855,""score"":71.99428935769146},""L4_volume_zscore"":{""value"":-0.26668851906793684,""score"":100.0},""_score"":72.2},""pattern_structure"":{""n_contractions"":5,""contractions_pct"":[7.19,11.69,8.19,8.19,6.88],""descending_strict"":false,""final_low"":1378.3,""final_pivot"":1480.17,""structural_low"":1378.3,""dry_up_ratio"":0.8688332504575416,""current_price"":1442.92,""neckline_distance_pct"":0.02581570703850525,""base_bars"":25,""recent_base_height"":259.7750000000001},""pattern_geometry_features"":{""contraction_count"":5.0,""first_contraction_pct"":0.07185887021408138,""last_contraction_pct"":0.06882317571630293,""dry_up_ratio"":0.8688332504575416,""near_monotone"":0.0,""base_depth_pct"":0.009172860983710259},""_schema_version"":""1.0""}",,,,,,,,,,
20260505T210937Z-543da1,2026-05-05T21:09:37.858700+00:00,UUUU,ascending_triangle,absent,52.19,75.4,40.3,48.3,48.1,27.1,39.4,74.9,84.0,90.8,11.31,11.29,3.87,6.74,3.26,3.15,3.0,5.04,4.54,False,,21.04,22.76,19.1681,26.06,"{""trend"":{""T1_ema_stack"":{""value"":[true,true,true],""score"":100.0},""T2_ema50_slope"":{""value"":0.23545166255579275,""score"":89.24194375929879},""T3_high_proximity"":{""value"":0.9002995293110825,""score"":50.14976465554122},""T4_rs_1m"":{""value"":0.08163169646563873,""score"":100},""T5_rs_3m"":{""value"":-0.1919317783409651,""score"":0},""T6_adr_healthy"":{""value"":7.361645813521872,""score"":100.0},""_score"":75.37},""geometry"":{""sub_flat_top_quality"":33.3,""sub_hl_slope"":21.8,""sub_compression"":35.2,""sub_duration"":100.0,""_score"":40.33},""compression"":{""VC1_atr_ratio"":{""value"":0.5383943233369837,""score"":100},""VC2_range_contraction"":{""value"":1.0927512502967602,""score"":0},""VC3_range_pct_rank"":{""score"":33.333333333333336},""_score"":48.33},""sr_quality"":{""SR1_touches"":{""value"":3,""score"":50.0},""SR2_tightness"":{""value"":0.32484531703566244,""score"":59.84092578955214},""SR3_recency"":{""value"":229,""score"":0.0},""SR4_price_location"":{""score"":36.70569103351007},""SR5_reaction"":{""value"":2.469784671355593,""score"":100},""_score"":48.15,""_levels_found"":5,""_target_level"":23.5532},""volume"":{""V1_rvol_day"":{""value"":0.838728024458987,""score"":22.581868297265796},""V2_rvol_sameslot"":{""value"":0.9605104909053149,""score"":30.700699393687664,""status"":""ok""},""V3_breakout_bar"":{""value"":0.81052085874314,""score"":20.701390582875998},""V4_base_dryup"":{""value"":0.9348780516254217,""score"":56.51219483745783},""V5_bo_expansion"":{""value"":0.838728024458987,""score"":0},""_score"":27.13},""readiness"":{""_distance_atr"":1.063,""BR1_atr_distance"":{""score"":29.121539781565914},""BR2_compression"":{""score"":40.80084792906245},""BR3_retest"":{""score"":50.0},""BR4_bo_age"":{""score"":50.0},""_score"":39.35},""risk"":{""R1_stop_clarity"":{""score"":63.91379789925406},""R2_stop_distance_pct"":{""value"":8.896863117870723,""score"":77.57842205323193},""R3_stop_distance_atr"":{""value"":1.157070258862383,""score"":82.85351294311914},""R4_rr_potential"":{""value"":2.681767188418186,""score"":84.08835942090931},""_score"":74.89},""market"":{""M1_spy_regime"":{""score"":100.0},""M3_earnings_risk"":{""value"":null,""score"":80.0},""M4_vix"":{""value"":null,""score"":60.0},""_score"":84.0},""liquidity"":{""L1_price"":{""value"":21.04,""score"":100.0},""L2_dollar_vol"":{""value"":174905086.06927264,""score"":100.0},""L3_spread_proxy"":{""value"":0.09173003802281368,""score"":8.269961977186313},""L4_volume_zscore"":{""value"":-0.836545907318081,""score"":100.0},""_score"":90.83},""pattern_structure"":{""top"":22.76,""top_touches"":2,""low_slope_per_bar"":0.012740112994350091,""lowest_low"":19.46,""structural_low"":19.46,""current_price"":20.895,""neckline_distance_pct"":0.08925580282364212,""base_bars"":25},""pattern_geometry_features"":{""top_touches"":2.0,""low_slope"":0.012740112994350091,""compression"":0.17590226398733932,""atr_pct"":0.07689129549158068},""_schema_version"":""1.0""}",,,,,,,,,,
20260505T210937Z-543da1,2026-05-05T21:09:37.858700+00:00,TDG,breakout_retest_hold,setup,52.16,25.9,55.2,44.0,48.0,39.1,72.0,53.7,84.0,69.9,3.63,12.14,2.64,6.73,5.08,12.96,2.69,4.2,2.1,True,trend_floor;weak_retest_trend,1191.33,1172.23,1162.2699,1188.775,"{""trend"":{""T1_ema_stack"":{""value"":[true,false,false],""score"":33.33333333333333},""T2_ema50_slope"":{""value"":-0.1243971041554049,""score"":29.267149307432515},""T3_high_proximity"":{""value"":0.8897294955861924,""score"":44.864747793096186},""T4_rs_1m"":{""value"":-0.0969813568561948,""score"":0},""T5_rs_3m"":{""value"":-0.13460781655447018,""score"":0},""T6_adr_healthy"":{""value"":2.934060623550256,""score"":100.0},""_score"":25.92},""geometry"":{""sub_retest_depth"":41.8,""sub_retest_timing"":80.0,""sub_retest_freshness"":100.0,""sub_hold_quality"":22.1,""_score"":55.17},""compression"":{""VC1_atr_ratio"":{""value"":0.4125757987613792,""score"":100},""VC2_range_contraction"":{""value"":0.9466194290590815,""score"":8.896761823486422},""VC3_range_pct_rank"":{""score"":3.3333333333333326},""_score"":43.95},""sr_quality"":{""SR1_touches"":{""value"":2,""score"":25.0},""SR2_tightness"":{""value"":4.355000000000018,""score"":78.33140826299413},""SR3_recency"":{""value"":282,""score"":0.0},""SR4_price_location"":{""score"":55.181768046384775},""SR5_reaction"":{""value"":2.1995735228787234,""score"":100},""_score"":48.05,""_levels_found"":6,""_target_level"":1241.445},""volume"":{""V1_rvol_day"":{""value"":1.7194003785672336,""score"":81.29335857114891},""V2_rvol_sameslot"":{""value"":1.268913329282603,""score"":51.2608886188402,""status"":""ok""},""V3_breakout_bar"":{""value"":0.8148244735096954,""score"":20.988298233979698},""V4_base_dryup"":{""value"":1.492678636850869,""score"":0.7321363149130917},""V5_bo_expansion"":{""value"":1.7194003785672336,""score"":47.96002523781557},""_score"":39.1},""readiness"":{""_distance_atr"":-0.475,""BR1_atr_distance"":{""score"":100.0},""BR2_compression"":{""score"":0},""BR3_retest"":{""score"":100},""BR4_bo_age"":{""score"":80},""_score"":72.0},""risk"":{""R1_stop_clarity"":{""score"":41.58635273211912},""R2_stop_distance_pct"":{""value"":2.439298934803952,""score"":100.0},""R3_stop_distance_atr"":{""value"":0.7229522878720551,""score"":61.14761439360276},""R4_rr_potential"":{""value"":-0.08792222227137803,""score"":0.0},""_score"":53.73},""market"":{""M1_spy_regime"":{""score"":100.0},""M3_earnings_risk"":{""value"":null,""score"":80.0},""M4_vix"":{""value"":null,""score"":60.0},""_score"":84.0},""liquidity"":{""L1_price"":{""value"":1191.33,""score"":0.0},""L2_dollar_vol"":{""value"":807068154.6166536,""score"":100.0},""L3_spread_proxy"":{""value"":0.05101860945330007,""score"":48.98139054669993},""L4_volume_zscore"":{""value"":1.940451990797216,""score"":100.0},""_score"":69.9},""pattern_structure"":{""level"":1172.23,""level_idx"":68,""breakout_idx"":74,""bo_peak_idx"":74,""bo_peak_price"":1234.0,""retest_idx"":75,""retest_low"":1174.01,""structural_low"":1174.01,""current_price"":1199.085,""neckline_distance_pct"":-0.022396243802566138,""base_bars"":11,""bars_since_breakout"":5},""pattern_geometry_features"":{""retest_depth_atr"":-0.10758555901318179,""bars_breakout_to_retest"":1.0,""bars_since_retest"":4.0,""current_above_level_atr"":1.62315179061744,""bo_peak_excess_pct"":0.052694437098521604,""atr_pct"":0.033740801097452894},""_schema_version"":""1.0""}",,,,,,,,,,
20260505T210937Z-543da1,2026-05-05T21:09:37.858700+00:00,LUNR,bull_flag,absent,52.12,63.9,43.9,53.0,60.8,26.6,37.6,82.9,84.0,90.0,8.94,13.18,4.77,6.08,3.73,3.39,2.49,5.04,4.5,False,,24.8,27.08,23.3839,31.41,"{""trend"":{""T1_ema_stack"":{""value"":[false,true,true],""score"":66.66666666666666},""T2_ema50_slope"":{""value"":0.8776988072962224,""score"":100},""T3_high_proximity"":{""value"":0.8283233132932531,""score"":14.161656646626552},""T4_rs_1m"":{""value"":-0.016377521874336054,""score"":33.622478125663946},""T5_rs_3m"":{""value"":0.21500387455458303,""score"":100},""T6_adr_healthy"":{""value"":9.326836379492608,""score"":66.8290905126848},""_score"":63.86},""geometry"":{""sub_pole_impulse"":23.0,""sub_flag_tightness"":50.8,""sub_flag_shallowness"":0,""sub_flag_drift"":95.6,""sub_flag_duration"":100.0,""_score"":43.94},""compression"":{""VC1_atr_ratio"":{""value"":0.41676611115054824,""score"":100},""VC2_range_contraction"":{""value"":0.8387932838433427,""score"":26.867786026109545},""VC3_range_pct_rank"":{""score"":14.166666666666671},""_score"":52.95},""sr_quality"":{""SR1_touches"":{""value"":5,""score"":100},""SR2_tightness"":{""value"":0.5466113793180681,""score"":55.55321050885907},""SR3_recency"":{""value"":225,""score"":0.0},""SR4_price_location"":{""score"":30.0},""SR5_reaction"":{""value"":2.37079167235376,""score"":100},""_score"":60.83,""_levels_found"":5,""_target_level"":22.449},""volume"":{""V1_rvol_day"":{""value"":1.013604354893258,""score"":34.240290326217206},""V2_rvol_sameslot"":{""value"":0.7807939208889926,""score"":18.71959472593284,""status"":""ok""},""V3_breakout_bar"":{""value"":0.6511006043843813,""score"":10.073373625625422},""V4_base_dryup"":{""value"":0.8296040723303472,""score"":67.03959276696528},""V5_bo_expansion"":{""value"":1.013604354893258,""score"":0.9069569928838709},""_score"":26.65},""readiness"":{""_distance_atr"":0.927,""BR1_atr_distance"":{""score"":38.20187194893529},""BR2_compression"":{""score"":19.461299105108132},""BR3_retest"":{""score"":50.0},""BR4_bo_age"":{""score"":50.0},""_score"":37.65},""risk"":{""R1_stop_clarity"":{""score"":71.04432447502072},""R2_stop_distance_pct"":{""value"":5.710080645161305,""score"":100.0},""R3_stop_distance_atr"":{""value"":0.5757390074546911,""score"":53.78695037273455},""R4_rr_potential"":{""value"":4.6677494527222505,""score"":100.0},""_score"":82.93},""market"":{""M1_spy_regime"":{""score"":100.0},""M3_earnings_risk"":{""value"":null,""score"":80.0},""M4_vix"":{""value"":null,""score"":60.0},""_score"":84.0},""liquidity"":{""L1_price"":{""value"":24.8,""score"":100.0},""L2_dollar_vol"":{""value"":345627177.8783432,""score"":100.0},""L3_spread_proxy"":{""value"":0.1346774193548387,""score"":0},""L4_volume_zscore"":{""value"":0.043886675110476704,""score"":100.0},""_score"":90.0},""pattern_structure"":{""pole_low"":22.75,""pole_low_idx"":30,""peak_price"":27.08,""peak_idx"":54,""pole_gain"":0.19032967032967024,""flag_bars"":5,""flag_low"":23.74,""flag_high"":25.26,""structural_low"":23.74,""current_price"":24.71,""neckline_distance_pct"":0.09591258599757173,""base_bars"":5},""pattern_geometry_features"":{""pole_gain"":0.19032967032967024,""pullback_pct"":0.12333825701624816,""flag_range_pct"":0.05612998522895137,""flag_drift_per_bar"":-0.0008899231080534512,""atr_pct"":0.09917828341013823,""pole_atr_multiple"":1.9190659868813005},""_schema_version"":""1.0""}",,,,,,,,,,
20260505T210937Z-543da1,2026-05-05T21:09:37.858700+00:00,OMER,bull_flag,absent,51.99,98.6,29.1,73.9,46.6,19.9,47.8,70.1,84.0,78.3,13.8,8.73,6.65,4.66,2.79,4.3,2.1,5.04,3.91,False,,14.77,15.32,14.4106,16.344,"{""trend"":{""T1_ema_stack"":{""value"":[true,true,true],""score"":100.0},""T2_ema50_slope"":{""value"":0.47757692573130345,""score"":100},""T3_high_proximity"":{""value"":0.9807436918990703,""score"":90.37184594953513},""T4_rs_1m"":{""value"":0.2585112285956337,""score"":100},""T5_rs_3m"":{""value"":0.19991997540785444,""score"":100},""T6_adr_healthy"":{""value"":4.764138605145524,""score"":100.0},""_score"":98.56},""geometry"":{""sub_pole_impulse"":13.9,""sub_flag_tightness"":5.8,""sub_flag_shallowness"":0,""sub_flag_drift"":89.8,""sub_flag_duration"":100.0,""_score"":29.09},""compression"":{""VC1_atr_ratio"":{""value"":0.412568748234682,""score"":100},""VC2_range_contraction"":{""value"":0.8190846403854454,""score"":30.152559935759104},""VC3_range_pct_rank"":{""score"":93.33333333333333},""_score"":73.89},""sr_quality"":{""SR1_touches"":{""value"":2,""score"":25.0},""SR2_tightness"":{""value"":0.009999999999999787,""score"":97.05539021337911},""SR3_recency"":{""value"":305,""score"":0.0},""SR4_price_location"":{""score"":38.07982740021575},""SR5_reaction"":{""value"":6.5591182996981745,""score"":100},""_score"":46.58,""_levels_found"":9,""_target_level"":17.64},""volume"":{""V1_rvol_day"":{""value"":0.6806645884622424,""score"":12.044305897482827},""V2_rvol_sameslot"":{""value"":0.47226916694599197,""score"":0,""status"":""ok""},""V3_breakout_bar"":{""value"":0.6512579656811628,""score"":10.083864378744185},""V4_base_dryup"":{""value"":0.7491862683145042,""score"":75.08137316854959},""V5_bo_expansion"":{""value"":0.6806645884622421,""score"":0},""_score"":19.95},""readiness"":{""_distance_atr"":0.81,""BR1_atr_distance"":{""score"":46.01548724528243},""BR2_compression"":{""score"":47.56847632960826},""BR3_retest"":{""score"":50.0},""BR4_bo_age"":{""score"":50.0},""_score"":47.8},""risk"":{""R1_stop_clarity"":{""score"":35.380538232603115},""R2_stop_distance_pct"":{""value"":2.433649289099519,""score"":100.0},""R3_stop_distance_atr"":{""value"":0.5292199939004495,""score"":51.460999695022466},""R4_rr_potential"":{""value"":4.37891222701351,""score"":100.0},""_score"":70.1},""market"":{""M1_spy_regime"":{""score"":100.0},""M3_earnings_risk"":{""value"":null,""score"":80.0},""M4_vix"":{""value"":null,""score"":60.0},""_score"":84.0},""liquidity"":{""L1_price"":{""value"":14.77,""score"":100.0},""L2_dollar_vol"":{""value"":11399736.44472824,""score"":52.844740540844136},""L3_spread_proxy"":{""value"":0.028436018957345967,""score"":71.56398104265404},""L4_volume_zscore"":{""value"":-0.9802090274797695,""score"":100.0},""_score"":78.29},""pattern_structure"":{""pole_low"":14.296,""pole_low_idx"":26,""peak_price"":15.32,""peak_idx"":47,""pole_gain"":0.0716284275321769,""flag_bars"":12,""flag_low"":14.63,""flag_high"":15.25,""structural_low"":14.63,""current_price"":14.79,""neckline_distance_pct"":0.035835023664638345,""base_bars"":12},""pattern_geometry_features"":{""pole_gain"":0.0716284275321769,""pullback_pct"":0.04503916449086159,""flag_range_pct"":0.04046997389033937,""flag_drift_per_bar"":-0.002037192016907986,""atr_pct"":0.04598558854821551,""pole_atr_multiple"":1.5576277219345596},""_schema_version"":""1.0""}",,,,,,,,,,
20260505T210937Z-543da1,2026-05-05T21:09:37.858700+00:00,TSLA,bull_flag,forming,51.94,39.7,60.5,56.2,48.4,18.6,45.3,59.0,84.0,96.6,5.56,18.15,5.06,4.84,2.61,4.08,1.77,5.04,4.83,True,risk_unclear,389.37,402.12,383.165,436.07,"{""trend"":{""T1_ema_stack"":{""value"":[true,false,false],""score"":33.33333333333333},""T2_ema50_slope"":{""value"":-0.0856158389694202,""score"":35.73069350509663},""T3_high_proximity"":{""value"":0.9091694491792561,""score"":54.58472458962804},""T4_rs_1m"":{""value"":0.005191945888420868,""score"":55.19194588842087},""T5_rs_3m"":{""value"":-0.12689182173444746,""score"":0},""T6_adr_healthy"":{""value"":3.7476600259689477,""score"":100.0},""_score"":39.71},""geometry"":{""sub_pole_impulse"":41.1,""sub_flag_tightness"":70.5,""sub_flag_shallowness"":29.2,""sub_flag_drift"":98.0,""sub_flag_duration"":100.0,""_score"":60.5},""compression"":{""VC1_atr_ratio"":{""value"":0.3714921001336051,""score"":100},""VC2_range_contraction"":{""value"":0.8932999127399428,""score"":17.7833478766762},""VC3_range_pct_rank"":{""score"":40.0},""_score"":56.22},""sr_quality"":{""SR1_touches"":{""value"":3,""score"":50.0},""SR2_tightness"":{""value"":2.686910658895978,""score"":60.43062061073419},""SR3_recency"":{""value"":249,""score"":0.0},""SR4_price_location"":{""score"":37.42688006220642},""SR5_reaction"":{""value"":2.1299745192690365,""score"":100},""_score"":48.42,""_levels_found"":6,""_target_level"":396.9267},""volume"":{""V1_rvol_day"":{""value"":0.7369508089585896,""score"":15.796720597239302},""V2_rvol_sameslot"":{""value"":0.5522372365227926,""score"":3.482482434852837,""status"":""ok""},""V3_breakout_bar"":{""value"":0.5058509787103782,""score"":0.3900652473585472},""V4_base_dryup"":{""value"":0.7660868882380493,""score"":73.39131117619507},""V5_bo_expansion"":{""value"":0.7369508089585896,""score"":0},""_score"":18.63},""readiness"":{""_distance_atr"":0.939,""BR1_atr_distance"":{""score"":37.411442450610224},""BR2_compression"":{""score"":51.514898721792605},""BR3_retest"":{""score"":50.0},""BR4_bo_age"":{""score"":50.0},""_score"":45.34},""risk"":{""R1_stop_clarity"":{""score"":14.069592164543977},""R2_stop_distance_pct"":{""value"":1.593599917815955,""score"":89.83999794539888},""R3_stop_distance_atr"":{""value"":0.45689647011054424,""score"":47.84482350552721},""R4_rr_potential"":{""value"":7.526188557614844,""score"":100.0},""_score"":59.05},""market"":{""M1_spy_regime"":{""score"":100.0},""M3_earnings_risk"":{""value"":null,""score"":80.0},""M4_vix"":{""value"":null,""score"":60.0},""_score"":84.0},""liquidity"":{""L1_price"":{""value"":389.37,""score"":100.0},""L2_dollar_vol"":{""value"":18414242114.47779,""score"":100.0},""L3_spread_proxy"":{""value"":0.03369545676348975,""score"":66.30454323651026},""L4_volume_zscore"":{""value"":-0.9508724338069434,""score"":100.0},""_score"":96.63},""pattern_structure"":{""pole_low"":368.17,""pole_low_idx"":36,""peak_price"":402.12,""peak_idx"":54,""pole_gain"":0.09221283646141724,""flag_bars"":5,""flag_low"":389.0,""flag_high"":395.56,""structural_low"":389.0,""current_price"":392.11,""neckline_distance_pct"":0.02552855066180406,""base_bars"":5},""pattern_geometry_features"":{""pole_gain"":0.09221283646141724,""pullback_pct"":0.032627076494578744,""flag_range_pct"":0.016313538247289372,""flag_drift_per_bar"":-0.0004061870393513283,""atr_pct"":0.03487879688434428,""pole_atr_multiple"":2.6438078345187406},""_schema_version"":""1.0""}",,,,,,,,,,
20260505T210937Z-543da1,2026-05-05T21:09:37.858700+00:00,GD,vcp,absent,51.55,39.8,48.9,51.0,56.5,28.6,56.2,57.4,84.0,98.0,5.96,12.22,6.12,6.78,3.71,3.94,2.87,5.04,4.9,True,risk_unclear,349.16,356.42,332.7428,385.85,"{""trend"":{""T1_ema_stack"":{""value"":[true,false,true],""score"":66.66666666666666},""T2_ema50_slope"":{""value"":-0.17735269585581726,""score"":20.44121735736379},""T3_high_proximity"":{""value"":0.9536763902545614,""score"":76.83819512728068},""T4_rs_1m"":{""value"":-0.10474817967628292,""score"":0},""T5_rs_3m"":{""value"":-0.06696584165777963,""score"":16.517079171110183},""T6_adr_healthy"":{""value"":2.2409119667148003,""score"":100.0},""_score"":39.76},""geometry"":{""sub_contraction_count"":100.0,""sub_reduction_rate"":0,""sub_pivot_tightness"":68.3,""sub_volume_dryup"":0,""sub_base_depth"":36.3,""sub_base_duration"":100.0,""_score"":48.88},""compression"":{""VC1_atr_ratio"":{""value"":0.5935866693460151,""score"":100},""VC2_range_contraction"":{""value"":1.2866567500557977,""score"":0},""VC3_range_pct_rank"":{""score"":44.166666666666664},""_score"":51.04},""sr_quality"":{""SR1_touches"":{""value"":2,""score"":25.0},""SR2_tightness"":{""value"":0.23500000000001364,""score"":95.1260956100044},""SR3_recency"":{""value"":258,""score"":0.0},""SR4_price_location"":{""score"":98.65631531800557},""SR5_reaction"":{""value"":1.344990211451898,""score"":67.2495105725949},""_score"":56.52,""_levels_found"":5,""_target_level"":349.235},""volume"":{""V1_rvol_day"":{""value"":0.7234438486926028,""score"":14.896256579506852},""V2_rvol_sameslot"":{""value"":1.049353284644295,""score"":36.62355230961967,""status"":""ok""},""V3_breakout_bar"":{""value"":1.059044877134706,""score"":37.26965847564707},""V4_base_dryup"":{""value"":1.0533156922606086,""score"":44.668430773939136},""V5_bo_expansion"":{""value"":0.7234438486926028,""score"":0},""_score"":28.56},""readiness"":{""_distance_atr"":0.753,""BR1_atr_distance"":{""score"":49.80915479238875},""BR2_compression"":{""score"":75.32518238927184},""BR3_retest"":{""score"":50.0},""BR4_bo_age"":{""score"":50.0},""_score"":56.25},""risk"":{""R1_stop_clarity"":{""score"":0},""R2_stop_distance_pct"":{""value"":4.701898842937349,""score"":100.0},""R3_stop_distance_atr"":{""value"":1.7024599884300382,""score"":100.0},""R4_rr_potential"":{""value"":2.2348580600165002,""score"":61.74290300082501},""_score"":57.35},""market"":{""M1_spy_regime"":{""score"":100.0},""M3_earnings_risk"":{""value"":null,""score"":80.0},""M4_vix"":{""value"":null,""score"":60.0},""_score"":84.0},""liquidity"":{""L1_price"":{""value"":349.16,""score"":100.0},""L2_dollar_vol"":{""value"":406035101.93034714,""score"":100.0},""L3_spread_proxy"":{""value"":0.020148356054530945,""score"":79.85164394546905},""L4_volume_zscore"":{""value"":-0.8214360281410767,""score"":100.0},""_score"":97.99},""pattern_structure"":{""n_contractions"":5,""contractions_pct"":[3.02,6.41,5.35,4.84,5.22],""descending_strict"":false,""final_low"":337.81,""final_pivot"":356.42,""structural_low"":337.81,""dry_up_ratio"":1.3337194664432053,""current_price"":349.16,""neckline_distance_pct"":0.020792759766296225,""base_bars"":49,""recent_base_height"":29.430000000000007},""pattern_geometry_features"":{""contraction_count"":5.0,""first_contraction_pct"":0.03024073573167435,""last_contraction_pct"":0.0522136804893104,""dry_up_ratio"":1.3337194664432053,""near_monotone"":0.0,""base_depth_pct"":0.08625912902353255},""_schema_version"":""1.0""}",,,,,,,,,,
20260505T210937Z-543da1,2026-05-05T21:09:37.858700+00:00,TTWO,ascending_triangle,absent,51.5,72.9,35.5,61.3,36.0,33.6,60.2,47.8,84.0,98.0,10.93,9.93,4.91,5.03,4.03,4.81,1.91,5.04,4.9,True,risk_unclear,223.11,226.99,206.3673,244.47,"{""trend"":{""T1_ema_stack"":{""value"":[true,true,false],""score"":66.66666666666666},""T2_ema50_slope"":{""value"":0.061912709060816924,""score"":60.31878484346949},""T3_high_proximity"":{""value"":0.9908073541167066,""score"":95.40367705835328},""T4_rs_1m"":{""value"":0.03592109173411262,""score"":85.92109173411262},""T5_rs_3m"":{""value"":0.0019054136084102336,""score"":50.952706804205114},""T6_adr_healthy"":{""value"":2.650806080731225,""score"":100.0},""_score"":72.87},""geometry"":{""sub_flat_top_quality"":33.3,""sub_hl_slope"":23.9,""sub_compression"":13.2,""sub_duration"":100.0,""_score"":35.46},""compression"":{""VC1_atr_ratio"":{""value"":0.5328495228378225,""score"":100},""VC2_range_contraction"":{""value"":0.9342864916225242,""score"":10.952251396245968},""VC3_range_pct_rank"":{""score"":70.0},""_score"":61.33},""sr_quality"":{""SR1_touches"":{""value"":2,""score"":25.0},""SR2_tightness"":{""value"":1.1749999999999972,""score"":61.31605372012585},""SR3_recency"":{""value"":292,""score"":0.0},""SR4_price_location"":{""score"":17.00650759219095},""SR5_reaction"":{""value"":2.258484012595213,""score"":100},""_score"":35.95,""_levels_found"":7,""_target_level"":232.675},""volume"":{""V1_rvol_day"":{""value"":0.8892877681931778,""score"":25.952517879545184},""V2_rvol_sameslot"":{""value"":0.9351506261450404,""score"":29.010041743002695,""status"":""ok""},""V3_breakout_bar"":{""value"":0.817195826966817,""score"":21.146388464454468},""V4_base_dryup"":{""value"":0.6329185446811031,""score"":86.7081455318897},""V5_bo_expansion"":{""value"":0.8892877681931778,""score"":0},""_score"":33.62},""readiness"":{""_distance_atr"":0.639,""BR1_atr_distance"":{""score"":57.42022366924486},""BR2_compression"":{""score"":78.78564753429134},""BR3_retest"":{""score"":50.0},""BR4_bo_age"":{""score"":50.0},""_score"":60.16},""risk"":{""R1_stop_clarity"":{""score"":0},""R2_stop_distance_pct"":{""value"":7.504213168392285,""score"":100.0},""R3_stop_distance_atr"":{""value"":2.756050098649946,""score"":100.0},""R4_rr_potential"":{""value"":1.2757837021021152,""score"":13.789185105105762},""_score"":47.76},""market"":{""M1_spy_regime"":{""score"":100.0},""M3_earnings_risk"":{""value"":null,""score"":80.0},""M4_vix"":{""value"":null,""score"":60.0},""_score"":84.0},""liquidity"":{""L1_price"":{""value"":223.11,""score"":100.0},""L2_dollar_vol"":{""value"":291798650.158101,""score"":100.0},""L3_spread_proxy"":{""value"":0.0201815248083905,""score"":79.81847519160951},""L4_volume_zscore"":{""value"":-0.4838062130836454,""score"":100.0},""_score"":97.98},""pattern_structure"":{""top"":226.99,""top_touches"":2,""low_slope_per_bar"":0.15028050397877862,""lowest_low"":209.51,""structural_low"":209.51,""current_price"":224.6,""neckline_distance_pct"":0.010641139804096237,""base_bars"":32},""pattern_geometry_features"":{""top_touches"":2.0,""low_slope"":0.15028050397877862,""compression"":0.06624223605833979,""atr_pct"":0.02722814498933902},""_schema_version"":""1.0""}",,,,,,,,,,
20260505T210937Z-543da1,2026-05-05T21:09:37.858700+00:00,ZETA,bull_flag,absent,51.48,64.6,36.9,71.7,56.5,26.3,39.3,72.5,84.0,96.4,9.05,11.08,6.45,5.65,3.68,3.53,2.17,5.04,4.82,False,,17.85,19.88,17.3852,22.445,"{""trend"":{""T1_ema_stack"":{""value"":[true,true,false],""score"":66.66666666666666},""T2_ema50_slope"":{""value"":0.07062289831300377,""score"":61.77048305216729},""T3_high_proximity"":{""value"":0.9355345911949687,""score"":67.76729559748435},""T4_rs_1m"":{""value"":0.030630303380407176,""score"":80.63030338040718},""T5_rs_3m"":{""value"":-0.042320669632689434,""score"":28.839665183655285},""T6_adr_healthy"":{""value"":5.30637813448631,""score"":100.0},""_score"":64.64},""geometry"":{""sub_pole_impulse"":46.5,""sub_flag_tightness"":4.9,""sub_flag_shallowness"":0,""sub_flag_drift"":78.4,""sub_flag_duration"":100.0,""_score"":36.94},""compression"":{""VC1_atr_ratio"":{""value"":0.4414271729669558,""score"":100},""VC2_range_contraction"":{""value"":0.8073652972687627,""score"":32.10578378853955},""VC3_range_pct_rank"":{""score"":81.66666666666667},""_score"":71.65},""sr_quality"":{""SR1_touches"":{""value"":4,""score"":75.0},""SR2_tightness"":{""value"":0.08135570047636506,""score"":82.3976168103559},""SR3_recency"":{""value"":231,""score"":0.0},""SR4_price_location"":{""score"":26.54462242562927},""SR5_reaction"":{""value"":2.222077550768089,""score"":100},""_score"":56.5,""_levels_found"":6,""_target_level"":18.6525},""volume"":{""V1_rvol_day"":{""value"":0.9899838930486199,""score"":32.665592869908},""V2_rvol_sameslot"":{""value"":1.1633422401657787,""score"":44.22281601105191,""status"":""ok""},""V3_breakout_bar"":{""value"":0.8649971936465274,""score"":24.333146243101826},""V4_base_dryup"":{""value"":1.2579454538030734,""score"":24.20545461969266},""V5_bo_expansion"":{""value"":0.9899838930486199,""score"":0},""_score"":26.3},""readiness"":{""_distance_atr"":2.196,""BR1_atr_distance"":{""score"":0},""BR2_compression"":{""score"":87.03595635193689},""BR3_retest"":{""score"":50.0},""BR4_bo_age"":{""score"":50.0},""_score"":39.26},""risk"":{""R1_stop_clarity"":{""score"":42.717831422124796},""R2_stop_distance_pct"":{""value"":2.603641456582645,""score"":100.0},""R3_stop_distance_atr"":{""value"":0.502774085865301,""score"":50.13870429326506},""R4_rr_potential"":{""value"":9.887036040882137,""score"":100.0},""_score"":72.47},""market"":{""M1_spy_regime"":{""score"":100.0},""M3_earnings_risk"":{""value"":null,""score"":80.0},""M4_vix"":{""value"":null,""score"":60.0},""_score"":84.0},""liquidity"":{""L1_price"":{""value"":17.85,""score"":100.0},""L2_dollar_vol"":{""value"":153971508.31828398,""score"":100.0},""L3_spread_proxy"":{""value"":0.03585434173669471,""score"":64.1456582633053},""L4_volume_zscore"":{""value"":-0.020606113862142433,""score"":100.0},""_score"":96.41},""pattern_structure"":{""pole_low"":17.315,""pole_low_idx"":17,""peak_price"":19.88,""peak_idx"":42,""pole_gain"":0.14813745307536805,""flag_bars"":17,""flag_low"":17.65,""flag_high"":19.33,""structural_low"":17.65,""current_price"":17.98,""neckline_distance_pct"":0.1056729699666295,""base_bars"":17},""pattern_geometry_features"":{""pole_gain"":0.14813745307536805,""pullback_pct"":0.11217303822937628,""flag_range_pct"":0.08450704225352111,""flag_drift_per_bar"":-0.004316915308948902,""atr_pct"":0.05178551420568225,""pole_atr_multiple"":2.8605963530070238},""_schema_version"":""1.0""}",,,,,,,,,,
20260505T210937Z-543da1,2026-05-05T21:09:37.858700+00:00,CRM,breakout_retest_hold,breakout_confirmed,51.39,24.3,58.0,62.7,60.6,17.5,59.1,59.5,84.0,96.6,3.4,12.76,3.76,8.49,2.27,10.63,2.98,4.2,2.9,True,trend_floor;weak_retest_trend,186.99,181.7835,179.289,183.7657,"{""trend"":{""T1_ema_stack"":{""value"":[true,false,false],""score"":33.33333333333333},""T2_ema50_slope"":{""value"":-0.25879007740720594,""score"":6.868320432132343},""T3_high_proximity"":{""value"":0.925189253376874,""score"":62.59462668843696},""T4_rs_1m"":{""value"":-0.08780907785332492,""score"":0},""T5_rs_3m"":{""value"":-0.0974724725706062,""score"":1.2637637146968999},""T6_adr_healthy"":{""value"":3.7179615119326805,""score"":100.0},""_score"":24.29},""geometry"":{""sub_retest_depth"":100.0,""sub_retest_timing"":40.0,""sub_retest_freshness"":100.0,""sub_hold_quality"":0.0,""_score"":58.0},""compression"":{""VC1_atr_ratio"":{""value"":0.5730411638940089,""score"":100},""VC2_range_contraction"":{""value"":0.7929355227032767,""score"":34.510746216120545},""VC3_range_pct_rank"":{""score"":42.50000000000001},""_score"":62.7},""sr_quality"":{""SR1_touches"":{""value"":3,""score"":50.0},""SR2_tightness"":{""value"":0.6687301398920199,""score"":82.10266358796903},""SR3_recency"":{""value"":244,""score"":0.0},""SR4_price_location"":{""score"":73.21428571428575},""SR5_reaction"":{""value"":2.272861957496266,""score"":100},""_score"":60.62,""_levels_found"":8,""_target_level"":189.72},""volume"":{""V1_rvol_day"":{""value"":0.7212417052750395,""score"":14.749447018335967},""V2_rvol_sameslot"":{""value"":0.5710825181995037,""score"":4.738834546633583,""status"":""ok""},""V3_breakout_bar"":{""value"":0.663594861071575,""score"":10.906324071438329},""V4_base_dryup"":{""value"":0.9583068536044265,""score"":54.169314639557356},""V5_bo_expansion"":{""value"":0.7212417052750395,""score"":0},""_score"":17.46},""readiness"":{""_distance_atr"":-0.697,""BR1_atr_distance"":{""score"":46.0657571013196},""BR2_compression"":{""score"":68.2658853467946},""BR3_retest"":{""score"":95.42684383883214},""BR4_bo_age"":{""score"":30.0},""_score"":59.08},""risk"":{""R1_stop_clarity"":{""score"":51.53190456254627},""R2_stop_distance_pct"":{""value"":4.118402053585765,""score"":100.0},""R3_stop_distance_atr"":{""value"":1.0305157453446459,""score"":76.52578726723229},""R4_rr_potential"":{""value"":-0.41868681247333434,""score"":0.0},""_score"":59.52},""market"":{""M1_spy_regime"":{""score"":100.0},""M3_earnings_risk"":{""value"":null,""score"":80.0},""M4_vix"":{""value"":null,""score"":60.0},""_score"":84.0},""liquidity"":{""L1_price"":{""value"":186.99,""score"":100.0},""L2_dollar_vol"":{""value"":1809475118.079805,""score"":100.0},""L3_spread_proxy"":{""value"":0.033638162468581166,""score"":66.36183753141884},""L4_volume_zscore"":{""value"":-0.9387047424111099,""score"":100.0},""_score"":96.64},""pattern_structure"":{""level"":181.7835,""level_idx"":55,""breakout_idx"":63,""bo_peak_idx"":69,""bo_peak_price"":190.31,""retest_idx"":74,""retest_low"":181.1,""structural_low"":181.1,""current_price"":187.185,""neckline_distance_pct"":-0.028856478884525995,""base_bars"":24,""bars_since_breakout"":16},""pattern_geometry_features"":{""retest_depth_atr"":0.3448201306633747,""bars_breakout_to_retest"":11.0,""bars_since_retest"":5.0,""current_above_level_atr"":2.725012342031006,""bo_peak_excess_pct"":0.04690469707096628,""atr_pct"":0.03996447480002749},""_schema_version"":""1.0""}",,,,,,,,,,
20260505T210937Z-543da1,2026-05-05T21:09:37.858700+00:00,OKLO,ascending_triangle,absent,50.93,65.2,42.4,42.3,60.7,8.1,41.4,82.3,84.0,95.4,9.78,11.88,3.38,8.5,0.98,3.31,3.29,5.04,4.77,False,,68.38,76.19,65.0888,86.3,"{""trend"":{""T1_ema_stack"":{""value"":[true,true,false],""score"":66.66666666666666},""T2_ema50_slope"":{""value"":0.22674646139521823,""score"":87.79107689920303},""T3_high_proximity"":{""value"":0.8943238294533089,""score"":47.16191472665443},""T4_rs_1m"":{""value"":0.3039770444955463,""score"":100},""T5_rs_3m"":{""value"":-0.17299034608114716,""score"":0},""T6_adr_healthy"":{""value"":8.891192687950126,""score"":77.72018280124686},""_score"":65.19},""geometry"":{""sub_flat_top_quality"":33.3,""sub_hl_slope"":5.7,""sub_compression"":62.9,""sub_duration"":100.0,""_score"":42.42},""compression"":{""VC1_atr_ratio"":{""value"":0.8021741844880179,""score"":49.45645387799552},""VC2_range_contraction"":{""value"":1.0248720844859793,""score"":0},""VC3_range_pct_rank"":{""score"":90.0},""_score"":42.28},""sr_quality"":{""SR1_touches"":{""value"":3,""score"":50.0},""SR2_tightness"":{""value"":0.3904698025029146,""score"":88.77960337635304},""SR3_recency"":{""value"":268,""score"":0.0},""SR4_price_location"":{""score"":69.55668889760676},""SR5_reaction"":{""value"":2.430076628352491,""score"":100},""_score"":60.71,""_levels_found"":7,""_target_level"":70.32},""volume"":{""V1_rvol_day"":{""value"":0.5317889516762584,""score"":2.1192634450838925},""V2_rvol_sameslot"":{""value"":0.6715364090177905,""score"":11.435760601186036,""status"":""ok""},""V3_breakout_bar"":{""value"":0.8259039631176792,""score"":21.72693087451195},""V4_base_dryup"":{""value"":1.620142600717933,""score"":0},""V5_bo_expansion"":{""value"":0.5317889516762584,""score"":0},""_score"":8.14},""readiness"":{""_distance_atr"":1.122,""BR1_atr_distance"":{""score"":25.191570881226028},""BR2_compression"":{""score"":55.33568162022966},""BR3_retest"":{""score"":50.0},""BR4_bo_age"":{""score"":50.0},""_score"":41.41},""risk"":{""R1_stop_clarity"":{""score"":71.51724137931016},""R2_stop_distance_pct"":{""value"":4.813103246563328,""score"":100.0},""R3_stop_distance_atr"":{""value"":0.4728735632183913,""score"":48.64367816091957},""R4_rr_potential"":{""value"":5.444822557122017,""score"":100.0},""_score"":82.33},""market"":{""M1_spy_regime"":{""score"":100.0},""M3_earnings_risk"":{""value"":null,""score"":80.0},""M4_vix"":{""value"":null,""score"":60.0},""_score"":84.0},""liquidity"":{""L1_price"":{""value"":68.38,""score"":100.0},""L2_dollar_vol"":{""value"":557895918.2453233,""score"":100.0},""L3_spread_proxy"":{""value"":0.04621234279028951,""score"":53.78765720971049},""L4_volume_zscore"":{""value"":-1.0592000639573613,""score"":100.0},""_score"":95.38},""pattern_structure"":{""top"":76.19,""top_touches"":2,""low_slope_per_bar"":0.011324041811846526,""lowest_low"":66.08,""structural_low"":66.08,""current_price"":67.4,""neckline_distance_pct"":0.13041543026706218,""base_bars"":29},""pattern_geometry_features"":{""top_touches"":2.0,""low_slope"":0.011324041811846526,""compression"":0.31435422094605747,""atr_pct"":0.10178414741152385},""_schema_version"":""1.0""}",,,,,,,,,,
20260505T210937Z-543da1,2026-05-05T21:09:37.858700+00:00,FLY,inverse_head_shoulders,absent,50.87,45.1,47.1,41.9,51.5,36.6,37.1,82.0,84.0,90.0,5.42,13.18,3.35,7.21,5.12,2.97,4.92,4.2,4.5,True,reversal_trend_cap,31.52,35.45,30.767,39.6645,"{""trend"":{""T1_ema_stack"":{""value"":[false,true,false],""score"":33.33333333333333},""T2_ema50_slope"":{""value"":1.1114149940163482,""score"":100},""T3_high_proximity"":{""value"":0.7136065202626216,""score"":0},""T4_rs_1m"":{""value"":-0.19395432197248785,""score"":0},""T5_rs_3m"":{""value"":0.20812431207261728,""score"":100},""T6_adr_healthy"":{""value"":10.560490106583975,""score"":35.98774733540062},""_score"":45.13},""geometry"":{""sub_head_depth"":64.1,""sub_shoulder_price_sym"":91.4,""sub_shoulder_time_sym"":0,""sub_right_shoulder_reaction"":11.6,""sub_base_context"":30.0,""_score"":47.06},""compression"":{""VC1_atr_ratio"":{""value"":0.42133989832912205,""score"":100},""VC2_range_contraction"":{""value"":0.9672071750371843,""score"":5.465470827135944},""VC3_range_pct_rank"":{""score"":0.0},""_score"":41.91},""sr_quality"":{""SR1_touches"":{""value"":2,""score"":25.0},""SR2_tightness"":{""value"":0.14499999999999957,""score"":92.74260004397344},""SR3_recency"":{""value"":82,""score"":13.333333333333334},""SR4_price_location"":{""score"":52.4186455584873},""SR5_reaction"":{""value"":2.7210119604096326,""score"":100},""_score"":51.52,""_levels_found"":5,""_target_level"":34.225},""volume"":{""V1_rvol_day"":{""value"":1.346504324949995,""score"":56.433621663333},""V2_rvol_sameslot"":{""value"":0.9028410084301187,""score"":26.85606722867458,""status"":""ok""},""V3_breakout_bar"":{""value"":0.5609173461853945,""score"":4.061156412359631},""V4_base_dryup"":{""value"":0.7269467797661137,""score"":77.30532202338864},""V5_bo_expansion"":{""value"":1.3465043249499953,""score"":23.100288329999685},""_score"":36.6},""readiness"":{""_distance_atr"":0.984,""BR1_atr_distance"":{""score"":34.43314522486315},""BR2_compression"":{""score"":23.36747072966548},""BR3_retest"":{""score"":50.0},""BR4_bo_age"":{""score"":50.0},""_score"":37.12},""risk"":{""R1_stop_clarity"":{""score"":76.54946382829625},""R2_stop_distance_pct"":{""value"":2.3890625000000107,""score"":100.0},""R3_stop_distance_atr"":{""value"":0.18845027697884892,""score"":34.42251384894245},""R4_rr_potential"":{""value"":10.815602248242895,""score"":100.0},""_score"":81.96},""market"":{""M1_spy_regime"":{""score"":100.0},""M3_earnings_risk"":{""value"":null,""score"":80.0},""M4_vix"":{""value"":null,""score"":60.0},""_score"":84.0},""liquidity"":{""L1_price"":{""value"":31.52,""score"":100.0},""L2_dollar_vol"":{""value"":266537783.49488735,""score"":100.0},""L3_spread_proxy"":{""value"":0.24866751269035525,""score"":0},""L4_volume_zscore"":{""value"":0.8202423482234078,""score"":100.0},""_score"":90.0},""pattern_structure"":{""left_shoulder"":32.79,""left_shoulder_idx"":64,""head"":31.2355,""head_idx"":70,""right_shoulder"":32.5645,""right_shoulder_idx"":82,""left_to_head_bars"":6,""head_to_right_bars"":12,""structural_low"":31.2355,""current_price"":31.87,""neckline_distance_pct"":0.11233134609350492,""base_bars"":18},""pattern_geometry_features"":{""head_depth_pct"":0.0441209098072819,""shoulder_price_asymmetry"":0.006900825497861561,""shoulder_time_asymmetry"":0.5,""right_shoulder_reaction"":0.11563294854235866,""atr_pct"":0.1267741569978245},""_schema_version"":""1.0""}",,,,,,,,,,
20260505T210937Z-543da1,2026-05-05T21:09:37.858700+00:00,MSFT,double_bottom,forming,50.73,61.7,57.1,40.9,33.4,20.3,38.6,59.5,84.0,98.1,9.26,14.28,3.27,4.67,2.64,3.09,3.57,5.04,4.9,True,risk_unclear,411.38,429.19,402.668,449.58,"{""trend"":{""T1_ema_stack"":{""value"":[true,true,false],""score"":66.66666666666666},""T2_ema50_slope"":{""value"":0.12005841680040978,""score"":70.00973613340163},""T3_high_proximity"":{""value"":0.9502448489328282,""score"":75.12242446641409},""T4_rs_1m"":{""value"":0.004848420771801587,""score"":54.848420771801585},""T5_rs_3m"":{""value"":-0.04924359867714423,""score"":25.378200661427886},""T6_adr_healthy"":{""value"":2.430437147577433,""score"":100.0},""_score"":61.71},""geometry"":{""sub_low_similarity"":87.3,""sub_bounce_quality"":28.4,""sub_separation_fit"":0.0,""sub_right_bottom_reaction"":35.0,""sub_base_context"":100.0,""_score"":57.12},""compression"":{""VC1_atr_ratio"":{""value"":0.7122985424893343,""score"":71.92536437766641},""VC2_range_contraction"":{""value"":0.9954484216780919,""score"":0.7585963869846853},""VC3_range_pct_rank"":{""score"":47.5},""_score"":40.91},""sr_quality"":{""SR1_touches"":{""value"":2,""score"":25.0},""SR2_tightness"":{""value"":1.8899999999999864,""score"":66.80668658349124},""SR3_recency"":{""value"":226,""score"":0.0},""SR4_price_location"":{""score"":3.449753386504967},""SR5_reaction"":{""value"":2.3797278675177855,""score"":100},""_score"":33.38,""_levels_found"":6,""_target_level"":431.81},""volume"":{""V1_rvol_day"":{""value"":0.7101558669185237,""score"":14.010391127901581},""V2_rvol_sameslot"":{""value"":0.6846311958504447,""score"":12.30874639002965,""status"":""ok""},""V3_breakout_bar"":{""value"":0.7847540882785695,""score"":18.983605885237967},""V4_base_dryup"":{""value"":0.9838054419666739,""score"":51.61945580333261},""V5_bo_expansion"":{""value"":0.7101558669185237,""score"":0},""_score"":20.33},""readiness"":{""_distance_atr"":1.564,""BR1_atr_distance"":{""score"":0},""BR2_compression"":{""score"":84.44304311579015},""BR3_retest"":{""score"":50.0},""BR4_bo_age"":{""score"":50.0},""_score"":38.61},""risk"":{""R1_stop_clarity"":{""score"":0},""R2_stop_distance_pct"":{""value"":2.11775001215421,""score"":100.0},""R3_stop_distance_atr"":{""value"":0.7650268425519204,""score"":63.25134212759602},""R4_rr_potential"":{""value"":4.384756657483934,""score"":100.0},""_score"":59.49},""market"":{""M1_spy_regime"":{""score"":100.0},""M3_earnings_risk"":{""value"":null,""score"":80.0},""M4_vix"":{""value"":null,""score"":60.0},""_score"":84.0},""liquidity"":{""L1_price"":{""value"":411.38,""score"":100.0},""L2_dollar_vol"":{""value"":10360633809.553434,""score"":100.0},""L3_spread_proxy"":{""value"":0.019397880305313787,""score"":80.60211969468621},""L4_volume_zscore"":{""value"":-0.9839352870193142,""score"":100.0},""_score"":98.06},""pattern_structure"":{""left_low"":411.4101,""left_idx"":30,""right_low"":408.8,""right_idx"":76,""separation_bars"":46,""structural_low"":408.8,""current_price"":412.6,""neckline_distance_pct"":0.04020843431895292,""base_bars"":46},""pattern_geometry_features"":{""low_similarity_pct"":0.0063644668603812325,""bounce_pct"":0.0498776908023483,""right_bottom_reaction"":0.34999999999998477,""atr_pct"":0.027682035379176694},""_schema_version"":""1.0""}",,,,,,,,,,
20260505T210937Z-543da1,2026-05-05T21:09:37.858700+00:00,GD,inverse_head_shoulders,forming,50.69,39.8,51.6,51.0,56.5,26.8,75.1,10.1,84.0,98.0,4.77,14.46,4.08,7.91,3.76,6.01,0.6,4.2,4.9,True,risk_unclear;reversal_trend_cap,349.16,349.61,302.1684,392.45,"{""trend"":{""T1_ema_stack"":{""value"":[true,false,true],""score"":66.66666666666666},""T2_ema50_slope"":{""value"":-0.17735269585581726,""score"":20.44121735736379},""T3_high_proximity"":{""value"":0.9536763902545614,""score"":76.83819512728068},""T4_rs_1m"":{""value"":-0.10474817967628292,""score"":0},""T5_rs_3m"":{""value"":-0.06696584165777963,""score"":16.517079171110183},""T6_adr_healthy"":{""value"":2.2409119667148003,""score"":100.0},""_score"":39.76},""geometry"":{""sub_head_depth"":70.3,""sub_shoulder_price_sym"":4.0,""sub_shoulder_time_sym"":100,""sub_right_shoulder_reaction"":31.9,""sub_base_context"":100.0,""_score"":51.64},""compression"":{""VC1_atr_ratio"":{""value"":0.5935866693460151,""score"":100},""VC2_range_contraction"":{""value"":1.2866567500557977,""score"":0},""VC3_range_pct_rank"":{""score"":44.166666666666664},""_score"":51.04},""sr_quality"":{""SR1_touches"":{""value"":2,""score"":25.0},""SR2_tightness"":{""value"":0.23500000000001364,""score"":95.1260956100044},""SR3_recency"":{""value"":258,""score"":0.0},""SR4_price_location"":{""score"":98.65631531800557},""SR5_reaction"":{""value"":1.344990211451898,""score"":67.2495105725949},""_score"":56.52,""_levels_found"":5,""_target_level"":349.235},""volume"":{""V1_rvol_day"":{""value"":0.7234438486926028,""score"":14.896256579506852},""V2_rvol_sameslot"":{""value"":1.049353284644295,""score"":36.62355230961967,""status"":""ok""},""V3_breakout_bar"":{""value"":1.059044877134706,""score"":37.26965847564707},""V4_base_dryup"":{""value"":1.1388639965442697,""score"":36.113600345573026},""V5_bo_expansion"":{""value"":0.7234438486926028,""score"":0},""_score"":26.84},""readiness"":{""_distance_atr"":0.047,""BR1_atr_distance"":{""score"":96.88899719787541},""BR2_compression"":{""score"":75.32518238927184},""BR3_retest"":{""score"":50.0},""BR4_bo_age"":{""score"":50.0},""_score"":75.09},""risk"":{""R1_stop_clarity"":{""score"":4.563767039220906},""R2_stop_distance_pct"":{""value"":13.45845744071488,""score"":0.0},""R3_stop_distance_atr"":{""value"":4.873028124206056,""score"":56.34859378969721},""R4_rr_potential"":{""value"":0.9212294550828809,""score"":0.0},""_score"":10.05},""market"":{""M1_spy_regime"":{""score"":100.0},""M3_earnings_risk"":{""value"":null,""score"":80.0},""M4_vix"":{""value"":null,""score"":60.0},""_score"":84.0},""liquidity"":{""L1_price"":{""value"":349.16,""score"":100.0},""L2_dollar_vol"":{""value"":406035101.93034714,""score"":100.0},""L3_spread_proxy"":{""value"":0.020148356054530945,""score"":79.85164394546905},""L4_volume_zscore"":{""value"":-0.8214360281410767,""score"":100.0},""_score"":97.99},""pattern_structure"":{""left_shoulder"":310.61,""left_shoulder_idx"":53,""head"":306.77,""head_idx"":64,""right_shoulder"":335.4301,""right_shoulder_idx"":75,""left_to_head_bars"":11,""head_to_right_bars"":11,""structural_low"":306.77,""current_price"":347.9,""neckline_distance_pct"":0.004915205518827354,""base_bars"":22},""pattern_geometry_features"":{""head_depth_pct"":0.05030662957299396,""shoulder_price_asymmetry"":0.07683764521737883,""shoulder_time_asymmetry"":0.0,""right_shoulder_reaction"":0.31896906005988535,""atr_pct"":0.027618263424054452},""_schema_version"":""1.0""}",,,,,,,,,,
20260505T210937Z-543da1,2026-05-05T21:09:37.858700+00:00,RKLB,bull_flag,absent,50.61,77.1,28.4,49.2,71.6,25.4,46.0,80.3,84.0,91.8,10.79,8.51,4.43,7.16,3.55,4.14,2.41,5.04,4.59,False,,78.76,83.79,75.1063,93.59,"{""trend"":{""T1_ema_stack"":{""value"":[true,true,true],""score"":100.0},""T2_ema50_slope"":{""value"":0.43834656973281877,""score"":100},""T3_high_proximity"":{""value"":0.8747223456241671,""score"":37.36117281208351},""T4_rs_1m"":{""value"":0.06548159785024898,""score"":100},""T5_rs_3m"":{""value"":-0.08054171805112365,""score"":9.729140974438181},""T6_adr_healthy"":{""value"":6.799229122733965,""score"":100.0},""_score"":77.06},""geometry"":{""sub_pole_impulse"":16.9,""sub_flag_tightness"":0,""sub_flag_shallowness"":0,""sub_flag_drift"":88.6,""sub_flag_duration"":100.0,""_score"":28.36},""compression"":{""VC1_atr_ratio"":{""value"":0.6027319895257524,""score"":99.31700261856192},""VC2_range_contraction"":{""value"":0.9953312455814655,""score"":0.778125736422423},""VC3_range_pct_rank"":{""score"":36.66666666666667},""_score"":49.17},""sr_quality"":{""SR1_touches"":{""value"":4,""score"":75.0},""SR2_tightness"":{""value"":0.7635239027037725,""score"":75.4533949726783},""SR3_recency"":{""value"":255,""score"":0.0},""SR4_price_location"":{""score"":91.15587895734718},""SR5_reaction"":{""value"":2.052719928537148,""score"":100},""_score"":71.61,""_levels_found"":5,""_target_level"":79.1775},""volume"":{""V1_rvol_day"":{""value"":0.7802039641611621,""score"":18.680264277410807},""V2_rvol_sameslot"":{""value"":0.8425338088019776,""score"":22.83558725346517,""status"":""ok""},""V3_breakout_bar"":{""value"":0.7411665618497577,""score"":16.07777078998385},""V4_base_dryup"":{""value"":0.8469864660957324,""score"":65.30135339042675},""V5_bo_expansion"":{""value"":0.7802039641611621,""score"":0},""_score"":25.38},""readiness"":{""_distance_atr"":0.809,""BR1_atr_distance"":{""score"":46.096678462323915},""BR2_compression"":{""score"":40.077481011946105},""BR3_retest"":{""score"":50.0},""BR4_bo_age"":{""score"":50.0},""_score"":45.96},""risk"":{""R1_stop_clarity"":{""score"":63.229468782077426},""R2_stop_distance_pct"":{""value"":4.639093448450993,""score"":100.0},""R3_stop_distance_atr"":{""value"":0.587323840163869,""score"":54.36619200819345},""R4_rr_potential"":{""value"":4.058843653780364,""score"":100.0},""_score"":80.29},""market"":{""M1_spy_regime"":{""score"":100.0},""M3_earnings_risk"":{""value"":null,""score"":80.0},""M4_vix"":{""value"":null,""score"":60.0},""_score"":84.0},""liquidity"":{""L1_price"":{""value"":78.76,""score"":100.0},""L2_dollar_vol"":{""value"":1336679908.104258,""score"":100.0},""L3_spread_proxy"":{""value"":0.08176739461655659,""score"":18.232605383443413},""L4_volume_zscore"":{""value"":-0.7746608580048514,""score"":100.0},""_score"":91.82},""pattern_structure"":{""pole_low"":73.99,""pole_low_idx"":30,""peak_price"":83.79,""peak_idx"":42,""pole_gain"":0.13245033112582796,""flag_bars"":17,""flag_low"":76.25,""flag_high"":83.0,""structural_low"":76.25,""current_price"":78.41,""neckline_distance_pct"":0.06861369723249598,""base_bars"":17},""pattern_geometry_features"":{""pole_gain"":0.13245033112582796,""pullback_pct"":0.08998687194175922,""flag_range_pct"":0.08055853920515574,""flag_drift_per_bar"":-0.00227899602641719,""atr_pct"":0.07898697671044039,""pole_atr_multiple"":1.6768629037591822},""_schema_version"":""1.0""}",,,,,,,,,,
20260505T210937Z-543da1,2026-05-05T21:09:37.858700+00:00,GRMN,cup_with_handle,absent,50.49,62.5,45.9,45.3,40.0,31.2,38.4,66.3,84.0,97.9,8.74,13.78,3.63,4.8,4.06,3.07,3.31,4.2,4.89,True,risk_unclear,234.64,245.834,221.9895,313.104,"{""trend"":{""T1_ema_stack"":{""value"":[false,true,true],""score"":66.66666666666666},""T2_ema50_slope"":{""value"":0.3202860058560041,""score"":100},""T3_high_proximity"":{""value"":0.8770933014354068,""score"":38.54665071770336},""T4_rs_1m"":{""value"":-0.13197005880701362,""score"":0},""T5_rs_3m"":{""value"":0.1164298573446223,""score"":100},""T6_adr_healthy"":{""value"":2.441026967025311,""score"":100.0},""_score"":62.45},""geometry"":{""sub_cup_depth"":100.0,""sub_cup_duration"":12.0,""sub_rim_symmetry"":36.2,""sub_handle_shallowness"":30.6,""sub_handle_proportion"":54.6,""sub_u_shape"":35.3,""_score"":45.92},""compression"":{""VC1_atr_ratio"":{""value"":0.6695320932153701,""score"":82.61697669615748},""VC2_range_contraction"":{""value"":1.3585798851542423,""score"":0},""VC3_range_pct_rank"":{""score"":49.16666666666667},""_score"":45.34},""sr_quality"":{""SR1_touches"":{""value"":2,""score"":25.0},""SR2_tightness"":{""value"":0.45000000000000284,""score"":87.18158015042039},""SR3_recency"":{""value"":266,""score"":0.0},""SR4_price_location"":{""score"":17.718400606405076},""SR5_reaction"":{""value"":3.068587285102123,""score"":100},""_score"":40.01,""_levels_found"":5,""_target_level"":256.35},""volume"":{""V1_rvol_day"":{""value"":1.1758615581530047,""score"":45.05743721020032},""V2_rvol_sameslot"":{""value"":0.7877295102565426,""score"":19.18196735043617,""status"":""ok""},""V3_breakout_bar"":{""value"":1.0201931336655152,""score"":34.67954224436768},""V4_base_dryup"":{""value"":1.1026812524102287,""score"":39.73187475897713},""V5_bo_expansion"":{""value"":1.1758615581530045,""score"":11.72410387686697},""_score"":31.22},""readiness"":{""_distance_atr"":1.594,""BR1_atr_distance"":{""score"":0},""BR2_compression"":{""score"":83.65195582824936},""BR3_retest"":{""score"":50.0},""BR4_bo_age"":{""score"":50.0},""_score"":38.41},""risk"":{""R1_stop_clarity"":{""score"":3.7037572833420853},""R2_stop_distance_pct"":{""value"":5.391472042277524,""score"":100.0},""R3_stop_distance_atr"":{""value"":1.8017784580899783,""score"":100.0},""R4_rr_potential"":{""value"":6.202418076684427,""score"":100.0},""_score"":66.3},""market"":{""M1_spy_regime"":{""score"":100.0},""M3_earnings_risk"":{""value"":null,""score"":80.0},""M4_vix"":{""value"":null,""score"":60.0},""_score"":84.0},""liquidity"":{""L1_price"":{""value"":234.64,""score"":100.0},""L2_dollar_vol"":{""value"":220753018.00810552,""score"":100.0},""L3_spread_proxy"":{""value"":0.021394476645073227,""score"":78.60552335492677},""L4_volume_zscore"":{""value"":0.6945659412404328,""score"":100.0},""_score"":97.86},""pattern_structure"":{""left_rim"":253.94,""left_rim_idx"":49,""cup_bottom"":186.67,""cup_bottom_idx"":67,""right_rim"":245.834,""right_rim_idx"":151,""handle_low"":225.37,""handle_bars"":28,""cup_bars"":102,""structural_low"":225.37,""current_price"":234.64,""neckline_distance_pct"":0.047707125809751186,""base_bars"":130},""pattern_geometry_features"":{""cup_depth_pct"":0.26490509569189574,""rim_symmetry_pct"":0.031920926203040066,""handle_depth_pct"":0.08324316408633467,""handle_to_cup_ratio"":0.27450980392156865,""cup_duration_bars"":102.0,""atr_pct"":0.02992305751059369,""u_shape_score"":0.17647058823529413},""_schema_version"":""1.0""}",,,,,,,,,,
20260505T210937Z-543da1,2026-05-05T21:09:37.858700+00:00,TSLA,ascending_triangle,forming,50.3,39.7,56.0,56.2,48.4,12.6,45.3,59.0,84.0,96.6,5.96,15.69,4.5,6.78,1.52,3.63,2.36,5.04,4.83,True,risk_unclear,389.37,402.12,362.6474,436.07,"{""trend"":{""T1_ema_stack"":{""value"":[true,false,false],""score"":33.33333333333333},""T2_ema50_slope"":{""value"":-0.0856158389694202,""score"":35.73069350509663},""T3_high_proximity"":{""value"":0.9091694491792561,""score"":54.58472458962804},""T4_rs_1m"":{""value"":0.005191945888420868,""score"":55.19194588842087},""T5_rs_3m"":{""value"":-0.12689182173444746,""score"":0},""T6_adr_healthy"":{""value"":3.7476600259689477,""score"":100.0},""_score"":39.71},""geometry"":{""sub_flat_top_quality"":33.3,""sub_hl_slope"":64.8,""sub_compression"":46.4,""sub_duration"":100.0,""_score"":56.03},""compression"":{""VC1_atr_ratio"":{""value"":0.3714921001336051,""score"":100},""VC2_range_contraction"":{""value"":0.8932999127399428,""score"":17.7833478766762},""VC3_range_pct_rank"":{""score"":40.0},""_score"":56.22},""sr_quality"":{""SR1_touches"":{""value"":3,""score"":50.0},""SR2_tightness"":{""value"":2.686910658895978,""score"":60.43062061073419},""SR3_recency"":{""value"":249,""score"":0.0},""SR4_price_location"":{""score"":37.42688006220642},""SR5_reaction"":{""value"":2.1299745192690365,""score"":100},""_score"":48.42,""_levels_found"":6,""_target_level"":396.9267},""volume"":{""V1_rvol_day"":{""value"":0.7369508089585896,""score"":15.796720597239302},""V2_rvol_sameslot"":{""value"":0.5522372365227926,""score"":3.482482434852837,""status"":""ok""},""V3_breakout_bar"":{""value"":0.5058509787103782,""score"":0.3900652473585472},""V4_base_dryup"":{""value"":1.065575133952572,""score"":43.44248660474279},""V5_bo_expansion"":{""value"":0.7369508089585896,""score"":0},""_score"":12.64},""readiness"":{""_distance_atr"":0.939,""BR1_atr_distance"":{""score"":37.411442450610224},""BR2_compression"":{""score"":51.514898721792605},""BR3_retest"":{""score"":50.0},""BR4_bo_age"":{""score"":50.0},""_score"":45.34},""risk"":{""R1_stop_clarity"":{""score"":18.67095564838023},""R2_stop_distance_pct"":{""value"":6.8630223181036065,""score"":100.0},""R3_stop_distance_atr"":{""value"":1.967677480636996,""score"":100.0},""R4_rr_potential"":{""value"":1.7475877115020821,""score"":37.37938557510411},""_score"":59.01},""market"":{""M1_spy_regime"":{""score"":100.0},""M3_earnings_risk"":{""value"":null,""score"":80.0},""M4_vix"":{""value"":null,""score"":60.0},""_score"":84.0},""liquidity"":{""L1_price"":{""value"":389.37,""score"":100.0},""L2_dollar_vol"":{""value"":18414242114.47779,""score"":100.0},""L3_spread_proxy"":{""value"":0.03369545676348975,""score"":66.30454323651026},""L4_volume_zscore"":{""value"":-0.9508724338069434,""score"":100.0},""_score"":96.63},""pattern_structure"":{""top"":402.12,""top_touches"":2,""low_slope_per_bar"":0.7161284132841325,""lowest_low"":368.17,""structural_low"":368.17,""current_price"":392.11,""neckline_distance_pct"":0.02552855066180406,""base_bars"":37},""pattern_geometry_features"":{""top_touches"":2.0,""low_slope"":0.7161284132841325,""compression"":0.23199156084221828,""atr_pct"":0.03487879688434428},""_schema_version"":""1.0""}",,,,,,,,,,
20260505T210937Z-543da1,2026-05-05T21:09:37.858700+00:00,WWD,ascending_triangle,absent,50.21,45.1,31.2,48.1,71.5,24.7,71.4,57.7,84.0,96.3,6.77,8.74,3.85,10.01,2.96,5.72,2.31,5.04,4.81,False,,365.58,371.895,346.7101,391.8,"{""trend"":{""T1_ema_stack"":{""value"":[false,true,true],""score"":66.66666666666666},""T2_ema50_slope"":{""value"":0.08535788900206336,""score"":64.22631483367722},""T3_high_proximity"":{""value"":0.9065840049597024,""score"":53.29200247985116},""T4_rs_1m"":{""value"":-0.1335054175219469,""score"":0},""T5_rs_3m"":{""value"":-0.06471749716196373,""score"":17.641251419018133},""T6_adr_healthy"":{""value"":3.4988787904436895,""score"":100.0},""_score"":45.15},""geometry"":{""sub_flat_top_quality"":33.3,""sub_hl_slope"":6.2,""sub_compression"":17.5,""sub_duration"":100.0,""_score"":31.22},""compression"":{""VC1_atr_ratio"":{""value"":0.204177152478561,""score"":100},""VC2_range_contraction"":{""value"":1.1201685266095949,""score"":0},""VC3_range_pct_rank"":{""score"":32.49999999999999},""_score"":48.12},""sr_quality"":{""SR1_touches"":{""value"":5,""score"":100},""SR2_tightness"":{""value"":2.2512494394002656,""score"":70.43212483326528},""SR3_recency"":{""value"":224,""score"":0.0},""SR4_price_location"":{""score"":65.62812805622949},""SR5_reaction"":{""value"":1.9400011445329333,""score"":97.00005722664666},""_score"":71.52,""_levels_found"":7,""_target_level"":373.5556},""volume"":{""V1_rvol_day"":{""value"":0.9143488291717032,""score"":27.62325527811355},""V2_rvol_sameslot"":{""value"":0.9933045051636744,""score"":32.886967010911626,""status"":""ok""},""V3_breakout_bar"":{""value"":1.0046256644791973,""score"":33.64171096527982},""V4_base_dryup"":{""value"":1.2924546543090567,""score"":20.754534569094332},""V5_bo_expansion"":{""value"":0.9143488291717032,""score"":0},""_score"":24.66},""readiness"":{""_distance_atr"":0.415,""BR1_atr_distance"":{""score"":72.35296269854598},""BR2_compression"":{""score"":100},""BR3_retest"":{""score"":50.0},""BR4_bo_age"":{""score"":50.0},""_score"":71.44},""risk"":{""R1_stop_clarity"":{""score"":30.654532115875384},""R2_stop_distance_pct"":{""value"":5.161619891678972,""score"":100.0},""R3_stop_distance_atr"":{""value"":1.239181583902237,""score"":86.95907919511185},""R4_rr_potential"":{""value"":1.3895181996677235,""score"":19.475909983386174},""_score"":57.67},""market"":{""M1_spy_regime"":{""score"":100.0},""M3_earnings_risk"":{""value"":null,""score"":80.0},""M4_vix"":{""value"":null,""score"":60.0},""_score"":84.0},""liquidity"":{""L1_price"":{""value"":365.58,""score"":100.0},""L2_dollar_vol"":{""value"":296249186.2812494,""score"":100.0},""L3_spread_proxy"":{""value"":0.03706439083100829,""score"":62.93560916899171},""L4_volume_zscore"":{""value"":-0.18959173074162647,""score"":100.0},""_score"":96.29},""pattern_structure"":{""top"":371.895,""top_touches"":2,""low_slope_per_bar"":0.06586401425178284,""lowest_low"":351.99,""structural_low"":351.99,""current_price"":367.665,""neckline_distance_pct"":0.011505038554118453,""base_bars"":23},""pattern_geometry_features"":{""top_touches"":2.0,""low_slope"":0.06586401425178284,""compression"":0.08737416987517976,""atr_pct"":0.041653458691863425},""_schema_version"":""1.0""}",,,,,,,,,,
20260505T210937Z-543da1,2026-05-05T21:09:37.858700+00:00,ESLT,bull_flag,absent,50.19,53.8,48.2,52.5,40.0,34.4,47.1,63.7,84.0,69.7,7.53,14.45,4.72,4.0,4.81,4.24,1.91,5.04,3.49,True,risk_unclear,851.26,873.1,827.9605,943.635,"{""trend"":{""T1_ema_stack"":{""value"":[false,true,true],""score"":66.66666666666666},""T2_ema50_slope"":{""value"":0.12450184001801477,""score"":70.75030666966913},""T3_high_proximity"":{""value"":0.8392337799335522,""score"":19.616889966776075},""T4_rs_1m"":{""value"":-0.1768057308836587,""score"":0},""T5_rs_3m"":{""value"":0.13263212212531306,""score"":100},""T6_adr_healthy"":{""value"":2.801945343263884,""score"":100.0},""_score"":53.76},""geometry"":{""sub_pole_impulse"":41.3,""sub_flag_tightness"":36.5,""sub_flag_shallowness"":15.2,""sub_flag_drift"":90.8,""sub_flag_duration"":100.0,""_score"":48.17},""compression"":{""VC1_atr_ratio"":{""value"":0.3968328430258537,""score"":100},""VC2_range_contraction"":{""value"":1.1638485637921716,""score"":0},""VC3_range_pct_rank"":{""score"":50.0},""_score"":52.5},""sr_quality"":{""SR1_touches"":{""value"":2,""score"":25.0},""SR2_tightness"":{""value"":4.694999999999993,""score"":66.73650330964963},""SR3_recency"":{""value"":228,""score"":0.0},""SR4_price_location"":{""score"":30.0},""SR5_reaction"":{""value"":2.7912466346835076,""score"":100},""_score"":40.01,""_levels_found"":3,""_target_level"":805.305},""volume"":{""V1_rvol_day"":{""value"":0.8983894114611619,""score"":26.559294097410795},""V2_rvol_sameslot"":{""value"":1.0601349545594276,""score"":37.34233030396184,""status"":""ok""},""V3_breakout_bar"":{""value"":0.9294808867811036,""score"":28.632059118740244},""V4_base_dryup"":{""value"":0.7795086631931816,""score"":72.04913368068185},""V5_bo_expansion"":{""value"":0.8983894114611619,""score"":0},""_score"":34.35},""readiness"":{""_distance_atr"":0.774,""BR1_atr_distance"":{""score"":48.42209671868982},""BR2_compression"":{""score"":40.902256256797074},""BR3_retest"":{""score"":50.0},""BR4_bo_age"":{""score"":50.0},""_score"":47.09},""risk"":{""R1_stop_clarity"":{""score"":10.67008258942154},""R2_stop_distance_pct"":{""value"":2.7370644691398622,""score"":100.0},""R3_stop_distance_atr"":{""value"":0.8253716776988318,""score"":66.26858388494159},""R4_rr_potential"":{""value"":3.9646713979485013,""score"":100.0},""_score"":63.67},""market"":{""M1_spy_regime"":{""score"":100.0},""M3_earnings_risk"":{""value"":null,""score"":80.0},""M4_vix"":{""value"":null,""score"":60.0},""_score"":84.0},""liquidity"":{""L1_price"":{""value"":851.26,""score"":0.0},""L2_dollar_vol"":{""value"":75069685.44387896,""score"":93.77322980472607},""L3_spread_proxy"":{""value"":0.028112445081408782,""score"":71.88755491859122},""L4_volume_zscore"":{""value"":-0.5380878871958806,""score"":100.0},""_score"":69.7},""pattern_structure"":{""pole_low"":802.565,""pole_low_idx"":31,""peak_price"":873.1,""peak_idx"":48,""pole_gain"":0.08788696242671928,""flag_bars"":11,""flag_low"":840.569,""flag_high"":869.79,""structural_low"":840.569,""current_price"":848.565,""neckline_distance_pct"":0.028913518705107995,""base_bars"":11},""pattern_geometry_features"":{""pole_gain"":0.08788696242671928,""pullback_pct"":0.03725919138701187,""flag_range_pct"":0.033468102164700496,""flag_drift_per_bar"":-0.0018365229427434228,""atr_pct"":0.03316159910854833,""pole_atr_multiple"":2.6502630991659255},""_schema_version"":""1.0""}",,,,,,,,,,
20260505T210937Z-543da1,2026-05-05T21:09:37.858700+00:00,GRMN,vcp,absent,50.12,62.5,38.6,45.3,40.0,37.8,38.4,66.3,84.0,97.9,9.37,9.65,5.44,4.8,4.92,2.69,3.31,5.04,4.89,True,risk_unclear,234.64,245.834,221.9895,304.124,"{""trend"":{""T1_ema_stack"":{""value"":[false,true,true],""score"":66.66666666666666},""T2_ema50_slope"":{""value"":0.3202860058560041,""score"":100},""T3_high_proximity"":{""value"":0.8770933014354068,""score"":38.54665071770336},""T4_rs_1m"":{""value"":-0.13197005880701362,""score"":0},""T5_rs_3m"":{""value"":0.1164298573446223,""score"":100},""T6_adr_healthy"":{""value"":2.441026967025311,""score"":100.0},""_score"":62.45},""geometry"":{""sub_contraction_count"":100.0,""sub_reduction_rate"":0,""sub_pivot_tightness"":24.0,""sub_volume_dryup"":0,""sub_base_depth"":0.0,""sub_base_duration"":100.0,""_score"":38.6},""compression"":{""VC1_atr_ratio"":{""value"":0.6695320932153701,""score"":82.61697669615748},""VC2_range_contraction"":{""value"":1.3585798851542423,""score"":0},""VC3_range_pct_rank"":{""score"":49.16666666666667},""_score"":45.34},""sr_quality"":{""SR1_touches"":{""value"":2,""score"":25.0},""SR2_tightness"":{""value"":0.45000000000000284,""score"":87.18158015042039},""SR3_recency"":{""value"":266,""score"":0.0},""SR4_price_location"":{""score"":17.718400606405076},""SR5_reaction"":{""value"":3.068587285102123,""score"":100},""_score"":40.01,""_levels_found"":5,""_target_level"":256.35},""volume"":{""V1_rvol_day"":{""value"":1.1758615581530047,""score"":45.05743721020032},""V2_rvol_sameslot"":{""value"":0.7877295102565426,""score"":19.18196735043617,""status"":""ok""},""V3_breakout_bar"":{""value"":1.0201931336655152,""score"":34.67954224436768},""V4_base_dryup"":{""value"":0.7716201714207604,""score"":72.83798285792395},""V5_bo_expansion"":{""value"":1.1758615581530045,""score"":11.72410387686697},""_score"":37.84},""readiness"":{""_distance_atr"":1.594,""BR1_atr_distance"":{""score"":0},""BR2_compression"":{""score"":83.65195582824936},""BR3_retest"":{""score"":50.0},""BR4_bo_age"":{""score"":50.0},""_score"":38.41},""risk"":{""R1_stop_clarity"":{""score"":3.7037572833420853},""R2_stop_distance_pct"":{""value"":5.391472042277524,""score"":100.0},""R3_stop_distance_atr"":{""value"":1.8017784580899783,""score"":100.0},""R4_rr_potential"":{""value"":5.492567516827343,""score"":100.0},""_score"":66.3},""market"":{""M1_spy_regime"":{""score"":100.0},""M3_earnings_risk"":{""value"":null,""score"":80.0},""M4_vix"":{""value"":null,""score"":60.0},""_score"":84.0},""liquidity"":{""L1_price"":{""value"":234.64,""score"":100.0},""L2_dollar_vol"":{""value"":220753018.00810552,""score"":100.0},""L3_spread_proxy"":{""value"":0.021394476645073227,""score"":78.60552335492677},""L4_volume_zscore"":{""value"":0.6945659412404328,""score"":100.0},""_score"":97.86},""pattern_structure"":{""n_contractions"":4,""contractions_pct"":[6.56,4.73,8.7,8.32],""descending_strict"":false,""final_low"":225.37,""final_pivot"":245.834,""structural_low"":225.37,""dry_up_ratio"":1.169565409335143,""current_price"":234.64,""neckline_distance_pct"":0.047707125809751186,""base_bars"":49,""recent_base_height"":58.28999999999999},""pattern_geometry_features"":{""contraction_count"":4.0,""first_contraction_pct"":0.06556001119089808,""last_contraction_pct"":0.08324316408633467,""dry_up_ratio"":1.169565409335143,""near_monotone"":0.0,""base_depth_pct"":-0.050871957474587316},""_schema_version"":""1.0""}",,,,,,,,,,
20260505T210937Z-543da1,2026-05-05T21:09:37.858700+00:00,ESLT,double_bottom,forming,50.1,53.8,51.0,52.5,40.0,29.9,47.1,55.3,84.0,69.7,8.06,12.74,4.2,5.6,3.88,3.77,3.32,5.04,3.49,True,risk_unclear,851.26,873.1,788.6009,945.59,"{""trend"":{""T1_ema_stack"":{""value"":[false,true,true],""score"":66.66666666666666},""T2_ema50_slope"":{""value"":0.12450184001801477,""score"":70.75030666966913},""T3_high_proximity"":{""value"":0.8392337799335522,""score"":19.616889966776075},""T4_rs_1m"":{""value"":-0.1768057308836587,""score"":0},""T5_rs_3m"":{""value"":0.13263212212531306,""score"":100},""T6_adr_healthy"":{""value"":2.801945343263884,""score"":100.0},""_score"":53.76},""geometry"":{""sub_low_similarity"":2.6,""sub_bounce_quality"":86.5,""sub_separation_fit"":20.0,""sub_right_bottom_reaction"":66.0,""sub_base_context"":100.0,""_score"":50.98},""compression"":{""VC1_atr_ratio"":{""value"":0.3968328430258537,""score"":100},""VC2_range_contraction"":{""value"":1.1638485637921716,""score"":0},""VC3_range_pct_rank"":{""score"":50.0},""_score"":52.5},""sr_quality"":{""SR1_touches"":{""value"":2,""score"":25.0},""SR2_tightness"":{""value"":4.694999999999993,""score"":66.73650330964963},""SR3_recency"":{""value"":228,""score"":0.0},""SR4_price_location"":{""score"":30.0},""SR5_reaction"":{""value"":2.7912466346835076,""score"":100},""_score"":40.01,""_levels_found"":3,""_target_level"":805.305},""volume"":{""V1_rvol_day"":{""value"":0.8983894114611619,""score"":26.559294097410795},""V2_rvol_sameslot"":{""value"":1.0601349545594276,""score"":37.34233030396184,""status"":""ok""},""V3_breakout_bar"":{""value"":0.9294808867811036,""score"":28.632059118740244},""V4_base_dryup"":{""value"":1.0031823098611643,""score"":49.68176901388357},""V5_bo_expansion"":{""value"":0.8983894114611619,""score"":0},""_score"":29.87},""readiness"":{""_distance_atr"":0.774,""BR1_atr_distance"":{""score"":48.42209671868982},""BR2_compression"":{""score"":40.902256256797074},""BR3_retest"":{""score"":50.0},""BR4_bo_age"":{""score"":50.0},""_score"":47.09},""risk"":{""R1_stop_clarity"":{""score"":14.916651484787906},""R2_stop_distance_pct"":{""value"":7.360753471324855,""score"":100.0},""R3_stop_distance_atr"":{""value"":2.2196617983441618,""score"":100.0},""R4_rr_potential"":{""value"":1.5054465309535816,""score"":25.27232654767908},""_score"":55.28},""market"":{""M1_spy_regime"":{""score"":100.0},""M3_earnings_risk"":{""value"":null,""score"":80.0},""M4_vix"":{""value"":null,""score"":60.0},""_score"":84.0},""liquidity"":{""L1_price"":{""value"":851.26,""score"":0.0},""L2_dollar_vol"":{""value"":75069685.44387896,""score"":93.77322980472607},""L3_spread_proxy"":{""value"":0.028112445081408782,""score"":71.88755491859122},""L4_volume_zscore"":{""value"":-0.5380878871958806,""score"":100.0},""_score"":69.7},""pattern_structure"":{""left_low"":800.61,""left_idx"":33,""right_low"":840.569,""right_idx"":75,""separation_bars"":42,""structural_low"":800.61,""current_price"":848.565,""neckline_distance_pct"":0.028913518705107995,""base_bars"":42},""pattern_geometry_features"":{""low_similarity_pct"":0.04869548050517335,""bounce_pct"":0.0905434606112839,""right_bottom_reaction"":0.6600302195360399,""atr_pct"":0.03316159910854833},""_schema_version"":""1.0""}",,,,,,,,,,
20260505T210937Z-543da1,2026-05-05T21:09:37.858700+00:00,DDOG,cup_with_handle,extended,50.0,84.9,68.8,66.6,32.7,27.0,50.6,31.4,84.0,96.2,11.89,20.64,5.33,3.92,3.51,4.05,1.57,4.2,4.81,True,stop_too_wide;price_extended_above_trigger,145.73,135.96,122.4552,171.3899,"{""trend"":{""T1_ema_stack"":{""value"":[true,true,false],""score"":66.66666666666666},""T2_ema50_slope"":{""value"":0.11289682493588996,""score"":68.816137489315},""T3_high_proximity"":{""value"":0.9934555866112209,""score"":96.72779330561043},""T4_rs_1m"":{""value"":0.15249933286953898,""score"":100},""T5_rs_3m"":{""value"":0.1682102779090473,""score"":100},""T6_adr_healthy"":{""value"":5.3284378980448395,""score"":100.0},""_score"":84.94},""geometry"":{""sub_cup_depth"":100.0,""sub_cup_duration"":100.0,""sub_rim_symmetry"":62.2,""sub_handle_shallowness"":28.7,""sub_handle_proportion"":100.0,""sub_u_shape"":37.5,""_score"":68.81},""compression"":{""VC1_atr_ratio"":{""value"":0.49289165093027065,""score"":100},""VC2_range_contraction"":{""value"":0.801452077414072,""score"":33.091320430988006},""VC3_range_pct_rank"":{""score"":60.0},""_score"":66.58},""sr_quality"":{""SR1_touches"":{""value"":2,""score"":25.0},""SR2_tightness"":{""value"":0.9400000000000119,""score"":71.73691275167751},""SR3_recency"":{""value"":323,""score"":0.0},""SR4_price_location"":{""score"":22.073900777540967},""SR5_reaction"":{""value"":1.1869218791946305,""score"":59.346093959731526},""_score"":32.68,""_levels_found"":7,""_target_level"":151.015},""volume"":{""V1_rvol_day"":{""value"":0.982012329652033,""score"":32.13415531013553},""V2_rvol_sameslot"":{""value"":0.9800282837357831,""score"":32.00188558238554,""status"":""ok""},""V3_breakout_bar"":{""value"":0.7376768539248973,""score"":15.845123594993158},""V4_base_dryup"":{""value"":0.9882339828481959,""score"":51.17660171518041},""V5_bo_expansion"":{""value"":0.982012329652033,""score"":0},""_score"":27.02},""readiness"":{""_distance_atr"":-1.469,""BR1_atr_distance"":{""score"":30.62442953020141},""BR2_compression"":{""score"":83.27949689552966},""BR3_retest"":{""score"":50.0},""BR4_bo_age"":{""score"":50.0},""_score"":50.57},""risk"":{""R1_stop_clarity"":{""score"":43.930845637583836},""R2_stop_distance_pct"":{""value"":15.971179578672889,""score"":0.0},""R3_stop_distance_atr"":{""value"":3.499030335570468,""score"":100.0},""R4_rr_potential"":{""value"":1.1024756388884125,""score"":5.1237819444206245},""_score"":31.4},""market"":{""M1_spy_regime"":{""score"":100.0},""M3_earnings_risk"":{""value"":null,""score"":80.0},""M4_vix"":{""value"":null,""score"":60.0},""_score"":84.0},""liquidity"":{""L1_price"":{""value"":145.73,""score"":100.0},""L2_dollar_vol"":{""value"":719702615.4630979,""score"":100.0},""L3_spread_proxy"":{""value"":0.03774102792836067,""score"":62.25897207163933},""L4_volume_zscore"":{""value"":-0.0654490138954917,""score"":100.0},""_score"":96.23},""pattern_structure"":{""left_rim"":133.44,""left_rim_idx"":121,""cup_bottom"":98.0101,""cup_bottom_idx"":130,""right_rim"":135.96,""right_rim_idx"":169,""handle_low"":124.32,""handle_bars"":10,""cup_bars"":48,""structural_low"":124.32,""current_price"":145.73,""neckline_distance_pct"":-0.06704178961092419,""base_bars"":58},""pattern_geometry_features"":{""cup_depth_pct"":0.265511840527578,""rim_symmetry_pct"":0.018884892086331012,""handle_depth_pct"":0.0856134157105032,""handle_to_cup_ratio"":0.20833333333333334,""cup_duration_bars"":48.0,""atr_pct"":0.045644587348423235,""u_shape_score"":0.1875},""_schema_version"":""1.0""}",,,,,,,,,,
20260505T210937Z-543da1,2026-05-05T21:09:37.858700+00:00,SIRI,cup_with_handle,extended,50.0,91.6,69.6,46.2,49.1,13.8,46.2,30.6,84.0,96.7,12.83,20.87,3.7,5.89,1.79,3.69,1.53,4.2,4.83,True,price_extended_above_trigger,26.4,24.262,22.8126,28.5569,"{""trend"":{""T1_ema_stack"":{""value"":[true,true,true],""score"":100.0},""T2_ema50_slope"":{""value"":0.4447654901622664,""score"":100},""T3_high_proximity"":{""value"":0.9408410548823949,""score"":70.42052744119742},""T4_rs_1m"":{""value"":0.030285518595069894,""score"":80.2855185950699},""T5_rs_3m"":{""value"":0.26051668452265764,""score"":100},""T6_adr_healthy"":{""value"":3.80216802844343,""score"":100.0},""_score"":91.62},""geometry"":{""sub_cup_depth"":98.5,""sub_cup_duration"":0.0,""sub_rim_symmetry"":83.2,""sub_handle_shallowness"":62.1,""sub_handle_proportion"":100.0,""sub_u_shape"":72.0,""_score"":69.56},""compression"":{""VC1_atr_ratio"":{""value"":0.5311408787384594,""score"":100},""VC2_range_contraction"":{""value"":1.6777238390556408,""score"":0},""VC3_range_pct_rank"":{""score"":25.0},""_score"":46.25},""sr_quality"":{""SR1_touches"":{""value"":4,""score"":75.0},""SR2_tightness"":{""value"":0.26432401990738585,""score"":57.76848754689412},""SR3_recency"":{""value"":239,""score"":0.0},""SR4_price_location"":{""score"":30.0},""SR5_reaction"":{""value"":1.3861398002853071,""score"":69.30699001426535},""_score"":49.06,""_levels_found"":4,""_target_level"":23.1438},""volume"":{""V1_rvol_day"":{""value"":0.7263746194725584,""score"":15.091641298170563},""V2_rvol_sameslot"":{""value"":0.6359454286347942,""score"":9.063028575652947,""status"":""ok""},""V3_breakout_bar"":{""value"":1.0369726948626898,""score"":35.798179657512655},""V4_base_dryup"":{""value"":1.7681248677317822,""score"":0},""V5_bo_expansion"":{""value"":0.7263746194725583,""score"":0},""_score"":13.78},""readiness"":{""_distance_atr"":-1.708,""BR1_atr_distance"":{""score"":25.840798858773198},""BR2_compression"":{""score"":73.27875895434599},""BR3_retest"":{""score"":50.0},""BR4_bo_age"":{""score"":50.0},""_score"":46.16},""risk"":{""R1_stop_clarity"":{""score"":44.49529243937225},""R2_stop_distance_pct"":{""value"":13.588636363636361,""score"":0.0},""R3_stop_distance_atr"":{""value"":2.8658259629101286,""score"":100.0},""R4_rr_potential"":{""value"":0.6012432402296931,""score"":0.0},""_score"":30.57},""market"":{""M1_spy_regime"":{""score"":100.0},""M3_earnings_risk"":{""value"":null,""score"":80.0},""M4_vix"":{""value"":null,""score"":60.0},""_score"":84.0},""liquidity"":{""L1_price"":{""value"":26.4,""score"":100.0},""L2_dollar_vol"":{""value"":123228797.98999439,""score"":100.0},""L3_spread_proxy"":{""value"":0.033522727272727336,""score"":66.47727272727266},""L4_volume_zscore"":{""value"":-0.512474253439092,""score"":100.0},""_score"":96.65},""pattern_structure"":{""left_rim"":24.0599,""left_rim_idx"":33,""cup_bottom"":19.765,""cup_bottom_idx"":113,""right_rim"":24.262,""right_rim_idx"":158,""handle_low"":23.16,""handle_bars"":21,""cup_bars"":125,""structural_low"":23.16,""current_price"":26.4,""neckline_distance_pct"":-0.08098484848484842,""base_bars"":146},""pattern_geometry_features"":{""cup_depth_pct"":0.17850863885552304,""rim_symmetry_pct"":0.008399868661133318,""handle_depth_pct"":0.045420822685681324,""handle_to_cup_ratio"":0.168,""cup_duration_bars"":125.0,""atr_pct"":0.04741612554112553,""u_shape_score"":0.36},""_schema_version"":""1.0""}",,,,,,,,,,
20260505T210937Z-543da1,2026-05-05T21:09:37.858700+00:00,NET,double_bottom,extended,50.0,92.0,65.6,58.6,39.3,66.0,20.3,27.8,84.0,91.9,13.79,16.41,4.68,5.5,8.58,1.62,1.67,5.04,4.59,True,stop_too_wide;price_extended_above_trigger,244.43,216.5,199.4428,230.52,"{""trend"":{""T1_ema_stack"":{""value"":[true,true,true],""score"":100.0},""T2_ema50_slope"":{""value"":0.058698274449472725,""score"":59.78304574157879},""T3_high_proximity"":{""value"":1.0,""score"":99.99999999999997},""T4_rs_1m"":{""value"":0.05576746641325614,""score"":100},""T5_rs_3m"":{""value"":0.38554937560284097,""score"":100},""T6_adr_healthy"":{""value"":6.340213308706974,""score"":100.0},""_score"":91.96},""geometry"":{""sub_low_similarity"":65.4,""sub_bounce_quality"":56.1,""sub_separation_fit"":33.3,""sub_right_bottom_reaction"":65.3,""sub_base_context"":100.0,""_score"":65.63},""compression"":{""VC1_atr_ratio"":{""value"":0.6166544874743648,""score"":95.8363781314088},""VC2_range_contraction"":{""value"":0.6996963875601002,""score"":50.05060207331663},""VC3_range_pct_rank"":{""score"":10.833333333333329},""_score"":58.56},""sr_quality"":{""SR1_touches"":{""value"":2,""score"":25.0},""SR2_tightness"":{""value"":2.010000000000005,""score"":61.812974496522166},""SR3_recency"":{""value"":240,""score"":0.0},""SR4_price_location"":{""score"":30.0},""SR5_reaction"":{""value"":3.7987541041892405,""score"":100},""_score"":39.27,""_levels_found"":6,""_target_level"":227.14},""volume"":{""V1_rvol_day"":{""value"":1.5534261246522236,""score"":70.22840831014824},""V2_rvol_sameslot"":{""value"":1.9463103064297171,""score"":96.42068709531448,""status"":""ok""},""V3_breakout_bar"":{""value"":1.2493682964692279,""score"":49.95788643128186},""V4_base_dryup"":{""value"":0.7659292347558372,""score"":73.40707652441628},""V5_bo_expansion"":{""value"":1.5534261246522236,""score"":36.895074976814904},""_score"":66.03},""readiness"":{""_distance_atr"":-2.653,""BR1_atr_distance"":{""score"":6.937133218301817},""BR2_compression"":{""score"":0},""BR3_retest"":{""score"":50.0},""BR4_bo_age"":{""score"":50.0},""_score"":20.27},""risk"":{""R1_stop_clarity"":{""score"":42.2976945974313},""R2_stop_distance_pct"":{""value"":18.404942110215615,""score"":0.0},""R3_stop_distance_atr"":{""value"":4.273451128681729,""score"":86.32744356591355},""R4_rr_potential"":{""value"":-0.30919906106625855,""score"":0.0},""_score"":27.75},""market"":{""M1_spy_regime"":{""score"":100.0},""M3_earnings_risk"":{""value"":null,""score"":80.0},""M4_vix"":{""value"":null,""score"":60.0},""_score"":84.0},""liquidity"":{""L1_price"":{""value"":244.43,""score"":100.0},""L2_dollar_vol"":{""value"":1751160956.5840476,""score"":100.0},""L3_spread_proxy"":{""value"":0.08112752117170553,""score"":18.87247882829446},""L4_volume_zscore"":{""value"":0.8197667851281629,""score"":100.0},""_score"":91.89},""pattern_structure"":{""left_low"":206.01,""left_idx"":21,""right_low"":202.48,""right_idx"":61,""separation_bars"":40,""structural_low"":202.48,""current_price"":248.5675,""neckline_distance_pct"":-0.1290092228469128,""base_bars"":40},""pattern_geometry_features"":{""low_similarity_pct"":0.017283164826556348,""bounce_pct"":0.06924140655867252,""right_bottom_reaction"":0.6530612244898019,""atr_pct"":0.043068100127994585},""_schema_version"":""1.0""}",,,,,,,,,,
20260505T210937Z-543da1,2026-05-05T21:09:37.858700+00:00,WULF,inverse_head_shoulders,extended,50.0,100.0,57.9,72.8,53.0,30.4,46.9,36.0,84.0,95.2,12.0,16.21,5.83,7.42,4.25,3.75,2.16,4.2,4.76,True,stop_too_wide;price_extended_above_trigger,23.49,22.07,19.2765,24.57,"{""trend"":{""T1_ema_stack"":{""value"":[true,true,true],""score"":100.0},""T2_ema50_slope"":{""value"":0.6473131637517561,""score"":100},""T3_high_proximity"":{""value"":1.0,""score"":99.99999999999997},""T4_rs_1m"":{""value"":0.412208977791775,""score"":100},""T5_rs_3m"":{""value"":0.5375051494143481,""score"":100},""T6_adr_healthy"":{""value"":6.804719467403358,""score"":100.0},""_score"":100.0},""geometry"":{""sub_head_depth"":81.1,""sub_shoulder_price_sym"":27.1,""sub_shoulder_time_sym"":9.1,""sub_right_shoulder_reaction"":85.8,""sub_base_context"":100.0,""_score"":57.88},""compression"":{""VC1_atr_ratio"":{""value"":0.5958773665758419,""score"":100},""VC2_range_contraction"":{""value"":0.8406693528582782,""score"":26.55510785695364},""VC3_range_pct_rank"":{""score"":94.16666666666667},""_score"":72.84},""sr_quality"":{""SR1_touches"":{""value"":4,""score"":75.0},""SR2_tightness"":{""value"":0.341192760767283,""score"":53.55619742786063},""SR3_recency"":{""value"":234,""score"":0.0},""SR4_price_location"":{""score"":30.0},""SR5_reaction"":{""value"":2.5037919668640436,""score"":100},""_score"":53.03,""_levels_found"":7,""_target_level"":18.05},""volume"":{""V1_rvol_day"":{""value"":0.9146462907693715,""score"":27.643086051291437},""V2_rvol_sameslot"":{""value"":1.0285356436973547,""score"":35.23570957982365,""status"":""ok""},""V3_breakout_bar"":{""value"":1.0830771160752242,""score"":38.87180773834828},""V4_base_dryup"":{""value"":1.0962537008834687,""score"":40.37462991165312},""V5_bo_expansion"":{""value"":0.9146462907693715,""score"":0},""_score"":30.37},""readiness"":{""_distance_atr"":-0.966,""BR1_atr_distance"":{""score"":40.670691985337754},""BR2_compression"":{""score"":52.65132790556173},""BR3_retest"":{""score"":50.0},""BR4_bo_age"":{""score"":50.0},""_score"":46.93},""risk"":{""R1_stop_clarity"":{""score"":60.04141994574574},""R2_stop_distance_pct"":{""value"":17.937633035334176,""score"":0.0},""R3_stop_distance_atr"":{""value"":2.867781893844372,""score"":100.0},""R4_rr_potential"":{""value"":0.25631593312052836,""score"":0.0},""_score"":36.01},""market"":{""M1_spy_regime"":{""score"":100.0},""M3_earnings_risk"":{""value"":null,""score"":80.0},""M4_vix"":{""value"":null,""score"":60.0},""_score"":84.0},""liquidity"":{""L1_price"":{""value"":23.49,""score"":100.0},""L2_dollar_vol"":{""value"":754366112.5756491,""score"":100.0},""L3_spread_proxy"":{""value"":0.04759472115793949,""score"":52.40527884206051},""L4_volume_zscore"":{""value"":-0.2884628616737233,""score"":100.0},""_score"":95.24},""pattern_structure"":{""left_shoulder"":20.235,""left_shoulder_idx"":65,""head"":19.57,""head_idx"":71,""right_shoulder"":21.45,""right_shoulder_idx"":82,""left_to_head_bars"":6,""head_to_right_bars"":11,""structural_low"":19.57,""current_price"":23.4,""neckline_distance_pct"":-0.05683760683760677,""base_bars"":17},""pattern_geometry_features"":{""head_depth_pct"":0.06105313661988729,""shoulder_price_asymmetry"":0.058294350485786246,""shoulder_time_asymmetry"":0.45454545454545453,""right_shoulder_reaction"":0.8575058225704014,""atr_pct"":0.06254880496259807},""_schema_version"":""1.0""}",,,,,,,,,,
20260505T210937Z-543da1,2026-05-05T21:09:37.858700+00:00,INTC,double_bottom,extended,50.0,100.0,62.3,0.2,32.7,25.9,45.9,34.8,84.0,90.4,15.0,15.58,0.02,4.58,3.37,3.68,2.09,5.04,4.52,True,stop_too_wide;price_extended_above_trigger,108.15,100.45,90.8219,108.695,"{""trend"":{""T1_ema_stack"":{""value"":[true,true,true],""score"":100.0},""T2_ema50_slope"":{""value"":0.8108374904964575,""score"":100},""T3_high_proximity"":{""value"":1.0,""score"":99.99999999999997},""T4_rs_1m"":{""value"":1.0313735474820982,""score"":100},""T5_rs_3m"":{""value"":1.1462820735466024,""score"":100},""T6_adr_healthy"":{""value"":5.764641991603322,""score"":100.0},""_score"":100.0},""geometry"":{""sub_low_similarity"":15.2,""sub_bounce_quality"":84.9,""sub_separation_fit"":100.0,""sub_right_bottom_reaction"":38.5,""sub_base_context"":100.0,""_score"":62.31},""compression"":{""VC1_atr_ratio"":{""value"":1.5045731912697053,""score"":0},""VC2_range_contraction"":{""value"":1.1472235346213056,""score"":0},""VC3_range_pct_rank"":{""score"":0.8333333333333304},""_score"":0.21},""sr_quality"":{""SR1_touches"":{""value"":2,""score"":25.0},""SR2_tightness"":{""value"":1.5549999999999997,""score"":51.11325690803139},""SR3_recency"":{""value"":284,""score"":0.0},""SR4_price_location"":{""score"":30.0},""SR5_reaction"":{""value"":1.3400626522798473,""score"":67.00313261399236},""_score"":32.72,""_levels_found"":4,""_target_level"":53.045},""volume"":{""V1_rvol_day"":{""value"":1.3313335561879212,""score"":55.422237079194744},""V2_rvol_sameslot"":{""value"":1.002173787987858,""score"":33.478252532523875,""status"":""ok""},""V3_breakout_bar"":{""value"":0.5796837055256013,""score"":5.312247035040088},""V4_base_dryup"":{""value"":1.3237837773301568,""score"":17.621622266984318},""V5_bo_expansion"":{""value"":1.3313335561879212,""score"":22.08890374586141},""_score"":25.95},""readiness"":{""_distance_atr"":-1.21,""BR1_atr_distance"":{""score"":35.792416603976946},""BR2_compression"":{""score"":56.494303306190155},""BR3_retest"":{""score"":50.0},""BR4_bo_age"":{""score"":50.0},""_score"":45.94},""risk"":{""R1_stop_clarity"":{""score"":56.51830726564325},""R2_stop_distance_pct"":{""value"":16.022260748959788,""score"":0.0},""R3_stop_distance_atr"":{""value"":2.723836497760015,""score"":100.0},""R4_rr_potential"":{""value"":0.031451849094605216,""score"":0.0},""_score"":34.78},""market"":{""M1_spy_regime"":{""score"":100.0},""M3_earnings_risk"":{""value"":null,""score"":80.0},""M4_vix"":{""value"":null,""score"":60.0},""_score"":84.0},""liquidity"":{""L1_price"":{""value"":108.15,""score"":100.0},""L2_dollar_vol"":{""value"":20791024950.182583,""score"":100.0},""L3_spread_proxy"":{""value"":0.09616273693943601,""score"":3.837263060563984},""L4_volume_zscore"":{""value"":0.9319018096103217,""score"":100.0},""_score"":90.38},""pattern_structure"":{""left_low"":92.205,""left_idx"":61,""right_low"":96.2,""right_idx"":73,""separation_bars"":12,""structural_low"":92.205,""current_price"":107.76,""neckline_distance_pct"":-0.06783593170007425,""base_bars"":12},""pattern_geometry_features"":{""low_similarity_pct"":0.042408640959634876,""bounce_pct"":0.08942031343202651,""right_bottom_reaction"":0.38532110091743155,""atr_pct"":0.058822402747506754},""_schema_version"":""1.0""}",,,,,,,,,,
20260505T210937Z-543da1,2026-05-05T21:09:37.858700+00:00,CRM,bull_flag,absent,49.95,24.3,48.3,62.7,60.6,20.3,62.7,65.9,84.0,96.6,3.4,14.5,5.64,6.06,2.85,5.64,1.98,5.04,4.83,True,risk_unclear;trend_floor,186.99,190.31,178.3835,207.62,"{""trend"":{""T1_ema_stack"":{""value"":[true,false,false],""score"":33.33333333333333},""T2_ema50_slope"":{""value"":-0.25879007740720594,""score"":6.868320432132343},""T3_high_proximity"":{""value"":0.925189253376874,""score"":62.59462668843696},""T4_rs_1m"":{""value"":-0.08780907785332492,""score"":0},""T5_rs_3m"":{""value"":-0.0974724725706062,""score"":1.2637637146968999},""T6_adr_healthy"":{""value"":3.7179615119326805,""score"":100.0},""_score"":24.29},""geometry"":{""sub_pole_impulse"":37.6,""sub_flag_tightness"":45.6,""sub_flag_shallowness"":3.3,""sub_flag_drift"":100,""sub_flag_duration"":100.0,""_score"":48.34},""compression"":{""VC1_atr_ratio"":{""value"":0.5730411638940089,""score"":100},""VC2_range_contraction"":{""value"":0.7929355227032767,""score"":34.510746216120545},""VC3_range_pct_rank"":{""score"":42.50000000000001},""_score"":62.7},""sr_quality"":{""SR1_touches"":{""value"":3,""score"":50.0},""SR2_tightness"":{""value"":0.6687301398920199,""score"":82.10266358796903},""SR3_recency"":{""value"":244,""score"":0.0},""SR4_price_location"":{""score"":73.21428571428575},""SR5_reaction"":{""value"":2.272861957496266,""score"":100},""_score"":60.62,""_levels_found"":8,""_target_level"":189.72},""volume"":{""V1_rvol_day"":{""value"":0.7212417052750395,""score"":14.749447018335967},""V2_rvol_sameslot"":{""value"":0.5710825181995037,""score"":4.738834546633583,""status"":""ok""},""V3_breakout_bar"":{""value"":0.663594861071575,""score"":10.906324071438329},""V4_base_dryup"":{""value"":0.8148510335930211,""score"":68.51489664069788},""V5_bo_expansion"":{""value"":0.7212417052750395,""score"":0},""_score"":20.33},""readiness"":{""_distance_atr"":0.444,""BR1_atr_distance"":{""score"":70.38209518638958},""BR2_compression"":{""score"":68.2658853467946},""BR3_retest"":{""score"":50.0},""BR4_bo_age"":{""score"":50.0},""_score"":62.72},""risk"":{""R1_stop_clarity"":{""score"":27.297856843819787},""R2_stop_distance_pct"":{""value"":4.602652548264619,""score"":100.0},""R3_stop_distance_atr"":{""value"":1.1516859839382783,""score"":82.58429919691392},""R4_rr_potential"":{""value"":2.3970255039795467,""score"":69.85127519897733},""_score"":65.91},""market"":{""M1_spy_regime"":{""score"":100.0},""M3_earnings_risk"":{""value"":null,""score"":80.0},""M4_vix"":{""value"":null,""score"":60.0},""_score"":84.0},""liquidity"":{""L1_price"":{""value"":186.99,""score"":100.0},""L2_dollar_vol"":{""value"":1809475118.079805,""score"":100.0},""L3_spread_proxy"":{""value"":0.033638162468581166,""score"":66.36183753141884},""L4_volume_zscore"":{""value"":-0.9387047424111099,""score"":100.0},""_score"":96.64},""pattern_structure"":{""pole_low"":173.0,""pole_low_idx"":36,""peak_price"":190.31,""peak_idx"":49,""pole_gain"":0.10005780346820811,""flag_bars"":10,""flag_low"":181.1,""flag_high"":187.32,""structural_low"":181.1,""current_price"":187.185,""neckline_distance_pct"":0.016694713785826855,""base_bars"":10},""pattern_geometry_features"":{""pole_gain"":0.10005780346820811,""pullback_pct"":0.04839472439703645,""flag_range_pct"":0.0326835163680311,""flag_drift_per_bar"":5.9412945060831756e-05,""atr_pct"":0.03996447480002749,""pole_atr_multiple"":2.503668669959333},""_schema_version"":""1.0""}",,,,,,,,,,
20260505T210937Z-543da1,2026-05-05T21:09:37.858700+00:00,WWD,vcp,absent,49.94,45.1,40.5,48.1,71.5,26.4,42.5,48.5,84.0,96.3,6.77,10.12,5.77,8.58,3.43,2.98,2.43,5.04,4.81,True,risk_unclear,365.58,406.9999,365.435,475.2198,"{""trend"":{""T1_ema_stack"":{""value"":[false,true,true],""score"":66.66666666666666},""T2_ema50_slope"":{""value"":0.08535788900206336,""score"":64.22631483367722},""T3_high_proximity"":{""value"":0.9065840049597024,""score"":53.29200247985116},""T4_rs_1m"":{""value"":-0.1335054175219469,""score"":0},""T5_rs_3m"":{""value"":-0.06471749716196373,""score"":17.641251419018133},""T6_adr_healthy"":{""value"":3.4988787904436895,""score"":100.0},""_score"":45.15},""geometry"":{""sub_contraction_count"":100.0,""sub_reduction_rate"":0,""sub_pivot_tightness"":16.4,""sub_volume_dryup"":0,""sub_base_depth"":30.1,""sub_base_duration"":100.0,""_score"":40.47},""compression"":{""VC1_atr_ratio"":{""value"":0.204177152478561,""score"":100},""VC2_range_contraction"":{""value"":1.1201685266095949,""score"":0},""VC3_range_pct_rank"":{""score"":32.49999999999999},""_score"":48.12},""sr_quality"":{""SR1_touches"":{""value"":5,""score"":100},""SR2_tightness"":{""value"":2.2512494394002656,""score"":70.43212483326528},""SR3_recency"":{""value"":224,""score"":0.0},""SR4_price_location"":{""score"":65.62812805622949},""SR5_reaction"":{""value"":1.9400011445329333,""score"":97.00005722664666},""_score"":71.52,""_levels_found"":7,""_target_level"":373.5556},""volume"":{""V1_rvol_day"":{""value"":0.9143488291717032,""score"":27.62325527811355},""V2_rvol_sameslot"":{""value"":0.9933045051636744,""score"":32.886967010911626,""status"":""ok""},""V3_breakout_bar"":{""value"":1.0046256644791973,""score"":33.64171096527982},""V4_base_dryup"":{""value"":1.2050243587277605,""score"":29.497564127223953},""V5_bo_expansion"":{""value"":0.9143488291717032,""score"":0},""_score"":26.41},""readiness"":{""_distance_atr"":2.72,""BR1_atr_distance"":{""score"":0},""BR2_compression"":{""score"":100},""BR3_retest"":{""score"":50.0},""BR4_bo_age"":{""score"":50.0},""_score"":42.5},""risk"":{""R1_stop_clarity"":{""score"":26.909376445324668},""R2_stop_distance_pct"":{""value"":0.03966300125826955,""score"":50.99157503145674},""R3_stop_distance_atr"":{""value"":0.009522138738029288,""score"":25.476106936901466},""R4_rr_potential"":{""value"":756.1365517242334,""score"":100.0},""_score"":48.54},""market"":{""M1_spy_regime"":{""score"":100.0},""M3_earnings_risk"":{""value"":null,""score"":80.0},""M4_vix"":{""value"":null,""score"":60.0},""_score"":84.0},""liquidity"":{""L1_price"":{""value"":365.58,""score"":100.0},""L2_dollar_vol"":{""value"":296249186.2812494,""score"":100.0},""L3_spread_proxy"":{""value"":0.03706439083100829,""score"":62.93560916899171},""L4_volume_zscore"":{""value"":-0.18959173074162647,""score"":100.0},""_score"":96.29},""pattern_structure"":{""n_contractions"":5,""contractions_pct"":[7.57,10.66,6.99,9.62,8.85],""descending_strict"":false,""final_low"":371.0,""final_pivot"":406.9999,""structural_low"":371.0,""dry_up_ratio"":1.8553690321973102,""current_price"":365.58,""neckline_distance_pct"":0.11329914109086942,""base_bars"":46,""recent_base_height"":68.21990000000005},""pattern_geometry_features"":{""contraction_count"":5.0,""first_contraction_pct"":0.07574002026729332,""last_contraction_pct"":0.08845186448448765,""dry_up_ratio"":1.8553690321973102,""near_monotone"":0.0,""base_depth_pct"":0.08011184451460285},""_schema_version"":""1.0""}",,,,,,,,,,
20260505T210937Z-543da1,2026-05-05T21:09:37.858700+00:00,SIRI,bull_flag,absent,49.7,91.6,30.8,46.2,49.1,13.8,51.1,72.2,84.0,96.7,12.83,9.23,4.16,4.91,1.93,4.6,2.17,5.04,4.83,False,,26.4,27.56,25.5263,30.03,"{""trend"":{""T1_ema_stack"":{""value"":[true,true,true],""score"":100.0},""T2_ema50_slope"":{""value"":0.4447654901622664,""score"":100},""T3_high_proximity"":{""value"":0.9408410548823949,""score"":70.42052744119742},""T4_rs_1m"":{""value"":0.030285518595069894,""score"":80.2855185950699},""T5_rs_3m"":{""value"":0.26051668452265764,""score"":100},""T6_adr_healthy"":{""value"":3.80216802844343,""score"":100.0},""_score"":91.62},""geometry"":{""sub_pole_impulse"":26.9,""sub_flag_tightness"":2.0,""sub_flag_shallowness"":0,""sub_flag_drift"":81.4,""sub_flag_duration"":100.0,""_score"":30.78},""compression"":{""VC1_atr_ratio"":{""value"":0.5311408787384594,""score"":100},""VC2_range_contraction"":{""value"":1.6777238390556408,""score"":0},""VC3_range_pct_rank"":{""score"":25.0},""_score"":46.25},""sr_quality"":{""SR1_touches"":{""value"":4,""score"":75.0},""SR2_tightness"":{""value"":0.26432401990738585,""score"":57.76848754689412},""SR3_recency"":{""value"":239,""score"":0.0},""SR4_price_location"":{""score"":30.0},""SR5_reaction"":{""value"":1.3861398002853071,""score"":69.30699001426535},""_score"":49.06,""_levels_found"":4,""_target_level"":23.1438},""volume"":{""V1_rvol_day"":{""value"":0.7263746194725584,""score"":15.091641298170563},""V2_rvol_sameslot"":{""value"":0.6359454286347942,""score"":9.063028575652947,""status"":""ok""},""V3_breakout_bar"":{""value"":1.0369726948626898,""score"":35.798179657512655},""V4_base_dryup"":{""value"":1.8947411989057263,""score"":0},""V5_bo_expansion"":{""value"":0.7263746194725583,""score"":0},""_score"":13.78},""readiness"":{""_distance_atr"":0.927,""BR1_atr_distance"":{""score"":38.221588207322846},""BR2_compression"":{""score"":73.27875895434599},""BR3_retest"":{""score"":50.0},""BR4_bo_age"":{""score"":50.0},""_score"":51.11},""risk"":{""R1_stop_clarity"":{""score"":37.8927246790298},""R2_stop_distance_pct"":{""value"":3.3095643939393953,""score"":100.0},""R3_stop_distance_atr"":{""value"":0.697982881597718,""score"":59.8991440798859},""R4_rr_potential"":{""value"":4.154625311167699,""score"":100.0},""_score"":72.25},""market"":{""M1_spy_regime"":{""score"":100.0},""M3_earnings_risk"":{""value"":null,""score"":80.0},""M4_vix"":{""value"":null,""score"":60.0},""_score"":84.0},""liquidity"":{""L1_price"":{""value"":26.4,""score"":100.0},""L2_dollar_vol"":{""value"":123228797.98999439,""score"":100.0},""L3_spread_proxy"":{""value"":0.033522727272727336,""score"":66.47727272727266},""L4_volume_zscore"":{""value"":-0.512474253439092,""score"":100.0},""_score"":96.65},""pattern_structure"":{""pole_low"":25.09,""pole_low_idx"":36,""peak_price"":27.56,""peak_idx"":42,""pole_gain"":0.09844559585492224,""flag_bars"":17,""flag_low"":25.915,""flag_high"":27.51,""structural_low"":25.915,""current_price"":26.265,""neckline_distance_pct"":0.04930515895678653,""base_bars"":17},""pattern_geometry_features"":{""pole_gain"":0.09844559585492224,""pullback_pct"":0.059687953555878075,""flag_range_pct"":0.05787373004354145,""flag_drift_per_bar"":-0.0037126310642284477,""atr_pct"":0.04741612554112553,""pole_atr_multiple"":2.0762049773454647},""_schema_version"":""1.0""}",,,,,,,,,,
20260505T210937Z-543da1,2026-05-05T21:09:37.858700+00:00,BA,double_bottom,absent,49.65,56.1,48.0,59.8,45.7,16.3,28.1,62.2,84.0,98.3,8.42,11.99,4.78,6.39,2.12,2.25,3.73,5.04,4.92,True,risk_unclear,224.38,236.45,218.2563,251.32,"{""trend"":{""T1_ema_stack"":{""value"":[true,true,true],""score"":100.0},""T2_ema50_slope"":{""value"":0.1412101317381762,""score"":73.5350219563627},""T3_high_proximity"":{""value"":0.9169220710228433,""score"":58.46103551142162},""T4_rs_1m"":{""value"":-0.04150134234308234,""score"":8.498657656917665},""T5_rs_3m"":{""value"":-0.08727228188785241,""score"":6.363859056073792},""T6_adr_healthy"":{""value"":2.6422931177145106,""score"":100.0},""_score"":56.13},""geometry"":{""sub_low_similarity"":36.1,""sub_bounce_quality"":53.0,""sub_separation_fit"":13.3,""sub_right_bottom_reaction"":30.4,""sub_base_context"":100.0,""_score"":47.98},""compression"":{""VC1_atr_ratio"":{""value"":0.45958361660148167,""score"":100},""VC2_range_contraction"":{""value"":1.062133082408465,""score"":0},""VC3_range_pct_rank"":{""score"":79.16666666666666},""_score"":59.79},""sr_quality"":{""SR1_touches"":{""value"":2,""score"":25.0},""SR2_tightness"":{""value"":1.5,""score"":57.348671563445365},""SR3_recency"":{""value"":262,""score"":0.0},""SR4_price_location"":{""score"":58.28320761880358},""SR5_reaction"":{""value"":3.3097430866766397,""score"":100},""_score"":45.67,""_levels_found"":5,""_target_level"":230.46},""volume"":{""V1_rvol_day"":{""value"":0.6439087901021453,""score"":9.593919340143021},""V2_rvol_sameslot"":{""value"":0.5723893449013973,""score"":4.825956326759817,""status"":""ok""},""V3_breakout_bar"":{""value"":0.6336545212930599,""score"":8.910301419537326},""V4_base_dryup"":{""value"":0.9383724586582549,""score"":56.162754134174506},""V5_bo_expansion"":{""value"":0.6439087901021453,""score"":0},""_score"":16.34},""readiness"":{""_distance_atr"":1.716,""BR1_atr_distance"":{""score"":0},""BR2_compression"":{""score"":42.49525810411742},""BR3_retest"":{""score"":50.0},""BR4_bo_age"":{""score"":50.0},""_score"":28.12},""risk"":{""R1_stop_clarity"":{""score"":5.493186450282167},""R2_stop_distance_pct"":{""value"":2.7291648096978274,""score"":100.0},""R3_stop_distance_atr"":{""value"":0.87061313315643,""score"":68.5306566578215},""R4_rr_potential"":{""value"":4.39930107614678,""score"":100.0},""_score"":62.2},""market"":{""M1_spy_regime"":{""score"":100.0},""M3_earnings_risk"":{""value"":null,""score"":80.0},""M4_vix"":{""value"":null,""score"":60.0},""_score"":84.0},""liquidity"":{""L1_price"":{""value"":224.38,""score"":100.0},""L2_dollar_vol"":{""value"":859627284.6496127,""score"":100.0},""L3_spread_proxy"":{""value"":0.017024690257598687,""score"":82.97530974240131},""L4_volume_zscore"":{""value"":-0.7684491601384369,""score"":100.0},""_score"":98.3},""pattern_structure"":{""left_low"":228.77,""left_idx"":30,""right_low"":221.58,""right_idx"":73,""separation_bars"":43,""structural_low"":221.58,""current_price"":224.77,""neckline_distance_pct"":0.05196423010188182,""base_bars"":43},""pattern_geometry_features"":{""low_similarity_pct"":0.031930720550682794,""bounce_pct"":0.06710894485061818,""right_bottom_reaction"":0.30434782608694844,""atr_pct"":0.03134761819871901},""_schema_version"":""1.0""}",,,,,,,,,,
20260505T210937Z-543da1,2026-05-05T21:09:37.858700+00:00,RTX,double_bottom,forming,49.22,16.9,53.3,56.9,48.2,36.3,52.3,53.5,84.0,98.3,2.54,13.32,4.55,6.75,4.72,4.18,3.21,5.04,4.91,True,risk_unclear;reversal_trend_cap,172.87,176.99,168.6271,182.785,"{""trend"":{""T1_ema_stack"":{""value"":[false,false,true],""score"":33.33333333333333},""T2_ema50_slope"":{""value"":-0.22614303891507312,""score"":12.309493514154482},""T3_high_proximity"":{""value"":0.8148095776772247,""score"":7.404788838612342},""T4_rs_1m"":{""value"":-0.22712530532167774,""score"":0},""T5_rs_3m"":{""value"":-0.2001729832637843,""score"":0},""T6_adr_healthy"":{""value"":2.5473071039847897,""score"":100.0},""_score"":16.91},""geometry"":{""sub_low_similarity"":94.9,""sub_bounce_quality"":5.5,""sub_separation_fit"":40.0,""sub_right_bottom_reaction"":78.0,""sub_base_context"":30.0,""_score"":53.27},""compression"":{""VC1_atr_ratio"":{""value"":0.4132364810330916,""score"":100},""VC2_range_contraction"":{""value"":1.1409302182791752,""score"":0},""VC3_range_pct_rank"":{""score"":67.5},""_score"":56.88},""sr_quality"":{""SR1_touches"":{""value"":2,""score"":25.0},""SR2_tightness"":{""value"":0.8024999999999949,""score"":68.92537387739996},""SR3_recency"":{""value"":315,""score"":0.0},""SR4_price_location"":{""score"":64.41203847347185},""SR5_reaction"":{""value"":1.9027158144539178,""score"":95.13579072269589},""_score"":48.21,""_levels_found"":7,""_target_level"":175.7375},""volume"":{""V1_rvol_day"":{""value"":0.8644861778767274,""score"":24.29907852511516},""V2_rvol_sameslot"":{""value"":0.9785030248237309,""score"":31.90020165491539,""status"":""ok""},""V3_breakout_bar"":{""value"":1.0825938278466838,""score"":38.83958852311225},""V4_base_dryup"":{""value"":0.7312070530486355,""score"":76.87929469513645},""V5_bo_expansion"":{""value"":0.8644861778767274,""score"":0},""_score"":36.33},""readiness"":{""_distance_atr"":0.798,""BR1_atr_distance"":{""score"":46.82140825540474},""BR2_compression"":{""score"":64.16098969936576},""BR3_retest"":{""score"":50.0},""BR4_bo_age"":{""score"":50.0},""_score"":52.27},""risk"":{""R1_stop_clarity"":{""score"":0.564100578344835},""R2_stop_distance_pct"":{""value"":2.4544021519060646,""score"":100.0},""R3_stop_distance_atr"":{""value"":0.8214785547740437,""score"":66.07392773870218},""R4_rr_potential"":{""value"":2.336831313303909,""score"":66.84156566519546},""_score"":53.48},""market"":{""M1_spy_regime"":{""score"":100.0},""M3_earnings_risk"":{""value"":null,""score"":80.0},""M4_vix"":{""value"":null,""score"":60.0},""_score"":84.0},""liquidity"":{""L1_price"":{""value"":172.87,""score"":100.0},""L2_dollar_vol"":{""value"":795191398.3233727,""score"":100.0},""L3_spread_proxy"":{""value"":0.017093769884884667,""score"":82.90623011511533},""L4_volume_zscore"":{""value"":-0.377531072152581,""score"":100.0},""_score"":98.29},""pattern_structure"":{""left_low"":171.6301,""left_idx"":35,""right_low"":171.195,""right_idx"":74,""separation_bars"":39,""structural_low"":171.195,""current_price"":172.77,""neckline_distance_pct"":0.02442553684088672,""base_bars"":39},""pattern_geometry_features"":{""low_similarity_pct"":0.00253832056054242,""bounce_pct"":0.03385028768363572,""right_bottom_reaction"":0.7800338409475456,""atr_pct"":0.0298778603244387},""_schema_version"":""1.0""}",,,,,,,,,,
20260505T210937Z-543da1,2026-05-05T21:09:37.858700+00:00,ROP,double_bottom,absent,49.18,40.1,46.6,51.5,49.4,29.0,36.7,64.0,84.0,97.8,6.01,11.66,4.12,6.91,3.76,2.94,3.84,5.04,4.89,True,risk_unclear;reversal_trend_cap,356.56,384.0,344.0408,418.72,"{""trend"":{""T1_ema_stack"":{""value"":[true,false,false],""score"":33.33333333333333},""T2_ema50_slope"":{""value"":-0.04406448235074835,""score"":42.655919608208606},""T3_high_proximity"":{""value"":0.9702312925170068,""score"":85.11564625850338},""T4_rs_1m"":{""value"":-0.1084799690654078,""score"":0},""T5_rs_3m"":{""value"":-0.027467918085810394,""score"":36.2660409570948},""T6_adr_healthy"":{""value"":2.461400591488406,""score"":100.0},""_score"":40.07},""geometry"":{""sub_low_similarity"":32.9,""sub_bounce_quality"":99.1,""sub_separation_fit"":0.0,""sub_right_bottom_reaction"":73.0,""sub_base_context"":30.0,""_score"":46.64},""compression"":{""VC1_atr_ratio"":{""value"":0.30103891712607234,""score"":100},""VC2_range_contraction"":{""value"":1.1039462448872017,""score"":0},""VC3_range_pct_rank"":{""score"":45.833333333333336},""_score"":51.46},""sr_quality"":{""SR1_touches"":{""value"":2,""score"":25.0},""SR2_tightness"":{""value"":1.7199999999999989,""score"":62.32127838519772},""SR3_recency"":{""value"":243,""score"":0.0},""SR4_price_location"":{""score"":70.12185765612917},""SR5_reaction"":{""value"":2.0810921822129176,""score"":100},""_score"":49.38,""_levels_found"":4,""_target_level"":361.72},""volume"":{""V1_rvol_day"":{""value"":0.6927112227734111,""score"":12.847414851560742},""V2_rvol_sameslot"":{""value"":0.7121681432675927,""score"":14.144542884506182,""status"":""ok""},""V3_breakout_bar"":{""value"":1.0266368259305736,""score"":35.109121728704906},""V4_base_dryup"":{""value"":0.7608624235166579,""score"":73.91375764833421},""V5_bo_expansion"":{""value"":0.6927112227734115,""score"":0},""_score"":28.96},""readiness"":{""_distance_atr"":3.006,""BR1_atr_distance"":{""score"":0},""BR2_compression"":{""score"":76.83038651805239},""BR3_retest"":{""score"":50.0},""BR4_bo_age"":{""score"":50.0},""_score"":36.71},""risk"":{""R1_stop_clarity"":{""score"":0},""R2_stop_distance_pct"":{""value"":3.5111061251963243,""score"":100.0},""R3_stop_distance_atr"":{""value"":1.3712425919768414,""score"":93.56212959884206},""R4_rr_potential"":{""value"":4.9651734935139595,""score"":100.0},""_score"":64.03},""market"":{""M1_spy_regime"":{""score"":100.0},""M3_earnings_risk"":{""value"":null,""score"":80.0},""M4_vix"":{""value"":null,""score"":60.0},""_score"":84.0},""liquidity"":{""L1_price"":{""value"":356.56,""score"":100.0},""L2_dollar_vol"":{""value"":288225889.89077824,""score"":100.0},""L3_spread_proxy"":{""value"":0.02153915189589412,""score"":78.46084810410588},""L4_volume_zscore"":{""value"":-1.7254812858452087,""score"":100.0},""_score"":97.85},""pattern_structure"":{""left_low"":361.19,""left_idx"":26,""right_low"":349.28,""right_idx"":74,""separation_bars"":48,""structural_low"":349.28,""current_price"":356.16,""neckline_distance_pct"":0.07816711590296488,""base_bars"":48},""pattern_geometry_features"":{""low_similarity_pct"":0.03352710177769652,""bounce_pct"":0.0994044892349978,""right_bottom_reaction"":0.7304991795228442,""atr_pct"":0.025605287829738168},""_schema_version"":""1.0""}",,,,,,,,,,
20260505T210937Z-543da1,2026-05-05T21:09:37.858700+00:00,AMD,breakout_retest_hold,extended,49.16,98.9,15.7,11.5,40.1,46.5,51.3,64.3,84.0,95.9,13.85,3.45,0.69,5.62,6.04,9.23,3.22,4.2,2.88,True,price_extended_above_trigger,355.26,337.808,335.313,343.7267,"{""trend"":{""T1_ema_stack"":{""value"":[true,true,true],""score"":100.0},""T2_ema50_slope"":{""value"":0.7805079508153234,""score"":100},""T3_high_proximity"":{""value"":0.9853553003827591,""score"":92.67765019137953},""T4_rs_1m"":{""value"":0.5150960923683026,""score"":100},""T5_rs_3m"":{""value"":0.41769253910878024,""score"":100},""T6_adr_healthy"":{""value"":4.489908143930598,""score"":100.0},""_score"":98.9},""geometry"":{""sub_retest_depth"":35.6,""sub_retest_timing"":0.0,""sub_retest_freshness"":25.0,""sub_hold_quality"":0.0,""_score"":15.68},""compression"":{""VC1_atr_ratio"":{""value"":1.2428759957403868,""score"":0},""VC2_range_contraction"":{""value"":1.251667797132382,""score"":0},""VC3_range_pct_rank"":{""score"":45.833333333333336},""_score"":11.46},""sr_quality"":{""SR1_touches"":{""value"":2,""score"":25.0},""SR2_tightness"":{""value"":3.2150999999999783,""score"":67.41746763202377},""SR3_recency"":{""value"":287,""score"":0.0},""SR4_price_location"":{""score"":30.0},""SR5_reaction"":{""value"":2.589794984719043,""score"":100},""_score"":40.11,""_levels_found"":3,""_target_level"":263.7449},""volume"":{""V1_rvol_day"":{""value"":1.2667088415872596,""score"":51.113922772483974},""V2_rvol_sameslot"":{""value"":1.5412873393073883,""score"":69.41915595382588,""status"":""ok""},""V3_breakout_bar"":{""value"":1.0790616532425192,""score"":38.604110216167946},""V4_base_dryup"":{""value"":0.9972642674169201,""score"":50.27357325830799},""V5_bo_expansion"":{""value"":1.2667088415872598,""score"":17.780589439150653},""_score"":46.48},""readiness"":{""_distance_atr"":-0.884,""BR1_atr_distance"":{""score"":42.313758362541606},""BR2_compression"":{""score"":39.4176766016399},""BR3_retest"":{""score"":100},""BR4_bo_age"":{""score"":30.0},""_score"":51.28},""risk"":{""R1_stop_clarity"":{""score"":65.67539512601903},""R2_stop_distance_pct"":{""value"":5.614761020097958,""score"":100.0},""R3_stop_distance_atr"":{""value"":1.0107364827595196,""score"":75.53682413797598},""R4_rr_potential"":{""value"":-0.5781993711907969,""score"":0.0},""_score"":64.32},""market"":{""M1_spy_regime"":{""score"":100.0},""M3_earnings_risk"":{""value"":null,""score"":80.0},""M4_vix"":{""value"":null,""score"":60.0},""_score"":84.0},""liquidity"":{""L1_price"":{""value"":355.26,""score"":100.0},""L2_dollar_vol"":{""value"":18698726030.329205,""score"":100.0},""L3_spread_proxy"":{""value"":0.04135450092889713,""score"":58.64549907110287},""L4_volume_zscore"":{""value"":0.7921923155696322,""score"":100.0},""_score"":95.86},""pattern_structure"":{""level"":337.808,""level_idx"":43,""breakout_idx"":55,""bo_peak_idx"":66,""bo_peak_price"":362.79,""retest_idx"":70,""retest_low"":338.7,""structural_low"":338.7,""current_price"":355.477,""neckline_distance_pct"":-0.04970504420820471,""base_bars"":36,""bars_since_breakout"":24},""pattern_geometry_features"":{""retest_depth_atr"":-0.15070986179297347,""bars_breakout_to_retest"":15.0,""bars_since_retest"":9.0,""current_above_level_atr"":2.9853055471076884,""bo_peak_excess_pct"":0.07395325155117709,""atr_pct"":0.05555118585181075},""_schema_version"":""1.0""}",,,,,,,,,,
20260505T210937Z-543da1,2026-05-05T21:09:37.858700+00:00,UUUU,bull_flag,absent,49.13,75.4,34.2,48.3,48.1,26.3,39.4,78.6,84.0,90.8,10.55,10.26,4.35,4.82,3.68,3.54,2.36,5.04,4.54,False,,21.04,22.76,20.3402,26.06,"{""trend"":{""T1_ema_stack"":{""value"":[true,true,true],""score"":100.0},""T2_ema50_slope"":{""value"":0.23545166255579275,""score"":89.24194375929879},""T3_high_proximity"":{""value"":0.9002995293110825,""score"":50.14976465554122},""T4_rs_1m"":{""value"":0.08163169646563873,""score"":100},""T5_rs_3m"":{""value"":-0.1919317783409651,""score"":0},""T6_adr_healthy"":{""value"":7.361645813521872,""score"":100.0},""_score"":75.37},""geometry"":{""sub_pole_impulse"":30.1,""sub_flag_tightness"":16.7,""sub_flag_shallowness"":0,""sub_flag_drift"":73.3,""sub_flag_duration"":100.0,""_score"":34.2},""compression"":{""VC1_atr_ratio"":{""value"":0.5383943233369837,""score"":100},""VC2_range_contraction"":{""value"":1.0927512502967602,""score"":0},""VC3_range_pct_rank"":{""score"":33.333333333333336},""_score"":48.33},""sr_quality"":{""SR1_touches"":{""value"":3,""score"":50.0},""SR2_tightness"":{""value"":0.32484531703566244,""score"":59.84092578955214},""SR3_recency"":{""value"":229,""score"":0.0},""SR4_price_location"":{""score"":36.70569103351007},""SR5_reaction"":{""value"":2.469784671355593,""score"":100},""_score"":48.15,""_levels_found"":5,""_target_level"":23.5532},""volume"":{""V1_rvol_day"":{""value"":0.838728024458987,""score"":22.581868297265796},""V2_rvol_sameslot"":{""value"":0.9605104909053149,""score"":30.700699393687664,""status"":""ok""},""V3_breakout_bar"":{""value"":0.81052085874314,""score"":20.701390582875998},""V4_base_dryup"":{""value"":0.9780219852666044,""score"":52.19780147333955},""V5_bo_expansion"":{""value"":0.838728024458987,""score"":0},""_score"":26.27},""readiness"":{""_distance_atr"":1.063,""BR1_atr_distance"":{""score"":29.121539781565914},""BR2_compression"":{""score"":40.80084792906245},""BR3_retest"":{""score"":50.0},""BR4_bo_age"":{""score"":50.0},""_score"":39.35},""risk"":{""R1_stop_clarity"":{""score"":61.70708769884883},""R2_stop_distance_pct"":{""value"":3.3258079847908824,""score"":100.0},""R3_stop_distance_atr"":{""value"":0.4325337430626392,""score"":46.62668715313196},""R4_rr_potential"":{""value"":7.173990710968191,""score"":100.0},""_score"":78.59},""market"":{""M1_spy_regime"":{""score"":100.0},""M3_earnings_risk"":{""value"":null,""score"":80.0},""M4_vix"":{""value"":null,""score"":60.0},""_score"":84.0},""liquidity"":{""L1_price"":{""value"":21.04,""score"":100.0},""L2_dollar_vol"":{""value"":174905086.06927264,""score"":100.0},""L3_spread_proxy"":{""value"":0.09173003802281368,""score"":8.269961977186313},""L4_volume_zscore"":{""value"":-0.836545907318081,""score"":100.0},""_score"":90.83},""pattern_structure"":{""pole_low"":19.46,""pole_low_idx"":30,""peak_price"":22.76,""peak_idx"":48,""pole_gain"":0.16957862281603292,""flag_bars"":11,""flag_low"":20.65,""flag_high"":22.58,""structural_low"":20.65,""current_price"":20.895,""neckline_distance_pct"":0.08925580282364212,""base_bars"":11},""pattern_geometry_features"":{""pole_gain"":0.16957862281603292,""pullback_pct"":0.09270650263620399,""flag_range_pct"":0.08479789103690684,""flag_drift_per_bar"":-0.005334029454632453,""atr_pct"":0.07689129549158068,""pole_atr_multiple"":2.2054332903599105},""_schema_version"":""1.0""}",,,,,,,,,,
20260505T210937Z-543da1,2026-05-05T21:09:37.858700+00:00,TSLA,double_bottom,forming,49.09,39.7,52.7,56.2,48.4,12.5,45.3,59.4,84.0,96.6,5.96,13.17,4.5,6.78,1.63,3.63,3.56,5.04,4.83,True,risk_unclear;reversal_trend_cap,389.37,402.12,364.4894,434.2,"{""trend"":{""T1_ema_stack"":{""value"":[true,false,false],""score"":33.33333333333333},""T2_ema50_slope"":{""value"":-0.0856158389694202,""score"":35.73069350509663},""T3_high_proximity"":{""value"":0.9091694491792561,""score"":54.58472458962804},""T4_rs_1m"":{""value"":0.005191945888420868,""score"":55.19194588842087},""T5_rs_3m"":{""value"":-0.12689182173444746,""score"":0},""T6_adr_healthy"":{""value"":3.7476600259689477,""score"":100.0},""_score"":39.71},""geometry"":{""sub_low_similarity"":0.1,""sub_bounce_quality"":81.0,""sub_separation_fit"":100.0,""sub_right_bottom_reaction"":9.6,""sub_base_context"":100.0,""_score"":52.67},""compression"":{""VC1_atr_ratio"":{""value"":0.3714921001336051,""score"":100},""VC2_range_contraction"":{""value"":0.8932999127399428,""score"":17.7833478766762},""VC3_range_pct_rank"":{""score"":40.0},""_score"":56.22},""sr_quality"":{""SR1_touches"":{""value"":3,""score"":50.0},""SR2_tightness"":{""value"":2.686910658895978,""score"":60.43062061073419},""SR3_recency"":{""value"":249,""score"":0.0},""SR4_price_location"":{""score"":37.42688006220642},""SR5_reaction"":{""value"":2.1299745192690365,""score"":100},""_score"":48.42,""_levels_found"":6,""_target_level"":396.9267},""volume"":{""V1_rvol_day"":{""value"":0.7369508089585896,""score"":15.796720597239302},""V2_rvol_sameslot"":{""value"":0.5522372365227926,""score"":3.482482434852837,""status"":""ok""},""V3_breakout_bar"":{""value"":0.5058509787103782,""score"":0.3900652473585472},""V4_base_dryup"":{""value"":1.0707998866944044,""score"":42.92001133055956},""V5_bo_expansion"":{""value"":0.7369508089585896,""score"":0},""_score"":12.54},""readiness"":{""_distance_atr"":0.939,""BR1_atr_distance"":{""score"":37.411442450610224},""BR2_compression"":{""score"":51.514898721792605},""BR3_retest"":{""score"":50.0},""BR4_bo_age"":{""score"":50.0},""_score"":45.34},""risk"":{""R1_stop_clarity"":{""score"":18.257871168554146},""R2_stop_distance_pct"":{""value"":6.389963274006733,""score"":100.0},""R3_stop_distance_atr"":{""value"":1.8320480764274687,""score"":100.0},""R4_rr_potential"":{""value"":1.8018054226988078,""score"":40.090271134940394},""_score"":59.41},""market"":{""M1_spy_regime"":{""score"":100.0},""M3_earnings_risk"":{""value"":null,""score"":80.0},""M4_vix"":{""value"":null,""score"":60.0},""_score"":84.0},""liquidity"":{""L1_price"":{""value"":389.37,""score"":100.0},""L2_dollar_vol"":{""value"":18414242114.47779,""score"":100.0},""L3_spread_proxy"":{""value"":0.03369545676348975,""score"":66.30454323651026},""L4_volume_zscore"":{""value"":-0.9508724338069434,""score"":100.0},""_score"":96.63},""pattern_structure"":{""left_low"":370.04,""left_idx"":52,""right_low"":389.0,""right_idx"":76,""separation_bars"":24,""structural_low"":370.04,""current_price"":392.11,""neckline_distance_pct"":0.02552855066180406,""base_bars"":24},""pattern_geometry_features"":{""low_similarity_pct"":0.04995784148397971,""bounce_pct"":0.08669333045076204,""right_bottom_reaction"":0.09633647798742401,""atr_pct"":0.03487879688434428},""_schema_version"":""1.0""}",,,,,,,,,,
20260505T210937Z-543da1,2026-05-05T21:09:37.858700+00:00,CRM,vcp,absent,49.0,24.3,48.4,62.7,60.6,17.1,51.1,55.6,84.0,96.6,3.64,12.11,7.52,7.27,2.22,3.58,2.78,5.04,4.83,True,trend_floor,186.99,193.56,168.0902,234.895,"{""trend"":{""T1_ema_stack"":{""value"":[true,false,false],""score"":33.33333333333333},""T2_ema50_slope"":{""value"":-0.25879007740720594,""score"":6.868320432132343},""T3_high_proximity"":{""value"":0.925189253376874,""score"":62.59462668843696},""T4_rs_1m"":{""value"":-0.08780907785332492,""score"":0},""T5_rs_3m"":{""value"":-0.0974724725706062,""score"":1.2637637146968999},""T6_adr_healthy"":{""value"":3.7179615119326805,""score"":100.0},""_score"":24.29},""geometry"":{""sub_contraction_count"":100.0,""sub_reduction_rate"":0,""sub_pivot_tightness"":0,""sub_volume_dryup"":22.8,""sub_base_depth"":100.0,""sub_base_duration"":100.0,""_score"":48.42},""compression"":{""VC1_atr_ratio"":{""value"":0.5730411638940089,""score"":100},""VC2_range_contraction"":{""value"":0.7929355227032767,""score"":34.510746216120545},""VC3_range_pct_rank"":{""score"":42.50000000000001},""_score"":62.7},""sr_quality"":{""SR1_touches"":{""value"":3,""score"":50.0},""SR2_tightness"":{""value"":0.6687301398920199,""score"":82.10266358796903},""SR3_recency"":{""value"":244,""score"":0.0},""SR4_price_location"":{""score"":73.21428571428575},""SR5_reaction"":{""value"":2.272861957496266,""score"":100},""_score"":60.62,""_levels_found"":8,""_target_level"":189.72},""volume"":{""V1_rvol_day"":{""value"":0.7212417052750395,""score"":14.749447018335967},""V2_rvol_sameslot"":{""value"":0.5710825181995037,""score"":4.738834546633583,""status"":""ok""},""V3_breakout_bar"":{""value"":0.663594861071575,""score"":10.906324071438329},""V4_base_dryup"":{""value"":0.9766810316885836,""score"":52.33189683114164},""V5_bo_expansion"":{""value"":0.7212417052750395,""score"":0},""_score"":17.09},""readiness"":{""_distance_atr"":0.879,""BR1_atr_distance"":{""score"":41.38866426945162},""BR2_compression"":{""score"":68.2658853467946},""BR3_retest"":{""score"":50.0},""BR4_bo_age"":{""score"":50.0},""_score"":51.12},""risk"":{""R1_stop_clarity"":{""score"":31.492983271108727},""R2_stop_distance_pct"":{""value"":10.10735868228248,""score"":47.31603294293798},""R3_stop_distance_atr"":{""value"":2.5290858275649173,""score"":100.0},""R4_rr_potential"":{""value"":2.534689612296456,""score"":76.7344806148228},""_score"":55.56},""market"":{""M1_spy_regime"":{""score"":100.0},""M3_earnings_risk"":{""value"":null,""score"":80.0},""M4_vix"":{""value"":null,""score"":60.0},""_score"":84.0},""liquidity"":{""L1_price"":{""value"":186.99,""score"":100.0},""L2_dollar_vol"":{""value"":1809475118.079805,""score"":100.0},""L3_spread_proxy"":{""value"":0.033638162468581166,""score"":66.36183753141884},""L4_volume_zscore"":{""value"":-0.9387047424111099,""score"":100.0},""_score"":96.64},""pattern_structure"":{""n_contractions"":5,""contractions_pct"":[5.7,6.76,12.71,13.47,11.84],""descending_strict"":false,""final_low"":170.65,""final_pivot"":193.56,""structural_low"":170.65,""dry_up_ratio"":0.8859126958892677,""current_price"":186.99,""neckline_distance_pct"":0.03513556874699178,""base_bars"":39,""recent_base_height"":41.33499999999998},""pattern_geometry_features"":{""contraction_count"":5.0,""first_contraction_pct"":0.056980127838436014,""last_contraction_pct"":0.11836123165943375,""dry_up_ratio"":0.8859126958892677,""near_monotone"":0.0,""base_depth_pct"":0.1511428358246076},""_schema_version"":""1.0""}",,,,,,,,,,
20260505T210937Z-543da1,2026-05-05T21:09:37.858700+00:00,MSFT,vcp,forming,48.96,61.7,50.5,40.9,33.4,17.4,38.6,65.0,84.0,98.1,9.26,12.63,4.91,4.01,2.26,2.7,3.25,5.04,4.9,True,risk_unclear,411.38,429.92,392.0399,507.34,"{""trend"":{""T1_ema_stack"":{""value"":[true,true,false],""score"":66.66666666666666},""T2_ema50_slope"":{""value"":0.12005841680040978,""score"":70.00973613340163},""T3_high_proximity"":{""value"":0.9502448489328282,""score"":75.12242446641409},""T4_rs_1m"":{""value"":0.004848420771801587,""score"":54.848420771801585},""T5_rs_3m"":{""value"":-0.04924359867714423,""score"":25.378200661427886},""T6_adr_healthy"":{""value"":2.430437147577433,""score"":100.0},""_score"":61.71},""geometry"":{""sub_contraction_count"":100.0,""sub_reduction_rate"":0,""sub_pivot_tightness"":36.9,""sub_volume_dryup"":0,""sub_base_depth"":100.0,""sub_base_duration"":100.0,""_score"":50.53},""compression"":{""VC1_atr_ratio"":{""value"":0.7122985424893343,""score"":71.92536437766641},""VC2_range_contraction"":{""value"":0.9954484216780919,""score"":0.7585963869846853},""VC3_range_pct_rank"":{""score"":47.5},""_score"":40.91},""sr_quality"":{""SR1_touches"":{""value"":2,""score"":25.0},""SR2_tightness"":{""value"":1.8899999999999864,""score"":66.80668658349124},""SR3_recency"":{""value"":226,""score"":0.0},""SR4_price_location"":{""score"":3.449753386504967},""SR5_reaction"":{""value"":2.3797278675177855,""score"":100},""_score"":33.38,""_levels_found"":6,""_target_level"":431.81},""volume"":{""V1_rvol_day"":{""value"":0.7101558669185237,""score"":14.010391127901581},""V2_rvol_sameslot"":{""value"":0.6846311958504447,""score"":12.30874639002965,""status"":""ok""},""V3_breakout_bar"":{""value"":0.7847540882785695,""score"":18.983605885237967},""V4_base_dryup"":{""value"":1.1318855558240082,""score"":36.81144441759918},""V5_bo_expansion"":{""value"":0.7101558669185237,""score"":0},""_score"":17.37},""readiness"":{""_distance_atr"":1.628,""BR1_atr_distance"":{""score"":0},""BR2_compression"":{""score"":84.44304311579015},""BR3_retest"":{""score"":50.0},""BR4_bo_age"":{""score"":50.0},""_score"":38.61},""risk"":{""R1_stop_clarity"":{""score"":0},""R2_stop_distance_pct"":{""value"":4.70128591569838,""score"":100.0},""R3_stop_distance_atr"":{""value"":1.6983165620960212,""score"":100.0},""R4_rr_potential"":{""value"":4.96169884928504,""score"":100.0},""_score"":65.0},""market"":{""M1_spy_regime"":{""score"":100.0},""M3_earnings_risk"":{""value"":null,""score"":80.0},""M4_vix"":{""value"":null,""score"":60.0},""_score"":84.0},""liquidity"":{""L1_price"":{""value"":411.38,""score"":100.0},""L2_dollar_vol"":{""value"":10360633809.553434,""score"":100.0},""L3_spread_proxy"":{""value"":0.019397880305313787,""score"":80.60211969468621},""L4_volume_zscore"":{""value"":-0.9839352870193142,""score"":100.0},""_score"":98.06},""pattern_structure"":{""n_contractions"":5,""contractions_pct"":[18.9,6.88,13.74,5.14,7.42],""descending_strict"":false,""final_low"":398.01,""final_pivot"":429.92,""structural_low"":398.01,""dry_up_ratio"":1.0167865052992204,""current_price"":411.38,""neckline_distance_pct"":0.045067820506587634,""base_bars"":64,""recent_base_height"":77.42000000000002},""pattern_geometry_features"":{""contraction_count"":5.0,""first_contraction_pct"":0.1889858188282962,""last_contraction_pct"":0.07422311127651662,""dry_up_ratio"":1.0167865052992204,""near_monotone"":0.0,""base_depth_pct"":0.17722330177368012},""_schema_version"":""1.0""}",,,,,,,,,,
20260505T210937Z-543da1,2026-05-05T21:09:37.858700+00:00,ADSK,vcp,absent,48.93,37.4,41.5,62.1,49.4,24.3,63.7,40.1,84.0,97.8,5.61,10.38,7.46,5.93,3.16,4.46,2.01,5.04,4.89,True,risk_unclear,249.43,250.91,223.595,296.2,"{""trend"":{""T1_ema_stack"":{""value"":[true,false,false],""score"":33.33333333333333},""T2_ema50_slope"":{""value"":-0.1018765202804338,""score"":33.020579953261034},""T3_high_proximity"":{""value"":0.9443813418143269,""score"":72.19067090716341},""T4_rs_1m"":{""value"":-0.049142321502214426,""score"":0.8576784977855709},""T5_rs_3m"":{""value"":-0.013775123965056979,""score"":43.11243801747151},""T6_adr_healthy"":{""value"":3.4530721923864713,""score"":100.0},""_score"":37.4},""geometry"":{""sub_contraction_count"":100.0,""sub_reduction_rate"":0.2,""sub_pivot_tightness"":6.7,""sub_volume_dryup"":15.6,""sub_base_depth"":31.4,""sub_base_duration"":100.0,""_score"":41.53},""compression"":{""VC1_atr_ratio"":{""value"":0.503014374839995,""score"":100},""VC2_range_contraction"":{""value"":0.8952629078030703,""score"":17.456182032821623},""VC3_range_pct_rank"":{""score"":64.16666666666666},""_score"":62.15},""sr_quality"":{""SR1_touches"":{""value"":2,""score"":25.0},""SR2_tightness"":{""value"":0.8200000000000074,""score"":79.15418278222639},""SR3_recency"":{""value"":231,""score"":0.0},""SR4_price_location"":{""score"":60.138648180242505},""SR5_reaction"":{""value"":2.898706215612573,""score"":100},""_score"":49.41,""_levels_found"":6,""_target_level"":251.73},""volume"":{""V1_rvol_day"":{""value"":1.1241912132781904,""score"":41.61274755187936},""V2_rvol_sameslot"":{""value"":0.7023843549878092,""score"":13.492290332520609,""status"":""ok""},""V3_breakout_bar"":{""value"":0.6893899652198647,""score"":12.625997681324316},""V4_base_dryup"":{""value"":1.0566930776655206,""score"":44.33069223344794},""V5_bo_expansion"":{""value"":1.1241912132781904,""score"":8.279414218546027},""_score"":24.29},""readiness"":{""_distance_atr"":0.188,""BR1_atr_distance"":{""score"":87.45861403158356},""BR2_compression"":{""score"":44.939394454059645},""BR3_retest"":{""score"":50.0},""BR4_bo_age"":{""score"":50.0},""_score"":63.72},""risk"":{""R1_stop_clarity"":{""score"":13.439015089611587},""R2_stop_distance_pct"":{""value"":10.357615363027705,""score"":41.05961592430738},""R3_stop_distance_atr"":{""value"":3.283851755007173,""score"":100.0},""R4_rr_potential"":{""value"":1.8103348171085725,""score"":40.51674085542862},""_score"":40.12},""market"":{""M1_spy_regime"":{""score"":100.0},""M3_earnings_risk"":{""value"":null,""score"":80.0},""M4_vix"":{""value"":null,""score"":60.0},""_score"":84.0},""liquidity"":{""L1_price"":{""value"":249.43,""score"":100.0},""L2_dollar_vol"":{""value"":549118463.3711256,""score"":100.0},""L3_spread_proxy"":{""value"":0.0218397947319889,""score"":78.1602052680111},""L4_volume_zscore"":{""value"":0.4030947702207038,""score"":100.0},""_score"":97.82},""pattern_structure"":{""n_contractions"":5,""contractions_pct"":[12.59,7.41,11.62,12.54,9.53],""descending_strict"":false,""final_low"":227.0,""final_pivot"":250.91,""structural_low"":227.0,""dry_up_ratio"":0.9221809156464877,""current_price"":249.43,""neckline_distance_pct"":0.005933528444854227,""base_bars"":50,""recent_base_height"":45.28999999999999},""pattern_geometry_features"":{""contraction_count"":5.0,""first_contraction_pct"":0.12589025574619622,""last_contraction_pct"":0.09529313299589492,""dry_up_ratio"":0.9221809156464877,""near_monotone"":0.0,""base_depth_pct"":0.08141793460666884},""_schema_version"":""1.0""}",,,,,,,,,,
20260505T210937Z-543da1,2026-05-05T21:09:37.858700+00:00,TMUS,ascending_triangle,forming,48.87,15.7,52.6,48.5,59.9,25.0,50.3,63.4,84.0,98.6,2.35,14.73,3.88,8.38,3.0,4.02,2.53,5.04,4.93,True,risk_unclear;trend_floor,194.31,200.63,189.7996,208.57,"{""trend"":{""T1_ema_stack"":{""value"":[false,false,false],""score"":0.0},""T2_ema50_slope"":{""value"":-0.2244382660996856,""score"":12.593622316719063},""T3_high_proximity"":{""value"":0.875349130552302,""score"":37.674565276150986},""T4_rs_1m"":{""value"":-0.12005242545597361,""score"":0},""T5_rs_3m"":{""value"":-0.06670476669358472,""score"":16.647616653207642},""T6_adr_healthy"":{""value"":2.8747050962825704,""score"":100.0},""_score"":15.67},""geometry"":{""sub_flat_top_quality"":33.3,""sub_hl_slope"":59.3,""sub_compression"":39.3,""sub_duration"":100.0,""_score"":52.6},""compression"":{""VC1_atr_ratio"":{""value"":0.735389239909101,""score"":66.15269002272474},""VC2_range_contraction"":{""value"":1.1433535714983314,""score"":0},""VC3_range_pct_rank"":{""score"":88.33333333333333},""_score"":48.54},""sr_quality"":{""SR1_touches"":{""value"":3,""score"":50.0},""SR2_tightness"":{""value"":0.6571952187558615,""score"":80.18682536921803},""SR3_recency"":{""value"":302,""score"":0.0},""SR4_price_location"":{""score"":93.13893653516291},""SR5_reaction"":{""value"":1.2742588865954823,""score"":63.71294432977411},""_score"":59.87,""_levels_found"":7,""_target_level"":194.7767},""volume"":{""V1_rvol_day"":{""value"":0.8139413897915022,""score"":20.92942598610015},""V2_rvol_sameslot"":{""value"":0.4344539185561724,""score"":0,""status"":""ok""},""V3_breakout_bar"":{""value"":1.1024969939366729,""score"":40.166466262444864},""V4_base_dryup"":{""value"":0.9606136497420105,""score"":53.93863502579895},""V5_bo_expansion"":{""value"":0.8139413897915021,""score"":0},""_score"":25.02},""readiness"":{""_distance_atr"":0.953,""BR1_atr_distance"":{""score"":36.48804287631361},""BR2_compression"":{""score"":72.84620204353875},""BR3_retest"":{""score"":50.0},""BR4_bo_age"":{""score"":50.0},""_score"":50.31},""risk"":{""R1_stop_clarity"":{""score"":12.861494332698769},""R2_stop_distance_pct"":{""value"":2.321213524779999,""score"":100.0},""R3_stop_distance_atr"":{""value"":0.6798919837329594,""score"":58.994599186647974},""R4_rr_potential"":{""value"":3.161617169399257,""score"":100.0},""_score"":63.35},""market"":{""M1_spy_regime"":{""score"":100.0},""M3_earnings_risk"":{""value"":null,""score"":80.0},""M4_vix"":{""value"":null,""score"":60.0},""_score"":84.0},""liquidity"":{""L1_price"":{""value"":194.31,""score"":100.0},""L2_dollar_vol"":{""value"":1048992958.27981,""score"":100.0},""L3_spread_proxy"":{""value"":0.014358499305233863,""score"":85.64150069476614},""L4_volume_zscore"":{""value"":-0.5166827971836382,""score"":100.0},""_score"":98.56},""pattern_structure"":{""top"":200.63,""top_touches"":2,""low_slope_per_bar"":0.34291291291291287,""lowest_low"":192.69,""structural_low"":192.69,""current_price"":194.65,""neckline_distance_pct"":0.03072180837400457,""base_bars"":31},""pattern_geometry_features"":{""top_touches"":2.0,""low_slope"":0.34291291291291287,""compression"":0.19645291184705127,""atr_pct"":0.03414091620900328},""_schema_version"":""1.0""}",,,,,,,,,,
20260505T210937Z-543da1,2026-05-05T21:09:37.858700+00:00,ADBE,ascending_triangle,forming,48.84,24.0,56.6,52.8,37.9,23.6,65.9,46.7,84.0,96.8,3.6,15.86,4.22,5.31,2.83,5.27,1.87,5.04,4.84,True,risk_unclear;trend_floor,255.62,255.91,232.7358,275.54,"{""trend"":{""T1_ema_stack"":{""value"":[true,false,false],""score"":33.33333333333333},""T2_ema50_slope"":{""value"":-0.2080651660607976,""score"":15.322472323200401},""T3_high_proximity"":{""value"":0.9012763556871871,""score"":50.63817784359353},""T4_rs_1m"":{""value"":-0.052300995014775475,""score"":0},""T5_rs_3m"":{""value"":-0.10963568372931631,""score"":0},""T6_adr_healthy"":{""value"":3.5159294210378658,""score"":100.0},""_score"":23.99},""geometry"":{""sub_flat_top_quality"":66.7,""sub_hl_slope"":51.1,""sub_compression"":25.2,""sub_duration"":100.0,""_score"":56.64},""compression"":{""VC1_atr_ratio"":{""value"":0.5430850856590603,""score"":100},""VC2_range_contraction"":{""value"":0.9313338017369526,""score"":11.444366377174573},""VC3_range_pct_rank"":{""score"":35.0},""_score"":52.76},""sr_quality"":{""SR1_touches"":{""value"":2,""score"":25.0},""SR2_tightness"":{""value"":0.15500000000000114,""score"":96.72912480725198},""SR3_recency"":{""value"":304,""score"":0.0},""SR4_price_location"":{""score"":11.941513749541956},""SR5_reaction"":{""value"":1.7238039826296938,""score"":86.19019913148469},""_score"":37.92,""_levels_found"":5,""_target_level"":327.595},""volume"":{""V1_rvol_day"":{""value"":0.6951109058428075,""score"":13.007393722853836},""V2_rvol_sameslot"":{""value"":0.7242564023180672,""score"":14.950426821204479,""status"":""ok""},""V3_breakout_bar"":{""value"":0.7070394578453083,""score"":13.802630523020554},""V4_base_dryup"":{""value"":0.7729182106178861,""score"":72.70817893821139},""V5_bo_expansion"":{""value"":0.6951109058428075,""score"":0},""_score"":23.58},""readiness"":{""_distance_atr"":0.031,""BR1_atr_distance"":{""score"":97.96009934215722},""BR2_compression"":{""score"":36.850344394056734},""BR3_retest"":{""score"":50.0},""BR4_bo_age"":{""score"":50.0},""_score"":65.9},""risk"":{""R1_stop_clarity"":{""score"":25.208800915242364},""R2_stop_distance_pct"":{""value"":8.952429387371877,""score"":76.18926531570307},""R3_stop_distance_atr"":{""value"":2.414560067286575,""score"":100.0},""R4_rr_potential"":{""value"":0.8704695816327407,""score"":0.0},""_score"":46.68},""market"":{""M1_spy_regime"":{""score"":100.0},""M3_earnings_risk"":{""value"":null,""score"":80.0},""M4_vix"":{""value"":null,""score"":60.0},""_score"":84.0},""liquidity"":{""L1_price"":{""value"":255.62,""score"":100.0},""L2_dollar_vol"":{""value"":990749862.820888,""score"":100.0},""L3_spread_proxy"":{""value"":0.0318018934355683,""score"":68.1981065644317},""L4_volume_zscore"":{""value"":-1.1903868979103764,""score"":100.0},""_score"":96.82},""pattern_structure"":{""top"":255.91,""top_touches"":3,""low_slope_per_bar"":0.3625092478421683,""lowest_low"":236.28,""structural_low"":236.28,""current_price"":256.23,""neckline_distance_pct"":-0.0012488779612068125,""base_bars"":31},""pattern_geometry_features"":{""top_touches"":3.0,""low_slope"":0.3625092478421683,""compression"":0.12599792954469746,""atr_pct"":0.03707685515329675},""_schema_version"":""1.0""}",,,,,,,,,,
20260505T210937Z-543da1,2026-05-05T21:09:37.858700+00:00,NOW,double_bottom,forming,48.82,5.0,55.9,56.1,57.1,30.4,45.3,69.8,84.0,95.9,0.75,13.98,4.49,8.0,3.95,3.62,4.19,5.04,4.8,True,reversal_trend_cap,92.01,95.62,84.5918,105.36,"{""trend"":{""T1_ema_stack"":{""value"":[false,false,false],""score"":0.0},""T2_ema50_slope"":{""value"":-0.6461523358797844,""score"":0},""T3_high_proximity"":{""value"":0.7399871320572624,""score"":0},""T4_rs_1m"":{""value"":-0.2000422593121114,""score"":0},""T5_rs_3m"":{""value"":-0.21144985232146774,""score"":0},""T6_adr_healthy"":{""value"":5.411086748143097,""score"":100.0},""_score"":5.0},""geometry"":{""sub_low_similarity"":25.5,""sub_bounce_quality"":100,""sub_separation_fit"":100.0,""sub_right_bottom_reaction"":48.6,""sub_base_context"":30.0,""_score"":55.94},""compression"":{""VC1_atr_ratio"":{""value"":0.6128756309203874,""score"":96.78109226990314},""VC2_range_contraction"":{""value"":0.8869799980095097,""score"":18.83666699841506},""VC3_range_pct_rank"":{""score"":43.333333333333336},""_score"":56.14},""sr_quality"":{""SR1_touches"":{""value"":3,""score"":50.0},""SR2_tightness"":{""value"":0.49593906435726376,""score"":81.51021097566209},""SR3_recency"":{""value"":247,""score"":0.0},""SR4_price_location"":{""score"":59.63967695174991},""SR5_reaction"":{""value"":2.0495988815285764,""score"":100},""_score"":57.14,""_levels_found"":5,""_target_level"":98.5067},""volume"":{""V1_rvol_day"":{""value"":0.7416247013311028,""score"":16.10831342207352},""V2_rvol_sameslot"":{""value"":1.3648501875893884,""score"":57.65667917262589,""status"":""ok""},""V3_breakout_bar"":{""value"":1.4380674879123827,""score"":62.53783252749218},""V4_base_dryup"":{""value"":1.8962602852445196,""score"":0},""V5_bo_expansion"":{""value"":0.7416247013311028,""score"":0},""_score"":30.39},""readiness"":{""_distance_atr"":0.673,""BR1_atr_distance"":{""score"":55.136868501936256},""BR2_compression"":{""score"":22.840872327400323},""BR3_retest"":{""score"":50.0},""BR4_bo_age"":{""score"":50.0},""_score"":45.26},""risk"":{""R1_stop_clarity"":{""score"":51.972837122598996},""R2_stop_distance_pct"":{""value"":8.06238452342138,""score"":98.44038691446548},""R3_stop_distance_atr"":{""value"":1.3828407842615114,""score"":94.14203921307556},""R4_rr_potential"":{""value"":1.7996279420883752,""score"":39.98139710441876},""_score"":69.84},""market"":{""M1_spy_regime"":{""score"":100.0},""M3_earnings_risk"":{""value"":null,""score"":80.0},""M4_vix"":{""value"":null,""score"":60.0},""_score"":84.0},""liquidity"":{""L1_price"":{""value"":92.01,""score"":100.0},""L2_dollar_vol"":{""value"":2075238784.792034,""score"":100.0},""L3_spread_proxy"":{""value"":0.040731442234539665,""score"":59.268557765460336},""L4_volume_zscore"":{""value"":-0.4867481657614141,""score"":100.0},""_score"":95.93},""pattern_structure"":{""left_low"":85.88,""left_idx"":56,""right_low"":89.14,""right_idx"":74,""separation_bars"":18,""structural_low"":85.88,""current_price"":92.25,""neckline_distance_pct"":0.036531165311653166,""base_bars"":18},""pattern_geometry_features"":{""low_similarity_pct"":0.03725288538452755,""bounce_pct"":0.11341406613879844,""right_bottom_reaction"":0.4856311871281041,""atr_pct"":0.05830305712112038},""_schema_version"":""1.0""}",,,,,,,,,,
20260505T210937Z-543da1,2026-05-05T21:09:37.858700+00:00,GE,ascending_triangle,forming,48.68,21.0,60.0,49.4,48.4,17.9,47.1,55.2,84.0,96.8,3.15,16.8,3.95,6.77,2.15,3.77,2.21,5.04,4.84,True,risk_unclear;trend_floor,286.68,291.76,275.2189,304.11,"{""trend"":{""T1_ema_stack"":{""value"":[false,false,true],""score"":33.33333333333333},""T2_ema50_slope"":{""value"":-0.13542541418851722,""score"":27.42909763524713},""T3_high_proximity"":{""value"":0.8291779950251634,""score"":14.588997512581692},""T4_rs_1m"":{""value"":-0.1053644403954257,""score"":0},""T5_rs_3m"":{""value"":-0.12467395205668996,""score"":0},""T6_adr_healthy"":{""value"":3.2993871066926013,""score"":100.0},""_score"":21.01},""geometry"":{""sub_flat_top_quality"":100,""sub_hl_slope"":6.7,""sub_compression"":52.0,""sub_duration"":100.0,""_score"":60.01},""compression"":{""VC1_atr_ratio"":{""value"":0.41024496713396635,""score"":100},""VC2_range_contraction"":{""value"":1.0479354412439768,""score"":0},""VC3_range_pct_rank"":{""score"":37.5},""_score"":49.38},""sr_quality"":{""SR1_touches"":{""value"":3,""score"":50.0},""SR2_tightness"":{""value"":2.5006976804261876,""score"":54.66318638466407},""SR3_recency"":{""value"":244,""score"":0.0},""SR4_price_location"":{""score"":47.00968927497509},""SR5_reaction"":{""value"":1.788186364332905,""score"":89.40931821664525},""_score"":48.36,""_levels_found"":5,""_target_level"":291.9667},""volume"":{""V1_rvol_day"":{""value"":0.8721760746857166,""score"":24.811738312381102},""V2_rvol_sameslot"":{""value"":0.8050125231891394,""score"":20.334168212609292,""status"":""ok""},""V3_breakout_bar"":{""value"":0.7605897484870071,""score"":17.37264989913381},""V4_base_dryup"":{""value"":1.274430132421785,""score"":22.55698675782149},""V5_bo_expansion"":{""value"":0.8721760746857166,""score"":0},""_score"":17.88},""readiness"":{""_distance_atr"":0.46,""BR1_atr_distance"":{""score"":69.30043230620151},""BR2_compression"":{""score"":7.552707492201105},""BR3_retest"":{""score"":50.0},""BR4_bo_age"":{""score"":50.0},""_score"":47.11},""risk"":{""R1_stop_clarity"":{""score"":24.01585050795451},""R2_stop_distance_pct"":{""value"":3.997889633040315,""score"":100.0},""R3_stop_distance_atr"":{""value"":1.0389341051391106,""score"":76.94670525695552},""R4_rr_potential"":{""value"":1.5207897985804206,""score"":26.03948992902103},""_score"":55.16},""market"":{""M1_spy_regime"":{""score"":100.0},""M3_earnings_risk"":{""value"":null,""score"":80.0},""M4_vix"":{""value"":null,""score"":60.0},""_score"":84.0},""liquidity"":{""L1_price"":{""value"":286.68,""score"":100.0},""L2_dollar_vol"":{""value"":1728586337.5923345,""score"":100.0},""L3_spread_proxy"":{""value"":0.031568299148876836,""score"":68.43170085112317},""L4_volume_zscore"":{""value"":-0.31289397693502935,""score"":100.0},""_score"":96.84},""pattern_structure"":{""top"":291.76,""top_touches"":4,""low_slope_per_bar"":0.05583688374923599,""lowest_low"":279.41,""structural_low"":279.41,""current_price"":285.19,""neckline_distance_pct"":0.02303727339668289,""base_bars"":32},""pattern_geometry_features"":{""top_touches"":4.0,""low_slope"":0.05583688374923599,""compression"":0.25981445126785896,""atr_pct"":0.03848068528374095},""_schema_version"":""1.0""}",,,,,,,,,,
20260505T210937Z-543da1,2026-05-05T21:09:37.858700+00:00,BA,vcp,setup,48.52,56.1,45.0,59.8,45.7,17.4,43.9,18.1,84.0,98.3,8.42,11.25,7.17,5.48,2.26,3.07,0.9,5.04,4.92,True,risk_unclear;stop_too_wide,224.38,217.15,189.6519,272.47,"{""trend"":{""T1_ema_stack"":{""value"":[true,true,true],""score"":100.0},""T2_ema50_slope"":{""value"":0.1412101317381762,""score"":73.5350219563627},""T3_high_proximity"":{""value"":0.9169220710228433,""score"":58.46103551142162},""T4_rs_1m"":{""value"":-0.04150134234308234,""score"":8.498657656917665},""T5_rs_3m"":{""value"":-0.08727228188785241,""score"":6.363859056073792},""T6_adr_healthy"":{""value"":2.6422931177145106,""score"":100.0},""_score"":56.13},""geometry"":{""sub_contraction_count"":100.0,""sub_reduction_rate"":0,""sub_pivot_tightness"":0,""sub_volume_dryup"":0,""sub_base_depth"":100.0,""sub_base_duration"":100.0,""_score"":45.0},""compression"":{""VC1_atr_ratio"":{""value"":0.45958361660148167,""score"":100},""VC2_range_contraction"":{""value"":1.062133082408465,""score"":0},""VC3_range_pct_rank"":{""score"":79.16666666666666},""_score"":59.79},""sr_quality"":{""SR1_touches"":{""value"":2,""score"":25.0},""SR2_tightness"":{""value"":1.5,""score"":57.348671563445365},""SR3_recency"":{""value"":262,""score"":0.0},""SR4_price_location"":{""score"":58.28320761880358},""SR5_reaction"":{""value"":3.3097430866766397,""score"":100},""_score"":45.67,""_levels_found"":5,""_target_level"":230.46},""volume"":{""V1_rvol_day"":{""value"":0.6439087901021453,""score"":9.593919340143021},""V2_rvol_sameslot"":{""value"":0.5723893449013973,""score"":4.825956326759817,""status"":""ok""},""V3_breakout_bar"":{""value"":0.6336545212930599,""score"":8.910301419537326},""V4_base_dryup"":{""value"":0.8857175528013649,""score"":61.428244719863514},""V5_bo_expansion"":{""value"":0.6439087901021453,""score"":0},""_score"":17.4},""readiness"":{""_distance_atr"":-1.028,""BR1_atr_distance"":{""score"":39.442059693580696},""BR2_compression"":{""score"":42.49525810411742},""BR3_retest"":{""score"":50.0},""BR4_bo_age"":{""score"":50.0},""_score"":43.9},""risk"":{""R1_stop_clarity"":{""score"":17.87913222825746},""R2_stop_distance_pct"":{""value"":15.477359835992518,""score"":0.0},""R3_stop_distance_atr"":{""value"":4.937331996925045,""score"":53.13340015374774},""R4_rr_potential"":{""value"":1.384757588235464,""score"":19.237879411773196},""_score"":18.08},""market"":{""M1_spy_regime"":{""score"":100.0},""M3_earnings_risk"":{""value"":null,""score"":80.0},""M4_vix"":{""value"":null,""score"":60.0},""_score"":84.0},""liquidity"":{""L1_price"":{""value"":224.38,""score"":100.0},""L2_dollar_vol"":{""value"":859627284.6496127,""score"":100.0},""L3_spread_proxy"":{""value"":0.017024690257598687,""score"":82.97530974240131},""L4_volume_zscore"":{""value"":-0.7684491601384369,""score"":100.0},""_score"":98.3},""pattern_structure"":{""n_contractions"":4,""contractions_pct"":[9.98,4.99,11.92,11.33],""descending_strict"":false,""final_low"":192.54,""final_pivot"":217.15,""structural_low"":192.54,""dry_up_ratio"":1.010341363573017,""current_price"":224.38,""neckline_distance_pct"":-0.032222123183884434,""base_bars"":37,""recent_base_height"":55.32000000000002},""pattern_geometry_features"":{""contraction_count"":4.0,""first_contraction_pct"":0.09982272452239999,""last_contraction_pct"":0.11333179829610875,""dry_up_ratio"":1.010341363573017,""near_monotone"":0.0,""base_depth_pct"":0.24301130057452353},""_schema_version"":""1.0""}",,,,,,,,,,
20260505T210937Z-543da1,2026-05-05T21:09:37.858700+00:00,TSLA,base_on_base,forming,48.39,39.7,59.7,56.2,48.4,12.5,31.3,23.0,84.0,96.6,7.15,14.91,5.62,4.84,1.5,2.5,1.15,5.88,4.83,True,risk_unclear,389.37,409.28,332.1814,450.07,"{""trend"":{""T1_ema_stack"":{""value"":[true,false,false],""score"":33.33333333333333},""T2_ema50_slope"":{""value"":-0.0856158389694202,""score"":35.73069350509663},""T3_high_proximity"":{""value"":0.9091694491792561,""score"":54.58472458962804},""T4_rs_1m"":{""value"":0.005191945888420868,""score"":55.19194588842087},""T5_rs_3m"":{""value"":-0.12689182173444746,""score"":0},""T6_adr_healthy"":{""value"":3.7476600259689477,""score"":100.0},""_score"":39.71},""geometry"":{""sub_shallower_second"":0,""sub_second_base_depth"":100.0,""sub_rim_advance"":100,""sub_dry_up"":23.3,""sub_second_base_duration"":100.0,""_score"":59.66},""compression"":{""VC1_atr_ratio"":{""value"":0.3714921001336051,""score"":100},""VC2_range_contraction"":{""value"":0.8932999127399428,""score"":17.7833478766762},""VC3_range_pct_rank"":{""score"":40.0},""_score"":56.22},""sr_quality"":{""SR1_touches"":{""value"":3,""score"":50.0},""SR2_tightness"":{""value"":2.686910658895978,""score"":60.43062061073419},""SR3_recency"":{""value"":249,""score"":0.0},""SR4_price_location"":{""score"":37.42688006220642},""SR5_reaction"":{""value"":2.1299745192690365,""score"":100},""_score"":48.42,""_levels_found"":6,""_target_level"":396.9267},""volume"":{""V1_rvol_day"":{""value"":0.7369508089585896,""score"":15.796720597239302},""V2_rvol_sameslot"":{""value"":0.5522372365227926,""score"":3.482482434852837,""status"":""ok""},""V3_breakout_bar"":{""value"":0.5058509787103782,""score"":0.3900652473585472},""V4_base_dryup"":{""value"":1.0743730359713544,""score"":42.56269640286456},""V5_bo_expansion"":{""value"":0.7369508089585896,""score"":0},""_score"":12.47},""readiness"":{""_distance_atr"":1.466,""BR1_atr_distance"":{""score"":2.2636720934628585},""BR2_compression"":{""score"":51.514898721792605},""BR3_retest"":{""score"":50.0},""BR4_bo_age"":{""score"":50.0},""_score"":31.28},""risk"":{""R1_stop_clarity"":{""score"":25.50341712486025},""R2_stop_distance_pct"":{""value"":14.687469502016079,""score"":0.0},""R3_stop_distance_atr"":{""value"":4.2110023320812155,""score"":89.44988339593922},""R4_rr_potential"":{""value"":1.0614003490206076,""score"":3.0700174510303824},""_score"":22.96},""market"":{""M1_spy_regime"":{""score"":100.0},""M3_earnings_risk"":{""value"":null,""score"":80.0},""M4_vix"":{""value"":null,""score"":60.0},""_score"":84.0},""liquidity"":{""L1_price"":{""value"":389.37,""score"":100.0},""L2_dollar_vol"":{""value"":18414242114.47779,""score"":100.0},""L3_spread_proxy"":{""value"":0.03369545676348975,""score"":66.30454323651026},""L4_volume_zscore"":{""value"":-0.9508724338069434,""score"":100.0},""_score"":96.63},""pattern_structure"":{""first_base_low"":314.6,""first_base_top"":355.39,""first_base_bars"":10,""second_base_low"":337.24,""second_base_top"":409.28,""second_base_bars"":36,""structural_low"":337.24,""stacking_overlap_pct"":0.05107065477362891,""current_price"":389.37,""neckline_distance_pct"":0.05113388293910668,""base_bars"":36},""pattern_geometry_features"":{""first_base_depth_pct"":0.11477531725709773,""second_base_depth_pct"":0.17601641907740415,""second_dry_up_ratio"":0.8835058089556511,""rim_advance_pct"":0.15163623061988235,""atr_pct"":0.03487879688434428},""_schema_version"":""1.0""}",,,,,,,,,,
20260505T210937Z-543da1,2026-05-05T21:09:37.858700+00:00,TDG,double_bottom,breakout_confirmed,48.33,25.9,47.9,44.0,48.0,46.7,57.5,50.3,84.0,69.9,3.89,11.98,3.52,6.73,6.07,4.6,3.02,5.04,3.5,True,risk_unclear;reversal_trend_cap,1191.33,1173.0,1119.2161,1209.74,"{""trend"":{""T1_ema_stack"":{""value"":[true,false,false],""score"":33.33333333333333},""T2_ema50_slope"":{""value"":-0.1243971041554049,""score"":29.267149307432515},""T3_high_proximity"":{""value"":0.8897294955861924,""score"":44.864747793096186},""T4_rs_1m"":{""value"":-0.0969813568561948,""score"":0},""T5_rs_3m"":{""value"":-0.13460781655447018,""score"":0},""T6_adr_healthy"":{""value"":2.934060623550256,""score"":100.0},""_score"":25.92},""geometry"":{""sub_low_similarity"":76.1,""sub_bounce_quality"":3.3,""sub_separation_fit"":46.7,""sub_right_bottom_reaction"":76.2,""sub_base_context"":30.0,""_score"":47.92},""compression"":{""VC1_atr_ratio"":{""value"":0.4125757987613792,""score"":100},""VC2_range_contraction"":{""value"":0.9466194290590815,""score"":8.896761823486422},""VC3_range_pct_rank"":{""score"":3.3333333333333326},""_score"":43.95},""sr_quality"":{""SR1_touches"":{""value"":2,""score"":25.0},""SR2_tightness"":{""value"":4.355000000000018,""score"":78.33140826299413},""SR3_recency"":{""value"":282,""score"":0.0},""SR4_price_location"":{""score"":55.181768046384775},""SR5_reaction"":{""value"":2.1995735228787234,""score"":100},""_score"":48.05,""_levels_found"":6,""_target_level"":1241.445},""volume"":{""V1_rvol_day"":{""value"":1.7194003785672336,""score"":81.29335857114891},""V2_rvol_sameslot"":{""value"":1.268913329282603,""score"":51.2608886188402,""status"":""ok""},""V3_breakout_bar"":{""value"":0.8148244735096954,""score"":20.988298233979698},""V4_base_dryup"":{""value"":1.1131438183340379,""score"":38.685618166596214},""V5_bo_expansion"":{""value"":1.7194003785672336,""score"":47.96002523781557},""_score"":46.69},""readiness"":{""_distance_atr"":-0.456,""BR1_atr_distance"":{""score"":100.0},""BR2_compression"":{""score"":0},""BR3_retest"":{""score"":50.0},""BR4_bo_age"":{""score"":50.0},""_score"":57.5},""risk"":{""R1_stop_clarity"":{""score"":15.19694358063019},""R2_stop_distance_pct"":{""value"":6.05322622615061,""score"":100.0},""R3_stop_distance_atr"":{""value"":1.7940374944469146,""score"":100.0},""R4_rr_potential"":{""value"":0.2552905889155914,""score"":0.0},""_score"":50.32},""market"":{""M1_spy_regime"":{""score"":100.0},""M3_earnings_risk"":{""value"":null,""score"":80.0},""M4_vix"":{""value"":null,""score"":60.0},""_score"":84.0},""liquidity"":{""L1_price"":{""value"":1191.33,""score"":0.0},""L2_dollar_vol"":{""value"":807068154.6166536,""score"":100.0},""L3_spread_proxy"":{""value"":0.05101860945330007,""score"":48.98139054669993},""L4_volume_zscore"":{""value"":1.940451990797216,""score"":100.0},""_score"":69.9},""pattern_structure"":{""left_low"":1136.26,""left_idx"":33,""right_low"":1149.945,""right_idx"":71,""separation_bars"":38,""structural_low"":1136.26,""current_price"":1199.085,""neckline_distance_pct"":-0.02175408749171246,""base_bars"":38},""pattern_geometry_features"":{""low_similarity_pct"":0.011971804803156275,""bounce_pct"":0.03233414887437735,""right_bottom_reaction"":0.7616345062429146,""atr_pct"":0.033740801097452894},""_schema_version"":""1.0""}",,,,,,,,,,
20260505T210937Z-543da1,2026-05-05T21:09:37.858700+00:00,WDAY,ascending_triangle,absent,48.26,13.3,49.4,57.8,57.0,26.8,60.9,47.1,84.0,96.4,2.0,13.83,4.63,7.97,3.22,4.87,1.88,5.04,4.82,True,trend_floor,128.875,131.0,115.9148,144.32,"{""trend"":{""T1_ema_stack"":{""value"":[true,false,false],""score"":33.33333333333333},""T2_ema50_slope"":{""value"":-0.5192314131130306,""score"":0},""T3_high_proximity"":{""value"":0.7574199235968263,""score"":0},""T4_rs_1m"":{""value"":-0.1049159849030421,""score"":0},""T5_rs_3m"":{""value"":-0.25003549509564515,""score"":0},""T6_adr_healthy"":{""value"":4.970410237075791,""score"":100.0},""_score"":13.33},""geometry"":{""sub_flat_top_quality"":33.3,""sub_hl_slope"":63.1,""sub_compression"":21.9,""sub_duration"":100.0,""_score"":49.39},""compression"":{""VC1_atr_ratio"":{""value"":0.49788727156284285,""score"":100},""VC2_range_contraction"":{""value"":0.9016223885572497,""score"":16.396268573791712},""VC3_range_pct_rank"":{""score"":48.33333333333333},""_score"":57.82},""sr_quality"":{""SR1_touches"":{""value"":2,""score"":25.0},""SR2_tightness"":{""value"":0.1790499999999895,""score"":94.36918065929162},""SR3_recency"":{""value"":231,""score"":0.0},""SR4_price_location"":{""score"":81.17370696916943},""SR5_reaction"":{""value"":3.286497444825071,""score"":100},""_score"":56.95,""_levels_found"":3,""_target_level"":132.8659},""volume"":{""V1_rvol_day"":{""value"":0.7218496825429388,""score"":14.78997883619592},""V2_rvol_sameslot"":{""value"":0.7617727325823491,""score"":17.451515505489944,""status"":""ok""},""V3_breakout_bar"":{""value"":1.14766983295036,""score"":43.177988863357335},""V4_base_dryup"":{""value"":1.0216695168560561,""score"":47.83304831439439},""V5_bo_expansion"":{""value"":0.7218496825429387,""score"":0},""_score"":26.81},""readiness"":{""_distance_atr"":0.334,""BR1_atr_distance"":{""score"":77.7241159843507},""BR2_compression"":{""score"":49.26626725810581},""BR3_retest"":{""score"":50.0},""BR4_bo_age"":{""score"":50.0},""_score"":60.91},""risk"":{""R1_stop_clarity"":{""score"":44.48744875610689},""R2_stop_distance_pct"":{""value"":10.056411251212417,""score"":48.58971871968958},""R3_stop_distance_atr"":{""value"":2.0378817319031852,""score"":100.0},""R4_rr_potential"":{""value"":1.1917254363358585,""score"":9.586271816792923},""_score"":47.06},""market"":{""M1_spy_regime"":{""score"":100.0},""M3_earnings_risk"":{""value"":null,""score"":80.0},""M4_vix"":{""value"":null,""score"":60.0},""_score"":84.0},""liquidity"":{""L1_price"":{""value"":128.875,""score"":100.0},""L2_dollar_vol"":{""value"":497207556.2706275,""score"":100.0},""L3_spread_proxy"":{""value"":0.03615906886517941,""score"":63.84093113482059},""L4_volume_zscore"":{""value"":-0.75048066346052,""score"":100.0},""_score"":96.38},""pattern_structure"":{""top"":131.0,""top_touches"":2,""low_slope_per_bar"":0.22279513258263592,""lowest_low"":117.68,""structural_low"":117.68,""current_price"":127.85,""neckline_distance_pct"":0.024638247946812717,""base_bars"":45},""pattern_geometry_features"":{""top_touches"":2.0,""low_slope"":0.22279513258263592,""compression"":0.10967064513786762,""atr_pct"":0.049347374255230676},""_schema_version"":""1.0""}",,,,,,,,,,
20260505T210937Z-543da1,2026-05-05T21:09:37.858700+00:00,ADBE,double_bottom,forming,48.12,24.0,55.5,52.8,37.9,21.0,66.0,53.5,84.0,96.8,3.6,13.89,4.22,5.31,2.73,5.28,3.21,5.04,4.84,True,risk_unclear;reversal_trend_cap,255.62,255.88,235.9666,272.2,"{""trend"":{""T1_ema_stack"":{""value"":[true,false,false],""score"":33.33333333333333},""T2_ema50_slope"":{""value"":-0.2080651660607976,""score"":15.322472323200401},""T3_high_proximity"":{""value"":0.9012763556871871,""score"":50.63817784359353},""T4_rs_1m"":{""value"":-0.052300995014775475,""score"":0},""T5_rs_3m"":{""value"":-0.10963568372931631,""score"":0},""T6_adr_healthy"":{""value"":3.5159294210378658,""score"":100.0},""_score"":23.99},""geometry"":{""sub_low_similarity"":26.8,""sub_bounce_quality"":54.5,""sub_separation_fit"":60.0,""sub_right_bottom_reaction"":50.7,""sub_base_context"":100.0,""_score"":55.55},""compression"":{""VC1_atr_ratio"":{""value"":0.5430850856590603,""score"":100},""VC2_range_contraction"":{""value"":0.9313338017369526,""score"":11.444366377174573},""VC3_range_pct_rank"":{""score"":35.0},""_score"":52.76},""sr_quality"":{""SR1_touches"":{""value"":2,""score"":25.0},""SR2_tightness"":{""value"":0.15500000000000114,""score"":96.72912480725198},""SR3_recency"":{""value"":304,""score"":0.0},""SR4_price_location"":{""score"":11.941513749541956},""SR5_reaction"":{""value"":1.7238039826296938,""score"":86.19019913148469},""_score"":37.92,""_levels_found"":5,""_target_level"":327.595},""volume"":{""V1_rvol_day"":{""value"":0.6951109058428075,""score"":13.007393722853836},""V2_rvol_sameslot"":{""value"":0.7242564023180672,""score"":14.950426821204479,""status"":""ok""},""V3_breakout_bar"":{""value"":0.7070394578453083,""score"":13.802630523020554},""V4_base_dryup"":{""value"":0.9011041092201266,""score"":59.88958907798734},""V5_bo_expansion"":{""value"":0.6951109058428075,""score"":0},""_score"":21.02},""readiness"":{""_distance_atr"":0.027,""BR1_atr_distance"":{""score"":98.17112354814097},""BR2_compression"":{""score"":36.850344394056734},""BR3_retest"":{""score"":50.0},""BR4_bo_age"":{""score"":50.0},""_score"":65.98},""risk"":{""R1_stop_clarity"":{""score"":24.170561821802067},""R2_stop_distance_pct"":{""value"":7.688522024880684,""score"":100.0},""R3_stop_distance_atr"":{""value"":2.073671564940439,""score"":100.0},""R4_rr_potential"":{""value"":0.8436199334466291,""score"":0.0},""_score"":53.46},""market"":{""M1_spy_regime"":{""score"":100.0},""M3_earnings_risk"":{""value"":null,""score"":80.0},""M4_vix"":{""value"":null,""score"":60.0},""_score"":84.0},""liquidity"":{""L1_price"":{""value"":255.62,""score"":100.0},""L2_dollar_vol"":{""value"":990749862.820888,""score"":100.0},""L3_spread_proxy"":{""value"":0.0318018934355683,""score"":68.1981065644317},""L4_volume_zscore"":{""value"":-1.1903868979103764,""score"":100.0},""_score"":96.82},""pattern_structure"":{""left_low"":239.56,""left_idx"":38,""right_low"":248.49,""right_idx"":74,""separation_bars"":36,""structural_low"":239.56,""current_price"":256.23,""neckline_distance_pct"":-0.0013659602700699478,""base_bars"":36},""pattern_geometry_features"":{""low_similarity_pct"":0.036594611207868076,""bounce_pct"":0.06812489564201032,""right_bottom_reaction"":0.5069686411149837,""atr_pct"":0.03707685515329675},""_schema_version"":""1.0""}",,,,,,,,,,
20260505T210937Z-543da1,2026-05-05T21:09:37.858700+00:00,NXE,bull_flag,absent,48.02,48.4,39.0,44.8,51.2,36.5,39.0,72.9,84.0,90.4,6.78,11.71,4.03,5.12,5.12,3.51,2.19,5.04,4.52,False,,12.12,12.8,11.8003,13.98,"{""trend"":{""T1_ema_stack"":{""value"":[false,true,true],""score"":66.66666666666666},""T2_ema50_slope"":{""value"":0.18167438539013733,""score"":80.27906423168956},""T3_high_proximity"":{""value"":0.9112781954887217,""score"":55.639097744360825},""T4_rs_1m"":{""value"":-0.04448891120584819,""score"":5.51108879415181},""T5_rs_3m"":{""value"":-0.08314983571432089,""score"":8.425082142839557},""T6_adr_healthy"":{""value"":4.8994256096597,""score"":100.0},""_score"":48.43},""geometry"":{""sub_pole_impulse"":22.8,""sub_flag_tightness"":44.9,""sub_flag_shallowness"":0,""sub_flag_drift"":73.1,""sub_flag_duration"":100.0,""_score"":39.03},""compression"":{""VC1_atr_ratio"":{""value"":0.4866493620865916,""score"":100},""VC2_range_contraction"":{""value"":1.087498694945403,""score"":0},""VC3_range_pct_rank"":{""score"":19.166666666666664},""_score"":44.79},""sr_quality"":{""SR1_touches"":{""value"":4,""score"":75.0},""SR2_tightness"":{""value"":0.0919238815542511,""score"":71.4455598185133},""SR3_recency"":{""value"":229,""score"":0.0},""SR4_price_location"":{""score"":12.096029547552984},""SR5_reaction"":{""value"":2.426807486215732,""score"":100},""_score"":51.24,""_levels_found"":6,""_target_level"":13.31},""volume"":{""V1_rvol_day"":{""value"":1.1129473721752619,""score"":40.86315814501746},""V2_rvol_sameslot"":{""value"":1.1779698039476552,""score"":45.19798692984367,""status"":""ok""},""V3_breakout_bar"":{""value"":0.8629495451296448,""score"":24.196636341976323},""V4_base_dryup"":{""value"":0.8918935237642495,""score"":60.81064762357505},""V5_bo_expansion"":{""value"":1.1129473721752619,""score"":7.529824811684123},""_score"":36.55},""readiness"":{""_distance_atr"":1.056,""BR1_atr_distance"":{""score"":29.590225466594077},""BR2_compression"":{""score"":38.73017699724418},""BR3_retest"":{""score"":50.0},""BR4_bo_age"":{""score"":50.0},""_score"":39.02},""risk"":{""R1_stop_clarity"":{""score"":44.1795449250601},""R2_stop_distance_pct"":{""value"":2.6377887788778818,""score"":100.0},""R3_stop_distance_atr"":{""value"":0.4965442261396272,""score"":49.827211306981354},""R4_rr_potential"":{""value"":5.817954332186448,""score"":100.0},""_score"":72.94},""market"":{""M1_spy_regime"":{""score"":100.0},""M3_earnings_risk"":{""value"":null,""score"":80.0},""M4_vix"":{""value"":null,""score"":60.0},""_score"":84.0},""liquidity"":{""L1_price"":{""value"":12.12,""score"":100.0},""L2_dollar_vol"":{""value"":71796229.4967738,""score"":92.80508185574826},""L3_spread_proxy"":{""value"":0.06765676567656768,""score"":32.34323432343231},""L4_volume_zscore"":{""value"":0.5684443720229316,""score"":100.0},""_score"":90.36},""pattern_structure"":{""pole_low"":11.62,""pole_low_idx"":30,""peak_price"":12.8,""peak_idx"":54,""pole_gain"":0.1015490533562824,""flag_bars"":5,""flag_low"":11.98,""flag_high"":12.41,""structural_low"":11.98,""current_price"":12.06,""neckline_distance_pct"":0.061359867330016596,""base_bars"":5},""pattern_geometry_features"":{""pole_gain"":0.1015490533562824,""pullback_pct"":0.06406250000000002,""flag_range_pct"":0.03359374999999998,""flag_drift_per_bar"":-0.005389718076285296,""atr_pct"":0.05312293729372942,""pole_atr_multiple"":1.9115858145191298},""_schema_version"":""1.0""}",,,,,,,,,,
20260505T210937Z-543da1,2026-05-05T21:09:37.858700+00:00,BA,cup_with_handle,absent,47.84,56.1,42.4,59.8,45.7,19.2,28.1,62.9,84.0,98.3,7.86,12.71,4.78,5.48,2.5,2.25,3.14,4.2,4.92,True,risk_unclear,224.38,236.45,217.7244,285.24,"{""trend"":{""T1_ema_stack"":{""value"":[true,true,true],""score"":100.0},""T2_ema50_slope"":{""value"":0.1412101317381762,""score"":73.5350219563627},""T3_high_proximity"":{""value"":0.9169220710228433,""score"":58.46103551142162},""T4_rs_1m"":{""value"":-0.04150134234308234,""score"":8.498657656917665},""T5_rs_3m"":{""value"":-0.08727228188785241,""score"":6.363859056073792},""T6_adr_healthy"":{""value"":2.6422931177145106,""score"":100.0},""_score"":56.13},""geometry"":{""sub_cup_depth"":100.0,""sub_cup_duration"":0.0,""sub_rim_symmetry"":3.4,""sub_handle_shallowness"":45.7,""sub_handle_proportion"":81.1,""sub_u_shape"":29.5,""_score"":42.35},""compression"":{""VC1_atr_ratio"":{""value"":0.45958361660148167,""score"":100},""VC2_range_contraction"":{""value"":1.062133082408465,""score"":0},""VC3_range_pct_rank"":{""score"":79.16666666666666},""_score"":59.79},""sr_quality"":{""SR1_touches"":{""value"":2,""score"":25.0},""SR2_tightness"":{""value"":1.5,""score"":57.348671563445365},""SR3_recency"":{""value"":262,""score"":0.0},""SR4_price_location"":{""score"":58.28320761880358},""SR5_reaction"":{""value"":3.3097430866766397,""score"":100},""_score"":45.67,""_levels_found"":5,""_target_level"":230.46},""volume"":{""V1_rvol_day"":{""value"":0.6439087901021453,""score"":9.593919340143021},""V2_rvol_sameslot"":{""value"":0.5723893449013973,""score"":4.825956326759817,""status"":""ok""},""V3_breakout_bar"":{""value"":0.6336545212930599,""score"":8.910301419537326},""V4_base_dryup"":{""value"":0.793099298688158,""score"":70.6900701311842},""V5_bo_expansion"":{""value"":0.6439087901021453,""score"":0},""_score"":19.25},""readiness"":{""_distance_atr"":1.716,""BR1_atr_distance"":{""score"":0},""BR2_compression"":{""score"":42.49525810411742},""BR3_retest"":{""score"":50.0},""BR4_bo_age"":{""score"":50.0},""_score"":28.12},""risk"":{""R1_stop_clarity"":{""score"":5.723503623839946},""R2_stop_distance_pct"":{""value"":2.966218022996699,""score"":100.0},""R3_stop_distance_atr"":{""value"":0.9462339384744424,""score"":72.31169692372212},""R4_rr_potential"":{""value"":9.144179337700596,""score"":100.0},""_score"":62.85},""market"":{""M1_spy_regime"":{""score"":100.0},""M3_earnings_risk"":{""value"":null,""score"":80.0},""M4_vix"":{""value"":null,""score"":60.0},""_score"":84.0},""liquidity"":{""L1_price"":{""value"":224.38,""score"":100.0},""L2_dollar_vol"":{""value"":859627284.6496127,""score"":100.0},""L3_spread_proxy"":{""value"":0.017024690257598687,""score"":82.97530974240131},""L4_volume_zscore"":{""value"":-0.7684491601384369,""score"":100.0},""_score"":98.3},""pattern_structure"":{""left_rim"":225.56,""left_rim_idx"":50,""cup_bottom"":176.77,""cup_bottom_idx"":68,""right_rim"":236.45,""right_rim_idx"":172,""handle_low"":221.04,""handle_bars"":7,""cup_bars"":122,""structural_low"":221.04,""current_price"":224.38,""neckline_distance_pct"":0.05379267314377392,""base_bars"":129},""pattern_geometry_features"":{""cup_depth_pct"":0.2163060826387657,""rim_symmetry_pct"":0.048279836850505346,""handle_depth_pct"":0.06517234087544935,""handle_to_cup_ratio"":0.05737704918032787,""cup_duration_bars"":122.0,""atr_pct"":0.03134761819871901,""u_shape_score"":0.14754098360655737},""_schema_version"":""1.0""}",,,,,,,,,,
20260505T210937Z-543da1,2026-05-05T21:09:37.858700+00:00,PH,double_bottom,absent,47.79,30.6,49.4,58.9,44.1,31.1,40.8,65.7,84.0,73.3,4.59,12.35,4.71,6.18,4.04,3.27,3.94,5.04,3.67,True,risk_unclear;reversal_trend_cap,872.69,921.98,847.5826,983.47,"{""trend"":{""T1_ema_stack"":{""value"":[false,false,true],""score"":33.33333333333333},""T2_ema50_slope"":{""value"":0.09844235395670085,""score"":66.40705899278348},""T3_high_proximity"":{""value"":0.8530527262419113,""score"":26.526363120955633},""T4_rs_1m"":{""value"":-0.141609936265076,""score"":0},""T5_rs_3m"":{""value"":-0.14468672249447723,""score"":0},""T6_adr_healthy"":{""value"":2.7112442087314803,""score"":100.0},""_score"":30.59},""geometry"":{""sub_low_similarity"":55.2,""sub_bounce_quality"":59.2,""sub_separation_fit"":100.0,""sub_right_bottom_reaction"":0,""sub_base_context"":30.0,""_score"":49.4},""compression"":{""VC1_atr_ratio"":{""value"":0.5045456807499279,""score"":100},""VC2_range_contraction"":{""value"":0.9907279542858171,""score"":1.5453409523638237},""VC3_range_pct_rank"":{""score"":73.33333333333334},""_score"":58.87},""sr_quality"":{""SR1_touches"":{""value"":3,""score"":50.0},""SR2_tightness"":{""value"":4.818725627060432,""score"":68.95858188656116},""SR3_recency"":{""value"":261,""score"":0.0},""SR4_price_location"":{""score"":19.013943160078107},""SR5_reaction"":{""value"":1.8740350481641956,""score"":93.70175240820979},""_score"":44.15,""_levels_found"":5,""_target_level"":906.5834},""volume"":{""V1_rvol_day"":{""value"":0.9529394299646116,""score"":30.19596199764077},""V2_rvol_sameslot"":{""value"":1.2127702822349278,""score"":47.51801881566185,""status"":""ok""},""V3_breakout_bar"":{""value"":0.8588892687038903,""score"":23.925951246926015},""V4_base_dryup"":{""value"":1.021327080435398,""score"":47.8672919564602},""V5_bo_expansion"":{""value"":0.9529394299646117,""score"":0},""_score"":31.1},""readiness"":{""_distance_atr"":1.588,""BR1_atr_distance"":{""score"":0},""BR2_compression"":{""score"":93.29637240775185},""BR3_retest"":{""score"":50.0},""BR4_bo_age"":{""score"":50.0},""_score"":40.82},""risk"":{""R1_stop_clarity"":{""score"":16.8530273156654},""R2_stop_distance_pct"":{""value"":2.8770067263289496,""score"":100.0},""R3_stop_distance_atr"":{""value"":0.8086865795945825,""score"":65.43432897972912},""R4_rr_potential"":{""value"":4.41225378225896,""score"":100.0},""_score"":65.71},""market"":{""M1_spy_regime"":{""score"":100.0},""M3_earnings_risk"":{""value"":null,""score"":80.0},""M4_vix"":{""value"":null,""score"":60.0},""_score"":84.0},""liquidity"":{""L1_price"":{""value"":872.69,""score"":0.0},""L2_dollar_vol"":{""value"":598240295.7612699,""score"":100.0},""L3_spread_proxy"":{""value"":0.016695504703846654,""score"":83.30449529615335},""L4_volume_zscore"":{""value"":-0.08107465643280493,""score"":100.0},""_score"":73.33},""pattern_structure"":{""left_low"":880.0001,""left_idx"":56,""right_low"":860.49,""right_idx"":73,""separation_bars"":17,""structural_low"":860.49,""current_price"":873.91,""neckline_distance_pct"":0.0550056641988306,""base_bars"":17},""pattern_geometry_features"":{""low_similarity_pct"":0.022419087589179584,""bounce_pct"":0.07145928482608747,""right_bottom_reaction"":0.0,""atr_pct"":0.03557628874923675},""_schema_version"":""1.0""}",,,,,,,,,,
20260505T210937Z-543da1,2026-05-05T21:09:37.858700+00:00,FLY,double_bottom,absent,47.77,45.1,45.5,41.9,51.5,21.1,23.3,81.8,84.0,90.0,6.77,11.37,3.35,7.21,2.75,1.87,4.91,5.04,4.5,True,reversal_trend_cap,31.52,39.138,30.8305,46.976,"{""trend"":{""T1_ema_stack"":{""value"":[false,true,false],""score"":33.33333333333333},""T2_ema50_slope"":{""value"":1.1114149940163482,""score"":100},""T3_high_proximity"":{""value"":0.7136065202626216,""score"":0},""T4_rs_1m"":{""value"":-0.19395432197248785,""score"":0},""T5_rs_3m"":{""value"":0.20812431207261728,""score"":100},""T6_adr_healthy"":{""value"":10.560490106583975,""score"":35.98774733540062},""_score"":45.13},""geometry"":{""sub_low_similarity"":7.0,""sub_bounce_quality"":100,""sub_separation_fit"":100.0,""sub_right_bottom_reaction"":15.9,""sub_base_context"":30.0,""_score"":45.48},""compression"":{""VC1_atr_ratio"":{""value"":0.42133989832912205,""score"":100},""VC2_range_contraction"":{""value"":0.9672071750371843,""score"":5.465470827135944},""VC3_range_pct_rank"":{""score"":0.0},""_score"":41.91},""sr_quality"":{""SR1_touches"":{""value"":2,""score"":25.0},""SR2_tightness"":{""value"":0.14499999999999957,""score"":92.74260004397344},""SR3_recency"":{""value"":82,""score"":13.333333333333334},""SR4_price_location"":{""score"":52.4186455584873},""SR5_reaction"":{""value"":2.7210119604096326,""score"":100},""_score"":51.52,""_levels_found"":5,""_target_level"":34.225},""volume"":{""V1_rvol_day"":{""value"":1.346504324949995,""score"":56.433621663333},""V2_rvol_sameslot"":{""value"":0.9028410084301187,""score"":26.85606722867458,""status"":""ok""},""V3_breakout_bar"":{""value"":0.5609173461853945,""score"":4.061156412359631},""V4_base_dryup"":{""value"":1.792408346854636,""score"":0},""V5_bo_expansion"":{""value"":1.3465043249499953,""score"":23.100288329999685},""_score"":21.14},""readiness"":{""_distance_atr"":1.906,""BR1_atr_distance"":{""score"":0},""BR2_compression"":{""score"":23.36747072966548},""BR3_retest"":{""score"":50.0},""BR4_bo_age"":{""score"":50.0},""_score"":23.34},""risk"":{""R1_stop_clarity"":{""score"":76.5010394527277},""R2_stop_distance_pct"":{""value"":2.1874999999999964,""score"":100.0},""R3_stop_distance_atr"":{""value"":0.1725509403338044,""score"":33.627547016690215},""R4_rr_potential"":{""value"":22.41624365482237,""score"":100.0},""_score"":81.82},""market"":{""M1_spy_regime"":{""score"":100.0},""M3_earnings_risk"":{""value"":null,""score"":80.0},""M4_vix"":{""value"":null,""score"":60.0},""_score"":84.0},""liquidity"":{""L1_price"":{""value"":31.52,""score"":100.0},""L2_dollar_vol"":{""value"":266537783.49488735,""score"":100.0},""L3_spread_proxy"":{""value"":0.24866751269035525,""score"":0},""L4_volume_zscore"":{""value"":0.8202423482234078,""score"":100.0},""_score"":90.0},""pattern_structure"":{""left_low"":32.79,""left_idx"":44,""right_low"":31.3,""right_idx"":74,""separation_bars"":30,""structural_low"":31.3,""current_price"":31.87,""neckline_distance_pct"":0.2280514590524003,""base_bars"":30},""pattern_geometry_features"":{""low_similarity_pct"":0.04649711343423306,""bounce_pct"":0.25041533546325867,""right_bottom_reaction"":0.1594794590456745,""atr_pct"":0.1267741569978245},""_schema_version"":""1.0""}",,,,,,,,,,
20260505T210937Z-543da1,2026-05-05T21:09:37.858700+00:00,PLTR,vcp,absent,47.68,12.7,47.5,57.3,42.7,57.2,17.5,69.8,84.0,93.9,1.9,11.88,6.88,5.13,7.44,1.23,3.49,5.04,4.7,True,trend_floor,135.91,152.68,132.6598,192.4,"{""trend"":{""T1_ema_stack"":{""value"":[false,false,false],""score"":0.0},""T2_ema50_slope"":{""value"":-0.1701774880358738,""score"":21.637085327354367},""T3_high_proximity"":{""value"":0.8450012434717732,""score"":22.500621735886572},""T4_rs_1m"":{""value"":-0.17965660215250634,""score"":0},""T5_rs_3m"":{""value"":-0.18881333400446443,""score"":0},""T6_adr_healthy"":{""value"":4.5001333904669245,""score"":100.0},""_score"":12.7},""geometry"":{""sub_contraction_count"":100.0,""sub_reduction_rate"":0,""sub_pivot_tightness"":0,""sub_volume_dryup"":16.7,""sub_base_depth"":100.0,""sub_base_duration"":100.0,""_score"":47.5},""compression"":{""VC1_atr_ratio"":{""value"":0.5823350157606888,""score"":100},""VC2_range_contraction"":{""value"":0.7780682701383572,""score"":36.98862164360713},""VC3_range_pct_rank"":{""score"":17.500000000000004},""_score"":57.32},""sr_quality"":{""SR1_touches"":{""value"":3,""score"":50.0},""SR2_tightness"":{""value"":0.6360817557515713,""score"":79.37212936042594},""SR3_recency"":{""value"":252,""score"":0.0},""SR4_price_location"":{""score"":3.250773993807956},""SR5_reaction"":{""value"":2.3252016136037486,""score"":100},""_score"":42.72,""_levels_found"":7,""_target_level"":148.41},""volume"":{""V1_rvol_day"":{""value"":1.6535942232740426,""score"":76.90628155160285},""V2_rvol_sameslot"":{""value"":1.714328166469033,""score"":80.95521109793555,""status"":""ok""},""V3_breakout_bar"":{""value"":0.8564817376855289,""score"":23.76544917903526},""V4_base_dryup"":{""value"":0.840341879215932,""score"":65.9658120784068},""V5_bo_expansion"":{""value"":1.6535942232740426,""score"":43.57294821826951},""_score"":57.24},""readiness"":{""_distance_atr"":2.719,""BR1_atr_distance"":{""score"":0},""BR2_compression"":{""score"":0},""BR3_retest"":{""score"":50.0},""BR4_bo_age"":{""score"":50.0},""_score"":17.5},""risk"":{""R1_stop_clarity"":{""score"":34.48574198323196},""R2_stop_distance_pct"":{""value"":2.391435508792567,""score"":100.0},""R3_stop_distance_atr"":{""value"":0.5270132694933651,""score"":51.35066347466826},""R4_rr_potential"":{""value"":17.380468894222012,""score"":100.0},""_score"":69.77},""market"":{""M1_spy_regime"":{""score"":100.0},""M3_earnings_risk"":{""value"":null,""score"":80.0},""M4_vix"":{""value"":null,""score"":60.0},""_score"":84.0},""liquidity"":{""L1_price"":{""value"":135.91,""score"":100.0},""L2_dollar_vol"":{""value"":12003345958.7236,""score"":100.0},""L3_spread_proxy"":{""value"":0.06077551320726945,""score"":39.22448679273055},""L4_volume_zscore"":{""value"":1.4633715000992373,""score"":100.0},""_score"":93.92},""pattern_structure"":{""n_contractions"":5,""contractions_pct"":[7.97,4.89,16.07,21.5,11.79],""descending_strict"":false,""final_low"":134.68,""final_pivot"":152.68,""structural_low"":134.68,""dry_up_ratio"":0.9166122502360938,""current_price"":135.91,""neckline_distance_pct"":0.12339047899345162,""base_bars"":37,""recent_base_height"":39.72},""pattern_geometry_features"":{""contraction_count"":5.0,""first_contraction_pct"":0.07971508206875179,""last_contraction_pct"":0.11789363374377783,""dry_up_ratio"":0.9166122502360938,""near_monotone"":0.0,""base_depth_pct"":0.16580984825023218},""_schema_version"":""1.0""}",,,,,,,,,,
20260505T210937Z-543da1,2026-05-05T21:09:37.858700+00:00,LEU,bull_flag,absent,47.67,34.8,32.0,52.7,68.1,29.9,59.5,77.0,84.0,94.8,4.87,9.61,4.74,6.81,4.19,5.36,2.31,5.04,4.74,False,,206.04,210.81,196.3499,232.12,"{""trend"":{""T1_ema_stack"":{""value"":[true,false,false],""score"":33.33333333333333},""T2_ema50_slope"":{""value"":-0.10242754389837402,""score"":32.92874268360433},""T3_high_proximity"":{""value"":0.7458731537793223,""score"":0},""T4_rs_1m"":{""value"":0.02424829323176292,""score"":74.24829323176291},""T5_rs_3m"":{""value"":-0.3150329887880321,""score"":0},""T6_adr_healthy"":{""value"":6.675998084819447,""score"":100.0},""_score"":34.77},""geometry"":{""sub_pole_impulse"":11.9,""sub_flag_tightness"":20.1,""sub_flag_shallowness"":3.2,""sub_flag_drift"":85.4,""sub_flag_duration"":100.0,""_score"":32.05},""compression"":{""VC1_atr_ratio"":{""value"":0.6753448244423874,""score"":81.16379388940315},""VC2_range_contraction"":{""value"":1.1380259830557584,""score"":0},""VC3_range_pct_rank"":{""score"":80.83333333333333},""_score"":52.67},""sr_quality"":{""SR1_touches"":{""value"":5,""score"":100},""SR2_tightness"":{""value"":4.098243953695287,""score"":47.85188556515737},""SR3_recency"":{""value"":234,""score"":0.0},""SR4_price_location"":{""score"":63.71312228720125},""SR5_reaction"":{""value"":2.2928191543750254,""score"":100},""_score"":68.11,""_levels_found"":7,""_target_level"":216.5821},""volume"":{""V1_rvol_day"":{""value"":1.0001416277515365,""score"":33.34277518343576},""V2_rvol_sameslot"":{""value"":1.2245660983435105,""score"":48.30440655623403,""status"":""ok""},""V3_breakout_bar"":{""value"":0.9347339818990833,""score"":28.982265459938887},""V4_base_dryup"":{""value"":1.181420202682862,""score"":31.857979731713797},""V5_bo_expansion"":{""value"":1.0001416277515365,""score"":0.009441850102431815},""_score"":29.95},""readiness"":{""_distance_atr"":0.303,""BR1_atr_distance"":{""score"":79.76804141280144},""BR2_compression"":{""score"":40.442685633896325},""BR3_retest"":{""score"":50.0},""BR4_bo_age"":{""score"":50.0},""_score"":59.52},""risk"":{""R1_stop_clarity"":{""score"":61.95246580403614},""R2_stop_distance_pct"":{""value"":4.703018831294895,""score"":100.0},""R3_stop_distance_atr"":{""value"":0.6165084965591584,""score"":55.82542482795792},""R4_rr_potential"":{""value"":2.691406693429377,""score"":84.57033467146886},""_score"":76.97},""market"":{""M1_spy_regime"":{""score"":100.0},""M3_earnings_risk"":{""value"":null,""score"":80.0},""M4_vix"":{""value"":null,""score"":60.0},""_score"":84.0},""liquidity"":{""L1_price"":{""value"":206.04,""score"":100.0},""L2_dollar_vol"":{""value"":186251810.74822077,""score"":100.0},""L3_spread_proxy"":{""value"":0.05173752669384584,""score"":48.262473306154156},""L4_volume_zscore"":{""value"":0.0004019959728750544,""score"":100.0},""_score"":94.83},""pattern_structure"":{""pole_low"":189.5,""pole_low_idx"":30,""peak_price"":210.81,""peak_idx"":46,""pole_gain"":0.1124538258575198,""flag_bars"":13,""flag_low"":199.34,""flag_high"":210.71,""structural_low"":199.34,""current_price"":203.195,""neckline_distance_pct"":0.03747631585422874,""base_bars"":13},""pattern_geometry_features"":{""pole_gain"":0.1124538258575198,""pullback_pct"":0.05440918362506522,""flag_range_pct"":0.05393482282624166,""flag_drift_per_bar"":-0.0029144309761450975,""atr_pct"":0.07628473666694399,""pole_atr_multiple"":1.474132713448151},""_schema_version"":""1.0""}",,,,,,,,,,
20260505T210937Z-543da1,2026-05-05T21:09:37.858700+00:00,TDG,bull_flag,absent,47.33,25.9,49.0,44.0,48.0,51.0,29.2,64.6,84.0,69.9,3.63,14.7,3.96,4.8,7.14,2.63,1.94,5.04,3.5,True,risk_unclear;trend_floor,1191.33,1234.0,1156.3999,1339.79,"{""trend"":{""T1_ema_stack"":{""value"":[true,false,false],""score"":33.33333333333333},""T2_ema50_slope"":{""value"":-0.1243971041554049,""score"":29.267149307432515},""T3_high_proximity"":{""value"":0.8897294955861924,""score"":44.864747793096186},""T4_rs_1m"":{""value"":-0.0969813568561948,""score"":0},""T5_rs_3m"":{""value"":-0.13460781655447018,""score"":0},""T6_adr_healthy"":{""value"":2.934060623550256,""score"":100.0},""_score"":25.92},""geometry"":{""sub_pole_impulse"":44.5,""sub_flag_tightness"":42.6,""sub_flag_shallowness"":0,""sub_flag_drift"":100,""sub_flag_duration"":100.0,""_score"":49.0},""compression"":{""VC1_atr_ratio"":{""value"":0.4125757987613792,""score"":100},""VC2_range_contraction"":{""value"":0.9466194290590815,""score"":8.896761823486422},""VC3_range_pct_rank"":{""score"":3.3333333333333326},""_score"":43.95},""sr_quality"":{""SR1_touches"":{""value"":2,""score"":25.0},""SR2_tightness"":{""value"":4.355000000000018,""score"":78.33140826299413},""SR3_recency"":{""value"":282,""score"":0.0},""SR4_price_location"":{""score"":55.181768046384775},""SR5_reaction"":{""value"":2.1995735228787234,""score"":100},""_score"":48.05,""_levels_found"":6,""_target_level"":1241.445},""volume"":{""V1_rvol_day"":{""value"":1.7194003785672336,""score"":81.29335857114891},""V2_rvol_sameslot"":{""value"":1.268913329282603,""score"":51.2608886188402,""status"":""ok""},""V3_breakout_bar"":{""value"":0.8148244735096954,""score"":20.988298233979698},""V4_base_dryup"":{""value"":0.8991906905785024,""score"":60.080930942149756},""V5_bo_expansion"":{""value"":1.7194003785672336,""score"":47.96002523781557},""_score"":50.97},""readiness"":{""_distance_atr"":1.062,""BR1_atr_distance"":{""score"":29.230860358359095},""BR2_compression"":{""score"":0},""BR3_retest"":{""score"":50.0},""BR4_bo_age"":{""score"":50.0},""_score"":29.19},""risk"":{""R1_stop_clarity"":{""score"":12.37952909817868},""R2_stop_distance_pct"":{""value"":2.9320297482645374,""score"":100.0},""R3_stop_distance_atr"":{""value"":0.8689864060417574,""score"":68.44932030208787},""R4_rr_potential"":{""value"":4.250196463513624,""score"":100.0},""_score"":64.6},""market"":{""M1_spy_regime"":{""score"":100.0},""M3_earnings_risk"":{""value"":null,""score"":80.0},""M4_vix"":{""value"":null,""score"":60.0},""_score"":84.0},""liquidity"":{""L1_price"":{""value"":1191.33,""score"":0.0},""L2_dollar_vol"":{""value"":807068154.6166536,""score"":100.0},""L3_spread_proxy"":{""value"":0.05101860945330007,""score"":48.98139054669993},""L4_volume_zscore"":{""value"":1.940451990797216,""score"":100.0},""_score"":69.9},""pattern_structure"":{""pole_low"":1128.21,""pole_low_idx"":32,""peak_price"":1234.0,""peak_idx"":54,""pole_gain"":0.09376800418361826,""flag_bars"":5,""flag_low"":1174.01,""flag_high"":1213.84,""structural_low"":1174.01,""current_price"":1199.085,""neckline_distance_pct"":0.02911803583565799,""base_bars"":5},""pattern_geometry_features"":{""pole_gain"":0.09376800418361826,""pullback_pct"":0.048614262560777964,""flag_range_pct"":0.03227714748784435,""flag_drift_per_bar"":0.0020111168099008958,""atr_pct"":0.033740801097452894,""pole_atr_multiple"":2.7790686982443},""_schema_version"":""1.0""}",,,,,,,,,,
20260505T210937Z-543da1,2026-05-05T21:09:37.858700+00:00,VOYG,bull_flag,absent,47.28,23.2,43.3,44.7,60.7,56.2,17.5,81.6,84.0,80.4,3.26,12.99,4.02,6.07,7.86,1.57,2.45,5.04,4.02,True,trend_floor,26.4,29.775,24.9648,34.73,"{""trend"":{""T1_ema_stack"":{""value"":[false,false,false],""score"":0.0},""T2_ema50_slope"":{""value"":0.22195320413391234,""score"":86.99220068898539},""T3_high_proximity"":{""value"":0.8113091579594345,""score"":5.6545789797172175},""T4_rs_1m"":{""value"":-0.1487616669143249,""score"":0},""T5_rs_3m"":{""value"":-0.16641847142964716,""score"":0},""T6_adr_healthy"":{""value"":7.391980910788512,""score"":100.0},""_score"":23.25},""geometry"":{""sub_pole_impulse"":34.7,""sub_flag_tightness"":45.8,""sub_flag_shallowness"":0,""sub_flag_drift"":76.3,""sub_flag_duration"":100.0,""_score"":43.3},""compression"":{""VC1_atr_ratio"":{""value"":0.4411836826581858,""score"":100},""VC2_range_contraction"":{""value"":0.9236694002754753,""score"":12.72176662075412},""VC3_range_pct_rank"":{""score"":0.8333333333333304},""_score"":44.66},""sr_quality"":{""SR1_touches"":{""value"":6,""score"":100},""SR2_tightness"":{""value"":0.4145280519257211,""score"":62.461762638559},""SR3_recency"":{""value"":139,""score"":0.0},""SR4_price_location"":{""score"":25.293824434493533},""SR5_reaction"":{""value"":2.253628461497828,""score"":100},""_score"":60.69,""_levels_found"":4,""_target_level"":29.4224},""volume"":{""V1_rvol_day"":{""value"":1.9943203507940082,""score"":99.62135671960054},""V2_rvol_sameslot"":{""value"":2.179760814298224,""score"":100,""status"":""ok""},""V3_breakout_bar"":{""value"":0.8781066896634148,""score"":25.207112644227653},""V4_base_dryup"":{""value"":1.5996801647930252,""score"":0},""V5_bo_expansion"":{""value"":1.9943203507940082,""score"":66.28802338626721},""_score"":56.17},""readiness"":{""_distance_atr"":1.528,""BR1_atr_distance"":{""score"":0},""BR2_compression"":{""score"":0},""BR3_retest"":{""score"":50.0},""BR4_bo_age"":{""score"":50.0},""_score"":17.5},""risk"":{""R1_stop_clarity"":{""score"":65.57265709138764},""R2_stop_distance_pct"":{""value"":5.436268939393943,""score"":100.0},""R3_stop_distance_atr"":{""value"":0.6498226061533192,""score"":57.49113030766596},""R4_rr_potential"":{""value"":5.804170223143514,""score"":100.0},""_score"":81.57},""market"":{""M1_spy_regime"":{""score"":100.0},""M3_earnings_risk"":{""value"":null,""score"":80.0},""M4_vix"":{""value"":null,""score"":60.0},""_score"":84.0},""liquidity"":{""L1_price"":{""value"":26.4,""score"":100.0},""L2_dollar_vol"":{""value"":78483424.00348559,""score"":94.73889708950568},""L3_spread_proxy"":{""value"":0.16780303030303031,""score"":0},""L4_volume_zscore"":{""value"":2.2696295575803527,""score"":70.0},""_score"":80.4},""pattern_structure"":{""pole_low"":24.82,""pole_low_idx"":31,""peak_price"":29.775,""peak_idx"":54,""pole_gain"":0.19963738920225618,""flag_bars"":5,""flag_low"":25.345,""flag_high"":27.2775,""structural_low"":25.345,""current_price"":26.57,""neckline_distance_pct"":0.12062476477229953,""base_bars"":5},""pattern_geometry_features"":{""pole_gain"":0.19963738920225618,""pullback_pct"":0.14878253568429892,""flag_range_pct"":0.0649034424853065,""flag_drift_per_bar"":-0.004742190440346381,""atr_pct"":0.08365773809523809,""pole_atr_multiple"":2.38635891607521},""_schema_version"":""1.0""}",,,,,,,,,,
20260505T210937Z-543da1,2026-05-05T21:09:37.858700+00:00,FLY,bull_flag,absent,47.1,45.1,45.2,41.9,51.5,30.8,23.3,78.1,84.0,90.0,6.32,13.56,3.77,5.15,4.32,2.1,2.34,5.04,4.5,False,,31.52,39.138,31.0275,47.0405,"{""trend"":{""T1_ema_stack"":{""value"":[false,true,false],""score"":33.33333333333333},""T2_ema50_slope"":{""value"":1.1114149940163482,""score"":100},""T3_high_proximity"":{""value"":0.7136065202626216,""score"":0},""T4_rs_1m"":{""value"":-0.19395432197248785,""score"":0},""T5_rs_3m"":{""value"":0.20812431207261728,""score"":100},""T6_adr_healthy"":{""value"":10.560490106583975,""score"":35.98774733540062},""_score"":45.13},""geometry"":{""sub_pole_impulse"":24.9,""sub_flag_tightness"":69.4,""sub_flag_shallowness"":0,""sub_flag_drift"":69.1,""sub_flag_duration"":100.0,""_score"":45.19},""compression"":{""VC1_atr_ratio"":{""value"":0.42133989832912205,""score"":100},""VC2_range_contraction"":{""value"":0.9672071750371843,""score"":5.465470827135944},""VC3_range_pct_rank"":{""score"":0.0},""_score"":41.91},""sr_quality"":{""SR1_touches"":{""value"":2,""score"":25.0},""SR2_tightness"":{""value"":0.14499999999999957,""score"":92.74260004397344},""SR3_recency"":{""value"":82,""score"":13.333333333333334},""SR4_price_location"":{""score"":52.4186455584873},""SR5_reaction"":{""value"":2.7210119604096326,""score"":100},""_score"":51.52,""_levels_found"":5,""_target_level"":34.225},""volume"":{""V1_rvol_day"":{""value"":1.346504324949995,""score"":56.433621663333},""V2_rvol_sameslot"":{""value"":0.9028410084301187,""score"":26.85606722867458,""status"":""ok""},""V3_breakout_bar"":{""value"":0.5609173461853945,""score"":4.061156412359631},""V4_base_dryup"":{""value"":1.015355618052385,""score"":48.46443819476149},""V5_bo_expansion"":{""value"":1.3465043249499953,""score"":23.100288329999685},""_score"":30.83},""readiness"":{""_distance_atr"":1.906,""BR1_atr_distance"":{""score"":0},""BR2_compression"":{""score"":23.36747072966548},""BR3_retest"":{""score"":50.0},""BR4_bo_age"":{""score"":50.0},""_score"":23.34},""risk"":{""R1_stop_clarity"":{""score"":76.3508863501892},""R2_stop_distance_pct"":{""value"":1.5624999999999991,""score"":89.06249999999997},""R3_stop_distance_atr"":{""value"":0.12325067166700326,""score"":31.16253358335016},""R4_rr_potential"":{""value"":31.51370558375635,""score"":100.0},""_score"":78.12},""market"":{""M1_spy_regime"":{""score"":100.0},""M3_earnings_risk"":{""value"":null,""score"":80.0},""M4_vix"":{""value"":null,""score"":60.0},""_score"":84.0},""liquidity"":{""L1_price"":{""value"":31.52,""score"":100.0},""L2_dollar_vol"":{""value"":266537783.49488735,""score"":100.0},""L3_spread_proxy"":{""value"":0.24866751269035525,""score"":0},""L4_volume_zscore"":{""value"":0.8202423482234078,""score"":100.0},""_score"":90.0},""pattern_structure"":{""pole_low"":31.2355,""pole_low_idx"":30,""peak_price"":39.138,""peak_idx"":54,""pole_gain"":0.25299739078932626,""flag_bars"":5,""flag_low"":31.5,""flag_high"":33.32,""structural_low"":31.5,""current_price"":31.87,""neckline_distance_pct"":0.2280514590524003,""base_bars"":5},""pattern_geometry_features"":{""pole_gain"":0.25299739078932626,""pullback_pct"":0.19515560325003828,""flag_range_pct"":0.04650212070110891,""flag_drift_per_bar"":-0.006171948540947673,""atr_pct"":0.1267741569978245,""pole_atr_multiple"":1.9956542940661623},""_schema_version"":""1.0""}",,,,,,,,,,
20260505T210937Z-543da1,2026-05-05T21:09:37.858700+00:00,TSLA,vcp,absent,46.95,39.7,44.7,56.2,48.4,12.5,31.3,71.7,84.0,96.6,5.96,11.17,6.75,5.81,1.62,2.19,3.59,5.04,4.83,True,risk_unclear,389.37,409.28,358.5597,481.32,"{""trend"":{""T1_ema_stack"":{""value"":[true,false,false],""score"":33.33333333333333},""T2_ema50_slope"":{""value"":-0.0856158389694202,""score"":35.73069350509663},""T3_high_proximity"":{""value"":0.9091694491792561,""score"":54.58472458962804},""T4_rs_1m"":{""value"":0.005191945888420868,""score"":55.19194588842087},""T5_rs_3m"":{""value"":-0.12689182173444746,""score"":0},""T6_adr_healthy"":{""value"":3.7476600259689477,""score"":100.0},""_score"":39.71},""geometry"":{""sub_contraction_count"":100.0,""sub_reduction_rate"":0,""sub_pivot_tightness"":0,""sub_volume_dryup"":25.1,""sub_base_depth"":59.1,""sub_base_duration"":100.0,""_score"":44.67},""compression"":{""VC1_atr_ratio"":{""value"":0.3714921001336051,""score"":100},""VC2_range_contraction"":{""value"":0.8932999127399428,""score"":17.7833478766762},""VC3_range_pct_rank"":{""score"":40.0},""_score"":56.22},""sr_quality"":{""SR1_touches"":{""value"":3,""score"":50.0},""SR2_tightness"":{""value"":2.686910658895978,""score"":60.43062061073419},""SR3_recency"":{""value"":249,""score"":0.0},""SR4_price_location"":{""score"":37.42688006220642},""SR5_reaction"":{""value"":2.1299745192690365,""score"":100},""_score"":48.42,""_levels_found"":6,""_target_level"":396.9267},""volume"":{""V1_rvol_day"":{""value"":0.7369508089585896,""score"":15.796720597239302},""V2_rvol_sameslot"":{""value"":0.5522372365227926,""score"":3.482482434852837,""status"":""ok""},""V3_breakout_bar"":{""value"":0.5058509787103782,""score"":0.3900652473585472},""V4_base_dryup"":{""value"":1.0743730359713544,""score"":42.56269640286456},""V5_bo_expansion"":{""value"":0.7369508089585896,""score"":0},""_score"":12.47},""readiness"":{""_distance_atr"":1.466,""BR1_atr_distance"":{""score"":2.2636720934628585},""BR2_compression"":{""score"":51.514898721792605},""BR3_retest"":{""score"":50.0},""BR4_bo_age"":{""score"":50.0},""_score"":31.28},""risk"":{""R1_stop_clarity"":{""score"":19.58769393248609},""R2_stop_distance_pct"":{""value"":7.912859234147479,""score"":100.0},""R3_stop_distance_atr"":{""value"":2.268673217251725,""score"":100.0},""R4_rr_potential"":{""value"":2.984391583334139,""score"":99.21957916670694},""_score"":71.7},""market"":{""M1_spy_regime"":{""score"":100.0},""M3_earnings_risk"":{""value"":null,""score"":80.0},""M4_vix"":{""value"":null,""score"":60.0},""_score"":84.0},""liquidity"":{""L1_price"":{""value"":389.37,""score"":100.0},""L2_dollar_vol"":{""value"":18414242114.47779,""score"":100.0},""L3_spread_proxy"":{""value"":0.03369545676348975,""score"":66.30454323651026},""L4_volume_zscore"":{""value"":-0.9508724338069434,""score"":100.0},""_score"":96.63},""pattern_structure"":{""n_contractions"":5,""contractions_pct"":[6.66,6.35,11.13,11.98,11.06],""descending_strict"":false,""final_low"":364.02,""final_pivot"":409.28,""structural_low"":364.02,""dry_up_ratio"":0.8747209136518524,""current_price"":389.37,""neckline_distance_pct"":0.05113388293910668,""base_bars"":36,""recent_base_height"":72.03999999999996},""pattern_geometry_features"":{""contraction_count"":5.0,""first_contraction_pct"":0.06661445842102694,""last_contraction_pct"":0.11058444096950741,""dry_up_ratio"":0.8747209136518524,""near_monotone"":0.0,""base_depth_pct"":0.10914786354069801},""_schema_version"":""1.0""}",,,,,,,,,,
20260505T210937Z-543da1,2026-05-05T21:09:37.858700+00:00,HON,double_bottom,forming,46.93,22.8,52.8,60.4,46.8,25.3,25.9,59.7,84.0,98.8,3.42,13.2,4.83,6.55,3.29,2.07,3.58,5.04,4.94,True,risk_unclear;reversal_trend_cap,209.06,218.0,204.7126,228.17,"{""trend"":{""T1_ema_stack"":{""value"":[false,false,true],""score"":33.33333333333333},""T2_ema50_slope"":{""value"":-0.11165927080007541,""score"":31.390121533320762},""T3_high_proximity"":{""value"":0.8428479277535882,""score"":21.423963876794073},""T4_rs_1m"":{""value"":-0.18231589360001987,""score"":0},""T5_rs_3m"":{""value"":-0.14428262445800388,""score"":0},""T6_adr_healthy"":{""value"":2.2088081500518464,""score"":100.0},""_score"":22.82},""geometry"":{""sub_low_similarity"":93.2,""sub_bounce_quality"":27.0,""sub_separation_fit"":0.0,""sub_right_bottom_reaction"":89.6,""sub_base_context"":30.0,""_score"":52.8},""compression"":{""VC1_atr_ratio"":{""value"":0.43367703650594097,""score"":100},""VC2_range_contraction"":{""value"":1.1921142077955416,""score"":0},""VC3_range_pct_rank"":{""score"":81.66666666666667},""_score"":60.42},""sr_quality"":{""SR1_touches"":{""value"":4,""score"":75.0},""SR2_tightness"":{""value"":1.3000630398176845,""score"":52.632583149344384},""SR3_recency"":{""value"":241,""score"":0.0},""SR4_price_location"":{""score"":7.310664775787972},""SR5_reaction"":{""value"":1.9439191774083988,""score"":97.19595887041994},""_score"":46.8,""_levels_found"":7,""_target_level"":221.707},""volume"":{""V1_rvol_day"":{""value"":0.7063694971183387,""score"":13.757966474555916},""V2_rvol_sameslot"":{""value"":0.7063831475164153,""score"":13.758876501094353,""status"":""ok""},""V3_breakout_bar"":{""value"":0.9571753503819422,""score"":30.47835669212948},""V4_base_dryup"":{""value"":0.890297815859984,""score"":60.9702184140016},""V5_bo_expansion"":{""value"":0.7063694971183387,""score"":0},""_score"":25.32},""readiness"":{""_distance_atr"":1.629,""BR1_atr_distance"":{""score"":0},""BR2_compression"":{""score"":33.44353749817969},""BR3_retest"":{""score"":50.0},""BR4_bo_age"":{""score"":50.0},""_score"":25.86},""risk"":{""R1_stop_clarity"":{""score"":0},""R2_stop_distance_pct"":{""value"":2.0795226250836985,""score"":100.0},""R3_stop_distance_atr"":{""value"":0.791990350007413,""score"":64.59951750037065},""R4_rr_potential"":{""value"":4.395680226339595,""score"":100.0},""_score"":59.69},""market"":{""M1_spy_regime"":{""score"":100.0},""M3_earnings_risk"":{""value"":null,""score"":80.0},""M4_vix"":{""value"":null,""score"":60.0},""_score"":84.0},""liquidity"":{""L1_price"":{""value"":209.06,""score"":100.0},""L2_dollar_vol"":{""value"":553326087.2151594,""score"":100.0},""L3_spread_proxy"":{""value"":0.012340954749832643,""score"":87.65904525016735},""L4_volume_zscore"":{""value"":-0.8675507693562122,""score"":100.0},""_score"":98.77},""pattern_structure"":{""left_low"":207.83,""left_idx"":26,""right_low"":208.54,""right_idx"":74,""separation_bars"":48,""structural_low"":207.83,""current_price"":209.47,""neckline_distance_pct"":0.040721821740583385,""base_bars"":48},""pattern_geometry_features"":{""low_similarity_pct"":0.0034104282248960277,""bounce_pct"":0.04893422508781209,""right_bottom_reaction"":0.8961038961039046,""atr_pct"":0.02625691872463136},""_schema_version"":""1.0""}",,,,,,,,,,
20260505T210937Z-543da1,2026-05-05T21:09:37.858700+00:00,ROP,vcp,absent,46.62,40.1,38.8,51.5,49.4,23.5,36.7,64.9,84.0,97.8,6.01,9.71,6.18,5.93,3.06,2.57,3.24,5.04,4.89,True,risk_unclear,356.56,384.0,343.0066,427.5942,"{""trend"":{""T1_ema_stack"":{""value"":[true,false,false],""score"":33.33333333333333},""T2_ema50_slope"":{""value"":-0.04406448235074835,""score"":42.655919608208606},""T3_high_proximity"":{""value"":0.9702312925170068,""score"":85.11564625850338},""T4_rs_1m"":{""value"":-0.1084799690654078,""score"":0},""T5_rs_3m"":{""value"":-0.027467918085810394,""score"":36.2660409570948},""T6_adr_healthy"":{""value"":2.461400591488406,""score"":100.0},""_score"":40.07},""geometry"":{""sub_contraction_count"":100.0,""sub_reduction_rate"":0,""sub_pivot_tightness"":9.7,""sub_volume_dryup"":0.6,""sub_base_depth"":22.8,""sub_base_duration"":100.0,""_score"":38.83},""compression"":{""VC1_atr_ratio"":{""value"":0.30103891712607234,""score"":100},""VC2_range_contraction"":{""value"":1.1039462448872017,""score"":0},""VC3_range_pct_rank"":{""score"":45.833333333333336},""_score"":51.46},""sr_quality"":{""SR1_touches"":{""value"":2,""score"":25.0},""SR2_tightness"":{""value"":1.7199999999999989,""score"":62.32127838519772},""SR3_recency"":{""value"":243,""score"":0.0},""SR4_price_location"":{""score"":70.12185765612917},""SR5_reaction"":{""value"":2.0810921822129176,""score"":100},""_score"":49.38,""_levels_found"":4,""_target_level"":361.72},""volume"":{""V1_rvol_day"":{""value"":0.6927112227734111,""score"":12.847414851560742},""V2_rvol_sameslot"":{""value"":0.7121681432675927,""score"":14.144542884506182,""status"":""ok""},""V3_breakout_bar"":{""value"":1.0266368259305736,""score"":35.109121728704906},""V4_base_dryup"":{""value"":1.0339198587329035,""score"":46.60801412670965},""V5_bo_expansion"":{""value"":0.6927112227734115,""score"":0},""_score"":23.5},""readiness"":{""_distance_atr"":3.006,""BR1_atr_distance"":{""score"":0},""BR2_compression"":{""score"":76.83038651805239},""BR3_retest"":{""score"":50.0},""BR4_bo_age"":{""score"":50.0},""_score"":36.71},""risk"":{""R1_stop_clarity"":{""score"":0},""R2_stop_distance_pct"":{""value"":3.8011695086380968,""score"":100.0},""R3_stop_distance_atr"":{""value"":1.4845252019480877,""score"":99.22626009740438},""R4_rr_potential"":{""value"":5.241041948728922,""score"":100.0},""_score"":64.88},""market"":{""M1_spy_regime"":{""score"":100.0},""M3_earnings_risk"":{""value"":null,""score"":80.0},""M4_vix"":{""value"":null,""score"":60.0},""_score"":84.0},""liquidity"":{""L1_price"":{""value"":356.56,""score"":100.0},""L2_dollar_vol"":{""value"":288225889.89077824,""score"":100.0},""L3_spread_proxy"":{""value"":0.02153915189589412,""score"":78.46084810410588},""L4_volume_zscore"":{""value"":-1.7254812858452087,""score"":100.0},""_score"":97.85},""pattern_structure"":{""n_contractions"":5,""contractions_pct"":[8.42,6.27,5.44,5.88,9.32],""descending_strict"":false,""final_low"":348.23,""final_pivot"":384.0,""structural_low"":348.23,""dry_up_ratio"":0.9969231100355653,""current_price"":356.56,""neckline_distance_pct"":0.07695759479470494,""base_bars"":58,""recent_base_height"":43.5942},""pattern_geometry_features"":{""contraction_count"":5.0,""first_contraction_pct"":0.08423873681968266,""last_contraction_pct"":0.09315104166666661,""dry_up_ratio"":0.9969231100355653,""near_monotone"":0.0,""base_depth_pct"":0.07277132814996268},""_schema_version"":""1.0""}",,,,,,,,,,
20260505T210937Z-543da1,2026-05-05T21:09:37.858700+00:00,ESLT,ascending_triangle,absent,46.6,53.8,38.0,52.5,40.0,29.9,47.1,55.4,84.0,69.7,8.06,10.64,4.2,5.6,3.58,3.77,2.21,5.04,3.49,True,risk_unclear,851.26,873.1,790.5265,943.635,"{""trend"":{""T1_ema_stack"":{""value"":[false,true,true],""score"":66.66666666666666},""T2_ema50_slope"":{""value"":0.12450184001801477,""score"":70.75030666966913},""T3_high_proximity"":{""value"":0.8392337799335522,""score"":19.616889966776075},""T4_rs_1m"":{""value"":-0.1768057308836587,""score"":0},""T5_rs_3m"":{""value"":0.13263212212531306,""score"":100},""T6_adr_healthy"":{""value"":2.801945343263884,""score"":100.0},""_score"":53.76},""geometry"":{""sub_flat_top_quality"":33.3,""sub_hl_slope"":36.8,""sub_compression"":7.9,""sub_duration"":100.0,""_score"":38.0},""compression"":{""VC1_atr_ratio"":{""value"":0.3968328430258537,""score"":100},""VC2_range_contraction"":{""value"":1.1638485637921716,""score"":0},""VC3_range_pct_rank"":{""score"":50.0},""_score"":52.5},""sr_quality"":{""SR1_touches"":{""value"":2,""score"":25.0},""SR2_tightness"":{""value"":4.694999999999993,""score"":66.73650330964963},""SR3_recency"":{""value"":228,""score"":0.0},""SR4_price_location"":{""score"":30.0},""SR5_reaction"":{""value"":2.7912466346835076,""score"":100},""_score"":40.01,""_levels_found"":3,""_target_level"":805.305},""volume"":{""V1_rvol_day"":{""value"":0.8983894114611619,""score"":26.559294097410795},""V2_rvol_sameslot"":{""value"":1.0601349545594276,""score"":37.34233030396184,""status"":""ok""},""V3_breakout_bar"":{""value"":0.9294808867811036,""score"":28.632059118740244},""V4_base_dryup"":{""value"":1.0031823098611643,""score"":49.68176901388357},""V5_bo_expansion"":{""value"":0.8983894114611619,""score"":0},""_score"":29.87},""readiness"":{""_distance_atr"":0.774,""BR1_atr_distance"":{""score"":48.42209671868982},""BR2_compression"":{""score"":40.902256256797074},""BR3_retest"":{""score"":50.0},""BR4_bo_age"":{""score"":50.0},""_score"":47.09},""risk"":{""R1_stop_clarity"":{""score"":14.708887471913073},""R2_stop_distance_pct"":{""value"":7.134538801306299,""score"":100.0},""R3_stop_distance_atr"":{""value"":2.1514459474504566,""score"":100.0},""R4_rr_potential"":{""value"":1.5209898659676562,""score"":26.04949329838281},""_score"":55.36},""market"":{""M1_spy_regime"":{""score"":100.0},""M3_earnings_risk"":{""value"":null,""score"":80.0},""M4_vix"":{""value"":null,""score"":60.0},""_score"":84.0},""liquidity"":{""L1_price"":{""value"":851.26,""score"":0.0},""L2_dollar_vol"":{""value"":75069685.44387896,""score"":93.77322980472607},""L3_spread_proxy"":{""value"":0.028112445081408782,""score"":71.88755491859122},""L4_volume_zscore"":{""value"":-0.5380878871958806,""score"":100.0},""_score"":69.7},""pattern_structure"":{""top"":873.1,""top_touches"":2,""low_slope_per_bar"":0.8869388048956024,""lowest_low"":802.565,""structural_low"":802.565,""current_price"":848.565,""neckline_distance_pct"":0.028913518705107995,""base_bars"":42},""pattern_geometry_features"":{""top_touches"":2.0,""low_slope"":0.8869388048956024,""compression"":0.039564819702151977,""atr_pct"":0.03316159910854833},""_schema_version"":""1.0""}",,,,,,,,,,
20260505T210937Z-543da1,2026-05-05T21:09:37.858700+00:00,APH,bull_flag,absent,46.55,54.5,21.4,42.5,64.9,60.7,22.8,62.8,84.0,94.0,7.62,6.43,3.82,6.49,8.5,2.06,1.88,5.04,4.7,True,risk_unclear,136.69,154.918,134.5067,167.577,"{""trend"":{""T1_ema_stack"":{""value"":[false,true,true],""score"":66.66666666666666},""T2_ema50_slope"":{""value"":0.27755528077991254,""score"":96.25921346331876},""T3_high_proximity"":{""value"":0.8945095216281657,""score"":47.25476081408281},""T4_rs_1m"":{""value"":-0.017763169009352042,""score"":32.23683099064796},""T5_rs_3m"":{""value"":-0.12017244862432674,""score"":0},""T6_adr_healthy"":{""value"":3.346724149738906,""score"":100.0},""_score"":54.45},""geometry"":{""sub_pole_impulse"":30.0,""sub_flag_tightness"":0,""sub_flag_shallowness"":0,""sub_flag_drift"":82.9,""sub_flag_duration"":0.0,""_score"":21.44},""compression"":{""VC1_atr_ratio"":{""value"":0.46360229651346474,""score"":100},""VC2_range_contraction"":{""value"":1.1920042480041013,""score"":0},""VC3_range_pct_rank"":{""score"":9.999999999999998},""_score"":42.5},""sr_quality"":{""SR1_touches"":{""value"":7,""score"":100},""SR2_tightness"":{""value"":1.7461468133801226,""score"":36.84895063911241},""SR3_recency"":{""value"":226,""score"":0.0},""SR4_price_location"":{""score"":57.659053539696316},""SR5_reaction"":{""value"":2.006923195157897,""score"":100},""_score"":64.94,""_levels_found"":4,""_target_level"":141.4741},""volume"":{""V1_rvol_day"":{""value"":1.4587269488403898,""score"":63.91512992269265},""V2_rvol_sameslot"":{""value"":1.8236374617679028,""score"":88.24249745119351,""status"":""ok""},""V3_breakout_bar"":{""value"":1.2494536025769114,""score"":49.96357350512743},""V4_base_dryup"":{""value"":0.8411927202705218,""score"":65.88072797294782},""V5_bo_expansion"":{""value"":1.4587269488403893,""score"":30.58179658935929},""_score"":60.69},""readiness"":{""_distance_atr"":3.296,""BR1_atr_distance"":{""score"":0},""BR2_compression"":{""score"":21.375348836199777},""BR3_retest"":{""score"":50.0},""BR4_bo_age"":{""score"":50.0},""_score"":22.84},""risk"":{""R1_stop_clarity"":{""score"":25.920391005529325},""R2_stop_distance_pct"":{""value"":1.5972821713365986,""score"":89.93205428341497},""R3_stop_distance_atr"":{""value"":0.3948100577492633,""score"":44.740502887463165},""R4_rr_potential"":{""value"":14.146771552563214,""score"":100.0},""_score"":62.76},""market"":{""M1_spy_regime"":{""score"":100.0},""M3_earnings_risk"":{""value"":null,""score"":80.0},""M4_vix"":{""value"":null,""score"":60.0},""_score"":84.0},""liquidity"":{""L1_price"":{""value"":136.69,""score"":100.0},""L2_dollar_vol"":{""value"":1583152467.8987339,""score"":100.0},""L3_spread_proxy"":{""value"":0.0599897578462215,""score"":40.0102421537785},""L4_volume_zscore"":{""value"":1.6304003054383576,""score"":100.0},""_score"":94.0},""pattern_structure"":{""pole_low"":142.259,""pole_low_idx"":25,""peak_price"":154.918,""peak_idx"":30,""pole_gain"":0.08898558263449076,""flag_bars"":29,""flag_low"":136.555,""flag_high"":153.6,""structural_low"":136.555,""current_price"":136.61,""neckline_distance_pct"":0.13401654344484293,""base_bars"":29},""pattern_geometry_features"":{""pole_gain"":0.08898558263449076,""pullback_pct"":0.11853367588014303,""flag_range_pct"":0.11002594921184101,""flag_drift_per_bar"":-0.0034158185738193485,""atr_pct"":0.04045697772854113,""pole_atr_multiple"":2.199511373082973},""_schema_version"":""1.0""}",,,,,,,,,,
20260505T210937Z-543da1,2026-05-05T21:09:37.858700+00:00,INTU,vcp,forming,46.39,7.1,51.7,65.5,52.2,16.1,35.3,76.8,84.0,96.4,1.06,12.93,7.87,6.27,2.1,2.47,3.84,5.04,4.82,True,trend_floor,398.32,419.0,368.3457,551.665,"{""trend"":{""T1_ema_stack"":{""value"":[false,false,false],""score"":0.0},""T2_ema50_slope"":{""value"":-0.4465238771525089,""score"":0},""T3_high_proximity"":{""value"":0.8278155329717147,""score"":13.907766485857342},""T4_rs_1m"":{""value"":-0.14402204285738873,""score"":0},""T5_rs_3m"":{""value"":-0.13205927955884367,""score"":0},""T6_adr_healthy"":{""value"":4.170026995813199,""score"":100.0},""_score"":7.09},""geometry"":{""sub_contraction_count"":100.0,""sub_reduction_rate"":15.0,""sub_pivot_tightness"":0,""sub_volume_dryup"":48.5,""sub_base_depth"":56.8,""sub_base_duration"":100.0,""_score"":51.7},""compression"":{""VC1_atr_ratio"":{""value"":0.5254240370220199,""score"":100},""VC2_range_contraction"":{""value"":0.747797888649212,""score"":42.03368522513133},""VC3_range_pct_rank"":{""score"":43.333333333333336},""_score"":65.55},""sr_quality"":{""SR1_touches"":{""value"":2,""score"":25.0},""SR2_tightness"":{""value"":0.8049500000000194,""score"":90.4761381595069},""SR3_recency"":{""value"":247,""score"":0.0},""SR4_price_location"":{""score"":64.59718698721892},""SR5_reaction"":{""value"":2.259836301097806,""score"":100},""_score"":52.22,""_levels_found"":7,""_target_level"":410.305},""volume"":{""V1_rvol_day"":{""value"":0.6258364913311874,""score"":8.389099422079155},""V2_rvol_sameslot"":{""value"":0.5538234461049187,""score"":3.588229740327916,""status"":""ok""},""V3_breakout_bar"":{""value"":0.908361377978224,""score"":27.224091865214934},""V4_base_dryup"":{""value"":1.1539782020946878,""score"":34.602179790531224},""V5_bo_expansion"":{""value"":0.6258364913311874,""score"":0},""_score"":16.12},""readiness"":{""_distance_atr"":1.223,""BR1_atr_distance"":{""score"":18.440705277183795},""BR2_compression"":{""score"":41.832015121410535},""BR3_retest"":{""score"":50.0},""BR4_bo_age"":{""score"":50.0},""_score"":35.33},""risk"":{""R1_stop_clarity"":{""score"":33.632602871702815},""R2_stop_distance_pct"":{""value"":7.525187035549314,""score"":100.0},""R3_stop_distance_atr"":{""value"":1.7732239894529584,""score"":100.0},""R4_rr_potential"":{""value"":5.115878339211971,""score"":100.0},""_score"":76.77},""market"":{""M1_spy_regime"":{""score"":100.0},""M3_earnings_risk"":{""value"":null,""score"":80.0},""M4_vix"":{""value"":null,""score"":60.0},""_score"":84.0},""liquidity"":{""L1_price"":{""value"":398.32,""score"":100.0},""L2_dollar_vol"":{""value"":825070716.9285942,""score"":100.0},""L3_spread_proxy"":{""value"":0.03586312512552728,""score"":64.13687487447272},""L4_volume_zscore"":{""value"":-0.7576935458198961,""score"":100.0},""_score"":96.41},""pattern_structure"":{""n_contractions"":5,""contractions_pct"":[27.8,11.22,13.75,21.64,10.75],""descending_strict"":false,""final_low"":373.955,""final_pivot"":419.0,""structural_low"":373.955,""dry_up_ratio"":0.7576362584030806,""current_price"":398.32,""neckline_distance_pct"":0.05191805583450494,""base_bars"":61,""recent_base_height"":132.66499999999996},""pattern_geometry_features"":{""contraction_count"":5.0,""first_contraction_pct"":0.27796901893287435,""last_contraction_pct"":0.10750596658711221,""dry_up_ratio"":0.7576362584030806,""near_monotone"":0.0,""base_depth_pct"":0.34322420878850685},""_schema_version"":""1.0""}",,,,,,,,,,
20260505T210937Z-543da1,2026-05-05T21:09:37.858700+00:00,EA,tight_consolidation,absent,46.3,48.7,17.5,55.2,64.2,31.7,38.5,45.2,84.0,99.7,7.8,3.51,9.94,6.42,4.12,3.08,2.26,4.2,4.98,True,risk_unclear,201.57,203.64,198.3691,205.89,"{""trend"":{""T1_ema_stack"":{""value"":[false,true,true],""score"":66.66666666666666},""T2_ema50_slope"":{""value"":0.01591486080273729,""score"":52.65247680045621},""T3_high_proximity"":{""value"":0.9873138714733543,""score"":93.6569357366771},""T4_rs_1m"":{""value"":-0.1110880832107548,""score"":0},""T5_rs_3m"":{""value"":-0.04876322457561044,""score"":25.618387712194778},""T6_adr_healthy"":{""value"":0.4097784619785068,""score"":72.74446154946267},""_score"":48.73},""geometry"":{""sub_tightness"":5.6,""sub_duration"":62.5,""sub_dry_up"":4.5,""sub_location"":24.0,""_score"":17.54},""compression"":{""VC1_atr_ratio"":{""value"":0.20539447207365008,""score"":100},""VC2_range_contraction"":{""value"":1.004917856937273,""score"":0},""VC3_range_pct_rank"":{""score"":60.83333333333334},""_score"":55.21},""sr_quality"":{""SR1_touches"":{""value"":4,""score"":75.0},""SR2_tightness"":{""value"":0.13259430606176356,""score"":66.61294451682214},""SR3_recency"":{""value"":238,""score"":0.0},""SR4_price_location"":{""score"":66.74570243034967},""SR5_reaction"":{""value"":3.2025629496402903,""score"":100},""_score"":64.18,""_levels_found"":5,""_target_level"":202.0375},""volume"":{""V1_rvol_day"":{""value"":0.8993551189249943,""score"":26.62367459499962},""V2_rvol_sameslot"":{""value"":1.131277168167961,""score"":42.085144544530735,""status"":""ok""},""V3_breakout_bar"":{""value"":0.9542372348582829,""score"":30.282482323885528},""V4_base_dryup"":{""value"":0.9817766490012496,""score"":51.82233509987504},""V5_bo_expansion"":{""value"":0.8993551189249945,""score"":0},""_score"":31.68},""readiness"":{""_distance_atr"":2.606,""BR1_atr_distance"":{""score"":0},""BR2_compression"":{""score"":84.08037434187825},""BR3_retest"":{""score"":50.0},""BR4_bo_age"":{""score"":50.0},""_score"":38.52},""risk"":{""R1_stop_clarity"":{""score"":0},""R2_stop_distance_pct"":{""value"":1.587959517785386,""score"":89.69898794463464},""R3_stop_distance_atr"":{""value"":4.02984712230216,""score"":98.50764388489202},""R4_rr_potential"":{""value"":1.3496415014761671,""score"":17.482075073808357},""_score"":45.18},""market"":{""M1_spy_regime"":{""score"":100.0},""M3_earnings_risk"":{""value"":null,""score"":80.0},""M4_vix"":{""value"":null,""score"":60.0},""_score"":84.0},""liquidity"":{""L1_price"":{""value"":201.57,""score"":100.0},""L2_dollar_vol"":{""value"":282278687.0519472,""score"":100.0},""L3_spread_proxy"":{""value"":0.0034231284417325304,""score"":96.57687155826747},""L4_volume_zscore"":{""value"":-0.4447584292101684,""score"":100.0},""_score"":99.66},""pattern_structure"":{""window_bars"":9,""range_pct"":0.01116237535347522,""range_atr"":2.8327338129496393,""vol_ratio"":0.8275676697061303,""range_location_63d"":0.6461748633879774,""pivot_high"":203.64,""pivot_low"":201.39,""structural_low"":201.39,""current_price"":201.57,""neckline_distance_pct"":0.010269385325197168,""base_bars"":9},""pattern_geometry_features"":{""range_pct"":0.01116237535347522,""range_atr"":2.8327338129496393,""duration_bars"":9.0,""vol_dryup_ratio"":0.8275676697061303,""location_in_range"":0.6461748633879774,""atr_pct"":0.00394049568033792},""_schema_version"":""1.0""}",,,,,,,,,,
20260505T210937Z-543da1,2026-05-05T21:09:37.858700+00:00,CCJ,bull_flag,absent,46.25,47.3,34.4,40.4,41.4,61.2,17.5,74.2,84.0,82.5,6.62,10.31,3.64,4.14,8.58,1.57,2.23,5.04,4.13,False,,114.46,124.7199,111.6005,137.5829,"{""trend"":{""T1_ema_stack"":{""value"":[false,true,true],""score"":66.66666666666666},""T2_ema50_slope"":{""value"":0.23338495947121474,""score"":88.89749324520245},""T3_high_proximity"":{""value"":0.9050367676128726,""score"":52.518383806436255},""T4_rs_1m"":{""value"":-0.06237733484341401,""score"":0},""T5_rs_3m"":{""value"":-0.14232447212157529,""score"":0},""T6_adr_healthy"":{""value"":4.7916287118599055,""score"":100.0},""_score"":47.32},""geometry"":{""sub_pole_impulse"":24.1,""sub_flag_tightness"":26.4,""sub_flag_shallowness"":0,""sub_flag_drift"":70.2,""sub_flag_duration"":100.0,""_score"":34.36},""compression"":{""VC1_atr_ratio"":{""value"":0.5637566634674418,""score"":100},""VC2_range_contraction"":{""value"":1.2816959412879718,""score"":0},""VC3_range_pct_rank"":{""score"":1.6666666666666718},""_score"":40.42},""sr_quality"":{""SR1_touches"":{""value"":3,""score"":50.0},""SR2_tightness"":{""value"":1.0735130284361822,""score"":67.94827427766333},""SR3_recency"":{""value"":240,""score"":0.0},""SR4_price_location"":{""score"":7.964181723545385},""SR5_reaction"":{""value"":1.8962090321259788,""score"":94.81045160629894},""_score"":41.4,""_levels_found"":6,""_target_level"":121.2853},""volume"":{""V1_rvol_day"":{""value"":1.7007915219224066,""score"":80.05276812816044},""V2_rvol_sameslot"":{""value"":1.9531572914145012,""score"":96.87715276096675,""status"":""ok""},""V3_breakout_bar"":{""value"":1.0640083524372947,""score"":37.60055682915298},""V4_base_dryup"":{""value"":1.027296853410004,""score"":47.2703146589996},""V5_bo_expansion"":{""value"":1.7007915219224066,""score"":46.7194347948271},""_score"":61.25},""readiness"":{""_distance_atr"":1.532,""BR1_atr_distance"":{""score"":0},""BR2_compression"":{""score"":0},""BR3_retest"":{""score"":50.0},""BR4_bo_age"":{""score"":50.0},""_score"":17.5},""risk"":{""R1_stop_clarity"":{""score"":49.25827034958113},""R2_stop_distance_pct"":{""value"":2.4982526646863508,""score"":100.0},""R3_stop_distance_atr"":{""value"":0.4268784228754709,""score"":46.34392114377355},""R4_rr_potential"":{""value"":8.086343766392735,""score"":100.0},""_score"":74.19},""market"":{""M1_spy_regime"":{""score"":100.0},""M3_earnings_risk"":{""value"":null,""score"":80.0},""M4_vix"":{""value"":null,""score"":60.0},""_score"":84.0},""liquidity"":{""L1_price"":{""value"":114.46,""score"":100.0},""L2_dollar_vol"":{""value"":616518487.1031702,""score"":100.0},""L3_spread_proxy"":{""value"":0.0997719727415691,""score"":0.22802725843089888},""L4_volume_zscore"":{""value"":2.4966878975709794,""score"":70.0},""_score"":82.52},""pattern_structure"":{""pole_low"":111.8569,""pole_low_idx"":30,""peak_price"":124.7199,""peak_idx"":54,""pole_gain"":0.1149951411133332,""flag_bars"":5,""flag_low"":113.3,""flag_high"":119.630364,""structural_low"":113.3,""current_price"":113.74,""neckline_distance_pct"":0.09653508000703359,""base_bars"":5},""pattern_geometry_features"":{""pole_gain"":0.1149951411133332,""pullback_pct"":0.09156437745700564,""flag_range_pct"":0.05075664749570841,""flag_drift_per_bar"":-0.005969667663091444,""atr_pct"":0.05852375127929907,""pole_atr_multiple"":1.9649311364975524},""_schema_version"":""1.0""}",,,,,,,,,,
20260505T210937Z-543da1,2026-05-05T21:09:37.858700+00:00,WDAY,bull_flag,absent,45.95,13.3,39.5,57.8,57.0,28.2,60.9,68.5,84.0,96.4,1.87,11.84,5.2,5.7,3.95,5.48,2.05,5.04,4.82,True,trend_floor,128.875,131.0,121.2043,144.975,"{""trend"":{""T1_ema_stack"":{""value"":[true,false,false],""score"":33.33333333333333},""T2_ema50_slope"":{""value"":-0.5192314131130306,""score"":0},""T3_high_proximity"":{""value"":0.7574199235968263,""score"":0},""T4_rs_1m"":{""value"":-0.1049159849030421,""score"":0},""T5_rs_3m"":{""value"":-0.25003549509564515,""score"":0},""T6_adr_healthy"":{""value"":4.970410237075791,""score"":100.0},""_score"":13.33},""geometry"":{""sub_pole_impulse"":35.5,""sub_flag_tightness"":15.3,""sub_flag_shallowness"":0,""sub_flag_drift"":100,""sub_flag_duration"":100.0,""_score"":39.48},""compression"":{""VC1_atr_ratio"":{""value"":0.49788727156284285,""score"":100},""VC2_range_contraction"":{""value"":0.9016223885572497,""score"":16.396268573791712},""VC3_range_pct_rank"":{""score"":48.33333333333333},""_score"":57.82},""sr_quality"":{""SR1_touches"":{""value"":2,""score"":25.0},""SR2_tightness"":{""value"":0.1790499999999895,""score"":94.36918065929162},""SR3_recency"":{""value"":231,""score"":0.0},""SR4_price_location"":{""score"":81.17370696916943},""SR5_reaction"":{""value"":3.286497444825071,""score"":100},""_score"":56.95,""_levels_found"":3,""_target_level"":132.8659},""volume"":{""V1_rvol_day"":{""value"":0.7218496825429388,""score"":14.78997883619592},""V2_rvol_sameslot"":{""value"":0.7617727325823491,""score"":17.451515505489944,""status"":""ok""},""V3_breakout_bar"":{""value"":1.14766983295036,""score"":43.177988863357335},""V4_base_dryup"":{""value"":0.9512721205475364,""score"":54.87278794524636},""V5_bo_expansion"":{""value"":0.7218496825429387,""score"":0},""_score"":28.22},""readiness"":{""_distance_atr"":0.334,""BR1_atr_distance"":{""score"":77.7241159843507},""BR2_compression"":{""score"":49.26626725810581},""BR3_retest"":{""score"":50.0},""BR4_bo_age"":{""score"":50.0},""_score"":60.91},""risk"":{""R1_stop_clarity"":{""score"":41.95428763969237},""R2_stop_distance_pct"":{""value"":5.9520853540252165,""score"":100.0},""R3_stop_distance_atr"":{""value"":1.2061604986802947,""score"":85.30802493401474},""R4_rr_potential"":{""value"":2.098882117133266,""score"":54.94410585666329},""_score"":68.47},""market"":{""M1_spy_regime"":{""score"":100.0},""M3_earnings_risk"":{""value"":null,""score"":80.0},""M4_vix"":{""value"":null,""score"":60.0},""_score"":84.0},""liquidity"":{""L1_price"":{""value"":128.875,""score"":100.0},""L2_dollar_vol"":{""value"":497207556.2706275,""score"":100.0},""L3_spread_proxy"":{""value"":0.03615906886517941,""score"":63.84093113482059},""L4_volume_zscore"":{""value"":-0.75048066346052,""score"":100.0},""_score"":96.38},""pattern_structure"":{""pole_low"":117.025,""pole_low_idx"":18,""peak_price"":131.0,""peak_idx"":42,""pole_gain"":0.11941892757957696,""flag_bars"":17,""flag_low"":123.05,""flag_high"":131.0,""structural_low"":123.05,""current_price"":127.85,""neckline_distance_pct"":0.024638247946812717,""base_bars"":17},""pattern_geometry_features"":{""pole_gain"":0.11941892757957696,""pullback_pct"":0.06068702290076338,""flag_range_pct"":0.06068702290076338,""flag_drift_per_bar"":0.000384760787381063,""atr_pct"":0.049347374255230676,""pole_atr_multiple"":2.4199651831914624},""_schema_version"":""1.0""}",,,,,,,,,,
20260505T210937Z-543da1,2026-05-05T21:09:37.858700+00:00,TMUS,vcp,absent,45.91,15.7,45.0,48.5,59.9,25.2,35.7,71.2,84.0,98.6,2.35,11.25,5.82,7.18,3.28,2.5,3.56,5.04,4.93,True,risk_unclear;trend_floor,194.31,206.78,179.2798,243.04,"{""trend"":{""T1_ema_stack"":{""value"":[false,false,false],""score"":0.0},""T2_ema50_slope"":{""value"":-0.2244382660996856,""score"":12.593622316719063},""T3_high_proximity"":{""value"":0.875349130552302,""score"":37.674565276150986},""T4_rs_1m"":{""value"":-0.12005242545597361,""score"":0},""T5_rs_3m"":{""value"":-0.06670476669358472,""score"":16.647616653207642},""T6_adr_healthy"":{""value"":2.8747050962825704,""score"":100.0},""_score"":15.67},""geometry"":{""sub_contraction_count"":100.0,""sub_reduction_rate"":0,""sub_pivot_tightness"":0,""sub_volume_dryup"":0,""sub_base_depth"":100.0,""sub_base_duration"":100.0,""_score"":45.0},""compression"":{""VC1_atr_ratio"":{""value"":0.735389239909101,""score"":66.15269002272474},""VC2_range_contraction"":{""value"":1.1433535714983314,""score"":0},""VC3_range_pct_rank"":{""score"":88.33333333333333},""_score"":48.54},""sr_quality"":{""SR1_touches"":{""value"":3,""score"":50.0},""SR2_tightness"":{""value"":0.6571952187558615,""score"":80.18682536921803},""SR3_recency"":{""value"":302,""score"":0.0},""SR4_price_location"":{""score"":93.13893653516291},""SR5_reaction"":{""value"":1.2742588865954823,""score"":63.71294432977411},""_score"":59.87,""_levels_found"":7,""_target_level"":194.7767},""volume"":{""V1_rvol_day"":{""value"":0.8139413897915022,""score"":20.92942598610015},""V2_rvol_sameslot"":{""value"":0.4344539185561724,""score"":0,""status"":""ok""},""V3_breakout_bar"":{""value"":1.1024969939366729,""score"":40.166466262444864},""V4_base_dryup"":{""value"":0.9506838052441884,""score"":54.93161947558116},""V5_bo_expansion"":{""value"":0.8139413897915021,""score"":0},""_score"":25.21},""readiness"":{""_distance_atr"":1.88,""BR1_atr_distance"":{""score"":0},""BR2_compression"":{""score"":72.84620204353875},""BR3_retest"":{""score"":50.0},""BR4_bo_age"":{""score"":50.0},""_score"":35.71},""risk"":{""R1_stop_clarity"":{""score"":17.691216894984265},""R2_stop_distance_pct"":{""value"":7.735139725181421,""score"":100.0},""R3_stop_distance_atr"":{""value"":2.265650891683332,""score"":100.0},""R4_rr_potential"":{""value"":3.2421499452766573,""score"":100.0},""_score"":71.19},""market"":{""M1_spy_regime"":{""score"":100.0},""M3_earnings_risk"":{""value"":null,""score"":80.0},""M4_vix"":{""value"":null,""score"":60.0},""_score"":84.0},""liquidity"":{""L1_price"":{""value"":194.31,""score"":100.0},""L2_dollar_vol"":{""value"":1048992958.27981,""score"":100.0},""L3_spread_proxy"":{""value"":0.014358499305233863,""score"":85.64150069476614},""L4_volume_zscore"":{""value"":-0.5166827971836382,""score"":100.0},""_score"":98.56},""pattern_structure"":{""n_contractions"":5,""contractions_pct"":[5.46,5.6,7.02,13.2,11.98],""descending_strict"":false,""final_low"":182.01,""final_pivot"":206.78,""structural_low"":182.01,""dry_up_ratio"":1.2377264371441108,""current_price"":194.31,""neckline_distance_pct"":0.06417580155421748,""base_bars"":48,""recent_base_height"":36.26000000000002},""pattern_geometry_features"":{""contraction_count"":5.0,""first_contraction_pct"":0.054594076683791834,""last_contraction_pct"":0.11978914788664285,""dry_up_ratio"":1.2377264371441108,""near_monotone"":0.0,""base_depth_pct"":0.18850559030968403},""_schema_version"":""1.0""}",,,,,,,,,,
20260505T210937Z-543da1,2026-05-05T21:09:37.858700+00:00,NVDA,bull_flag,absent,45.52,71.8,24.1,41.3,55.7,27.3,37.2,62.1,84.0,97.9,10.05,7.23,3.72,5.57,3.82,3.35,1.86,5.04,4.89,True,risk_unclear,196.5,212.72,191.8189,228.2194,"{""trend"":{""T1_ema_stack"":{""value"":[false,true,true],""score"":66.66666666666666},""T2_ema50_slope"":{""value"":0.32249779589286737,""score"":100},""T3_high_proximity"":{""value"":0.9071603342412631,""score"":53.580167120631515},""T4_rs_1m"":{""value"":0.007767826896616148,""score"":57.76782689661615},""T5_rs_3m"":{""value"":0.03995150449738971,""score"":69.97575224869486},""T6_adr_healthy"":{""value"":2.8465998240630017,""score"":100.0},""_score"":71.75},""geometry"":{""sub_pole_impulse"":35.7,""sub_flag_tightness"":0,""sub_flag_shallowness"":0,""sub_flag_drift"":89.3,""sub_flag_duration"":0.0,""_score"":24.11},""compression"":{""VC1_atr_ratio"":{""value"":0.7600017176038825,""score"":59.99957059902938},""VC2_range_contraction"":{""value"":1.4576076018594988,""score"":0},""VC3_range_pct_rank"":{""score"":69.16666666666667},""_score"":41.29},""sr_quality"":{""SR1_touches"":{""value"":2,""score"":25.0},""SR2_tightness"":{""value"":0.2046500000000009,""score"":93.56284599899342},""SR3_recency"":{""value"":229,""score"":0.0},""SR4_price_location"":{""score"":76.51798743734533},""SR5_reaction"":{""value"":3.3494511197785606,""score"":100},""_score"":55.66,""_levels_found"":6,""_target_level"":197.4253},""volume"":{""V1_rvol_day"":{""value"":0.7492554436476919,""score"":16.617029576512795},""V2_rvol_sameslot"":{""value"":0.8639719941723222,""score"":24.264799611488144,""status"":""ok""},""V3_breakout_bar"":{""value"":0.8212094299273085,""score"":21.413961995153898},""V4_base_dryup"":{""value"":0.8123309206216318,""score"":68.76690793783682},""V5_bo_expansion"":{""value"":0.7492554436476917,""score"":0},""_score"":27.28},""readiness"":{""_distance_atr"":2.551,""BR1_atr_distance"":{""score"":0},""BR2_compression"":{""score"":78.72106019481899},""BR3_retest"":{""score"":50.0},""BR4_bo_age"":{""score"":50.0},""_score"":37.18},""risk"":{""R1_stop_clarity"":{""score"":8.118394564670524},""R2_stop_distance_pct"":{""value"":2.3822391857506293,""score"":100.0},""R3_stop_distance_atr"":{""value"":0.7362072219426248,""score"":61.81036109713124},""R4_rr_potential"":{""value"":6.776056909700732,""score"":100.0},""_score"":62.11},""market"":{""M1_spy_regime"":{""score"":100.0},""M3_earnings_risk"":{""value"":null,""score"":80.0},""M4_vix"":{""value"":null,""score"":60.0},""_score"":84.0},""liquidity"":{""L1_price"":{""value"":196.5,""score"":100.0},""L2_dollar_vol"":{""value"":21594199239.97903,""score"":100.0},""L3_spread_proxy"":{""value"":0.021424936386768487,""score"":78.57506361323152},""L4_volume_zscore"":{""value"":-1.0231090305549668,""score"":100.0},""_score"":97.86},""pattern_structure"":{""pole_low"":197.2206,""pole_low_idx"":10,""peak_price"":212.72,""peak_idx"":30,""pole_gain"":0.07858915346571306,""flag_bars"":29,""flag_low"":194.74,""flag_high"":211.95,""structural_low"":194.74,""current_price"":196.31,""neckline_distance_pct"":0.08359227752024857,""base_bars"":29},""pattern_geometry_features"":{""pole_gain"":0.07858915346571306,""pullback_pct"":0.0845242572395637,""flag_range_pct"":0.08090447536667911,""flag_drift_per_bar"":-0.0021430413292738717,""atr_pct"":0.032358269720101786,""pole_atr_multiple"":2.4287192778077213},""_schema_version"":""1.0""}",,,,,,,,,,
20260505T210937Z-543da1,2026-05-05T21:09:37.858700+00:00,PLTR,double_bottom,absent,45.47,12.7,41.8,57.3,42.7,55.7,17.5,69.7,84.0,93.9,1.9,10.44,4.59,5.98,7.24,1.4,4.18,5.04,4.7,True,reversal_trend_cap,135.91,149.64,132.6992,164.56,"{""trend"":{""T1_ema_stack"":{""value"":[false,false,false],""score"":0.0},""T2_ema50_slope"":{""value"":-0.1701774880358738,""score"":21.637085327354367},""T3_high_proximity"":{""value"":0.8450012434717732,""score"":22.500621735886572},""T4_rs_1m"":{""value"":-0.17965660215250634,""score"":0},""T5_rs_3m"":{""value"":-0.18881333400446443,""score"":0},""T6_adr_healthy"":{""value"":4.5001333904669245,""score"":100.0},""_score"":12.7},""geometry"":{""sub_low_similarity"":38.5,""sub_bounce_quality"":100,""sub_separation_fit"":13.3,""sub_right_bottom_reaction"":14.8,""sub_base_context"":30.0,""_score"":41.76},""compression"":{""VC1_atr_ratio"":{""value"":0.5823350157606888,""score"":100},""VC2_range_contraction"":{""value"":0.7780682701383572,""score"":36.98862164360713},""VC3_range_pct_rank"":{""score"":17.500000000000004},""_score"":57.32},""sr_quality"":{""SR1_touches"":{""value"":3,""score"":50.0},""SR2_tightness"":{""value"":0.6360817557515713,""score"":79.37212936042594},""SR3_recency"":{""value"":252,""score"":0.0},""SR4_price_location"":{""score"":3.250773993807956},""SR5_reaction"":{""value"":2.3252016136037486,""score"":100},""_score"":42.72,""_levels_found"":7,""_target_level"":148.41},""volume"":{""V1_rvol_day"":{""value"":1.6535942232740426,""score"":76.90628155160285},""V2_rvol_sameslot"":{""value"":1.714328166469033,""score"":80.95521109793555,""status"":""ok""},""V3_breakout_bar"":{""value"":0.8564817376855289,""score"":23.76544917903526},""V4_base_dryup"":{""value"":0.919057610390985,""score"":58.0942389609015},""V5_bo_expansion"":{""value"":1.6535942232740426,""score"":43.57294821826951},""_score"":55.67},""readiness"":{""_distance_atr"":2.226,""BR1_atr_distance"":{""score"":0},""BR2_compression"":{""score"":0},""BR3_retest"":{""score"":50.0},""BR4_bo_age"":{""score"":50.0},""_score"":17.5},""risk"":{""R1_stop_clarity"":{""score"":34.46628422914259},""R2_stop_distance_pct"":{""value"":2.362445736148927,""score"":100.0},""R3_stop_distance_atr"":{""value"":0.5206246402342353,""score"":51.03123201171176},""R4_rr_potential"":{""value"":8.923009841783955,""score"":100.0},""_score"":69.72},""market"":{""M1_spy_regime"":{""score"":100.0},""M3_earnings_risk"":{""value"":null,""score"":80.0},""M4_vix"":{""value"":null,""score"":60.0},""_score"":84.0},""liquidity"":{""L1_price"":{""value"":135.91,""score"":100.0},""L2_dollar_vol"":{""value"":12003345958.7236,""score"":100.0},""L3_spread_proxy"":{""value"":0.06077551320726945,""score"":39.22448679273055},""L4_volume_zscore"":{""value"":1.4633715000992373,""score"":100.0},""_score"":93.92},""pattern_structure"":{""left_low"":138.93,""left_idx"":33,""right_low"":134.72,""right_idx"":76,""separation_bars"":43,""structural_low"":134.72,""current_price"":135.81,""neckline_distance_pct"":0.1018334437817538,""base_bars"":43},""pattern_geometry_features"":{""low_similarity_pct"":0.03076923076923083,""bounce_pct"":0.11074821852731583,""right_bottom_reaction"":0.1479333708097876,""atr_pct"":0.04537714033446504},""_schema_version"":""1.0""}",,,,,,,,,,
20260505T210937Z-543da1,2026-05-05T21:09:37.858700+00:00,SATS,bull_flag,absent,45.42,51.6,26.8,74.4,37.4,35.1,31.9,69.4,84.0,96.2,7.22,8.05,6.7,3.74,4.91,2.87,2.08,5.04,4.81,False,,117.34,124.96,114.7919,133.3,"{""trend"":{""T1_ema_stack"":{""value"":[false,true,true],""score"":66.66666666666666},""T2_ema50_slope"":{""value"":0.2800393776089432,""score"":96.67322960149053},""T3_high_proximity"":{""value"":0.8684775368218488,""score"":34.23876841092438},""T4_rs_1m"":{""value"":-0.1741010488156569,""score"":0},""T5_rs_3m"":{""value"":-0.02770961682375872,""score"":36.14519158812064},""T6_adr_healthy"":{""value"":4.7933285892698425,""score"":100.0},""_score"":51.56},""geometry"":{""sub_pole_impulse"":14.3,""sub_flag_tightness"":0,""sub_flag_shallowness"":0,""sub_flag_drift"":83.6,""sub_flag_duration"":100.0,""_score"":26.83},""compression"":{""VC1_atr_ratio"":{""value"":0.4199725319514446,""score"":100},""VC2_range_contraction"":{""value"":0.6818013005731414,""score"":53.03311657114311},""VC3_range_pct_rank"":{""score"":63.33333333333333},""_score"":74.39},""sr_quality"":{""SR1_touches"":{""value"":2,""score"":25.0},""SR2_tightness"":{""value"":0.17499999999999716,""score"":93.45011729636893},""SR3_recency"":{""value"":224,""score"":0.0},""SR4_price_location"":{""score"":3.495362955430629},""SR5_reaction"":{""value"":2.7911295874242263,""score"":100},""_score"":37.39,""_levels_found"":5,""_target_level"":124.785},""volume"":{""V1_rvol_day"":{""value"":0.7451504423754085,""score"":16.34336282502723},""V2_rvol_sameslot"":{""value"":0.6188396497295561,""score"":7.9226433153037386,""status"":""ok""},""V3_breakout_bar"":{""value"":1.1992400593697408,""score"":46.61600395798271},""V4_base_dryup"":{""value"":0.5719680814025494,""score"":92.80319185974506},""V5_bo_expansion"":{""value"":0.7451504423754085,""score"":0},""_score"":35.07},""readiness"":{""_distance_atr"":1.426,""BR1_atr_distance"":{""score"":4.933131044439008},""BR2_compression"":{""score"":49.69026323827782},""BR3_retest"":{""score"":50.0},""BR4_bo_age"":{""score"":50.0},""_score"":31.9},""risk"":{""R1_stop_clarity"":{""score"":34.572285975898765},""R2_stop_distance_pct"":{""value"":2.171552752684511,""score"":100.0},""R3_stop_distance_atr"":{""value"":0.47685017477493263,""score"":48.84250873874662},""R4_rr_potential"":{""value"":6.2634904438601104,""score"":100.0},""_score"":69.43},""market"":{""M1_spy_regime"":{""score"":100.0},""M3_earnings_risk"":{""value"":null,""score"":80.0},""M4_vix"":{""value"":null,""score"":60.0},""_score"":84.0},""liquidity"":{""L1_price"":{""value"":117.34,""score"":100.0},""L2_dollar_vol"":{""value"":448145961.072742,""score"":100.0},""L3_spread_proxy"":{""value"":0.037838759161411266,""score"":62.16124083858873},""L4_volume_zscore"":{""value"":-0.6013135587429658,""score"":100.0},""_score"":96.22},""pattern_structure"":{""pole_low"":116.62,""pole_low_idx"":17,""peak_price"":124.96,""peak_idx"":40,""pole_gain"":0.07151432001371968,""flag_bars"":19,""flag_low"":116.54,""flag_high"":124.61,""structural_low"":116.54,""current_price"":116.87,""neckline_distance_pct"":0.06922221271498237,""base_bars"":19},""pattern_geometry_features"":{""pole_gain"":0.07151432001371968,""pullback_pct"":0.06738156209987187,""flag_range_pct"":0.06458066581306013,""flag_drift_per_bar"":-0.0032814688385205413,""atr_pct"":0.045539518858506385,""pole_atr_multiple"":1.5703793497669207},""_schema_version"":""1.0""}",,,,,,,,,,
20260505T210937Z-543da1,2026-05-05T21:09:37.858700+00:00,TMUS,double_bottom,absent,45.27,15.7,39.2,48.5,59.9,25.2,50.3,59.8,84.0,98.6,2.35,9.8,3.88,8.38,3.28,4.02,3.59,5.04,4.93,True,risk_unclear;reversal_trend_cap,194.31,200.63,183.7222,214.74,"{""trend"":{""T1_ema_stack"":{""value"":[false,false,false],""score"":0.0},""T2_ema50_slope"":{""value"":-0.2244382660996856,""score"":12.593622316719063},""T3_high_proximity"":{""value"":0.875349130552302,""score"":37.674565276150986},""T4_rs_1m"":{""value"":-0.12005242545597361,""score"":0},""T5_rs_3m"":{""value"":-0.06670476669358472,""score"":16.647616653207642},""T6_adr_healthy"":{""value"":2.8747050962825704,""score"":100.0},""_score"":15.67},""geometry"":{""sub_low_similarity"":34.9,""sub_bounce_quality"":65.2,""sub_separation_fit"":0.0,""sub_right_bottom_reaction"":64.7,""sub_base_context"":30.0,""_score"":39.21},""compression"":{""VC1_atr_ratio"":{""value"":0.735389239909101,""score"":66.15269002272474},""VC2_range_contraction"":{""value"":1.1433535714983314,""score"":0},""VC3_range_pct_rank"":{""score"":88.33333333333333},""_score"":48.54},""sr_quality"":{""SR1_touches"":{""value"":3,""score"":50.0},""SR2_tightness"":{""value"":0.6571952187558615,""score"":80.18682536921803},""SR3_recency"":{""value"":302,""score"":0.0},""SR4_price_location"":{""score"":93.13893653516291},""SR5_reaction"":{""value"":1.2742588865954823,""score"":63.71294432977411},""_score"":59.87,""_levels_found"":7,""_target_level"":194.7767},""volume"":{""V1_rvol_day"":{""value"":0.8139413897915022,""score"":20.92942598610015},""V2_rvol_sameslot"":{""value"":0.4344539185561724,""score"":0,""status"":""ok""},""V3_breakout_bar"":{""value"":1.1024969939366729,""score"":40.166466262444864},""V4_base_dryup"":{""value"":0.9508183800280868,""score"":54.91816199719132},""V5_bo_expansion"":{""value"":0.8139413897915021,""score"":0},""_score"":25.21},""readiness"":{""_distance_atr"":0.953,""BR1_atr_distance"":{""score"":36.48804287631361},""BR2_compression"":{""score"":72.84620204353875},""BR3_retest"":{""score"":50.0},""BR4_bo_age"":{""score"":50.0},""_score"":50.31},""risk"":{""R1_stop_clarity"":{""score"":15.651699221210606},""R2_stop_distance_pct"":{""value"":5.44892182594822,""score"":100.0},""R3_stop_distance_atr"":{""value"":1.5960092554608385,""score"":100.0},""R4_rr_potential"":{""value"":1.9295793271501165,""score"":46.478966357505826},""_score"":59.77},""market"":{""M1_spy_regime"":{""score"":100.0},""M3_earnings_risk"":{""value"":null,""score"":80.0},""M4_vix"":{""value"":null,""score"":60.0},""_score"":84.0},""liquidity"":{""L1_price"":{""value"":194.31,""score"":100.0},""L2_dollar_vol"":{""value"":1048992958.27981,""score"":100.0},""L3_spread_proxy"":{""value"":0.014358499305233863,""score"":85.64150069476614},""L4_volume_zscore"":{""value"":-0.5166827971836382,""score"":100.0},""_score"":98.56},""pattern_structure"":{""left_low"":186.52,""left_idx"":25,""right_low"":192.69,""right_idx"":74,""separation_bars"":49,""structural_low"":186.52,""current_price"":194.65,""neckline_distance_pct"":0.03072180837400457,""base_bars"":49},""pattern_geometry_features"":{""low_similarity_pct"":0.03254133593523371,""bounce_pct"":0.07564872399742646,""right_bottom_reaction"":0.6469534050179254,""atr_pct"":0.03414091620900328},""_schema_version"":""1.0""}",,,,,,,,,,
20260505T210937Z-543da1,2026-05-05T21:09:37.858700+00:00,ADBE,vcp,absent,45.27,24.0,45.5,52.8,37.9,21.3,57.9,54.1,84.0,96.8,3.6,11.38,6.33,4.55,2.77,4.05,2.71,5.04,4.84,True,risk_unclear;trend_floor,255.62,258.75,230.0123,319.98,"{""trend"":{""T1_ema_stack"":{""value"":[true,false,false],""score"":33.33333333333333},""T2_ema50_slope"":{""value"":-0.2080651660607976,""score"":15.322472323200401},""T3_high_proximity"":{""value"":0.9012763556871871,""score"":50.63817784359353},""T4_rs_1m"":{""value"":-0.052300995014775475,""score"":0},""T5_rs_3m"":{""value"":-0.10963568372931631,""score"":0},""T6_adr_healthy"":{""value"":3.5159294210378658,""score"":100.0},""_score"":23.99},""geometry"":{""sub_contraction_count"":100.0,""sub_reduction_rate"":0,""sub_pivot_tightness"":3.6,""sub_volume_dryup"":0,""sub_base_depth"":100.0,""sub_base_duration"":100.0,""_score"":45.54},""compression"":{""VC1_atr_ratio"":{""value"":0.5430850856590603,""score"":100},""VC2_range_contraction"":{""value"":0.9313338017369526,""score"":11.444366377174573},""VC3_range_pct_rank"":{""score"":35.0},""_score"":52.76},""sr_quality"":{""SR1_touches"":{""value"":2,""score"":25.0},""SR2_tightness"":{""value"":0.15500000000000114,""score"":96.72912480725198},""SR3_recency"":{""value"":304,""score"":0.0},""SR4_price_location"":{""score"":11.941513749541956},""SR5_reaction"":{""value"":1.7238039826296938,""score"":86.19019913148469},""_score"":37.92,""_levels_found"":5,""_target_level"":327.595},""volume"":{""V1_rvol_day"":{""value"":0.6951109058428075,""score"":13.007393722853836},""V2_rvol_sameslot"":{""value"":0.7242564023180672,""score"":14.950426821204479,""status"":""ok""},""V3_breakout_bar"":{""value"":0.7070394578453083,""score"":13.802630523020554},""V4_base_dryup"":{""value"":0.8888121250510421,""score"":61.118787494895784},""V5_bo_expansion"":{""value"":0.6951109058428075,""score"":0},""_score"":21.27},""readiness"":{""_distance_atr"":0.33,""BR1_atr_distance"":{""score"":77.98314117569628},""BR2_compression"":{""score"":36.850344394056734},""BR3_retest"":{""score"":50.0},""BR4_bo_age"":{""score"":50.0},""_score"":57.91},""risk"":{""R1_stop_clarity"":{""score"":26.08402380955974},""R2_stop_distance_pct"":{""value"":10.017887880447546,""score"":49.55280298881135},""R3_stop_distance_atr"":{""value"":2.7019249175875126,""score"":100.0},""R4_rr_potential"":{""value"":2.513304090855395,""score"":75.66520454276974},""_score"":54.13},""market"":{""M1_spy_regime"":{""score"":100.0},""M3_earnings_risk"":{""value"":null,""score"":80.0},""M4_vix"":{""value"":null,""score"":60.0},""_score"":84.0},""liquidity"":{""L1_price"":{""value"":255.62,""score"":100.0},""L2_dollar_vol"":{""value"":990749862.820888,""score"":100.0},""L3_spread_proxy"":{""value"":0.0318018934355683,""score"":68.1981065644317},""L4_volume_zscore"":{""value"":-1.1903868979103764,""score"":100.0},""_score"":96.82},""pattern_structure"":{""n_contractions"":5,""contractions_pct"":[18.02,9.23,18.29,9.42,9.75],""descending_strict"":false,""final_low"":233.515,""final_pivot"":258.75,""structural_low"":233.515,""dry_up_ratio"":1.107695713380862,""current_price"":255.62,""neckline_distance_pct"":0.012244738283389388,""base_bars"":61,""recent_base_height"":61.23000000000002},""pattern_geometry_features"":{""contraction_count"":5.0,""first_contraction_pct"":0.18021514854717602,""last_contraction_pct"":0.09752657004830922,""dry_up_ratio"":1.107695713380862,""near_monotone"":0.0,""base_depth_pct"":0.23762650995755802},""_schema_version"":""1.0""}",,,,,,,,,,
20260505T210937Z-543da1,2026-05-05T21:09:37.858700+00:00,SMR,double_bottom,absent,45.13,32.0,42.7,50.2,43.8,11.6,42.5,81.9,84.0,93.2,4.8,10.68,4.01,6.13,1.5,3.4,4.91,5.04,4.66,True,reversal_trend_cap,11.87,13.25,11.4063,14.92,"{""trend"":{""T1_ema_stack"":{""value"":[true,false,false],""score"":33.33333333333333},""T2_ema50_slope"":{""value"":-0.3103483459127307,""score"":0},""T3_high_proximity"":{""value"":0.6713800904977375,""score"":0},""T4_rs_1m"":{""value"":0.06875635406711988,""score"":100},""T5_rs_3m"":{""value"":-0.38578676666280254,""score"":0},""T6_adr_healthy"":{""value"":9.093129458026727,""score"":72.67176354933183},""_score"":31.97},""geometry"":{""sub_low_similarity"":23.8,""sub_bounce_quality"":100,""sub_separation_fit"":20.0,""sub_right_bottom_reaction"":43.8,""sub_base_context"":30.0,""_score"":42.71},""compression"":{""VC1_atr_ratio"":{""value"":0.6398661550560364,""score"":90.0334612359909},""VC2_range_contraction"":{""value"":1.1543388510327321,""score"":0},""VC3_range_pct_rank"":{""score"":56.666666666666664},""_score"":50.18},""sr_quality"":{""SR1_touches"":{""value"":3,""score"":50.0},""SR2_tightness"":{""value"":0.2930986788703686,""score"":53.48852902094511},""SR3_recency"":{""value"":229,""score"":0.0},""SR4_price_location"":{""score"":23.078392258393084},""SR5_reaction"":{""value"":3.3998012611979482,""score"":100},""_score"":43.79,""_levels_found"":7,""_target_level"":14.2865},""volume"":{""V1_rvol_day"":{""value"":0.4934219248495056,""score"":0},""V2_rvol_sameslot"":{""value"":0.4785099595055702,""score"":0,""status"":""ok""},""V3_breakout_bar"":{""value"":0.6056036174060504,""score"":7.04024116040336},""V4_base_dryup"":{""value"":1.0096715272449899,""score"":49.03284727550101},""V5_bo_expansion"":{""value"":0.4934219248495058,""score"":0},""_score"":11.57},""readiness"":{""_distance_atr"":1.095,""BR1_atr_distance"":{""score"":27.00316244063336},""BR2_compression"":{""score"":56.621640116628235},""BR3_retest"":{""score"":50.0},""BR4_bo_age"":{""score"":50.0},""_score"":42.46},""risk"":{""R1_stop_clarity"":{""score"":72.43575938247393},""R2_stop_distance_pct"":{""value"":3.906486941870256,""score"":100.0},""R3_stop_distance_atr"":{""value"":0.36791993017693736,""score"":43.39599650884687},""R4_rr_potential"":{""value"":6.577528574509392,""score"":100.0},""_score"":81.86},""market"":{""M1_spy_regime"":{""score"":100.0},""M3_earnings_risk"":{""value"":null,""score"":80.0},""M4_vix"":{""value"":null,""score"":60.0},""_score"":84.0},""liquidity"":{""L1_price"":{""value"":11.87,""score"":100.0},""L2_dollar_vol"":{""value"":217995966.66002846,""score"":100.0},""L3_spread_proxy"":{""value"":0.06823925863521488,""score"":31.76074136478512},""L4_volume_zscore"":{""value"":-1.0849585651713234,""score"":100.0},""_score"":93.18},""pattern_structure"":{""left_low"":12.03,""left_idx"":32,""right_low"":11.58,""right_idx"":74,""separation_bars"":42,""structural_low"":11.58,""current_price"":11.79,""neckline_distance_pct"":0.12383375742154376,""base_bars"":42},""pattern_geometry_features"":{""low_similarity_pct"":0.03811944091486652,""bounce_pct"":0.14421416234887738,""right_bottom_reaction"":0.4382716049382719,""atr_pct"":0.10617763870501869},""_schema_version"":""1.0""}",,,,,,,,,,
20260505T210937Z-543da1,2026-05-05T21:09:37.858700+00:00,TMUS,bull_flag,absent,44.95,15.7,43.3,48.5,59.9,21.4,50.3,63.4,84.0,98.6,2.19,13.0,4.37,5.99,3.0,4.53,1.9,5.04,4.93,True,risk_unclear;trend_floor,194.31,200.63,189.7996,217.62,"{""trend"":{""T1_ema_stack"":{""value"":[false,false,false],""score"":0.0},""T2_ema50_slope"":{""value"":-0.2244382660996856,""score"":12.593622316719063},""T3_high_proximity"":{""value"":0.875349130552302,""score"":37.674565276150986},""T4_rs_1m"":{""value"":-0.12005242545597361,""score"":0},""T5_rs_3m"":{""value"":-0.06670476669358472,""score"":16.647616653207642},""T6_adr_healthy"":{""value"":2.8747050962825704,""score"":100.0},""_score"":15.67},""geometry"":{""sub_pole_impulse"":42.7,""sub_flag_tightness"":37.6,""sub_flag_shallowness"":14.4,""sub_flag_drift"":96.7,""sub_flag_duration"":37.5,""_score"":43.34},""compression"":{""VC1_atr_ratio"":{""value"":0.735389239909101,""score"":66.15269002272474},""VC2_range_contraction"":{""value"":1.1433535714983314,""score"":0},""VC3_range_pct_rank"":{""score"":88.33333333333333},""_score"":48.54},""sr_quality"":{""SR1_touches"":{""value"":3,""score"":50.0},""SR2_tightness"":{""value"":0.6571952187558615,""score"":80.18682536921803},""SR3_recency"":{""value"":302,""score"":0.0},""SR4_price_location"":{""score"":93.13893653516291},""SR5_reaction"":{""value"":1.2742588865954823,""score"":63.71294432977411},""_score"":59.87,""_levels_found"":7,""_target_level"":194.7767},""volume"":{""V1_rvol_day"":{""value"":0.8139413897915022,""score"":20.92942598610015},""V2_rvol_sameslot"":{""value"":0.4344539185561724,""score"":0,""status"":""ok""},""V3_breakout_bar"":{""value"":1.1024969939366729,""score"":40.166466262444864},""V4_base_dryup"":{""value"":1.1394461613728903,""score"":36.05538386271097},""V5_bo_expansion"":{""value"":0.8139413897915021,""score"":0},""_score"":21.44},""readiness"":{""_distance_atr"":0.953,""BR1_atr_distance"":{""score"":36.48804287631361},""BR2_compression"":{""score"":72.84620204353875},""BR3_retest"":{""score"":50.0},""BR4_bo_age"":{""score"":50.0},""_score"":50.31},""risk"":{""R1_stop_clarity"":{""score"":12.861494332698769},""R2_stop_distance_pct"":{""value"":2.321213524779999,""score"":100.0},""R3_stop_distance_atr"":{""value"":0.6798919837329594,""score"":58.994599186647974},""R4_rr_potential"":{""value"":5.168113339319547,""score"":100.0},""_score"":63.35},""market"":{""M1_spy_regime"":{""score"":100.0},""M3_earnings_risk"":{""value"":null,""score"":80.0},""M4_vix"":{""value"":null,""score"":60.0},""_score"":84.0},""liquidity"":{""L1_price"":{""value"":194.31,""score"":100.0},""L2_dollar_vol"":{""value"":1048992958.27981,""score"":100.0},""L3_spread_proxy"":{""value"":0.014358499305233863,""score"":85.64150069476614},""L4_volume_zscore"":{""value"":-0.5166827971836382,""score"":100.0},""_score"":98.56},""pattern_structure"":{""pole_low"":183.64,""pole_low_idx"":23,""peak_price"":200.63,""peak_idx"":34,""pole_gain"":0.09251796994118934,""flag_bars"":25,""flag_low"":192.69,""flag_high"":199.64,""structural_low"":192.69,""current_price"":194.65,""neckline_distance_pct"":0.03072180837400457,""base_bars"":25},""pattern_geometry_features"":{""pole_gain"":0.09251796994118934,""pullback_pct"":0.03957533768628818,""flag_range_pct"":0.03464088122414389,""flag_drift_per_bar"":-0.0006645221205714483,""atr_pct"":0.03414091620900328,""pole_atr_multiple"":2.7098853872231903},""_schema_version"":""1.0""}",,,,,,,,,,
20260505T210937Z-543da1,2026-05-05T21:09:37.858700+00:00,OKLO,high_tight_pullback,absent,44.8,65.2,28.9,42.3,60.7,14.7,56.3,82.3,84.0,95.4,7.82,10.13,4.23,4.86,2.06,5.07,0.82,5.04,4.77,False,,68.38,72.3,65.0888,81.4,"{""trend"":{""T1_ema_stack"":{""value"":[true,true,false],""score"":66.66666666666666},""T2_ema50_slope"":{""value"":0.22674646139521823,""score"":87.79107689920303},""T3_high_proximity"":{""value"":0.8943238294533089,""score"":47.16191472665443},""T4_rs_1m"":{""value"":0.3039770444955463,""score"":100},""T5_rs_3m"":{""value"":-0.17299034608114716,""score"":0},""T6_adr_healthy"":{""value"":8.891192687950126,""score"":77.72018280124686},""_score"":65.19},""geometry"":{""sub_pole_impulse"":10.4,""sub_flag_tightness"":21.6,""sub_flag_shallowness"":0,""sub_flag_drift"":69.4,""sub_flag_duration"":100.0,""_score"":28.93},""compression"":{""VC1_atr_ratio"":{""value"":0.8021741844880179,""score"":49.45645387799552},""VC2_range_contraction"":{""value"":1.0248720844859793,""score"":0},""VC3_range_pct_rank"":{""score"":90.0},""_score"":42.28},""sr_quality"":{""SR1_touches"":{""value"":3,""score"":50.0},""SR2_tightness"":{""value"":0.3904698025029146,""score"":88.77960337635304},""SR3_recency"":{""value"":268,""score"":0.0},""SR4_price_location"":{""score"":69.55668889760676},""SR5_reaction"":{""value"":2.430076628352491,""score"":100},""_score"":60.71,""_levels_found"":7,""_target_level"":70.32},""volume"":{""V1_rvol_day"":{""value"":0.5317889516762584,""score"":2.1192634450838925},""V2_rvol_sameslot"":{""value"":0.6715364090177905,""score"":11.435760601186036,""status"":""ok""},""V3_breakout_bar"":{""value"":0.8259039631176792,""score"":21.72693087451195},""V4_base_dryup"":{""value"":1.170113839955034,""score"":32.988616004496606},""V5_bo_expansion"":{""value"":0.5317889516762584,""score"":0},""_score"":14.74},""readiness"":{""_distance_atr"":0.563,""BR1_atr_distance"":{""score"":62.45210727969347},""BR2_compression"":{""score"":55.33568162022966},""BR3_retest"":{""score"":50.0},""BR4_bo_age"":{""score"":50.0},""_score"":56.31},""risk"":{""R1_stop_clarity"":{""score"":71.51724137931016},""R2_stop_distance_pct"":{""value"":4.813103246563328,""score"":100.0},""R3_stop_distance_atr"":{""value"":0.4728735632183913,""score"":48.64367816091957},""R4_rr_potential"":{""value"":3.956003889158964,""score"":100.0},""_score"":82.33},""market"":{""M1_spy_regime"":{""score"":100.0},""M3_earnings_risk"":{""value"":null,""score"":80.0},""M4_vix"":{""value"":null,""score"":60.0},""_score"":84.0},""liquidity"":{""L1_price"":{""value"":68.38,""score"":100.0},""L2_dollar_vol"":{""value"":557895918.2453233,""score"":100.0},""L3_spread_proxy"":{""value"":0.04621234279028951,""score"":53.78765720971049},""L4_volume_zscore"":{""value"":-1.0592000639573613,""score"":100.0},""_score"":95.38},""pattern_structure"":{""pole_low"":63.2,""pole_low_idx"":33,""peak_price"":72.3,""peak_idx"":49,""pole_gain"":0.1439873417721518,""flag_bars"":10,""flag_low"":66.08,""flag_high"":70.98,""structural_low"":66.08,""current_price"":67.4,""neckline_distance_pct"":0.07270029673590492,""base_bars"":10},""pattern_geometry_features"":{""pole_gain"":0.1439873417721518,""pullback_pct"":0.08603042876901797,""flag_range_pct"":0.06777316735822968,""flag_drift_per_bar"":-0.006111410844348518,""atr_pct"":0.10178414741152385,""pole_atr_multiple"":1.4146342572384683},""_schema_version"":""1.0""}",,,,,,,,,,
20260505T210937Z-543da1,2026-05-05T21:09:37.858700+00:00,NOW,breakout_retest_hold,breakout_confirmed,44.56,5.0,42.6,56.1,57.1,30.4,49.8,62.4,84.0,95.9,0.7,9.38,3.37,8.0,3.95,8.96,3.12,4.2,2.88,True,trend_floor;weak_retest_trend,92.01,89.048,88.2486,90.6262,"{""trend"":{""T1_ema_stack"":{""value"":[false,false,false],""score"":0.0},""T2_ema50_slope"":{""value"":-0.6461523358797844,""score"":0},""T3_high_proximity"":{""value"":0.7399871320572624,""score"":0},""T4_rs_1m"":{""value"":-0.2000422593121114,""score"":0},""T5_rs_3m"":{""value"":-0.21144985232146774,""score"":0},""T6_adr_healthy"":{""value"":5.411086748143097,""score"":100.0},""_score"":5.0},""geometry"":{""sub_retest_depth"":48.8,""sub_retest_timing"":40.0,""sub_retest_freshness"":100.0,""sub_hold_quality"":0.0,""_score"":42.64},""compression"":{""VC1_atr_ratio"":{""value"":0.6128756309203874,""score"":96.78109226990314},""VC2_range_contraction"":{""value"":0.8869799980095097,""score"":18.83666699841506},""VC3_range_pct_rank"":{""score"":43.333333333333336},""_score"":56.14},""sr_quality"":{""SR1_touches"":{""value"":3,""score"":50.0},""SR2_tightness"":{""value"":0.49593906435726376,""score"":81.51021097566209},""SR3_recency"":{""value"":247,""score"":0.0},""SR4_price_location"":{""score"":59.63967695174991},""SR5_reaction"":{""value"":2.0495988815285764,""score"":100},""_score"":57.14,""_levels_found"":5,""_target_level"":98.5067},""volume"":{""V1_rvol_day"":{""value"":0.7416247013311028,""score"":16.10831342207352},""V2_rvol_sameslot"":{""value"":1.3648501875893884,""score"":57.65667917262589,""status"":""ok""},""V3_breakout_bar"":{""value"":1.4380674879123827,""score"":62.53783252749218},""V4_base_dryup"":{""value"":1.5905848463129844,""score"":0},""V5_bo_expansion"":{""value"":0.7416247013311028,""score"":0},""_score"":30.39},""readiness"":{""_distance_atr"":-0.552,""BR1_atr_distance"":{""score"":48.95695882294197},""BR2_compression"":{""score"":22.840872327400323},""BR3_retest"":{""score"":100},""BR4_bo_age"":{""score"":30.0},""_score"":49.79},""risk"":{""R1_stop_clarity"":{""score"":66.7664858027361},""R2_stop_distance_pct"":{""value"":4.088033909357688,""score"":100.0},""R3_stop_distance_atr"":{""value"":0.7011697346959171,""score"":60.058486734795856},""R4_rr_potential"":{""value"":-0.36788353880394165,""score"":0.0},""_score"":62.38},""market"":{""M1_spy_regime"":{""score"":100.0},""M3_earnings_risk"":{""value"":null,""score"":80.0},""M4_vix"":{""value"":null,""score"":60.0},""_score"":84.0},""liquidity"":{""L1_price"":{""value"":92.01,""score"":100.0},""L2_dollar_vol"":{""value"":2075238784.792034,""score"":100.0},""L3_spread_proxy"":{""value"":0.040731442234539665,""score"":59.268557765460336},""L4_volume_zscore"":{""value"":-0.4867481657614141,""score"":100.0},""_score"":95.93},""pattern_structure"":{""level"":89.048,""level_idx"":55,""breakout_idx"":63,""bo_peak_idx"":69,""bo_peak_price"":95.62,""retest_idx"":74,""retest_low"":89.14,""structural_low"":89.14,""current_price"":92.25,""neckline_distance_pct"":-0.03471002710027098,""base_bars"":24,""bars_since_breakout"":16},""pattern_geometry_features"":{""retest_depth_atr"":-0.05829267630366427,""bars_breakout_to_retest"":11.0,""bars_since_retest"":5.0,""current_above_level_atr"":2.0288385817862546,""bo_peak_excess_pct"":0.07380289282184892,""atr_pct"":0.05830305712112038},""_schema_version"":""1.0""}",,,,,,,,,,
20260505T210937Z-543da1,2026-05-05T21:09:37.858700+00:00,NOW,bull_flag,absent,44.07,5.0,36.8,56.1,57.1,38.1,45.3,77.2,84.0,95.9,0.7,11.05,5.05,5.71,5.33,4.07,2.32,5.04,4.8,True,trend_floor,92.01,95.62,87.8029,105.36,"{""trend"":{""T1_ema_stack"":{""value"":[false,false,false],""score"":0.0},""T2_ema50_slope"":{""value"":-0.6461523358797844,""score"":0},""T3_high_proximity"":{""value"":0.7399871320572624,""score"":0},""T4_rs_1m"":{""value"":-0.2000422593121114,""score"":0},""T5_rs_3m"":{""value"":-0.21144985232146774,""score"":0},""T6_adr_healthy"":{""value"":5.411086748143097,""score"":100.0},""_score"":5.0},""geometry"":{""sub_pole_impulse"":23.6,""sub_flag_tightness"":25.5,""sub_flag_shallowness"":0,""sub_flag_drift"":89.2,""sub_flag_duration"":100.0,""_score"":36.84},""compression"":{""VC1_atr_ratio"":{""value"":0.6128756309203874,""score"":96.78109226990314},""VC2_range_contraction"":{""value"":0.8869799980095097,""score"":18.83666699841506},""VC3_range_pct_rank"":{""score"":43.333333333333336},""_score"":56.14},""sr_quality"":{""SR1_touches"":{""value"":3,""score"":50.0},""SR2_tightness"":{""value"":0.49593906435726376,""score"":81.51021097566209},""SR3_recency"":{""value"":247,""score"":0.0},""SR4_price_location"":{""score"":59.63967695174991},""SR5_reaction"":{""value"":2.0495988815285764,""score"":100},""_score"":57.14,""_levels_found"":5,""_target_level"":98.5067},""volume"":{""V1_rvol_day"":{""value"":0.7416247013311028,""score"":16.10831342207352},""V2_rvol_sameslot"":{""value"":1.3648501875893884,""score"":57.65667917262589,""status"":""ok""},""V3_breakout_bar"":{""value"":1.4380674879123827,""score"":62.53783252749218},""V4_base_dryup"":{""value"":1.1159413458590297,""score"":38.40586541409703},""V5_bo_expansion"":{""value"":0.7416247013311028,""score"":0},""_score"":38.07},""readiness"":{""_distance_atr"":0.673,""BR1_atr_distance"":{""score"":55.136868501936256},""BR2_compression"":{""score"":22.840872327400323},""BR3_retest"":{""score"":50.0},""BR4_bo_age"":{""score"":50.0},""_score"":45.26},""risk"":{""R1_stop_clarity"":{""score"":50.14972870410415},""R2_stop_distance_pct"":{""value"":4.572437778502349,""score"":100.0},""R3_stop_distance_atr"":{""value"":0.7842535201890769,""score"":64.21267600945384},""R4_rr_potential"":{""value"":3.1732071973568425,""score"":100.0},""_score"":77.18},""market"":{""M1_spy_regime"":{""score"":100.0},""M3_earnings_risk"":{""value"":null,""score"":80.0},""M4_vix"":{""value"":null,""score"":60.0},""_score"":84.0},""liquidity"":{""L1_price"":{""value"":92.01,""score"":100.0},""L2_dollar_vol"":{""value"":2075238784.792034,""score"":100.0},""L3_spread_proxy"":{""value"":0.040731442234539665,""score"":59.268557765460336},""L4_volume_zscore"":{""value"":-0.4867481657614141,""score"":100.0},""_score"":95.93},""pattern_structure"":{""pole_low"":85.88,""pole_low_idx"":36,""peak_price"":95.62,""peak_idx"":49,""pole_gain"":0.11341406613879844,""flag_bars"":10,""flag_low"":89.14,""flag_high"":93.99,""structural_low"":89.14,""current_price"":92.25,""neckline_distance_pct"":0.036531165311653166,""base_bars"":10},""pattern_geometry_features"":{""pole_gain"":0.11341406613879844,""pullback_pct"":0.06776824932022593,""flag_range_pct"":0.05072160635850234,""flag_drift_per_bar"":-0.00215741808327171,""atr_pct"":0.05830305712112038,""pole_atr_multiple"":1.9452507593759436},""_schema_version"":""1.0""}",,,,,,,,,,
20260505T210937Z-543da1,2026-05-05T21:09:37.858700+00:00,AXON,vcp,absent,43.6,5.0,42.0,54.6,48.1,42.7,17.5,71.2,84.0,93.1,0.75,10.5,6.55,5.77,5.55,1.23,3.56,5.04,4.65,True,trend_floor,380.6,414.0,370.6358,663.365,"{""trend"":{""T1_ema_stack"":{""value"":[false,false,false],""score"":0.0},""T2_ema50_slope"":{""value"":-0.6582930871076478,""score"":0},""T3_high_proximity"":{""value"":0.657238080436547,""score"":0},""T4_rs_1m"":{""value"":-0.17700848626471277,""score"":0},""T5_rs_3m"":{""value"":-0.2062968673867377,""score"":0},""T6_adr_healthy"":{""value"":5.057580204961002,""score"":100.0},""_score"":5.0},""geometry"":{""sub_contraction_count"":100.0,""sub_reduction_rate"":0,""sub_pivot_tightness"":12.7,""sub_volume_dryup"":34.0,""sub_base_depth"":0.0,""sub_base_duration"":100.0,""_score"":42.01},""compression"":{""VC1_atr_ratio"":{""value"":0.23309505286441343,""score"":100},""VC2_range_contraction"":{""value"":0.7967698669115039,""score"":33.87168884808269},""VC3_range_pct_rank"":{""score"":10.833333333333329},""_score"":54.56},""sr_quality"":{""SR1_touches"":{""value"":4,""score"":75.0},""SR2_tightness"":{""value"":3.636100112758173,""score"":60.05962835181897},""SR3_recency"":{""value"":230,""score"":0.0},""SR4_price_location"":{""score"":6.281630541588963},""SR5_reaction"":{""value"":3.882509699615938,""score"":100},""_score"":48.08,""_levels_found"":5,""_target_level"":414.8401},""volume"":{""V1_rvol_day"":{""value"":1.3607857860192023,""score"":57.385719067946816},""V2_rvol_sameslot"":{""value"":1.3407922905472798,""score"":56.05281936981865,""status"":""ok""},""V3_breakout_bar"":{""value"":1.260935544419238,""score"":50.72903629461587},""V4_base_dryup"":{""value"":1.3126481802404752,""score"":18.73518197595247},""V5_bo_expansion"":{""value"":1.3607857860192025,""score"":24.0523857346135},""_score"":42.72},""readiness"":{""_distance_atr"":1.834,""BR1_atr_distance"":{""score"":0},""BR2_compression"":{""score"":0},""BR3_retest"":{""score"":50.0},""BR4_bo_age"":{""score"":50.0},""_score"":17.5},""risk"":{""R1_stop_clarity"":{""score"":38.001859501700494},""R2_stop_distance_pct"":{""value"":2.6180241723594486,""score"":100.0},""R3_stop_distance_atr"":{""value"":0.5472537042921569,""score"":52.36268521460785},""R4_rr_potential"":{""value"":28.378093574998317,""score"":100.0},""_score"":71.16},""market"":{""M1_spy_regime"":{""score"":100.0},""M3_earnings_risk"":{""value"":null,""score"":80.0},""M4_vix"":{""value"":null,""score"":60.0},""_score"":84.0},""liquidity"":{""L1_price"":{""value"":380.6,""score"":100.0},""L2_dollar_vol"":{""value"":585093873.7448134,""score"":100.0},""L3_spread_proxy"":{""value"":0.06933788754598,""score"":30.662112454020004},""L4_volume_zscore"":{""value"":0.9571235821985496,""score"":100.0},""_score"":93.07},""pattern_structure"":{""n_contractions"":5,""contractions_pct"":[8.36,8.19,17.67,34.36,9.11],""descending_strict"":false,""final_low"":376.28,""final_pivot"":414.0,""structural_low"":376.28,""dry_up_ratio"":0.8301751699353745,""current_price"":380.6,""neckline_distance_pct"":0.08775617446137671,""base_bars"":69,""recent_base_height"":249.365},""pattern_geometry_features"":{""contraction_count"":5.0,""first_contraction_pct"":0.08362953730631341,""last_contraction_pct"":0.09111111111111117,""dry_up_ratio"":0.8301751699353745,""near_monotone"":0.0,""base_depth_pct"":0.42100970933542603},""_schema_version"":""1.0""}",,,,,,,,,,
20260505T210937Z-543da1,2026-05-05T21:09:37.858700+00:00,LMT,double_bottom,absent,43.47,13.3,45.8,50.2,42.5,35.8,31.5,50.4,84.0,96.4,2.0,11.45,4.02,5.94,4.65,2.52,3.02,5.04,4.82,True,risk_unclear;reversal_trend_cap,508.93,538.81,504.32,565.62,"{""trend"":{""T1_ema_stack"":{""value"":[false,false,true],""score"":33.33333333333333},""T2_ema50_slope"":{""value"":-0.3774833816327418,""score"":0},""T3_high_proximity"":{""value"":0.7520762524013594,""score"":0},""T4_rs_1m"":{""value"":-0.3005809796096459,""score"":0},""T5_rs_3m"":{""value"":-0.23959429985824576,""score"":0},""T6_adr_healthy"":{""value"":2.601623551697112,""score"":100.0},""_score"":13.33},""geometry"":{""sub_low_similarity"":53.5,""sub_bounce_quality"":31.9,""sub_separation_fit"":20.0,""sub_right_bottom_reaction"":95.9,""sub_base_context"":30.0,""_score"":45.81},""compression"":{""VC1_atr_ratio"":{""value"":0.48899875743275784,""score"":100},""VC2_range_contraction"":{""value"":1.2092886860748617,""score"":0},""VC3_range_pct_rank"":{""score"":40.833333333333336},""_score"":50.21},""sr_quality"":{""SR1_touches"":{""value"":2,""score"":25.0},""SR2_tightness"":{""value"":0.5600000000000023,""score"":93.29162848285554},""SR3_recency"":{""value"":246,""score"":0.0},""SR4_price_location"":{""score"":23.880597014925392},""SR5_reaction"":{""value"":2.7938570483678737,""score"":100},""_score"":42.46,""_levels_found"":5,""_target_level"":594.44},""volume"":{""V1_rvol_day"":{""value"":0.8796872952922149,""score"":25.31248635281433},""V2_rvol_sameslot"":{""value"":1.0415569318970606,""score"":36.10379545980404,""status"":""ok""},""V3_breakout_bar"":{""value"":1.057376931009569,""score"":37.158462067304605},""V4_base_dryup"":{""value"":0.790199986565532,""score"":70.9800013434468},""V5_bo_expansion"":{""value"":0.8796872952922148,""score"":0},""_score"":35.77},""readiness"":{""_distance_atr"":1.79,""BR1_atr_distance"":{""score"":0},""BR2_compression"":{""score"":55.933684570506145},""BR3_retest"":{""score"":50.0},""BR4_bo_age"":{""score"":50.0},""_score"":31.48},""risk"":{""R1_stop_clarity"":{""score"":7.999476336304866},""R2_stop_distance_pct"":{""value"":0.9058220187452133,""score"":72.64555046863033},""R3_stop_distance_atr"":{""value"":0.2761213633396064,""score"":38.806068166980324},""R4_rr_potential"":{""value"":12.297180043383886,""score"":100.0},""_score"":50.41},""market"":{""M1_spy_regime"":{""score"":100.0},""M3_earnings_risk"":{""value"":null,""score"":80.0},""M4_vix"":{""value"":null,""score"":60.0},""_score"":84.0},""liquidity"":{""L1_price"":{""value"":508.93,""score"":95.535},""L2_dollar_vol"":{""value"":692006302.5955311,""score"":100.0},""L3_spread_proxy"":{""value"":0.02458098363232663,""score"":75.41901636767338},""L4_volume_zscore"":{""value"":-0.2672522373344332,""score"":100.0},""_score"":96.43},""pattern_structure"":{""left_low"":524.05,""left_idx"":26,""right_low"":512.0,""right_idx"":68,""separation_bars"":42,""structural_low"":512.0,""current_price"":508.28,""neckline_distance_pct"":0.06006531832848031,""base_bars"":42},""pattern_geometry_features"":{""low_similarity_pct"":0.02326142560687217,""bounce_pct"":0.05236328124999989,""right_bottom_reaction"":0.9591397849462369,""atr_pct"":0.03280521317834894},""_schema_version"":""1.0""}",,,,,,,,,,
20260505T210937Z-543da1,2026-05-05T21:09:37.858700+00:00,GE,double_bottom,absent,42.76,21.0,36.6,49.4,48.4,20.4,47.1,57.2,84.0,96.8,3.15,9.14,3.95,6.77,2.65,3.77,3.43,5.04,4.84,True,risk_unclear;reversal_trend_cap,286.68,291.76,264.8764,314.61,"{""trend"":{""T1_ema_stack"":{""value"":[false,false,true],""score"":33.33333333333333},""T2_ema50_slope"":{""value"":-0.13542541418851722,""score"":27.42909763524713},""T3_high_proximity"":{""value"":0.8291779950251634,""score"":14.588997512581692},""T4_rs_1m"":{""value"":-0.1053644403954257,""score"":0},""T5_rs_3m"":{""value"":-0.12467395205668996,""score"":0},""T6_adr_healthy"":{""value"":3.2993871066926013,""score"":100.0},""_score"":21.01},""geometry"":{""sub_low_similarity"":23.4,""sub_bounce_quality"":78.5,""sub_separation_fit"":0.0,""sub_right_bottom_reaction"":52.4,""sub_base_context"":30.0,""_score"":36.58},""compression"":{""VC1_atr_ratio"":{""value"":0.41024496713396635,""score"":100},""VC2_range_contraction"":{""value"":1.0479354412439768,""score"":0},""VC3_range_pct_rank"":{""score"":37.5},""_score"":49.38},""sr_quality"":{""SR1_touches"":{""value"":3,""score"":50.0},""SR2_tightness"":{""value"":2.5006976804261876,""score"":54.66318638466407},""SR3_recency"":{""value"":244,""score"":0.0},""SR4_price_location"":{""score"":47.00968927497509},""SR5_reaction"":{""value"":1.788186364332905,""score"":89.40931821664525},""_score"":48.36,""_levels_found"":5,""_target_level"":291.9667},""volume"":{""V1_rvol_day"":{""value"":0.8721760746857166,""score"":24.811738312381102},""V2_rvol_sameslot"":{""value"":0.8050125231891394,""score"":20.334168212609292,""status"":""ok""},""V3_breakout_bar"":{""value"":0.7605897484870071,""score"":17.37264989913381},""V4_base_dryup"":{""value"":1.147864942495932,""score"":35.21350575040681},""V5_bo_expansion"":{""value"":0.8721760746857166,""score"":0},""_score"":20.42},""readiness"":{""_distance_atr"":0.46,""BR1_atr_distance"":{""score"":69.30043230620151},""BR2_compression"":{""score"":7.552707492201105},""BR3_retest"":{""score"":50.0},""BR4_bo_age"":{""score"":50.0},""_score"":47.11},""risk"":{""R1_stop_clarity"":{""score"":26.871272896796455},""R2_stop_distance_pct"":{""value"":7.605570671131577,""score"":100.0},""R3_stop_distance_atr"":{""value"":1.9764644561423963,""score"":100.0},""R4_rr_potential"":{""value"":1.2809781848451953,""score"":14.048909242259766},""_score"":57.21},""market"":{""M1_spy_regime"":{""score"":100.0},""M3_earnings_risk"":{""value"":null,""score"":80.0},""M4_vix"":{""value"":null,""score"":60.0},""_score"":84.0},""liquidity"":{""L1_price"":{""value"":286.68,""score"":100.0},""L2_dollar_vol"":{""value"":1728586337.5923345,""score"":100.0},""L3_spread_proxy"":{""value"":0.031568299148876836,""score"":68.43170085112317},""L4_volume_zscore"":{""value"":-0.31289397693502935,""score"":100.0},""_score"":96.84},""pattern_structure"":{""left_low"":268.91,""left_idx"":22,""right_low"":279.41,""right_idx"":70,""separation_bars"":48,""structural_low"":268.91,""current_price"":285.19,""neckline_distance_pct"":0.02303727339668289,""base_bars"":48},""pattern_geometry_features"":{""low_similarity_pct"":0.038298803618325064,""bounce_pct"":0.08497266743520124,""right_bottom_reaction"":0.5238095238095023,""atr_pct"":0.03848068528374095},""_schema_version"":""1.0""}",,,,,,,,,,
20260505T210937Z-543da1,2026-05-05T21:09:37.858700+00:00,INTU,double_bottom,absent,42.48,7.1,36.7,65.5,52.2,21.6,36.7,68.1,84.0,96.4,1.06,9.17,5.24,7.31,2.81,2.93,4.09,5.04,4.82,True,reversal_trend_cap,398.32,418.15,368.3457,462.345,"{""trend"":{""T1_ema_stack"":{""value"":[false,false,false],""score"":0.0},""T2_ema50_slope"":{""value"":-0.4465238771525089,""score"":0},""T3_high_proximity"":{""value"":0.8278155329717147,""score"":13.907766485857342},""T4_rs_1m"":{""value"":-0.14402204285738873,""score"":0},""T5_rs_3m"":{""value"":-0.13205927955884367,""score"":0},""T6_adr_healthy"":{""value"":4.170026995813199,""score"":100.0},""_score"":7.09},""geometry"":{""sub_low_similarity"":14.2,""sub_bounce_quality"":100,""sub_separation_fit"":0.0,""sub_right_bottom_reaction"":42.8,""sub_base_context"":30.0,""_score"":36.68},""compression"":{""VC1_atr_ratio"":{""value"":0.5254240370220199,""score"":100},""VC2_range_contraction"":{""value"":0.747797888649212,""score"":42.03368522513133},""VC3_range_pct_rank"":{""score"":43.333333333333336},""_score"":65.55},""sr_quality"":{""SR1_touches"":{""value"":2,""score"":25.0},""SR2_tightness"":{""value"":0.8049500000000194,""score"":90.4761381595069},""SR3_recency"":{""value"":247,""score"":0.0},""SR4_price_location"":{""score"":64.59718698721892},""SR5_reaction"":{""value"":2.259836301097806,""score"":100},""_score"":52.22,""_levels_found"":7,""_target_level"":410.305},""volume"":{""V1_rvol_day"":{""value"":0.6258364913311874,""score"":8.389099422079155},""V2_rvol_sameslot"":{""value"":0.5538234461049187,""score"":3.588229740327916,""status"":""ok""},""V3_breakout_bar"":{""value"":0.908361377978224,""score"":27.224091865214934},""V4_base_dryup"":{""value"":0.880595058974192,""score"":61.9404941025808},""V5_bo_expansion"":{""value"":0.6258364913311874,""score"":0},""_score"":21.59},""readiness"":{""_distance_atr"":1.173,""BR1_atr_distance"":{""score"":21.792997371690348},""BR2_compression"":{""score"":41.832015121410535},""BR3_retest"":{""score"":50.0},""BR4_bo_age"":{""score"":50.0},""_score"":36.68},""risk"":{""R1_stop_clarity"":{""score"":33.632602871702815},""R2_stop_distance_pct"":{""value"":7.525187035549314,""score"":100.0},""R3_stop_distance_atr"":{""value"":1.7732239894529584,""score"":100.0},""R4_rr_potential"":{""value"":2.135994722149704,""score"":56.79973610748521},""_score"":68.13},""market"":{""M1_spy_regime"":{""score"":100.0},""M3_earnings_risk"":{""value"":null,""score"":80.0},""M4_vix"":{""value"":null,""score"":60.0},""_score"":84.0},""liquidity"":{""L1_price"":{""value"":398.32,""score"":100.0},""L2_dollar_vol"":{""value"":825070716.9285942,""score"":100.0},""L3_spread_proxy"":{""value"":0.03586312512552728,""score"":64.13687487447272},""L4_volume_zscore"":{""value"":-0.7576935458198961,""score"":100.0},""_score"":96.41},""pattern_structure"":{""left_low"":373.955,""left_idx"":29,""right_low"":390.34,""right_idx"":74,""separation_bars"":45,""structural_low"":373.955,""current_price"":400.06,""neckline_distance_pct"":0.04521821726740983,""base_bars"":45},""pattern_geometry_features"":{""low_similarity_pct"":0.04287611458926198,""bounce_pct"":0.11818266903771843,""right_bottom_reaction"":0.4276513825691303,""atr_pct"":0.042437881961380645},""_schema_version"":""1.0""}",,,,,,,,,,
20260505T210937Z-543da1,2026-05-05T21:09:37.858700+00:00,AXON,double_bottom,absent,42.32,5.0,35.2,54.6,48.1,51.0,17.5,66.0,84.0,93.1,0.75,8.79,4.36,6.73,6.62,1.4,3.96,5.04,4.65,True,reversal_trend_cap,380.6,414.0,374.625,447.67,"{""trend"":{""T1_ema_stack"":{""value"":[false,false,false],""score"":0.0},""T2_ema50_slope"":{""value"":-0.6582930871076478,""score"":0},""T3_high_proximity"":{""value"":0.657238080436547,""score"":0},""T4_rs_1m"":{""value"":-0.17700848626471277,""score"":0},""T5_rs_3m"":{""value"":-0.2062968673867377,""score"":0},""T6_adr_healthy"":{""value"":5.057580204961002,""score"":100.0},""_score"":5.0},""geometry"":{""sub_low_similarity"":25.2,""sub_bounce_quality"":83.6,""sub_separation_fit"":20.0,""sub_right_bottom_reaction"":12.6,""sub_base_context"":30.0,""_score"":35.17},""compression"":{""VC1_atr_ratio"":{""value"":0.23309505286441343,""score"":100},""VC2_range_contraction"":{""value"":0.7967698669115039,""score"":33.87168884808269},""VC3_range_pct_rank"":{""score"":10.833333333333329},""_score"":54.56},""sr_quality"":{""SR1_touches"":{""value"":4,""score"":75.0},""SR2_tightness"":{""value"":3.636100112758173,""score"":60.05962835181897},""SR3_recency"":{""value"":230,""score"":0.0},""SR4_price_location"":{""score"":6.281630541588963},""SR5_reaction"":{""value"":3.882509699615938,""score"":100},""_score"":48.08,""_levels_found"":5,""_target_level"":414.8401},""volume"":{""V1_rvol_day"":{""value"":1.3607857860192023,""score"":57.385719067946816},""V2_rvol_sameslot"":{""value"":1.3407922905472798,""score"":56.05281936981865,""status"":""ok""},""V3_breakout_bar"":{""value"":1.260935544419238,""score"":50.72903629461587},""V4_base_dryup"":{""value"":0.901226738127897,""score"":59.8773261872103},""V5_bo_expansion"":{""value"":1.3607857860192025,""score"":24.0523857346135},""_score"":50.95},""readiness"":{""_distance_atr"":1.834,""BR1_atr_distance"":{""score"":0},""BR2_compression"":{""score"":0},""BR3_retest"":{""score"":50.0},""BR4_bo_age"":{""score"":50.0},""_score"":17.5},""risk"":{""R1_stop_clarity"":{""score"":37.33455730913633},""R2_stop_distance_pct"":{""value"":1.569876510772474,""score"":89.24691276931185},""R3_stop_distance_atr"":{""value"":0.3281561510668615,""score"":41.407807553343076},""R4_rr_potential"":{""value"":11.225198537226186,""score"":100.0},""_score"":66.05},""market"":{""M1_spy_regime"":{""score"":100.0},""M3_earnings_risk"":{""value"":null,""score"":80.0},""M4_vix"":{""value"":null,""score"":60.0},""_score"":84.0},""liquidity"":{""L1_price"":{""value"":380.6,""score"":100.0},""L2_dollar_vol"":{""value"":585093873.7448134,""score"":100.0},""L3_spread_proxy"":{""value"":0.06933788754598,""score"":30.662112454020004},""L4_volume_zscore"":{""value"":0.9571235821985496,""score"":100.0},""_score"":93.07},""pattern_structure"":{""left_low"":394.82,""left_idx"":8,""right_low"":380.33,""right_idx"":50,""separation_bars"":42,""structural_low"":380.33,""current_price"":380.85,""neckline_distance_pct"":0.08704214257581719,""base_bars"":42},""pattern_geometry_features"":{""low_similarity_pct"":0.03738631232664648,""bounce_pct"":0.08852838324612841,""right_bottom_reaction"":0.12586605080831548,""atr_pct"":0.04783931386532544},""_schema_version"":""1.0""}",,,,,,,,,,
20260505T210937Z-543da1,2026-05-05T21:09:37.858700+00:00,INTU,bull_flag,absent,42.06,7.1,36.3,65.5,52.2,27.0,36.7,70.6,84.0,96.4,0.99,10.89,5.9,5.22,3.78,3.3,2.12,5.04,4.82,True,trend_floor,398.32,418.15,384.4849,456.3,"{""trend"":{""T1_ema_stack"":{""value"":[false,false,false],""score"":0.0},""T2_ema50_slope"":{""value"":-0.4465238771525089,""score"":0},""T3_high_proximity"":{""value"":0.8278155329717147,""score"":13.907766485857342},""T4_rs_1m"":{""value"":-0.14402204285738873,""score"":0},""T5_rs_3m"":{""value"":-0.13205927955884367,""score"":0},""T6_adr_healthy"":{""value"":4.170026995813199,""score"":100.0},""_score"":7.09},""geometry"":{""sub_pole_impulse"":34.1,""sub_flag_tightness"":16.0,""sub_flag_shallowness"":0,""sub_flag_drift"":80.4,""sub_flag_duration"":100.0,""_score"":36.29},""compression"":{""VC1_atr_ratio"":{""value"":0.5254240370220199,""score"":100},""VC2_range_contraction"":{""value"":0.747797888649212,""score"":42.03368522513133},""VC3_range_pct_rank"":{""score"":43.333333333333336},""_score"":65.55},""sr_quality"":{""SR1_touches"":{""value"":2,""score"":25.0},""SR2_tightness"":{""value"":0.8049500000000194,""score"":90.4761381595069},""SR3_recency"":{""value"":247,""score"":0.0},""SR4_price_location"":{""score"":64.59718698721892},""SR5_reaction"":{""value"":2.259836301097806,""score"":100},""_score"":52.22,""_levels_found"":7,""_target_level"":410.305},""volume"":{""V1_rvol_day"":{""value"":0.6258364913311874,""score"":8.389099422079155},""V2_rvol_sameslot"":{""value"":0.5538234461049187,""score"":3.588229740327916,""status"":""ok""},""V3_breakout_bar"":{""value"":0.908361377978224,""score"":27.224091865214934},""V4_base_dryup"":{""value"":0.6101461222118895,""score"":88.98538777881106},""V5_bo_expansion"":{""value"":0.6258364913311874,""score"":0},""_score"":27.0},""readiness"":{""_distance_atr"":1.173,""BR1_atr_distance"":{""score"":21.792997371690348},""BR2_compression"":{""score"":41.832015121410535},""BR3_retest"":{""score"":50.0},""BR4_bo_age"":{""score"":50.0},""_score"":36.68},""risk"":{""R1_stop_clarity"":{""score"":30.72468667337131},""R2_stop_distance_pct"":{""value"":3.4733631251255304,""score"":100.0},""R3_stop_distance_atr"":{""value"":0.8184581710007024,""score"":65.92290855003512},""R4_rr_potential"":{""value"":4.190790091867779,""score"":100.0},""_score"":70.64},""market"":{""M1_spy_regime"":{""score"":100.0},""M3_earnings_risk"":{""value"":null,""score"":80.0},""M4_vix"":{""value"":null,""score"":60.0},""_score"":84.0},""liquidity"":{""L1_price"":{""value"":398.32,""score"":100.0},""L2_dollar_vol"":{""value"":825070716.9285942,""score"":100.0},""L3_spread_proxy"":{""value"":0.03586312512552728,""score"":64.13687487447272},""L4_volume_zscore"":{""value"":-0.7576935458198961,""score"":100.0},""_score"":96.41},""pattern_structure"":{""pole_low"":380.0,""pole_low_idx"":36,""peak_price"":418.15,""peak_idx"":49,""pole_gain"":0.1003947368421052,""flag_bars"":10,""flag_low"":390.34,""flag_high"":411.51,""structural_low"":390.34,""current_price"":400.06,""neckline_distance_pct"":0.04521821726740983,""base_bars"":10},""pattern_geometry_features"":{""pole_gain"":0.1003947368421052,""pullback_pct"":0.06650723424608394,""flag_range_pct"":0.05062776515604452,""flag_drift_per_bar"":-0.003914003808519636,""atr_pct"":0.042437881961380645,""pole_atr_multiple"":2.365686792132239},""_schema_version"":""1.0""}",,,,,,,,,,
20260505T210937Z-543da1,2026-05-05T21:09:37.858700+00:00,UEC,high_tight_pullback,absent,41.47,54.2,29.4,39.1,31.0,27.8,44.1,78.9,84.0,92.1,6.51,10.27,3.91,2.48,3.9,3.97,0.79,5.04,4.6,False,,14.5,15.29,13.9181,17.21,"{""trend"":{""T1_ema_stack"":{""value"":[true,true,true],""score"":100.0},""T2_ema50_slope"":{""value"":0.0979944521391007,""score"":66.33240868985011},""T3_high_proximity"":{""value"":0.8479532163742689,""score"":23.97660818713443},""T4_rs_1m"":{""value"":-0.013072613366743813,""score"":36.92738663325619},""T5_rs_3m"":{""value"":-0.235507658452474,""score"":0},""T6_adr_healthy"":{""value"":6.52953252222646,""score"":100.0},""_score"":54.25},""geometry"":{""sub_pole_impulse"":23.8,""sub_flag_tightness"":12.7,""sub_flag_shallowness"":0,""sub_flag_drift"":73.6,""sub_flag_duration"":80.0,""_score"":29.35},""compression"":{""VC1_atr_ratio"":{""value"":0.6879050669610857,""score"":78.02373325972857},""VC2_range_contraction"":{""value"":1.2309510156396648,""score"":0},""VC3_range_pct_rank"":{""score"":31.666666666666664},""_score"":39.13},""sr_quality"":{""SR1_touches"":{""value"":2,""score"":25.0},""SR2_tightness"":{""value"":0.21999999999999975,""score"":58.75294621812732},""SR3_recency"":{""value"":233,""score"":0.0},""SR4_price_location"":{""score"":6.9396437117788325},""SR5_reaction"":{""value"":1.7272203771159196,""score"":86.36101885579598},""_score"":31.0,""_levels_found"":7,""_target_level"":15.4},""volume"":{""V1_rvol_day"":{""value"":0.8995388581983925,""score"":26.635923879892836},""V2_rvol_sameslot"":{""value"":1.2257718676710285,""score"":48.38479117806857,""status"":""ok""},""V3_breakout_bar"":{""value"":0.9661371557995417,""score"":31.075810386636114},""V4_base_dryup"":{""value"":1.2466913587067825,""score"":25.330864129321753},""V5_bo_expansion"":{""value"":0.8995388581983925,""score"":0},""_score"":27.84},""readiness"":{""_distance_atr"":0.741,""BR1_atr_distance"":{""score"":50.62852653381907},""BR2_compression"":{""score"":25.39251866170058},""BR3_retest"":{""score"":50.0},""BR4_bo_age"":{""score"":50.0},""_score"":44.1},""risk"":{""R1_stop_clarity"":{""score"":60.26221341332765},""R2_stop_distance_pct"":{""value"":4.013448275862062,""score"":100.0},""R3_stop_distance_atr"":{""value"":0.5455391579172907,""score"":52.27695789586453},""R4_rr_potential"":{""value"":4.656757453389475,""score"":100.0},""_score"":78.93},""market"":{""M1_spy_regime"":{""score"":100.0},""M3_earnings_risk"":{""value"":null,""score"":80.0},""M4_vix"":{""value"":null,""score"":60.0},""_score"":84.0},""liquidity"":{""L1_price"":{""value"":14.5,""score"":100.0},""L2_dollar_vol"":{""value"":110876780.230193,""score"":100.0},""L3_spread_proxy"":{""value"":0.07931034482758612,""score"":20.68965517241388},""L4_volume_zscore"":{""value"":-0.4244534323573052,""score"":100.0},""_score"":92.07},""pattern_structure"":{""pole_low"":13.37,""pole_low_idx"":30,""peak_price"":15.29,""peak_idx"":48,""pole_gain"":0.14360508601346297,""flag_bars"":11,""flag_low"":14.13,""flag_high"":15.28,""structural_low"":14.13,""current_price"":14.37,""neckline_distance_pct"":0.06402226861517049,""base_bars"":11},""pattern_geometry_features"":{""pole_gain"":0.14360508601346297,""pullback_pct"":0.07586657946370166,""flag_range_pct"":0.07521255722694563,""flag_drift_per_bar"":-0.005282469791864349,""atr_pct"":0.07356847290640395,""pole_atr_multiple"":1.9519922099805136},""_schema_version"":""1.0""}",,,,,,,,,,
20260505T210937Z-543da1,2026-05-05T21:09:37.858700+00:00,PLTR,bull_flag,absent,40.99,12.7,27.5,57.3,42.7,58.0,17.5,69.7,84.0,93.9,1.78,8.26,5.16,4.27,8.12,1.57,2.09,5.04,4.7,True,trend_floor,135.91,149.64,132.6992,164.6,"{""trend"":{""T1_ema_stack"":{""value"":[false,false,false],""score"":0.0},""T2_ema50_slope"":{""value"":-0.1701774880358738,""score"":21.637085327354367},""T3_high_proximity"":{""value"":0.8450012434717732,""score"":22.500621735886572},""T4_rs_1m"":{""value"":-0.17965660215250634,""score"":0},""T5_rs_3m"":{""value"":-0.18881333400446443,""score"":0},""T6_adr_healthy"":{""value"":4.5001333904669245,""score"":100.0},""_score"":12.7},""geometry"":{""sub_pole_impulse"":36.2,""sub_flag_tightness"":0,""sub_flag_shallowness"":0,""sub_flag_drift"":44.4,""sub_flag_duration"":100.0,""_score"":27.52},""compression"":{""VC1_atr_ratio"":{""value"":0.5823350157606888,""score"":100},""VC2_range_contraction"":{""value"":0.7780682701383572,""score"":36.98862164360713},""VC3_range_pct_rank"":{""score"":17.500000000000004},""_score"":57.32},""sr_quality"":{""SR1_touches"":{""value"":3,""score"":50.0},""SR2_tightness"":{""value"":0.6360817557515713,""score"":79.37212936042594},""SR3_recency"":{""value"":252,""score"":0.0},""SR4_price_location"":{""score"":3.250773993807956},""SR5_reaction"":{""value"":2.3252016136037486,""score"":100},""_score"":42.72,""_levels_found"":7,""_target_level"":148.41},""volume"":{""V1_rvol_day"":{""value"":1.6535942232740426,""score"":76.90628155160285},""V2_rvol_sameslot"":{""value"":1.714328166469033,""score"":80.95521109793555,""status"":""ok""},""V3_breakout_bar"":{""value"":0.8564817376855289,""score"":23.76544917903526},""V4_base_dryup"":{""value"":0.8025896316456196,""score"":69.74103683543804},""V5_bo_expansion"":{""value"":1.6535942232740426,""score"":43.57294821826951},""_score"":58.0},""readiness"":{""_distance_atr"":2.226,""BR1_atr_distance"":{""score"":0},""BR2_compression"":{""score"":0},""BR3_retest"":{""score"":50.0},""BR4_bo_age"":{""score"":50.0},""_score"":17.5},""risk"":{""R1_stop_clarity"":{""score"":34.46628422914259},""R2_stop_distance_pct"":{""value"":2.362445736148927,""score"":100.0},""R3_stop_distance_atr"":{""value"":0.5206246402342353,""score"":51.03123201171176},""R4_rr_potential"":{""value"":8.93546779618784,""score"":100.0},""_score"":69.72},""market"":{""M1_spy_regime"":{""score"":100.0},""M3_earnings_risk"":{""value"":null,""score"":80.0},""M4_vix"":{""value"":null,""score"":60.0},""_score"":84.0},""liquidity"":{""L1_price"":{""value"":135.91,""score"":100.0},""L2_dollar_vol"":{""value"":12003345958.7236,""score"":100.0},""L3_spread_proxy"":{""value"":0.06077551320726945,""score"":39.22448679273055},""L4_volume_zscore"":{""value"":1.4633715000992373,""score"":100.0},""_score"":93.92},""pattern_structure"":{""pole_low"":134.68,""pole_low_idx"":30,""peak_price"":149.64,""peak_idx"":48,""pole_gain"":0.11107811107811091,""flag_bars"":11,""flag_low"":134.72,""flag_high"":149.0,""structural_low"":134.72,""current_price"":135.81,""neckline_distance_pct"":0.1018334437817538,""base_bars"":11},""pattern_geometry_features"":{""pole_gain"":0.11107811107811091,""pullback_pct"":0.0997059609730018,""flag_range_pct"":0.09542902967121092,""flag_drift_per_bar"":-0.011116472879892356,""atr_pct"":0.04537714033446504,""pole_atr_multiple"":2.447886981404696},""_schema_version"":""1.0""}",,,,,,,,,,
20260505T210937Z-543da1,2026-05-05T21:09:37.858700+00:00,LHX,vcp,invalidated,40.0,18.2,46.0,43.3,56.8,70.1,30.3,10.0,84.0,96.3,2.73,11.5,5.2,6.81,9.11,2.12,0.5,5.04,4.82,True,risk_unclear;invalid_already_breached;trend_floor,302.65,364.27,339.7265,397.582,"{""trend"":{""T1_ema_stack"":{""value"":[false,false,true],""score"":33.33333333333333},""T2_ema50_slope"":{""value"":-0.15296537783773012,""score"":24.50577036037831},""T3_high_proximity"":{""value"":0.7996459522299724,""score"":0},""T4_rs_1m"":{""value"":-0.2547312273961767,""score"":0},""T5_rs_3m"":{""value"":-0.18880426649528936,""score"":0},""T6_adr_healthy"":{""value"":2.630931863611628,""score"":100.0},""_score"":18.23},""geometry"":{""sub_contraction_count"":100.0,""sub_reduction_rate"":3.9,""sub_pivot_tightness"":66.9,""sub_volume_dryup"":0,""sub_base_depth"":0.0,""sub_base_duration"":100.0,""_score"":46.01},""compression"":{""VC1_atr_ratio"":{""value"":0.49275812252915635,""score"":100},""VC2_range_contraction"":{""value"":1.3049678892579875,""score"":0},""VC3_range_pct_rank"":{""score"":13.33333333333333},""_score"":43.33},""sr_quality"":{""SR1_touches"":{""value"":5,""score"":100},""SR2_tightness"":{""value"":3.0025184828739913,""score"":36.61331759007557},""SR3_recency"":{""value"":246,""score"":0.0},""SR4_price_location"":{""score"":25.1971387359807},""SR5_reaction"":{""value"":3.0817982495823,""score"":100},""_score"":56.79,""_levels_found"":8,""_target_level"":334.4141},""volume"":{""V1_rvol_day"":{""value"":1.3743919085261198,""score"":58.29279390174133},""V2_rvol_sameslot"":{""value"":2.469801776093932,""score"":100,""status"":""ok""},""V3_breakout_bar"":{""value"":2.0913888206505695,""score"":100},""V4_base_dryup"":{""value"":1.0148915981094973,""score"":48.51084018905028},""V5_bo_expansion"":{""value"":1.3743919085261198,""score"":24.959460568407987},""_score"":70.1},""readiness"":{""_distance_atr"":6.504,""BR1_atr_distance"":{""score"":0},""BR2_compression"":{""score"":51.3335076980157},""BR3_retest"":{""score"":50.0},""BR4_bo_age"":{""score"":50.0},""_score"":30.33},""risk"":{""R1_stop_clarity"":{""score"":0},""R2_stop_distance_pct"":{""value"":-12.250619527507025,""score"":0.0},""R3_stop_distance_atr"":{""value"":-3.9136417373890895,""score"":0.0},""R4_rr_potential"":{""value"":null,""score"":50.0},""_score"":10.0},""market"":{""M1_spy_regime"":{""score"":100.0},""M3_earnings_risk"":{""value"":null,""score"":80.0},""M4_vix"":{""value"":null,""score"":60.0},""_score"":84.0},""liquidity"":{""L1_price"":{""value"":302.65,""score"":100.0},""L2_dollar_vol"":{""value"":629049599.2612258,""score"":100.0},""L3_spread_proxy"":{""value"":0.03689079795142911,""score"":63.109202048570886},""L4_volume_zscore"":{""value"":1.105064030654134,""score"":100.0},""_score"":96.31},""pattern_structure"":{""n_contractions"":5,""contractions_pct"":[9.1,6.32,4.73,8.9,5.32],""descending_strict"":false,""final_low"":344.9,""final_pivot"":364.27,""structural_low"":344.9,""dry_up_ratio"":1.6169947033468144,""current_price"":302.65,""neckline_distance_pct"":0.20360151990748393,""base_bars"":34,""recent_base_height"":33.31200000000001},""pattern_geometry_features"":{""contraction_count"":5.0,""first_contraction_pct"":0.09097547172415696,""last_contraction_pct"":0.053174842836357664,""dry_up_ratio"":1.6169947033468144,""near_monotone"":0.0,""base_depth_pct"":0.047855673802918094},""_schema_version"":""1.0""}",,,,,,,,,,
20260505T210937Z-543da1,2026-05-05T21:09:37.858700+00:00,CCJ,double_bottom,invalidated,40.0,47.3,59.1,40.4,41.4,65.8,17.5,38.1,84.0,82.5,7.1,14.78,3.23,5.8,8.55,1.4,2.29,5.04,4.13,True,invalid_already_breached;reversal_trend_cap,114.46,131.2099,115.4026,145.2598,"{""trend"":{""T1_ema_stack"":{""value"":[false,true,true],""score"":66.66666666666666},""T2_ema50_slope"":{""value"":0.23338495947121474,""score"":88.89749324520245},""T3_high_proximity"":{""value"":0.9050367676128726,""score"":52.518383806436255},""T4_rs_1m"":{""value"":-0.06237733484341401,""score"":0},""T5_rs_3m"":{""value"":-0.14232447212157529,""score"":0},""T6_adr_healthy"":{""value"":4.7916287118599055,""score"":100.0},""_score"":47.32},""geometry"":{""sub_low_similarity"":87.5,""sub_bounce_quality"":100,""sub_separation_fit"":0.0,""sub_right_bottom_reaction"":45.8,""sub_base_context"":30.0,""_score"":59.12},""compression"":{""VC1_atr_ratio"":{""value"":0.5637566634674418,""score"":100},""VC2_range_contraction"":{""value"":1.2816959412879718,""score"":0},""VC3_range_pct_rank"":{""score"":1.6666666666666718},""_score"":40.42},""sr_quality"":{""SR1_touches"":{""value"":3,""score"":50.0},""SR2_tightness"":{""value"":1.0735130284361822,""score"":67.94827427766333},""SR3_recency"":{""value"":240,""score"":0.0},""SR4_price_location"":{""score"":7.964181723545385},""SR5_reaction"":{""value"":1.8962090321259788,""score"":94.81045160629894},""_score"":41.4,""_levels_found"":6,""_target_level"":121.2853},""volume"":{""V1_rvol_day"":{""value"":1.7007915219224066,""score"":80.05276812816044},""V2_rvol_sameslot"":{""value"":1.9531572914145012,""score"":96.87715276096675,""status"":""ok""},""V3_breakout_bar"":{""value"":1.0640083524372947,""score"":37.60055682915298},""V4_base_dryup"":{""value"":0.8011363155523853,""score"":69.88636844476147},""V5_bo_expansion"":{""value"":1.7007915219224066,""score"":46.7194347948271},""_score"":65.77},""readiness"":{""_distance_atr"":2.5,""BR1_atr_distance"":{""score"":0},""BR2_compression"":{""score"":0},""BR3_retest"":{""score"":50.0},""BR4_bo_age"":{""score"":50.0},""_score"":17.5},""risk"":{""R1_stop_clarity"":{""score"":47.52955828911662},""R2_stop_distance_pct"":{""value"":-0.8235191333216834,""score"":29.412021666957912},""R3_stop_distance_atr"":{""value"":-0.14071537031034054,""score"":17.964231484482973},""R4_rr_potential"":{""value"":null,""score"":50.0},""_score"":38.15},""market"":{""M1_spy_regime"":{""score"":100.0},""M3_earnings_risk"":{""value"":null,""score"":80.0},""M4_vix"":{""value"":null,""score"":60.0},""_score"":84.0},""liquidity"":{""L1_price"":{""value"":114.46,""score"":100.0},""L2_dollar_vol"":{""value"":616518487.1031702,""score"":100.0},""L3_spread_proxy"":{""value"":0.0997719727415691,""score"":0.22802725843089888},""L4_volume_zscore"":{""value"":2.4966878975709794,""score"":70.0},""_score"":82.52},""pattern_structure"":{""left_low"":117.16,""left_idx"":15,""right_low"":117.8971,""right_idx"":63,""separation_bars"":48,""structural_low"":117.16,""current_price"":113.74,""neckline_distance_pct"":0.15359504132231414,""base_bars"":48},""pattern_geometry_features"":{""low_similarity_pct"":0.006271667607572782,""bounce_pct"":0.11992062137248215,""right_bottom_reaction"":0.4582965154251052,""atr_pct"":0.05852375127929907},""_schema_version"":""1.0""}",,,,,,,,,,
20260505T210937Z-543da1,2026-05-05T21:09:37.858700+00:00,NOK,cup_with_handle,extended,40.0,100.0,40.4,15.6,34.8,10.7,35.1,23.2,84.0,94.4,14.0,12.12,1.25,4.18,1.39,2.8,1.16,4.2,4.72,True,stop_extreme;price_extended_above_trigger,13.42,8.535,7.6731,10.865,"{""trend"":{""T1_ema_stack"":{""value"":[true,true,true],""score"":100.0},""T2_ema50_slope"":{""value"":0.6596366243084824,""score"":100},""T3_high_proximity"":{""value"":1.0,""score"":99.99999999999997},""T4_rs_1m"":{""value"":0.41115935015278615,""score"":100},""T5_rs_3m"":{""value"":0.9563220604958333,""score"":100},""T6_adr_healthy"":{""value"":5.185395339861868,""score"":100.0},""_score"":100.0},""geometry"":{""sub_cup_depth"":95.5,""sub_cup_duration"":16.0,""sub_rim_symmetry"":15.8,""sub_handle_shallowness"":27.3,""sub_handle_proportion"":52.3,""sub_u_shape"":33.7,""_score"":40.41},""compression"":{""VC1_atr_ratio"":{""value"":0.8792730859040744,""score"":30.181728523981405},""VC2_range_contraction"":{""value"":1.518837668653832,""score"":0},""VC3_range_pct_rank"":{""score"":14.166666666666671},""_score"":15.61},""sr_quality"":{""SR1_touches"":{""value"":2,""score"":25.0},""SR2_tightness"":{""value"":0.08250000000000046,""score"":76.19219392540208},""SR3_recency"":{""value"":249,""score"":0.0},""SR4_price_location"":{""score"":30.0},""SR5_reaction"":{""value"":1.1218526801818047,""score"":56.09263400909023},""_score"":34.84,""_levels_found"":5,""_target_level"":8.4525},""volume"":{""V1_rvol_day"":{""value"":0.8394184802720251,""score"":22.627898684801675},""V2_rvol_sameslot"":{""value"":0.9098680643348122,""score"":27.32453762232081,""status"":""ok""},""V3_breakout_bar"":{""value"":0.5411006574060133,""score"":2.740043827067555},""V4_base_dryup"":{""value"":1.7943994384910424,""score"":0},""V5_bo_expansion"":{""value"":0.8394184802720251,""score"":0},""_score"":10.68},""readiness"":{""_distance_atr"":-7.049,""BR1_atr_distance"":{""score"":0},""BR2_compression"":{""score"":70.2538867336376},""BR3_retest"":{""score"":50.0},""BR4_bo_age"":{""score"":50.0},""_score"":35.06},""risk"":{""R1_stop_clarity"":{""score"":66.2794892143423},""R2_stop_distance_pct"":{""value"":42.823025335320416,""score"":0.0},""R3_stop_distance_atr"":{""value"":8.292114566048625,""score"":0.0},""R4_rr_potential"":{""value"":-0.44459138484561134,""score"":0.0},""_score"":23.2},""market"":{""M1_spy_regime"":{""score"":100.0},""M3_earnings_risk"":{""value"":null,""score"":80.0},""M4_vix"":{""value"":null,""score"":60.0},""_score"":84.0},""liquidity"":{""L1_price"":{""value"":13.42,""score"":100.0},""L2_dollar_vol"":{""value"":1244245890.120735,""score"":100.0},""L3_spread_proxy"":{""value"":0.05588673621460507,""score"":44.11326378539493},""L4_volume_zscore"":{""value"":-0.4795589542549532,""score"":100.0},""_score"":94.41},""pattern_structure"":{""left_rim"":8.19,""left_rim_idx"":50,""cup_bottom"":5.86,""cup_bottom_idx"":67,""right_rim"":8.535,""right_rim_idx"":151,""handle_low"":7.79,""handle_bars"":28,""cup_bars"":101,""structural_low"":7.79,""current_price"":13.42,""neckline_distance_pct"":-0.3640089418777943,""base_bars"":129},""pattern_geometry_features"":{""cup_depth_pct"":0.2844932844932844,""rim_symmetry_pct"":0.042124542124542204,""handle_depth_pct"":0.08728763913298185,""handle_to_cup_ratio"":0.27722772277227725,""cup_duration_bars"":101.0,""atr_pct"":0.051643070044709395,""u_shape_score"":0.16831683168316833},""_schema_version"":""1.0""}",,,,,,,,,,
20260505T210937Z-543da1,2026-05-05T21:09:37.858700+00:00,SATS,double_bottom,invalidated,40.0,51.6,42.0,74.4,37.4,20.8,29.9,40.0,84.0,96.2,7.73,10.49,5.95,5.23,2.7,2.39,2.4,5.04,4.81,True,invalid_already_breached,117.34,127.3808,117.3825,135.5915,"{""trend"":{""T1_ema_stack"":{""value"":[false,true,true],""score"":66.66666666666666},""T2_ema50_slope"":{""value"":0.2800393776089432,""score"":96.67322960149053},""T3_high_proximity"":{""value"":0.8684775368218488,""score"":34.23876841092438},""T4_rs_1m"":{""value"":-0.1741010488156569,""score"":0},""T5_rs_3m"":{""value"":-0.02770961682375872,""score"":36.14519158812064},""T6_adr_healthy"":{""value"":4.7933285892698425,""score"":100.0},""_score"":51.56},""geometry"":{""sub_low_similarity"":73.7,""sub_bounce_quality"":55.6,""sub_separation_fit"":0.0,""sub_right_bottom_reaction"":18.2,""sub_base_context"":30.0,""_score"":41.96},""compression"":{""VC1_atr_ratio"":{""value"":0.4199725319514446,""score"":100},""VC2_range_contraction"":{""value"":0.6818013005731414,""score"":53.03311657114311},""VC3_range_pct_rank"":{""score"":63.33333333333333},""_score"":74.39},""sr_quality"":{""SR1_touches"":{""value"":2,""score"":25.0},""SR2_tightness"":{""value"":0.17499999999999716,""score"":93.45011729636893},""SR3_recency"":{""value"":224,""score"":0.0},""SR4_price_location"":{""score"":3.495362955430629},""SR5_reaction"":{""value"":2.7911295874242263,""score"":100},""_score"":37.39,""_levels_found"":5,""_target_level"":124.785},""volume"":{""V1_rvol_day"":{""value"":0.7451504423754085,""score"":16.34336282502723},""V2_rvol_sameslot"":{""value"":0.6188396497295561,""score"":7.9226433153037386,""status"":""ok""},""V3_breakout_bar"":{""value"":1.1992400593697408,""score"":46.61600395798271},""V4_base_dryup"":{""value"":1.28534755282097,""score"":21.465244717903005},""V5_bo_expansion"":{""value"":0.7451504423754085,""score"":0},""_score"":20.8},""readiness"":{""_distance_atr"":1.879,""BR1_atr_distance"":{""score"":0},""BR2_compression"":{""score"":49.69026323827782},""BR3_retest"":{""score"":50.0},""BR4_bo_age"":{""score"":50.0},""_score"":29.92},""risk"":{""R1_stop_clarity"":{""score"":33.09569913314279},""R2_stop_distance_pct"":{""value"":-0.036260865859890246,""score"":49.09347835350274},""R3_stop_distance_atr"":{""value"":-0.007962505263297712,""score"":24.601874736835118},""R4_rr_potential"":{""value"":null,""score"":50.0},""_score"":40.0},""market"":{""M1_spy_regime"":{""score"":100.0},""M3_earnings_risk"":{""value"":null,""score"":80.0},""M4_vix"":{""value"":null,""score"":60.0},""_score"":84.0},""liquidity"":{""L1_price"":{""value"":117.34,""score"":100.0},""L2_dollar_vol"":{""value"":448145961.072742,""score"":100.0},""L3_spread_proxy"":{""value"":0.037838759161411266,""score"":62.16124083858873},""L4_volume_zscore"":{""value"":-0.6013135587429658,""score"":100.0},""_score"":96.22},""pattern_structure"":{""left_low"":120.75,""left_idx"":20,""right_low"":119.1701,""right_idx"":68,""separation_bars"":48,""structural_low"":119.1701,""current_price"":116.87,""neckline_distance_pct"":0.08993582613159912,""base_bars"":48},""pattern_geometry_features"":{""low_similarity_pct"":0.013170217918381954,""bounce_pct"":0.06889899395905506,""right_bottom_reaction"":0.18228370733799543,""atr_pct"":0.045539518858506385},""_schema_version"":""1.0""}",,,,,,,,,,
20260505T210937Z-543da1,2026-05-05T21:09:37.858700+00:00,SATS,ascending_triangle,invalidated,40.0,51.6,65.7,74.4,37.4,25.1,31.9,40.0,84.0,96.2,7.73,18.39,5.95,5.23,3.01,2.55,1.6,5.04,4.81,True,invalid_already_breached,117.34,124.96,117.3825,130.7499,"{""trend"":{""T1_ema_stack"":{""value"":[false,true,true],""score"":66.66666666666666},""T2_ema50_slope"":{""value"":0.2800393776089432,""score"":96.67322960149053},""T3_high_proximity"":{""value"":0.8684775368218488,""score"":34.23876841092438},""T4_rs_1m"":{""value"":-0.1741010488156569,""score"":0},""T5_rs_3m"":{""value"":-0.02770961682375872,""score"":36.14519158812064},""T6_adr_healthy"":{""value"":4.7933285892698425,""score"":100.0},""_score"":51.56},""geometry"":{""sub_flat_top_quality"":100,""sub_hl_slope"":27.3,""sub_compression"":50.0,""sub_duration"":100.0,""_score"":65.69},""compression"":{""VC1_atr_ratio"":{""value"":0.4199725319514446,""score"":100},""VC2_range_contraction"":{""value"":0.6818013005731414,""score"":53.03311657114311},""VC3_range_pct_rank"":{""score"":63.33333333333333},""_score"":74.39},""sr_quality"":{""SR1_touches"":{""value"":2,""score"":25.0},""SR2_tightness"":{""value"":0.17499999999999716,""score"":93.45011729636893},""SR3_recency"":{""value"":224,""score"":0.0},""SR4_price_location"":{""score"":3.495362955430629},""SR5_reaction"":{""value"":2.7911295874242263,""score"":100},""_score"":37.39,""_levels_found"":5,""_target_level"":124.785},""volume"":{""V1_rvol_day"":{""value"":0.7451504423754085,""score"":16.34336282502723},""V2_rvol_sameslot"":{""value"":0.6188396497295561,""score"":7.9226433153037386,""status"":""ok""},""V3_breakout_bar"":{""value"":1.1992400593697408,""score"":46.61600395798271},""V4_base_dryup"":{""value"":1.070864143790962,""score"":42.913585620903795},""V5_bo_expansion"":{""value"":0.7451504423754085,""score"":0},""_score"":25.09},""readiness"":{""_distance_atr"":1.426,""BR1_atr_distance"":{""score"":4.933131044439008},""BR2_compression"":{""score"":49.69026323827782},""BR3_retest"":{""score"":50.0},""BR4_bo_age"":{""score"":50.0},""_score"":31.9},""risk"":{""R1_stop_clarity"":{""score"":33.09569913314279},""R2_stop_distance_pct"":{""value"":-0.036260865859890246,""score"":49.09347835350274},""R3_stop_distance_atr"":{""value"":-0.007962505263297712,""score"":24.601874736835118},""R4_rr_potential"":{""value"":null,""score"":50.0},""_score"":40.0},""market"":{""M1_spy_regime"":{""score"":100.0},""M3_earnings_risk"":{""value"":null,""score"":80.0},""M4_vix"":{""value"":null,""score"":60.0},""_score"":84.0},""liquidity"":{""L1_price"":{""value"":117.34,""score"":100.0},""L2_dollar_vol"":{""value"":448145961.072742,""score"":100.0},""L3_spread_proxy"":{""value"":0.037838759161411266,""score"":62.16124083858873},""L4_volume_zscore"":{""value"":-0.6013135587429658,""score"":100.0},""_score"":96.22},""pattern_structure"":{""top"":124.96,""top_touches"":4,""low_slope_per_bar"":0.09770559006211038,""lowest_low"":119.1701,""structural_low"":119.1701,""current_price"":116.87,""neckline_distance_pct"":0.06922221271498237,""base_bars"":31},""pattern_geometry_features"":{""top_touches"":4.0,""low_slope"":0.09770559006211038,""compression"":0.2500288627781643,""atr_pct"":0.045539518858506385},""_schema_version"":""1.0""}",,,,,,,,,,
20260505T210937Z-543da1,2026-05-05T21:09:37.858700+00:00,ASTS,double_bottom,invalidated,40.0,13.3,56.8,71.3,52.0,48.1,24.8,32.0,84.0,91.5,2.0,14.21,5.7,7.28,6.25,1.98,1.92,5.04,4.58,True,invalid_already_breached;reversal_trend_cap,63.87,77.8,69.5509,84.9899,"{""trend"":{""T1_ema_stack"":{""value"":[false,false,true],""score"":33.33333333333333},""T2_ema50_slope"":{""value"":-0.4329287026405636,""score"":0},""T3_high_proximity"":{""value"":0.6089236342835351,""score"":0},""T4_rs_1m"":{""value"":-0.42473883897901465,""score"":0},""T5_rs_3m"":{""value"":-0.4979120231140889,""score"":0},""T6_adr_healthy"":{""value"":7.378671062543825,""score"":100.0},""_score"":13.33},""geometry"":{""sub_low_similarity"":8.9,""sub_bounce_quality"":100,""sub_separation_fit"":100.0,""sub_right_bottom_reaction"":87.7,""sub_base_context"":30.0,""_score"":56.83},""compression"":{""VC1_atr_ratio"":{""value"":0.4399480569821765,""score"":100},""VC2_range_contraction"":{""value"":0.6602444741260675,""score"":56.625920978988766},""VC3_range_pct_rank"":{""score"":45.833333333333336},""_score"":71.28},""sr_quality"":{""SR1_touches"":{""value"":2,""score"":25.0},""SR2_tightness"":{""value"":0.8800000000000026,""score"":69.20342611884418},""SR3_recency"":{""value"":225,""score"":0.0},""SR4_price_location"":{""score"":76.37762798888619},""SR5_reaction"":{""value"":5.673743796002695,""score"":100},""_score"":51.97,""_levels_found"":7,""_target_level"":68.37},""volume"":{""V1_rvol_day"":{""value"":1.130151237472585,""score"":42.01008249817234},""V2_rvol_sameslot"":{""value"":1.9692099593674581,""score"":97.94733062449721,""status"":""ok""},""V3_breakout_bar"":{""value"":1.3611968267529972,""score"":57.41312178353315},""V4_base_dryup"":{""value"":1.2781463468296597,""score"":22.18536531703404},""V5_bo_expansion"":{""value"":1.130151237472585,""score"":8.676749164839004},""_score"":48.08},""readiness"":{""_distance_atr"":2.437,""BR1_atr_distance"":{""score"":0},""BR2_compression"":{""score"":29.027867711926636},""BR3_retest"":{""score"":50.0},""BR4_bo_age"":{""score"":50.0},""_score"":24.76},""risk"":{""R1_stop_clarity"":{""score"":62.93382111240128},""R2_stop_distance_pct"":{""value"":-8.894549084077044,""score"":0.0},""R3_stop_distance_atr"":{""value"":-0.9940553988368808,""score"":0.0},""R4_rr_potential"":{""value"":null,""score"":50.0},""_score"":32.03},""market"":{""M1_spy_regime"":{""score"":100.0},""M3_earnings_risk"":{""value"":null,""score"":80.0},""M4_vix"":{""value"":null,""score"":60.0},""_score"":84.0},""liquidity"":{""L1_price"":{""value"":63.87,""score"":100.0},""L2_dollar_vol"":{""value"":1255049202.4364066,""score"":100.0},""L3_spread_proxy"":{""value"":0.08485987161421629,""score"":15.140128385783711},""L4_volume_zscore"":{""value"":0.2974311915333086,""score"":100.0},""_score"":91.51},""pattern_structure"":{""left_low"":73.9,""left_idx"":38,""right_low"":70.6101,""right_idx"":63,""separation_bars"":25,""structural_low"":70.6101,""current_price"":64.52,""neckline_distance_pct"":0.20582765034097958,""base_bars"":25},""pattern_geometry_features"":{""low_similarity_pct"":0.04553176559977472,""bounce_pct"":0.10182537625637117,""right_bottom_reaction"":0.8769136087391358,""atr_pct"":0.08947739828669841},""_schema_version"":""1.0""}",,,,,,,,,,
20260505T210937Z-543da1,2026-05-05T21:09:37.858700+00:00,PH,vcp,invalidated,40.0,30.6,39.7,58.9,44.1,33.0,40.8,12.9,84.0,73.3,4.59,9.94,7.06,5.3,4.29,2.86,0.65,5.04,3.67,True,risk_unclear;invalid_already_breached,872.69,1029.0,934.5581,1205.24,"{""trend"":{""T1_ema_stack"":{""value"":[false,false,true],""score"":33.33333333333333},""T2_ema50_slope"":{""value"":0.09844235395670085,""score"":66.40705899278348},""T3_high_proximity"":{""value"":0.8530527262419113,""score"":26.526363120955633},""T4_rs_1m"":{""value"":-0.141609936265076,""score"":0},""T5_rs_3m"":{""value"":-0.14468672249447723,""score"":0},""T6_adr_healthy"":{""value"":2.7112442087314803,""score"":100.0},""_score"":30.59},""geometry"":{""sub_contraction_count"":100.0,""sub_reduction_rate"":0,""sub_pivot_tightness"":31.6,""sub_volume_dryup"":0,""sub_base_depth"":0.0,""sub_base_duration"":100.0,""_score"":39.74},""compression"":{""VC1_atr_ratio"":{""value"":0.5045456807499279,""score"":100},""VC2_range_contraction"":{""value"":0.9907279542858171,""score"":1.5453409523638237},""VC3_range_pct_rank"":{""score"":73.33333333333334},""_score"":58.87},""sr_quality"":{""SR1_touches"":{""value"":3,""score"":50.0},""SR2_tightness"":{""value"":4.818725627060432,""score"":68.95858188656116},""SR3_recency"":{""value"":261,""score"":0.0},""SR4_price_location"":{""score"":19.013943160078107},""SR5_reaction"":{""value"":1.8740350481641956,""score"":93.70175240820979},""_score"":44.15,""_levels_found"":5,""_target_level"":906.5834},""volume"":{""V1_rvol_day"":{""value"":0.9529394299646116,""score"":30.19596199764077},""V2_rvol_sameslot"":{""value"":1.2127702822349278,""score"":47.51801881566185,""status"":""ok""},""V3_breakout_bar"":{""value"":0.8588892687038903,""score"":23.925951246926015},""V4_base_dryup"":{""value"":0.924794588845965,""score"":57.5205411154035},""V5_bo_expansion"":{""value"":0.9529394299646117,""score"":0},""_score"":33.03},""readiness"":{""_distance_atr"":5.035,""BR1_atr_distance"":{""score"":0},""BR2_compression"":{""score"":93.29637240775185},""BR3_retest"":{""score"":50.0},""BR4_bo_age"":{""score"":50.0},""_score"":40.82},""risk"":{""R1_stop_clarity"":{""score"":8.320821609583533},""R2_stop_distance_pct"":{""value"":-7.089361628986227,""score"":0.0},""R3_stop_distance_atr"":{""value"":-1.992720960569087,""score"":0.0},""R4_rr_potential"":{""value"":null,""score"":50.0},""_score"":12.91},""market"":{""M1_spy_regime"":{""score"":100.0},""M3_earnings_risk"":{""value"":null,""score"":80.0},""M4_vix"":{""value"":null,""score"":60.0},""_score"":84.0},""liquidity"":{""L1_price"":{""value"":872.69,""score"":0.0},""L2_dollar_vol"":{""value"":598240295.7612699,""score"":100.0},""L3_spread_proxy"":{""value"":0.016695504703846654,""score"":83.30449529615335},""L4_volume_zscore"":{""value"":-0.08107465643280493,""score"":100.0},""_score"":73.33},""pattern_structure"":{""n_contractions"":5,""contractions_pct"":[1.11,4.5,13.04,8.65,7.79],""descending_strict"":false,""final_low"":948.79,""final_pivot"":1029.0,""structural_low"":948.79,""dry_up_ratio"":1.438285558418836,""current_price"":872.69,""neckline_distance_pct"":0.17911285794497467,""base_bars"":72,""recent_base_height"":176.24},""pattern_geometry_features"":{""contraction_count"":5.0,""first_contraction_pct"":0.011067896671059584,""last_contraction_pct"":0.07794946550048594,""dry_up_ratio"":1.438285558418836,""near_monotone"":0.0,""base_depth_pct"":-0.016564344872660175},""_schema_version"":""1.0""}",,,,,,,,,,
20260505T210937Z-543da1,2026-05-05T21:09:37.858700+00:00,LHX,double_bottom,invalidated,40.0,18.2,56.8,43.3,56.8,67.7,30.3,11.3,84.0,96.3,2.73,14.2,3.47,7.95,8.8,2.43,0.68,5.04,4.82,True,risk_unclear;invalid_already_breached;reversal_trend_cap,302.65,326.76,308.3148,340.51,"{""trend"":{""T1_ema_stack"":{""value"":[false,false,true],""score"":33.33333333333333},""T2_ema50_slope"":{""value"":-0.15296537783773012,""score"":24.50577036037831},""T3_high_proximity"":{""value"":0.7996459522299724,""score"":0},""T4_rs_1m"":{""value"":-0.2547312273961767,""score"":0},""T5_rs_3m"":{""value"":-0.18880426649528936,""score"":0},""T6_adr_healthy"":{""value"":2.630931863611628,""score"":100.0},""_score"":18.23},""geometry"":{""sub_low_similarity"":88.9,""sub_bounce_quality"":19.9,""sub_separation_fit"":100.0,""sub_right_bottom_reaction"":34.3,""sub_base_context"":30.0,""_score"":56.8},""compression"":{""VC1_atr_ratio"":{""value"":0.49275812252915635,""score"":100},""VC2_range_contraction"":{""value"":1.3049678892579875,""score"":0},""VC3_range_pct_rank"":{""score"":13.33333333333333},""_score"":43.33},""sr_quality"":{""SR1_touches"":{""value"":5,""score"":100},""SR2_tightness"":{""value"":3.0025184828739913,""score"":36.61331759007557},""SR3_recency"":{""value"":246,""score"":0.0},""SR4_price_location"":{""score"":25.1971387359807},""SR5_reaction"":{""value"":3.0817982495823,""score"":100},""_score"":56.79,""_levels_found"":8,""_target_level"":334.4141},""volume"":{""V1_rvol_day"":{""value"":1.3743919085261198,""score"":58.29279390174133},""V2_rvol_sameslot"":{""value"":2.469801776093932,""score"":100,""status"":""ok""},""V3_breakout_bar"":{""value"":2.0913888206505695,""score"":100},""V4_base_dryup"":{""value"":1.1340501824974885,""score"":36.59498175025115},""V5_bo_expansion"":{""value"":1.3743919085261198,""score"":24.959460568407987},""_score"":67.72},""readiness"":{""_distance_atr"":2.545,""BR1_atr_distance"":{""score"":0},""BR2_compression"":{""score"":51.3335076980157},""BR3_retest"":{""score"":50.0},""BR4_bo_age"":{""score"":50.0},""_score"":30.33},""risk"":{""R1_stop_clarity"":{""score"":0.8798834663335242},""R2_stop_distance_pct"":{""value"":-1.8717495456798288,""score"":3.206261358004281},""R3_stop_distance_atr"":{""value"":-0.5979580973405952,""score"":0.0},""R4_rr_potential"":{""value"":null,""score"":50.0},""_score"":11.27},""market"":{""M1_spy_regime"":{""score"":100.0},""M3_earnings_risk"":{""value"":null,""score"":80.0},""M4_vix"":{""value"":null,""score"":60.0},""_score"":84.0},""liquidity"":{""L1_price"":{""value"":302.65,""score"":100.0},""L2_dollar_vol"":{""value"":629049599.2612258,""score"":100.0},""L3_spread_proxy"":{""value"":0.03689079795142911,""score"":63.109202048570886},""L4_volume_zscore"":{""value"":1.105064030654134,""score"":100.0},""_score"":96.31},""pattern_structure"":{""left_low"":314.75,""left_idx"":37,""right_low"":313.01,""right_idx"":56,""separation_bars"":19,""structural_low"":313.01,""current_price"":300.675,""neckline_distance_pct"":0.08675480169618352,""base_bars"":19},""pattern_geometry_features"":{""low_similarity_pct"":0.005543519816490408,""bounce_pct"":0.04392830899971247,""right_bottom_reaction"":0.3432099755422817,""atr_pct"":0.03130235302447431},""_schema_version"":""1.0""}",,,,,,,,,,
20260505T210937Z-543da1,2026-05-05T21:09:37.858700+00:00,AMD,base_on_base,extended,40.0,98.9,54.8,11.5,40.1,41.5,27.4,25.0,84.0,95.9,17.8,13.69,1.15,4.01,4.98,2.19,1.25,5.88,4.79,True,stop_extreme;price_extended_above_trigger,355.26,221.33,185.3967,236.58,"{""trend"":{""T1_ema_stack"":{""value"":[true,true,true],""score"":100.0},""T2_ema50_slope"":{""value"":0.7805079508153234,""score"":100},""T3_high_proximity"":{""value"":0.9853553003827591,""score"":92.67765019137953},""T4_rs_1m"":{""value"":0.5150960923683026,""score"":100},""T5_rs_3m"":{""value"":0.41769253910878024,""score"":100},""T6_adr_healthy"":{""value"":4.489908143930598,""score"":100.0},""_score"":98.9},""geometry"":{""sub_shallower_second"":0,""sub_second_base_depth"":100.0,""sub_rim_advance"":100,""sub_dry_up"":49.8,""sub_second_base_duration"":32.0,""_score"":54.76},""compression"":{""VC1_atr_ratio"":{""value"":1.2428759957403868,""score"":0},""VC2_range_contraction"":{""value"":1.251667797132382,""score"":0},""VC3_range_pct_rank"":{""score"":45.833333333333336},""_score"":11.46},""sr_quality"":{""SR1_touches"":{""value"":2,""score"":25.0},""SR2_tightness"":{""value"":3.2150999999999783,""score"":67.41746763202377},""SR3_recency"":{""value"":287,""score"":0.0},""SR4_price_location"":{""score"":30.0},""SR5_reaction"":{""value"":2.589794984719043,""score"":100},""_score"":40.11,""_levels_found"":3,""_target_level"":263.7449},""volume"":{""V1_rvol_day"":{""value"":1.2667088415872596,""score"":51.113922772483974},""V2_rvol_sameslot"":{""value"":1.5412873393073883,""score"":69.41915595382588,""status"":""ok""},""V3_breakout_bar"":{""value"":1.0790616532425192,""score"":38.604110216167946},""V4_base_dryup"":{""value"":1.2481150841072173,""score"":25.18849158927827},""V5_bo_expansion"":{""value"":1.2667088415872598,""score"":17.780589439150653},""_score"":41.46},""readiness"":{""_distance_atr"":-6.786,""BR1_atr_distance"":{""score"":0},""BR2_compression"":{""score"":39.4176766016399},""BR3_retest"":{""score"":50.0},""BR4_bo_age"":{""score"":50.0},""_score"":27.35},""risk"":{""R1_stop_clarity"":{""score"":71.38805522860642},""R2_stop_distance_pct"":{""value"":47.81379834487417,""score"":0.0},""R3_stop_distance_atr"":{""value"":8.607160695439166,""score"":0.0},""R4_rr_potential"":{""value"":-0.6986794675483168,""score"":0.0},""_score"":24.99},""market"":{""M1_spy_regime"":{""score"":100.0},""M3_earnings_risk"":{""value"":null,""score"":80.0},""M4_vix"":{""value"":null,""score"":60.0},""_score"":84.0},""liquidity"":{""L1_price"":{""value"":355.26,""score"":100.0},""L2_dollar_vol"":{""value"":18698726030.329205,""score"":100.0},""L3_spread_proxy"":{""value"":0.04135450092889713,""score"":58.64549907110287},""L4_volume_zscore"":{""value"":0.7921923155696322,""score"":100.0},""_score"":95.86},""pattern_structure"":{""first_base_low"":149.85,""first_base_top"":165.1,""first_base_bars"":10,""second_base_low"":188.22,""second_base_top"":221.33,""second_base_bars"":77,""structural_low"":188.22,""stacking_overlap_pct"":-0.14003634161114478,""current_price"":355.26,""neckline_distance_pct"":-0.3769914991836964,""base_bars"":77},""pattern_geometry_features"":{""first_base_depth_pct"":0.09236826165960024,""second_base_depth_pct"":0.14959562644015728,""second_dry_up_ratio"":0.7507574070998804,""rim_advance_pct"":0.3405814657783163,""atr_pct"":0.05555118585181075},""_schema_version"":""1.0""}",,,,,,,,,,
20260505T210937Z-543da1,2026-05-05T21:09:37.858700+00:00,MPWR,cup_with_handle,extended,40.0,98.0,52.1,36.9,43.6,23.5,35.2,19.3,84.0,71.8,13.72,15.62,2.95,5.23,3.06,2.82,0.97,4.2,3.59,True,stop_extreme;price_extended_above_trigger,1588.12,1127.74,981.0698,1417.9399,"{""trend"":{""T1_ema_stack"":{""value"":[true,true,true],""score"":100.0},""T2_ema50_slope"":{""value"":0.7456795801237345,""score"":100},""T3_high_proximity"":{""value"":0.9730769702094285,""score"":86.53848510471424},""T4_rs_1m"":{""value"":0.24742823607375297,""score"":100},""T5_rs_3m"":{""value"":0.31373507021708247,""score"":100},""T6_adr_healthy"":{""value"":3.454676980842939,""score"":100.0},""_score"":97.98},""geometry"":{""sub_cup_depth"":100.0,""sub_cup_duration"":20.0,""sub_rim_symmetry"":92.2,""sub_handle_shallowness"":2.7,""sub_handle_proportion"":50.0,""sub_u_shape"":34.0,""_score"":52.08},""compression"":{""VC1_atr_ratio"":{""value"":0.8003123328455163,""score"":49.921916788620926},""VC2_range_contraction"":{""value"":0.9561230355044947,""score"":7.312827415917544},""VC3_range_pct_rank"":{""score"":57.49999999999999},""_score"":36.9},""sr_quality"":{""SR1_touches"":{""value"":2,""score"":25.0},""SR2_tightness"":{""value"":3.1100000000000136,""score"":90.66000854414006},""SR3_recency"":{""value"":269,""score"":0.0},""SR4_price_location"":{""score"":30.0},""SR5_reaction"":{""value"":2.3280529346268164,""score"":100},""_score"":43.6,""_levels_found"":3,""_target_level"":1253.11},""volume"":{""V1_rvol_day"":{""value"":1.0868742218117209,""score"":39.1249481207814},""V2_rvol_sameslot"":{""value"":0.8372504503617523,""score"":22.483363357450152,""status"":""ok""},""V3_breakout_bar"":{""value"":0.8016203856479004,""score"":20.108025709860026},""V4_base_dryup"":{""value"":1.235660341778903,""score"":26.433965822109712},""V5_bo_expansion"":{""value"":1.0868742218117209,""score"":5.79161478744806},""_score"":23.5},""readiness"":{""_distance_atr"":-6.913,""BR1_atr_distance"":{""score"":0},""BR2_compression"":{""score"":70.86427361807644},""BR3_retest"":{""score"":50.0},""BR4_bo_age"":{""score"":50.0},""_score"":35.22},""risk"":{""R1_stop_clarity"":{""score"":55.13155197772815},""R2_stop_distance_pct"":{""value"":38.224450923104044,""score"":0.0},""R3_stop_distance_atr"":{""value"":9.115503559933233,""score"":0.0},""R4_rr_potential"":{""value"":-0.2803394414777755,""score"":0.0},""_score"":19.3},""market"":{""M1_spy_regime"":{""score"":100.0},""M3_earnings_risk"":{""value"":null,""score"":80.0},""M4_vix"":{""value"":null,""score"":60.0},""_score"":84.0},""liquidity"":{""L1_price"":{""value"":1588.12,""score"":0.0},""L2_dollar_vol"":{""value"":1080065336.9011257,""score"":100.0},""L3_spread_proxy"":{""value"":0.031996952371357364,""score"":68.00304762864263},""L4_volume_zscore"":{""value"":0.29282086398323726,""score"":100.0},""_score"":71.8},""pattern_structure"":{""left_rim"":1123.38,""left_rim_idx"":51,""cup_bottom"":833.1801,""cup_bottom_idx"":68,""right_rim"":1127.74,""right_rim_idx"":151,""handle_low"":996.01,""handle_bars"":28,""cup_bars"":100,""structural_low"":996.01,""current_price"":1588.12,""neckline_distance_pct"":-0.2898899327506737,""base_bars"":128},""pattern_geometry_features"":{""cup_depth_pct"":0.25832745820648406,""rim_symmetry_pct"":0.0038811444034965014,""handle_depth_pct"":0.11680883891677162,""handle_to_cup_ratio"":0.28,""cup_duration_bars"":100.0,""atr_pct"":0.041933449613379366,""u_shape_score"":0.17},""_schema_version"":""1.0""}",,,,,,,,,,
20260505T210937Z-543da1,2026-05-05T21:09:37.858700+00:00,ASTS,inverse_head_shoulders,invalidated,40.0,13.3,64.8,71.3,52.0,48.1,24.8,32.9,84.0,91.5,1.6,18.16,5.7,7.28,6.73,1.98,1.98,4.2,4.58,True,invalid_already_breached;reversal_trend_cap,63.87,77.8,66.4776,88.11,"{""trend"":{""T1_ema_stack"":{""value"":[false,false,true],""score"":33.33333333333333},""T2_ema50_slope"":{""value"":-0.4329287026405636,""score"":0},""T3_high_proximity"":{""value"":0.6089236342835351,""score"":0},""T4_rs_1m"":{""value"":-0.42473883897901465,""score"":0},""T5_rs_3m"":{""value"":-0.4979120231140889,""score"":0},""T6_adr_healthy"":{""value"":7.378671062543825,""score"":100.0},""_score"":13.33},""geometry"":{""sub_head_depth"":85.9,""sub_shoulder_price_sym"":43.1,""sub_shoulder_time_sym"":84.6,""sub_right_shoulder_reaction"":87.7,""sub_base_context"":30.0,""_score"":64.84},""compression"":{""VC1_atr_ratio"":{""value"":0.4399480569821765,""score"":100},""VC2_range_contraction"":{""value"":0.6602444741260675,""score"":56.625920978988766},""VC3_range_pct_rank"":{""score"":45.833333333333336},""_score"":71.28},""sr_quality"":{""SR1_touches"":{""value"":2,""score"":25.0},""SR2_tightness"":{""value"":0.8800000000000026,""score"":69.20342611884418},""SR3_recency"":{""value"":225,""score"":0.0},""SR4_price_location"":{""score"":76.37762798888619},""SR5_reaction"":{""value"":5.673743796002695,""score"":100},""_score"":51.97,""_levels_found"":7,""_target_level"":68.37},""volume"":{""V1_rvol_day"":{""value"":1.130151237472585,""score"":42.01008249817234},""V2_rvol_sameslot"":{""value"":1.9692099593674581,""score"":97.94733062449721,""status"":""ok""},""V3_breakout_bar"":{""value"":1.3611968267529972,""score"":57.41312178353315},""V4_base_dryup"":{""value"":1.2781463468296597,""score"":22.18536531703404},""V5_bo_expansion"":{""value"":1.130151237472585,""score"":8.676749164839004},""_score"":48.08},""readiness"":{""_distance_atr"":2.437,""BR1_atr_distance"":{""score"":0},""BR2_compression"":{""score"":29.027867711926636},""BR3_retest"":{""score"":50.0},""BR4_bo_age"":{""score"":50.0},""_score"":24.76},""risk"":{""R1_stop_clarity"":{""score"":64.57169139933188},""R2_stop_distance_pct"":{""value"":-4.082746203225301,""score"":0.0},""R3_stop_distance_atr"":{""value"":-0.4562879879613393,""score"":2.1856006019330354},""R4_rr_potential"":{""value"":null,""score"":50.0},""_score"":32.93},""market"":{""M1_spy_regime"":{""score"":100.0},""M3_earnings_risk"":{""value"":null,""score"":80.0},""M4_vix"":{""value"":null,""score"":60.0},""_score"":84.0},""liquidity"":{""L1_price"":{""value"":63.87,""score"":100.0},""L2_dollar_vol"":{""value"":1255049202.4364066,""score"":100.0},""L3_spread_proxy"":{""value"":0.08485987161421629,""score"":15.140128385783711},""L4_volume_zscore"":{""value"":0.2974311915333086,""score"":100.0},""_score"":91.51},""pattern_structure"":{""left_shoulder"":73.9,""left_shoulder_idx"":58,""head"":67.49,""head_idx"":70,""right_shoulder"":70.6101,""right_shoulder_idx"":83,""left_to_head_bars"":12,""head_to_right_bars"":13,""structural_low"":67.49,""current_price"":64.52,""neckline_distance_pct"":0.20582765034097958,""base_bars"":25},""pattern_geometry_features"":{""head_depth_pct"":0.06594763964594884,""shoulder_price_asymmetry"":0.04553176559977472,""shoulder_time_asymmetry"":0.07692307692307693,""right_shoulder_reaction"":0.8769136087391358,""atr_pct"":0.08947739828669841},""_schema_version"":""1.0""}",,,,,,,,,,
20260505T210937Z-543da1,2026-05-05T21:09:37.858700+00:00,NOC,double_bottom,absent,40.0,13.3,37.8,45.4,41.9,63.4,30.1,44.0,84.0,89.6,2.0,9.45,3.63,5.86,8.24,2.4,2.64,5.04,4.48,True,risk_unclear;invalid_already_breached;reversal_trend_cap,558.6,596.5,556.7122,627.81,"{""trend"":{""T1_ema_stack"":{""value"":[false,false,true],""score"":33.33333333333333},""T2_ema50_slope"":{""value"":-0.4255396026028526,""score"":0},""T3_high_proximity"":{""value"":0.7273248092497592,""score"":0},""T4_rs_1m"":{""value"":-0.29557351506870777,""score"":0},""T5_rs_3m"":{""value"":-0.2572941088356461,""score"":0},""T6_adr_healthy"":{""value"":2.5668373976195182,""score"":100.0},""_score"":13.33},""geometry"":{""sub_low_similarity"":26.8,""sub_bounce_quality"":36.3,""sub_separation_fit"":13.3,""sub_right_bottom_reaction"":96.6,""sub_base_context"":30.0,""_score"":37.78},""compression"":{""VC1_atr_ratio"":{""value"":0.30988038727329076,""score"":100},""VC2_range_contraction"":{""value"":1.1223912350704224,""score"":0},""VC3_range_pct_rank"":{""score"":21.666666666666668},""_score"":45.42},""sr_quality"":{""SR1_touches"":{""value"":3,""score"":50.0},""SR2_tightness"":{""value"":4.843866109719457,""score"":46.08836443982543},""SR3_recency"":{""value"":305,""score"":0.0},""SR4_price_location"":{""score"":19.862178637689258},""SR5_reaction"":{""value"":2.0105195890478265,""score"":100},""_score"":41.88,""_levels_found"":8,""_target_level"":571.1983},""volume"":{""V1_rvol_day"":{""value"":1.0937348184614308,""score"":39.582321230762055},""V2_rvol_sameslot"":{""value"":1.7323437666464996,""score"":82.15625110976664,""status"":""ok""},""V3_breakout_bar"":{""value"":1.884217863118488,""score"":92.28119087456587},""V4_base_dryup"":{""value"":0.7489066648426309,""score"":75.1093335157369},""V5_bo_expansion"":{""value"":1.0937348184614308,""score"":6.248987897428723},""_score"":63.38},""readiness"":{""_distance_atr"":2.109,""BR1_atr_distance"":{""score"":0},""BR2_compression"":{""score"":50.195709602369185},""BR3_retest"":{""score"":50.0},""BR4_bo_age"":{""score"":50.0},""_score"":30.05},""risk"":{""R1_stop_clarity"":{""score"":5.642569554777239},""R2_stop_distance_pct"":{""value"":0.33796097386322194,""score"":58.44902434658054},""R3_stop_distance_atr"":{""value"":0.10505769450155995,""score"":30.252884725078},""R4_rr_potential"":{""value"":36.660751648701684,""score"":100.0},""_score"":44.05},""market"":{""M1_spy_regime"":{""score"":100.0},""M3_earnings_risk"":{""value"":null,""score"":80.0},""M4_vix"":{""value"":null,""score"":60.0},""_score"":84.0},""liquidity"":{""L1_price"":{""value"":558.6,""score"":70.69999999999999},""L2_dollar_vol"":{""value"":515520741.9670056,""score"":100.0},""L3_spread_proxy"":{""value"":0.030594343000358095,""score"":69.4056569996419},""L4_volume_zscore"":{""value"":0.2417593622508047,""score"":100.0},""_score"":89.62},""pattern_structure"":{""left_low"":586.27,""left_idx"":25,""right_low"":565.19,""right_idx"":68,""separation_bars"":43,""structural_low"":565.19,""current_price"":555.15,""neckline_distance_pct"":0.07448437359272274,""base_bars"":43},""pattern_geometry_features"":{""low_similarity_pct"":0.03661438521529176,""bounce_pct"":0.055397300023001014,""right_bottom_reaction"":0.965881397238021,""atr_pct"":0.03216908342284284},""_schema_version"":""1.0""}",,,,,,,,,,
20260505T210937Z-543da1,2026-05-05T21:09:37.858700+00:00,NOC,vcp,invalidated,40.0,13.3,45.3,45.4,41.9,63.8,30.1,10.0,84.0,89.6,2.0,11.33,5.45,5.03,8.29,2.1,0.5,5.04,4.48,True,risk_unclear;invalid_already_breached;trend_floor,558.6,708.55,655.025,790.44,"{""trend"":{""T1_ema_stack"":{""value"":[false,false,true],""score"":33.33333333333333},""T2_ema50_slope"":{""value"":-0.4255396026028526,""score"":0},""T3_high_proximity"":{""value"":0.7273248092497592,""score"":0},""T4_rs_1m"":{""value"":-0.29557351506870777,""score"":0},""T5_rs_3m"":{""value"":-0.2572941088356461,""score"":0},""T6_adr_healthy"":{""value"":2.5668373976195182,""score"":100.0},""_score"":13.33},""geometry"":{""sub_contraction_count"":100.0,""sub_reduction_rate"":0,""sub_pivot_tightness"":55.0,""sub_volume_dryup"":0,""sub_base_depth"":20.7,""sub_base_duration"":100.0,""_score"":45.32},""compression"":{""VC1_atr_ratio"":{""value"":0.30988038727329076,""score"":100},""VC2_range_contraction"":{""value"":1.1223912350704224,""score"":0},""VC3_range_pct_rank"":{""score"":21.666666666666668},""_score"":45.42},""sr_quality"":{""SR1_touches"":{""value"":3,""score"":50.0},""SR2_tightness"":{""value"":4.843866109719457,""score"":46.08836443982543},""SR3_recency"":{""value"":305,""score"":0.0},""SR4_price_location"":{""score"":19.862178637689258},""SR5_reaction"":{""value"":2.0105195890478265,""score"":100},""_score"":41.88,""_levels_found"":8,""_target_level"":571.1983},""volume"":{""V1_rvol_day"":{""value"":1.0937348184614308,""score"":39.582321230762055},""V2_rvol_sameslot"":{""value"":1.7323437666464996,""score"":82.15625110976664,""status"":""ok""},""V3_breakout_bar"":{""value"":1.884217863118488,""score"":92.28119087456587},""V4_base_dryup"":{""value"":0.7283925970663431,""score"":77.16074029336569},""V5_bo_expansion"":{""value"":1.0937348184614308,""score"":6.248987897428723},""_score"":63.79},""readiness"":{""_distance_atr"":8.345,""BR1_atr_distance"":{""score"":0},""BR2_compression"":{""score"":50.195709602369185},""BR3_retest"":{""score"":50.0},""BR4_bo_age"":{""score"":50.0},""_score"":30.05},""risk"":{""R1_stop_clarity"":{""score"":0},""R2_stop_distance_pct"":{""value"":-17.261904761904752,""score"":0.0},""R3_stop_distance_atr"":{""value"":-5.365992103352036,""score"":0.0},""R4_rr_potential"":{""value"":null,""score"":50.0},""_score"":10.0},""market"":{""M1_spy_regime"":{""score"":100.0},""M3_earnings_risk"":{""value"":null,""score"":80.0},""M4_vix"":{""value"":null,""score"":60.0},""_score"":84.0},""liquidity"":{""L1_price"":{""value"":558.6,""score"":70.69999999999999},""L2_dollar_vol"":{""value"":515520741.9670056,""score"":100.0},""L3_spread_proxy"":{""value"":0.030594343000358095,""score"":69.4056569996419},""L4_volume_zscore"":{""value"":0.2417593622508047,""score"":100.0},""_score"":89.62},""pattern_structure"":{""n_contractions"":4,""contractions_pct"":[5.71,7.31,10.54,6.15],""descending_strict"":false,""final_low"":665.0,""final_pivot"":708.55,""structural_low"":665.0,""dry_up_ratio"":1.223117394929398,""current_price"":558.6,""neckline_distance_pct"":0.26843895452918,""base_bars"":42,""recent_base_height"":81.88999999999999},""pattern_geometry_features"":{""contraction_count"":4.0,""first_contraction_pct"":0.05709814004835038,""last_contraction_pct"":0.06146355232517106,""dry_up_ratio"":1.223117394929398,""near_monotone"":0.0,""base_depth_pct"":0.07072287978088626},""_schema_version"":""1.0""}",,,,,,,,,,
20260505T210937Z-543da1,2026-05-05T21:09:37.858700+00:00,LMT,vcp,invalidated,40.0,13.3,46.9,50.2,42.5,35.0,31.5,10.0,84.0,96.4,2.0,11.72,6.03,5.1,4.55,2.2,0.5,5.04,4.82,True,risk_unclear;invalid_already_breached;trend_floor,508.93,637.92,596.4175,720.115,"{""trend"":{""T1_ema_stack"":{""value"":[false,false,true],""score"":33.33333333333333},""T2_ema50_slope"":{""value"":-0.3774833816327418,""score"":0},""T3_high_proximity"":{""value"":0.7520762524013594,""score"":0},""T4_rs_1m"":{""value"":-0.3005809796096459,""score"":0},""T5_rs_3m"":{""value"":-0.23959429985824576,""score"":0},""T6_adr_healthy"":{""value"":2.601623551697112,""score"":100.0},""_score"":13.33},""geometry"":{""sub_contraction_count"":100.0,""sub_reduction_rate"":0,""sub_pivot_tightness"":70.3,""sub_volume_dryup"":0,""sub_base_depth"":13.5,""sub_base_duration"":100.0,""_score"":46.9},""compression"":{""VC1_atr_ratio"":{""value"":0.48899875743275784,""score"":100},""VC2_range_contraction"":{""value"":1.2092886860748617,""score"":0},""VC3_range_pct_rank"":{""score"":40.833333333333336},""_score"":50.21},""sr_quality"":{""SR1_touches"":{""value"":2,""score"":25.0},""SR2_tightness"":{""value"":0.5600000000000023,""score"":93.29162848285554},""SR3_recency"":{""value"":246,""score"":0.0},""SR4_price_location"":{""score"":23.880597014925392},""SR5_reaction"":{""value"":2.7938570483678737,""score"":100},""_score"":42.46,""_levels_found"":5,""_target_level"":594.44},""volume"":{""V1_rvol_day"":{""value"":0.8796872952922149,""score"":25.31248635281433},""V2_rvol_sameslot"":{""value"":1.0415569318970606,""score"":36.10379545980404,""status"":""ok""},""V3_breakout_bar"":{""value"":1.057376931009569,""score"":37.158462067304605},""V4_base_dryup"":{""value"":0.8273052511137371,""score"":67.26947488862629},""V5_bo_expansion"":{""value"":0.8796872952922148,""score"":0},""_score"":35.03},""readiness"":{""_distance_atr"":7.726,""BR1_atr_distance"":{""score"":0},""BR2_compression"":{""score"":55.933684570506145},""BR3_retest"":{""score"":50.0},""BR4_bo_age"":{""score"":50.0},""_score"":31.48},""risk"":{""R1_stop_clarity"":{""score"":0},""R2_stop_distance_pct"":{""value"":-17.19047806181597,""score"":0.0},""R3_stop_distance_atr"":{""value"":-5.240166545590835,""score"":0.0},""R4_rr_potential"":{""value"":null,""score"":50.0},""_score"":10.0},""market"":{""M1_spy_regime"":{""score"":100.0},""M3_earnings_risk"":{""value"":null,""score"":80.0},""M4_vix"":{""value"":null,""score"":60.0},""_score"":84.0},""liquidity"":{""L1_price"":{""value"":508.93,""score"":95.535},""L2_dollar_vol"":{""value"":692006302.5955311,""score"":100.0},""L3_spread_proxy"":{""value"":0.02458098363232663,""score"":75.41901636767338},""L4_volume_zscore"":{""value"":-0.2672522373344332,""score"":100.0},""_score"":96.43},""pattern_structure"":{""n_contractions"":5,""contractions_pct"":[7.98,5.33,10.51,6.17,5.08],""descending_strict"":false,""final_low"":605.5,""final_pivot"":637.92,""structural_low"":605.5,""dry_up_ratio"":1.6753170311119423,""current_price"":508.93,""neckline_distance_pct"":0.25345332363979317,""base_bars"":44,""recent_base_height"":82.19500000000005},""pattern_geometry_features"":{""contraction_count"":5.0,""first_contraction_pct"":0.0797878098949876,""last_contraction_pct"":0.05082141961374461,""dry_up_ratio"":1.6753170311119423,""near_monotone"":0.0,""base_depth_pct"":0.06354877124607561},""_schema_version"":""1.0""}",,,,,,,,,,
20260505T210937Z-543da1,2026-05-05T21:09:37.858700+00:00,APH,double_bottom,invalidated,40.0,54.5,38.3,42.5,64.9,59.1,22.8,27.6,84.0,94.0,8.17,9.57,3.4,9.09,7.69,1.83,1.65,5.04,4.7,True,risk_unclear;invalid_already_breached,136.69,154.918,138.0872,169.646,"{""trend"":{""T1_ema_stack"":{""value"":[false,true,true],""score"":66.66666666666666},""T2_ema50_slope"":{""value"":0.27755528077991254,""score"":96.25921346331876},""T3_high_proximity"":{""value"":0.8945095216281657,""score"":47.25476081408281},""T4_rs_1m"":{""value"":-0.017763169009352042,""score"":32.23683099064796},""T5_rs_3m"":{""value"":-0.12017244862432674,""score"":0},""T6_adr_healthy"":{""value"":3.346724149738906,""score"":100.0},""_score"":54.45},""geometry"":{""sub_low_similarity"":26.9,""sub_bounce_quality"":100,""sub_separation_fit"":0.0,""sub_right_bottom_reaction"":28.0,""sub_base_context"":30.0,""_score"":38.27},""compression"":{""VC1_atr_ratio"":{""value"":0.46360229651346474,""score"":100},""VC2_range_contraction"":{""value"":1.1920042480041013,""score"":0},""VC3_range_pct_rank"":{""score"":9.999999999999998},""_score"":42.5},""sr_quality"":{""SR1_touches"":{""value"":7,""score"":100},""SR2_tightness"":{""value"":1.7461468133801226,""score"":36.84895063911241},""SR3_recency"":{""value"":226,""score"":0.0},""SR4_price_location"":{""score"":57.659053539696316},""SR5_reaction"":{""value"":2.006923195157897,""score"":100},""_score"":64.94,""_levels_found"":4,""_target_level"":141.4741},""volume"":{""V1_rvol_day"":{""value"":1.4587269488403898,""score"":63.91512992269265},""V2_rvol_sameslot"":{""value"":1.8236374617679028,""score"":88.24249745119351,""status"":""ok""},""V3_breakout_bar"":{""value"":1.2494536025769114,""score"":49.96357350512743},""V4_base_dryup"":{""value"":0.9191050971021659,""score"":58.089490289783406},""V5_bo_expansion"":{""value"":1.4587269488403893,""score"":30.58179658935929},""_score"":59.13},""readiness"":{""_distance_atr"":3.296,""BR1_atr_distance"":{""score"":0},""BR2_compression"":{""score"":21.375348836199777},""BR3_retest"":{""score"":50.0},""BR4_bo_age"":{""score"":50.0},""_score"":22.84},""risk"":{""R1_stop_clarity"":{""score"":23.948442862328278},""R2_stop_distance_pct"":{""value"":-1.0221303679859615,""score"":24.446740800350963},""R3_stop_distance_atr"":{""value"":-0.2526462492686102,""score"":12.367687536569495},""R4_rr_potential"":{""value"":null,""score"":50.0},""_score"":27.57},""market"":{""M1_spy_regime"":{""score"":100.0},""M3_earnings_risk"":{""value"":null,""score"":80.0},""M4_vix"":{""value"":null,""score"":60.0},""_score"":84.0},""liquidity"":{""L1_price"":{""value"":136.69,""score"":100.0},""L2_dollar_vol"":{""value"":1583152467.8987339,""score"":100.0},""L3_spread_proxy"":{""value"":0.0599897578462215,""score"":40.0102421537785},""L4_volume_zscore"":{""value"":1.6304003054383576,""score"":100.0},""_score"":94.0},""pattern_structure"":{""left_low"":145.41,""left_idx"":23,""right_low"":140.19,""right_idx"":69,""separation_bars"":46,""structural_low"":140.19,""current_price"":136.61,""neckline_distance_pct"":0.13401654344484293,""base_bars"":46},""pattern_geometry_features"":{""low_similarity_pct"":0.036554621848739484,""bounce_pct"":0.10505742207004785,""right_bottom_reaction"":0.27956989247312175,""atr_pct"":0.04045697772854113},""_schema_version"":""1.0""}",,,,,,,,,,
20260505T210937Z-543da1,2026-05-05T21:09:37.858700+00:00,LMT,base_on_base,invalidated,40.0,13.3,67.6,50.2,42.5,35.8,31.5,10.0,84.0,96.4,2.4,16.89,5.02,4.25,4.29,2.52,0.5,5.88,4.82,True,risk_unclear;invalid_already_breached;trend_floor,508.93,637.92,584.9718,685.44,"{""trend"":{""T1_ema_stack"":{""value"":[false,false,true],""score"":33.33333333333333},""T2_ema50_slope"":{""value"":-0.3774833816327418,""score"":0},""T3_high_proximity"":{""value"":0.7520762524013594,""score"":0},""T4_rs_1m"":{""value"":-0.3005809796096459,""score"":0},""T5_rs_3m"":{""value"":-0.23959429985824576,""score"":0},""T6_adr_healthy"":{""value"":2.601623551697112,""score"":100.0},""_score"":13.33},""geometry"":{""sub_shallower_second"":59.1,""sub_second_base_depth"":89.0,""sub_rim_advance"":100,""sub_dry_up"":0,""sub_second_base_duration"":100.0,""_score"":67.58},""compression"":{""VC1_atr_ratio"":{""value"":0.48899875743275784,""score"":100},""VC2_range_contraction"":{""value"":1.2092886860748617,""score"":0},""VC3_range_pct_rank"":{""score"":40.833333333333336},""_score"":50.21},""sr_quality"":{""SR1_touches"":{""value"":2,""score"":25.0},""SR2_tightness"":{""value"":0.5600000000000023,""score"":93.29162848285554},""SR3_recency"":{""value"":246,""score"":0.0},""SR4_price_location"":{""score"":23.880597014925392},""SR5_reaction"":{""value"":2.7938570483678737,""score"":100},""_score"":42.46,""_levels_found"":5,""_target_level"":594.44},""volume"":{""V1_rvol_day"":{""value"":0.8796872952922149,""score"":25.31248635281433},""V2_rvol_sameslot"":{""value"":1.0415569318970606,""score"":36.10379545980404,""status"":""ok""},""V3_breakout_bar"":{""value"":1.057376931009569,""score"":37.158462067304605},""V4_base_dryup"":{""value"":0.790199986565532,""score"":70.9800013434468},""V5_bo_expansion"":{""value"":0.8796872952922148,""score"":0},""_score"":35.77},""readiness"":{""_distance_atr"":7.726,""BR1_atr_distance"":{""score"":0},""BR2_compression"":{""score"":55.933684570506145},""BR3_retest"":{""score"":50.0},""BR4_bo_age"":{""score"":50.0},""_score"":31.48},""risk"":{""R1_stop_clarity"":{""score"":0},""R2_stop_distance_pct"":{""value"":-14.941504725600774,""score"":0.0},""R3_stop_distance_atr"":{""value"":-4.554612903860657,""score"":0.0},""R4_rr_potential"":{""value"":null,""score"":50.0},""_score"":10.0},""market"":{""M1_spy_regime"":{""score"":100.0},""M3_earnings_risk"":{""value"":null,""score"":80.0},""M4_vix"":{""value"":null,""score"":60.0},""_score"":84.0},""liquidity"":{""L1_price"":{""value"":508.93,""score"":95.535},""L2_dollar_vol"":{""value"":692006302.5955311,""score"":100.0},""L3_spread_proxy"":{""value"":0.02458098363232663,""score"":75.41901636767338},""L4_volume_zscore"":{""value"":-0.2672522373344332,""score"":100.0},""_score"":96.43},""pattern_structure"":{""first_base_low"":437.25,""first_base_top"":484.77,""first_base_bars"":31,""second_base_low"":593.88,""second_base_top"":637.92,""second_base_bars"":42,""structural_low"":593.88,""stacking_overlap_pct"":-0.22507580914660563,""current_price"":508.93,""neckline_distance_pct"":0.25345332363979317,""base_bars"":42},""pattern_geometry_features"":{""first_base_depth_pct"":0.09802586793737234,""second_base_depth_pct"":0.06903686982693749,""second_dry_up_ratio"":1.2242360787505908,""rim_advance_pct"":0.31592301503805925,""atr_pct"":0.03280521317834894},""_schema_version"":""1.0""}",,,,,,,,,,
20260505T210937Z-543da1,2026-05-05T21:09:37.858700+00:00,LHX,base_on_base,invalidated,40.0,18.2,55.0,43.3,56.8,69.7,30.3,10.0,84.0,96.3,3.28,13.75,4.33,5.68,8.36,2.43,0.5,5.88,4.82,True,risk_unclear;invalid_already_breached;trend_floor,302.65,364.27,324.3413,391.96,"{""trend"":{""T1_ema_stack"":{""value"":[false,false,true],""score"":33.33333333333333},""T2_ema50_slope"":{""value"":-0.15296537783773012,""score"":24.50577036037831},""T3_high_proximity"":{""value"":0.7996459522299724,""score"":0},""T4_rs_1m"":{""value"":-0.2547312273961767,""score"":0},""T5_rs_3m"":{""value"":-0.18880426649528936,""score"":0},""T6_adr_healthy"":{""value"":2.630931863611628,""score"":100.0},""_score"":18.23},""geometry"":{""sub_shallower_second"":0,""sub_second_base_depth"":100.0,""sub_rim_advance"":100,""sub_dry_up"":0,""sub_second_base_duration"":100.0,""_score"":55.0},""compression"":{""VC1_atr_ratio"":{""value"":0.49275812252915635,""score"":100},""VC2_range_contraction"":{""value"":1.3049678892579875,""score"":0},""VC3_range_pct_rank"":{""score"":13.33333333333333},""_score"":43.33},""sr_quality"":{""SR1_touches"":{""value"":5,""score"":100},""SR2_tightness"":{""value"":3.0025184828739913,""score"":36.61331759007557},""SR3_recency"":{""value"":246,""score"":0.0},""SR4_price_location"":{""score"":25.1971387359807},""SR5_reaction"":{""value"":3.0817982495823,""score"":100},""_score"":56.79,""_levels_found"":8,""_target_level"":334.4141},""volume"":{""V1_rvol_day"":{""value"":1.3743919085261198,""score"":58.29279390174133},""V2_rvol_sameslot"":{""value"":2.469801776093932,""score"":100,""status"":""ok""},""V3_breakout_bar"":{""value"":2.0913888206505695,""score"":100},""V4_base_dryup"":{""value"":1.0354485489402059,""score"":46.45514510597941},""V5_bo_expansion"":{""value"":1.3743919085261198,""score"":24.959460568407987},""_score"":69.69},""readiness"":{""_distance_atr"":6.504,""BR1_atr_distance"":{""score"":0},""BR2_compression"":{""score"":51.3335076980157},""BR3_retest"":{""score"":50.0},""BR4_bo_age"":{""score"":50.0},""_score"":30.33},""risk"":{""R1_stop_clarity"":{""score"":0},""R2_stop_distance_pct"":{""value"":-7.167121262184052,""score"":0.0},""R3_stop_distance_atr"":{""value"":-2.2896429723926213,""score"":0.0},""R4_rr_potential"":{""value"":null,""score"":50.0},""_score"":10.0},""market"":{""M1_spy_regime"":{""score"":100.0},""M3_earnings_risk"":{""value"":null,""score"":80.0},""M4_vix"":{""value"":null,""score"":60.0},""_score"":84.0},""liquidity"":{""L1_price"":{""value"":302.65,""score"":100.0},""L2_dollar_vol"":{""value"":629049599.2612258,""score"":100.0},""L3_spread_proxy"":{""value"":0.03689079795142911,""score"":63.109202048570886},""L4_volume_zscore"":{""value"":1.105064030654134,""score"":100.0},""_score"":96.31},""pattern_structure"":{""first_base_low"":272.14,""first_base_top"":299.83,""first_base_bars"":60,""second_base_low"":329.2805,""second_base_top"":364.27,""second_base_bars"":59,""structural_low"":329.2805,""stacking_overlap_pct"":-0.09822399359637139,""current_price"":302.65,""neckline_distance_pct"":0.20360151990748393,""base_bars"":59},""pattern_geometry_features"":{""first_base_depth_pct"":0.0923523329886936,""second_base_depth_pct"":0.09605375133829293,""second_dry_up_ratio"":1.3139386898997694,""rim_advance_pct"":0.21492178901377448,""atr_pct"":0.03130235302447431},""_schema_version"":""1.0""}",,,,,,,,,,
20260505T210937Z-543da1,2026-05-05T21:09:37.858700+00:00,RTX,base_on_base,invalidated,40.0,16.9,60.9,56.9,48.2,29.5,33.5,10.0,84.0,98.3,3.04,15.21,5.69,4.82,3.54,2.68,0.5,5.88,4.91,True,risk_unclear;invalid_already_breached;trend_floor,172.87,205.36,182.7865,226.62,"{""trend"":{""T1_ema_stack"":{""value"":[false,false,true],""score"":33.33333333333333},""T2_ema50_slope"":{""value"":-0.22614303891507312,""score"":12.309493514154482},""T3_high_proximity"":{""value"":0.8148095776772247,""score"":7.404788838612342},""T4_rs_1m"":{""value"":-0.22712530532167774,""score"":0},""T5_rs_3m"":{""value"":-0.2001729832637843,""score"":0},""T6_adr_healthy"":{""value"":2.5473071039847897,""score"":100.0},""_score"":16.91},""geometry"":{""sub_shallower_second"":29.6,""sub_second_base_depth"":100.0,""sub_rim_advance"":92.3,""sub_dry_up"":0,""sub_second_base_duration"":100.0,""_score"":60.86},""compression"":{""VC1_atr_ratio"":{""value"":0.4132364810330916,""score"":100},""VC2_range_contraction"":{""value"":1.1409302182791752,""score"":0},""VC3_range_pct_rank"":{""score"":67.5},""_score"":56.88},""sr_quality"":{""SR1_touches"":{""value"":2,""score"":25.0},""SR2_tightness"":{""value"":0.8024999999999949,""score"":68.92537387739996},""SR3_recency"":{""value"":315,""score"":0.0},""SR4_price_location"":{""score"":64.41203847347185},""SR5_reaction"":{""value"":1.9027158144539178,""score"":95.13579072269589},""_score"":48.21,""_levels_found"":7,""_target_level"":175.7375},""volume"":{""V1_rvol_day"":{""value"":0.8644861778767274,""score"":24.29907852511516},""V2_rvol_sameslot"":{""value"":0.9785030248237309,""score"":31.90020165491539,""status"":""ok""},""V3_breakout_bar"":{""value"":1.0825938278466838,""score"":38.83958852311225},""V4_base_dryup"":{""value"":1.0734736583010387,""score"":42.65263416989613},""V5_bo_expansion"":{""value"":0.8644861778767274,""score"":0},""_score"":29.48},""readiness"":{""_distance_atr"":6.29,""BR1_atr_distance"":{""score"":0},""BR2_compression"":{""score"":64.16098969936576},""BR3_retest"":{""score"":50.0},""BR4_bo_age"":{""score"":50.0},""_score"":33.54},""risk"":{""R1_stop_clarity"":{""score"":0},""R2_stop_distance_pct"":{""value"":-5.736362584601143,""score"":0.0},""R3_stop_distance_atr"":{""value"":-1.9199375465013022,""score"":0.0},""R4_rr_potential"":{""value"":null,""score"":50.0},""_score"":10.0},""market"":{""M1_spy_regime"":{""score"":100.0},""M3_earnings_risk"":{""value"":null,""score"":80.0},""M4_vix"":{""value"":null,""score"":60.0},""_score"":84.0},""liquidity"":{""L1_price"":{""value"":172.87,""score"":100.0},""L2_dollar_vol"":{""value"":795191398.3233727,""score"":100.0},""L3_spread_proxy"":{""value"":0.017093769884884667,""score"":82.90623011511533},""L4_volume_zscore"":{""value"":-0.377531072152581,""score"":100.0},""_score"":98.29},""pattern_structure"":{""first_base_low"":166.74,""first_base_top"":188.0,""first_base_bars"":20,""second_base_low"":185.57,""second_base_top"":205.36,""second_base_bars"":55,""structural_low"":185.57,""stacking_overlap_pct"":0.012925531914893653,""current_price"":172.87,""neckline_distance_pct"":0.18794469832822358,""base_bars"":55},""pattern_geometry_features"":{""first_base_depth_pct"":0.11308510638297868,""second_base_depth_pct"":0.09636735488897555,""second_dry_up_ratio"":1.8246647246793473,""rim_advance_pct"":0.09234042553191496,""atr_pct"":0.0298778603244387},""_schema_version"":""1.0""}",,,,,,,,,,
20260505T210937Z-543da1,2026-05-05T21:09:37.858700+00:00,APH,vcp,invalidated,40.0,54.5,38.2,42.5,64.9,59.3,22.8,18.0,84.0,94.0,8.17,9.56,5.1,7.79,7.71,1.6,0.9,5.04,4.7,True,risk_unclear;invalid_already_breached,136.69,155.4569,140.1251,186.2338,"{""trend"":{""T1_ema_stack"":{""value"":[false,true,true],""score"":66.66666666666666},""T2_ema50_slope"":{""value"":0.27755528077991254,""score"":96.25921346331876},""T3_high_proximity"":{""value"":0.8945095216281657,""score"":47.25476081408281},""T4_rs_1m"":{""value"":-0.017763169009352042,""score"":32.23683099064796},""T5_rs_3m"":{""value"":-0.12017244862432674,""score"":0},""T6_adr_healthy"":{""value"":3.346724149738906,""score"":100.0},""_score"":54.45},""geometry"":{""sub_contraction_count"":100.0,""sub_reduction_rate"":0,""sub_pivot_tightness"":21.6,""sub_volume_dryup"":0,""sub_base_depth"":0.0,""sub_base_duration"":100.0,""_score"":38.24},""compression"":{""VC1_atr_ratio"":{""value"":0.46360229651346474,""score"":100},""VC2_range_contraction"":{""value"":1.1920042480041013,""score"":0},""VC3_range_pct_rank"":{""score"":9.999999999999998},""_score"":42.5},""sr_quality"":{""SR1_touches"":{""value"":7,""score"":100},""SR2_tightness"":{""value"":1.7461468133801226,""score"":36.84895063911241},""SR3_recency"":{""value"":226,""score"":0.0},""SR4_price_location"":{""score"":57.659053539696316},""SR5_reaction"":{""value"":2.006923195157897,""score"":100},""_score"":64.94,""_levels_found"":4,""_target_level"":141.4741},""volume"":{""V1_rvol_day"":{""value"":1.4587269488403898,""score"":63.91512992269265},""V2_rvol_sameslot"":{""value"":1.8236374617679028,""score"":88.24249745119351,""status"":""ok""},""V3_breakout_bar"":{""value"":1.2494536025769114,""score"":49.96357350512743},""V4_base_dryup"":{""value"":0.9095507184139332,""score"":59.04492815860668},""V5_bo_expansion"":{""value"":1.4587269488403893,""score"":30.58179658935929},""_score"":59.32},""readiness"":{""_distance_atr"":3.394,""BR1_atr_distance"":{""score"":0},""BR2_compression"":{""score"":21.375348836199777},""BR3_retest"":{""score"":50.0},""BR4_bo_age"":{""score"":50.0},""_score"":22.84},""risk"":{""R1_stop_clarity"":{""score"":22.826032763763067},""R2_stop_distance_pct"":{""value"":-2.513069719803933,""score"":0.0},""R3_stop_distance_atr"":{""value"":-0.6211708982974873,""score"":0.0},""R4_rr_potential"":{""value"":null,""score"":50.0},""_score"":17.99},""market"":{""M1_spy_regime"":{""score"":100.0},""M3_earnings_risk"":{""value"":null,""score"":80.0},""M4_vix"":{""value"":null,""score"":60.0},""_score"":84.0},""liquidity"":{""L1_price"":{""value"":136.69,""score"":100.0},""L2_dollar_vol"":{""value"":1583152467.8987339,""score"":100.0},""L3_spread_proxy"":{""value"":0.0599897578462215,""score"":40.0102421537785},""L4_volume_zscore"":{""value"":1.6304003054383576,""score"":100.0},""_score"":94.0},""pattern_structure"":{""n_contractions"":5,""contractions_pct"":[8.85,16.19,17.17,13.57,8.49],""descending_strict"":false,""final_low"":142.259,""final_pivot"":155.4569,""structural_low"":142.259,""dry_up_ratio"":1.1147582600387367,""current_price"":136.69,""neckline_distance_pct"":0.13729533982003067,""base_bars"":78,""recent_base_height"":30.776899999999983},""pattern_geometry_features"":{""contraction_count"":5.0,""first_contraction_pct"":0.08848499651081648,""last_contraction_pct"":0.0848974860556206,""dry_up_ratio"":1.1147582600387367,""near_monotone"":0.0,""base_depth_pct"":0.007264480111654048},""_schema_version"":""1.0""}",,,,,,,,,,
20260505T210937Z-543da1,2026-05-05T21:09:37.858700+00:00,ASTS,bull_flag,absent,39.85,13.3,19.6,71.3,52.0,44.8,24.8,78.9,84.0,91.5,1.87,5.89,6.42,5.2,6.27,2.23,2.37,5.04,4.58,True,trend_floor,63.87,74.61,62.4785,81.73,"{""trend"":{""T1_ema_stack"":{""value"":[false,false,true],""score"":33.33333333333333},""T2_ema50_slope"":{""value"":-0.4329287026405636,""score"":0},""T3_high_proximity"":{""value"":0.6089236342835351,""score"":0},""T4_rs_1m"":{""value"":-0.42473883897901465,""score"":0},""T5_rs_3m"":{""value"":-0.4979120231140889,""score"":0},""T6_adr_healthy"":{""value"":7.378671062543825,""score"":100.0},""_score"":13.33},""geometry"":{""sub_pole_impulse"":4.5,""sub_flag_tightness"":0,""sub_flag_shallowness"":0,""sub_flag_drift"":55.1,""sub_flag_duration"":100.0,""_score"":19.62},""compression"":{""VC1_atr_ratio"":{""value"":0.4399480569821765,""score"":100},""VC2_range_contraction"":{""value"":0.6602444741260675,""score"":56.625920978988766},""VC3_range_pct_rank"":{""score"":45.833333333333336},""_score"":71.28},""sr_quality"":{""SR1_touches"":{""value"":2,""score"":25.0},""SR2_tightness"":{""value"":0.8800000000000026,""score"":69.20342611884418},""SR3_recency"":{""value"":225,""score"":0.0},""SR4_price_location"":{""score"":76.37762798888619},""SR5_reaction"":{""value"":5.673743796002695,""score"":100},""_score"":51.97,""_levels_found"":7,""_target_level"":68.37},""volume"":{""V1_rvol_day"":{""value"":1.130151237472585,""score"":42.01008249817234},""V2_rvol_sameslot"":{""value"":1.9692099593674581,""score"":97.94733062449721,""status"":""ok""},""V3_breakout_bar"":{""value"":1.3611968267529972,""score"":57.41312178353315},""V4_base_dryup"":{""value"":1.4432420488604785,""score"":5.675795113952148},""V5_bo_expansion"":{""value"":1.130151237472585,""score"":8.676749164839004},""_score"":44.78},""readiness"":{""_distance_atr"":1.879,""BR1_atr_distance"":{""score"":0},""BR2_compression"":{""score"":29.027867711926636},""BR3_retest"":{""score"":50.0},""BR4_bo_age"":{""score"":50.0},""_score"":24.76},""risk"":{""R1_stop_clarity"":{""score"":66.70295429633448},""R2_stop_distance_pct"":{""value"":2.1785658368561127,""score"":100.0},""R3_stop_distance_atr"":{""value"":0.2434766632212165,""score"":37.17383316106082},""R4_rr_potential"":{""value"":12.835531280319106,""score"":100.0},""_score"":78.92},""market"":{""M1_spy_regime"":{""score"":100.0},""M3_earnings_risk"":{""value"":null,""score"":80.0},""M4_vix"":{""value"":null,""score"":60.0},""_score"":84.0},""liquidity"":{""L1_price"":{""value"":63.87,""score"":100.0},""L2_dollar_vol"":{""value"":1255049202.4364066,""score"":100.0},""L3_spread_proxy"":{""value"":0.08485987161421629,""score"":15.140128385783711},""L4_volume_zscore"":{""value"":0.2974311915333086,""score"":100.0},""_score"":91.51},""pattern_structure"":{""pole_low"":67.49,""pole_low_idx"":30,""peak_price"":74.61,""peak_idx"":42,""pole_gain"":0.10549711068306424,""flag_bars"":17,""flag_low"":63.43,""flag_high"":73.36,""structural_low"":63.43,""current_price"":64.52,""neckline_distance_pct"":0.1563856168629883,""base_bars"":17},""pattern_geometry_features"":{""pole_gain"":0.10549711068306424,""pullback_pct"":0.14984586516552742,""flag_range_pct"":0.13309207880981103,""flag_drift_per_bar"":-0.00897561783547885,""atr_pct"":0.08947739828669841,""pole_atr_multiple"":1.1790364125813801},""_schema_version"":""1.0""}",,,,,,,,,,
20260505T210937Z-543da1,2026-05-05T21:09:37.858700+00:00,AXON,bull_flag,absent,39.04,5.0,27.1,54.6,48.1,50.0,17.5,73.9,84.0,93.1,0.7,8.13,4.91,4.81,7.01,1.57,2.22,5.04,4.65,True,trend_floor,380.6,413.95,364.8932,447.57,"{""trend"":{""T1_ema_stack"":{""value"":[false,false,false],""score"":0.0},""T2_ema50_slope"":{""value"":-0.6582930871076478,""score"":0},""T3_high_proximity"":{""value"":0.657238080436547,""score"":0},""T4_rs_1m"":{""value"":-0.17700848626471277,""score"":0},""T5_rs_3m"":{""value"":-0.2062968673867377,""score"":0},""T6_adr_healthy"":{""value"":5.057580204961002,""score"":100.0},""_score"":5.0},""geometry"":{""sub_pole_impulse"":21.2,""sub_flag_tightness"":0,""sub_flag_shallowness"":0,""sub_flag_drift"":71.6,""sub_flag_duration"":100.0,""_score"":27.1},""compression"":{""VC1_atr_ratio"":{""value"":0.23309505286441343,""score"":100},""VC2_range_contraction"":{""value"":0.7967698669115039,""score"":33.87168884808269},""VC3_range_pct_rank"":{""score"":10.833333333333329},""_score"":54.56},""sr_quality"":{""SR1_touches"":{""value"":4,""score"":75.0},""SR2_tightness"":{""value"":3.636100112758173,""score"":60.05962835181897},""SR3_recency"":{""value"":230,""score"":0.0},""SR4_price_location"":{""score"":6.281630541588963},""SR5_reaction"":{""value"":3.882509699615938,""score"":100},""_score"":48.08,""_levels_found"":5,""_target_level"":414.8401},""volume"":{""V1_rvol_day"":{""value"":1.3607857860192023,""score"":57.385719067946816},""V2_rvol_sameslot"":{""value"":1.3407922905472798,""score"":56.05281936981865,""status"":""ok""},""V3_breakout_bar"":{""value"":1.260935544419238,""score"":50.72903629461587},""V4_base_dryup"":{""value"":0.9467978521120467,""score"":55.32021478879533},""V5_bo_expansion"":{""value"":1.3607857860192025,""score"":24.0523857346135},""_score"":50.04},""readiness"":{""_distance_atr"":1.832,""BR1_atr_distance"":{""score"":0},""BR2_compression"":{""score"":0},""BR3_retest"":{""score"":50.0},""BR4_bo_age"":{""score"":50.0},""_score"":17.5},""risk"":{""R1_stop_clarity"":{""score"":38.96244512704611},""R2_stop_distance_pct"":{""value"":4.1268392012611805,""score"":100.0},""R3_stop_distance_atr"":{""value"":0.8626459846139993,""score"":68.13229923069997},""R4_rr_potential"":{""value"":4.2637719451827865,""score"":100.0},""_score"":73.86},""market"":{""M1_spy_regime"":{""score"":100.0},""M3_earnings_risk"":{""value"":null,""score"":80.0},""M4_vix"":{""value"":null,""score"":60.0},""_score"":84.0},""liquidity"":{""L1_price"":{""value"":380.6,""score"":100.0},""L2_dollar_vol"":{""value"":585093873.7448134,""score"":100.0},""L3_spread_proxy"":{""value"":0.06933788754598,""score"":30.662112454020004},""L4_volume_zscore"":{""value"":0.9571235821985496,""score"":100.0},""_score"":93.07},""pattern_structure"":{""pole_low"":380.33,""pole_low_idx"":30,""peak_price"":413.95,""peak_idx"":42,""pole_gain"":0.0883969184655431,""flag_bars"":17,""flag_low"":370.45,""flag_high"":413.66,""structural_low"":370.45,""current_price"":380.85,""neckline_distance_pct"":0.08691085729289737,""base_bars"":17},""pattern_geometry_features"":{""pole_gain"":0.0883969184655431,""pullback_pct"":0.10508515521198213,""flag_range_pct"":0.104384587510569,""flag_drift_per_bar"":-0.0056794136181451075,""atr_pct"":0.04783931386532544,""pole_atr_multiple"":1.8477881751062142},""_schema_version"":""1.0""}",,,,,,,,,,
20260505T210937Z-543da1,2026-05-05T21:09:37.858700+00:00,SMR,high_tight_pullback,absent,36.55,32.0,23.4,50.2,43.8,1.8,58.1,81.9,84.0,93.2,3.84,8.19,5.02,3.5,0.25,5.23,0.82,5.04,4.66,False,,11.87,12.51,11.4063,14.19,"{""trend"":{""T1_ema_stack"":{""value"":[true,false,false],""score"":33.33333333333333},""T2_ema50_slope"":{""value"":-0.3103483459127307,""score"":0},""T3_high_proximity"":{""value"":0.6713800904977375,""score"":0},""T4_rs_1m"":{""value"":0.06875635406711988,""score"":100},""T5_rs_3m"":{""value"":-0.38578676666280254,""score"":0},""T6_adr_healthy"":{""value"":9.093129458026727,""score"":72.67176354933183},""_score"":31.97},""geometry"":{""sub_pole_impulse"":11.5,""sub_flag_tightness"":22.7,""sub_flag_shallowness"":4.2,""sub_flag_drift"":89.6,""sub_flag_duration"":0.0,""_score"":23.41},""compression"":{""VC1_atr_ratio"":{""value"":0.6398661550560364,""score"":90.0334612359909},""VC2_range_contraction"":{""value"":1.1543388510327321,""score"":0},""VC3_range_pct_rank"":{""score"":56.666666666666664},""_score"":50.18},""sr_quality"":{""SR1_touches"":{""value"":3,""score"":50.0},""SR2_tightness"":{""value"":0.2930986788703686,""score"":53.48852902094511},""SR3_recency"":{""value"":229,""score"":0.0},""SR4_price_location"":{""score"":23.078392258393084},""SR5_reaction"":{""value"":3.3998012611979482,""score"":100},""_score"":43.79,""_levels_found"":7,""_target_level"":14.2865},""volume"":{""V1_rvol_day"":{""value"":0.4934219248495056,""score"":0},""V2_rvol_sameslot"":{""value"":0.4785099595055702,""score"":0,""status"":""ok""},""V3_breakout_bar"":{""value"":0.6056036174060504,""score"":7.04024116040336},""V4_base_dryup"":{""value"":1.7888838947593986,""score"":0},""V5_bo_expansion"":{""value"":0.4934219248495058,""score"":0},""_score"":1.76},""readiness"":{""_distance_atr"":0.508,""BR1_atr_distance"":{""score"":66.14639417536618},""BR2_compression"":{""score"":56.621640116628235},""BR3_retest"":{""score"":50.0},""BR4_bo_age"":{""score"":50.0},""_score"":58.11},""risk"":{""R1_stop_clarity"":{""score"":72.43575938247393},""R2_stop_distance_pct"":{""value"":3.906486941870256,""score"":100.0},""R3_stop_distance_atr"":{""value"":0.36791993017693736,""score"":43.39599650884687},""R4_rr_potential"":{""value"":5.003234850118619,""score"":100.0},""_score"":81.86},""market"":{""M1_spy_regime"":{""score"":100.0},""M3_earnings_risk"":{""value"":null,""score"":80.0},""M4_vix"":{""value"":null,""score"":60.0},""_score"":84.0},""liquidity"":{""L1_price"":{""value"":11.87,""score"":100.0},""L2_dollar_vol"":{""value"":217995966.66002846,""score"":100.0},""L3_spread_proxy"":{""value"":0.06823925863521488,""score"":31.76074136478512},""L4_volume_zscore"":{""value"":-1.0849585651713234,""score"":100.0},""_score"":93.18},""pattern_structure"":{""pole_low"":10.83,""pole_low_idx"":30,""peak_price"":12.51,""peak_idx"":41,""pole_gain"":0.15512465373961215,""flag_bars"":18,""flag_low"":11.58,""flag_high"":12.48,""structural_low"":11.58,""current_price"":11.79,""neckline_distance_pct"":0.061068702290076396,""base_bars"":18},""pattern_geometry_features"":{""pole_gain"":0.15512465373961215,""pullback_pct"":0.07434052757793763,""flag_range_pct"":0.07194244604316549,""flag_drift_per_bar"":-0.0020708284206499743,""atr_pct"":0.10617763870501869,""pole_atr_multiple"":1.4609917458286807},""_schema_version"":""1.0""}",,,,,,,,,,
