run_id,asof,ticker,pattern,pattern_state,final_score,trend,geometry,compression,sr_quality,volume,readiness,risk,market,liquidity,comp_trend,comp_geometry,comp_compression,comp_sr,comp_volume,comp_readiness,comp_risk,comp_market,comp_liquidity,veto_triggered,veto_reasons,price,trigger,invalid_below,measured_move_target,features_json,note,ret_1h,ret_eod,ret_1d,ret_3d,ret_5d,max_dd_5d,max_fav_5d,touched_invalid_5d,post_hoc_tag
20260508T185417Z-990aff,2026-05-08T18:54:17.243985+00:00,MSTR,double_bottom,candidate,68.89,91.5,76.3,55.5,58.3,44.6,53.1,61.1,84.0,94.5,13.73,19.07,4.44,8.17,5.8,4.24,3.67,5.04,4.73,False,,186.56,188.26,173.0842,200.8,"{""trend"":{""T1_ema_stack"":{""value"":[true,true,false],""score"":66.66666666666666},""T2_ema50_slope"":{""value"":0.49374319524435556,""score"":100},""T3_high_proximity"":{""value"":0.9981808453718566,""score"":99.09042268592827},""T4_rs_1m"":{""value"":0.3630189121747729,""score"":100},""T5_rs_3m"":{""value"":0.31471113831633946,""score"":100},""T6_adr_healthy"":{""value"":5.559251729750357,""score"":100.0},""_score"":91.53},""geometry"":{""sub_low_similarity"":63.7,""sub_bounce_quality"":59.1,""sub_separation_fit"":100.0,""sub_right_bottom_reaction"":68.9,""sub_base_context"":100.0,""_score"":76.27},""compression"":{""VC1_atr_ratio"":{""value"":0.6567816970089989,""score"":85.80457574775026},""VC2_range_contraction"":{""value"":0.857915380697632,""score"":23.680769883728008},""VC3_range_pct_rank"":{""score"":51.66666666666666},""_score"":55.53},""sr_quality"":{""SR1_touches"":{""value"":2,""score"":25.0},""SR2_tightness"":{""value"":0.10500000000000398,""score"":97.94498429380846},""SR3_recency"":{""value"":226,""score"":0.0},""SR4_price_location"":{""score"":84.61194994740532},""SR5_reaction"":{""value"":3.3457612854612524,""score"":100},""_score"":58.34,""_levels_found"":7,""_target_level"":190.305},""volume"":{""V1_rvol_day"":{""value"":0.5863491635641267,""score"":5.756610904275114},""V2_rvol_sameslot"":{""value"":1.4965345372862482,""score"":66.43563581908322,""status"":""ok""},""V3_breakout_bar"":{""value"":1.31192509173869,""score"":54.128339449246},""V4_base_dryup"":{""value"":0.6678912238813991,""score"":83.2108776118601},""V5_bo_expansion"":{""value"":0.5863491635641267,""score"":0},""_score"":44.61},""readiness"":{""_distance_atr"":0.166,""BR1_atr_distance"":{""score"":88.90943904595088},""BR2_compression"":{""score"":0},""BR3_retest"":{""score"":50.0},""BR4_bo_age"":{""score"":50.0},""_score"":53.06},""risk"":{""R1_stop_clarity"":{""score"":48.41323430114809},""R2_stop_distance_pct"":{""value"":7.223306174957115,""score"":100.0},""R3_stop_distance_atr"":{""value"":1.3187133644521416,""score"":90.93566822260708},""R4_rr_potential"":{""value"":1.056709063654847,""score"":2.8354531827423535},""_score"":61.15},""market"":{""M1_spy_regime"":{""score"":100.0},""M3_earnings_risk"":{""value"":null,""score"":80.0},""M4_vix"":{""value"":null,""score"":60.0},""_score"":84.0},""liquidity"":{""L1_price"":{""value"":186.56,""score"":100.0},""L2_dollar_vol"":{""value"":2064696966.289246,""score"":100.0},""L3_spread_proxy"":{""value"":0.05451329331046321,""score"":45.48670668953679},""L4_volume_zscore"":{""value"":-0.848403379823597,""score"":100.0},""_score"":94.55},""pattern_structure"":{""left_low"":178.94,""left_idx"":63,""right_low"":175.72,""right_idx"":73,""separation_bars"":10,""structural_low"":175.72,""current_price"":187.275,""neckline_distance_pct"":0.005259644907221921,""base_bars"":10},""pattern_geometry_features"":{""low_similarity_pct"":0.018158236057068736,""bounce_pct"":0.0713635328932392,""right_bottom_reaction"":0.6885245901639322,""atr_pct"":0.05477540737564323},""_schema_version"":""1.0""}",,,,,,,,,,
20260508T185417Z-990aff,2026-05-08T18:54:17.243985+00:00,VSAT,double_bottom,setup,68.85,100.0,77.4,74.9,49.6,32.6,57.5,51.6,84.0,91.5,15.0,19.36,5.99,6.95,4.24,4.6,3.1,5.04,4.57,False,,69.455,68.9199,63.1532,73.7249,"{""trend"":{""T1_ema_stack"":{""value"":[true,true,true],""score"":100.0},""T2_ema50_slope"":{""value"":0.6171191596596978,""score"":100},""T3_high_proximity"":{""value"":1.0,""score"":99.99999999999997},""T4_rs_1m"":{""value"":0.16917283708861675,""score"":100},""T5_rs_3m"":{""value"":0.5976558164432515,""score"":100},""T6_adr_healthy"":{""value"":4.841836598136031,""score"":100.0},""_score"":100.0},""geometry"":{""sub_low_similarity"":80.9,""sub_bounce_quality"":64.2,""sub_separation_fit"":100.0,""sub_right_bottom_reaction"":35.4,""sub_base_context"":100.0,""_score"":77.42},""compression"":{""VC1_atr_ratio"":{""value"":0.5858366653096853,""score"":100},""VC2_range_contraction"":{""value"":0.755049909083554,""score"":40.82501515274101},""VC3_range_pct_rank"":{""score"":82.5},""_score"":74.91},""sr_quality"":{""SR1_touches"":{""value"":3,""score"":50.0},""SR2_tightness"":{""value"":0.3151013946159069,""score"":80.93797534564105},""SR3_recency"":{""value"":274,""score"":0.0},""SR4_price_location"":{""score"":30.0},""SR5_reaction"":{""value"":2.4712163146080037,""score"":100},""_score"":49.64,""_levels_found"":5,""_target_level"":49.8067},""volume"":{""V1_rvol_day"":{""value"":0.5998119191660366,""score"":6.65412794440244},""V2_rvol_sameslot"":{""value"":1.5072078941561913,""score"":67.14719294374608,""status"":""ok""},""V3_breakout_bar"":{""value"":0.9255651442113222,""score"":28.371009614088145},""V4_base_dryup"":{""value"":0.9611797174872276,""score"":53.882028251277234},""V5_bo_expansion"":{""value"":0.5998119191660366,""score"":0},""_score"":32.63},""readiness"":{""_distance_atr"":-0.162,""BR1_atr_distance"":{""score"":100.0},""BR2_compression"":{""score"":0},""BR3_retest"":{""score"":50.0},""BR4_bo_age"":{""score"":50.0},""_score"":57.5},""risk"":{""R1_stop_clarity"":{""score"":41.82064128905986},""R2_stop_distance_pct"":{""value"":9.073246706500598,""score"":73.16883233748506},""R3_stop_distance_atr"":{""value"":1.9061406419804265,""score"":100.0},""R4_rr_potential"":{""value"":0.6775657871090803,""score"":0.0},""_score"":51.59},""market"":{""M1_spy_regime"":{""score"":100.0},""M3_earnings_risk"":{""value"":null,""score"":80.0},""M4_vix"":{""value"":null,""score"":60.0},""_score"":84.0},""liquidity"":{""L1_price"":{""value"":69.455,""score"":100.0},""L2_dollar_vol"":{""value"":59283811.67947359,""score"":88.64680595145154},""L3_spread_proxy"":{""value"":0.0397379598301059,""score"":60.2620401698941},""L4_volume_zscore"":{""value"":-1.235293395211584,""score"":100.0},""_score"":91.48},""pattern_structure"":{""left_low"":64.1149,""left_idx"":46,""right_low"":64.73,""right_idx"":74,""separation_bars"":28,""structural_low"":64.1149,""current_price"":69.675,""neckline_distance_pct"":-0.010837459634015053,""base_bars"":28},""pattern_geometry_features"":{""low_similarity_pct"":0.009547913809549283,""bounce_pct"":0.0749435778578769,""right_bottom_reaction"":0.3541666666666625,""atr_pct"":0.04760009050052965},""_schema_version"":""1.0""}",,,,,,,,,,
20260508T185417Z-990aff,2026-05-08T18:54:17.243985+00:00,IRDM,double_bottom,breakout_confirmed,68.46,96.4,71.2,55.4,55.8,46.3,57.5,62.4,84.0,91.2,14.46,17.81,4.43,7.81,6.02,4.6,3.75,5.04,4.56,False,,41.31,41.02,37.9915,43.47,"{""trend"":{""T1_ema_stack"":{""value"":[true,true,true],""score"":100.0},""T2_ema50_slope"":{""value"":0.8976208156987866,""score"":100},""T3_high_proximity"":{""value"":0.9516240497581204,""score"":75.81202487906019},""T4_rs_1m"":{""value"":0.10745392772572848,""score"":100},""T5_rs_3m"":{""value"":0.9975682864672326,""score"":100},""T6_adr_healthy"":{""value"":6.346911120641085,""score"":100.0},""_score"":96.37},""geometry"":{""sub_low_similarity"":56.9,""sub_bounce_quality"":47.9,""sub_separation_fit"":100.0,""sub_right_bottom_reaction"":63.9,""sub_base_context"":100.0,""_score"":71.23},""compression"":{""VC1_atr_ratio"":{""value"":0.4565812241549512,""score"":100},""VC2_range_contraction"":{""value"":0.8327066899779468,""score"":27.88221833700886},""VC3_range_pct_rank"":{""score"":22.499999999999996},""_score"":55.38},""sr_quality"":{""SR1_touches"":{""value"":5,""score"":100},""SR2_tightness"":{""value"":0.3860580184376438,""score"":70.02463966963836},""SR3_recency"":{""value"":256,""score"":0.0},""SR4_price_location"":{""score"":30.0},""SR5_reaction"":{""value"":1.032263038070862,""score"":51.6131519035431},""_score"":55.75,""_levels_found"":4,""_target_level"":24.4853},""volume"":{""V1_rvol_day"":{""value"":0.6577871590542431,""score"":10.519143936949542},""V2_rvol_sameslot"":{""value"":1.862064600139422,""score"":90.80430667596147,""status"":""ok""},""V3_breakout_bar"":{""value"":1.7958955021691063,""score"":86.39303347794042},""V4_base_dryup"":{""value"":1.278580166399987,""score"":22.141983360001305},""V5_bo_expansion"":{""value"":0.6577871590542431,""score"":0},""_score"":46.29},""readiness"":{""_distance_atr"":-0.113,""BR1_atr_distance"":{""score"":100.0},""BR2_compression"":{""score"":0},""BR3_retest"":{""score"":50.0},""BR4_bo_age"":{""score"":50.0},""_score"":57.5},""risk"":{""R1_stop_clarity"":{""score"":55.078656857552495},""R2_stop_distance_pct"":{""value"":8.033284918905839,""score"":99.16787702735404},""R3_stop_distance_atr"":{""value"":1.2883391520643788,""score"":89.41695760321893},""R4_rr_potential"":{""value"":0.6508866824366071,""score"":0.0},""_score"":62.44},""market"":{""M1_spy_regime"":{""score"":100.0},""M3_earnings_risk"":{""value"":null,""score"":80.0},""M4_vix"":{""value"":null,""score"":60.0},""_score"":84.0},""liquidity"":{""L1_price"":{""value"":41.31,""score"":100.0},""L2_dollar_vol"":{""value"":72211661.05185694,""score"":92.93036674935982},""L3_spread_proxy"":{""value"":0.05979181796175257,""score"":40.20818203824743},""L4_volume_zscore"":{""value"":-0.8150212259625014,""score"":100.0},""_score"":91.19},""pattern_structure"":{""left_low"":38.57,""left_idx"":45,""right_low"":39.41,""right_idx"":74,""separation_bars"":29,""structural_low"":38.57,""current_price"":41.42,""neckline_distance_pct"":-0.00965717044905839,""base_bars"":29},""pattern_geometry_features"":{""low_similarity_pct"":0.021543985637342816,""bounce_pct"":0.06352087114337575,""right_bottom_reaction"":0.6392405063291121,""atr_pct"":0.06235380571981881},""_schema_version"":""1.0""}",,,,,,,,,,
20260508T185417Z-990aff,2026-05-08T18:54:17.243985+00:00,NVDA,breakout_retest_hold,setup,67.2,99.1,81.4,43.2,49.7,14.2,80.7,47.7,84.0,97.7,13.87,17.91,2.59,6.96,1.84,14.52,2.39,4.2,2.93,False,,215.35,214.2,212.1669,216.9101,"{""trend"":{""T1_ema_stack"":{""value"":[true,true,true],""score"":100.0},""T2_ema50_slope"":{""value"":0.3042701433928385,""score"":100},""T3_high_proximity"":{""value"":0.9941830940399796,""score"":97.09154701998979},""T4_rs_1m"":{""value"":0.08619931914036028,""score"":100},""T5_rs_3m"":{""value"":0.09354824979175658,""score"":96.77412489587829},""T6_adr_healthy"":{""value"":2.99355352540353,""score"":100.0},""_score"":99.08},""geometry"":{""sub_retest_depth"":51.3,""sub_retest_timing"":80.0,""sub_retest_freshness"":100.0,""sub_hold_quality"":100.0,""_score"":81.39},""compression"":{""VC1_atr_ratio"":{""value"":0.7329340476942084,""score"":66.76648807644789},""VC2_range_contraction"":{""value"":1.364093952904114,""score"":0},""VC3_range_pct_rank"":{""score"":65.83333333333333},""_score"":43.16},""sr_quality"":{""SR1_touches"":{""value"":3,""score"":50.0},""SR2_tightness"":{""value"":0.6923362108750947,""score"":81.19064150865334},""SR3_recency"":{""value"":234,""score"":0.0},""SR4_price_location"":{""score"":30.0},""SR5_reaction"":{""value"":3.126320637489576,""score"":100},""_score"":49.68,""_levels_found"":5,""_target_level"":196.9502},""volume"":{""V1_rvol_day"":{""value"":0.6304544161296208,""score"":8.696961075308057},""V2_rvol_sameslot"":{""value"":0.7128509509238312,""score"":14.190063394922081,""status"":""ok""},""V3_breakout_bar"":{""value"":0.42421221028640194,""score"":0},""V4_base_dryup"":{""value"":1.0193171916568982,""score"":48.06828083431019},""V5_bo_expansion"":{""value"":0.6304544161296208,""score"":0},""_score"":14.19},""readiness"":{""_distance_atr"":-0.156,""BR1_atr_distance"":{""score"":100.0},""BR2_compression"":{""score"":28.58209388015428},""BR3_retest"":{""score"":100},""BR4_bo_age"":{""score"":90},""_score"":80.65},""risk"":{""R1_stop_clarity"":{""score"":41.7763572818849},""R2_stop_distance_pct"":{""value"":1.4781054097980015,""score"":86.95263524495005},""R3_stop_distance_atr"":{""value"":0.4323915756055051,""score"":46.61957878027525},""R4_rr_potential"":{""value"":0.4901331586010072,""score"":0.0},""_score"":47.7},""market"":{""M1_spy_regime"":{""score"":100.0},""M3_earnings_risk"":{""value"":null,""score"":80.0},""M4_vix"":{""value"":null,""score"":60.0},""_score"":84.0},""liquidity"":{""L1_price"":{""value"":215.35,""score"":100.0},""L2_dollar_vol"":{""value"":20114096825.60794,""score"":100.0},""L3_spread_proxy"":{""value"":0.02280009287206884,""score"":77.19990712793116},""L4_volume_zscore"":{""value"":-1.4207239824621463,""score"":100.0},""_score"":97.72},""pattern_structure"":{""level"":214.2,""level_idx"":70,""breakout_idx"":75,""bo_peak_idx"":75,""bo_peak_price"":217.8,""retest_idx"":76,""retest_low"":214.31,""structural_low"":214.31,""current_price"":215.363,""neckline_distance_pct"":-0.005400184804260764,""base_bars"":9,""bars_since_breakout"":4},""pattern_geometry_features"":{""retest_depth_atr"":-0.0405882663012015,""bars_breakout_to_retest"":1.0,""bars_since_retest"":3.0,""current_above_level_atr"":0.4291286700753812,""bo_peak_excess_pct"":0.016806722689075737,""atr_pct"":0.03418441739361174},""_schema_version"":""1.0""}",,,,,,,,,,
20260508T185417Z-990aff,2026-05-08T18:54:17.243985+00:00,IREN,bull_flag,candidate,66.74,99.8,81.5,7.1,44.8,60.5,34.3,82.9,84.0,82.5,13.97,24.45,0.64,4.48,8.47,3.08,2.49,5.04,4.12,False,,61.4,65.61,57.0413,85.81,"{""trend"":{""T1_ema_stack"":{""value"":[true,true,true],""score"":100.0},""T2_ema50_slope"":{""value"":0.36853333201161775,""score"":100},""T3_high_proximity"":{""value"":1.0,""score"":99.99999999999997},""T4_rs_1m"":{""value"":0.5720189363814008,""score"":100},""T5_rs_3m"":{""value"":0.3999143299766754,""score"":100},""T6_adr_healthy"":{""value"":8.160419281726986,""score"":95.98951795682535},""_score"":99.8},""geometry"":{""sub_pole_impulse"":100.0,""sub_flag_tightness"":73.2,""sub_flag_shallowness"":47.2,""sub_flag_drift"":100,""sub_flag_duration"":87.5,""_score"":81.49},""compression"":{""VC1_atr_ratio"":{""value"":0.9537236738309914,""score"":11.56908154225214},""VC2_range_contraction"":{""value"":1.1009672211990202,""score"":0},""VC3_range_pct_rank"":{""score"":9.999999999999998},""_score"":7.13},""sr_quality"":{""SR1_touches"":{""value"":2,""score"":25.0},""SR2_tightness"":{""value"":0.03999999999999915,""score"":98.34461067312273},""SR3_recency"":{""value"":233,""score"":0.0},""SR4_price_location"":{""score"":30.0},""SR5_reaction"":{""value"":2.738634717652658,""score"":100},""_score"":44.75,""_levels_found"":5,""_target_level"":54.1},""volume"":{""V1_rvol_day"":{""value"":2.137075782849378,""score"":100},""V2_rvol_sameslot"":{""value"":3.1311847133420496,""score"":100,""status"":""ok""},""V3_breakout_bar"":{""value"":0.9196344081464739,""score"":27.975627209764927},""V4_base_dryup"":{""value"":1.3928680288665707,""score"":10.713197113342929},""V5_bo_expansion"":{""value"":2.137075782849378,""score"":75.80505218995853},""_score"":60.51},""readiness"":{""_distance_atr"":0.871,""BR1_atr_distance"":{""score"":41.92342444872086},""BR2_compression"":{""score"":0},""BR3_retest"":{""score"":50.0},""BR4_bo_age"":{""score"":50.0},""_score"":34.27},""risk"":{""R1_stop_clarity"":{""score"":64.05115153020041},""R2_stop_distance_pct"":{""value"":7.098778501628672,""score"":100.0},""R3_stop_distance_atr"":{""value"":0.901907836199227,""score"":70.09539180996136},""R4_rr_potential"":{""value"":5.6003579089855755,""score"":100.0},""_score"":82.93},""market"":{""M1_spy_regime"":{""score"":100.0},""M3_earnings_risk"":{""value"":null,""score"":80.0},""M4_vix"":{""value"":null,""score"":60.0},""_score"":84.0},""liquidity"":{""L1_price"":{""value"":61.4,""score"":100.0},""L2_dollar_vol"":{""value"":5734563582.2554865,""score"":100.0},""L3_spread_proxy"":{""value"":0.12540716612377856,""score"":0},""L4_volume_zscore"":{""value"":2.762047244730819,""score"":70.0},""_score"":82.5},""pattern_structure"":{""pole_low"":45.41,""pole_low_idx"":30,""peak_price"":65.61,""peak_idx"":55,""pole_gain"":0.4448359392204361,""flag_bars"":4,""flag_low"":57.91,""flag_high"":62.6,""structural_low"":57.91,""current_price"":62.02,""neckline_distance_pct"":0.057884553369880624,""base_bars"":4},""pattern_geometry_features"":{""pole_gain"":0.4448359392204361,""pullback_pct"":0.11736015851242193,""flag_range_pct"":0.07148300563938431,""flag_drift_per_bar"":0.005470088681070814,""atr_pct"":0.0787084690553746,""pole_atr_multiple"":5.651690911526637},""_schema_version"":""1.0""}",,,,,,,,,,
20260508T185417Z-990aff,2026-05-08T18:54:17.243985+00:00,ORCL,high_tight_pullback,candidate,66.66,91.4,83.2,54.8,46.4,18.9,46.0,74.3,84.0,96.0,10.97,29.14,5.48,3.71,2.64,4.14,0.74,5.04,4.8,False,,196.12,200.15,187.3569,238.54,"{""trend"":{""T1_ema_stack"":{""value"":[true,true,false],""score"":66.66666666666666},""T2_ema50_slope"":{""value"":0.2918991188441324,""score"":98.64985314068873},""T3_high_proximity"":{""value"":1.0,""score"":99.99999999999997},""T4_rs_1m"":{""value"":0.33784877587772133,""score"":100},""T5_rs_3m"":{""value"":0.3052653176953519,""score"":100},""T6_adr_healthy"":{""value"":4.633553949502085,""score"":100.0},""_score"":91.4},""geometry"":{""sub_pole_impulse"":100.0,""sub_flag_tightness"":66.5,""sub_flag_shallowness"":58.1,""sub_flag_drift"":100,""sub_flag_duration"":100.0,""_score"":83.25},""compression"":{""VC1_atr_ratio"":{""value"":0.6362700535692667,""score"":90.93248660768333},""VC2_range_contraction"":{""value"":0.9132265168119478,""score"":14.462247198008704},""VC3_range_pct_rank"":{""score"":53.333333333333336},""_score"":54.77},""sr_quality"":{""SR1_touches"":{""value"":2,""score"":25.0},""SR2_tightness"":{""value"":0.6600499999999982,""score"":85.81057477406515},""SR3_recency"":{""value"":309,""score"":0.0},""SR4_price_location"":{""score"":66.05035799605196},""SR5_reaction"":{""value"":1.267272281967358,""score"":63.363614098367904},""_score"":46.39,""_levels_found"":6,""_target_level"":201.0299},""volume"":{""V1_rvol_day"":{""value"":0.47331870365038237,""score"":0},""V2_rvol_sameslot"":{""value"":0.6020786412646799,""score"":6.805242750978661,""status"":""ok""},""V3_breakout_bar"":{""value"":0.4375961767204944,""score"":0},""V4_base_dryup"":{""value"":0.6235323982317589,""score"":87.64676017682412},""V5_bo_expansion"":{""value"":0.4733187036503824,""score"":0},""_score"":18.89},""readiness"":{""_distance_atr"":0.433,""BR1_atr_distance"":{""score"":71.1216909524442},""BR2_compression"":{""score"":0},""BR3_retest"":{""score"":50.0},""BR4_bo_age"":{""score"":50.0},""_score"":45.95},""risk"":{""R1_stop_clarity"":{""score"":38.66440635803935},""R2_stop_distance_pct"":{""value"":4.468259229043441,""score"":100.0},""R3_stop_distance_atr"":{""value"":0.9419291089209249,""score"":72.09645544604624},""R4_rr_potential"":{""value"":4.840725081734312,""score"":100.0},""_score"":74.35},""market"":{""M1_spy_regime"":{""score"":100.0},""M3_earnings_risk"":{""value"":null,""score"":80.0},""M4_vix"":{""value"":null,""score"":60.0},""_score"":84.0},""liquidity"":{""L1_price"":{""value"":196.12,""score"":100.0},""L2_dollar_vol"":{""value"":3087813972.6274104,""score"":100.0},""L3_spread_proxy"":{""value"":0.039720579237201674,""score"":60.279420762798324},""L4_volume_zscore"":{""value"":-1.5223138858377672,""score"":100.0},""_score"":96.03},""pattern_structure"":{""pole_low"":161.76,""pole_low_idx"":24,""peak_price"":200.15,""peak_idx"":49,""pole_gain"":0.2373269040553908,""flag_bars"":10,""flag_low"":190.21,""flag_high"":199.77,""structural_low"":190.21,""current_price"":196.38,""neckline_distance_pct"":0.019197474284550414,""base_bars"":10},""pattern_geometry_features"":{""pole_gain"":0.2373269040553908,""pullback_pct"":0.04966275293529852,""flag_range_pct"":0.047764176867349496,""flag_drift_per_bar"":0.0011659676508439059,""atr_pct"":0.047437319716791465,""pole_atr_multiple"":5.002957702337972},""_schema_version"":""1.0""}",,,,,,,,,,
20260508T185417Z-990aff,2026-05-08T18:54:17.243985+00:00,SGML,double_bottom,candidate,65.95,94.2,80.9,62.8,50.4,26.6,20.5,82.8,84.0,88.5,14.13,20.22,5.02,7.05,3.46,1.64,4.97,5.04,4.42,False,,21.94,24.48,20.488,28.16,"{""trend"":{""T1_ema_stack"":{""value"":[true,true,true],""score"":100.0},""T2_ema50_slope"":{""value"":1.1264030895237225,""score"":100},""T3_high_proximity"":{""value"":0.9276955602536999,""score"":63.84778012684994},""T4_rs_1m"":{""value"":0.5132068055834862,""score"":100},""T5_rs_3m"":{""value"":0.7274856350760706,""score"":100},""T6_adr_healthy"":{""value"":8.307708038162762,""score"":92.30729904593096},""_score"":94.19},""geometry"":{""sub_low_similarity"":53.4,""sub_bounce_quality"":100,""sub_separation_fit"":93.3,""sub_right_bottom_reaction"":72.4,""sub_base_context"":100.0,""_score"":80.88},""compression"":{""VC1_atr_ratio"":{""value"":0.3652867372716797,""score"":100},""VC2_range_contraction"":{""value"":0.7913656544098936,""score"":34.772390931684406},""VC3_range_pct_rank"":{""score"":42.50000000000001},""_score"":62.8},""sr_quality"":{""SR1_touches"":{""value"":3,""score"":50.0},""SR2_tightness"":{""value"":0.12970050972229077,""score"":85.81445004756047},""SR3_recency"":{""value"":274,""score"":0.0},""SR4_price_location"":{""score"":30.0},""SR5_reaction"":{""value"":2.643146568336406,""score"":100},""_score"":50.37,""_levels_found"":5,""_target_level"":16.7833},""volume"":{""V1_rvol_day"":{""value"":1.0317251660650462,""score"":35.44834440433641},""V2_rvol_sameslot"":{""value"":1.5593279388459533,""score"":70.62186258973023,""status"":""ok""},""V3_breakout_bar"":{""value"":0.6436266256841405,""score"":9.575108378942703},""V4_base_dryup"":{""value"":1.3668619416569865,""score"":13.313805834301348},""V5_bo_expansion"":{""value"":1.031725166065046,""score"":2.115011071003063},""_score"":26.59},""readiness"":{""_distance_atr"":1.389,""BR1_atr_distance"":{""score"":7.398727123110774},""BR2_compression"":{""score"":0},""BR3_retest"":{""score"":50.0},""BR4_bo_age"":{""score"":50.0},""_score"":20.46},""risk"":{""R1_stop_clarity"":{""score"":65.87606637292572},""R2_stop_distance_pct"":{""value"":6.618049225159534,""score"":100.0},""R3_stop_distance_atr"":{""value"":0.7940376863223033,""score"":64.70188431611517},""R4_rr_potential"":{""value"":4.283746556473823,""score"":100.0},""_score"":82.76},""market"":{""M1_spy_regime"":{""score"":100.0},""M3_earnings_risk"":{""value"":null,""score"":80.0},""M4_vix"":{""value"":null,""score"":60.0},""_score"":84.0},""liquidity"":{""L1_price"":{""value"":21.94,""score"":100.0},""L2_dollar_vol"":{""value"":82674526.66432987,""score"":95.8685858565425},""L3_spread_proxy"":{""value"":0.09845031905195989,""score"":1.5496809480401055},""L4_volume_zscore"":{""value"":0.0651344672956666,""score"":100.0},""_score"":88.5},""pattern_structure"":{""left_low"":20.8,""left_idx"":45,""right_low"":21.29,""right_idx"":76,""separation_bars"":31,""structural_low"":20.8,""current_price"":22.2,""neckline_distance_pct"":0.10270270270270276,""base_bars"":31},""pattern_geometry_features"":{""low_similarity_pct"":0.023283440247089494,""bounce_pct"":0.1769230769230769,""right_bottom_reaction"":0.7236227824463132,""atr_pct"":0.08334678994660763},""_schema_version"":""1.0""}",,,,,,,,,,
20260508T185417Z-990aff,2026-05-08T18:54:17.243985+00:00,SGML,inverse_head_shoulders,candidate,64.84,94.2,77.7,62.8,50.4,36.2,20.5,73.1,84.0,88.5,11.3,21.75,5.02,7.05,5.07,1.64,4.38,4.2,4.42,False,,21.94,24.48,19.8084,28.85,"{""trend"":{""T1_ema_stack"":{""value"":[true,true,true],""score"":100.0},""T2_ema50_slope"":{""value"":1.1264030895237225,""score"":100},""T3_high_proximity"":{""value"":0.9276955602536999,""score"":63.84778012684994},""T4_rs_1m"":{""value"":0.5132068055834862,""score"":100},""T5_rs_3m"":{""value"":0.7274856350760706,""score"":100},""T6_adr_healthy"":{""value"":8.307708038162762,""score"":92.30729904593096},""_score"":94.19},""geometry"":{""sub_head_depth"":65.8,""sub_shoulder_price_sym"":74.5,""sub_shoulder_time_sym"":84.6,""sub_right_shoulder_reaction"":72.4,""sub_base_context"":100.0,""_score"":77.68},""compression"":{""VC1_atr_ratio"":{""value"":0.3652867372716797,""score"":100},""VC2_range_contraction"":{""value"":0.7913656544098936,""score"":34.772390931684406},""VC3_range_pct_rank"":{""score"":42.50000000000001},""_score"":62.8},""sr_quality"":{""SR1_touches"":{""value"":3,""score"":50.0},""SR2_tightness"":{""value"":0.12970050972229077,""score"":85.81445004756047},""SR3_recency"":{""value"":274,""score"":0.0},""SR4_price_location"":{""score"":30.0},""SR5_reaction"":{""value"":2.643146568336406,""score"":100},""_score"":50.37,""_levels_found"":5,""_target_level"":16.7833},""volume"":{""V1_rvol_day"":{""value"":1.0317251660650462,""score"":35.44834440433641},""V2_rvol_sameslot"":{""value"":1.5593279388459533,""score"":70.62186258973023,""status"":""ok""},""V3_breakout_bar"":{""value"":0.6436266256841405,""score"":9.575108378942703},""V4_base_dryup"":{""value"":0.8867228877778333,""score"":61.32771122221668},""V5_bo_expansion"":{""value"":1.031725166065046,""score"":2.115011071003063},""_score"":36.19},""readiness"":{""_distance_atr"":1.389,""BR1_atr_distance"":{""score"":7.398727123110774},""BR2_compression"":{""score"":0},""BR3_retest"":{""score"":50.0},""BR4_bo_age"":{""score"":50.0},""_score"":20.46},""risk"":{""R1_stop_clarity"":{""score"":67.0080622480549},""R2_stop_distance_pct"":{""value"":9.715815861440294,""score"":57.104603463992646},""R3_stop_distance_atr"":{""value"":1.1657096653229588,""score"":83.28548326614793},""R4_rr_potential"":{""value"":3.2416203410503592,""score"":100.0},""_score"":73.08},""market"":{""M1_spy_regime"":{""score"":100.0},""M3_earnings_risk"":{""value"":null,""score"":80.0},""M4_vix"":{""value"":null,""score"":60.0},""_score"":84.0},""liquidity"":{""L1_price"":{""value"":21.94,""score"":100.0},""L2_dollar_vol"":{""value"":82674526.66432987,""score"":95.8685858565425},""L3_spread_proxy"":{""value"":0.09845031905195989,""score"":1.5496809480401055},""L4_volume_zscore"":{""value"":0.0651344672956666,""score"":100.0},""_score"":88.5},""pattern_structure"":{""left_shoulder"":20.86,""left_shoulder_idx"":71,""head"":20.11,""head_idx"":83,""right_shoulder"":21.29,""right_shoulder_idx"":96,""left_to_head_bars"":12,""head_to_right_bars"":13,""structural_low"":20.11,""current_price"":22.2,""neckline_distance_pct"":0.10270270270270276,""base_bars"":25},""pattern_geometry_features"":{""head_depth_pct"":0.0457888493475682,""shoulder_price_asymmetry"":0.020403321470937118,""shoulder_time_asymmetry"":0.07692307692307693,""right_shoulder_reaction"":0.7236227824463132,""atr_pct"":0.08334678994660763},""_schema_version"":""1.0""}",,,,,,,,,,
20260508T185417Z-990aff,2026-05-08T18:54:17.243985+00:00,CW,breakout_retest_hold,setup,64.1,70.4,80.0,64.1,64.0,22.3,67.0,51.6,84.0,70.2,9.85,17.6,3.85,8.96,2.89,12.07,2.58,4.2,2.11,False,,729.15,723.7008,712.1169,734.9081,"{""trend"":{""T1_ema_stack"":{""value"":[true,true,true],""score"":100.0},""T2_ema50_slope"":{""value"":0.15464056675341425,""score"":75.77342779223571},""T3_high_proximity"":{""value"":0.9815046642167751,""score"":90.7523321083875},""T4_rs_1m"":{""value"":-0.07557764790674404,""score"":0},""T5_rs_3m"":{""value"":0.05501228942417202,""score"":77.50614471208601},""T6_adr_healthy"":{""value"":2.7715132322391764,""score"":100.0},""_score"":70.39},""geometry"":{""sub_retest_depth"":100.0,""sub_retest_timing"":0.0,""sub_retest_freshness"":100.0,""sub_hold_quality"":100.0,""_score"":80.0},""compression"":{""VC1_atr_ratio"":{""value"":0.43999667332479964,""score"":100},""VC2_range_contraction"":{""value"":0.88303629100367,""score"":19.493951499388338},""VC3_range_pct_rank"":{""score"":69.16666666666667},""_score"":64.11},""sr_quality"":{""SR1_touches"":{""value"":5,""score"":100},""SR2_tightness"":{""value"":2.57040347027466,""score"":76.48808984357673},""SR3_recency"":{""value"":239,""score"":0.0},""SR4_price_location"":{""score"":30.0},""SR5_reaction"":{""value"":2.6184451971982257,""score"":100},""_score"":63.97,""_levels_found"":7,""_target_level"":713.366},""volume"":{""V1_rvol_day"":{""value"":0.49943919714069507,""score"":0},""V2_rvol_sameslot"":{""value"":0.8221890734793709,""score"":21.47927156529139,""status"":""ok""},""V3_breakout_bar"":{""value"":0.5343230916056061,""score"":2.2882061070404065},""V4_base_dryup"":{""value"":0.6302010052687502,""score"":86.97989947312497},""V5_bo_expansion"":{""value"":0.49943919714069523,""score"":0},""_score"":22.26},""readiness"":{""_distance_atr"":-0.249,""BR1_atr_distance"":{""score"":100.0},""BR2_compression"":{""score"":18.15307958980354},""BR3_retest"":{""score"":89.95915463188038},""BR4_bo_age"":{""score"":30.0},""_score"":67.03},""risk"":{""R1_stop_clarity"":{""score"":34.20351205482322},""R2_stop_distance_pct"":{""value"":2.3360213947747366,""score"":100.0},""R3_stop_distance_atr"":{""value"":0.7790230629485176,""score"":63.95115314742588},""R4_rr_potential"":{""value"":0.338053135198106,""score"":0.0},""_score"":51.56},""market"":{""M1_spy_regime"":{""score"":100.0},""M3_earnings_risk"":{""value"":null,""score"":80.0},""M4_vix"":{""value"":null,""score"":60.0},""_score"":84.0},""liquidity"":{""L1_price"":{""value"":729.15,""score"":0.0},""L2_dollar_vol"":{""value"":78693902.7908991,""score"":94.79705422478429},""L3_spread_proxy"":{""value"":0.026770760474524986,""score"":73.22923952547501},""L4_volume_zscore"":{""value"":-1.3724480621030892,""score"":100.0},""_score"":70.24},""pattern_structure"":{""level"":723.7008,""level_idx"":52,""breakout_idx"":57,""bo_peak_idx"":69,""bo_peak_price"":750.0,""retest_idx"":74,""retest_low"":719.31,""structural_low"":719.31,""current_price"":730.17,""neckline_distance_pct"":-0.008859854554418836,""base_bars"":27,""bars_since_breakout"":22},""pattern_geometry_features"":{""retest_depth_atr"":0.3917806071429265,""bars_breakout_to_retest"":17.0,""bars_since_retest"":5.0,""current_above_level_atr"":0.5772312798872673,""bo_peak_excess_pct"":0.03633987968508539,""atr_pct"":0.029986549896650675},""_schema_version"":""1.0""}",,,,,,,,,,
20260508T185417Z-990aff,2026-05-08T18:54:17.243985+00:00,APP,double_bottom,candidate,63.88,77.0,76.2,43.4,62.8,39.9,17.5,81.6,84.0,90.0,11.55,19.05,3.47,8.79,5.19,1.4,4.89,5.04,4.5,False,,470.11,512.6899,434.8775,583.8798,"{""trend"":{""T1_ema_stack"":{""value"":[true,true,false],""score"":66.66666666666666},""T2_ema50_slope"":{""value"":0.09180514386452072,""score"":65.30085731075346},""T3_high_proximity"":{""value"":0.908899329118574,""score"":54.44966455928696},""T4_rs_1m"":{""value"":0.15518388938194438,""score"":100},""T5_rs_3m"":{""value"":0.08792489543654791,""score"":93.96244771827395},""T6_adr_healthy"":{""value"":5.4100832787133415,""score"":100.0},""_score"":76.99},""geometry"":{""sub_low_similarity"":73.1,""sub_bounce_quality"":100,""sub_separation_fit"":0.0,""sub_right_bottom_reaction"":95.3,""sub_base_context"":100.0,""_score"":76.22},""compression"":{""VC1_atr_ratio"":{""value"":0.4814445661699877,""score"":100},""VC2_range_contraction"":{""value"":0.9675674511031098,""score"":5.405424816148363},""VC3_range_pct_rank"":{""score"":5.833333333333335},""_score"":43.35},""sr_quality"":{""SR1_touches"":{""value"":4,""score"":75.0},""SR2_tightness"":{""value"":7.3639166718533735,""score"":46.99709708143103},""SR3_recency"":{""value"":236,""score"":0.0},""SR4_price_location"":{""score"":72.86068322075907},""SR5_reaction"":{""value"":3.826991088793823,""score"":100},""_score"":62.76,""_levels_found"":6,""_target_level"":484.0725},""volume"":{""V1_rvol_day"":{""value"":1.3208950656326885,""score"":54.726337708845904},""V2_rvol_sameslot"":{""value"":1.3320584335475916,""score"":55.470562236506105,""status"":""ok""},""V3_breakout_bar"":{""value"":0.3342448438035814,""score"":0},""V4_base_dryup"":{""value"":0.7658360957815747,""score"":73.41639042184252},""V5_bo_expansion"":{""value"":1.3208950656326885,""score"":21.393004375512568},""_score"":39.93},""readiness"":{""_distance_atr"":1.532,""BR1_atr_distance"":{""score"":0},""BR2_compression"":{""score"":0},""BR3_retest"":{""score"":50.0},""BR4_bo_age"":{""score"":50.0},""_score"":17.5},""risk"":{""R1_stop_clarity"":{""score"":52.33355560365413},""R2_stop_distance_pct"":{""value"":7.494522558550129,""score"":100.0},""R3_stop_distance_atr"":{""value"":1.2679562115471923,""score"":88.39781057735962},""R4_rr_potential"":{""value"":3.2291151635563717,""score"":100.0},""_score"":81.58},""market"":{""M1_spy_regime"":{""score"":100.0},""M3_earnings_risk"":{""value"":null,""score"":80.0},""M4_vix"":{""value"":null,""score"":60.0},""_score"":84.0},""liquidity"":{""L1_price"":{""value"":470.11,""score"":100.0},""L2_dollar_vol"":{""value"":2728800491.7862244,""score"":100.0},""L3_spread_proxy"":{""value"":0.10109336112824653,""score"":0},""L4_volume_zscore"":{""value"":0.599985946769231,""score"":100.0},""_score"":90.0},""pattern_structure"":{""left_low"":441.5,""left_idx"":28,""right_low"":447.475,""right_idx"":76,""separation_bars"":48,""structural_low"":441.5,""current_price"":470.6125,""neckline_distance_pct"":0.08940986480384595,""base_bars"":48},""pattern_geometry_features"":{""low_similarity_pct"":0.013442447762873023,""bounce_pct"":0.16124552661381647,""right_bottom_reaction"":0.9530376874344092,""atr_pct"":0.05910710867061508},""_schema_version"":""1.0""}",,,,,,,,,,
20260508T185417Z-990aff,2026-05-08T18:54:17.243985+00:00,UUUU,double_bottom,candidate,63.51,83.8,74.0,43.5,54.3,32.4,45.1,66.5,84.0,90.0,12.57,18.51,3.48,7.61,4.21,3.61,3.99,5.04,4.5,False,,21.89,22.76,19.961,25.255,"{""trend"":{""T1_ema_stack"":{""value"":[true,true,true],""score"":100.0},""T2_ema50_slope"":{""value"":0.2797566074888784,""score"":96.6261012481464},""T3_high_proximity"":{""value"":0.9306972789115646,""score"":65.34863945578229},""T4_rs_1m"":{""value"":0.11011513115112392,""score"":100},""T5_rs_3m"":{""value"":-0.0363577267278663,""score"":31.82113663606685},""T6_adr_healthy"":{""value"":8.107174350870821,""score"":97.32064122822948},""_score"":83.77},""geometry"":{""sub_low_similarity"":62.4,""sub_bounce_quality"":100,""sub_separation_fit"":26.7,""sub_right_bottom_reaction"":75.4,""sub_base_context"":100.0,""_score"":74.03},""compression"":{""VC1_atr_ratio"":{""value"":0.5749220224183281,""score"":100},""VC2_range_contraction"":{""value"":1.086129152119026,""score"":0},""VC3_range_pct_rank"":{""score"":14.166666666666671},""_score"":43.54},""sr_quality"":{""SR1_touches"":{""value"":3,""score"":50.0},""SR2_tightness"":{""value"":0.32484531703566244,""score"":65.32169388113576},""SR3_recency"":{""value"":234,""score"":0.0},""SR4_price_location"":{""score"":58.112726932569636},""SR5_reaction"":{""value"":2.132717214349166,""score"":100},""_score"":54.33,""_levels_found"":5,""_target_level"":23.5532},""volume"":{""V1_rvol_day"":{""value"":0.8629296729593943,""score"":24.195311530626284},""V2_rvol_sameslot"":{""value"":1.3650370022012368,""score"":57.66913348008246,""status"":""ok""},""V3_breakout_bar"":{""value"":0.46481761035299385,""score"":0},""V4_base_dryup"":{""value"":0.6980748517116272,""score"":80.19251482883728},""V5_bo_expansion"":{""value"":0.8629296729593943,""score"":0},""_score"":32.41},""readiness"":{""_distance_atr"":0.464,""BR1_atr_distance"":{""score"":69.04154609263895},""BR2_compression"":{""score"":0},""BR3_retest"":{""score"":50.0},""BR4_bo_age"":{""score"":50.0},""_score"":45.12},""risk"":{""R1_stop_clarity"":{""score"":67.54966887417206},""R2_stop_distance_pct"":{""value"":8.812128825947926,""score"":79.69677935130184},""R3_stop_distance_atr"":{""value"":1.0296221314819267,""score"":76.48110657409633},""R4_rr_potential"":{""value"":1.7444497725475965,""score"":37.222488627379825},""_score"":66.47},""market"":{""M1_spy_regime"":{""score"":100.0},""M3_earnings_risk"":{""value"":null,""score"":80.0},""M4_vix"":{""value"":null,""score"":60.0},""_score"":84.0},""liquidity"":{""L1_price"":{""value"":21.89,""score"":100.0},""L2_dollar_vol"":{""value"":208238610.65026096,""score"":100.0},""L3_spread_proxy"":{""value"":0.11259022384650529,""score"":0},""L4_volume_zscore"":{""value"":-0.4603192312079928,""score"":100.0},""_score"":90.0},""pattern_structure"":{""left_low"":20.265,""left_idx"":21,""right_low"":20.65,""right_idx"":62,""separation_bars"":41,""structural_low"":20.265,""current_price"":21.975,""neckline_distance_pct"":0.03572241183162685,""base_bars"":41},""pattern_geometry_features"":{""low_similarity_pct"":0.01881950384944387,""bounce_pct"":0.12311867752282264,""right_bottom_reaction"":0.7538461538461503,""atr_pct"":0.08558604711871044},""_schema_version"":""1.0""}",,,,,,,,,,
20260508T185417Z-990aff,2026-05-08T18:54:17.243985+00:00,MRVL,double_bottom,candidate,63.43,98.3,88.0,41.3,38.3,1.9,45.4,71.2,84.0,96.3,14.74,22.01,3.31,5.36,0.24,3.64,4.27,5.04,4.82,False,,168.25,175.8,156.1718,193.05,"{""trend"":{""T1_ema_stack"":{""value"":[true,true,true],""score"":100.0},""T2_ema50_slope"":{""value"":1.0779320368036562,""score"":100},""T3_high_proximity"":{""value"":0.9773453383677025,""score"":88.67266918385126},""T4_rs_1m"":{""value"":0.3181478281719843,""score"":100},""T5_rs_3m"":{""value"":1.0278580223914975,""score"":100},""T6_adr_healthy"":{""value"":5.1114426470032965,""score"":100.0},""_score"":98.3},""geometry"":{""sub_low_similarity"":91.1,""sub_bounce_quality"":100,""sub_separation_fit"":100.0,""sub_right_bottom_reaction"":38.0,""sub_base_context"":100.0,""_score"":88.03},""compression"":{""VC1_atr_ratio"":{""value"":0.7561615728160725,""score"":60.959606795981855},""VC2_range_contraction"":{""value"":0.9880344179701102,""score"":1.9942636716483073},""VC3_range_pct_rank"":{""score"":65.0},""_score"":41.33},""sr_quality"":{""SR1_touches"":{""value"":2,""score"":25.0},""SR2_tightness"":{""value"":1.0587499999999963,""score"":77.51117045083872},""SR3_recency"":{""value"":253,""score"":0.0},""SR4_price_location"":{""score"":30.0},""SR5_reaction"":{""value"":1.5560305262439211,""score"":77.80152631219606},""_score"":38.3,""_levels_found"":4,""_target_level"":101.7113},""volume"":{""V1_rvol_day"":{""value"":0.4166039438572483,""score"":0},""V2_rvol_sameslot"":{""value"":0.5141579412029964,""score"":0.943862746866427,""status"":""ok""},""V3_breakout_bar"":{""value"":0.41903739271624657,""score"":0},""V4_base_dryup"":{""value"":1.4170562141253755,""score"":8.294378587462447},""V5_bo_expansion"":{""value"":0.41660394385724825,""score"":0},""_score"":1.85},""readiness"":{""_distance_atr"":0.802,""BR1_atr_distance"":{""score"":46.54367159506698},""BR2_compression"":{""score"":37.29190808909966},""BR3_retest"":{""score"":50.0},""BR4_bo_age"":{""score"":50.0},""_score"":45.44},""risk"":{""R1_stop_clarity"":{""score"":49.48376965733819},""R2_stop_distance_pct"":{""value"":7.178751857355124,""score"":100.0},""R3_stop_distance_atr"":{""value"":1.2827660236229426,""score"":89.13830118114713},""R4_rr_potential"":{""value"":2.0532775857429693,""score"":52.66387928714846},""_score"":71.22},""market"":{""M1_spy_regime"":{""score"":100.0},""M3_earnings_risk"":{""value"":null,""score"":80.0},""M4_vix"":{""value"":null,""score"":60.0},""_score"":84.0},""liquidity"":{""L1_price"":{""value"":168.25,""score"":100.0},""L2_dollar_vol"":{""value"":1811039068.8843458,""score"":100.0},""L3_spread_proxy"":{""value"":0.03684992570579488,""score"":63.15007429420512},""L4_volume_zscore"":{""value"":-1.8818818576522083,""score"":100.0},""_score"":96.32},""pattern_structure"":{""left_low"":159.26,""left_idx"":45,""right_low"":158.55,""right_idx"":74,""separation_bars"":29,""structural_low"":158.55,""current_price"":168.155,""neckline_distance_pct"":0.045464006422645836,""base_bars"":29},""pattern_geometry_features"":{""low_similarity_pct"":0.004468078411629461,""bounce_pct"":0.10879848628192998,""right_bottom_reaction"":0.3803914350573527,""atr_pct"":0.0559630651666313},""_schema_version"":""1.0""}",,,,,,,,,,
20260508T185417Z-990aff,2026-05-08T18:54:17.243985+00:00,UUUU,breakout_retest_hold,setup,63.37,83.8,71.9,43.5,54.3,30.6,64.0,64.3,84.0,90.0,11.73,15.81,2.61,7.61,3.98,11.52,3.22,4.2,2.7,False,,21.89,21.3174,21.0078,22.1989,"{""trend"":{""T1_ema_stack"":{""value"":[true,true,true],""score"":100.0},""T2_ema50_slope"":{""value"":0.2797566074888784,""score"":96.6261012481464},""T3_high_proximity"":{""value"":0.9306972789115646,""score"":65.34863945578229},""T4_rs_1m"":{""value"":0.11011513115112392,""score"":100},""T5_rs_3m"":{""value"":-0.0363577267278663,""score"":31.82113663606685},""T6_adr_healthy"":{""value"":8.107174350870821,""score"":97.32064122822948},""_score"":83.77},""geometry"":{""sub_retest_depth"":72.9,""sub_retest_timing"":0.0,""sub_retest_freshness"":100.0,""sub_hold_quality"":100.0,""_score"":71.87},""compression"":{""VC1_atr_ratio"":{""value"":0.5749220224183281,""score"":100},""VC2_range_contraction"":{""value"":1.086129152119026,""score"":0},""VC3_range_pct_rank"":{""score"":14.166666666666671},""_score"":43.54},""sr_quality"":{""SR1_touches"":{""value"":3,""score"":50.0},""SR2_tightness"":{""value"":0.32484531703566244,""score"":65.32169388113576},""SR3_recency"":{""value"":234,""score"":0.0},""SR4_price_location"":{""score"":58.112726932569636},""SR5_reaction"":{""value"":2.132717214349166,""score"":100},""_score"":54.33,""_levels_found"":5,""_target_level"":23.5532},""volume"":{""V1_rvol_day"":{""value"":0.8629296729593943,""score"":24.195311530626284},""V2_rvol_sameslot"":{""value"":1.3650370022012368,""score"":57.66913348008246,""status"":""ok""},""V3_breakout_bar"":{""value"":0.46481761035299385,""score"":0},""V4_base_dryup"":{""value"":0.7867893125895412,""score"":71.32106874104588},""V5_bo_expansion"":{""value"":0.8629296729593943,""score"":0},""_score"":30.64},""readiness"":{""_distance_atr"":-0.306,""BR1_atr_distance"":{""score"":100.0},""BR2_compression"":{""score"":0},""BR3_retest"":{""score"":97.40055740467503},""BR4_bo_age"":{""score"":30.0},""_score"":63.98},""risk"":{""R1_stop_clarity"":{""score"":77.34695200295867},""R2_stop_distance_pct"":{""value"":4.030150753768848,""score"":100.0},""R3_stop_distance_atr"":{""value"":0.47088875925989515,""score"":48.544437962994756},""R4_rr_potential"":{""value"":0.3501230689509954,""score"":0.0},""_score"":64.35},""market"":{""M1_spy_regime"":{""score"":100.0},""M3_earnings_risk"":{""value"":null,""score"":80.0},""M4_vix"":{""value"":null,""score"":60.0},""_score"":84.0},""liquidity"":{""L1_price"":{""value"":21.89,""score"":100.0},""L2_dollar_vol"":{""value"":208238610.65026096,""score"":100.0},""L3_spread_proxy"":{""value"":0.11259022384650529,""score"":0},""L4_volume_zscore"":{""value"":-0.4603192312079928,""score"":100.0},""_score"":90.0},""pattern_structure"":{""level"":21.3174,""level_idx"":26,""breakout_idx"":44,""bo_peak_idx"":70,""bo_peak_price"":25.79,""retest_idx"":77,""retest_low"":21.22,""structural_low"":21.22,""current_price"":21.975,""neckline_distance_pct"":-0.029924914675768015,""base_bars"":53,""bars_since_breakout"":35},""pattern_geometry_features"":{""retest_depth_atr"":0.1104961631025797,""bars_breakout_to_retest"":33.0,""bars_since_retest"":2.0,""current_above_level_atr"":0.7460192695714207,""bo_peak_excess_pct"":0.20980982671432727,""atr_pct"":0.08558604711871044},""_schema_version"":""1.0""}",,,,,,,,,,
20260508T185417Z-990aff,2026-05-08T18:54:17.243985+00:00,LRCX,high_tight_pullback,candidate,63.13,99.5,72.3,43.2,41.6,18.0,56.2,76.1,84.0,96.7,11.94,25.32,4.32,3.33,2.51,5.06,0.76,5.04,4.83,False,,295.28,297.995,278.8929,345.87,"{""trend"":{""T1_ema_stack"":{""value"":[true,true,true],""score"":100.0},""T2_ema50_slope"":{""value"":0.37419447320323984,""score"":100},""T3_high_proximity"":{""value"":0.9936400040380925,""score"":96.82000201904623},""T4_rs_1m"":{""value"":0.05638077765737037,""score"":100},""T5_rs_3m"":{""value"":0.21028135083674027,""score"":100},""T6_adr_healthy"":{""value"":3.8754710769982452,""score"":100.0},""_score"":99.52},""geometry"":{""sub_pole_impulse"":77.3,""sub_flag_tightness"":58.3,""sub_flag_shallowness"":47.9,""sub_flag_drift"":100,""sub_flag_duration"":100.0,""_score"":72.34},""compression"":{""VC1_atr_ratio"":{""value"":0.734255288364026,""score"":66.4361779089935},""VC2_range_contraction"":{""value"":1.0571697648354015,""score"":0},""VC3_range_pct_rank"":{""score"":66.66666666666667},""_score"":43.24},""sr_quality"":{""SR1_touches"":{""value"":2,""score"":25.0},""SR2_tightness"":{""value"":1.1699999999999875,""score"":83.05925279721438},""SR3_recency"":{""value"":233,""score"":0.0},""SR4_price_location"":{""score"":30.0},""SR5_reaction"":{""value"":1.8917167709777476,""score"":94.58583854888738},""_score"":41.65,""_levels_found"":8,""_target_level"":274.67},""volume"":{""V1_rvol_day"":{""value"":0.4616804679387111,""score"":0},""V2_rvol_sameslot"":{""value"":0.8246898968497864,""score"":21.645993123319094,""status"":""ok""},""V3_breakout_bar"":{""value"":0.7438680747644817,""score"":16.25787165096545},""V4_base_dryup"":{""value"":1.0215765759340474,""score"":47.842342406595264},""V5_bo_expansion"":{""value"":0.4616804679387111,""score"":0},""_score"":17.96},""readiness"":{""_distance_atr"":0.197,""BR1_atr_distance"":{""score"":86.89625964228946},""BR2_compression"":{""score"":15.843221336425461},""BR3_retest"":{""score"":50.0},""BR4_bo_age"":{""score"":50.0},""_score"":56.22},""risk"":{""R1_stop_clarity"":{""score"":38.505087653887706},""R2_stop_distance_pct"":{""value"":5.5496816580872315,""score"":100.0},""R3_stop_distance_atr"":{""value"":1.1863663183195332,""score"":84.31831591597665},""R4_rr_potential"":{""value"":3.0871844316566146,""score"":100.0},""_score"":76.12},""market"":{""M1_spy_regime"":{""score"":100.0},""M3_earnings_risk"":{""value"":null,""score"":80.0},""M4_vix"":{""value"":null,""score"":60.0},""_score"":84.0},""liquidity"":{""L1_price"":{""value"":295.28,""score"":100.0},""L2_dollar_vol"":{""value"":1279354139.8518784,""score"":100.0},""L3_spread_proxy"":{""value"":0.0335274993226769,""score"":66.4725006773231},""L4_volume_zscore"":{""value"":-2.0167254619828596,""score"":100.0},""_score"":96.65},""pattern_structure"":{""pole_low"":250.12,""pole_low_idx"":25,""peak_price"":297.995,""peak_idx"":49,""pole_gain"":0.1914081241004318,""flag_bars"":10,""flag_low"":283.14,""flag_high"":297.42,""structural_low"":283.14,""current_price"":295.42,""neckline_distance_pct"":0.008716403764132383,""base_bars"":10},""pattern_geometry_features"":{""pole_gain"":0.1914081241004318,""pullback_pct"":0.049849829695129175,""flag_range_pct"":0.047920267118575915,""flag_drift_per_bar"":0.004277525782501788,""atr_pct"":0.04677882010295316,""pole_atr_multiple"":4.091768960379318},""_schema_version"":""1.0""}",,,,,,,,,,
20260508T185417Z-990aff,2026-05-08T18:54:17.243985+00:00,ONTO,double_bottom,candidate,62.91,94.4,69.6,61.1,48.6,19.0,32.4,77.9,84.0,97.7,14.17,17.41,4.89,6.8,2.47,2.59,4.67,5.04,4.88,False,,285.05,309.7,269.3581,345.94,"{""trend"":{""T1_ema_stack"":{""value"":[true,true,true],""score"":100.0},""T2_ema50_slope"":{""value"":0.8240731441073524,""score"":100},""T3_high_proximity"":{""value"":0.9259078802052881,""score"":62.95394010264405},""T4_rs_1m"":{""value"":0.0694816392432358,""score"":100},""T5_rs_3m"":{""value"":0.2992145694408537,""score"":100},""T6_adr_healthy"":{""value"":4.707660974704879,""score"":100.0},""_score"":94.44},""geometry"":{""sub_low_similarity"":89.0,""sub_bounce_quality"":100,""sub_separation_fit"":0.0,""sub_right_bottom_reaction"":19.5,""sub_base_context"":100.0,""_score"":69.62},""compression"":{""VC1_atr_ratio"":{""value"":0.6718287670446429,""score"":82.04280823883927},""VC2_range_contraction"":{""value"":0.9226809325843378,""score"":12.886511235943699},""VC3_range_pct_rank"":{""score"":95.0},""_score"":61.08},""sr_quality"":{""SR1_touches"":{""value"":2,""score"":25.0},""SR2_tightness"":{""value"":3.1500000000000057,""score"":59.49371739290166},""SR3_recency"":{""value"":226,""score"":0.0},""SR4_price_location"":{""score"":68.56270496437861},""SR5_reaction"":{""value"":2.63805202439562,""score"":100},""_score"":48.56,""_levels_found"":6,""_target_level"":312.85},""volume"":{""V1_rvol_day"":{""value"":0.5380383283962875,""score"":2.535888559752501},""V2_rvol_sameslot"":{""value"":0.8975576685627784,""score"":26.503844570851893,""status"":""ok""},""V3_breakout_bar"":{""value"":0.6123973548773401,""score"":7.493156991822676},""V4_base_dryup"":{""value"":0.9342466532864937,""score"":56.57533467135063},""V5_bo_expansion"":{""value"":0.5380383283962876,""score"":0},""_score"":19.0},""readiness"":{""_distance_atr"":1.585,""BR1_atr_distance"":{""score"":0},""BR2_compression"":{""score"":59.596849064356604},""BR3_retest"":{""score"":50.0},""BR4_bo_age"":{""score"":50.0},""_score"":32.4},""risk"":{""R1_stop_clarity"":{""score"":47.2531045631567},""R2_stop_distance_pct"":{""value"":5.504964041396257,""score"":100.0},""R3_stop_distance_atr"":{""value"":1.0089214857814708,""score"":75.44607428907354},""R4_rr_potential"":{""value"":3.8803459109476774,""score"":100.0},""_score"":77.86},""market"":{""M1_spy_regime"":{""score"":100.0},""M3_earnings_risk"":{""value"":null,""score"":80.0},""M4_vix"":{""value"":null,""score"":60.0},""_score"":84.0},""liquidity"":{""L1_price"":{""value"":285.05,""score"":100.0},""L2_dollar_vol"":{""value"":149659414.81399727,""score"":100.0},""L3_spread_proxy"":{""value"":0.02329415891948776,""score"":76.70584108051224},""L4_volume_zscore"":{""value"":-1.4433511186325025,""score"":100.0},""_score"":97.67},""pattern_structure"":{""left_low"":274.97,""left_idx"":27,""right_low"":273.46,""right_idx"":74,""separation_bars"":47,""structural_low"":273.46,""current_price"":285.6,""neckline_distance_pct"":0.08438375350140044,""base_bars"":47},""pattern_geometry_features"":{""low_similarity_pct"":0.005506628010867559,""bounce_pct"":0.132523952314781,""right_bottom_reaction"":0.19454329774614162,""atr_pct"":0.05456285864635274},""_schema_version"":""1.0""}",,,,,,,,,,
20260508T185417Z-990aff,2026-05-08T18:54:17.243985+00:00,LSCC,double_bottom,candidate,62.81,99.9,54.7,48.1,56.7,36.3,66.1,41.7,84.0,96.5,14.98,13.68,3.85,7.93,4.72,5.29,2.5,5.04,4.83,False,,125.405,127.9462,111.4429,142.7524,"{""trend"":{""T1_ema_stack"":{""value"":[true,true,true],""score"":100.0},""T2_ema50_slope"":{""value"":0.5881883502266755,""score"":100},""T3_high_proximity"":{""value"":0.9986859918770408,""score"":99.34299593852036},""T4_rs_1m"":{""value"":0.0950843140860047,""score"":100},""T5_rs_3m"":{""value"":0.3833470736446425,""score"":100},""T6_adr_healthy"":{""value"":4.710437149455733,""score"":100.0},""_score"":99.9},""geometry"":{""sub_low_similarity"":12.7,""sub_bounce_quality"":100,""sub_separation_fit"":46.7,""sub_right_bottom_reaction"":26.0,""sub_base_context"":100.0,""_score"":54.71},""compression"":{""VC1_atr_ratio"":{""value"":0.6941866971634579,""score"":76.45332570913551},""VC2_range_contraction"":{""value"":1.0911233948423866,""score"":0},""VC3_range_pct_rank"":{""score"":70.0},""_score"":48.08},""sr_quality"":{""SR1_touches"":{""value"":2,""score"":25.0},""SR2_tightness"":{""value"":0.7986000000000004,""score"":76.84941789136387},""SR3_recency"":{""value"":227,""score"":0.0},""SR4_price_location"":{""score"":90.54609767477181},""SR5_reaction"":{""value"":2.4639165118000603,""score"":100},""_score"":56.66,""_levels_found"":7,""_target_level"":127.1476},""volume"":{""V1_rvol_day"":{""value"":0.6550773029947965,""score"":10.338486866319768},""V2_rvol_sameslot"":{""value"":1.6001083575551078,""score"":73.34055717034053,""status"":""ok""},""V3_breakout_bar"":{""value"":1.009084587670461,""score"":33.93897251136407},""V4_base_dryup"":{""value"":0.9474847499072488,""score"":55.25152500927511},""V5_bo_expansion"":{""value"":0.6550773029947965,""score"":0},""_score"":36.27},""readiness"":{""_distance_atr"":0.368,""BR1_atr_distance"":{""score"":75.44441971180142},""BR2_compression"":{""score"":73.65300892026438},""BR3_retest"":{""score"":50.0},""BR4_bo_age"":{""score"":50.0},""_score"":66.09},""risk"":{""R1_stop_clarity"":{""score"":50.80283884727461},""R2_stop_distance_pct"":{""value"":11.133607112954035,""score"":21.659822176149124},""R3_stop_distance_atr"":{""value"":2.023733674298701,""score"":100.0},""R4_rr_potential"":{""value"":1.2424635262603774,""score"":12.123176313018869},""_score"":41.7},""market"":{""M1_spy_regime"":{""score"":100.0},""M3_earnings_risk"":{""value"":null,""score"":80.0},""M4_vix"":{""value"":null,""score"":60.0},""_score"":84.0},""liquidity"":{""L1_price"":{""value"":125.405,""score"":100.0},""L2_dollar_vol"":{""value"":192028650.55983007,""score"":100.0},""L3_spread_proxy"":{""value"":0.034506598620469744,""score"":65.49340137953025},""L4_volume_zscore"":{""value"":-0.8057892602562419,""score"":100.0},""_score"":96.55},""pattern_structure"":{""left_low"":113.14,""left_idx"":36,""right_low"":118.19,""right_idx"":74,""separation_bars"":38,""structural_low"":113.14,""current_price"":124.46,""neckline_distance_pct"":0.02801060581713009,""base_bars"":38},""pattern_geometry_features"":{""low_similarity_pct"":0.04366057147797517,""bounce_pct"":0.1308661834894821,""right_bottom_reaction"":0.26030927835051343,""atr_pct"":0.05501517939020431},""_schema_version"":""1.0""}",,,,,,,,,,
20260508T185417Z-990aff,2026-05-08T18:54:17.243985+00:00,TSM,breakout_retest_hold,setup,62.44,94.8,75.8,45.2,42.9,22.4,61.0,56.1,84.0,96.1,13.27,16.67,2.71,6.0,2.92,10.99,2.8,4.2,2.88,False,,408.7401,406.129,396.8712,416.627,"{""trend"":{""T1_ema_stack"":{""value"":[true,true,true],""score"":100.0},""T2_ema50_slope"":{""value"":0.33253056337145626,""score"":100},""T3_high_proximity"":{""value"":0.9743506555423123,""score"":87.1753277711561},""T4_rs_1m"":{""value"":0.03358070007510605,""score"":83.58070007510605},""T5_rs_3m"":{""value"":0.10374694491642256,""score"":100},""T6_adr_healthy"":{""value"":2.9856688800509965,""score"":100.0},""_score"":94.79},""geometry"":{""sub_retest_depth"":85.9,""sub_retest_timing"":0.0,""sub_retest_freshness"":100.0,""sub_hold_quality"":100.0,""_score"":75.77},""compression"":{""VC1_atr_ratio"":{""value"":0.5463675501584859,""score"":100},""VC2_range_contraction"":{""value"":1.1164648090404823,""score"":0},""VC3_range_pct_rank"":{""score"":20.833333333333336},""_score"":45.21},""sr_quality"":{""SR1_touches"":{""value"":2,""score"":25.0},""SR2_tightness"":{""value"":1.0800000000000125,""score"":85.70660828307706},""SR3_recency"":{""value"":241,""score"":0.0},""SR4_price_location"":{""score"":30.0},""SR5_reaction"":{""value"":2.6307119801215966,""score"":100},""_score"":42.86,""_levels_found"":5,""_target_level"":381.08},""volume"":{""V1_rvol_day"":{""value"":0.8984107662672546,""score"":26.560717751150303},""V2_rvol_sameslot"":{""value"":1.0623733011075747,""score"":37.491553407171644,""status"":""ok""},""V3_breakout_bar"":{""value"":0.5148508947955882,""score"":0.990059653039214},""V4_base_dryup"":{""value"":1.0314345591678171,""score"":46.85654408321829},""V5_bo_expansion"":{""value"":0.8984107662672546,""score"":0},""_score"":22.43},""readiness"":{""_distance_atr"":-0.173,""BR1_atr_distance"":{""score"":100.0},""BR2_compression"":{""score"":0},""BR3_retest"":{""score"":82.63286733284075},""BR4_bo_age"":{""score"":30.0},""_score"":61.03},""risk"":{""R1_stop_clarity"":{""score"":46.94504748629617},""R2_stop_distance_pct"":{""value"":2.903776752024085,""score"":100.0},""R3_stop_distance_atr"":{""value"":0.7854020229119661,""score"":64.2701011455983},""R4_rr_potential"":{""value"":0.6645013438482155,""score"":0.0},""_score"":56.07},""market"":{""M1_spy_regime"":{""score"":100.0},""M3_earnings_risk"":{""value"":null,""score"":80.0},""M4_vix"":{""value"":null,""score"":60.0},""_score"":84.0},""liquidity"":{""L1_price"":{""value"":408.7401,""score"":100.0},""L2_dollar_vol"":{""value"":5266740873.720045,""score"":100.0},""L3_spread_proxy"":{""value"":0.03943826407049371,""score"":60.56173592950629},""L4_volume_zscore"":{""value"":-0.3384033169589213,""score"":100.0},""_score"":96.06},""pattern_structure"":{""level"":406.129,""level_idx"":57,""breakout_idx"":63,""bo_peak_idx"":69,""bo_peak_price"":420.0,""retest_idx"":78,""retest_low"":400.88,""structural_low"":400.88,""current_price"":409.6499,""neckline_distance_pct"":-0.008594900181838158,""base_bars"":22,""bars_since_breakout"":16},""pattern_geometry_features"":{""retest_depth_atr"":1.0986129424815196,""bars_breakout_to_retest"":15.0,""bars_since_retest"":1.0,""current_above_level_atr"":0.7369225203244707,""bo_peak_excess_pct"":0.03415417268897316,""atr_pct"":0.03697185221471683},""_schema_version"":""1.0""}",,,,,,,,,,
20260508T185417Z-990aff,2026-05-08T18:54:17.243985+00:00,DDOG,bull_flag,candidate,62.17,88.8,85.3,6.5,33.0,27.6,51.7,67.2,84.0,93.9,12.43,25.59,0.59,3.3,3.86,4.65,2.02,5.04,4.69,False,,196.33,198.6,176.778,265.67,"{""trend"":{""T1_ema_stack"":{""value"":[true,true,false],""score"":66.66666666666666},""T2_ema50_slope"":{""value"":0.2138973599700106,""score"":85.64955999500177},""T3_high_proximity"":{""value"":1.0,""score"":99.99999999999997},""T4_rs_1m"":{""value"":0.7167693507867929,""score"":100},""T5_rs_3m"":{""value"":0.6898800869865271,""score"":100},""T6_adr_healthy"":{""value"":5.083640092045137,""score"":100.0},""_score"":88.8},""geometry"":{""sub_pole_impulse"":100.0,""sub_flag_tightness"":71.4,""sub_flag_shallowness"":62.2,""sub_flag_drift"":100,""sub_flag_duration"":100.0,""_score"":85.29},""compression"":{""VC1_atr_ratio"":{""value"":1.0832221964305326,""score"":0},""VC2_range_contraction"":{""value"":0.9775555897052081,""score"":3.74073504913199},""VC3_range_pct_rank"":{""score"":20.833333333333336},""_score"":6.52},""sr_quality"":{""SR1_touches"":{""value"":2,""score"":25.0},""SR2_tightness"":{""value"":0.9400000000000119,""score"":81.97889778228131},""SR3_recency"":{""value"":328,""score"":0.0},""SR4_price_location"":{""score"":30.0},""SR5_reaction"":{""value"":0.756804814756489,""score"":37.84024073782445},""_score"":32.97,""_levels_found"":7,""_target_level"":151.015},""volume"":{""V1_rvol_day"":{""value"":1.2213503648348458,""score"":48.09002432232305},""V2_rvol_sameslot"":{""value"":1.6811498054214369,""score"":78.74332036142913,""status"":""ok""},""V3_breakout_bar"":{""value"":0.3384028529548642,""score"":0},""V4_base_dryup"":{""value"":1.6518040663637579,""score"":0},""V5_bo_expansion"":{""value"":1.2213503648348458,""score"":14.756690988989721},""_score"":27.58},""readiness"":{""_distance_atr"":0.218,""BR1_atr_distance"":{""score"":85.49365176091469},""BR2_compression"":{""score"":0},""BR3_retest"":{""score"":50.0},""BR4_bo_age"":{""score"":50.0},""_score"":51.7},""risk"":{""R1_stop_clarity"":{""score"":48.38967210084161},""R2_stop_distance_pct"":{""value"":9.95876840014262,""score"":51.03078999643449},""R3_stop_distance_atr"":{""value"":1.8741994234890553,""score"":100.0},""R4_rr_potential"":{""value"":3.546431192637085,""score"":100.0},""_score"":67.25},""market"":{""M1_spy_regime"":{""score"":100.0},""M3_earnings_risk"":{""value"":null,""score"":80.0},""M4_vix"":{""value"":null,""score"":60.0},""_score"":84.0},""liquidity"":{""L1_price"":{""value"":196.33,""score"":100.0},""L2_dollar_vol"":{""value"":1499015911.329063,""score"":100.0},""L3_spread_proxy"":{""value"":0.06107064636071924,""score"":38.92935363928076},""L4_volume_zscore"":{""value"":0.28354897427006215,""score"":100.0},""_score"":93.89},""pattern_structure"":{""pole_low"":131.53,""pole_low_idx"":24,""peak_price"":198.6,""peak_idx"":49,""pole_gain"":0.5099216908690032,""flag_bars"":10,""flag_low"":179.47,""flag_high"":196.85,""structural_low"":179.47,""current_price"":196.8,""neckline_distance_pct"":0.009146341463414547,""base_bars"":10},""pattern_geometry_features"":{""pole_gain"":0.5099216908690032,""pullback_pct"":0.09632426988922455,""flag_range_pct"":0.08751258811681771,""flag_drift_per_bar"":0.007989360064055238,""atr_pct"":0.05313611921618851,""pole_atr_multiple"":9.596517366922233},""_schema_version"":""1.0""}",,,,,,,,,,
20260508T185417Z-990aff,2026-05-08T18:54:17.243985+00:00,NXE,breakout_retest_hold,setup,61.99,63.2,80.0,57.3,53.6,21.3,66.5,60.6,84.0,87.7,8.85,17.6,3.44,7.51,2.76,11.96,3.03,4.2,2.63,False,,12.23,12.0989,11.8701,12.3466,"{""trend"":{""T1_ema_stack"":{""value"":[false,true,true],""score"":66.66666666666666},""T2_ema50_slope"":{""value"":0.1852258853013218,""score"":80.87098088355364},""T3_high_proximity"":{""value"":0.9195488721804511,""score"":59.774436090225535},""T4_rs_1m"":{""value"":-0.020350035065179517,""score"":29.64996493482048},""T5_rs_3m"":{""value"":0.03985814153969636,""score"":69.92907076984818},""T6_adr_healthy"":{""value"":5.089804754007349,""score"":100.0},""_score"":63.23},""geometry"":{""sub_retest_depth"":100.0,""sub_retest_timing"":0.0,""sub_retest_freshness"":100.0,""sub_hold_quality"":100.0,""_score"":80.0},""compression"":{""VC1_atr_ratio"":{""value"":0.5833827473394118,""score"":100},""VC2_range_contraction"":{""value"":1.0551902901310222,""score"":0},""VC3_range_pct_rank"":{""score"":69.16666666666667},""_score"":57.29},""sr_quality"":{""SR1_touches"":{""value"":4,""score"":75.0},""SR2_tightness"":{""value"":0.0919238815542511,""score"":73.73308551450644},""SR3_recency"":{""value"":234,""score"":0.0},""SR4_price_location"":{""score"":20.221606648199426},""SR5_reaction"":{""value"":2.2323934319158263,""score"":100},""_score"":53.62,""_levels_found"":5,""_target_level"":13.31},""volume"":{""V1_rvol_day"":{""value"":0.5740412823499972,""score"":4.936085489999812},""V2_rvol_sameslot"":{""value"":0.9496892828887638,""score"":29.979285525917582,""status"":""ok""},""V3_breakout_bar"":{""value"":0.5086017831030725,""score"":0.573452206871498},""V4_base_dryup"":{""value"":0.793459057057527,""score"":70.6540942942473},""V5_bo_expansion"":{""value"":0.5740412823499971,""score"":0},""_score"":21.26},""readiness"":{""_distance_atr"":-0.187,""BR1_atr_distance"":{""score"":100.0},""BR2_compression"":{""score"":14.1205806706697},""BR3_retest"":{""score"":92.22055536845971},""BR4_bo_age"":{""score"":30.0},""_score"":66.47},""risk"":{""R1_stop_clarity"":{""score"":65.7390115217016},""R2_stop_distance_pct"":{""value"":2.9427636958299237,""score"":100.0},""R3_stop_distance_atr"":{""value"":0.5142005735337632,""score"":50.71002867668817},""R4_rr_potential"":{""value"":0.3238994958917187,""score"":0.0},""_score"":60.62},""market"":{""M1_spy_regime"":{""score"":100.0},""M3_earnings_risk"":{""value"":null,""score"":80.0},""M4_vix"":{""value"":null,""score"":60.0},""_score"":84.0},""liquidity"":{""L1_price"":{""value"":12.23,""score"":100.0},""L2_dollar_vol"":{""value"":38843279.0691863,""score"":79.46579425121993},""L3_spread_proxy"":{""value"":0.04088307440719542,""score"":59.11692559280458},""L4_volume_zscore"":{""value"":-1.7000454930016515,""score"":100.0},""_score"":87.7},""pattern_structure"":{""level"":12.0989,""level_idx"":33,""breakout_idx"":40,""bo_peak_idx"":70,""bo_peak_price"":12.985,""retest_idx"":75,""retest_low"":11.99,""structural_low"":11.99,""current_price"":12.235,""neckline_distance_pct"":-0.011123825091949244,""base_bars"":46,""bars_since_breakout"":39},""pattern_geometry_features"":{""retest_depth_atr"":0.43969544903962715,""bars_breakout_to_retest"":35.0,""bars_since_retest"":4.0,""current_above_level_atr"":0.5495183711137989,""bo_peak_excess_pct"":0.07323806296440163,""atr_pct"":0.057229879686952485},""_schema_version"":""1.0""}",,,,,,,,,,
20260508T185417Z-990aff,2026-05-08T18:54:17.243985+00:00,NXPI,breakout_retest_hold,retest_hold,60.92,98.3,65.9,17.3,46.2,29.1,62.4,60.2,84.0,97.7,13.76,14.5,1.04,6.46,3.79,11.22,3.01,4.2,2.93,False,,296.75,292.85,285.5952,301.59,"{""trend"":{""T1_ema_stack"":{""value"":[true,true,true],""score"":100.0},""T2_ema50_slope"":{""value"":0.478682330158802,""score"":100},""T3_high_proximity"":{""value"":0.977598418711909,""score"":88.79920935595447},""T4_rs_1m"":{""value"":0.35809147027750265,""score"":100},""T5_rs_3m"":{""value"":0.2549552336854921,""score"":100},""T6_adr_healthy"":{""value"":3.507590463714144,""score"":100.0},""_score"":98.32},""geometry"":{""sub_retest_depth"":60.3,""sub_retest_timing"":0.0,""sub_retest_freshness"":100.0,""sub_hold_quality"":92.8,""_score"":65.93},""compression"":{""VC1_atr_ratio"":{""value"":1.3271713231340116,""score"":0},""VC2_range_contraction"":{""value"":1.295272942367839,""score"":0},""VC3_range_pct_rank"":{""score"":69.16666666666667},""_score"":17.29},""sr_quality"":{""SR1_touches"":{""value"":3,""score"":50.0},""SR2_tightness"":{""value"":1.755227114142836,""score"":74.74492063151142},""SR3_recency"":{""value"":293,""score"":0.0},""SR4_price_location"":{""score"":30.0},""SR5_reaction"":{""value"":1.6597130831002482,""score"":82.98565415501241},""_score"":46.16,""_levels_found"":5,""_target_level"":244.4267},""volume"":{""V1_rvol_day"":{""value"":0.870541788902225,""score"":24.702785926815},""V2_rvol_sameslot"":{""value"":1.4814630100345711,""score"":65.43086733563808,""status"":""ok""},""V3_breakout_bar"":{""value"":0.7006844365560922,""score"":13.378962437072817},""V4_base_dryup"":{""value"":1.1121760631253639,""score"":38.78239368746361},""V5_bo_expansion"":{""value"":0.870541788902225,""score"":0},""_score"":29.13},""readiness"":{""_distance_atr"":-0.281,""BR1_atr_distance"":{""score"":100.0},""BR2_compression"":{""score"":3.9588123614647994},""BR3_retest"":{""score"":84.28056746175099},""BR4_bo_age"":{""score"":30.0},""_score"":62.35},""risk"":{""R1_stop_clarity"":{""score"":58.492065001061384},""R2_stop_distance_pct"":{""value"":3.7589890480202075,""score"":100.0},""R3_stop_distance_atr"":{""value"":0.8025040095087382,""score"":65.12520047543691},""R4_rr_potential"":{""value"":0.4338939290708974,""score"":0.0},""_score"":60.24},""market"":{""M1_spy_regime"":{""score"":100.0},""M3_earnings_risk"":{""value"":null,""score"":80.0},""M4_vix"":{""value"":null,""score"":60.0},""_score"":84.0},""liquidity"":{""L1_price"":{""value"":296.75,""score"":100.0},""L2_dollar_vol"":{""value"":997265878.2952685,""score"":100.0},""L3_spread_proxy"":{""value"":0.02278011794439761,""score"":77.2198820556024},""L4_volume_zscore"":{""value"":-0.2623251336086781,""score"":100.0},""_score"":97.72},""pattern_structure"":{""level"":292.85,""level_idx"":37,""breakout_idx"":50,""bo_peak_idx"":67,""bo_peak_price"":302.99,""retest_idx"":74,""retest_low"":288.48,""structural_low"":288.48,""current_price"":296.465,""neckline_distance_pct"":-0.012193682222184584,""base_bars"":42,""bars_since_breakout"":29},""pattern_geometry_features"":{""retest_depth_atr"":1.2780527139296904,""bars_breakout_to_retest"":24.0,""bars_since_retest"":5.0,""current_above_level_atr"":1.0572449796008616,""bo_peak_excess_pct"":0.03462523476182341,""atr_pct"":0.04684075099289927},""_schema_version"":""1.0""}",,,,,,,,,,
20260508T185417Z-990aff,2026-05-08T18:54:17.243985+00:00,STM,double_bottom,breakout_confirmed,60.71,100.0,76.2,11.6,44.0,14.9,57.5,53.7,84.0,95.4,15.0,19.05,0.93,6.17,1.93,4.6,3.22,5.04,4.77,False,,58.775,58.01,53.7908,61.41,"{""trend"":{""T1_ema_stack"":{""value"":[true,true,true],""score"":100.0},""T2_ema50_slope"":{""value"":0.8569505092470278,""score"":100},""T3_high_proximity"":{""value"":1.0,""score"":99.99999999999997},""T4_rs_1m"":{""value"":0.4169068406788967,""score"":100},""T5_rs_3m"":{""value"":0.9010800117603648,""score"":100},""T6_adr_healthy"":{""value"":3.543048582828871,""score"":100.0},""_score"":100.0},""geometry"":{""sub_low_similarity"":78.5,""sub_bounce_quality"":46.1,""sub_separation_fit"":100.0,""sub_right_bottom_reaction"":56.1,""sub_base_context"":100.0,""_score"":76.19},""compression"":{""VC1_atr_ratio"":{""value"":0.9153997910541454,""score"":21.150052236463658},""VC2_range_contraction"":{""value"":1.1175043617610179,""score"":0},""VC3_range_pct_rank"":{""score"":12.5},""_score"":11.59},""sr_quality"":{""SR1_touches"":{""value"":3,""score"":50.0},""SR2_tightness"":{""value"":0.19510680835549116,""score"":84.54380921218346},""SR3_recency"":{""value"":265,""score"":0.0},""SR4_price_location"":{""score"":30.0},""SR5_reaction"":{""value"":1.183005611354742,""score"":59.1502805677371},""_score"":44.05,""_levels_found"":4,""_target_level"":34.86},""volume"":{""V1_rvol_day"":{""value"":0.6231359113383582,""score"":8.209060755890548},""V2_rvol_sameslot"":{""value"":1.0675931933637697,""score"":37.839546224251315,""status"":""ok""},""V3_breakout_bar"":{""value"":0.6928938563989654,""score"":12.859590426597691},""V4_base_dryup"":{""value"":1.3784804422869608,""score"":12.151955771303918},""V5_bo_expansion"":{""value"":0.6231359113383583,""score"":0},""_score"":14.86},""readiness"":{""_distance_atr"":-0.303,""BR1_atr_distance"":{""score"":100.0},""BR2_compression"":{""score"":0},""BR3_retest"":{""score"":50.0},""BR4_bo_age"":{""score"":50.0},""_score"":57.5},""risk"":{""R1_stop_clarity"":{""score"":35.10765313339928},""R2_stop_distance_pct"":{""value"":8.480051042109741,""score"":87.99872394725648},""R3_stop_distance_atr"":{""value"":1.9742000282925458,""score"":100.0},""R4_rr_potential"":{""value"":0.5286759026112774,""score"":0.0},""_score"":53.69},""market"":{""M1_spy_regime"":{""score"":100.0},""M3_earnings_risk"":{""value"":null,""score"":80.0},""M4_vix"":{""value"":null,""score"":60.0},""_score"":84.0},""liquidity"":{""L1_price"":{""value"":58.775,""score"":100.0},""L2_dollar_vol"":{""value"":447207660.01980156,""score"":100.0},""L3_spread_proxy"":{""value"":0.04593789876648228,""score"":54.06210123351772},""L4_volume_zscore"":{""value"":-0.9363287752162209,""score"":100.0},""_score"":95.41},""pattern_structure"":{""left_low"":54.61,""left_idx"":54,""right_low"":55.2,""right_idx"":74,""separation_bars"":20,""structural_low"":54.61,""current_price"":58.71,""neckline_distance_pct"":-0.011923011412025257,""base_bars"":20},""pattern_geometry_features"":{""low_similarity_pct"":0.010745833712776676,""bounce_pct"":0.06225965940303971,""right_bottom_reaction"":0.5607476635514002,""atr_pct"":0.04295436592331529},""_schema_version"":""1.0""}",,,,,,,,,,
20260508T185417Z-990aff,2026-05-08T18:54:17.243985+00:00,LRCX,double_bottom,candidate,60.69,99.5,65.4,43.2,41.6,17.6,56.2,57.5,84.0,96.7,14.93,16.36,3.46,5.83,2.29,4.5,3.45,5.04,4.83,False,,295.28,297.995,270.8257,321.04,"{""trend"":{""T1_ema_stack"":{""value"":[true,true,true],""score"":100.0},""T2_ema50_slope"":{""value"":0.37419447320323984,""score"":100},""T3_high_proximity"":{""value"":0.9936400040380925,""score"":96.82000201904623},""T4_rs_1m"":{""value"":0.05638077765737037,""score"":100},""T5_rs_3m"":{""value"":0.21028135083674027,""score"":100},""T6_adr_healthy"":{""value"":3.8754710769982452,""score"":100.0},""_score"":99.52},""geometry"":{""sub_low_similarity"":41.3,""sub_bounce_quality"":76.9,""sub_separation_fit"":93.3,""sub_right_bottom_reaction"":24.5,""sub_base_context"":100.0,""_score"":65.44},""compression"":{""VC1_atr_ratio"":{""value"":0.734255288364026,""score"":66.4361779089935},""VC2_range_contraction"":{""value"":1.0571697648354015,""score"":0},""VC3_range_pct_rank"":{""score"":66.66666666666667},""_score"":43.24},""sr_quality"":{""SR1_touches"":{""value"":2,""score"":25.0},""SR2_tightness"":{""value"":1.1699999999999875,""score"":83.05925279721438},""SR3_recency"":{""value"":233,""score"":0.0},""SR4_price_location"":{""score"":30.0},""SR5_reaction"":{""value"":1.8917167709777476,""score"":94.58583854888738},""_score"":41.65,""_levels_found"":8,""_target_level"":274.67},""volume"":{""V1_rvol_day"":{""value"":0.4616804679387111,""score"":0},""V2_rvol_sameslot"":{""value"":0.8246898968497864,""score"":21.645993123319094,""status"":""ok""},""V3_breakout_bar"":{""value"":0.7438680747644817,""score"":16.25787165096545},""V4_base_dryup"":{""value"":1.0372306834298453,""score"":46.276931657015474},""V5_bo_expansion"":{""value"":0.4616804679387111,""score"":0},""_score"":17.65},""readiness"":{""_distance_atr"":0.197,""BR1_atr_distance"":{""score"":86.89625964228946},""BR2_compression"":{""score"":15.843221336425461},""BR3_retest"":{""score"":50.0},""BR4_bo_age"":{""score"":50.0},""_score"":56.22},""risk"":{""R1_stop_clarity"":{""score"":40.28386611017979},""R2_stop_distance_pct"":{""value"":8.281715659712816,""score"":92.9571085071796},""R3_stop_distance_atr"":{""value"":1.7703985781355758,""score"":100.0},""R4_rr_potential"":{""value"":1.053395626527088,""score"":2.6697813263544035},""_score"":57.52},""market"":{""M1_spy_regime"":{""score"":100.0},""M3_earnings_risk"":{""value"":null,""score"":80.0},""M4_vix"":{""value"":null,""score"":60.0},""_score"":84.0},""liquidity"":{""L1_price"":{""value"":295.28,""score"":100.0},""L2_dollar_vol"":{""value"":1279354139.8518784,""score"":100.0},""L3_spread_proxy"":{""value"":0.0335274993226769,""score"":66.4725006773231},""L4_volume_zscore"":{""value"":-2.0167254619828596,""score"":100.0},""_score"":96.65},""pattern_structure"":{""left_low"":274.95,""left_idx"":62,""right_low"":283.14,""right_idx"":71,""separation_bars"":9,""structural_low"":274.95,""current_price"":295.42,""neckline_distance_pct"":0.008716403764132383,""base_bars"":9},""pattern_geometry_features"":{""low_similarity_pct"":0.02935010482180293,""bounce_pct"":0.08381523913438813,""right_bottom_reaction"":0.24474474474474314,""atr_pct"":0.04677882010295316},""_schema_version"":""1.0""}",,,,,,,,,,
20260508T185417Z-990aff,2026-05-08T18:54:17.243985+00:00,MSTR,high_tight_pullback,candidate,60.69,91.5,55.0,55.5,58.3,38.7,47.5,78.9,84.0,94.5,10.98,19.24,5.55,4.67,5.42,4.27,0.79,5.04,4.73,False,,186.56,190.41,173.0842,224.7099,"{""trend"":{""T1_ema_stack"":{""value"":[true,true,false],""score"":66.66666666666666},""T2_ema50_slope"":{""value"":0.49374319524435556,""score"":100},""T3_high_proximity"":{""value"":0.9981808453718566,""score"":99.09042268592827},""T4_rs_1m"":{""value"":0.3630189121747729,""score"":100},""T5_rs_3m"":{""value"":0.31471113831633946,""score"":100},""T6_adr_healthy"":{""value"":5.559251729750357,""score"":100.0},""_score"":91.53},""geometry"":{""sub_pole_impulse"":75.3,""sub_flag_tightness"":50.0,""sub_flag_shallowness"":29.8,""sub_flag_drift"":92.8,""sub_flag_duration"":0.0,""_score"":54.97},""compression"":{""VC1_atr_ratio"":{""value"":0.6567816970089989,""score"":85.80457574775026},""VC2_range_contraction"":{""value"":0.857915380697632,""score"":23.680769883728008},""VC3_range_pct_rank"":{""score"":51.66666666666666},""_score"":55.53},""sr_quality"":{""SR1_touches"":{""value"":2,""score"":25.0},""SR2_tightness"":{""value"":0.10500000000000398,""score"":97.94498429380846},""SR3_recency"":{""value"":226,""score"":0.0},""SR4_price_location"":{""score"":84.61194994740532},""SR5_reaction"":{""value"":3.3457612854612524,""score"":100},""_score"":58.34,""_levels_found"":7,""_target_level"":190.305},""volume"":{""V1_rvol_day"":{""value"":0.5863491635641267,""score"":5.756610904275114},""V2_rvol_sameslot"":{""value"":1.4965345372862482,""score"":66.43563581908322,""status"":""ok""},""V3_breakout_bar"":{""value"":1.31192509173869,""score"":54.128339449246},""V4_base_dryup"":{""value"":0.9645889721651956,""score"":53.54110278348044},""V5_bo_expansion"":{""value"":0.5863491635641267,""score"":0},""_score"":38.68},""readiness"":{""_distance_atr"":0.377,""BR1_atr_distance"":{""score"":74.88314136877098},""BR2_compression"":{""score"":0},""BR3_retest"":{""score"":50.0},""BR4_bo_age"":{""score"":50.0},""_score"":47.45},""risk"":{""R1_stop_clarity"":{""score"":48.41323430114809},""R2_stop_distance_pct"":{""value"":7.223306174957115,""score"":100.0},""R3_stop_distance_atr"":{""value"":1.3187133644521416,""score"":90.93566822260708},""R4_rr_potential"":{""value"":2.8309933362026762,""score"":91.54966681013381},""_score"":78.89},""market"":{""M1_spy_regime"":{""score"":100.0},""M3_earnings_risk"":{""value"":null,""score"":80.0},""M4_vix"":{""value"":null,""score"":60.0},""_score"":84.0},""liquidity"":{""L1_price"":{""value"":186.56,""score"":100.0},""L2_dollar_vol"":{""value"":2064696966.289246,""score"":100.0},""L3_spread_proxy"":{""value"":0.05451329331046321,""score"":45.48670668953679},""L4_volume_zscore"":{""value"":-0.848403379823597,""score"":100.0},""_score"":94.55},""pattern_structure"":{""pole_low"":156.1101,""pole_low_idx"":18,""peak_price"":190.41,""peak_idx"":37,""pole_gain"":0.21971608499386017,""flag_bars"":22,""flag_low"":175.72,""flag_high"":188.26,""structural_low"":175.72,""current_price"":187.275,""neckline_distance_pct"":0.016740088105726823,""base_bars"":22},""pattern_geometry_features"":{""pole_gain"":0.21971608499386017,""pullback_pct"":0.07714930938501129,""flag_range_pct"":0.06585788561525126,""flag_drift_per_bar"":-0.001439648752981281,""atr_pct"":0.05477540737564323,""pole_atr_multiple"":4.011217725631384},""_schema_version"":""1.0""}",,,,,,,,,,
20260508T185417Z-990aff,2026-05-08T18:54:17.243985+00:00,MKSI,ascending_triangle,candidate,60.51,100.0,54.1,48.1,51.6,36.4,45.1,37.8,84.0,95.1,15.0,15.15,3.85,7.23,4.36,3.61,1.51,5.04,4.75,False,,315.62,326.835,275.9773,373.49,"{""trend"":{""T1_ema_stack"":{""value"":[true,true,true],""score"":100.0},""T2_ema50_slope"":{""value"":0.4397829111169134,""score"":100},""T3_high_proximity"":{""value"":1.0,""score"":99.99999999999997},""T4_rs_1m"":{""value"":0.11418250778764194,""score"":100},""T5_rs_3m"":{""value"":0.23112986038886563,""score"":100},""T6_adr_healthy"":{""value"":5.034825634472247,""score"":100.0},""_score"":100.0},""geometry"":{""sub_flat_top_quality"":33.3,""sub_hl_slope"":97.1,""sub_compression"":0,""sub_duration"":100.0,""_score"":54.12},""compression"":{""VC1_atr_ratio"":{""value"":0.6165266314719807,""score"":95.86834213200481},""VC2_range_contraction"":{""value"":1.3161084062714572,""score"":0},""VC3_range_pct_rank"":{""score"":39.16666666666667},""_score"":48.14},""sr_quality"":{""SR1_touches"":{""value"":4,""score"":75.0},""SR2_tightness"":{""value"":3.5844531922596055,""score"":58.96361835034219},""SR3_recency"":{""value"":230,""score"":0.0},""SR4_price_location"":{""score"":30.0},""SR5_reaction"":{""value"":1.707033305543619,""score"":85.35166527718096},""_score"":51.65,""_levels_found"":4,""_target_level"":264.9688},""volume"":{""V1_rvol_day"":{""value"":0.9846057492949738,""score"":32.30704995299825},""V2_rvol_sameslot"":{""value"":1.6181801073183915,""score"":74.54534048789276,""status"":""ok""},""V3_breakout_bar"":{""value"":0.5468776620995908,""score"":3.125177473306051},""V4_base_dryup"":{""value"":0.7900274810938371,""score"":70.99725189061628},""V5_bo_expansion"":{""value"":0.9846057492949738,""score"":0},""_score"":36.35},""readiness"":{""_distance_atr"":0.642,""BR1_atr_distance"":{""score"":57.20193146012404},""BR2_compression"":{""score"":18.953042509719058},""BR3_retest"":{""score"":50.0},""BR4_bo_age"":{""score"":50.0},""_score"":45.12},""risk"":{""R1_stop_clarity"":{""score"":51.88565956686488},""R2_stop_distance_pct"":{""value"":12.560262340789555,""score"":0.0},""R3_stop_distance_atr"":{""value"":2.2692344962626985,""score"":100.0},""R4_rr_potential"":{""value"":1.4597895703370345,""score"":22.989478516851726},""_score"":37.76},""market"":{""M1_spy_regime"":{""score"":100.0},""M3_earnings_risk"":{""value"":null,""score"":80.0},""M4_vix"":{""value"":null,""score"":60.0},""_score"":84.0},""liquidity"":{""L1_price"":{""value"":315.62,""score"":100.0},""L2_dollar_vol"":{""value"":392262537.12006074,""score"":100.0},""L3_spread_proxy"":{""value"":0.04939484189848562,""score"":50.60515810151438},""L4_volume_zscore"":{""value"":-0.03871499215845146,""score"":100.0},""_score"":95.06},""pattern_structure"":{""top"":326.835,""top_touches"":2,""low_slope_per_bar"":0.8164338078291777,""lowest_low"":280.18,""structural_low"":280.18,""current_price"":315.77,""neckline_distance_pct"":0.035041327548532154,""base_bars"":30},""pattern_geometry_features"":{""top_touches"":2.0,""low_slope"":0.8164338078291777,""compression"":-0.26573467349869073,""atr_pct"":0.05535021771207691},""_schema_version"":""1.0""}",,,,,,,,,,
20260508T185417Z-990aff,2026-05-08T18:54:17.243985+00:00,NBIS,breakout_retest_hold,setup,60.41,94.3,68.3,24.0,41.5,15.6,70.8,63.1,84.0,93.5,13.2,15.03,1.44,5.81,2.03,12.75,3.15,4.2,2.8,False,,180.255,176.66,174.7449,182.2849,"{""trend"":{""T1_ema_stack"":{""value"":[true,true,true],""score"":100.0},""T2_ema50_slope"":{""value"":0.746463884528607,""score"":100},""T3_high_proximity"":{""value"":0.9239581731508534,""score"":61.97908657542667},""T4_rs_1m"":{""value"":0.23744227723289235,""score"":100},""T5_rs_3m"":{""value"":1.0256222934358739,""score"":100},""T6_adr_healthy"":{""value"":7.838523149897752,""score"":100.0},""_score"":94.3},""geometry"":{""sub_retest_depth"":61.0,""sub_retest_timing"":0.0,""sub_retest_freshness"":100.0,""sub_hold_quality"":100.0,""_score"":68.3},""compression"":{""VC1_atr_ratio"":{""value"":0.9014543794974298,""score"":24.63640512564255},""VC2_range_contraction"":{""value"":1.1013287591227647,""score"":0},""VC3_range_pct_rank"":{""score"":56.666666666666664},""_score"":24.02},""sr_quality"":{""SR1_touches"":{""value"":2,""score"":25.0},""SR2_tightness"":{""value"":0.6400000000000006,""score"":91.15104989928888},""SR3_recency"":{""value"":235,""score"":0.0},""SR4_price_location"":{""score"":30.0},""SR5_reaction"":{""value"":1.7075673831254679,""score"":85.3783691562734},""_score"":41.48,""_levels_found"":5,""_target_level"":168.07},""volume"":{""V1_rvol_day"":{""value"":0.6344629182155662,""score"":8.964194547704414},""V2_rvol_sameslot"":{""value"":0.7698614154507529,""score"":17.990761030050194,""status"":""ok""},""V3_breakout_bar"":{""value"":0.4220772726652469,""score"":0},""V4_base_dryup"":{""value"":0.9897827051700169,""score"":51.02172948299831},""V5_bo_expansion"":{""value"":0.6344629182155662,""score"":0},""_score"":15.6},""readiness"":{""_distance_atr"":-0.249,""BR1_atr_distance"":{""score"":100.0},""BR2_compression"":{""score"":25.669947101752395},""BR3_retest"":{""score"":99.48150683003644},""BR4_bo_age"":{""score"":30.0},""_score"":70.81},""risk"":{""R1_stop_clarity"":{""score"":75.59487215192951},""R2_stop_distance_pct"":{""value"":3.056836148789212,""score"":100.0},""R3_stop_distance_atr"":{""value"":0.380926562108815,""score"":44.04632810544074},""R4_rr_potential"":{""value"":0.3684052920999596,""score"":0.0},""_score"":63.07},""market"":{""M1_spy_regime"":{""score"":100.0},""M3_earnings_risk"":{""value"":null,""score"":80.0},""M4_vix"":{""value"":null,""score"":60.0},""_score"":84.0},""liquidity"":{""L1_price"":{""value"":180.255,""score"":100.0},""L2_dollar_vol"":{""value"":1816335204.8398275,""score"":100.0},""L3_spread_proxy"":{""value"":0.06512940001664312,""score"":34.87059998335688},""L4_volume_zscore"":{""value"":-1.3843306740956547,""score"":100.0},""_score"":93.49},""pattern_structure"":{""level"":176.66,""level_idx"":51,""breakout_idx"":56,""bo_peak_idx"":70,""bo_peak_price"":197.89,""retest_idx"":77,""retest_low"":176.51,""structural_low"":176.51,""current_price"":181.3601,""neckline_distance_pct"":-0.025915843672340236,""base_bars"":28,""bars_since_breakout"":23},""pattern_geometry_features"":{""retest_depth_atr"":0.026666903705811738,""bars_breakout_to_retest"":21.0,""bars_since_retest"":2.0,""current_above_level_atr"":0.8355807607178719,""bo_peak_excess_pct"":0.1201743462017434,""atr_pct"":0.08024738762942975},""_schema_version"":""1.0""}",,,,,,,,,,
20260508T185417Z-990aff,2026-05-08T18:54:17.243985+00:00,NBIS,bull_flag,candidate,60.34,94.3,80.5,24.0,41.5,12.6,31.4,79.2,84.0,93.5,13.2,24.14,2.16,4.15,1.77,2.83,2.38,5.04,4.67,False,,180.255,197.89,173.8623,255.78,"{""trend"":{""T1_ema_stack"":{""value"":[true,true,true],""score"":100.0},""T2_ema50_slope"":{""value"":0.746463884528607,""score"":100},""T3_high_proximity"":{""value"":0.9239581731508534,""score"":61.97908657542667},""T4_rs_1m"":{""value"":0.23744227723289235,""score"":100},""T5_rs_3m"":{""value"":1.0256222934358739,""score"":100},""T6_adr_healthy"":{""value"":7.838523149897752,""score"":100.0},""_score"":94.3},""geometry"":{""sub_pole_impulse"":100.0,""sub_flag_tightness"":65.3,""sub_flag_shallowness"":47.7,""sub_flag_drift"":97.4,""sub_flag_duration"":100.0,""_score"":80.47},""compression"":{""VC1_atr_ratio"":{""value"":0.9014543794974298,""score"":24.63640512564255},""VC2_range_contraction"":{""value"":1.1013287591227647,""score"":0},""VC3_range_pct_rank"":{""score"":56.666666666666664},""_score"":24.02},""sr_quality"":{""SR1_touches"":{""value"":2,""score"":25.0},""SR2_tightness"":{""value"":0.6400000000000006,""score"":91.15104989928888},""SR3_recency"":{""value"":235,""score"":0.0},""SR4_price_location"":{""score"":30.0},""SR5_reaction"":{""value"":1.7075673831254679,""score"":85.3783691562734},""_score"":41.48,""_levels_found"":5,""_target_level"":168.07},""volume"":{""V1_rvol_day"":{""value"":0.6344629182155662,""score"":8.964194547704414},""V2_rvol_sameslot"":{""value"":0.7698614154507529,""score"":17.990761030050194,""status"":""ok""},""V3_breakout_bar"":{""value"":0.4220772726652469,""score"":0},""V4_base_dryup"":{""value"":1.1376886075731358,""score"":36.23113924268642},""V5_bo_expansion"":{""value"":0.6344629182155662,""score"":0},""_score"":12.64},""readiness"":{""_distance_atr"":1.219,""BR1_atr_distance"":{""score"":18.723315090603847},""BR2_compression"":{""score"":25.669947101752395},""BR3_retest"":{""score"":50.0},""BR4_bo_age"":{""score"":50.0},""_score"":31.41},""risk"":{""R1_stop_clarity"":{""score"":63.39230822789407},""R2_stop_distance_pct"":{""value"":3.546448087431696,""score"":100.0},""R3_stop_distance_atr"":{""value"":0.4419393817289922,""score"":47.09696908644961},""R4_rr_potential"":{""value"":11.814349291764751,""score"":100.0},""_score"":79.25},""market"":{""M1_spy_regime"":{""score"":100.0},""M3_earnings_risk"":{""value"":null,""score"":80.0},""M4_vix"":{""value"":null,""score"":60.0},""_score"":84.0},""liquidity"":{""L1_price"":{""value"":180.255,""score"":100.0},""L2_dollar_vol"":{""value"":1816335204.8398275,""score"":100.0},""L3_spread_proxy"":{""value"":0.06512940001664312,""score"":34.87059998335688},""L4_volume_zscore"":{""value"":-1.3843306740956547,""score"":100.0},""_score"":93.49},""pattern_structure"":{""pole_low"":140.0,""pole_low_idx"":25,""peak_price"":197.89,""peak_idx"":50,""pole_gain"":0.4134999999999999,""flag_bars"":9,""flag_low"":176.51,""flag_high"":193.57,""structural_low"":176.51,""current_price"":181.3601,""neckline_distance_pct"":0.09114408295981309,""base_bars"":9},""pattern_geometry_features"":{""pole_gain"":0.4134999999999999,""pullback_pct"":0.1080398201020769,""flag_range_pct"":0.08620951033402396,""flag_drift_per_bar"":-0.0005231948298807908,""atr_pct"":0.08024738762942975,""pole_atr_multiple"":5.152815714194712},""_schema_version"":""1.0""}",,,,,,,,,,
20260508T185417Z-990aff,2026-05-08T18:54:17.243985+00:00,LSCC,ascending_triangle,absent,59.8,99.9,40.8,48.1,56.7,36.3,66.1,52.8,84.0,96.5,14.98,11.42,3.85,7.93,4.35,5.29,2.11,5.04,4.83,False,,125.405,127.9462,113.2849,140.8824,"{""trend"":{""T1_ema_stack"":{""value"":[true,true,true],""score"":100.0},""T2_ema50_slope"":{""value"":0.5881883502266755,""score"":100},""T3_high_proximity"":{""value"":0.9986859918770408,""score"":99.34299593852036},""T4_rs_1m"":{""value"":0.0950843140860047,""score"":100},""T5_rs_3m"":{""value"":0.3833470736446425,""score"":100},""T6_adr_healthy"":{""value"":4.710437149455733,""score"":100.0},""_score"":99.9},""geometry"":{""sub_flat_top_quality"":66.7,""sub_hl_slope"":19.2,""sub_compression"":0,""sub_duration"":100.0,""_score"":40.77},""compression"":{""VC1_atr_ratio"":{""value"":0.6941866971634579,""score"":76.45332570913551},""VC2_range_contraction"":{""value"":1.0911233948423866,""score"":0},""VC3_range_pct_rank"":{""score"":70.0},""_score"":48.08},""sr_quality"":{""SR1_touches"":{""value"":2,""score"":25.0},""SR2_tightness"":{""value"":0.7986000000000004,""score"":76.84941789136387},""SR3_recency"":{""value"":227,""score"":0.0},""SR4_price_location"":{""score"":90.54609767477181},""SR5_reaction"":{""value"":2.4639165118000603,""score"":100},""_score"":56.66,""_levels_found"":7,""_target_level"":127.1476},""volume"":{""V1_rvol_day"":{""value"":0.6550773029947965,""score"":10.338486866319768},""V2_rvol_sameslot"":{""value"":1.6001083575551078,""score"":73.34055717034053,""status"":""ok""},""V3_breakout_bar"":{""value"":1.009084587670461,""score"":33.93897251136407},""V4_base_dryup"":{""value"":0.9474847499072488,""score"":55.25152500927511},""V5_bo_expansion"":{""value"":0.6550773029947965,""score"":0},""_score"":36.27},""readiness"":{""_distance_atr"":0.368,""BR1_atr_distance"":{""score"":75.44441971180142},""BR2_compression"":{""score"":73.65300892026438},""BR3_retest"":{""score"":50.0},""BR4_bo_age"":{""score"":50.0},""_score"":66.09},""risk"":{""R1_stop_clarity"":{""score"":49.98969856659957},""R2_stop_distance_pct"":{""value"":9.66480602846776,""score"":58.379849288306},""R3_stop_distance_atr"":{""value"":1.756752615476997,""score"":100.0},""R4_rr_potential"":{""value"":1.276997396896905,""score"":13.849869844845253},""_score"":52.78},""market"":{""M1_spy_regime"":{""score"":100.0},""M3_earnings_risk"":{""value"":null,""score"":80.0},""M4_vix"":{""value"":null,""score"":60.0},""_score"":84.0},""liquidity"":{""L1_price"":{""value"":125.405,""score"":100.0},""L2_dollar_vol"":{""value"":192028650.55983007,""score"":100.0},""L3_spread_proxy"":{""value"":0.034506598620469744,""score"":65.49340137953025},""L4_volume_zscore"":{""value"":-0.8057892602562419,""score"":100.0},""_score"":96.55},""pattern_structure"":{""top"":127.9462,""top_touches"":3,""low_slope_per_bar"":0.06610132158590502,""lowest_low"":115.01,""structural_low"":115.01,""current_price"":124.46,""neckline_distance_pct"":0.02801060581713009,""base_bars"":38},""pattern_geometry_features"":{""top_touches"":3.0,""low_slope"":0.06610132158590502,""compression"":-0.10105649231568203,""atr_pct"":0.05501517939020431},""_schema_version"":""1.0""}",,,,,,,,,,
20260508T185417Z-990aff,2026-05-08T18:54:17.243985+00:00,UEC,breakout_retest_hold,setup,59.76,64.6,80.0,51.3,47.5,15.0,63.5,62.1,84.0,90.2,9.05,17.6,3.08,6.65,1.96,11.42,3.11,4.2,2.7,False,,15.157,15.05,14.7807,15.4346,"{""trend"":{""T1_ema_stack"":{""value"":[true,true,true],""score"":100.0},""T2_ema50_slope"":{""value"":0.11919014340890748,""score"":69.86502390148458},""T3_high_proximity"":{""value"":0.8863742690058479,""score"":43.18713450292394},""T4_rs_1m"":{""value"":0.020789534496783668,""score"":70.78953449678366},""T5_rs_3m"":{""value"":-0.12767116762706032,""score"":0},""T6_adr_healthy"":{""value"":6.766025701883657,""score"":100.0},""_score"":64.61},""geometry"":{""sub_retest_depth"":100.0,""sub_retest_timing"":0.0,""sub_retest_freshness"":100.0,""sub_hold_quality"":100.0,""_score"":80.0},""compression"":{""VC1_atr_ratio"":{""value"":0.6262357804997044,""score"":93.44105487507389},""VC2_range_contraction"":{""value"":1.114967952877674,""score"":0},""VC3_range_pct_rank"":{""score"":55.833333333333336},""_score"":51.33},""sr_quality"":{""SR1_touches"":{""value"":2,""score"":25.0},""SR2_tightness"":{""value"":0.21999999999999975,""score"":61.89156417807038},""SR3_recency"":{""value"":238,""score"":0.0},""SR4_price_location"":{""score"":74.87370380218039},""SR5_reaction"":{""value"":1.595790750043304,""score"":79.7895375021652},""_score"":47.47,""_levels_found"":5,""_target_level"":15.4},""volume"":{""V1_rvol_day"":{""value"":0.5158101113388945,""score"":1.0540074225929694},""V2_rvol_sameslot"":{""value"":0.6943315369886941,""score"":12.955435799246274,""status"":""ok""},""V3_breakout_bar"":{""value"":0.4309506606256683,""score"":0},""V4_base_dryup"":{""value"":0.8882760101399334,""score"":61.17239898600666},""V5_bo_expansion"":{""value"":0.5158101113388945,""score"":0},""_score"":15.04},""readiness"":{""_distance_atr"":-0.093,""BR1_atr_distance"":{""score"":100.0},""BR2_compression"":{""score"":0},""BR3_retest"":{""score"":94.80339511519136},""BR4_bo_age"":{""score"":30.0},""_score"":63.46},""risk"":{""R1_stop_clarity"":{""score"":74.13822968993588},""R2_stop_distance_pct"":{""value"":2.482681269380488,""score"":100.0},""R3_stop_distance_atr"":{""value"":0.3259137363589125,""score"":41.29568681794562},""R4_rr_potential"":{""value"":0.7378231654075413,""score"":0.0},""_score"":62.14},""market"":{""M1_spy_regime"":{""score"":100.0},""M3_earnings_risk"":{""value"":null,""score"":80.0},""M4_vix"":{""value"":null,""score"":60.0},""_score"":84.0},""liquidity"":{""L1_price"":{""value"":15.157,""score"":100.0},""L2_dollar_vol"":{""value"":68245456.7614111,""score"":91.70368724049358},""L3_spread_proxy"":{""value"":0.0653163554793165,""score"":34.6836445206835},""L4_volume_zscore"":{""value"":-2.0498774312006405,""score"":100.0},""_score"":90.15},""pattern_structure"":{""level"":15.05,""level_idx"":44,""breakout_idx"":51,""bo_peak_idx"":70,""bo_peak_price"":16.19,""retest_idx"":76,""retest_low"":14.93,""structural_low"":14.93,""current_price"":15.24,""neckline_distance_pct"":-0.012467191601049836,""base_bars"":35,""bars_since_breakout"":28},""pattern_geometry_features"":{""retest_depth_atr"":0.31197771587743983,""bars_breakout_to_retest"":25.0,""bars_since_retest"":3.0,""current_above_level_atr"":0.493964716805941,""bo_peak_excess_pct"":0.07574750830564787,""atr_pct"":0.07617602427921094},""_schema_version"":""1.0""}",,,,,,,,,,
20260508T185417Z-990aff,2026-05-08T18:54:17.243985+00:00,LSCC,vcp,absent,59.66,99.9,37.9,48.1,56.7,35.6,66.1,70.0,84.0,96.5,14.98,9.48,5.77,6.8,4.63,4.63,3.5,5.04,4.83,False,,125.405,127.9462,113.2849,171.4102,"{""trend"":{""T1_ema_stack"":{""value"":[true,true,true],""score"":100.0},""T2_ema50_slope"":{""value"":0.5881883502266755,""score"":100},""T3_high_proximity"":{""value"":0.9986859918770408,""score"":99.34299593852036},""T4_rs_1m"":{""value"":0.0950843140860047,""score"":100},""T5_rs_3m"":{""value"":0.3833470736446425,""score"":100},""T6_adr_healthy"":{""value"":4.710437149455733,""score"":100.0},""_score"":99.9},""geometry"":{""sub_contraction_count"":100.0,""sub_reduction_rate"":11.7,""sub_pivot_tightness"":0,""sub_volume_dryup"":0,""sub_base_depth"":0.0,""sub_base_duration"":100.0,""_score"":37.92},""compression"":{""VC1_atr_ratio"":{""value"":0.6941866971634579,""score"":76.45332570913551},""VC2_range_contraction"":{""value"":1.0911233948423866,""score"":0},""VC3_range_pct_rank"":{""score"":70.0},""_score"":48.08},""sr_quality"":{""SR1_touches"":{""value"":2,""score"":25.0},""SR2_tightness"":{""value"":0.7986000000000004,""score"":76.84941789136387},""SR3_recency"":{""value"":227,""score"":0.0},""SR4_price_location"":{""score"":90.54609767477181},""SR5_reaction"":{""value"":2.4639165118000603,""score"":100},""_score"":56.66,""_levels_found"":7,""_target_level"":127.1476},""volume"":{""V1_rvol_day"":{""value"":0.6550773029947965,""score"":10.338486866319768},""V2_rvol_sameslot"":{""value"":1.6001083575551078,""score"":73.34055717034053,""status"":""ok""},""V3_breakout_bar"":{""value"":1.009084587670461,""score"":33.93897251136407},""V4_base_dryup"":{""value"":0.9788418358597702,""score"":52.11581641402297},""V5_bo_expansion"":{""value"":0.6550773029947965,""score"":0},""_score"":35.64},""readiness"":{""_distance_atr"":0.368,""BR1_atr_distance"":{""score"":75.44441971180142},""BR2_compression"":{""score"":73.65300892026438},""BR3_retest"":{""score"":50.0},""BR4_bo_age"":{""score"":50.0},""_score"":66.09},""risk"":{""R1_stop_clarity"":{""score"":49.98969856659957},""R2_stop_distance_pct"":{""value"":9.66480602846776,""score"":58.379849288306},""R3_stop_distance_atr"":{""value"":1.756752615476997,""score"":100.0},""R4_rr_potential"":{""value"":3.795761603610518,""score"":100.0},""_score"":70.01},""market"":{""M1_spy_regime"":{""score"":100.0},""M3_earnings_risk"":{""value"":null,""score"":80.0},""M4_vix"":{""value"":null,""score"":60.0},""_score"":84.0},""liquidity"":{""L1_price"":{""value"":125.405,""score"":100.0},""L2_dollar_vol"":{""value"":192028650.55983007,""score"":100.0},""L3_spread_proxy"":{""value"":0.034506598620469744,""score"":65.49340137953025},""L4_volume_zscore"":{""value"":-0.8057892602562419,""score"":100.0},""_score"":96.55},""pattern_structure"":{""n_contractions"":5,""contractions_pct"":[14.06,17.93,16.88,13.45,10.11],""descending_strict"":false,""final_low"":115.01,""final_pivot"":127.9462,""structural_low"":115.01,""dry_up_ratio"":1.83550333038489,""current_price"":125.405,""neckline_distance_pct"":0.02026394481878716,""base_bars"":56,""recent_base_height"":43.464},""pattern_geometry_features"":{""contraction_count"":5.0,""first_contraction_pct"":0.14063656550703185,""last_contraction_pct"":0.10110655885051685,""dry_up_ratio"":1.83550333038489,""near_monotone"":0.0,""base_depth_pct"":-0.06411917098445602},""_schema_version"":""1.0""}",,,,,,,,,,
20260508T185417Z-990aff,2026-05-08T18:54:17.243985+00:00,TXN,breakout_retest_hold,setup,59.45,99.9,48.4,59.0,49.3,19.1,65.6,58.7,84.0,98.2,13.98,10.65,3.54,6.9,2.49,11.81,2.94,4.2,2.95,False,,288.94,283.79,278.19,289.37,"{""trend"":{""T1_ema_stack"":{""value"":[true,true,true],""score"":100.0},""T2_ema50_slope"":{""value"":0.644692145891839,""score"":100},""T3_high_proximity"":{""value"":0.9982725262576009,""score"":99.13626312880042},""T4_rs_1m"":{""value"":0.2592781384949574,""score"":100},""T5_rs_3m"":{""value"":0.23689126334584532,""score"":100},""T6_adr_healthy"":{""value"":3.1463983158802984,""score"":100.0},""_score"":99.87},""geometry"":{""sub_retest_depth"":94.7,""sub_retest_timing"":100.0,""sub_retest_freshness"":0.0,""sub_hold_quality"":0.0,""_score"":48.41},""compression"":{""VC1_atr_ratio"":{""value"":0.5562894032099776,""score"":100},""VC2_range_contraction"":{""value"":1.0153152086772457,""score"":0},""VC3_range_pct_rank"":{""score"":75.83333333333333},""_score"":58.96},""sr_quality"":{""SR1_touches"":{""value"":4,""score"":75.0},""SR2_tightness"":{""value"":2.6941881894181074,""score"":53.52332370556046},""SR3_recency"":{""value"":275,""score"":0.0},""SR4_price_location"":{""score"":30.0},""SR5_reaction"":{""value"":1.4970387297065348,""score"":74.85193648532675},""_score"":49.26,""_levels_found"":5,""_target_level"":228.58},""volume"":{""V1_rvol_day"":{""value"":0.4217925212262887,""score"":0},""V2_rvol_sameslot"":{""value"":0.9188840932000122,""score"":27.92560621333415,""status"":""ok""},""V3_breakout_bar"":{""value"":0.8694092511096705,""score"":24.627283407311364},""V4_base_dryup"":{""value"":1.12991806938898,""score"":37.00819306110199},""V5_bo_expansion"":{""value"":0.4217925212262886,""score"":0},""_score"":19.14},""readiness"":{""_distance_atr"":-0.444,""BR1_atr_distance"":{""score"":100.0},""BR2_compression"":{""score"":14.084393043213778},""BR3_retest"":{""score"":87.96762533415553},""BR4_bo_age"":{""score"":30.0},""_score"":65.61},""risk"":{""R1_stop_clarity"":{""score"":51.525487009286394},""R2_stop_distance_pct"":{""value"":3.720495604623798,""score"":100.0},""R3_stop_distance_atr"":{""value"":0.9272260047156065,""score"":71.36130023578032},""R4_rr_potential"":{""value"":0.04000000000000592,""score"":0.0},""_score"":58.74},""market"":{""M1_spy_regime"":{""score"":100.0},""M3_earnings_risk"":{""value"":null,""score"":80.0},""M4_vix"":{""value"":null,""score"":60.0},""_score"":84.0},""liquidity"":{""L1_price"":{""value"":288.94,""score"":100.0},""L2_dollar_vol"":{""value"":1021637970.9018881,""score"":100.0},""L3_spread_proxy"":{""value"":0.018342562469716824,""score"":81.65743753028318},""L4_volume_zscore"":{""value"":-0.9940901870317645,""score"":100.0},""_score"":98.17},""pattern_structure"":{""level"":283.79,""level_idx"":51,""breakout_idx"":64,""bo_peak_idx"":68,""bo_peak_price"":292.64,""retest_idx"":69,""retest_low"":281.0,""structural_low"":281.0,""current_price"":289.19,""neckline_distance_pct"":-0.01867284484249102,""base_bars"":28,""bars_since_breakout"":15},""pattern_geometry_features"":{""retest_depth_atr"":1.037370295515093,""bars_breakout_to_retest"":5.0,""bars_since_retest"":10.0,""current_above_level_atr"":2.007813475190479,""bo_peak_excess_pct"":0.031185031185031062,""atr_pct"":0.04012501359649557},""_schema_version"":""1.0""}",,,,,,,,,,
20260508T185417Z-990aff,2026-05-08T18:54:17.243985+00:00,AMAT,double_bottom,setup,59.31,92.1,58.7,19.9,57.2,33.6,57.5,40.8,84.0,95.4,13.81,14.67,1.59,8.02,4.37,4.6,2.45,5.04,4.77,False,,435.7,432.81,392.03,467.62,"{""trend"":{""T1_ema_stack"":{""value"":[true,true,true],""score"":100.0},""T2_ema50_slope"":{""value"":0.3372028895926606,""score"":100},""T3_high_proximity"":{""value"":1.0,""score"":99.99999999999997},""T4_rs_1m"":{""value"":0.010492609965536692,""score"":60.492609965536694},""T5_rs_3m"":{""value"":0.2830341479909062,""score"":100},""T6_adr_healthy"":{""value"":3.230069981284532,""score"":100.0},""_score"":92.1},""geometry"":{""sub_low_similarity"":60.1,""sub_bounce_quality"":82.1,""sub_separation_fit"":0.0,""sub_right_bottom_reaction"":28.1,""sub_base_context"":100.0,""_score"":58.67},""compression"":{""VC1_atr_ratio"":{""value"":0.8615772214958172,""score"":34.60569462604571},""VC2_range_contraction"":{""value"":1.11685483356959,""score"":0},""VC3_range_pct_rank"":{""score"":24.16666666666667},""_score"":19.88},""sr_quality"":{""SR1_touches"":{""value"":4,""score"":75.0},""SR2_tightness"":{""value"":1.5960028195463891,""score"":81.67844057627087},""SR3_recency"":{""value"":230,""score"":0.0},""SR4_price_location"":{""score"":30.0},""SR5_reaction"":{""value"":2.412162200944774,""score"":100},""_score"":57.25,""_levels_found"":4,""_target_level"":378.265},""volume"":{""V1_rvol_day"":{""value"":0.645312519624163,""score"":9.687501308277536},""V2_rvol_sameslot"":{""value"":1.3665496044892198,""score"":57.76997363261466,""status"":""ok""},""V3_breakout_bar"":{""value"":0.8518074590573932,""score"":23.453830603826212},""V4_base_dryup"":{""value"":0.7882726950315652,""score"":71.17273049684349},""V5_bo_expansion"":{""value"":0.645312519624163,""score"":0},""_score"":33.59},""readiness"":{""_distance_atr"":-0.166,""BR1_atr_distance"":{""score"":100.0},""BR2_compression"":{""score"":0},""BR3_retest"":{""score"":50.0},""BR4_bo_age"":{""score"":50.0},""_score"":57.5},""risk"":{""R1_stop_clarity"":{""score"":31.46646834198515},""R2_stop_distance_pct"":{""value"":10.022951572182698,""score"":49.42621069543254},""R3_stop_distance_atr"":{""value"":2.506582351344636,""score"":100.0},""R4_rr_potential"":{""value"":0.7309365697275018,""score"":0.0},""_score"":40.84},""market"":{""M1_spy_regime"":{""score"":100.0},""M3_earnings_risk"":{""value"":null,""score"":80.0},""M4_vix"":{""value"":null,""score"":60.0},""_score"":84.0},""liquidity"":{""L1_price"":{""value"":435.7,""score"":100.0},""L2_dollar_vol"":{""value"":1623932045.489369,""score"":100.0},""L3_spread_proxy"":{""value"":0.046224466375946856,""score"":53.775533624053146},""L4_volume_zscore"":{""value"":-1.355973289597109,""score"":100.0},""_score"":95.38},""pattern_structure"":{""left_low"":398.0,""left_idx"":22,""right_low"":406.01,""right_idx"":71,""separation_bars"":49,""structural_low"":398.0,""current_price"":435.615,""neckline_distance_pct"":-0.006439172204813899,""base_bars"":49},""pattern_geometry_features"":{""low_similarity_pct"":0.019925125309386678,""bounce_pct"":0.08746231155778895,""right_bottom_reaction"":0.2807414104882475,""atr_pct"":0.03998652414833275},""_schema_version"":""1.0""}",,,,,,,,,,
20260508T185417Z-990aff,2026-05-08T18:54:17.243985+00:00,CRML,double_bottom,forming,59.18,84.7,70.8,45.9,52.3,0.0,37.9,85.1,84.0,91.8,12.71,17.71,3.67,7.32,0.0,3.03,5.11,5.04,4.59,False,,12.6399,14.27,11.7215,16.64,"{""trend"":{""T1_ema_stack"":{""value"":[true,true,true],""score"":100.0},""T2_ema50_slope"":{""value"":0.6070767573510123,""score"":100},""T3_high_proximity"":{""value"":0.874733564013841,""score"":37.36678200692045},""T4_rs_1m"":{""value"":0.3565118139671952,""score"":100},""T5_rs_3m"":{""value"":0.07854447694342293,""score"":89.27223847171146},""T6_adr_healthy"":{""value"":11.424769832671029,""score"":14.380754183224287},""_score"":84.71},""geometry"":{""sub_low_similarity"":27.4,""sub_bounce_quality"":100,""sub_separation_fit"":93.3,""sub_right_bottom_reaction"":57.5,""sub_base_context"":100.0,""_score"":70.84},""compression"":{""VC1_atr_ratio"":{""value"":0.7224799579597514,""score"":69.38001051006215},""VC2_range_contraction"":{""value"":1.0412469162844709,""score"":0},""VC3_range_pct_rank"":{""score"":72.5},""_score"":45.88},""sr_quality"":{""SR1_touches"":{""value"":3,""score"":50.0},""SR2_tightness"":{""value"":0.3630977860332145,""score"":52.980746865857284},""SR3_recency"":{""value"":232,""score"":0.0},""SR4_price_location"":{""score"":57.50124344464713},""SR5_reaction"":{""value"":3.064687247080588,""score"":100},""_score"":52.32,""_levels_found"":4,""_target_level"":14.2634},""volume"":{""V1_rvol_day"":{""value"":0.4203472748250017,""score"":0},""V2_rvol_sameslot"":{""value"":0.3967374273384948,""score"":0,""status"":""ok""},""V3_breakout_bar"":{""value"":0.30331769670391945,""score"":0},""V4_base_dryup"":{""value"":2.13014322981562,""score"":0},""V5_bo_expansion"":{""value"":0.4203472748250017,""score"":0},""_score"":0.0},""readiness"":{""_distance_atr"":1.055,""BR1_atr_distance"":{""score"":29.63687516861299},""BR2_compression"":{""score"":34.234045092450685},""BR3_retest"":{""score"":50.0},""BR4_bo_age"":{""score"":50.0},""_score"":37.91},""risk"":{""R1_stop_clarity"":{""score"":76.88518903919532},""R2_stop_distance_pct"":{""value"":7.265880268040095,""score"":100.0},""R3_stop_distance_atr"":{""value"":0.5946398427563883,""score"":54.731992137819404},""R4_rr_potential"":{""value"":4.355509581881532,""score"":100.0},""_score"":85.12},""market"":{""M1_spy_regime"":{""score"":100.0},""M3_earnings_risk"":{""value"":null,""score"":80.0},""M4_vix"":{""value"":null,""score"":60.0},""_score"":84.0},""liquidity"":{""L1_price"":{""value"":12.6399,""score"":100.0},""L2_dollar_vol"":{""value"":111073034.62306471,""score"":100.0},""L3_spread_proxy"":{""value"":0.08250065269503712,""score"":17.499347304962882},""L4_volume_zscore"":{""value"":-0.7702092064849239,""score"":100.0},""_score"":91.75},""pattern_structure"":{""left_low"":11.9,""left_idx"":45,""right_low"":12.34,""right_idx"":76,""separation_bars"":31,""structural_low"":11.9,""current_price"":12.65,""neckline_distance_pct"":0.1280632411067193,""base_bars"":31},""pattern_geometry_features"":{""low_similarity_pct"":0.03630363036303626,""bounce_pct"":0.19915966386554615,""right_bottom_reaction"":0.5753424657534266,""atr_pct"":0.12218959688876378},""_schema_version"":""1.0""}",,,,,,,,,,
20260508T185417Z-990aff,2026-05-08T18:54:17.243985+00:00,SIRI,double_bottom,forming,58.9,96.5,60.6,51.5,49.4,10.9,43.8,63.7,84.0,88.9,14.48,15.15,4.12,6.92,1.42,3.5,3.82,5.04,4.45,False,,26.765,27.56,25.8218,28.905,"{""trend"":{""T1_ema_stack"":{""value"":[true,true,true],""score"":100.0},""T2_ema50_slope"":{""value"":0.4606489139356299,""score"":100},""T3_high_proximity"":{""value"":0.953848895224519,""score"":76.92444761225947},""T4_rs_1m"":{""value"":0.05758501729343779,""score"":100},""T5_rs_3m"":{""value"":0.16661625694693738,""score"":100},""T6_adr_healthy"":{""value"":3.9194404142101846,""score"":100.0},""_score"":96.54},""geometry"":{""sub_low_similarity"":97.3,""sub_bounce_quality"":30.4,""sub_separation_fit"":0.0,""sub_right_bottom_reaction"":35.7,""sub_base_context"":100.0,""_score"":60.62},""compression"":{""VC1_atr_ratio"":{""value"":0.3522354292426286,""score"":100},""VC2_range_contraction"":{""value"":1.021064067821751,""score"":0},""VC3_range_pct_rank"":{""score"":45.833333333333336},""_score"":51.46},""sr_quality"":{""SR1_touches"":{""value"":4,""score"":75.0},""SR2_tightness"":{""value"":0.26432401990738585,""score"":54.04459166212268},""SR3_recency"":{""value"":244,""score"":0.0},""SR4_price_location"":{""score"":30.0},""SR5_reaction"":{""value"":1.5083670187334293,""score"":75.41835093667146},""_score"":49.42,""_levels_found"":4,""_target_level"":23.1438},""volume"":{""V1_rvol_day"":{""value"":0.22103506431297743,""score"":0},""V2_rvol_sameslot"":{""value"":0.23932077254409248,""score"":0,""status"":""ok""},""V3_breakout_bar"":{""value"":0.36001694997385425,""score"":0},""V4_base_dryup"":{""value"":0.955209230166188,""score"":54.479076983381205},""V5_bo_expansion"":{""value"":0.2210350643129774,""score"":0},""_score"":10.9},""readiness"":{""_distance_atr"":0.691,""BR1_atr_distance"":{""score"":53.927065675664025},""BR2_compression"":{""score"":18.952956729055543},""BR3_retest"":{""score"":50.0},""BR4_bo_age"":{""score"":50.0},""_score"":43.81},""risk"":{""R1_stop_clarity"":{""score"":31.633850567218474},""R2_stop_distance_pct"":{""value"":3.5240986362787288,""score"":100.0},""R3_stop_distance_atr"":{""value"":0.8199461033598487,""score"":65.99730516799244},""R4_rr_potential"":{""value"":2.268811789339758,""score"":63.440589466987895},""_score"":63.66},""market"":{""M1_spy_regime"":{""score"":100.0},""M3_earnings_risk"":{""value"":null,""score"":80.0},""M4_vix"":{""value"":null,""score"":60.0},""_score"":84.0},""liquidity"":{""L1_price"":{""value"":26.765,""score"":100.0},""L2_dollar_vol"":{""value"":37711117.232833385,""score"":78.82346995211216},""L3_spread_proxy"":{""value"":0.026149822529422734,""score"":73.85017747057726},""L4_volume_zscore"":{""value"":-1.41565473328119,""score"":100.0},""_score"":88.91},""pattern_structure"":{""left_low"":26.215,""left_idx"":27,""right_low"":26.25,""right_idx"":75,""separation_bars"":48,""structural_low"":26.215,""current_price"":26.785,""neckline_distance_pct"":0.0289341049094642,""base_bars"":48},""pattern_geometry_features"":{""low_similarity_pct"":0.0013342228152101454,""bounce_pct"":0.05130650390997516,""right_bottom_reaction"":0.35719388484069176,""atr_pct"":0.04297963758640014},""_schema_version"":""1.0""}",,,,,,,,,,
20260508T185417Z-990aff,2026-05-08T18:54:17.243985+00:00,NBIS,double_bottom,forming,58.7,94.3,69.0,24.0,41.5,17.8,31.4,83.8,84.0,93.5,14.14,17.26,1.92,5.81,2.32,2.51,5.03,5.04,4.67,False,,180.255,197.89,166.1793,227.07,"{""trend"":{""T1_ema_stack"":{""value"":[true,true,true],""score"":100.0},""T2_ema50_slope"":{""value"":0.746463884528607,""score"":100},""T3_high_proximity"":{""value"":0.9239581731508534,""score"":61.97908657542667},""T4_rs_1m"":{""value"":0.23744227723289235,""score"":100},""T5_rs_3m"":{""value"":1.0256222934358739,""score"":100},""T6_adr_healthy"":{""value"":7.838523149897752,""score"":100.0},""_score"":94.3},""geometry"":{""sub_low_similarity"":4.1,""sub_bounce_quality"":100,""sub_separation_fit"":100.0,""sub_right_bottom_reaction"":85.3,""sub_base_context"":100.0,""_score"":69.03},""compression"":{""VC1_atr_ratio"":{""value"":0.9014543794974298,""score"":24.63640512564255},""VC2_range_contraction"":{""value"":1.1013287591227647,""score"":0},""VC3_range_pct_rank"":{""score"":56.666666666666664},""_score"":24.02},""sr_quality"":{""SR1_touches"":{""value"":2,""score"":25.0},""SR2_tightness"":{""value"":0.6400000000000006,""score"":91.15104989928888},""SR3_recency"":{""value"":235,""score"":0.0},""SR4_price_location"":{""score"":30.0},""SR5_reaction"":{""value"":1.7075673831254679,""score"":85.3783691562734},""_score"":41.48,""_levels_found"":5,""_target_level"":168.07},""volume"":{""V1_rvol_day"":{""value"":0.6344629182155662,""score"":8.964194547704414},""V2_rvol_sameslot"":{""value"":0.7698614154507529,""score"":17.990761030050194,""status"":""ok""},""V3_breakout_bar"":{""value"":0.4220772726652469,""score"":0},""V4_base_dryup"":{""value"":0.8779435567222682,""score"":62.20564432777318},""V5_bo_expansion"":{""value"":0.6344629182155662,""score"":0},""_score"":17.83},""readiness"":{""_distance_atr"":1.219,""BR1_atr_distance"":{""score"":18.723315090603847},""BR2_compression"":{""score"":25.669947101752395},""BR3_retest"":{""score"":50.0},""BR4_bo_age"":{""score"":50.0},""_score"":31.41},""risk"":{""R1_stop_clarity"":{""score"":65.01000691818018},""R2_stop_distance_pct"":{""value"":7.8087431693989044,""score"":100.0},""R3_stop_distance_atr"":{""value"":0.9730837850396447,""score"":73.65418925198225},""R4_rr_potential"":{""value"":3.3259565277624823,""score"":100.0},""_score"":83.8},""market"":{""M1_spy_regime"":{""score"":100.0},""M3_earnings_risk"":{""value"":null,""score"":80.0},""M4_vix"":{""value"":null,""score"":60.0},""_score"":84.0},""liquidity"":{""L1_price"":{""value"":180.255,""score"":100.0},""L2_dollar_vol"":{""value"":1816335204.8398275,""score"":100.0},""L3_spread_proxy"":{""value"":0.06512940001664312,""score"":34.87059998335688},""L4_volume_zscore"":{""value"":-1.3843306740956547,""score"":100.0},""_score"":93.49},""pattern_structure"":{""left_low"":168.71,""left_idx"":57,""right_low"":177.0,""right_idx"":72,""separation_bars"":15,""structural_low"":168.71,""current_price"":181.3601,""neckline_distance_pct"":0.09114408295981309,""base_bars"":15},""pattern_geometry_features"":{""low_similarity_pct"":0.04795927222238287,""bounce_pct"":0.17295951632979656,""right_bottom_reaction"":0.8530884808013366,""atr_pct"":0.08024738762942975},""_schema_version"":""1.0""}",,,,,,,,,,
20260508T185417Z-990aff,2026-05-08T18:54:17.243985+00:00,ON,inverse_head_shoulders,forming,58.7,97.5,67.9,39.3,37.4,14.2,55.9,67.6,84.0,97.7,11.7,19.02,3.14,5.23,1.99,4.47,4.06,4.2,4.88,False,,102.24,105.81,94.6388,115.54,"{""trend"":{""T1_ema_stack"":{""value"":[true,true,true],""score"":100.0},""T2_ema50_slope"":{""value"":0.9245322005328513,""score"":100},""T3_high_proximity"":{""value"":0.9666256972676562,""score"":83.3128486338281},""T4_rs_1m"":{""value"":0.4080188030606433,""score"":100},""T5_rs_3m"":{""value"":0.5001664459764348,""score"":100},""T6_adr_healthy"":{""value"":4.3840718612624245,""score"":100.0},""_score"":97.5},""geometry"":{""sub_head_depth"":63.1,""sub_shoulder_price_sym"":73.0,""sub_shoulder_time_sym"":60.0,""sub_right_shoulder_reaction"":47.0,""sub_base_context"":100.0,""_score"":67.92},""compression"":{""VC1_atr_ratio"":{""value"":0.8217636414187852,""score"":44.55908964530369},""VC2_range_contraction"":{""value"":1.0443147687158065,""score"":0},""VC3_range_pct_rank"":{""score"":85.83333333333334},""_score"":39.28},""sr_quality"":{""SR1_touches"":{""value"":2,""score"":25.0},""SR2_tightness"":{""value"":0.8300000000000054,""score"":67.38625535551625},""SR3_recency"":{""value"":274,""score"":0.0},""SR4_price_location"":{""score"":30.0},""SR5_reaction"":{""value"":1.6380547950203703,""score"":81.90273975101852},""_score"":37.39,""_levels_found"":5,""_target_level"":72.93},""volume"":{""V1_rvol_day"":{""value"":0.42042524027381906,""score"":0},""V2_rvol_sameslot"":{""value"":0.9309140400832759,""score"":28.727602672218396,""status"":""ok""},""V3_breakout_bar"":{""value"":0.5583059338101015,""score"":3.887062254006768},""V4_base_dryup"":{""value"":1.124821849450952,""score"":37.51781505490479},""V5_bo_expansion"":{""value"":0.4204252402738191,""score"":0},""_score"":14.22},""readiness"":{""_distance_atr"":0.701,""BR1_atr_distance"":{""score"":53.24053478682473},""BR2_compression"":{""score"":68.29288455511904},""BR3_retest"":{""score"":50.0},""BR4_bo_age"":{""score"":50.0},""_score"":55.87},""risk"":{""R1_stop_clarity"":{""score"":43.369965323337965},""R2_stop_distance_pct"":{""value"":7.434663536776205,""score"":100.0},""R3_stop_distance_atr"":{""value"":1.493395155371373,""score"":99.66975776856864},""R4_rr_potential"":{""value"":1.749723727832451,""score"":37.486186391622546},""_score"":67.63},""market"":{""M1_spy_regime"":{""score"":100.0},""M3_earnings_risk"":{""value"":null,""score"":80.0},""M4_vix"":{""value"":null,""score"":60.0},""_score"":84.0},""liquidity"":{""L1_price"":{""value"":102.24,""score"":100.0},""L2_dollar_vol"":{""value"":563195011.277818,""score"":100.0},""L3_spread_proxy"":{""value"":0.023278560250391194,""score"":76.7214397496088},""L4_volume_zscore"":{""value"":-1.385835461054335,""score"":100.0},""_score"":97.67},""pattern_structure"":{""left_shoulder"":101.49,""left_shoulder_idx"":73,""head"":96.08,""head_idx"":77,""right_shoulder"":99.325,""right_shoulder_idx"":82,""left_to_head_bars"":4,""head_to_right_bars"":5,""structural_low"":96.08,""current_price"":102.33,""neckline_distance_pct"":0.03400762239812376,""base_bars"":9},""pattern_geometry_features"":{""head_depth_pct"":0.043099370066977075,""shoulder_price_asymmetry"":0.021562134302716352,""shoulder_time_asymmetry"":0.2,""right_shoulder_reaction"":0.4697336561743341,""atr_pct"":0.049783632349653474},""_schema_version"":""1.0""}",,,,,,,,,,
20260508T185417Z-990aff,2026-05-08T18:54:17.243985+00:00,NXPI,double_bottom,forming,58.36,98.3,58.5,17.3,46.2,28.7,46.5,62.8,84.0,97.7,14.75,14.62,1.38,6.46,3.73,3.72,3.77,5.04,4.89,False,,296.75,302.99,275.5734,326.21,"{""trend"":{""T1_ema_stack"":{""value"":[true,true,true],""score"":100.0},""T2_ema50_slope"":{""value"":0.478682330158802,""score"":100},""T3_high_proximity"":{""value"":0.977598418711909,""score"":88.79920935595447},""T4_rs_1m"":{""value"":0.35809147027750265,""score"":100},""T5_rs_3m"":{""value"":0.2549552336854921,""score"":100},""T6_adr_healthy"":{""value"":3.507590463714144,""score"":100.0},""_score"":98.32},""geometry"":{""sub_low_similarity"":38.7,""sub_bounce_quality"":75.7,""sub_separation_fit"":66.7,""sub_right_bottom_reaction"":11.6,""sub_base_context"":100.0,""_score"":58.5},""compression"":{""VC1_atr_ratio"":{""value"":1.3271713231340116,""score"":0},""VC2_range_contraction"":{""value"":1.295272942367839,""score"":0},""VC3_range_pct_rank"":{""score"":69.16666666666667},""_score"":17.29},""sr_quality"":{""SR1_touches"":{""value"":3,""score"":50.0},""SR2_tightness"":{""value"":1.755227114142836,""score"":74.74492063151142},""SR3_recency"":{""value"":293,""score"":0.0},""SR4_price_location"":{""score"":30.0},""SR5_reaction"":{""value"":1.6597130831002482,""score"":82.98565415501241},""_score"":46.16,""_levels_found"":5,""_target_level"":244.4267},""volume"":{""V1_rvol_day"":{""value"":0.870541788902225,""score"":24.702785926815},""V2_rvol_sameslot"":{""value"":1.4814630100345711,""score"":65.43086733563808,""status"":""ok""},""V3_breakout_bar"":{""value"":0.7006844365560922,""score"":13.378962437072817},""V4_base_dryup"":{""value"":1.1347627984048052,""score"":36.52372015951948},""V5_bo_expansion"":{""value"":0.870541788902225,""score"":0},""_score"":28.68},""readiness"":{""_distance_atr"":0.449,""BR1_atr_distance"":{""score"":70.07192706676618},""BR2_compression"":{""score"":3.9588123614647994},""BR3_retest"":{""score"":50.0},""BR4_bo_age"":{""score"":50.0},""_score"":46.52},""risk"":{""R1_stop_clarity"":{""score"":39.61795458271046},""R2_stop_distance_pct"":{""value"":7.136158382476839,""score"":100.0},""R3_stop_distance_atr"":{""value"":1.5234935886400776,""score"":100.0},""R4_rr_potential"":{""value"":1.3911614498112304,""score"":19.558072490561518},""_score"":62.78},""market"":{""M1_spy_regime"":{""score"":100.0},""M3_earnings_risk"":{""value"":null,""score"":80.0},""M4_vix"":{""value"":null,""score"":60.0},""_score"":84.0},""liquidity"":{""L1_price"":{""value"":296.75,""score"":100.0},""L2_dollar_vol"":{""value"":997265878.2952685,""score"":100.0},""L3_spread_proxy"":{""value"":0.02278011794439761,""score"":77.2198820556024},""L4_volume_zscore"":{""value"":-0.2623251336086781,""score"":100.0},""_score"":97.72},""pattern_structure"":{""left_low"":279.77,""left_idx"":39,""right_low"":288.48,""right_idx"":74,""separation_bars"":35,""structural_low"":279.77,""current_price"":296.465,""neckline_distance_pct"":0.02200934343008461,""base_bars"":35},""pattern_geometry_features"":{""low_similarity_pct"":0.030655521337439637,""bounce_pct"":0.08299674732816252,""right_bottom_reaction"":0.11619718309858697,""atr_pct"":0.04684075099289927},""_schema_version"":""1.0""}",,,,,,,,,,
20260508T185417Z-990aff,2026-05-08T18:54:17.243985+00:00,ON,double_bottom,forming,58.22,97.5,59.9,39.3,37.4,14.0,55.9,67.0,84.0,97.7,14.62,14.98,3.14,5.23,1.82,4.47,4.02,5.04,4.88,False,,102.24,105.81,95.8799,114.28,"{""trend"":{""T1_ema_stack"":{""value"":[true,true,true],""score"":100.0},""T2_ema50_slope"":{""value"":0.9245322005328513,""score"":100},""T3_high_proximity"":{""value"":0.9666256972676562,""score"":83.3128486338281},""T4_rs_1m"":{""value"":0.4080188030606433,""score"":100},""T5_rs_3m"":{""value"":0.5001664459764348,""score"":100},""T6_adr_healthy"":{""value"":4.3840718612624245,""score"":100.0},""_score"":97.5},""geometry"":{""sub_low_similarity"":51.5,""sub_bounce_quality"":81.4,""sub_separation_fit"":46.7,""sub_right_bottom_reaction"":8.0,""sub_base_context"":100.0,""_score"":59.94},""compression"":{""VC1_atr_ratio"":{""value"":0.8217636414187852,""score"":44.55908964530369},""VC2_range_contraction"":{""value"":1.0443147687158065,""score"":0},""VC3_range_pct_rank"":{""score"":85.83333333333334},""_score"":39.28},""sr_quality"":{""SR1_touches"":{""value"":2,""score"":25.0},""SR2_tightness"":{""value"":0.8300000000000054,""score"":67.38625535551625},""SR3_recency"":{""value"":274,""score"":0.0},""SR4_price_location"":{""score"":30.0},""SR5_reaction"":{""value"":1.6380547950203703,""score"":81.90273975101852},""_score"":37.39,""_levels_found"":5,""_target_level"":72.93},""volume"":{""V1_rvol_day"":{""value"":0.42042524027381906,""score"":0},""V2_rvol_sameslot"":{""value"":0.9309140400832759,""score"":28.727602672218396,""status"":""ok""},""V3_breakout_bar"":{""value"":0.5583059338101015,""score"":3.887062254006768},""V4_base_dryup"":{""value"":1.13639466735818,""score"":36.360533264182},""V5_bo_expansion"":{""value"":0.4204252402738191,""score"":0},""_score"":13.99},""readiness"":{""_distance_atr"":0.701,""BR1_atr_distance"":{""score"":53.24053478682473},""BR2_compression"":{""score"":68.29288455511904},""BR3_retest"":{""score"":50.0},""BR4_bo_age"":{""score"":50.0},""_score"":55.87},""risk"":{""R1_stop_clarity"":{""score"":42.62731499348157},""R2_stop_distance_pct"":{""value"":6.220755086071977,""score"":100.0},""R3_stop_distance_atr"":{""value"":1.24955829706855,""score"":87.47791485342749},""R4_rr_potential"":{""value"":1.8930519960378025,""score"":44.652599801890126},""_score"":66.97},""market"":{""M1_spy_regime"":{""score"":100.0},""M3_earnings_risk"":{""value"":null,""score"":80.0},""M4_vix"":{""value"":null,""score"":60.0},""_score"":84.0},""liquidity"":{""L1_price"":{""value"":102.24,""score"":100.0},""L2_dollar_vol"":{""value"":563195011.277818,""score"":100.0},""L3_spread_proxy"":{""value"":0.023278560250391194,""score"":76.7214397496088},""L4_volume_zscore"":{""value"":-1.385835461054335,""score"":100.0},""_score"":97.67},""pattern_structure"":{""left_low"":97.34,""left_idx"":36,""right_low"":99.73,""right_idx"":74,""separation_bars"":38,""structural_low"":97.34,""current_price"":102.33,""neckline_distance_pct"":0.03400762239812376,""base_bars"":38},""pattern_geometry_features"":{""low_similarity_pct"":0.02425534074186838,""bounce_pct"":0.08701458804191492,""right_bottom_reaction"":0.08024691358024459,""atr_pct"":0.049783632349653474},""_schema_version"":""1.0""}",,,,,,,,,,
20260508T185417Z-990aff,2026-05-08T18:54:17.243985+00:00,LRCX,ascending_triangle,forming,57.78,99.5,55.0,43.2,41.6,21.3,56.2,31.0,84.0,96.7,14.93,15.4,3.46,5.83,2.56,4.5,1.24,5.04,4.83,False,,295.28,297.995,251.1257,341.04,"{""trend"":{""T1_ema_stack"":{""value"":[true,true,true],""score"":100.0},""T2_ema50_slope"":{""value"":0.37419447320323984,""score"":100},""T3_high_proximity"":{""value"":0.9936400040380925,""score"":96.82000201904623},""T4_rs_1m"":{""value"":0.05638077765737037,""score"":100},""T5_rs_3m"":{""value"":0.21028135083674027,""score"":100},""T6_adr_healthy"":{""value"":3.8754710769982452,""score"":100.0},""_score"":99.52},""geometry"":{""sub_flat_top_quality"":33.3,""sub_hl_slope"":100,""sub_compression"":0,""sub_duration"":100.0,""_score"":54.99},""compression"":{""VC1_atr_ratio"":{""value"":0.734255288364026,""score"":66.4361779089935},""VC2_range_contraction"":{""value"":1.0571697648354015,""score"":0},""VC3_range_pct_rank"":{""score"":66.66666666666667},""_score"":43.24},""sr_quality"":{""SR1_touches"":{""value"":2,""score"":25.0},""SR2_tightness"":{""value"":1.1699999999999875,""score"":83.05925279721438},""SR3_recency"":{""value"":233,""score"":0.0},""SR4_price_location"":{""score"":30.0},""SR5_reaction"":{""value"":1.8917167709777476,""score"":94.58583854888738},""_score"":41.65,""_levels_found"":8,""_target_level"":274.67},""volume"":{""V1_rvol_day"":{""value"":0.4616804679387111,""score"":0},""V2_rvol_sameslot"":{""value"":0.8246898968497864,""score"":21.645993123319094,""status"":""ok""},""V3_breakout_bar"":{""value"":0.7438680747644817,""score"":16.25787165096545},""V4_base_dryup"":{""value"":0.8532278089376754,""score"":64.67721910623246},""V5_bo_expansion"":{""value"":0.4616804679387111,""score"":0},""_score"":21.33},""readiness"":{""_distance_atr"":0.197,""BR1_atr_distance"":{""score"":86.89625964228946},""BR2_compression"":{""score"":15.843221336425461},""BR3_retest"":{""score"":50.0},""BR4_bo_age"":{""score"":50.0},""_score"":56.22},""risk"":{""R1_stop_clarity"":{""score"":44.627647444227605},""R2_stop_distance_pct"":{""value"":14.953349363316173,""score"":0.0},""R3_stop_distance_atr"":{""value"":3.1966067828145506,""score"":100.0},""R4_rr_potential"":{""value"":1.0363668276553233,""score"":1.8183413827661643},""_score"":30.98},""market"":{""M1_spy_regime"":{""score"":100.0},""M3_earnings_risk"":{""value"":null,""score"":80.0},""M4_vix"":{""value"":null,""score"":60.0},""_score"":84.0},""liquidity"":{""L1_price"":{""value"":295.28,""score"":100.0},""L2_dollar_vol"":{""value"":1279354139.8518784,""score"":100.0},""L3_spread_proxy"":{""value"":0.0335274993226769,""score"":66.4725006773231},""L4_volume_zscore"":{""value"":-2.0167254619828596,""score"":100.0},""_score"":96.65},""pattern_structure"":{""top"":297.995,""top_touches"":2,""low_slope_per_bar"":1.3061696583671156,""lowest_low"":254.95,""structural_low"":254.95,""current_price"":295.42,""neckline_distance_pct"":0.008716403764132383,""base_bars"":33},""pattern_geometry_features"":{""top_touches"":2.0,""low_slope"":1.3061696583671156,""compression"":-0.04580085898321351,""atr_pct"":0.04677882010295316},""_schema_version"":""1.0""}",,,,,,,,,,
20260508T185417Z-990aff,2026-05-08T18:54:17.243985+00:00,SATS,vcp,setup,57.7,73.7,55.8,72.7,47.6,10.2,62.6,54.2,84.0,96.4,11.05,13.94,8.72,5.71,1.33,4.38,2.71,5.04,4.82,False,,126.81,124.96,114.7919,146.08,"{""trend"":{""T1_ema_stack"":{""value"":[true,true,true],""score"":100.0},""T2_ema50_slope"":{""value"":0.191931581897951,""score"":81.98859698299184},""T3_high_proximity"":{""value"":0.9385685737547182,""score"":69.28428687735911},""T4_rs_1m"":{""value"":-0.028795833005671012,""score"":21.204166994328986},""T5_rs_3m"":{""value"":0.06825680004128509,""score"":84.12840002064254},""T6_adr_healthy"":{""value"":4.357518158282827,""score"":100.0},""_score"":73.65},""geometry"":{""sub_contraction_count"":100.0,""sub_reduction_rate"":14.3,""sub_pivot_tightness"":46.6,""sub_volume_dryup"":67.9,""sub_base_depth"":0.0,""sub_base_duration"":100.0,""_score"":55.75},""compression"":{""VC1_atr_ratio"":{""value"":0.5223576293326212,""score"":100},""VC2_range_contraction"":{""value"":0.7363965001961186,""score"":43.93391663398024},""VC3_range_pct_rank"":{""score"":69.16666666666667},""_score"":72.67},""sr_quality"":{""SR1_touches"":{""value"":3,""score"":50.0},""SR2_tightness"":{""value"":0.9954865923534848,""score"":66.22631534740134},""SR3_recency"":{""value"":248,""score"":0.0},""SR4_price_location"":{""score"":30.629222547141353},""SR5_reaction"":{""value"":2.8147378063409216,""score"":100},""_score"":47.59,""_levels_found"":5,""_target_level"":131.3963},""volume"":{""V1_rvol_day"":{""value"":0.43494663706967884,""score"":0},""V2_rvol_sameslot"":{""value"":0.6335516728741033,""score"":8.903444858273552,""status"":""ok""},""V3_breakout_bar"":{""value"":0.6699484113585621,""score"":11.329894090570807},""V4_base_dryup"":{""value"":1.2187814874949572,""score"":28.121851250504278},""V5_bo_expansion"":{""value"":0.43494663706967884,""score"":0},""_score"":10.24},""readiness"":{""_distance_atr"":-0.314,""BR1_atr_distance"":{""score"":100.0},""BR2_compression"":{""score"":20.35779879668683},""BR3_retest"":{""score"":50.0},""BR4_bo_age"":{""score"":50.0},""_score"":62.59},""risk"":{""R1_stop_clarity"":{""score"":40.692543129457135},""R2_stop_distance_pct"":{""value"":9.47724942827853,""score"":63.068764293036764},""R3_stop_distance_atr"":{""value"":2.03867898694545,""score"":100.0},""R4_rr_potential"":{""value"":1.6034148492690172,""score"":30.17074246345086},""_score"":54.2},""market"":{""M1_spy_regime"":{""score"":100.0},""M3_earnings_risk"":{""value"":null,""score"":80.0},""M4_vix"":{""value"":null,""score"":60.0},""_score"":84.0},""liquidity"":{""L1_price"":{""value"":126.81,""score"":100.0},""L2_dollar_vol"":{""value"":258003331.79556105,""score"":100.0},""L3_spread_proxy"":{""value"":0.036038167336960865,""score"":63.96183266303913},""L4_volume_zscore"":{""value"":-1.2763796151981306,""score"":100.0},""_score"":96.4},""pattern_structure"":{""n_contractions"":5,""contractions_pct"":[13.76,10.57,9.62,15.37,6.74],""descending_strict"":false,""final_low"":116.54,""final_pivot"":124.96,""structural_low"":116.54,""dry_up_ratio"":0.6603835370044401,""current_price"":126.81,""neckline_distance_pct"":-0.014588754830060788,""base_bars"":45,""recent_base_height"":21.120000000000005},""pattern_geometry_features"":{""contraction_count"":5.0,""first_contraction_pct"":0.1376192042091417,""last_contraction_pct"":0.06738156209987187,""dry_up_ratio"":0.6603835370044401,""near_monotone"":0.0,""base_depth_pct"":0.04192699769812557},""_schema_version"":""1.0""}",,,,,,,,,,
20260508T185417Z-990aff,2026-05-08T18:54:17.243985+00:00,COHR,double_bottom,forming,57.61,95.2,58.8,51.4,39.0,26.0,28.8,62.0,84.0,92.5,14.28,14.7,4.11,5.45,3.38,2.3,3.72,5.04,4.63,False,,327.925,354.2,293.6186,410.31,"{""trend"":{""T1_ema_stack"":{""value"":[true,true,true],""score"":100.0},""T2_ema50_slope"":{""value"":0.7106419323735778,""score"":100},""T3_high_proximity"":{""value"":0.9356720974691128,""score"":67.8360487345564},""T4_rs_1m"":{""value"":0.06922086895214807,""score"":100},""T5_rs_3m"":{""value"":0.37235728857545447,""score"":100},""T6_adr_healthy"":{""value"":6.374024559145377,""score"":100.0},""_score"":95.18},""geometry"":{""sub_low_similarity"":32.0,""sub_bounce_quality"":100,""sub_separation_fit"":53.3,""sub_right_bottom_reaction"":7.9,""sub_base_context"":100.0,""_score"":58.78},""compression"":{""VC1_atr_ratio"":{""value"":0.44169922702850195,""score"":100},""VC2_range_contraction"":{""value"":0.9829392098317293,""score"":2.8434650280451113},""VC3_range_pct_rank"":{""score"":41.666666666666664},""_score"":51.41},""sr_quality"":{""SR1_touches"":{""value"":2,""score"":25.0},""SR2_tightness"":{""value"":4.920999999999992,""score"":59.651083248997395},""SR3_recency"":{""value"":231,""score"":0.0},""SR4_price_location"":{""score"":30.0},""SR5_reaction"":{""value"":2.0306467633719407,""score"":100},""_score"":38.95,""_levels_found"":4,""_target_level"":286.081},""volume"":{""V1_rvol_day"":{""value"":0.9832274034108637,""score"":32.21516022739091},""V2_rvol_sameslot"":{""value"":1.4099133860845796,""score"":60.66089240563864,""status"":""ok""},""V3_breakout_bar"":{""value"":0.4061983897950057,""score"":0},""V4_base_dryup"":{""value"":1.1284420166302878,""score"":37.15579833697122},""V5_bo_expansion"":{""value"":0.9832274034108633,""score"":0},""_score"":26.01},""readiness"":{""_distance_atr"":1.077,""BR1_atr_distance"":{""score"":28.18751015155496},""BR2_compression"":{""score"":0},""BR3_retest"":{""score"":50.0},""BR4_bo_age"":{""score"":50.0},""_score"":28.78},""risk"":{""R1_stop_clarity"":{""score"":63.33791324637331},""R2_stop_distance_pct"":{""value"":10.461645193260674,""score"":38.45887016848315},""R3_stop_distance_atr"":{""value"":1.4064459054874647,""score"":95.32229527437323},""R4_rr_potential"":{""value"":2.4014504603375126,""score"":70.07252301687564},""_score"":62.02},""market"":{""M1_spy_regime"":{""score"":100.0},""M3_earnings_risk"":{""value"":null,""score"":80.0},""M4_vix"":{""value"":null,""score"":60.0},""_score"":84.0},""liquidity"":{""L1_price"":{""value"":327.925,""score"":100.0},""L2_dollar_vol"":{""value"":1979696779.5906622,""score"":100.0},""L3_spread_proxy"":{""value"":0.0745289319204087,""score"":25.471068079591305},""L4_volume_zscore"":{""value"":-0.0521316757020137,""score"":100.0},""_score"":92.55},""pattern_structure"":{""left_low"":298.09,""left_idx"":37,""right_low"":308.4,""right_idx"":74,""separation_bars"":37,""structural_low"":298.09,""current_price"":328.5719,""neckline_distance_pct"":0.07799845330656686,""base_bars"":37},""pattern_geometry_features"":{""low_similarity_pct"":0.03399891177101025,""bounce_pct"":0.18823174209131477,""right_bottom_reaction"":0.07885871784402419,""atr_pct"":0.07438355895838551},""_schema_version"":""1.0""}",,,,,,,,,,
20260508T185417Z-990aff,2026-05-08T18:54:17.243985+00:00,NOK,double_bottom,forming,57.52,96.6,80.9,8.2,38.2,5.7,17.8,81.0,84.0,94.5,14.49,20.22,0.66,5.36,0.74,1.43,4.86,5.04,4.73,False,,12.815,13.98,11.9284,15.85,"{""trend"":{""T1_ema_stack"":{""value"":[true,true,true],""score"":100.0},""T2_ema50_slope"":{""value"":0.7861567065531542,""score"":100},""T3_high_proximity"":{""value"":0.9549180327868853,""score"":77.45901639344261},""T4_rs_1m"":{""value"":0.2571309522718628,""score"":100},""T5_rs_3m"":{""value"":0.7446566881645449,""score"":100},""T6_adr_healthy"":{""value"":5.303025839988694,""score"":100.0},""_score"":96.62},""geometry"":{""sub_low_similarity"":96.7,""sub_bounce_quality"":100,""sub_separation_fit"":66.7,""sub_right_bottom_reaction"":12.5,""sub_base_context"":100.0,""_score"":80.89},""compression"":{""VC1_atr_ratio"":{""value"":0.9571891583858677,""score"":10.702710403533072},""VC2_range_contraction"":{""value"":1.2906349681409663,""score"":0},""VC3_range_pct_rank"":{""score"":15.833333333333332},""_score"":8.24},""sr_quality"":{""SR1_touches"":{""value"":3,""score"":50.0},""SR2_tightness"":{""value"":0.18587630295441146,""score"":52.52548178637282},""SR3_recency"":{""value"":254,""score"":0.0},""SR4_price_location"":{""score"":30.0},""SR5_reaction"":{""value"":1.0493061383344886,""score"":52.46530691672443},""_score"":38.25,""_levels_found"":5,""_target_level"":8.575},""volume"":{""V1_rvol_day"":{""value"":0.6606208007542719,""score"":10.708053383618125},""V2_rvol_sameslot"":{""value"":0.7654264995983983,""score"":17.69509997322655,""status"":""ok""},""V3_breakout_bar"":{""value"":0.33656971667572644,""score"":0},""V4_base_dryup"":{""value"":1.8494579252633703,""score"":0},""V5_bo_expansion"":{""value"":0.6606208007542721,""score"":0},""_score"":5.68},""readiness"":{""_distance_atr"":1.488,""BR1_atr_distance"":{""score"":0.8160932121963071},""BR2_compression"":{""score"":0},""BR3_retest"":{""score"":50.0},""BR4_bo_age"":{""score"":50.0},""_score"":17.83},""risk"":{""R1_stop_clarity"":{""score"":53.60491845149064},""R2_stop_distance_pct"":{""value"":6.918845103394455,""score"":100.0},""R3_stop_distance_atr"":{""value"":1.1322928448936398,""score"":81.61464224468199},""R4_rr_potential"":{""value"":3.422996672869795,""score"":100.0},""_score"":81.0},""market"":{""M1_spy_regime"":{""score"":100.0},""M3_earnings_risk"":{""value"":null,""score"":80.0},""M4_vix"":{""value"":null,""score"":60.0},""_score"":84.0},""liquidity"":{""L1_price"":{""value"":12.815,""score"":100.0},""L2_dollar_vol"":{""value"":954406618.9771925,""score"":100.0},""L3_spread_proxy"":{""value"":0.05462348809988304,""score"":45.37651190011696},""L4_volume_zscore"":{""value"":-1.0274388272983157,""score"":100.0},""_score"":94.54},""pattern_structure"":{""left_low"":12.11,""left_idx"":39,""right_low"":12.13,""right_idx"":74,""separation_bars"":35,""structural_low"":12.11,""current_price"":12.805,""neckline_distance_pct"":0.09176103084732531,""base_bars"":35},""pattern_geometry_features"":{""low_similarity_pct"":0.0016501650165017614,""bounce_pct"":0.15441783649876145,""right_bottom_reaction"":0.12499999999999074,""atr_pct"":0.06110473217769355},""_schema_version"":""1.0""}",,,,,,,,,,
20260508T185417Z-990aff,2026-05-08T18:54:17.243985+00:00,MKSI,bull_flag,absent,57.5,100.0,48.6,48.1,51.6,23.1,45.1,77.3,84.0,95.1,14.0,14.59,4.33,5.17,3.24,4.06,2.32,5.04,4.75,False,,315.62,326.835,291.3334,378.63,"{""trend"":{""T1_ema_stack"":{""value"":[true,true,true],""score"":100.0},""T2_ema50_slope"":{""value"":0.4397829111169134,""score"":100},""T3_high_proximity"":{""value"":1.0,""score"":99.99999999999997},""T4_rs_1m"":{""value"":0.11418250778764194,""score"":100},""T5_rs_3m"":{""value"":0.23112986038886563,""score"":100},""T6_adr_healthy"":{""value"":5.034825634472247,""score"":100.0},""_score"":100.0},""geometry"":{""sub_pole_impulse"":60.1,""sub_flag_tightness"":22.4,""sub_flag_shallowness"":0,""sub_flag_drift"":100,""sub_flag_duration"":100.0,""_score"":48.63},""compression"":{""VC1_atr_ratio"":{""value"":0.6165266314719807,""score"":95.86834213200481},""VC2_range_contraction"":{""value"":1.3161084062714572,""score"":0},""VC3_range_pct_rank"":{""score"":39.16666666666667},""_score"":48.14},""sr_quality"":{""SR1_touches"":{""value"":4,""score"":75.0},""SR2_tightness"":{""value"":3.5844531922596055,""score"":58.96361835034219},""SR3_recency"":{""value"":230,""score"":0.0},""SR4_price_location"":{""score"":30.0},""SR5_reaction"":{""value"":1.707033305543619,""score"":85.35166527718096},""_score"":51.65,""_levels_found"":4,""_target_level"":264.9688},""volume"":{""V1_rvol_day"":{""value"":0.9846057492949738,""score"":32.30704995299825},""V2_rvol_sameslot"":{""value"":1.6181801073183915,""score"":74.54534048789276,""status"":""ok""},""V3_breakout_bar"":{""value"":0.5468776620995908,""score"":3.125177473306051},""V4_base_dryup"":{""value"":1.4514014356936986,""score"":4.8598564306301455},""V5_bo_expansion"":{""value"":0.9846057492949738,""score"":0},""_score"":23.12},""readiness"":{""_distance_atr"":0.642,""BR1_atr_distance"":{""score"":57.20193146012404},""BR2_compression"":{""score"":18.953042509719058},""BR3_retest"":{""score"":50.0},""BR4_bo_age"":{""score"":50.0},""_score"":45.12},""risk"":{""R1_stop_clarity"":{""score"":49.20844289418076},""R2_stop_distance_pct"":{""value"":7.6948704137887445,""score"":100.0},""R3_stop_distance_atr"":{""value"":1.3902150220648173,""score"":94.51075110324086},""R4_rr_potential"":{""value"":2.594440132501316,""score"":79.72200662506582},""_score"":77.34},""market"":{""M1_spy_regime"":{""score"":100.0},""M3_earnings_risk"":{""value"":null,""score"":80.0},""M4_vix"":{""value"":null,""score"":60.0},""_score"":84.0},""liquidity"":{""L1_price"":{""value"":315.62,""score"":100.0},""L2_dollar_vol"":{""value"":392262537.12006074,""score"":100.0},""L3_spread_proxy"":{""value"":0.04939484189848562,""score"":50.60515810151438},""L4_volume_zscore"":{""value"":-0.03871499215845146,""score"":100.0},""_score"":95.06},""pattern_structure"":{""pole_low"":275.04,""pole_low_idx"":29,""peak_price"":326.835,""peak_idx"":49,""pole_gain"":0.18831806282722496,""flag_bars"":10,""flag_low"":295.77,""flag_high"":324.42,""structural_low"":295.77,""current_price"":315.77,""neckline_distance_pct"":0.035041327548532154,""base_bars"":10},""pattern_geometry_features"":{""pole_gain"":0.18831806282722496,""pullback_pct"":0.09504795997980632,""flag_range_pct"":0.08765891045940623,""flag_drift_per_bar"":0.008628931107317278,""atr_pct"":0.05535021771207691,""pole_atr_multiple"":3.402300309039899},""_schema_version"":""1.0""}",,,,,,,,,,
20260508T185417Z-990aff,2026-05-08T18:54:17.243985+00:00,CRS,breakout_retest_hold,setup,57.41,75.5,59.1,45.2,44.4,27.7,64.2,53.9,84.0,94.6,10.57,13.0,2.71,6.22,3.6,11.56,2.69,4.2,2.84,False,,430.765,430.69,425.8089,437.4207,"{""trend"":{""T1_ema_stack"":{""value"":[true,true,true],""score"":100.0},""T2_ema50_slope"":{""value"":0.3138738826239895,""score"":100},""T3_high_proximity"":{""value"":0.940206478086258,""score"":70.10323904312898},""T4_rs_1m"":{""value"":-0.08578584425989821,""score"":0},""T5_rs_3m"":{""value"":0.11189080570800924,""score"":100},""T6_adr_healthy"":{""value"":4.472022406174626,""score"":100.0},""_score"":75.52},""geometry"":{""sub_retest_depth"":69.5,""sub_retest_timing"":0.0,""sub_retest_freshness"":75.0,""sub_hold_quality"":77.5,""_score"":59.1},""compression"":{""VC1_atr_ratio"":{""value"":0.5702300503220183,""score"":100},""VC2_range_contraction"":{""value"":1.1181507144811942,""score"":0},""VC3_range_pct_rank"":{""score"":20.833333333333336},""_score"":45.21},""sr_quality"":{""SR1_touches"":{""value"":2,""score"":25.0},""SR2_tightness"":{""value"":3.759999999999991,""score"":66.01781611532776},""SR3_recency"":{""value"":230,""score"":0.0},""SR4_price_location"":{""score"":52.399286168724345},""SR5_reaction"":{""value"":1.8570450089635768,""score"":92.85225044817884},""_score"":44.43,""_levels_found"":8,""_target_level"":446.24},""volume"":{""V1_rvol_day"":{""value"":0.5350215057209631,""score"":2.3347670480642053},""V2_rvol_sameslot"":{""value"":1.093464877300343,""score"":39.5643251533562,""status"":""ok""},""V3_breakout_bar"":{""value"":1.0864837734914647,""score"":39.09891823276432},""V4_base_dryup"":{""value"":1.021743359131073,""score"":47.82566408689271},""V5_bo_expansion"":{""value"":0.5350215057209629,""score"":0},""_score"":27.72},""readiness"":{""_distance_atr"":-0.003,""BR1_atr_distance"":{""score"":100.0},""BR2_compression"":{""score"":0},""BR3_retest"":{""score"":98.68951684487304},""BR4_bo_age"":{""score"":30.0},""_score"":64.24},""risk"":{""R1_stop_clarity"":{""score"":61.1274544929881},""R2_stop_distance_pct"":{""value"":1.1505345141782624,""score"":78.76336285445656},""R3_stop_distance_atr"":{""value"":0.2239615712112024,""score"":36.19807856056012},""R4_rr_potential"":{""value"":1.3429338160477577,""score"":17.146690802387887},""_score"":53.88},""market"":{""M1_spy_regime"":{""score"":100.0},""M3_earnings_risk"":{""value"":null,""score"":80.0},""M4_vix"":{""value"":null,""score"":60.0},""_score"":84.0},""liquidity"":{""L1_price"":{""value"":430.765,""score"":100.0},""L2_dollar_vol"":{""value"":153744974.6604673,""score"":100.0},""L3_spread_proxy"":{""value"":0.054321962090699186,""score"":45.67803790930081},""L4_volume_zscore"":{""value"":-1.074801909240611,""score"":100.0},""_score"":94.57},""pattern_structure"":{""level"":430.69,""level_idx"":50,""breakout_idx"":57,""bo_peak_idx"":69,""bo_peak_price"":475.69,""retest_idx"":79,""retest_low"":430.11,""structural_low"":430.11,""current_price"":430.825,""neckline_distance_pct"":-0.0003133522892125362,""base_bars"":29,""bars_since_breakout"":22},""pattern_geometry_features"":{""retest_depth_atr"":0.086172132017402,""bars_breakout_to_retest"":22.0,""bars_since_retest"":0.0,""current_above_level_atr"":0.02005730659025656,""bo_peak_excess_pct"":0.10448350321577005,""atr_pct"":0.05137196117870036},""_schema_version"":""1.0""}",,,,,,,,,,
20260508T185417Z-990aff,2026-05-08T18:54:17.243985+00:00,PL,double_bottom,forming,57.35,96.5,53.3,53.0,39.8,31.7,40.8,46.1,84.0,90.6,14.48,13.32,4.24,5.58,4.12,3.27,2.77,5.04,4.53,False,,38.811,40.92,33.228,48.106,"{""trend"":{""T1_ema_stack"":{""value"":[true,true,true],""score"":100.0},""T2_ema50_slope"":{""value"":0.6389789778413608,""score"":100},""T3_high_proximity"":{""value"":0.9729506141890197,""score"":86.47530709450984},""T4_rs_1m"":{""value"":0.04907610922521055,""score"":99.07610922521056},""T5_rs_3m"":{""value"":0.6755992837718146,""score"":100},""T6_adr_healthy"":{""value"":8.9981619240552,""score"":75.04595189862},""_score"":96.54},""geometry"":{""sub_low_similarity"":30.3,""sub_bounce_quality"":100,""sub_separation_fit"":0.0,""sub_right_bottom_reaction"":28.1,""sub_base_context"":100.0,""_score"":53.3},""compression"":{""VC1_atr_ratio"":{""value"":0.6075913705990725,""score"":98.10215735023186},""VC2_range_contraction"":{""value"":0.9107217577329214,""score"":14.879707044513099},""VC3_range_pct_rank"":{""score"":34.166666666666664},""_score"":52.99},""sr_quality"":{""SR1_touches"":{""value"":2,""score"":25.0},""SR2_tightness"":{""value"":0.5800000000000018,""score"":65.62992059326469},""SR3_recency"":{""value"":245,""score"":0.0},""SR4_price_location"":{""score"":30.0},""SR5_reaction"":{""value"":2.5325711528368022,""score"":100},""_score"":39.84,""_levels_found"":5,""_target_level"":37.63},""volume"":{""V1_rvol_day"":{""value"":0.8521801531692603,""score"":23.47867687795069},""V2_rvol_sameslot"":{""value"":1.614360667566272,""score"":74.2907111710848,""status"":""ok""},""V3_breakout_bar"":{""value"":0.8790580517628271,""score"":25.270536784188476},""V4_base_dryup"":{""value"":1.207339342638841,""score"":29.266065736115905},""V5_bo_expansion"":{""value"":0.8521801531692603,""score"":0},""_score"":31.72},""readiness"":{""_distance_atr"":0.625,""BR1_atr_distance"":{""score"":58.341093408732995},""BR2_compression"":{""score"":0},""BR3_retest"":{""score"":50.0},""BR4_bo_age"":{""score"":50.0},""_score"":40.84},""risk"":{""R1_stop_clarity"":{""score"":70.01447606792726},""R2_stop_distance_pct"":{""value"":14.38512277447116,""score"":0.0},""R3_stop_distance_atr"":{""value"":1.654211181281006,""score"":100.0},""R4_rr_potential"":{""value"":1.6648725329168315,""score"":33.24362664584157},""_score"":46.15},""market"":{""M1_spy_regime"":{""score"":100.0},""M3_earnings_risk"":{""value"":null,""score"":80.0},""M4_vix"":{""value"":null,""score"":60.0},""_score"":84.0},""liquidity"":{""L1_price"":{""value"":38.811,""score"":100.0},""L2_dollar_vol"":{""value"":341290046.3818141,""score"":100.0},""L3_spread_proxy"":{""value"":0.0943031614748397,""score"":5.696838525160288},""L4_volume_zscore"":{""value"":-0.47608667634292157,""score"":100.0},""_score"":90.57},""pattern_structure"":{""left_low"":33.734,""left_idx"":28,""right_low"":34.93,""right_idx"":74,""separation_bars"":46,""structural_low"":33.734,""current_price"":39.085,""neckline_distance_pct"":0.04694895740053731,""base_bars"":46},""pattern_geometry_features"":{""low_similarity_pct"":0.0348363043224979,""bounce_pct"":0.2130195055433687,""right_bottom_reaction"":0.2807510089489464,""atr_pct"":0.08696061867585402},""_schema_version"":""1.0""}",,,,,,,,,,
20260508T185417Z-990aff,2026-05-08T18:54:17.243985+00:00,TXN,double_bottom,absent,57.13,99.9,41.0,59.0,49.3,23.6,52.5,51.4,84.0,98.2,14.98,10.24,4.72,6.9,3.07,4.2,3.08,5.04,4.91,False,,288.94,292.64,263.6155,317.65,"{""trend"":{""T1_ema_stack"":{""value"":[true,true,true],""score"":100.0},""T2_ema50_slope"":{""value"":0.644692145891839,""score"":100},""T3_high_proximity"":{""value"":0.9982725262576009,""score"":99.13626312880042},""T4_rs_1m"":{""value"":0.2592781384949574,""score"":100},""T5_rs_3m"":{""value"":0.23689126334584532,""score"":100},""T6_adr_healthy"":{""value"":3.1463983158802984,""score"":100.0},""_score"":99.87},""geometry"":{""sub_low_similarity"":2.5,""sub_bounce_quality"":90.6,""sub_separation_fit"":0.0,""sub_right_bottom_reaction"":13.9,""sub_base_context"":100.0,""_score"":40.95},""compression"":{""VC1_atr_ratio"":{""value"":0.5562894032099776,""score"":100},""VC2_range_contraction"":{""value"":1.0153152086772457,""score"":0},""VC3_range_pct_rank"":{""score"":75.83333333333333},""_score"":58.96},""sr_quality"":{""SR1_touches"":{""value"":4,""score"":75.0},""SR2_tightness"":{""value"":2.6941881894181074,""score"":53.52332370556046},""SR3_recency"":{""value"":275,""score"":0.0},""SR4_price_location"":{""score"":30.0},""SR5_reaction"":{""value"":1.4970387297065348,""score"":74.85193648532675},""_score"":49.26,""_levels_found"":5,""_target_level"":228.58},""volume"":{""V1_rvol_day"":{""value"":0.4217925212262887,""score"":0},""V2_rvol_sameslot"":{""value"":0.9188840932000122,""score"":27.92560621333415,""status"":""ok""},""V3_breakout_bar"":{""value"":0.8694092511096705,""score"":24.627283407311364},""V4_base_dryup"":{""value"":0.9059099575247411,""score"":59.409004247525885},""V5_bo_expansion"":{""value"":0.4217925212262886,""score"":0},""_score"":23.62},""readiness"":{""_distance_atr"":0.319,""BR1_atr_distance"":{""score"":78.72411648094429},""BR2_compression"":{""score"":14.084393043213778},""BR3_retest"":{""score"":50.0},""BR4_bo_age"":{""score"":50.0},""_score"":52.51},""risk"":{""R1_stop_clarity"":{""score"":30.747861681291596},""R2_stop_distance_pct"":{""value"":8.764605108326993,""score"":80.88487229182518},""R3_stop_distance_atr"":{""value"":2.1843245204762933,""score"":100.0},""R4_rr_potential"":{""value"":1.1336870099844207,""score"":6.684350499221036},""_score"":51.36},""market"":{""M1_spy_regime"":{""score"":100.0},""M3_earnings_risk"":{""value"":null,""score"":80.0},""M4_vix"":{""value"":null,""score"":60.0},""_score"":84.0},""liquidity"":{""L1_price"":{""value"":288.94,""score"":100.0},""L2_dollar_vol"":{""value"":1021637970.9018881,""score"":100.0},""L3_spread_proxy"":{""value"":0.018342562469716824,""score"":81.65743753028318},""L4_volume_zscore"":{""value"":-0.9940901870317645,""score"":100.0},""_score"":98.17},""pattern_structure"":{""left_low"":267.63,""left_idx"":22,""right_low"":281.0,""right_idx"":69,""separation_bars"":47,""structural_low"":267.63,""current_price"":289.19,""neckline_distance_pct"":0.011929873093813716,""base_bars"":47},""pattern_geometry_features"":{""low_similarity_pct"":0.048739587700271605,""bounce_pct"":0.09344991219220562,""right_bottom_reaction"":0.13893060979273195,""atr_pct"":0.04012501359649557},""_schema_version"":""1.0""}",,,,,,,,,,
20260508T185417Z-990aff,2026-05-08T18:54:17.243985+00:00,CRS,double_bottom,forming,56.89,75.5,66.4,45.2,44.4,34.5,17.5,57.9,84.0,94.6,11.33,16.6,3.62,6.22,4.49,1.4,3.47,5.04,4.73,False,,430.765,475.69,428.475,516.38,"{""trend"":{""T1_ema_stack"":{""value"":[true,true,true],""score"":100.0},""T2_ema50_slope"":{""value"":0.3138738826239895,""score"":100},""T3_high_proximity"":{""value"":0.940206478086258,""score"":70.10323904312898},""T4_rs_1m"":{""value"":-0.08578584425989821,""score"":0},""T5_rs_3m"":{""value"":0.11189080570800924,""score"":100},""T6_adr_healthy"":{""value"":4.472022406174626,""score"":100.0},""_score"":75.52},""geometry"":{""sub_low_similarity"":44.8,""sub_bounce_quality"":90.8,""sub_separation_fit"":80.0,""sub_right_bottom_reaction"":18.6,""sub_base_context"":100.0,""_score"":66.39},""compression"":{""VC1_atr_ratio"":{""value"":0.5702300503220183,""score"":100},""VC2_range_contraction"":{""value"":1.1181507144811942,""score"":0},""VC3_range_pct_rank"":{""score"":20.833333333333336},""_score"":45.21},""sr_quality"":{""SR1_touches"":{""value"":2,""score"":25.0},""SR2_tightness"":{""value"":3.759999999999991,""score"":66.01781611532776},""SR3_recency"":{""value"":230,""score"":0.0},""SR4_price_location"":{""score"":52.399286168724345},""SR5_reaction"":{""value"":1.8570450089635768,""score"":92.85225044817884},""_score"":44.43,""_levels_found"":8,""_target_level"":446.24},""volume"":{""V1_rvol_day"":{""value"":0.5350215057209631,""score"":2.3347670480642053},""V2_rvol_sameslot"":{""value"":1.093464877300343,""score"":39.5643251533562,""status"":""ok""},""V3_breakout_bar"":{""value"":1.0864837734914647,""score"":39.09891823276432},""V4_base_dryup"":{""value"":0.6816482305473103,""score"":81.83517694526897},""V5_bo_expansion"":{""value"":0.5350215057209629,""score"":0},""_score"":34.52},""readiness"":{""_distance_atr"":2.03,""BR1_atr_distance"":{""score"":0},""BR2_compression"":{""score"":0},""BR3_retest"":{""score"":50.0},""BR4_bo_age"":{""score"":50.0},""_score"":17.5},""risk"":{""R1_stop_clarity"":{""score"":41.028258019285104},""R2_stop_distance_pct"":{""value"":0.5316123640500089,""score"":63.290309101250216},""R3_stop_distance_atr"":{""value"":0.10348298018071848,""score"":30.174149009035922},""R4_rr_potential"":{""value"":37.38646288209574,""score"":100.0},""_score"":57.87},""market"":{""M1_spy_regime"":{""score"":100.0},""M3_earnings_risk"":{""value"":null,""score"":80.0},""M4_vix"":{""value"":null,""score"":60.0},""_score"":84.0},""liquidity"":{""L1_price"":{""value"":430.765,""score"":100.0},""L2_dollar_vol"":{""value"":153744974.6604673,""score"":100.0},""L3_spread_proxy"":{""value"":0.054321962090699186,""score"":45.67803790930081},""L4_volume_zscore"":{""value"":-1.074801909240611,""score"":100.0},""_score"":94.57},""pattern_structure"":{""left_low"":435.0,""left_idx"":62,""right_low"":447.18,""right_idx"":69,""separation_bars"":7,""structural_low"":435.0,""current_price"":430.825,""neckline_distance_pct"":0.1041374107816399,""base_bars"":7},""pattern_geometry_features"":{""low_similarity_pct"":0.027613412228796857,""bounce_pct"":0.09354022988505746,""right_bottom_reaction"":0.18625043844265185,""atr_pct"":0.05137196117870036},""_schema_version"":""1.0""}",,,,,,,,,,
20260508T185417Z-990aff,2026-05-08T18:54:17.243985+00:00,MCHP,double_bottom,forming,56.79,96.1,63.8,9.2,43.0,33.4,26.4,60.7,84.0,90.8,14.42,15.95,0.73,6.02,4.34,2.11,3.64,5.04,4.54,False,,97.605,102.8,96.53,107.6,"{""trend"":{""T1_ema_stack"":{""value"":[true,true,true],""score"":100.0},""T2_ema50_slope"":{""value"":0.6006234598700767,""score"":100},""T3_high_proximity"":{""value"":0.9483579479207151,""score"":74.17897396035755},""T4_rs_1m"":{""value"":0.2857179131085008,""score"":100},""T5_rs_3m"":{""value"":0.21617564076272,""score"":100},""T6_adr_healthy"":{""value"":3.9162253433781267,""score"":100.0},""_score"":96.13},""geometry"":{""sub_low_similarity"":67.8,""sub_bounce_quality"":27.1,""sub_separation_fit"":93.3,""sub_right_bottom_reaction"":26.8,""sub_base_context"":100.0,""_score"":63.78},""compression"":{""VC1_atr_ratio"":{""value"":0.9082561734570573,""score"":22.935956635735664},""VC2_range_contraction"":{""value"":1.2079906301231695,""score"":0},""VC3_range_pct_rank"":{""score"":0.0},""_score"":9.17},""sr_quality"":{""SR1_touches"":{""value"":2,""score"":25.0},""SR2_tightness"":{""value"":0.30000000000000426,""score"":86.5341239726256},""SR3_recency"":{""value"":231,""score"":0.0},""SR4_price_location"":{""score"":30.0},""SR5_reaction"":{""value"":2.51924097345459,""score"":100},""_score"":42.98,""_levels_found"":6,""_target_level"":83.65},""volume"":{""V1_rvol_day"":{""value"":0.9672893902298598,""score"":31.152626015323985},""V2_rvol_sameslot"":{""value"":1.634596568478987,""score"":75.63977123193246,""status"":""ok""},""V3_breakout_bar"":{""value"":0.7700550341878033,""score"":18.003668945853555},""V4_base_dryup"":{""value"":1.1233951608779893,""score"":37.66048391220107},""V5_bo_expansion"":{""value"":0.9672893902298598,""score"":0},""_score"":33.39},""readiness"":{""_distance_atr"":1.166,""BR1_atr_distance"":{""score"":22.271971153101205},""BR2_compression"":{""score"":0},""BR3_retest"":{""score"":50.0},""BR4_bo_age"":{""score"":50.0},""_score"":26.41},""risk"":{""R1_stop_clarity"":{""score"":34.017207465866434},""R2_stop_distance_pct"":{""value"":1.1013780031760698,""score"":77.53445007940174},""R3_stop_distance_atr"":{""value"":0.2412636121571219,""score"":37.0631806078561},""R4_rr_potential"":{""value"":9.297674418604618,""score"":100.0},""_score"":60.73},""market"":{""M1_spy_regime"":{""score"":100.0},""M3_earnings_risk"":{""value"":null,""score"":80.0},""M4_vix"":{""value"":null,""score"":60.0},""_score"":84.0},""liquidity"":{""L1_price"":{""value"":97.605,""score"":100.0},""L2_dollar_vol"":{""value"":981594300.4714717,""score"":100.0},""L3_spread_proxy"":{""value"":0.09210593719584032,""score"":7.894062804159688},""L4_volume_zscore"":{""value"":-0.11005216987772755,""score"":100.0},""_score"":90.79},""pattern_structure"":{""left_low"":98.0,""left_idx"":63,""right_low"":99.59,""right_idx"":72,""separation_bars"":9,""structural_low"":98.0,""current_price"":97.49,""neckline_distance_pct"":0.05446712483331626,""base_bars"":9},""pattern_geometry_features"":{""low_similarity_pct"":0.016093931879143715,""bounce_pct"":0.048979591836734664,""right_bottom_reaction"":0.26819923371647225,""atr_pct"":0.04565039847197521},""_schema_version"":""1.0""}",,,,,,,,,,
20260508T185417Z-990aff,2026-05-08T18:54:17.243985+00:00,KLAC,double_bottom,setup,56.76,88.3,52.7,33.9,45.3,37.2,57.5,54.8,84.0,70.5,13.24,13.18,2.71,6.34,4.84,4.6,3.29,5.04,3.53,False,,1877.78,1855.575,1719.81,1965.15,"{""trend"":{""T1_ema_stack"":{""value"":[true,true,true],""score"":100.0},""T2_ema50_slope"":{""value"":0.4593816295391092,""score"":100},""T3_high_proximity"":{""value"":0.9704289405684754,""score"":85.21447028423768},""T4_rs_1m"":{""value"":0.0023899355248835352,""score"":52.38993552488353},""T5_rs_3m"":{""value"":0.23341621952104585,""score"":100},""T6_adr_healthy"":{""value"":3.568491669705899,""score"":100.0},""_score"":88.26},""geometry"":{""sub_low_similarity"":69.7,""sub_bounce_quality"":46.8,""sub_separation_fit"":0.0,""sub_right_bottom_reaction"":16.2,""sub_base_context"":100.0,""_score"":52.7},""compression"":{""VC1_atr_ratio"":{""value"":0.7235645825491014,""score"":69.10885436272464},""VC2_range_contraction"":{""value"":1.2319885429468207,""score"":0},""VC3_range_pct_rank"":{""score"":25.0},""_score"":33.89},""sr_quality"":{""SR1_touches"":{""value"":3,""score"":50.0},""SR2_tightness"":{""value"":19.994086742501274,""score"":51.82842156659553},""SR3_recency"":{""value"":229,""score"":0.0},""SR4_price_location"":{""score"":30.0},""SR5_reaction"":{""value"":2.9307381824622247,""score"":100},""_score"":45.27,""_levels_found"":6,""_target_level"":1673.287},""volume"":{""V1_rvol_day"":{""value"":0.7179955925346797,""score"":14.533039502311981},""V2_rvol_sameslot"":{""value"":1.6507744532831912,""score"":76.71829688554608,""status"":""ok""},""V3_breakout_bar"":{""value"":0.9019977238891216,""score"":26.79984825927477},""V4_base_dryup"":{""value"":0.8864580751570343,""score"":61.35419248429657},""V5_bo_expansion"":{""value"":0.7179955925346797,""score"":0},""_score"":37.22},""readiness"":{""_distance_atr"":-0.267,""BR1_atr_distance"":{""score"":100.0},""BR2_compression"":{""score"":0},""BR3_retest"":{""score"":50.0},""BR4_bo_age"":{""score"":50.0},""_score"":57.5},""risk"":{""R1_stop_clarity"":{""score"":36.90066190975037},""R2_stop_distance_pct"":{""value"":8.412593594563795,""score"":89.68516013590514},""R3_stop_distance_atr"":{""value"":1.9029787014350354,""score"":100.0},""R4_rr_potential"":{""value"":0.5530796986769646,""score"":0.0},""_score"":54.82},""market"":{""M1_spy_regime"":{""score"":100.0},""M3_earnings_risk"":{""value"":null,""score"":80.0},""M4_vix"":{""value"":null,""score"":60.0},""_score"":84.0},""liquidity"":{""L1_price"":{""value"":1877.78,""score"":0.0},""L2_dollar_vol"":{""value"":1347945656.4400392,""score"":100.0},""L3_spread_proxy"":{""value"":0.044765627496298796,""score"":55.2343725037012},""L4_volume_zscore"":{""value"":-0.9012920611642309,""score"":100.0},""_score"":70.52},""pattern_structure"":{""left_low"":1772.66,""left_idx"":27,""right_low"":1746.0,""right_idx"":73,""separation_bars"":46,""structural_low"":1746.0,""current_price"":1876.73,""neckline_distance_pct"":-0.011272266122457665,""base_bars"":46},""pattern_geometry_features"":{""low_similarity_pct"":0.015153495933110947,""bounce_pct"":0.06275773195876291,""right_bottom_reaction"":0.1621052631578909,""atr_pct"":0.04420750262848377},""_schema_version"":""1.0""}",,,,,,,,,,
20260508T185417Z-990aff,2026-05-08T18:54:17.243985+00:00,CCJ,double_bottom,forming,56.7,52.8,73.6,42.6,53.4,15.6,37.0,77.7,84.0,96.2,7.92,18.4,3.41,7.48,2.03,2.96,4.66,5.04,4.81,False,,117.069,124.7199,111.6005,136.1398,"{""trend"":{""T1_ema_stack"":{""value"":[false,true,true],""score"":66.66666666666666},""T2_ema50_slope"":{""value"":0.2115973682973853,""score"":85.26622804956422},""T3_high_proximity"":{""value"":0.9256661658891437,""score"":62.83308294457185},""T4_rs_1m"":{""value"":-0.07152035227849796,""score"":0},""T5_rs_3m"":{""value"":-0.03766681869865662,""score"":31.166590650671687},""T6_adr_healthy"":{""value"":5.043661114673557,""score"":100.0},""_score"":52.82},""geometry"":{""sub_low_similarity"":61.9,""sub_bounce_quality"":100,""sub_separation_fit"":80.0,""sub_right_bottom_reaction"":20.2,""sub_base_context"":100.0,""_score"":73.6},""compression"":{""VC1_atr_ratio"":{""value"":0.7471582773456638,""score"":63.21043066358406},""VC2_range_contraction"":{""value"":1.1620031402146043,""score"":0},""VC3_range_pct_rank"":{""score"":69.16666666666667},""_score"":42.58},""sr_quality"":{""SR1_touches"":{""value"":4,""score"":75.0},""SR2_tightness"":{""value"":1.7538868840022146,""score"":50.153842891996405},""SR3_recency"":{""value"":226,""score"":0.0},""SR4_price_location"":{""score"":39.36340219786339},""SR5_reaction"":{""value"":1.8049792531120328,""score"":90.24896265560164},""_score"":53.4,""_levels_found"":6,""_target_level"":122.144},""volume"":{""V1_rvol_day"":{""value"":0.4419465739625789,""score"":0},""V2_rvol_sameslot"":{""value"":0.5114453885496357,""score"":0.7630259033090485,""status"":""ok""},""V3_breakout_bar"":{""value"":0.3836291658775394,""score"":0},""V4_base_dryup"":{""value"":0.7283144883013273,""score"":77.16855116986727},""V5_bo_expansion"":{""value"":0.44194657396257897,""score"":0},""_score"":15.59},""readiness"":{""_distance_atr"":1.087,""BR1_atr_distance"":{""score"":27.519467970215487},""BR2_compression"":{""score"":33.7687863652304},""BR3_retest"":{""score"":50.0},""BR4_bo_age"":{""score"":50.0},""_score"":36.95},""risk"":{""R1_stop_clarity"":{""score"":51.69953958960949},""R2_stop_distance_pct"":{""value"":4.671176827341146,""score"":100.0},""R3_stop_distance_atr"":{""value"":0.7770846359347475,""score"":63.85423179673737},""R4_rr_potential"":{""value"":3.4873914236079284,""score"":100.0},""_score"":77.67},""market"":{""M1_spy_regime"":{""score"":100.0},""M3_earnings_risk"":{""value"":null,""score"":80.0},""M4_vix"":{""value"":null,""score"":60.0},""_score"":84.0},""liquidity"":{""L1_price"":{""value"":117.069,""score"":100.0},""L2_dollar_vol"":{""value"":165299792.3663691,""score"":100.0},""L3_spread_proxy"":{""value"":0.03745654272266787,""score"":62.54345727733213},""L4_volume_zscore"":{""value"":-1.9096228206825339,""score"":100.0},""_score"":96.25},""pattern_structure"":{""left_low"":115.48,""left_idx"":29,""right_low"":113.3,""right_idx"":62,""separation_bars"":33,""structural_low"":113.3,""current_price"":117.19,""neckline_distance_pct"":0.06425377591944703,""base_bars"":33},""pattern_geometry_features"":{""low_similarity_pct"":0.01905760993093808,""bounce_pct"":0.10079346866725507,""right_bottom_reaction"":0.20183486238531942,""atr_pct"":0.06011155814092544},""_schema_version"":""1.0""}",,,,,,,,,,
20260508T185417Z-990aff,2026-05-08T18:54:17.243985+00:00,CRWD,inverse_head_shoulders,setup,56.4,88.9,57.1,53.9,51.9,36.6,34.2,26.5,84.0,90.4,10.67,15.98,4.31,7.27,5.13,2.74,1.59,4.2,4.52,False,,524.54,505.9999,450.5981,554.5398,"{""trend"":{""T1_ema_stack"":{""value"":[true,true,false],""score"":66.66666666666666},""T2_ema50_slope"":{""value"":0.21684421496159798,""score"":86.14070249359966},""T3_high_proximity"":{""value"":1.0,""score"":99.99999999999997},""T4_rs_1m"":{""value"":0.24427218193528688,""score"":100},""T5_rs_3m"":{""value"":0.2583388300829088,""score"":100},""T6_adr_healthy"":{""value"":3.7519623281061274,""score"":100.0},""_score"":88.89},""geometry"":{""sub_head_depth"":65.3,""sub_shoulder_price_sym"":31.3,""sub_shoulder_time_sym"":0,""sub_right_shoulder_reaction"":98.1,""sub_base_context"":100.0,""_score"":57.07},""compression"":{""VC1_atr_ratio"":{""value"":0.5982716271785237,""score"":100},""VC2_range_contraction"":{""value"":0.8047918187834813,""score"":32.53469686941979},""VC3_range_pct_rank"":{""score"":9.999999999999998},""_score"":53.89},""sr_quality"":{""SR1_touches"":{""value"":3,""score"":50.0},""SR2_tightness"":{""value"":0.37932688922469104,""score"":96.28227787681207},""SR3_recency"":{""value"":294,""score"":0.0},""SR4_price_location"":{""score"":30.0},""SR5_reaction"":{""value"":2.4589686669480897,""score"":100},""_score"":51.94,""_levels_found"":5,""_target_level"":486.6833},""volume"":{""V1_rvol_day"":{""value"":0.9371655144848463,""score"":29.14436763232309},""V2_rvol_sameslot"":{""value"":1.4771489938601288,""score"":65.14326625734192,""status"":""ok""},""V3_breakout_bar"":{""value"":0.5741936202506523,""score"":4.94624135004349},""V4_base_dryup"":{""value"":0.6741009953671352,""score"":82.58990046328648},""V5_bo_expansion"":{""value"":0.9371655144848465,""score"":0},""_score"":36.61},""readiness"":{""_distance_atr"":-0.909,""BR1_atr_distance"":{""score"":41.829144757705805},""BR2_compression"":{""score"":0},""BR3_retest"":{""score"":50.0},""BR4_bo_age"":{""score"":50.0},""_score"":34.23},""risk"":{""R1_stop_clarity"":{""score"":32.74761647073167},""R2_stop_distance_pct"":{""value"":14.096522667480075,""score"":0.0},""R3_stop_distance_atr"":{""value"":3.623463630833159,""score"":100.0},""R4_rr_potential"":{""value"":0.40572124871013676,""score"":0.0},""_score"":26.46},""market"":{""M1_spy_regime"":{""score"":100.0},""M3_earnings_risk"":{""value"":null,""score"":80.0},""M4_vix"":{""value"":null,""score"":60.0},""_score"":84.0},""liquidity"":{""L1_price"":{""value"":524.54,""score"":87.73000000000002},""L2_dollar_vol"":{""value"":1368503286.7592695,""score"":100.0},""L3_spread_proxy"":{""value"":0.06504747016433458,""score"":34.952529835665416},""L4_volume_zscore"":{""value"":-0.2074216766947625,""score"":100.0},""_score"":90.43},""pattern_structure"":{""left_shoulder"":466.0,""left_shoulder_idx"":77,""head"":457.46,""head_idx"":83,""right_shoulder"":492.33,""right_shoulder_idx"":95,""left_to_head_bars"":6,""head_to_right_bars"":12,""structural_low"":457.46,""current_price"":524.64,""neckline_distance_pct"":-0.035529315340042625,""base_bars"":18},""pattern_geometry_features"":{""head_depth_pct"":0.04529754886103949,""shoulder_price_asymmetry"":0.054949756346978566,""shoulder_time_asymmetry"":0.5,""right_shoulder_reaction"":0.9807976366322015,""atr_pct"":0.03890344737429805},""_schema_version"":""1.0""}",,,,,,,,,,
20260508T185417Z-990aff,2026-05-08T18:54:17.243985+00:00,ORCL,ascending_triangle,forming,56.1,91.4,55.0,54.8,46.4,10.7,46.0,32.7,84.0,96.0,13.71,15.4,4.38,6.49,1.29,3.68,1.31,5.04,4.8,False,,196.12,200.15,168.6714,229.06,"{""trend"":{""T1_ema_stack"":{""value"":[true,true,false],""score"":66.66666666666666},""T2_ema50_slope"":{""value"":0.2918991188441324,""score"":98.64985314068873},""T3_high_proximity"":{""value"":1.0,""score"":99.99999999999997},""T4_rs_1m"":{""value"":0.33784877587772133,""score"":100},""T5_rs_3m"":{""value"":0.3052653176953519,""score"":100},""T6_adr_healthy"":{""value"":4.633553949502085,""score"":100.0},""_score"":91.4},""geometry"":{""sub_flat_top_quality"":33.3,""sub_hl_slope"":100,""sub_compression"":0,""sub_duration"":100.0,""_score"":54.99},""compression"":{""VC1_atr_ratio"":{""value"":0.6362700535692667,""score"":90.93248660768333},""VC2_range_contraction"":{""value"":0.9132265168119478,""score"":14.462247198008704},""VC3_range_pct_rank"":{""score"":53.333333333333336},""_score"":54.77},""sr_quality"":{""SR1_touches"":{""value"":2,""score"":25.0},""SR2_tightness"":{""value"":0.6600499999999982,""score"":85.81057477406515},""SR3_recency"":{""value"":309,""score"":0.0},""SR4_price_location"":{""score"":66.05035799605196},""SR5_reaction"":{""value"":1.267272281967358,""score"":63.363614098367904},""_score"":46.39,""_levels_found"":6,""_target_level"":201.0299},""volume"":{""V1_rvol_day"":{""value"":0.47331870365038237,""score"":0},""V2_rvol_sameslot"":{""value"":0.6020786412646799,""score"":6.805242750978661,""status"":""ok""},""V3_breakout_bar"":{""value"":0.4375961767204944,""score"":0},""V4_base_dryup"":{""value"":1.0317753760913653,""score"":46.82246239086347},""V5_bo_expansion"":{""value"":0.4733187036503824,""score"":0},""_score"":10.73},""readiness"":{""_distance_atr"":0.433,""BR1_atr_distance"":{""score"":71.1216909524442},""BR2_compression"":{""score"":0},""BR3_retest"":{""score"":50.0},""BR4_bo_age"":{""score"":50.0},""_score"":45.95},""risk"":{""R1_stop_clarity"":{""score"":44.78152013432859},""R2_stop_distance_pct"":{""value"":13.995818886396084,""score"":0.0},""R3_stop_distance_atr"":{""value"":2.9503814654692557,""score"":100.0},""R4_rr_potential"":{""value"":1.2000612053073745,""score"":10.003060265368724},""_score"":32.67},""market"":{""M1_spy_regime"":{""score"":100.0},""M3_earnings_risk"":{""value"":null,""score"":80.0},""M4_vix"":{""value"":null,""score"":60.0},""_score"":84.0},""liquidity"":{""L1_price"":{""value"":196.12,""score"":100.0},""L2_dollar_vol"":{""value"":3087813972.6274104,""score"":100.0},""L3_spread_proxy"":{""value"":0.039720579237201674,""score"":60.279420762798324},""L4_volume_zscore"":{""value"":-1.5223138858377672,""score"":100.0},""_score"":96.03},""pattern_structure"":{""top"":200.15,""top_touches"":2,""low_slope_per_bar"":0.7627923760177643,""lowest_low"":171.24,""structural_low"":171.24,""current_price"":196.38,""neckline_distance_pct"":0.019197474284550414,""base_bars"":42},""pattern_geometry_features"":{""top_touches"":2.0,""low_slope"":0.7627923760177643,""compression"":-0.03189330803498569,""atr_pct"":0.047437319716791465},""_schema_version"":""1.0""}",,,,,,,,,,
20260508T185417Z-990aff,2026-05-08T18:54:17.243985+00:00,NXE,double_bottom,forming,56.05,63.2,60.2,57.3,53.6,21.3,32.3,77.8,84.0,87.7,9.48,15.04,4.58,7.51,2.76,2.58,4.67,5.04,4.39,False,,12.23,12.985,11.6033,14.19,"{""trend"":{""T1_ema_stack"":{""value"":[false,true,true],""score"":66.66666666666666},""T2_ema50_slope"":{""value"":0.1852258853013218,""score"":80.87098088355364},""T3_high_proximity"":{""value"":0.9195488721804511,""score"":59.774436090225535},""T4_rs_1m"":{""value"":-0.020350035065179517,""score"":29.64996493482048},""T5_rs_3m"":{""value"":0.03985814153969636,""score"":69.92907076984818},""T6_adr_healthy"":{""value"":5.089804754007349,""score"":100.0},""_score"":63.23},""geometry"":{""sub_low_similarity"":64.7,""sub_bounce_quality"":100,""sub_separation_fit"":0.0,""sub_right_bottom_reaction"":5.0,""sub_base_context"":100.0,""_score"":60.16},""compression"":{""VC1_atr_ratio"":{""value"":0.5833827473394118,""score"":100},""VC2_range_contraction"":{""value"":1.0551902901310222,""score"":0},""VC3_range_pct_rank"":{""score"":69.16666666666667},""_score"":57.29},""sr_quality"":{""SR1_touches"":{""value"":4,""score"":75.0},""SR2_tightness"":{""value"":0.0919238815542511,""score"":73.73308551450644},""SR3_recency"":{""value"":234,""score"":0.0},""SR4_price_location"":{""score"":20.221606648199426},""SR5_reaction"":{""value"":2.2323934319158263,""score"":100},""_score"":53.62,""_levels_found"":5,""_target_level"":13.31},""volume"":{""V1_rvol_day"":{""value"":0.5740412823499972,""score"":4.936085489999812},""V2_rvol_sameslot"":{""value"":0.9496892828887638,""score"":29.979285525917582,""status"":""ok""},""V3_breakout_bar"":{""value"":0.5086017831030725,""score"":0.573452206871498},""V4_base_dryup"":{""value"":0.793459057057527,""score"":70.6540942942473},""V5_bo_expansion"":{""value"":0.5740412823499971,""score"":0},""_score"":21.26},""readiness"":{""_distance_atr"":1.079,""BR1_atr_distance"":{""score"":28.087166246551604},""BR2_compression"":{""score"":14.1205806706697},""BR3_retest"":{""score"":50.0},""BR4_bo_age"":{""score"":50.0},""_score"":32.27},""risk"":{""R1_stop_clarity"":{""score"":49.50861831430052},""R2_stop_distance_pct"":{""value"":5.124284546197885,""score"":100.0},""R3_stop_distance_atr"":{""value"":0.8953862168202569,""score"":69.76931084101284},""R4_rr_potential"":{""value"":3.127493218445819,""score"":100.0},""_score"":77.79},""market"":{""M1_spy_regime"":{""score"":100.0},""M3_earnings_risk"":{""value"":null,""score"":80.0},""M4_vix"":{""value"":null,""score"":60.0},""_score"":84.0},""liquidity"":{""L1_price"":{""value"":12.23,""score"":100.0},""L2_dollar_vol"":{""value"":38843279.0691863,""score"":79.46579425121993},""L3_spread_proxy"":{""value"":0.04088307440719542,""score"":59.11692559280458},""L4_volume_zscore"":{""value"":-1.7000454930016515,""score"":100.0},""_score"":87.7},""pattern_structure"":{""left_low"":11.78,""left_idx"":29,""right_low"":11.99,""right_idx"":75,""separation_bars"":46,""structural_low"":11.78,""current_price"":12.235,""neckline_distance_pct"":0.06129955046996322,""base_bars"":46},""pattern_geometry_features"":{""low_similarity_pct"":0.017669331089608824,""bounce_pct"":0.10229202037351444,""right_bottom_reaction"":0.05000000000000071,""atr_pct"":0.057229879686952485},""_schema_version"":""1.0""}",,,,,,,,,,
20260508T185417Z-990aff,2026-05-08T18:54:17.243985+00:00,SATS,double_bottom,forming,56.02,73.7,51.7,72.7,47.6,9.6,61.6,58.8,84.0,96.4,11.05,12.93,5.81,6.66,1.24,4.93,3.53,5.04,4.82,False,,126.81,127.02,117.412,134.84,"{""trend"":{""T1_ema_stack"":{""value"":[true,true,true],""score"":100.0},""T2_ema50_slope"":{""value"":0.191931581897951,""score"":81.98859698299184},""T3_high_proximity"":{""value"":0.9385685737547182,""score"":69.28428687735911},""T4_rs_1m"":{""value"":-0.028795833005671012,""score"":21.204166994328986},""T5_rs_3m"":{""value"":0.06825680004128509,""score"":84.12840002064254},""T6_adr_healthy"":{""value"":4.357518158282827,""score"":100.0},""_score"":73.65},""geometry"":{""sub_low_similarity"":60.1,""sub_bounce_quality"":50.9,""sub_separation_fit"":0.0,""sub_right_bottom_reaction"":23.5,""sub_base_context"":100.0,""_score"":51.73},""compression"":{""VC1_atr_ratio"":{""value"":0.5223576293326212,""score"":100},""VC2_range_contraction"":{""value"":0.7363965001961186,""score"":43.93391663398024},""VC3_range_pct_rank"":{""score"":69.16666666666667},""_score"":72.67},""sr_quality"":{""SR1_touches"":{""value"":3,""score"":50.0},""SR2_tightness"":{""value"":0.9954865923534848,""score"":66.22631534740134},""SR3_recency"":{""value"":248,""score"":0.0},""SR4_price_location"":{""score"":30.629222547141353},""SR5_reaction"":{""value"":2.8147378063409216,""score"":100},""_score"":47.59,""_levels_found"":5,""_target_level"":131.3963},""volume"":{""V1_rvol_day"":{""value"":0.43494663706967884,""score"":0},""V2_rvol_sameslot"":{""value"":0.6335516728741033,""score"":8.903444858273552,""status"":""ok""},""V3_breakout_bar"":{""value"":0.6699484113585621,""score"":11.329894090570807},""V4_base_dryup"":{""value"":1.2528493187961465,""score"":24.715068120385354},""V5_bo_expansion"":{""value"":0.43494663706967884,""score"":0},""_score"":9.56},""readiness"":{""_distance_atr"":0.036,""BR1_atr_distance"":{""score"":97.62512328760491},""BR2_compression"":{""score"":20.35779879668683},""BR3_retest"":{""score"":50.0},""BR4_bo_age"":{""score"":50.0},""_score"":61.64},""risk"":{""R1_stop_clarity"":{""score"":39.338863403392274},""R2_stop_distance_pct"":{""value"":7.411087453670843,""score"":100.0},""R3_stop_distance_atr"":{""value"":1.5942208102206943,""score"":100.0},""R4_rr_potential"":{""value"":0.8544371142796314,""score"":0.0},""_score"":58.77},""market"":{""M1_spy_regime"":{""score"":100.0},""M3_earnings_risk"":{""value"":null,""score"":80.0},""M4_vix"":{""value"":null,""score"":60.0},""_score"":84.0},""liquidity"":{""L1_price"":{""value"":126.81,""score"":100.0},""L2_dollar_vol"":{""value"":258003331.79556105,""score"":100.0},""L3_spread_proxy"":{""value"":0.036038167336960865,""score"":63.96183266303913},""L4_volume_zscore"":{""value"":-1.2763796151981306,""score"":100.0},""_score"":96.4},""pattern_structure"":{""left_low"":119.2,""left_idx"":27,""right_low"":121.6,""right_idx"":74,""separation_bars"":47,""structural_low"":119.2,""current_price"":126.9,""neckline_distance_pct"":0.000945626477541295,""base_bars"":47},""pattern_geometry_features"":{""low_similarity_pct"":0.019933554817275677,""bounce_pct"":0.06560402684563753,""right_bottom_reaction"":0.235067437379576,""atr_pct"":0.046487208084085276},""_schema_version"":""1.0""}",,,,,,,,,,
20260508T185417Z-990aff,2026-05-08T18:54:17.243985+00:00,ATI,vcp,absent,55.85,74.0,38.9,54.4,61.0,40.8,42.8,59.3,84.0,97.2,11.1,9.73,6.53,7.33,5.31,2.99,2.96,5.04,4.86,False,,161.59,166.61,145.8194,197.74,"{""trend"":{""T1_ema_stack"":{""value"":[true,true,true],""score"":100.0},""T2_ema50_slope"":{""value"":0.18568276290616528,""score"":80.94712715102754},""T3_high_proximity"":{""value"":0.9709770460281217,""score"":85.48852301406085},""T4_rs_1m"":{""value"":-0.07247547069643456,""score"":0},""T5_rs_3m"":{""value"":0.14184593114792432,""score"":100},""T6_adr_healthy"":{""value"":4.155163556841633,""score"":100.0},""_score"":74.01},""geometry"":{""sub_contraction_count"":100.0,""sub_reduction_rate"":0,""sub_pivot_tightness"":0,""sub_volume_dryup"":0,""sub_base_depth"":39.2,""sub_base_duration"":100.0,""_score"":38.92},""compression"":{""VC1_atr_ratio"":{""value"":0.5150430854804262,""score"":100},""VC2_range_contraction"":{""value"":1.122823382683608,""score"":0},""VC3_range_pct_rank"":{""score"":57.49999999999999},""_score"":54.38},""sr_quality"":{""SR1_touches"":{""value"":4,""score"":75.0},""SR2_tightness"":{""value"":2.0580389189408037,""score"":45.87907763032675},""SR3_recency"":{""value"":236,""score"":0.0},""SR4_price_location"":{""score"":66.68022991765464},""SR5_reaction"":{""value"":2.375263325466051,""score"":100},""_score"":61.05,""_levels_found"":4,""_target_level"":165.6434},""volume"":{""V1_rvol_day"":{""value"":0.6741255758880551,""score"":11.608371725870342},""V2_rvol_sameslot"":{""value"":1.7739940524525037,""score"":84.93293683016691,""status"":""ok""},""V3_breakout_bar"":{""value"":0.989393423165966,""score"":32.6262282110644},""V4_base_dryup"":{""value"":0.8317990708296757,""score"":66.82009291703243},""V5_bo_expansion"":{""value"":0.6741255758880551,""score"":0},""_score"":40.83},""readiness"":{""_distance_atr"":0.66,""BR1_atr_distance"":{""score"":55.995806202474945},""BR2_compression"":{""score"":11.537724791630566},""BR3_retest"":{""score"":50.0},""BR4_bo_age"":{""score"":50.0},""_score"":42.78},""risk"":{""R1_stop_clarity"":{""score"":41.60415572901384},""R2_stop_distance_pct"":{""value"":9.759638591497,""score"":56.00903521257501},""R3_stop_distance_atr"":{""value"":2.0736231236152807,""score"":100.0},""R4_rr_potential"":{""value"":2.2922399908690876,""score"":64.61199954345437},""_score"":59.29},""market"":{""M1_spy_regime"":{""score"":100.0},""M3_earnings_risk"":{""value"":null,""score"":80.0},""M4_vix"":{""value"":null,""score"":60.0},""_score"":84.0},""liquidity"":{""L1_price"":{""value"":161.59,""score"":100.0},""L2_dollar_vol"":{""value"":198721062.84270668,""score"":100.0},""L3_spread_proxy"":{""value"":0.028405223095488603,""score"":71.59477690451139},""L4_volume_zscore"":{""value"":-0.822716689600012,""score"":100.0},""_score"":97.16},""pattern_structure"":{""n_contractions"":5,""contractions_pct"":[13.94,8.01,10.94,6.59,11.15],""descending_strict"":false,""final_low"":148.04,""final_pivot"":166.61,""structural_low"":148.04,""dry_up_ratio"":1.0247478327838608,""current_price"":161.59,""neckline_distance_pct"":0.031066278853889535,""base_bars"":30,""recent_base_height"":31.130000000000024},""pattern_geometry_features"":{""contraction_count"":5.0,""first_contraction_pct"":0.13935031376891846,""last_contraction_pct"":0.11145789568453286,""dry_up_ratio"":1.0247478327838608,""near_monotone"":0.0,""base_depth_pct"":0.08920881013904271},""_schema_version"":""1.0""}",,,,,,,,,,
20260508T185417Z-990aff,2026-05-08T18:54:17.243985+00:00,OKLO,double_bottom,setup,55.66,72.8,63.2,38.5,52.2,9.1,59.7,47.2,84.0,94.5,10.91,15.8,3.08,7.3,1.18,4.77,2.83,5.04,4.73,False,,72.86,72.3,65.0888,78.52,"{""trend"":{""T1_ema_stack"":{""value"":[true,true,false],""score"":66.66666666666666},""T2_ema50_slope"":{""value"":0.34581913806539605,""score"":100},""T3_high_proximity"":{""value"":0.915096709369505,""score"":57.5483546847525},""T4_rs_1m"":{""value"":0.4411100098634859,""score"":100},""T5_rs_3m"":{""value"":-0.04317784574092487,""score"":28.411077129537567},""T6_adr_healthy"":{""value"":9.441254663043445,""score"":63.96863342391388},""_score"":72.76},""geometry"":{""sub_low_similarity"":13.2,""sub_bounce_quality"":91.6,""sub_separation_fit"":100.0,""sub_right_bottom_reaction"":39.6,""sub_base_context"":100.0,""_score"":63.22},""compression"":{""VC1_atr_ratio"":{""value"":0.8858868851436129,""score"":28.52827871409677},""VC2_range_contraction"":{""value"":0.8883705691155116,""score"":18.604905147414737},""VC3_range_pct_rank"":{""score"":82.5},""_score"":38.55},""sr_quality"":{""SR1_touches"":{""value"":3,""score"":50.0},""SR2_tightness"":{""value"":0.8901529206952153,""score"":74.92274697709425},""SR3_recency"":{""value"":238,""score"":0.0},""SR4_price_location"":{""score"":52.13821416353057},""SR5_reaction"":{""value"":1.7196565717543677,""score"":85.98282858771839},""_score"":52.17,""_levels_found"":7,""_target_level"":75.1917},""volume"":{""V1_rvol_day"":{""value"":0.460396275011571,""score"":0},""V2_rvol_sameslot"":{""value"":0.9528783768475589,""score"":30.19189178983726,""status"":""ok""},""V3_breakout_bar"":{""value"":0.6838127016612293,""score"":12.25418011074862},""V4_base_dryup"":{""value"":1.7576415691070044,""score"":0},""V5_bo_expansion"":{""value"":0.460396275011571,""score"":0},""_score"":9.1},""readiness"":{""_distance_atr"":-0.079,""BR1_atr_distance"":{""score"":100.0},""BR2_compression"":{""score"":8.702746755407665},""BR3_retest"":{""score"":50.0},""BR4_bo_age"":{""score"":50.0},""_score"":59.68},""risk"":{""R1_stop_clarity"":{""score"":72.07606399034091},""R2_stop_distance_pct"":{""value"":10.665934669228667,""score"":33.35163326928332},""R3_stop_distance_atr"":{""value"":1.0946453365529742,""score"":79.73226682764871},""R4_rr_potential"":{""value"":0.728330245007205,""score"":0.0},""_score"":47.19},""market"":{""M1_spy_regime"":{""score"":100.0},""M3_earnings_risk"":{""value"":null,""score"":80.0},""M4_vix"":{""value"":null,""score"":60.0},""_score"":84.0},""liquidity"":{""L1_price"":{""value"":72.86,""score"":100.0},""L2_dollar_vol"":{""value"":554374568.5407015,""score"":100.0},""L3_spread_proxy"":{""value"":0.05489980785067252,""score"":45.100192149327476},""L4_volume_zscore"":{""value"":-1.407135700969343,""score"":100.0},""_score"":94.51},""pattern_structure"":{""left_low"":69.01,""left_idx"":28,""right_low"":66.08,""right_idx"":57,""separation_bars"":29,""structural_low"":66.08,""current_price"":73.0335,""neckline_distance_pct"":-0.010043336277187955,""base_bars"":29},""pattern_geometry_features"":{""low_similarity_pct"":0.043378488415130756,""bounce_pct"":0.0941283292978208,""right_bottom_reaction"":0.395569620253165,""atr_pct"":0.09743735539782754},""_schema_version"":""1.0""}",,,,,,,,,,
20260508T185417Z-990aff,2026-05-08T18:54:17.243985+00:00,LSCC,bull_flag,absent,55.54,99.9,32.4,48.1,56.7,31.1,66.1,56.3,84.0,96.5,13.99,9.71,4.33,5.67,4.35,5.95,1.69,5.04,4.83,False,,125.405,127.9462,113.2849,145.1024,"{""trend"":{""T1_ema_stack"":{""value"":[true,true,true],""score"":100.0},""T2_ema50_slope"":{""value"":0.5881883502266755,""score"":100},""T3_high_proximity"":{""value"":0.9986859918770408,""score"":99.34299593852036},""T4_rs_1m"":{""value"":0.0950843140860047,""score"":100},""T5_rs_3m"":{""value"":0.3833470736446425,""score"":100},""T6_adr_healthy"":{""value"":4.710437149455733,""score"":100.0},""_score"":99.9},""geometry"":{""sub_pole_impulse"":45.4,""sub_flag_tightness"":0,""sub_flag_shallowness"":0,""sub_flag_drift"":100,""sub_flag_duration"":37.5,""_score"":32.37},""compression"":{""VC1_atr_ratio"":{""value"":0.6941866971634579,""score"":76.45332570913551},""VC2_range_contraction"":{""value"":1.0911233948423866,""score"":0},""VC3_range_pct_rank"":{""score"":70.0},""_score"":48.08},""sr_quality"":{""SR1_touches"":{""value"":2,""score"":25.0},""SR2_tightness"":{""value"":0.7986000000000004,""score"":76.84941789136387},""SR3_recency"":{""value"":227,""score"":0.0},""SR4_price_location"":{""score"":90.54609767477181},""SR5_reaction"":{""value"":2.4639165118000603,""score"":100},""_score"":56.66,""_levels_found"":7,""_target_level"":127.1476},""volume"":{""V1_rvol_day"":{""value"":0.6550773029947965,""score"":10.338486866319768},""V2_rvol_sameslot"":{""value"":1.6001083575551078,""score"":73.34055717034053,""status"":""ok""},""V3_breakout_bar"":{""value"":1.009084587670461,""score"":33.93897251136407},""V4_base_dryup"":{""value"":1.2081931850811731,""score"":29.180681491882694},""V5_bo_expansion"":{""value"":0.6550773029947965,""score"":0},""_score"":31.06},""readiness"":{""_distance_atr"":0.368,""BR1_atr_distance"":{""score"":75.44441971180142},""BR2_compression"":{""score"":73.65300892026438},""BR3_retest"":{""score"":50.0},""BR4_bo_age"":{""score"":50.0},""_score"":66.09},""risk"":{""R1_stop_clarity"":{""score"":49.98969856659957},""R2_stop_distance_pct"":{""value"":9.66480602846776,""score"":58.379849288306},""R3_stop_distance_atr"":{""value"":1.756752615476997,""score"":100.0},""R4_rr_potential"":{""value"":1.6251779062140317,""score"":31.258895310701583},""_score"":56.26},""market"":{""M1_spy_regime"":{""score"":100.0},""M3_earnings_risk"":{""value"":null,""score"":80.0},""M4_vix"":{""value"":null,""score"":60.0},""_score"":84.0},""liquidity"":{""L1_price"":{""value"":125.405,""score"":100.0},""L2_dollar_vol"":{""value"":192028650.55983007,""score"":100.0},""L3_spread_proxy"":{""value"":0.034506598620469744,""score"":65.49340137953025},""L4_volume_zscore"":{""value"":-0.8057892602562419,""score"":100.0},""_score"":96.55},""pattern_structure"":{""pole_low"":110.79,""pole_low_idx"":9,""peak_price"":127.9462,""peak_idx"":34,""pole_gain"":0.154853326112465,""flag_bars"":25,""flag_low"":115.01,""flag_high"":127.49,""structural_low"":115.01,""current_price"":124.46,""neckline_distance_pct"":0.02801060581713009,""base_bars"":25},""pattern_geometry_features"":{""pole_gain"":0.154853326112465,""pullback_pct"":0.10110655885051685,""flag_range_pct"":0.09754099770059595,""flag_drift_per_bar"":0.00036402427718514247,""atr_pct"":0.05501517939020431,""pole_atr_multiple"":2.8147381836954857},""_schema_version"":""1.0""}",,,,,,,,,,
20260508T185417Z-990aff,2026-05-08T18:54:17.243985+00:00,GRMN,breakout_retest_hold,setup,55.46,61.7,61.8,51.5,46.1,9.2,72.3,51.0,84.0,90.7,8.64,13.6,3.09,6.45,1.2,13.02,2.55,4.2,2.72,False,,242.15,239.63,237.2733,241.6654,"{""trend"":{""T1_ema_stack"":{""value"":[false,true,true],""score"":66.66666666666666},""T2_ema50_slope"":{""value"":0.2144782810659087,""score"":85.74638017765145},""T3_high_proximity"":{""value"":0.9051659688995216,""score"":52.58298444976079},""T4_rs_1m"":{""value"":-0.14080968641322178,""score"":0},""T5_rs_3m"":{""value"":0.12887548263191384,""score"":100},""T6_adr_healthy"":{""value"":2.4955647919142883,""score"":100.0},""_score"":61.7},""geometry"":{""sub_retest_depth"":54.3,""sub_retest_timing"":60.0,""sub_retest_freshness"":100.0,""sub_hold_quality"":45.1,""_score"":61.82},""compression"":{""VC1_atr_ratio"":{""value"":0.67486332970727,""score"":81.28416757318249},""VC2_range_contraction"":{""value"":1.4049237453117747,""score"":0},""VC3_range_pct_rank"":{""score"":75.83333333333333},""_score"":51.47},""sr_quality"":{""SR1_touches"":{""value"":2,""score"":25.0},""SR2_tightness"":{""value"":0.45000000000000284,""score"":87.82886773685621},""SR3_recency"":{""value"":271,""score"":0.0},""SR4_price_location"":{""score"":41.57580744702737},""SR5_reaction"":{""value"":2.9136338289936843,""score"":100},""_score"":46.07,""_levels_found"":5,""_target_level"":256.35},""volume"":{""V1_rvol_day"":{""value"":0.21505697217324649,""score"":0},""V2_rvol_sameslot"":{""value"":0.43069910756038987,""score"":0,""status"":""ok""},""V3_breakout_bar"":{""value"":0.48533497821682514,""score"":0},""V4_base_dryup"":{""value"":1.0395392090885476,""score"":46.046079091145245},""V5_bo_expansion"":{""value"":0.21505697217324649,""score"":0},""_score"":9.21},""readiness"":{""_distance_atr"":-0.341,""BR1_atr_distance"":{""score"":100.0},""BR2_compression"":{""score"":31.315428906438015},""BR3_retest"":{""score"":100},""BR4_bo_age"":{""score"":30.0},""_score"":72.33},""risk"":{""R1_stop_clarity"":{""score"":35.17654956649629},""R2_stop_distance_pct"":{""value"":2.0139169935990204,""score"":100.0},""R3_stop_distance_atr"":{""value"":0.6594995634185923,""score"":57.97497817092962},""R4_rr_potential"":{""value"":-0.09936315248309233,""score"":0.0},""_score"":51.01},""market"":{""M1_spy_regime"":{""score"":100.0},""M3_earnings_risk"":{""value"":null,""score"":80.0},""M4_vix"":{""value"":null,""score"":60.0},""_score"":84.0},""liquidity"":{""L1_price"":{""value"":242.15,""score"":100.0},""L2_dollar_vol"":{""value"":40406094.916598745,""score"":80.32234398448885},""L3_spread_proxy"":{""value"":0.014598389428040457,""score"":85.40161057195954},""L4_volume_zscore"":{""value"":-2.4573056689009443,""score"":100.0},""_score"":90.67},""pattern_structure"":{""level"":239.63,""level_idx"":57,""breakout_idx"":63,""bo_peak_idx"":69,""bo_peak_price"":247.08,""retest_idx"":73,""retest_low"":239.67,""structural_low"":239.67,""current_price"":242.56,""neckline_distance_pct"":-0.012079485488126677,""base_bars"":22,""bars_since_breakout"":16},""pattern_geometry_features"":{""retest_depth_atr"":-0.01965181200234024,""bars_breakout_to_retest"":10.0,""bars_since_retest"":6.0,""current_above_level_atr"":1.4394952291717125,""bo_peak_excess_pct"":0.031089596461211105,""atr_pct"":0.03053704816967048},""_schema_version"":""1.0""}",,,,,,,,,,
20260508T185417Z-990aff,2026-05-08T18:54:17.243985+00:00,MPWR,vcp,absent,55.41,97.2,48.9,42.6,43.7,22.5,39.1,78.2,84.0,72.8,14.58,12.23,5.11,5.24,2.93,2.73,3.91,5.04,3.64,False,,1590.785,1661.79,1465.7096,2335.58,"{""trend"":{""T1_ema_stack"":{""value"":[true,true,true],""score"":100.0},""T2_ema50_slope"":{""value"":0.7641521239267329,""score"":100},""T3_high_proximity"":{""value"":0.9627409447151029,""score"":81.3704723575514},""T4_rs_1m"":{""value"":0.10755094510563223,""score"":100},""T5_rs_3m"":{""value"":0.22557871888823744,""score"":100},""T6_adr_healthy"":{""value"":3.611176719843602,""score"":100.0},""_score"":97.21},""geometry"":{""sub_contraction_count"":100.0,""sub_reduction_rate"":55.7,""sub_pivot_tightness"":0,""sub_volume_dryup"":0,""sub_base_depth"":0.0,""sub_base_duration"":100.0,""_score"":48.92},""compression"":{""VC1_atr_ratio"":{""value"":0.7930578662556308,""score"":51.7355334360923},""VC2_range_contraction"":{""value"":1.0430955315568566,""score"":0},""VC3_range_pct_rank"":{""score"":87.5},""_score"":42.57},""sr_quality"":{""SR1_touches"":{""value"":2,""score"":25.0},""SR2_tightness"":{""value"":3.1100000000000136,""score"":91.33381348332428},""SR3_recency"":{""value"":274,""score"":0.0},""SR4_price_location"":{""score"":30.0},""SR5_reaction"":{""value"":2.160102720384417,""score"":100},""_score"":43.7,""_levels_found"":3,""_target_level"":1253.11},""volume"":{""V1_rvol_day"":{""value"":0.4226239575245102,""score"":0},""V2_rvol_sameslot"":{""value"":0.9173581268560063,""score"":27.82387512373375,""status"":""ok""},""V3_breakout_bar"":{""value"":0.7849715167032544,""score"":18.99810111355029},""V4_base_dryup"":{""value"":0.8907685880923121,""score"":60.923141190768796},""V5_bo_expansion"":{""value"":0.4226239575245102,""score"":0},""_score"":22.5},""readiness"":{""_distance_atr"":0.989,""BR1_atr_distance"":{""score"":34.046883856746376},""BR2_compression"":{""score"":31.76136147899805},""BR3_retest"":{""score"":50.0},""BR4_bo_age"":{""score"":50.0},""_score"":39.06},""risk"":{""R1_stop_clarity"":{""score"":37.80283510092175},""R2_stop_distance_pct"":{""value"":7.862498703470301,""score"":100.0},""R3_stop_distance_atr"":{""value"":1.7426481967156668,""score"":100.0},""R4_rr_potential"":{""value"":5.954765703421411,""score"":100.0},""_score"":78.23},""market"":{""M1_spy_regime"":{""score"":100.0},""M3_earnings_risk"":{""value"":null,""score"":80.0},""M4_vix"":{""value"":null,""score"":60.0},""_score"":84.0},""liquidity"":{""L1_price"":{""value"":1590.785,""score"":0.0},""L2_dollar_vol"":{""value"":408018890.36238027,""score"":100.0},""L3_spread_proxy"":{""value"":0.02207086438456479,""score"":77.92913561543521},""L4_volume_zscore"":{""value"":-1.8641404790580758,""score"":100.0},""_score"":72.79},""pattern_structure"":{""n_contractions"":3,""contractions_pct"":[21.35,11.68,10.46],""descending_strict"":true,""final_low"":1488.03,""final_pivot"":1661.79,""structural_low"":1488.03,""dry_up_ratio"":1.2073496063732294,""current_price"":1590.785,""neckline_distance_pct"":0.04463519583098902,""base_bars"":43,""recent_base_height"":673.79},""pattern_geometry_features"":{""contraction_count"":3.0,""first_contraction_pct"":0.2135135565426438,""last_contraction_pct"":0.10456194826061055,""dry_up_ratio"":1.2073496063732294,""near_monotone"":1.0,""base_depth_pct"":-0.18452977981563734},""_schema_version"":""1.0""}",,,,,,,,,,
20260508T185417Z-990aff,2026-05-08T18:54:17.243985+00:00,ATI,bull_flag,absent,55.38,74.0,48.6,54.4,61.0,35.6,27.0,70.6,84.0,97.2,10.36,14.59,4.89,6.11,4.98,2.43,2.12,5.04,4.86,False,,161.59,171.11,157.5901,190.4,"{""trend"":{""T1_ema_stack"":{""value"":[true,true,true],""score"":100.0},""T2_ema50_slope"":{""value"":0.18568276290616528,""score"":80.94712715102754},""T3_high_proximity"":{""value"":0.9709770460281217,""score"":85.48852301406085},""T4_rs_1m"":{""value"":-0.07247547069643456,""score"":0},""T5_rs_3m"":{""value"":0.14184593114792432,""score"":100},""T6_adr_healthy"":{""value"":4.155163556841633,""score"":100.0},""_score"":74.01},""geometry"":{""sub_pole_impulse"":42.5,""sub_flag_tightness"":47.3,""sub_flag_shallowness"":0,""sub_flag_drift"":93.7,""sub_flag_duration"":100.0,""_score"":48.63},""compression"":{""VC1_atr_ratio"":{""value"":0.5150430854804262,""score"":100},""VC2_range_contraction"":{""value"":1.122823382683608,""score"":0},""VC3_range_pct_rank"":{""score"":57.49999999999999},""_score"":54.38},""sr_quality"":{""SR1_touches"":{""value"":4,""score"":75.0},""SR2_tightness"":{""value"":2.0580389189408037,""score"":45.87907763032675},""SR3_recency"":{""value"":236,""score"":0.0},""SR4_price_location"":{""score"":66.68022991765464},""SR5_reaction"":{""value"":2.375263325466051,""score"":100},""_score"":61.05,""_levels_found"":4,""_target_level"":165.6434},""volume"":{""V1_rvol_day"":{""value"":0.6741255758880551,""score"":11.608371725870342},""V2_rvol_sameslot"":{""value"":1.7739940524525037,""score"":84.93293683016691,""status"":""ok""},""V3_breakout_bar"":{""value"":0.989393423165966,""score"":32.6262282110644},""V4_base_dryup"":{""value"":1.0931144941048445,""score"":40.68855058951555},""V5_bo_expansion"":{""value"":0.6741255758880551,""score"":0},""_score"":35.6},""readiness"":{""_distance_atr"":1.252,""BR1_atr_distance"":{""score"":16.549815746526264},""BR2_compression"":{""score"":11.537724791630566},""BR3_retest"":{""score"":50.0},""BR4_bo_age"":{""score"":50.0},""_score"":27.0},""risk"":{""R1_stop_clarity"":{""score"":36.89035986952732},""R2_stop_distance_pct"":{""value"":2.475307877962751,""score"":100.0},""R3_stop_distance_atr"":{""value"":0.5259268164174222,""score"":51.29634082087111},""R4_rr_potential"":{""value"":7.202770103878887,""score"":100.0},""_score"":70.61},""market"":{""M1_spy_regime"":{""score"":100.0},""M3_earnings_risk"":{""value"":null,""score"":80.0},""M4_vix"":{""value"":null,""score"":60.0},""_score"":84.0},""liquidity"":{""L1_price"":{""value"":161.59,""score"":100.0},""L2_dollar_vol"":{""value"":198721062.84270668,""score"":100.0},""L3_spread_proxy"":{""value"":0.028405223095488603,""score"":71.59477690451139},""L4_volume_zscore"":{""value"":-0.822716689600012,""score"":100.0},""_score"":97.16},""pattern_structure"":{""pole_low"":151.82,""pole_low_idx"":25,""peak_price"":171.11,""peak_idx"":49,""pole_gain"":0.1270583585825321,""flag_bars"":10,""flag_low"":159.99,""flag_high"":166.87,""structural_low"":159.99,""current_price"":162.66,""neckline_distance_pct"":0.05194885036271989,""base_bars"":10},""pattern_geometry_features"":{""pole_gain"":0.1270583585825321,""pullback_pct"":0.06498743498334407,""flag_range_pct"":0.040208053299047364,""flag_drift_per_bar"":-0.0012647686753182801,""atr_pct"":0.0470656334815627,""pole_atr_multiple"":2.699599456837342},""_schema_version"":""1.0""}",,,,,,,,,,
20260508T185417Z-990aff,2026-05-08T18:54:17.243985+00:00,WULF,double_bottom,setup,55.0,93.6,68.2,30.8,53.9,14.9,37.2,37.3,84.0,90.0,14.03,17.05,2.46,7.55,1.93,2.97,2.24,5.04,4.5,True,stop_too_wide,23.53,22.625,19.9315,25.015,"{""trend"":{""T1_ema_stack"":{""value"":[true,true,true],""score"":100.0},""T2_ema50_slope"":{""value"":0.6834054753453561,""score"":100},""T3_high_proximity"":{""value"":0.9141414141414143,""score"":57.07070707070711},""T4_rs_1m"":{""value"":0.15171486909649645,""score"":100},""T5_rs_3m"":{""value"":0.5786743046617744,""score"":100},""T6_adr_healthy"":{""value"":7.036471926846962,""score"":100.0},""_score"":93.56},""geometry"":{""sub_low_similarity"":8.7,""sub_bounce_quality"":100,""sub_separation_fit"":100.0,""sub_right_bottom_reaction"":70.5,""sub_base_context"":100.0,""_score"":68.19},""compression"":{""VC1_atr_ratio"":{""value"":0.7599704313272655,""score"":60.00739216818363},""VC2_range_contraction"":{""value"":0.937135010950217,""score"":10.477498174963833},""VC3_range_pct_rank"":{""score"":12.5},""_score"":30.8},""sr_quality"":{""SR1_touches"":{""value"":4,""score"":75.0},""SR2_tightness"":{""value"":0.341192760767283,""score"":59.31209810396248},""SR3_recency"":{""value"":239,""score"":0.0},""SR4_price_location"":{""score"":30.0},""SR5_reaction"":{""value"":2.1934905471534982,""score"":100},""_score"":53.9,""_levels_found"":6,""_target_level"":18.05},""volume"":{""V1_rvol_day"":{""value"":0.8269066822484388,""score"":21.793778816562583},""V2_rvol_sameslot"":{""value"":0.791874214267695,""score"":19.458280951179667,""status"":""ok""},""V3_breakout_bar"":{""value"":0.46019445674867204,""score"":0},""V4_base_dryup"":{""value"":1.1682822415239675,""score"":33.17177584760324},""V5_bo_expansion"":{""value"":0.826906682248439,""score"":0},""_score"":14.88},""readiness"":{""_distance_atr"":-0.54,""BR1_atr_distance"":{""score"":49.207698565143495},""BR2_compression"":{""score"":0},""BR3_retest"":{""score"":50.0},""BR4_bo_age"":{""score"":50.0},""_score"":37.18},""risk"":{""R1_stop_clarity"":{""score"":63.80405201088594},""R2_stop_distance_pct"":{""value"":15.293348916277102,""score"":0.0},""R3_stop_distance_atr"":{""value"":2.1456556088876786,""score"":100.0},""R4_rr_potential"":{""value"":0.41266907969237354,""score"":0.0},""_score"":37.33},""market"":{""M1_spy_regime"":{""score"":100.0},""M3_earnings_risk"":{""value"":null,""score"":80.0},""M4_vix"":{""value"":null,""score"":60.0},""_score"":84.0},""liquidity"":{""L1_price"":{""value"":23.53,""score"":100.0},""L2_dollar_vol"":{""value"":659136246.4523526,""score"":100.0},""L3_spread_proxy"":{""value"":0.1279175520611984,""score"":0},""L4_volume_zscore"":{""value"":-0.6271335868204693,""score"":100.0},""_score"":90.0},""pattern_structure"":{""left_low"":20.235,""left_idx"":28,""right_low"":21.18,""right_idx"":50,""separation_bars"":22,""structural_low"":20.235,""current_price"":23.555,""neckline_distance_pct"":-0.039482063256208864,""base_bars"":22},""pattern_geometry_features"":{""low_similarity_pct"":0.045635639261137284,""bounce_pct"":0.11811218186310851,""right_bottom_reaction"":0.7049180327868855,""atr_pct"":0.07127587881731529},""_schema_version"":""1.0""}",,,,,,,,,,
20260508T185417Z-990aff,2026-05-08T18:54:17.243985+00:00,GSAT,ascending_triangle,absent,55.0,96.2,47.1,99.2,41.3,0.0,36.6,47.4,84.0,90.5,14.44,13.19,7.93,5.79,0.0,2.93,1.89,5.04,4.52,True,risk_unclear,81.805,82.64,79.8736,84.19,"{""trend"":{""T1_ema_stack"":{""value"":[true,true,true],""score"":100.0},""T2_ema50_slope"":{""value"":0.5966112545178183,""score"":100},""T3_high_proximity"":{""value"":0.993985419198056,""score"":96.992709599028},""T4_rs_1m"":{""value"":0.03387050308254724,""score"":83.87050308254724},""T5_rs_3m"":{""value"":0.3510622153484122,""score"":100},""T6_adr_healthy"":{""value"":1.4319311754385093,""score"":98.29827938596274},""_score"":96.24},""geometry"":{""sub_flat_top_quality"":100,""sub_hl_slope"":2.3,""sub_compression"":5.6,""sub_duration"":100.0,""_score"":47.09},""compression"":{""VC1_atr_ratio"":{""value"":0.12032953359420216,""score"":100},""VC2_range_contraction"":{""value"":0.3034991636562129,""score"":100},""VC3_range_pct_rank"":{""score"":96.66666666666667},""_score"":99.17},""sr_quality"":{""SR1_touches"":{""value"":2,""score"":25.0},""SR2_tightness"":{""value"":0.12999999999999545,""score"":75.57208302485346},""SR3_recency"":{""value"":228,""score"":0.0},""SR4_price_location"":{""score"":30.0},""SR5_reaction"":{""value"":2.1891171750805087,""score"":100},""_score"":41.34,""_levels_found"":7,""_target_level"":80.94},""volume"":{""V1_rvol_day"":{""value"":0.21360358976478536,""score"":0},""V2_rvol_sameslot"":{""value"":0.47146005954877085,""score"":0,""status"":""ok""},""V3_breakout_bar"":{""value"":0.4642015631090633,""score"":0},""V4_base_dryup"":{""value"":2.4359372721545816,""score"":0},""V5_bo_expansion"":{""value"":0.21360358976478536,""score"":0},""_score"":0.0},""readiness"":{""_distance_atr"":0.785,""BR1_atr_distance"":{""score"":47.699203399364286},""BR2_compression"":{""score"":0},""BR3_retest"":{""score"":50.0},""BR4_bo_age"":{""score"":50.0},""_score"":36.58},""risk"":{""R1_stop_clarity"":{""score"":0},""R2_stop_distance_pct"":{""value"":2.360919259213995,""score"":100.0},""R3_stop_distance_atr"":{""value"":1.8145714403827367,""score"":100.0},""R4_rr_potential"":{""value"":1.2348875139151265,""score"":11.744375695756325},""_score"":47.35},""market"":{""M1_spy_regime"":{""score"":100.0},""M3_earnings_risk"":{""value"":null,""score"":80.0},""M4_vix"":{""value"":null,""score"":60.0},""_score"":84.0},""liquidity"":{""L1_price"":{""value"":81.805,""score"":100.0},""L2_dollar_vol"":{""value"":36695794.9296927,""score"":78.23081500625118},""L3_spread_proxy"":{""value"":0.008190208422468084,""score"":91.80979157753191},""L4_volume_zscore"":{""value"":-0.6434543518082679,""score"":100.0},""_score"":90.47},""pattern_structure"":{""top"":82.64,""top_touches"":5,""low_slope_per_bar"":0.0055547963206312705,""lowest_low"":81.09,""structural_low"":81.09,""current_price"":81.83,""neckline_distance_pct"":0.009898570206525752,""base_bars"":45},""pattern_geometry_features"":{""top_touches"":5.0,""low_slope"":0.0055547963206312705,""compression"":0.028007863538826117,""atr_pct"":0.01301089175478272},""_schema_version"":""1.0""}",,,,,,,,,,
20260508T185417Z-990aff,2026-05-08T18:54:17.243985+00:00,GSAT,tight_consolidation,forming,55.0,96.2,63.2,99.2,41.3,20.0,31.3,49.0,84.0,90.5,15.4,12.64,17.85,4.13,2.6,2.51,2.45,4.2,4.52,True,risk_unclear,81.805,82.85,79.5979,84.89,"{""trend"":{""T1_ema_stack"":{""value"":[true,true,true],""score"":100.0},""T2_ema50_slope"":{""value"":0.5966112545178183,""score"":100},""T3_high_proximity"":{""value"":0.993985419198056,""score"":96.992709599028},""T4_rs_1m"":{""value"":0.03387050308254724,""score"":83.87050308254724},""T5_rs_3m"":{""value"":0.3510622153484122,""score"":100},""T6_adr_healthy"":{""value"":1.4319311754385093,""score"":98.29827938596274},""_score"":96.24},""geometry"":{""sub_tightness"":36.1,""sub_duration"":87.5,""sub_dry_up"":62.5,""sub_location"":100,""_score"":63.19},""compression"":{""VC1_atr_ratio"":{""value"":0.12032953359420216,""score"":100},""VC2_range_contraction"":{""value"":0.3034991636562129,""score"":100},""VC3_range_pct_rank"":{""score"":96.66666666666667},""_score"":99.17},""sr_quality"":{""SR1_touches"":{""value"":2,""score"":25.0},""SR2_tightness"":{""value"":0.12999999999999545,""score"":75.57208302485346},""SR3_recency"":{""value"":228,""score"":0.0},""SR4_price_location"":{""score"":30.0},""SR5_reaction"":{""value"":2.1891171750805087,""score"":100},""_score"":41.34,""_levels_found"":7,""_target_level"":80.94},""volume"":{""V1_rvol_day"":{""value"":0.21360358976478536,""score"":0},""V2_rvol_sameslot"":{""value"":0.47146005954877085,""score"":0,""status"":""ok""},""V3_breakout_bar"":{""value"":0.4642015631090633,""score"":0},""V4_base_dryup"":{""value"":0.44202513984172015,""score"":100},""V5_bo_expansion"":{""value"":0.21360358976478536,""score"":0},""_score"":20.0},""readiness"":{""_distance_atr"":0.982,""BR1_atr_distance"":{""score"":34.545709643516076},""BR2_compression"":{""score"":0},""BR3_retest"":{""score"":50.0},""BR4_bo_age"":{""score"":50.0},""_score"":31.32},""risk"":{""R1_stop_clarity"":{""score"":0},""R2_stop_distance_pct"":{""value"":2.698062465619459,""score"":100.0},""R3_stop_distance_atr"":{""value"":2.0736952673729445,""score"":100.0},""R4_rr_potential"":{""value"":1.3977301044333106,""score"":19.88650522166553},""_score"":48.98},""market"":{""M1_spy_regime"":{""score"":100.0},""M3_earnings_risk"":{""value"":null,""score"":80.0},""M4_vix"":{""value"":null,""score"":60.0},""_score"":84.0},""liquidity"":{""L1_price"":{""value"":81.805,""score"":100.0},""L2_dollar_vol"":{""value"":36695794.9296927,""score"":78.23081500625118},""L3_spread_proxy"":{""value"":0.008190208422468084,""score"":91.80979157753191},""L4_volume_zscore"":{""value"":-0.6434543518082679,""score"":100.0},""_score"":90.47},""pattern_structure"":{""window_bars"":11,""range_pct"":0.024937351017663856,""range_atr"":1.9166519472807886,""vol_ratio"":0.5373813617856139,""range_location_63d"":0.9808584686774946,""pivot_high"":82.85,""pivot_low"":80.81,""structural_low"":80.81,""current_price"":81.805,""neckline_distance_pct"":0.01277428030071496,""base_bars"":11},""pattern_geometry_features"":{""range_pct"":0.024937351017663856,""range_atr"":1.9166519472807886,""duration_bars"":11.0,""vol_dryup_ratio"":0.5373813617856139,""location_in_range"":0.9808584686774946,""atr_pct"":0.01301089175478272},""_schema_version"":""1.0""}",,,,,,,,,,
20260508T185417Z-990aff,2026-05-08T18:54:17.243985+00:00,BHP,bull_flag,forming,55.0,90.5,70.8,45.0,40.3,24.5,53.5,62.4,84.0,98.7,12.66,21.23,4.05,4.03,3.43,4.82,1.87,5.04,4.93,True,risk_unclear,84.4355,85.14,81.4103,92.81,"{""trend"":{""T1_ema_stack"":{""value"":[true,true,true],""score"":100.0},""T2_ema50_slope"":{""value"":0.26218300297198177,""score"":93.69716716199696},""T3_high_proximity"":{""value"":1.0,""score"":99.99999999999997},""T4_rs_1m"":{""value"":0.008545371566104132,""score"":58.54537156610413},""T5_rs_3m"":{""value"":0.14452520777682465,""score"":100},""T6_adr_healthy"":{""value"":1.738472045083642,""score"":100.0},""_score"":90.45},""geometry"":{""sub_pole_impulse"":75.9,""sub_flag_tightness"":59.3,""sub_flag_shallowness"":40.9,""sub_flag_drift"":100,""sub_flag_duration"":100.0,""_score"":70.78},""compression"":{""VC1_atr_ratio"":{""value"":0.8190054929770229,""score"":45.24862675574429},""VC2_range_contraction"":{""value"":0.8861971814248858,""score"":18.9671364291857},""VC3_range_pct_rank"":{""score"":80.83333333333333},""_score"":44.95},""sr_quality"":{""SR1_touches"":{""value"":2,""score"":25.0},""SR2_tightness"":{""value"":0.240000000000002,""score"":76.82359027418502},""SR3_recency"":{""value"":234,""score"":0.0},""SR4_price_location"":{""score"":30.0},""SR5_reaction"":{""value"":1.8347991032936724,""score"":91.73995516468362},""_score"":40.28,""_levels_found"":8,""_target_level"":81.02},""volume"":{""V1_rvol_day"":{""value"":0.5232505851730586,""score"":1.5500390115372373},""V2_rvol_sameslot"":{""value"":0.9840917968982906,""score"":32.27278645988604,""status"":""ok""},""V3_breakout_bar"":{""value"":0.7793738561187057,""score"":18.624923741247045},""V4_base_dryup"":{""value"":0.8452166567705522,""score"":65.47833432294478},""V5_bo_expansion"":{""value"":0.5232505851730586,""score"":0},""_score"":24.52},""readiness"":{""_distance_atr"":0.34,""BR1_atr_distance"":{""score"":77.32252687244942},""BR2_compression"":{""score"":20.463021680347268},""BR3_retest"":{""score"":50.0},""BR4_bo_age"":{""score"":50.0},""_score"":53.54},""risk"":{""R1_stop_clarity"":{""score"":0},""R2_stop_distance_pct"":{""value"":3.5829124005897985,""score"":100.0},""R3_stop_distance_atr"":{""value"":1.460717365062941,""score"":98.03586825314706},""R4_rr_potential"":{""value"":2.768200975126022,""score"":88.4100487563011},""_score"":62.39},""market"":{""M1_spy_regime"":{""score"":100.0},""M3_earnings_risk"":{""value"":null,""score"":80.0},""M4_vix"":{""value"":null,""score"":60.0},""_score"":84.0},""liquidity"":{""L1_price"":{""value"":84.4355,""score"":100.0},""L2_dollar_vol"":{""value"":98761641.20468426,""score"":99.72941491770095},""L3_spread_proxy"":{""value"":0.012317094113257954,""score"":87.68290588674205},""L4_volume_zscore"":{""value"":-1.7315557237612613,""score"":100.0},""_score"":98.66},""pattern_structure"":{""pole_low"":77.47,""pole_low_idx"":33,""peak_price"":85.14,""peak_idx"":49,""pole_gain"":0.09900606686459276,""flag_bars"":10,""flag_low"":82.65,""flag_high"":84.71,""structural_low"":82.65,""current_price"":84.5,""neckline_distance_pct"":0.007573964497041427,""base_bars"":10},""pattern_geometry_features"":{""pole_gain"":0.09900606686459276,""pullback_pct"":0.029245947850598954,""flag_range_pct"":0.024195442800093822,""flag_drift_per_bar"":0.001412228796844218,""atr_pct"":0.02452844394326355,""pole_atr_multiple"":4.036377810740971},""_schema_version"":""1.0""}",,,,,,,,,,
20260508T185417Z-990aff,2026-05-08T18:54:17.243985+00:00,AVGO,double_bottom,forming,55.0,100.0,56.2,32.5,60.6,24.2,40.2,48.5,84.0,95.1,15.0,14.04,2.6,8.48,3.14,3.22,2.91,5.04,4.75,True,risk_unclear,427.67,437.68,388.7302,480.71,"{""trend"":{""T1_ema_stack"":{""value"":[true,true,true],""score"":100.0},""T2_ema50_slope"":{""value"":0.5500925604156364,""score"":100},""T3_high_proximity"":{""value"":1.0,""score"":99.99999999999997},""T4_rs_1m"":{""value"":0.12025585629221691,""score"":100},""T5_rs_3m"":{""value"":0.2166711940726631,""score"":100},""T6_adr_healthy"":{""value"":3.031756700275971,""score"":100.0},""_score"":100.0},""geometry"":{""sub_low_similarity"":41.8,""sub_bounce_quality"":100,""sub_separation_fit"":6.7,""sub_right_bottom_reaction"":17.4,""sub_base_context"":100.0,""_score"":56.16},""compression"":{""VC1_atr_ratio"":{""value"":0.7142541842644944,""score"":71.4364539338764},""VC2_range_contraction"":{""value"":1.1240633830718472,""score"":0},""VC3_range_pct_rank"":{""score"":15.833333333333332},""_score"":32.53},""sr_quality"":{""SR1_touches"":{""value"":5,""score"":100},""SR2_tightness"":{""value"":3.5435157682731018,""score"":54.067641570295244},""SR3_recency"":{""value"":265,""score"":0.0},""SR4_price_location"":{""score"":30.0},""SR5_reaction"":{""value"":1.9977589916017728,""score"":99.88794958008864},""_score"":60.59,""_levels_found"":5,""_target_level"":355.776},""volume"":{""V1_rvol_day"":{""value"":0.6648267693260822,""score"":10.98845128840548},""V2_rvol_sameslot"":{""value"":1.0646696176251345,""score"":37.644641175008964,""status"":""ok""},""V3_breakout_bar"":{""value"":0.6437950910760396,""score"":9.586339405069307},""V4_base_dryup"":{""value"":0.8972557965761837,""score"":60.27442034238163},""V5_bo_expansion"":{""value"":0.6648267693260822,""score"":0},""_score"":24.18},""readiness"":{""_distance_atr"":0.649,""BR1_atr_distance"":{""score"":56.74889592251719},""BR2_compression"":{""score"":0},""BR3_retest"":{""score"":50.0},""BR4_bo_age"":{""score"":50.0},""_score"":40.2},""risk"":{""R1_stop_clarity"":{""score"":23.266016974221756},""R2_stop_distance_pct"":{""value"":9.105092711670226,""score"":72.37268220824436},""R3_stop_distance_atr"":{""value"":2.5237570129887597,""score"":100.0},""R4_rr_potential"":{""value"":1.3621042764784042,""score"":18.10521382392021},""_score"":48.48},""market"":{""M1_spy_regime"":{""score"":100.0},""M3_earnings_risk"":{""value"":null,""score"":80.0},""M4_vix"":{""value"":null,""score"":60.0},""_score"":84.0},""liquidity"":{""L1_price"":{""value"":427.67,""score"":100.0},""L2_dollar_vol"":{""value"":5716982238.617591,""score"":100.0},""L3_spread_proxy"":{""value"":0.049103280566792154,""score"":50.89671943320785},""L4_volume_zscore"":{""value"":-1.5175392017201346,""score"":100.0},""_score"":95.09},""pattern_structure"":{""left_low"":394.65,""left_idx"":29,""right_low"":406.3,""right_idx"":73,""separation_bars"":44,""structural_low"":394.65,""current_price"":428.62,""neckline_distance_pct"":0.021137604404834125,""base_bars"":44},""pattern_geometry_features"":{""low_similarity_pct"":0.029090455084587137,""bounce_pct"":0.10903332066387947,""right_bottom_reaction"":0.1736559139784954,""atr_pct"":0.03607753307790721},""_schema_version"":""1.0""}",,,,,,,,,,
20260508T185417Z-990aff,2026-05-08T18:54:17.243985+00:00,CW,vcp,forming,55.0,70.4,51.7,64.1,64.0,16.8,38.9,64.1,84.0,70.2,10.56,12.91,7.69,7.68,2.18,2.72,3.2,5.04,3.51,True,risk_unclear,729.15,748.14,701.4333,870.63,"{""trend"":{""T1_ema_stack"":{""value"":[true,true,true],""score"":100.0},""T2_ema50_slope"":{""value"":0.15464056675341425,""score"":75.77342779223571},""T3_high_proximity"":{""value"":0.9815046642167751,""score"":90.7523321083875},""T4_rs_1m"":{""value"":-0.07557764790674404,""score"":0},""T5_rs_3m"":{""value"":0.05501228942417202,""score"":77.50614471208601},""T6_adr_healthy"":{""value"":2.7715132322391764,""score"":100.0},""_score"":70.39},""geometry"":{""sub_contraction_count"":100.0,""sub_reduction_rate"":0,""sub_pivot_tightness"":74.0,""sub_volume_dryup"":37.1,""sub_base_depth"":0.0,""sub_base_duration"":100.0,""_score"":51.66},""compression"":{""VC1_atr_ratio"":{""value"":0.43999667332479964,""score"":100},""VC2_range_contraction"":{""value"":0.88303629100367,""score"":19.493951499388338},""VC3_range_pct_rank"":{""score"":69.16666666666667},""_score"":64.11},""sr_quality"":{""SR1_touches"":{""value"":5,""score"":100},""SR2_tightness"":{""value"":2.57040347027466,""score"":76.48808984357673},""SR3_recency"":{""value"":239,""score"":0.0},""SR4_price_location"":{""score"":30.0},""SR5_reaction"":{""value"":2.6184451971982257,""score"":100},""_score"":63.97,""_levels_found"":7,""_target_level"":713.366},""volume"":{""V1_rvol_day"":{""value"":0.49943919714069507,""score"":0},""V2_rvol_sameslot"":{""value"":0.8221890734793709,""score"":21.47927156529139,""status"":""ok""},""V3_breakout_bar"":{""value"":0.5343230916056061,""score"":2.2882061070404065},""V4_base_dryup"":{""value"":0.9043401023678778,""score"":59.56598976321222},""V5_bo_expansion"":{""value"":0.49943919714069523,""score"":0},""_score"":16.78},""readiness"":{""_distance_atr"":0.869,""BR1_atr_distance"":{""score"":42.09843201221008},""BR2_compression"":{""score"":18.15307958980354},""BR3_retest"":{""score"":50.0},""BR4_bo_age"":{""score"":50.0},""_score"":38.88},""risk"":{""R1_stop_clarity"":{""score"":2.2924760956750987},""R2_stop_distance_pct"":{""value"":3.801237742576973,""score"":100.0},""R3_stop_distance_atr"":{""value"":1.2676475805579586,""score"":88.38237902789793},""R4_rr_potential"":{""value"":5.104499178744965,""score"":100.0},""_score"":64.06},""market"":{""M1_spy_regime"":{""score"":100.0},""M3_earnings_risk"":{""value"":null,""score"":80.0},""M4_vix"":{""value"":null,""score"":60.0},""_score"":84.0},""liquidity"":{""L1_price"":{""value"":729.15,""score"":0.0},""L2_dollar_vol"":{""value"":78693902.7908991,""score"":94.79705422478429},""L3_spread_proxy"":{""value"":0.026770760474524986,""score"":73.22923952547501},""L4_volume_zscore"":{""value"":-1.3724480621030892,""score"":100.0},""_score"":70.24},""pattern_structure"":{""n_contractions"":5,""contractions_pct"":[4.6,9.6,10.62,12.71,4.82],""descending_strict"":false,""final_low"":712.115,""final_pivot"":748.14,""structural_low"":712.115,""dry_up_ratio"":0.8146175226071121,""current_price"":729.15,""neckline_distance_pct"":0.026044023863402606,""base_bars"":43,""recent_base_height"":122.49000000000001},""pattern_geometry_features"":{""contraction_count"":5.0,""first_contraction_pct"":0.04604994436541367,""last_contraction_pct"":0.04815275215868685,""dry_up_ratio"":0.8146175226071121,""near_monotone"":0.0,""base_depth_pct"":-0.002992999901407062},""_schema_version"":""1.0""}",,,,,,,,,,
20260508T185417Z-990aff,2026-05-08T18:54:17.243985+00:00,MSFT,cup_with_handle,forming,55.0,69.7,65.4,65.6,38.8,16.1,31.5,65.0,84.0,99.0,9.75,19.61,5.25,4.65,2.09,2.52,3.25,4.2,4.95,True,risk_unclear,415.78,433.7,392.0399,501.1,"{""trend"":{""T1_ema_stack"":{""value"":[true,true,false],""score"":66.66666666666666},""T2_ema50_slope"":{""value"":0.14664681872306845,""score"":74.44113645384473},""T3_high_proximity"":{""value"":0.9604083895407927,""score"":80.20419477039631},""T4_rs_1m"":{""value"":0.029728672307278714,""score"":79.72867230727871},""T5_rs_3m"":{""value"":-0.03143572709411768,""score"":34.28213645294116},""T6_adr_healthy"":{""value"":2.4085434087437867,""score"":100.0},""_score"":69.67},""geometry"":{""sub_cup_depth"":79.1,""sub_cup_duration"":100.0,""sub_rim_symmetry"":52.7,""sub_handle_shallowness"":31.4,""sub_handle_proportion"":79.3,""sub_u_shape"":65.3,""_score"":65.36},""compression"":{""VC1_atr_ratio"":{""value"":0.5699778182872419,""score"":100},""VC2_range_contraction"":{""value"":0.9539527448565915,""score"":7.674542523901411},""VC3_range_pct_rank"":{""score"":91.66666666666666},""_score"":65.6},""sr_quality"":{""SR1_touches"":{""value"":2,""score"":25.0},""SR2_tightness"":{""value"":1.8899999999999864,""score"":67.97046407117698},""SR3_recency"":{""value"":231,""score"":0.0},""SR4_price_location"":{""score"":24.243736993914453},""SR5_reaction"":{""value"":2.2962931804082385,""score"":100},""_score"":38.76,""_levels_found"":6,""_target_level"":431.81},""volume"":{""V1_rvol_day"":{""value"":0.5119765252719195,""score"":0.7984350181279668},""V2_rvol_sameslot"":{""value"":0.9265009974235042,""score"":28.433399828233615,""status"":""ok""},""V3_breakout_bar"":{""value"":0.6402528623179232,""score"":9.350190821194882},""V4_base_dryup"":{""value"":1.1064169476025898,""score"":39.35830523974102},""V5_bo_expansion"":{""value"":0.5119765252719194,""score"":0},""_score"":16.06},""readiness"":{""_distance_atr"":1.518,""BR1_atr_distance"":{""score"":0},""BR2_compression"":{""score"":56.03959655006826},""BR3_retest"":{""score"":50.0},""BR4_bo_age"":{""score"":50.0},""_score"":31.51},""risk"":{""R1_stop_clarity"":{""score"":0},""R2_stop_distance_pct"":{""value"":5.709786425513486,""score"":100.0},""R3_stop_distance_atr"":{""value"":2.0116031412186577,""score"":100.0},""R4_rr_potential"":{""value"":3.593911580171151,""score"":100.0},""_score"":65.0},""market"":{""M1_spy_regime"":{""score"":100.0},""M3_earnings_risk"":{""value"":null,""score"":80.0},""M4_vix"":{""value"":null,""score"":60.0},""_score"":84.0},""liquidity"":{""L1_price"":{""value"":415.78,""score"":100.0},""L2_dollar_vol"":{""value"":7464202051.663233,""score"":100.0},""L3_spread_proxy"":{""value"":0.010269854249843625,""score"":89.73014575015637},""L4_volume_zscore"":{""value"":-1.552014239478693,""score"":100.0},""_score"":98.97},""pattern_structure"":{""left_rim"":423.68,""left_rim_idx"":118,""cup_bottom"":356.28,""cup_bottom_idx"":151,""right_rim"":433.7,""right_rim_idx"":167,""handle_low"":398.01,""handle_bars"":12,""cup_bars"":49,""structural_low"":398.01,""current_price"":415.78,""neckline_distance_pct"":0.04309971619606527,""base_bars"":61},""pattern_geometry_features"":{""cup_depth_pct"":0.159082326283988,""rim_symmetry_pct"":0.02364992447129905,""handle_depth_pct"":0.08229190684805164,""handle_to_cup_ratio"":0.24489795918367346,""cup_duration_bars"":49.0,""atr_pct"":0.028384258845680747,""u_shape_score"":0.32653061224489793},""_schema_version"":""1.0""}",,,,,,,,,,
20260508T185417Z-990aff,2026-05-08T18:54:17.243985+00:00,AVGO,vcp,absent,55.0,100.0,46.6,32.5,60.6,26.5,54.7,64.8,84.0,95.1,15.0,11.65,3.9,7.27,3.44,3.83,3.24,5.04,4.75,True,risk_unclear,427.67,429.31,388.7302,568.66,"{""trend"":{""T1_ema_stack"":{""value"":[true,true,true],""score"":100.0},""T2_ema50_slope"":{""value"":0.5500925604156364,""score"":100},""T3_high_proximity"":{""value"":1.0,""score"":99.99999999999997},""T4_rs_1m"":{""value"":0.12025585629221691,""score"":100},""T5_rs_3m"":{""value"":0.2166711940726631,""score"":100},""T6_adr_healthy"":{""value"":3.031756700275971,""score"":100.0},""_score"":100.0},""geometry"":{""sub_contraction_count"":100.0,""sub_reduction_rate"":7.1,""sub_pivot_tightness"":27.6,""sub_volume_dryup"":37.9,""sub_base_depth"":0.0,""sub_base_duration"":100.0,""_score"":46.6},""compression"":{""VC1_atr_ratio"":{""value"":0.7142541842644944,""score"":71.4364539338764},""VC2_range_contraction"":{""value"":1.1240633830718472,""score"":0},""VC3_range_pct_rank"":{""score"":15.833333333333332},""_score"":32.53},""sr_quality"":{""SR1_touches"":{""value"":5,""score"":100},""SR2_tightness"":{""value"":3.5435157682731018,""score"":54.067641570295244},""SR3_recency"":{""value"":265,""score"":0.0},""SR4_price_location"":{""score"":30.0},""SR5_reaction"":{""value"":1.9977589916017728,""score"":99.88794958008864},""_score"":60.59,""_levels_found"":5,""_target_level"":355.776},""volume"":{""V1_rvol_day"":{""value"":0.6648267693260822,""score"":10.98845128840548},""V2_rvol_sameslot"":{""value"":1.0646696176251345,""score"":37.644641175008964,""status"":""ok""},""V3_breakout_bar"":{""value"":0.6437950910760396,""score"":9.586339405069307},""V4_base_dryup"":{""value"":0.7831207104433167,""score"":71.68792895566833},""V5_bo_expansion"":{""value"":0.6648267693260822,""score"":0},""_score"":26.46},""readiness"":{""_distance_atr"":0.106,""BR1_atr_distance"":{""score"":92.9139050262666},""BR2_compression"":{""score"":0},""BR3_retest"":{""score"":50.0},""BR4_bo_age"":{""score"":50.0},""_score"":54.67},""risk"":{""R1_stop_clarity"":{""score"":23.266016974221756},""R2_stop_distance_pct"":{""value"":9.105092711670226,""score"":72.37268220824436},""R3_stop_distance_atr"":{""value"":2.5237570129887597,""score"":100.0},""R4_rr_potential"":{""value"":3.6207217560461955,""score"":100.0},""_score"":64.85},""market"":{""M1_spy_regime"":{""score"":100.0},""M3_earnings_risk"":{""value"":null,""score"":80.0},""M4_vix"":{""value"":null,""score"":60.0},""_score"":84.0},""liquidity"":{""L1_price"":{""value"":427.67,""score"":100.0},""L2_dollar_vol"":{""value"":5716982238.617591,""score"":100.0},""L3_spread_proxy"":{""value"":0.049103280566792154,""score"":50.89671943320785},""L4_volume_zscore"":{""value"":-1.5175392017201346,""score"":100.0},""_score"":95.09},""pattern_structure"":{""n_contractions"":5,""contractions_pct"":[10.23,9.68,12.64,11.19,8.07],""descending_strict"":false,""final_low"":394.65,""final_pivot"":429.31,""structural_low"":394.65,""dry_up_ratio"":0.8103927839353321,""current_price"":427.67,""neckline_distance_pct"":0.0038347323871208787,""base_bars"":54,""recent_base_height"":139.35000000000002},""pattern_geometry_features"":{""contraction_count"":5.0,""first_contraction_pct"":0.10225918147244133,""last_contraction_pct"":0.0807342013929329,""dry_up_ratio"":0.8103927839353321,""near_monotone"":0.0,""base_depth_pct"":-0.12008287449622525},""_schema_version"":""1.0""}",,,,,,,,,,
20260508T185417Z-990aff,2026-05-08T18:54:17.243985+00:00,MSTR,ascending_triangle,absent,55.0,91.5,48.6,55.5,58.3,40.7,47.5,35.6,84.0,94.5,13.73,13.61,4.44,8.17,4.88,3.8,1.42,5.04,4.73,True,stop_too_wide,186.56,190.41,153.7684,224.7099,"{""trend"":{""T1_ema_stack"":{""value"":[true,true,false],""score"":66.66666666666666},""T2_ema50_slope"":{""value"":0.49374319524435556,""score"":100},""T3_high_proximity"":{""value"":0.9981808453718566,""score"":99.09042268592827},""T4_rs_1m"":{""value"":0.3630189121747729,""score"":100},""T5_rs_3m"":{""value"":0.31471113831633946,""score"":100},""T6_adr_healthy"":{""value"":5.559251729750357,""score"":100.0},""_score"":91.53},""geometry"":{""sub_flat_top_quality"":33.3,""sub_hl_slope"":69.9,""sub_compression"":10.6,""sub_duration"":100.0,""_score"":48.61},""compression"":{""VC1_atr_ratio"":{""value"":0.6567816970089989,""score"":85.80457574775026},""VC2_range_contraction"":{""value"":0.857915380697632,""score"":23.680769883728008},""VC3_range_pct_rank"":{""score"":51.66666666666666},""_score"":55.53},""sr_quality"":{""SR1_touches"":{""value"":2,""score"":25.0},""SR2_tightness"":{""value"":0.10500000000000398,""score"":97.94498429380846},""SR3_recency"":{""value"":226,""score"":0.0},""SR4_price_location"":{""score"":84.61194994740532},""SR5_reaction"":{""value"":3.3457612854612524,""score"":100},""_score"":58.34,""_levels_found"":7,""_target_level"":190.305},""volume"":{""V1_rvol_day"":{""value"":0.5863491635641267,""score"":5.756610904275114},""V2_rvol_sameslot"":{""value"":1.4965345372862482,""score"":66.43563581908322,""status"":""ok""},""V3_breakout_bar"":{""value"":1.31192509173869,""score"":54.128339449246},""V4_base_dryup"":{""value"":0.8657444547438043,""score"":63.42555452561957},""V5_bo_expansion"":{""value"":0.5863491635641267,""score"":0},""_score"":40.66},""readiness"":{""_distance_atr"":0.377,""BR1_atr_distance"":{""score"":74.88314136877098},""BR2_compression"":{""score"":0},""BR3_retest"":{""score"":50.0},""BR4_bo_age"":{""score"":50.0},""_score"":47.45},""risk"":{""R1_stop_clarity"":{""score"":54.17018465783966},""R2_stop_distance_pct"":{""value"":17.57694655874787,""score"":0.0},""R3_stop_distance_atr"":{""value"":3.208912064899355,""score"":100.0},""R4_rr_potential"":{""value"":1.1634063731324202,""score"":8.170318656621012},""_score"":35.59},""market"":{""M1_spy_regime"":{""score"":100.0},""M3_earnings_risk"":{""value"":null,""score"":80.0},""M4_vix"":{""value"":null,""score"":60.0},""_score"":84.0},""liquidity"":{""L1_price"":{""value"":186.56,""score"":100.0},""L2_dollar_vol"":{""value"":2064696966.289246,""score"":100.0},""L3_spread_proxy"":{""value"":0.05451329331046321,""score"":45.48670668953679},""L4_volume_zscore"":{""value"":-0.848403379823597,""score"":100.0},""_score"":94.55},""pattern_structure"":{""top"":190.41,""top_touches"":2,""low_slope_per_bar"":0.3272886570791985,""lowest_low"":156.1101,""structural_low"":156.1101,""current_price"":187.275,""neckline_distance_pct"":0.016740088105726823,""base_bars"":51},""pattern_geometry_features"":{""top_touches"":2.0,""low_slope"":0.3272886570791985,""compression"":0.05323871372061284,""atr_pct"":0.05477540737564323},""_schema_version"":""1.0""}",,,,,,,,,,
20260508T185417Z-990aff,2026-05-08T18:54:17.243985+00:00,TTWO,cup_with_handle,forming,55.0,76.8,56.1,63.6,60.9,22.6,58.7,50.2,84.0,98.5,10.75,16.82,5.09,7.31,2.94,4.69,2.51,4.2,4.93,True,risk_unclear,220.75,221.22,203.3532,247.12,"{""trend"":{""T1_ema_stack"":{""value"":[true,true,false],""score"":66.66666666666666},""T2_ema50_slope"":{""value"":0.10591807329851327,""score"":67.65301221641889},""T3_high_proximity"":{""value"":0.9803268496314059,""score"":90.16342481570294},""T4_rs_1m"":{""value"":0.02986365634600996,""score"":79.86365634600996},""T5_rs_3m"":{""value"":0.060704719822721076,""score"":80.35235991136054},""T6_adr_healthy"":{""value"":2.6695341025776003,""score"":100.0},""_score"":76.75},""geometry"":{""sub_cup_depth"":41.3,""sub_cup_duration"":100.0,""sub_rim_symmetry"":28.0,""sub_handle_shallowness"":44.4,""sub_handle_proportion"":79.3,""sub_u_shape"":69.4,""_score"":56.08},""compression"":{""VC1_atr_ratio"":{""value"":0.42492589270751413,""score"":100},""VC2_range_contraction"":{""value"":0.9704550889446363,""score"":4.9241518425606206},""VC3_range_pct_rank"":{""score"":87.5},""_score"":63.6},""sr_quality"":{""SR1_touches"":{""value"":2,""score"":25.0},""SR2_tightness"":{""value"":0.06999999999999318,""score"":97.63406178478677},""SR3_recency"":{""value"":235,""score"":0.0},""SR4_price_location"":{""score"":94.92707672796443},""SR5_reaction"":{""value"":2.3701631048834897,""score"":100},""_score"":60.88,""_levels_found"":6,""_target_level"":221.15},""volume"":{""V1_rvol_day"":{""value"":0.6928437097889114,""score"":12.85624731926076},""V2_rvol_sameslot"":{""value"":0.8835691936122085,""score"":25.571279574147237,""status"":""ok""},""V3_breakout_bar"":{""value"":0.5733122682350937,""score"":4.887484549006249},""V4_base_dryup"":{""value"":0.8128186647022111,""score"":68.7181335297789},""V5_bo_expansion"":{""value"":0.6928437097889115,""score"":0},""_score"":22.65},""readiness"":{""_distance_atr"":0.079,""BR1_atr_distance"":{""score"":94.70480494690321},""BR2_compression"":{""score"":13.108473266895238},""BR3_retest"":{""score"":50.0},""BR4_bo_age"":{""score"":50.0},""_score"":58.66},""risk"":{""R1_stop_clarity"":{""score"":0},""R2_stop_distance_pct"":{""value"":7.880747451868642,""score"":100.0},""R3_stop_distance_atr"":{""value"":2.939973974679636,""score"":100.0},""R4_rr_potential"":{""value"":1.5158003650107041,""score"":25.79001825053521},""_score"":50.16},""market"":{""M1_spy_regime"":{""score"":100.0},""M3_earnings_risk"":{""value"":null,""score"":80.0},""M4_vix"":{""value"":null,""score"":60.0},""_score"":84.0},""liquidity"":{""L1_price"":{""value"":220.75,""score"":100.0},""L2_dollar_vol"":{""value"":225715480.7769955,""score"":100.0},""L3_spread_proxy"":{""value"":0.0148131370328425,""score"":85.1868629671575},""L4_volume_zscore"":{""value"":-1.2148829340897696,""score"":100.0},""_score"":98.52},""pattern_structure"":{""left_rim"":213.53,""left_rim_idx"":118,""cup_bottom"":187.63,""cup_bottom_idx"":150,""right_rim"":221.22,""right_rim_idx"":167,""handle_low"":206.45,""handle_bars"":12,""cup_bars"":49,""structural_low"":206.45,""current_price"":220.75,""neckline_distance_pct"":0.002129105322763302,""base_bars"":61},""pattern_geometry_features"":{""cup_depth_pct"":0.12129443169578048,""rim_symmetry_pct"":0.03601367489345758,""handle_depth_pct"":0.0667661151794594,""handle_to_cup_ratio"":0.24489795918367346,""cup_duration_bars"":49.0,""atr_pct"":0.026805500728037543,""u_shape_score"":0.3469387755102041},""_schema_version"":""1.0""}",,,,,,,,,,
20260508T185417Z-990aff,2026-05-08T18:54:17.243985+00:00,MSFT,breakout_retest_hold,forming,55.0,69.7,83.9,65.6,38.8,16.1,74.2,43.2,84.0,99.0,9.75,18.45,3.94,5.43,2.1,13.36,2.16,4.2,2.97,True,risk_unclear,415.78,416.7799,410.2164,421.6197,"{""trend"":{""T1_ema_stack"":{""value"":[true,true,false],""score"":66.66666666666666},""T2_ema50_slope"":{""value"":0.14664681872306845,""score"":74.44113645384473},""T3_high_proximity"":{""value"":0.9604083895407927,""score"":80.20419477039631},""T4_rs_1m"":{""value"":0.029728672307278714,""score"":79.72867230727871},""T5_rs_3m"":{""value"":-0.03143572709411768,""score"":34.28213645294116},""T6_adr_healthy"":{""value"":2.4085434087437867,""score"":100.0},""_score"":69.67},""geometry"":{""sub_retest_depth"":100.0,""sub_retest_timing"":100.0,""sub_retest_freshness"":100.0,""sub_hold_quality"":46.2,""_score"":83.86},""compression"":{""VC1_atr_ratio"":{""value"":0.5699778182872419,""score"":100},""VC2_range_contraction"":{""value"":0.9539527448565915,""score"":7.674542523901411},""VC3_range_pct_rank"":{""score"":91.66666666666666},""_score"":65.6},""sr_quality"":{""SR1_touches"":{""value"":2,""score"":25.0},""SR2_tightness"":{""value"":1.8899999999999864,""score"":67.97046407117698},""SR3_recency"":{""value"":231,""score"":0.0},""SR4_price_location"":{""score"":24.243736993914453},""SR5_reaction"":{""value"":2.2962931804082385,""score"":100},""_score"":38.76,""_levels_found"":6,""_target_level"":431.81},""volume"":{""V1_rvol_day"":{""value"":0.5119765252719195,""score"":0.7984350181279668},""V2_rvol_sameslot"":{""value"":0.9265009974235042,""score"":28.433399828233615,""status"":""ok""},""V3_breakout_bar"":{""value"":0.6402528623179232,""score"":9.350190821194882},""V4_base_dryup"":{""value"":1.1015888074344484,""score"":39.84111925655516},""V5_bo_expansion"":{""value"":0.5119765252719194,""score"":0},""_score"":16.15},""readiness"":{""_distance_atr"":0.085,""BR1_atr_distance"":{""score"":94.35161675921849},""BR2_compression"":{""score"":56.03959655006826},""BR3_retest"":{""score"":89.74758280500544},""BR4_bo_age"":{""score"":30},""_score"":74.2},""risk"":{""R1_stop_clarity"":{""score"":29.779055516046654},""R2_stop_distance_pct"":{""value"":1.338111501274701,""score"":83.45278753186753},""R3_stop_distance_atr"":{""value"":0.4714273177079353,""score"":48.571365885396766},""R4_rr_potential"":{""value"":1.0496261413473371,""score"":2.481307067366856},""_score"":43.24},""market"":{""M1_spy_regime"":{""score"":100.0},""M3_earnings_risk"":{""value"":null,""score"":80.0},""M4_vix"":{""value"":null,""score"":60.0},""_score"":84.0},""liquidity"":{""L1_price"":{""value"":415.78,""score"":100.0},""L2_dollar_vol"":{""value"":7464202051.663233,""score"":100.0},""L3_spread_proxy"":{""value"":0.010269854249843625,""score"":89.73014575015637},""L4_volume_zscore"":{""value"":-1.552014239478693,""score"":100.0},""_score"":98.97},""pattern_structure"":{""level"":416.7799,""level_idx"":57,""breakout_idx"":69,""bo_peak_idx"":69,""bo_peak_price"":427.98,""retest_idx"":76,""retest_low"":414.36,""structural_low"":414.36,""current_price"":416.04,""neckline_distance_pct"":0.001778434765887841,""base_bars"":22,""bars_since_breakout"":10},""pattern_geometry_features"":{""retest_depth_atr"":0.7536583304042911,""bars_breakout_to_retest"":7.0,""bars_since_retest"":3.0,""current_above_level_atr"":-0.23043588522919192,""bo_peak_excess_pct"":0.02687293701063804,""atr_pct"":0.028384258845680747},""_schema_version"":""1.0""}",,,,,,,,,,
20260508T185417Z-990aff,2026-05-08T18:54:17.243985+00:00,SNPS,cup_with_handle,setup,55.0,91.7,57.9,63.4,38.4,25.8,34.2,40.1,84.0,94.2,12.83,17.36,5.07,4.61,3.35,2.74,2.0,4.2,4.71,True,risk_unclear,518.21,502.28,464.5457,605.01,"{""trend"":{""T1_ema_stack"":{""value"":[true,true,false],""score"":66.66666666666666},""T2_ema50_slope"":{""value"":0.31825816872224355,""score"":100},""T3_high_proximity"":{""value"":1.0,""score"":99.99999999999997},""T4_rs_1m"":{""value"":0.19502979648800434,""score"":100},""T5_rs_3m"":{""value"":0.14601600011041094,""score"":100},""T6_adr_healthy"":{""value"":3.299481964746951,""score"":100.0},""_score"":91.67},""geometry"":{""sub_cup_depth"":100.0,""sub_cup_duration"":56.0,""sub_rim_symmetry"":16.8,""sub_handle_shallowness"":49.1,""sub_handle_proportion"":100.0,""sub_u_shape"":41.8,""_score"":57.85},""compression"":{""VC1_atr_ratio"":{""value"":0.369840658125969,""score"":100},""VC2_range_contraction"":{""value"":0.7519037233147432,""score"":41.3493794475428},""VC3_range_pct_rank"":{""score"":35.83333333333333},""_score"":63.43},""sr_quality"":{""SR1_touches"":{""value"":2,""score"":25.0},""SR2_tightness"":{""value"":0.8400000000000034,""score"":90.35737171143118},""SR3_recency"":{""value"":317,""score"":0.0},""SR4_price_location"":{""score"":30.0},""SR5_reaction"":{""value"":1.3149560362566117,""score"":65.74780181283059},""_score"":38.42,""_levels_found"":5,""_target_level"":483.07},""volume"":{""V1_rvol_day"":{""value"":0.4131523751825736,""score"":0},""V2_rvol_sameslot"":{""value"":1.0888450294290724,""score"":39.25633529527149,""status"":""ok""},""V3_breakout_bar"":{""value"":0.9432836682894027,""score"":29.552244552626846},""V4_base_dryup"":{""value"":0.9741868105358324,""score"":52.58131894641676},""V5_bo_expansion"":{""value"":0.4131523751825736,""score"":0},""_score"":25.76},""readiness"":{""_distance_atr"":-0.914,""BR1_atr_distance"":{""score"":41.71344420989272},""BR2_compression"":{""score"":0},""BR3_retest"":{""score"":50.0},""BR4_bo_age"":{""score"":50.0},""_score"":34.19},""risk"":{""R1_stop_clarity"":{""score"":18.791850831164297},""R2_stop_distance_pct"":{""value"":10.355705216032113,""score"":41.10736959919716},""R3_stop_distance_atr"":{""value"":3.080148198013341,""score"":100.0},""R4_rr_potential"":{""value"":1.6174626334453241,""score"":30.873131672266208},""_score"":40.08},""market"":{""M1_spy_regime"":{""score"":100.0},""M3_earnings_risk"":{""value"":null,""score"":80.0},""M4_vix"":{""value"":null,""score"":60.0},""_score"":84.0},""liquidity"":{""L1_price"":{""value"":518.21,""score"":90.89499999999998},""L2_dollar_vol"":{""value"":362924659.8226573,""score"":100.0},""L3_spread_proxy"":{""value"":0.035740336929044235,""score"":64.25966307095577},""L4_volume_zscore"":{""value"":-1.8806140181719853,""score"":100.0},""_score"":94.15},""pattern_structure"":{""left_rim"":482.23,""left_rim_idx"":78,""cup_bottom"":379.5,""cup_bottom_idx"":150,""right_rim"":502.28,""right_rim_idx"":169,""handle_low"":471.62,""handle_bars"":10,""cup_bars"":91,""structural_low"":471.62,""current_price"":518.21,""neckline_distance_pct"":-0.030740433415024918,""base_bars"":101},""pattern_geometry_features"":{""cup_depth_pct"":0.21303112622607473,""rim_symmetry_pct"":0.04157767040623759,""handle_depth_pct"":0.06104165007565495,""handle_to_cup_ratio"":0.10989010989010989,""cup_duration_bars"":91.0,""atr_pct"":0.033620801826066096,""u_shape_score"":0.2087912087912088},""_schema_version"":""1.0""}",,,,,,,,,,
20260508T185417Z-990aff,2026-05-08T18:54:17.243985+00:00,GD,high_tight_pullback,forming,55.0,37.9,75.9,59.0,47.0,13.2,49.9,60.6,84.0,98.6,4.55,26.57,5.9,3.76,1.85,4.49,0.61,5.04,4.93,True,risk_unclear,347.35,353.57,338.8499,400.37,"{""trend"":{""T1_ema_stack"":{""value"":[true,false,true],""score"":66.66666666666666},""T2_ema50_slope"":{""value"":-0.14658177568621028,""score"":25.569704052298288},""T3_high_proximity"":{""value"":0.9487326559597946,""score"":74.36632797989728},""T4_rs_1m"":{""value"":-0.07472187843960953,""score"":0},""T5_rs_3m"":{""value"":-0.10325817783137603,""score"":0},""T6_adr_healthy"":{""value"":2.10683048031052,""score"":100.0},""_score"":37.94},""geometry"":{""sub_pole_impulse"":100.0,""sub_flag_tightness"":73.2,""sub_flag_shallowness"":64.6,""sub_flag_drift"":97.9,""sub_flag_duration"":0.0,""_score"":75.91},""compression"":{""VC1_atr_ratio"":{""value"":0.5426016634829088,""score"":100},""VC2_range_contraction"":{""value"":1.03018294846485,""score"":0},""VC3_range_pct_rank"":{""score"":75.83333333333333},""_score"":58.96},""sr_quality"":{""SR1_touches"":{""value"":3,""score"":50.0},""SR2_tightness"":{""value"":2.052526897915502,""score"":56.07215694452565},""SR3_recency"":{""value"":227,""score"":0.0},""SR4_price_location"":{""score"":52.60910815939285},""SR5_reaction"":{""value"":1.3879090330268533,""score"":69.39545165134267},""_score"":46.97,""_levels_found"":5,""_target_level"":350.68},""volume"":{""V1_rvol_day"":{""value"":0.2820143821071738,""score"":0},""V2_rvol_sameslot"":{""value"":0.623276182470568,""score"":8.218412164704535,""status"":""ok""},""V3_breakout_bar"":{""value"":0.7129274494794846,""score"":14.195163298632307},""V4_base_dryup"":{""value"":1.0985350228615502,""score"":40.14649771384497},""V5_bo_expansion"":{""value"":0.2820143821071738,""score"":0},""_score"":13.22},""readiness"":{""_distance_atr"":0.666,""BR1_atr_distance"":{""score"":55.62686103609876},""BR2_compression"":{""score"":40.73841415377261},""BR3_retest"":{""score"":50.0},""BR4_bo_age"":{""score"":50.0},""_score"":49.94},""risk"":{""R1_stop_clarity"":{""score"":0},""R2_stop_distance_pct"":{""value"":2.447142651504252,""score"":100.0},""R3_stop_distance_atr"":{""value"":0.9095940606849062,""score"":70.47970303424532},""R4_rr_potential"":{""value"":6.237536984641431,""score"":100.0},""_score"":60.57},""market"":{""M1_spy_regime"":{""score"":100.0},""M3_earnings_risk"":{""value"":null,""score"":80.0},""M4_vix"":{""value"":null,""score"":60.0},""_score"":84.0},""liquidity"":{""L1_price"":{""value"":347.35,""score"":100.0},""L2_dollar_vol"":{""value"":151617770.44251615,""score"":100.0},""L3_spread_proxy"":{""value"":0.013934072261407892,""score"":86.06592773859211},""L4_volume_zscore"":{""value"":-1.8501495195636326,""score"":100.0},""_score"":98.61},""pattern_structure"":{""pole_low"":306.77,""pole_low_idx"":7,""peak_price"":353.57,""peak_idx"":32,""pole_gain"":0.15255729047820848,""flag_bars"":27,""flag_low"":344.01,""flag_high"":352.69,""structural_low"":344.01,""current_price"":347.18,""neckline_distance_pct"":0.018405438101273076,""base_bars"":27},""pattern_geometry_features"":{""pole_gain"":0.15255729047820848,""pullback_pct"":0.02703849308482055,""flag_range_pct"":0.02454959413977432,""flag_drift_per_bar"":-0.00042423620250683957,""atr_pct"":0.026903678874745533,""pole_atr_multiple"":5.670499235010343},""_schema_version"":""1.0""}",,,,,,,,,,
20260508T185417Z-990aff,2026-05-08T18:54:17.243985+00:00,HWM,base_on_base,setup,55.0,80.5,59.9,61.3,38.9,25.2,40.6,11.8,84.0,98.2,14.48,14.97,6.13,3.89,3.02,3.25,0.59,5.88,4.91,True,stop_too_wide,272.72,259.82,217.2024,297.86,"{""trend"":{""T1_ema_stack"":{""value"":[true,true,true],""score"":100.0},""T2_ema50_slope"":{""value"":0.0818053986085553,""score"":63.634233101425885},""T3_high_proximity"":{""value"":1.0,""score"":99.99999999999997},""T4_rs_1m"":{""value"":-0.011306647289274663,""score"":38.693352710725335},""T5_rs_3m"":{""value"":0.1541510970067559,""score"":100},""T6_adr_healthy"":{""value"":3.0042786851119865,""score"":100.0},""_score"":80.47},""geometry"":{""sub_shallower_second"":19.5,""sub_second_base_depth"":100.0,""sub_rim_advance"":100,""sub_dry_up"":0,""sub_second_base_duration"":100.0,""_score"":59.88},""compression"":{""VC1_atr_ratio"":{""value"":0.6347551508008672,""score"":91.3112122997832},""VC2_range_contraction"":{""value"":0.9401683717226513,""score"":9.971938046224778},""VC3_range_pct_rank"":{""score"":85.0},""_score"":61.26},""sr_quality"":{""SR1_touches"":{""value"":2,""score"":25.0},""SR2_tightness"":{""value"":1.5600000000000023,""score"":67.1757629681286},""SR3_recency"":{""value"":241,""score"":0.0},""SR4_price_location"":{""score"":30.0},""SR5_reaction"":{""value"":1.8416290680862435,""score"":92.08145340431217},""_score"":38.89,""_levels_found"":6,""_target_level"":258.26},""volume"":{""V1_rvol_day"":{""value"":0.6815292992164361,""score"":12.10195328109574},""V2_rvol_sameslot"":{""value"":1.2234599449076495,""score"":48.2306629938433,""status"":""ok""},""V3_breakout_bar"":{""value"":0.4127073084133614,""score"":0},""V4_base_dryup"":{""value"":0.8454682322003779,""score"":65.4531767799622},""V5_bo_expansion"":{""value"":0.6815292992164361,""score"":0},""_score"":25.16},""readiness"":{""_distance_atr"":-1.357,""BR1_atr_distance"":{""score"":32.85688091595246},""BR2_compression"":{""score"":39.773295091425226},""BR3_retest"":{""score"":50.0},""BR4_bo_age"":{""score"":50.0},""_score"":40.59},""risk"":{""R1_stop_clarity"":{""score"":30.403117400753487},""R2_stop_distance_pct"":{""value"":20.356978402757413,""score"":0.0},""R3_stop_distance_atr"":{""value"":5.840773300849762,""score"":7.961334957511879},""R4_rr_potential"":{""value"":0.4528297686183076,""score"":0.0},""_score"":11.84},""market"":{""M1_spy_regime"":{""score"":100.0},""M3_earnings_risk"":{""value"":null,""score"":80.0},""M4_vix"":{""value"":null,""score"":60.0},""_score"":84.0},""liquidity"":{""L1_price"":{""value"":272.72,""score"":100.0},""L2_dollar_vol"":{""value"":447067388.0957884,""score"":100.0},""L3_spread_proxy"":{""value"":0.01772843942505135,""score"":82.27156057494865},""L4_volume_zscore"":{""value"":-0.7218924476153827,""score"":100.0},""_score"":98.23},""pattern_structure"":{""first_base_low"":188.83,""first_base_top"":226.87,""first_base_bars"":20,""second_base_low"":220.5101,""second_base_top"":259.82,""second_base_bars"":41,""structural_low"":220.5101,""stacking_overlap_pct"":0.028033234892229076,""current_price"":272.72,""neckline_distance_pct"":-0.0473012613669699,""base_bars"":41},""pattern_geometry_features"":{""first_base_depth_pct"":0.16767311676290383,""second_base_depth_pct"":0.15129666692325455,""second_dry_up_ratio"":1.1469460789277899,""rim_advance_pct"":0.14523736060298845,""atr_pct"":0.03485322465741945},""_schema_version"":""1.0""}",,,,,,,,,,
20260508T185417Z-990aff,2026-05-08T18:54:17.243985+00:00,CDNS,double_bottom,setup,55.0,100.0,72.6,53.7,48.7,23.2,57.5,51.3,84.0,96.8,15.0,18.16,4.3,6.81,3.02,4.6,3.08,5.04,4.84,True,risk_unclear,363.51,362.705,340.9381,379.2799,"{""trend"":{""T1_ema_stack"":{""value"":[true,true,true],""score"":100.0},""T2_ema50_slope"":{""value"":0.3273360971318623,""score"":100},""T3_high_proximity"":{""value"":1.0,""score"":99.99999999999997},""T4_rs_1m"":{""value"":0.2088299937436222,""score"":100},""T5_rs_3m"":{""value"":0.214200058476262,""score"":100},""T6_adr_healthy"":{""value"":3.636504140580949,""score"":100.0},""_score"":100.0},""geometry"":{""sub_low_similarity"":59.7,""sub_bounce_quality"":25.6,""sub_separation_fit"":100.0,""sub_right_bottom_reaction"":97.4,""sub_base_context"":100.0,""_score"":72.64},""compression"":{""VC1_atr_ratio"":{""value"":0.5073985281861048,""score"":100},""VC2_range_contraction"":{""value"":0.9180270747919993,""score"":13.66215420133345},""VC3_range_pct_rank"":{""score"":35.83333333333333},""_score"":53.74},""sr_quality"":{""SR1_touches"":{""value"":3,""score"":50.0},""SR2_tightness"":{""value"":1.6170463471678405,""score"":74.47820500235645},""SR3_recency"":{""value"":293,""score"":0.0},""SR4_price_location"":{""score"":30.0},""SR5_reaction"":{""value"":2.7567851742289613,""score"":100},""_score"":48.67,""_levels_found"":6,""_target_level"":327.4717},""volume"":{""V1_rvol_day"":{""value"":0.4929137543080409,""score"":0},""V2_rvol_sameslot"":{""value"":1.060307976759404,""score"":37.353865117293594,""status"":""ok""},""V3_breakout_bar"":{""value"":1.043291614211427,""score"":36.21944094742847},""V4_base_dryup"":{""value"":1.163771948647246,""score"":33.6228051352754},""V5_bo_expansion"":{""value"":0.49291375430804096,""score"":0},""_score"":23.25},""readiness"":{""_distance_atr"":-0.064,""BR1_atr_distance"":{""score"":100.0},""BR2_compression"":{""score"":0},""BR3_retest"":{""score"":50.0},""BR4_bo_age"":{""score"":50.0},""_score"":57.5},""risk"":{""R1_stop_clarity"":{""score"":18.055581985768058},""R2_stop_distance_pct"":{""value"":6.209416934884867,""score"":100.0},""R3_stop_distance_atr"":{""value"":1.781254345953695,""score"":100.0},""R4_rr_potential"":{""value"":0.6986533647893246,""score"":0.0},""_score"":51.32},""market"":{""M1_spy_regime"":{""score"":100.0},""M3_earnings_risk"":{""value"":null,""score"":80.0},""M4_vix"":{""value"":null,""score"":60.0},""_score"":84.0},""liquidity"":{""L1_price"":{""value"":363.51,""score"":100.0},""L2_dollar_vol"":{""value"":463468754.73897874,""score"":100.0},""L3_spread_proxy"":{""value"":0.03254380897361829,""score"":67.4561910263817},""L4_volume_zscore"":{""value"":-1.5607672197760274,""score"":100.0},""_score"":96.75},""pattern_structure"":{""left_low"":346.1301,""left_idx"":57,""right_low"":353.18,""right_idx"":75,""separation_bars"":18,""structural_low"":346.1301,""current_price"":364.5,""neckline_distance_pct"":-0.004924554183813486,""base_bars"":18},""pattern_geometry_features"":{""low_similarity_pct"":0.02016244295627928,""bounce_pct"":0.04788632944664436,""right_bottom_reaction"":0.9739413680781749,""atr_pct"":0.03485979949461011},""_schema_version"":""1.0""}",,,,,,,,,,
20260508T185417Z-990aff,2026-05-08T18:54:17.243985+00:00,SNPS,double_bottom,setup,55.0,91.7,51.4,63.4,38.4,28.9,57.5,44.0,84.0,94.2,13.75,12.86,5.07,5.38,3.76,4.6,2.64,5.04,4.71,True,risk_unclear,518.21,517.0,471.815,555.0,"{""trend"":{""T1_ema_stack"":{""value"":[true,true,false],""score"":66.66666666666666},""T2_ema50_slope"":{""value"":0.31825816872224355,""score"":100},""T3_high_proximity"":{""value"":1.0,""score"":99.99999999999997},""T4_rs_1m"":{""value"":0.19502979648800434,""score"":100},""T5_rs_3m"":{""value"":0.14601600011041094,""score"":100},""T6_adr_healthy"":{""value"":3.299481964746951,""score"":100.0},""_score"":91.67},""geometry"":{""sub_low_similarity"":11.8,""sub_bounce_quality"":70.5,""sub_separation_fit"":0.0,""sub_right_bottom_reaction"":91.9,""sub_base_context"":100.0,""_score"":51.42},""compression"":{""VC1_atr_ratio"":{""value"":0.369840658125969,""score"":100},""VC2_range_contraction"":{""value"":0.7519037233147432,""score"":41.3493794475428},""VC3_range_pct_rank"":{""score"":35.83333333333333},""_score"":63.43},""sr_quality"":{""SR1_touches"":{""value"":2,""score"":25.0},""SR2_tightness"":{""value"":0.8400000000000034,""score"":90.35737171143118},""SR3_recency"":{""value"":317,""score"":0.0},""SR4_price_location"":{""score"":30.0},""SR5_reaction"":{""value"":1.3149560362566117,""score"":65.74780181283059},""_score"":38.42,""_levels_found"":5,""_target_level"":483.07},""volume"":{""V1_rvol_day"":{""value"":0.4131523751825736,""score"":0},""V2_rvol_sameslot"":{""value"":1.0888450294290724,""score"":39.25633529527149,""status"":""ok""},""V3_breakout_bar"":{""value"":0.9432836682894027,""score"":29.552244552626846},""V4_base_dryup"":{""value"":0.8163688166674358,""score"":68.36311833325642},""V5_bo_expansion"":{""value"":0.4131523751825736,""score"":0},""_score"":28.91},""readiness"":{""_distance_atr"":-0.069,""BR1_atr_distance"":{""score"":100.0},""BR2_compression"":{""score"":0},""BR3_retest"":{""score"":50.0},""BR4_bo_age"":{""score"":50.0},""_score"":57.5},""risk"":{""R1_stop_clarity"":{""score"":17.521090174563525},""R2_stop_distance_pct"":{""value"":8.952934138669658,""score"":76.17664653325855},""R3_stop_distance_atr"":{""value"":2.6629151157627886,""score"":100.0},""R4_rr_potential"":{""value"":0.7929733807522348,""score"":0.0},""_score"":43.99},""market"":{""M1_spy_regime"":{""score"":100.0},""M3_earnings_risk"":{""value"":null,""score"":80.0},""M4_vix"":{""value"":null,""score"":60.0},""_score"":84.0},""liquidity"":{""L1_price"":{""value"":518.21,""score"":90.89499999999998},""L2_dollar_vol"":{""value"":362924659.8226573,""score"":100.0},""L3_spread_proxy"":{""value"":0.035740336929044235,""score"":64.25966307095577},""L4_volume_zscore"":{""value"":-1.8806140181719853,""score"":100.0},""_score"":94.15},""pattern_structure"":{""left_low"":479.0,""left_idx"":28,""right_low"":500.589,""right_idx"":75,""separation_bars"":47,""structural_low"":479.0,""current_price"":519.005,""neckline_distance_pct"":-0.003863161241221174,""base_bars"":47},""pattern_geometry_features"":{""low_similarity_pct"":0.0440776693082507,""bounce_pct"":0.07933194154488518,""right_bottom_reaction"":0.9190343731372939,""atr_pct"":0.033620801826066096},""_schema_version"":""1.0""}",,,,,,,,,,
20260508T185417Z-990aff,2026-05-08T18:54:17.243985+00:00,SNPS,ascending_triangle,setup,55.0,91.7,47.9,63.4,38.4,30.9,57.5,50.6,84.0,94.2,13.75,13.41,5.07,5.38,3.7,4.6,2.02,5.04,4.71,True,risk_unclear,518.21,517.0,481.0184,545.6564,"{""trend"":{""T1_ema_stack"":{""value"":[true,true,false],""score"":66.66666666666666},""T2_ema50_slope"":{""value"":0.31825816872224355,""score"":100},""T3_high_proximity"":{""value"":1.0,""score"":99.99999999999997},""T4_rs_1m"":{""value"":0.19502979648800434,""score"":100},""T5_rs_3m"":{""value"":0.14601600011041094,""score"":100},""T6_adr_healthy"":{""value"":3.299481964746951,""score"":100.0},""_score"":91.67},""geometry"":{""sub_flat_top_quality"":33.3,""sub_hl_slope"":52.3,""sub_compression"":28.9,""sub_duration"":100.0,""_score"":47.9},""compression"":{""VC1_atr_ratio"":{""value"":0.369840658125969,""score"":100},""VC2_range_contraction"":{""value"":0.7519037233147432,""score"":41.3493794475428},""VC3_range_pct_rank"":{""score"":35.83333333333333},""_score"":63.43},""sr_quality"":{""SR1_touches"":{""value"":2,""score"":25.0},""SR2_tightness"":{""value"":0.8400000000000034,""score"":90.35737171143118},""SR3_recency"":{""value"":317,""score"":0.0},""SR4_price_location"":{""score"":30.0},""SR5_reaction"":{""value"":1.3149560362566117,""score"":65.74780181283059},""_score"":38.42,""_levels_found"":5,""_target_level"":483.07},""volume"":{""V1_rvol_day"":{""value"":0.4131523751825736,""score"":0},""V2_rvol_sameslot"":{""value"":1.0888450294290724,""score"":39.25633529527149,""status"":""ok""},""V3_breakout_bar"":{""value"":0.9432836682894027,""score"":29.552244552626846},""V4_base_dryup"":{""value"":0.7192363179875513,""score"":78.07636820124488},""V5_bo_expansion"":{""value"":0.4131523751825736,""score"":0},""_score"":30.85},""readiness"":{""_distance_atr"":-0.069,""BR1_atr_distance"":{""score"":100.0},""BR2_compression"":{""score"":0},""BR3_retest"":{""score"":50.0},""BR4_bo_age"":{""score"":50.0},""_score"":57.5},""risk"":{""R1_stop_clarity"":{""score"":15.912217644615879},""R2_stop_distance_pct"":{""value"":7.176927114490274,""score"":100.0},""R3_stop_distance_atr"":{""value"":2.134668635096628,""score"":100.0},""R4_rr_potential"":{""value"":0.7379740034525043,""score"":0.0},""_score"":50.57},""market"":{""M1_spy_regime"":{""score"":100.0},""M3_earnings_risk"":{""value"":null,""score"":80.0},""M4_vix"":{""value"":null,""score"":60.0},""_score"":84.0},""liquidity"":{""L1_price"":{""value"":518.21,""score"":90.89499999999998},""L2_dollar_vol"":{""value"":362924659.8226573,""score"":100.0},""L3_spread_proxy"":{""value"":0.035740336929044235,""score"":64.25966307095577},""L4_volume_zscore"":{""value"":-1.8806140181719853,""score"":100.0},""_score"":94.15},""pattern_structure"":{""top"":517.0,""top_touches"":2,""low_slope_per_bar"":0.7659818504190828,""lowest_low"":488.3436,""structural_low"":488.3436,""current_price"":519.005,""neckline_distance_pct"":-0.003863161241221174,""base_bars"":41},""pattern_geometry_features"":{""top_touches"":2.0,""low_slope"":0.7659818504190828,""compression"":0.14472131186828563,""atr_pct"":0.033620801826066096},""_schema_version"":""1.0""}",,,,,,,,,,
20260508T185417Z-990aff,2026-05-08T18:54:17.243985+00:00,SNPS,vcp,setup,55.0,91.7,47.5,63.4,38.4,30.1,34.2,43.8,84.0,94.2,13.75,11.88,7.61,4.61,3.91,2.39,2.19,5.04,4.71,True,risk_unclear,518.21,502.28,464.5457,625.06,"{""trend"":{""T1_ema_stack"":{""value"":[true,true,false],""score"":66.66666666666666},""T2_ema50_slope"":{""value"":0.31825816872224355,""score"":100},""T3_high_proximity"":{""value"":1.0,""score"":99.99999999999997},""T4_rs_1m"":{""value"":0.19502979648800434,""score"":100},""T5_rs_3m"":{""value"":0.14601600011041094,""score"":100},""T6_adr_healthy"":{""value"":3.299481964746951,""score"":100.0},""_score"":91.67},""geometry"":{""sub_contraction_count"":100.0,""sub_reduction_rate"":0,""sub_pivot_tightness"":55.7,""sub_volume_dryup"":27.9,""sub_base_depth"":0.0,""sub_base_duration"":100.0,""_score"":47.54},""compression"":{""VC1_atr_ratio"":{""value"":0.369840658125969,""score"":100},""VC2_range_contraction"":{""value"":0.7519037233147432,""score"":41.3493794475428},""VC3_range_pct_rank"":{""score"":35.83333333333333},""_score"":63.43},""sr_quality"":{""SR1_touches"":{""value"":2,""score"":25.0},""SR2_tightness"":{""value"":0.8400000000000034,""score"":90.35737171143118},""SR3_recency"":{""value"":317,""score"":0.0},""SR4_price_location"":{""score"":30.0},""SR5_reaction"":{""value"":1.3149560362566117,""score"":65.74780181283059},""_score"":38.42,""_levels_found"":5,""_target_level"":483.07},""volume"":{""V1_rvol_day"":{""value"":0.4131523751825736,""score"":0},""V2_rvol_sameslot"":{""value"":1.0888450294290724,""score"":39.25633529527149,""status"":""ok""},""V3_breakout_bar"":{""value"":0.9432836682894027,""score"":29.552244552626846},""V4_base_dryup"":{""value"":0.7585500892777033,""score"":74.14499107222967},""V5_bo_expansion"":{""value"":0.4131523751825736,""score"":0},""_score"":30.07},""readiness"":{""_distance_atr"":-0.914,""BR1_atr_distance"":{""score"":41.71344420989272},""BR2_compression"":{""score"":0},""BR3_retest"":{""score"":50.0},""BR4_bo_age"":{""score"":50.0},""_score"":34.19},""risk"":{""R1_stop_clarity"":{""score"":18.791850831164297},""R2_stop_distance_pct"":{""value"":10.355705216032113,""score"":41.10736959919716},""R3_stop_distance_atr"":{""value"":3.080148198013341,""score"":100.0},""R4_rr_potential"":{""value"":1.9910815942814843,""score"":49.55407971407422},""_score"":43.82},""market"":{""M1_spy_regime"":{""score"":100.0},""M3_earnings_risk"":{""value"":null,""score"":80.0},""M4_vix"":{""value"":null,""score"":60.0},""_score"":84.0},""liquidity"":{""L1_price"":{""value"":518.21,""score"":90.89499999999998},""L2_dollar_vol"":{""value"":362924659.8226573,""score"":100.0},""L3_spread_proxy"":{""value"":0.035740336929044235,""score"":64.25966307095577},""L4_volume_zscore"":{""value"":-1.8806140181719853,""score"":100.0},""_score"":94.15},""pattern_structure"":{""n_contractions"":5,""contractions_pct"":[10.93,8.4,14.09,3.82,6.1],""descending_strict"":false,""final_low"":471.62,""final_pivot"":502.28,""structural_low"":471.62,""dry_up_ratio"":0.8603062336904094,""current_price"":518.21,""neckline_distance_pct"":-0.030740433415024918,""base_bars"":45,""recent_base_height"":122.77999999999997},""pattern_geometry_features"":{""contraction_count"":5.0,""first_contraction_pct"":0.1092786683107276,""last_contraction_pct"":0.06104165007565495,""dry_up_ratio"":0.8603062336904094,""near_monotone"":0.0,""base_depth_pct"":-0.03844460102166632},""_schema_version"":""1.0""}",,,,,,,,,,
20260508T185417Z-990aff,2026-05-08T18:54:17.243985+00:00,FLY,double_bottom,setup,55.0,64.8,54.1,43.8,44.4,51.5,57.5,41.8,84.0,90.0,9.71,13.53,3.5,6.22,6.7,4.6,2.51,5.04,4.5,True,stop_too_wide,39.71,39.138,31.5298,46.266,"{""trend"":{""T1_ema_stack"":{""value"":[true,true,false],""score"":66.66666666666666},""T2_ema50_slope"":{""value"":0.6734793995968275,""score"":100},""T3_high_proximity"":{""value"":0.8990264885669006,""score"":49.51324428345028},""T4_rs_1m"":{""value"":-0.027793523784698904,""score"":22.206476215301095},""T5_rs_3m"":{""value"":0.5949661089127938,""score"":100},""T6_adr_healthy"":{""value"":11.028484520388401,""score"":24.287886990289962},""_score"":64.75},""geometry"":{""sub_low_similarity"":39.1,""sub_bounce_quality"":100,""sub_separation_fit"":0.0,""sub_right_bottom_reaction"":15.8,""sub_base_context"":100.0,""_score"":54.1},""compression"":{""VC1_atr_ratio"":{""value"":0.5757854435610767,""score"":100},""VC2_range_contraction"":{""value"":0.9496158789800179,""score"":8.397353503330356},""VC3_range_pct_rank"":{""score"":3.3333333333333326},""_score"":43.77},""sr_quality"":{""SR1_touches"":{""value"":2,""score"":25.0},""SR2_tightness"":{""value"":0.14499999999999957,""score"":92.88813527257187},""SR3_recency"":{""value"":88,""score"":3.3333333333333335},""SR4_price_location"":{""score"":30.0},""SR5_reaction"":{""value"":2.6664465375203417,""score"":100},""_score"":44.43,""_levels_found"":6,""_target_level"":34.225},""volume"":{""V1_rvol_day"":{""value"":1.5569112631071202,""score"":70.46075087380802},""V2_rvol_sameslot"":{""value"":3.0738091204743405,""score"":100,""status"":""ok""},""V3_breakout_bar"":{""value"":1.211918769839954,""score"":47.46125132266361},""V4_base_dryup"":{""value"":1.7939851441307895,""score"":0},""V5_bo_expansion"":{""value"":1.5569112631071202,""score"":37.12741754047468},""_score"":51.53},""readiness"":{""_distance_atr"":-0.14,""BR1_atr_distance"":{""score"":100.0},""BR2_compression"":{""score"":0},""BR3_retest"":{""score"":50.0},""BR4_bo_age"":{""score"":50.0},""_score"":57.5},""risk"":{""R1_stop_clarity"":{""score"":76.44991828362318},""R2_stop_distance_pct"":{""value"":20.599722991689763,""score"":0.0},""R3_stop_distance_atr"":{""value"":2.0060731120714284,""score"":100.0},""R4_rr_potential"":{""value"":0.8014522961070388,""score"":0.0},""_score"":41.76},""market"":{""M1_spy_regime"":{""score"":100.0},""M3_earnings_risk"":{""value"":null,""score"":80.0},""M4_vix"":{""value"":null,""score"":60.0},""_score"":84.0},""liquidity"":{""L1_price"":{""value"":39.71,""score"":100.0},""L2_dollar_vol"":{""value"":360637931.6397305,""score"":100.0},""L3_spread_proxy"":{""value"":0.18823973810123398,""score"":0},""L4_volume_zscore"":{""value"":1.5118296400536977,""score"":100.0},""_score"":90.0},""pattern_structure"":{""left_low"":33.0,""left_idx"":23,""right_low"":32.01,""right_idx"":72,""separation_bars"":49,""structural_low"":32.01,""current_price"":39.9,""neckline_distance_pct"":-0.019097744360902266,""base_bars"":49},""pattern_geometry_features"":{""low_similarity_pct"":0.03045685279187824,""bounce_pct"":0.22268041237113403,""right_bottom_reaction"":0.1578947368421102,""atr_pct"":0.10268680073389214},""_schema_version"":""1.0""}",,,,,,,,,,
20260508T185417Z-990aff,2026-05-08T18:54:17.243985+00:00,TXN,ascending_triangle,absent,55.0,99.9,40.0,59.0,49.3,16.5,52.5,56.9,84.0,98.2,14.98,11.21,4.72,6.9,1.98,4.2,2.28,5.04,4.91,True,risk_unclear,288.94,292.64,271.4463,309.7,"{""trend"":{""T1_ema_stack"":{""value"":[true,true,true],""score"":100.0},""T2_ema50_slope"":{""value"":0.644692145891839,""score"":100},""T3_high_proximity"":{""value"":0.9982725262576009,""score"":99.13626312880042},""T4_rs_1m"":{""value"":0.2592781384949574,""score"":100},""T5_rs_3m"":{""value"":0.23689126334584532,""score"":100},""T6_adr_healthy"":{""value"":3.1463983158802984,""score"":100.0},""_score"":99.87},""geometry"":{""sub_flat_top_quality"":33.3,""sub_hl_slope"":22.8,""sub_compression"":32.9,""sub_duration"":100.0,""_score"":40.05},""compression"":{""VC1_atr_ratio"":{""value"":0.5562894032099776,""score"":100},""VC2_range_contraction"":{""value"":1.0153152086772457,""score"":0},""VC3_range_pct_rank"":{""score"":75.83333333333333},""_score"":58.96},""sr_quality"":{""SR1_touches"":{""value"":4,""score"":75.0},""SR2_tightness"":{""value"":2.6941881894181074,""score"":53.52332370556046},""SR3_recency"":{""value"":275,""score"":0.0},""SR4_price_location"":{""score"":30.0},""SR5_reaction"":{""value"":1.4970387297065348,""score"":74.85193648532675},""_score"":49.26,""_levels_found"":5,""_target_level"":228.58},""volume"":{""V1_rvol_day"":{""value"":0.4217925212262887,""score"":0},""V2_rvol_sameslot"":{""value"":0.9188840932000122,""score"":27.92560621333415,""status"":""ok""},""V3_breakout_bar"":{""value"":0.8694092511096705,""score"":24.627283407311364},""V4_base_dryup"":{""value"":1.2622820583286178,""score"":23.77179416713821},""V5_bo_expansion"":{""value"":0.4217925212262886,""score"":0},""_score"":16.5},""readiness"":{""_distance_atr"":0.319,""BR1_atr_distance"":{""score"":78.72411648094429},""BR2_compression"":{""score"":14.084393043213778},""BR3_retest"":{""score"":50.0},""BR4_bo_age"":{""score"":50.0},""_score"":52.51},""risk"":{""R1_stop_clarity"":{""score"":28.69071375455107},""R2_stop_distance_pct"":{""value"":6.054440368242538,""score"":100.0},""R3_stop_distance_atr"":{""value"":1.5088942845296183,""score"":100.0},""R4_rr_potential"":{""value"":1.186712930940853,""score"":9.335646547042654},""_score"":56.91},""market"":{""M1_spy_regime"":{""score"":100.0},""M3_earnings_risk"":{""value"":null,""score"":80.0},""M4_vix"":{""value"":null,""score"":60.0},""_score"":84.0},""liquidity"":{""L1_price"":{""value"":288.94,""score"":100.0},""L2_dollar_vol"":{""value"":1021637970.9018881,""score"":100.0},""L3_spread_proxy"":{""value"":0.018342562469716824,""score"":81.65743753028318},""L4_volume_zscore"":{""value"":-0.9940901870317645,""score"":100.0},""_score"":98.17},""pattern_structure"":{""top"":292.64,""top_touches"":2,""low_slope_per_bar"":0.18883333333332564,""lowest_low"":275.58,""structural_low"":275.58,""current_price"":289.19,""neckline_distance_pct"":0.011929873093813716,""base_bars"":24},""pattern_geometry_features"":{""top_touches"":2.0,""low_slope"":0.18883333333332564,""compression"":0.16438661942878652,""atr_pct"":0.04012501359649557},""_schema_version"":""1.0""}",,,,,,,,,,
20260508T185417Z-990aff,2026-05-08T18:54:17.243985+00:00,AMAT,ascending_triangle,setup,55.0,92.1,42.7,19.9,57.2,34.5,57.5,26.8,84.0,95.4,13.81,11.96,1.59,8.02,4.14,4.6,1.07,5.04,4.77,False,,435.7,432.81,379.8652,479.97,"{""trend"":{""T1_ema_stack"":{""value"":[true,true,true],""score"":100.0},""T2_ema50_slope"":{""value"":0.3372028895926606,""score"":100},""T3_high_proximity"":{""value"":1.0,""score"":99.99999999999997},""T4_rs_1m"":{""value"":0.010492609965536692,""score"":60.492609965536694},""T5_rs_3m"":{""value"":0.2830341479909062,""score"":100},""T6_adr_healthy"":{""value"":3.230069981284532,""score"":100.0},""_score"":92.1},""geometry"":{""sub_flat_top_quality"":33.3,""sub_hl_slope"":59.1,""sub_compression"":0,""sub_duration"":100.0,""_score"":42.72},""compression"":{""VC1_atr_ratio"":{""value"":0.8615772214958172,""score"":34.60569462604571},""VC2_range_contraction"":{""value"":1.11685483356959,""score"":0},""VC3_range_pct_rank"":{""score"":24.16666666666667},""_score"":19.88},""sr_quality"":{""SR1_touches"":{""value"":4,""score"":75.0},""SR2_tightness"":{""value"":1.5960028195463891,""score"":81.67844057627087},""SR3_recency"":{""value"":230,""score"":0.0},""SR4_price_location"":{""score"":30.0},""SR5_reaction"":{""value"":2.412162200944774,""score"":100},""_score"":57.25,""_levels_found"":4,""_target_level"":378.265},""volume"":{""V1_rvol_day"":{""value"":0.645312519624163,""score"":9.687501308277536},""V2_rvol_sameslot"":{""value"":1.3665496044892198,""score"":57.76997363261466,""status"":""ok""},""V3_breakout_bar"":{""value"":0.8518074590573932,""score"":23.453830603826212},""V4_base_dryup"":{""value"":0.7427486067306931,""score"":75.72513932693069},""V5_bo_expansion"":{""value"":0.645312519624163,""score"":0},""_score"":34.5},""readiness"":{""_distance_atr"":-0.166,""BR1_atr_distance"":{""score"":100.0},""BR2_compression"":{""score"":0},""BR3_retest"":{""score"":50.0},""BR4_bo_age"":{""score"":50.0},""_score"":57.5},""risk"":{""R1_stop_clarity"":{""score"":33.59307416102149},""R2_stop_distance_pct"":{""value"":12.814952949277036,""score"":0.0},""R3_stop_distance_atr"":{""value"":3.204817928594916,""score"":100.0},""R4_rr_potential"":{""value"":0.7928754046539118,""score"":0.0},""_score"":26.76},""market"":{""M1_spy_regime"":{""score"":100.0},""M3_earnings_risk"":{""value"":null,""score"":80.0},""M4_vix"":{""value"":null,""score"":60.0},""_score"":84.0},""liquidity"":{""L1_price"":{""value"":435.7,""score"":100.0},""L2_dollar_vol"":{""value"":1623932045.489369,""score"":100.0},""L3_spread_proxy"":{""value"":0.046224466375946856,""score"":53.775533624053146},""L4_volume_zscore"":{""value"":-1.355973289597109,""score"":100.0},""_score"":95.38},""pattern_structure"":{""top"":432.81,""top_touches"":2,""low_slope_per_bar"":0.6835262374395208,""lowest_low"":385.65,""structural_low"":385.65,""current_price"":435.615,""neckline_distance_pct"":-0.006439172204813899,""base_bars"":43},""pattern_geometry_features"":{""top_touches"":2.0,""low_slope"":0.6835262374395208,""compression"":-0.09353852940184648,""atr_pct"":0.03998652414833275},""_schema_version"":""1.0""}",,,,,,,,,,
20260508T185417Z-990aff,2026-05-08T18:54:17.243985+00:00,TSM,ascending_triangle,forming,55.0,94.8,50.4,45.2,42.9,22.6,37.6,60.0,84.0,96.1,14.22,14.12,3.62,6.0,2.71,3.01,2.4,5.04,4.8,True,risk_unclear,408.7401,420.0,386.7111,447.3999,"{""trend"":{""T1_ema_stack"":{""value"":[true,true,true],""score"":100.0},""T2_ema50_slope"":{""value"":0.33253056337145626,""score"":100},""T3_high_proximity"":{""value"":0.9743506555423123,""score"":87.1753277711561},""T4_rs_1m"":{""value"":0.03358070007510605,""score"":83.58070007510605},""T5_rs_3m"":{""value"":0.10374694491642256,""score"":100},""T6_adr_healthy"":{""value"":2.9856688800509965,""score"":100.0},""_score"":94.79},""geometry"":{""sub_flat_top_quality"":66.7,""sub_hl_slope"":51.4,""sub_compression"":0,""sub_duration"":100.0,""_score"":50.43},""compression"":{""VC1_atr_ratio"":{""value"":0.5463675501584859,""score"":100},""VC2_range_contraction"":{""value"":1.1164648090404823,""score"":0},""VC3_range_pct_rank"":{""score"":20.833333333333336},""_score"":45.21},""sr_quality"":{""SR1_touches"":{""value"":2,""score"":25.0},""SR2_tightness"":{""value"":1.0800000000000125,""score"":85.70660828307706},""SR3_recency"":{""value"":241,""score"":0.0},""SR4_price_location"":{""score"":30.0},""SR5_reaction"":{""value"":2.6307119801215966,""score"":100},""_score"":42.86,""_levels_found"":5,""_target_level"":381.08},""volume"":{""V1_rvol_day"":{""value"":0.8984107662672546,""score"":26.560717751150303},""V2_rvol_sameslot"":{""value"":1.0623733011075747,""score"":37.491553407171644,""status"":""ok""},""V3_breakout_bar"":{""value"":0.5148508947955882,""score"":0.990059653039214},""V4_base_dryup"":{""value"":1.0250392743979166,""score"":47.49607256020833},""V5_bo_expansion"":{""value"":0.8984107662672546,""score"":0},""_score"":22.56},""readiness"":{""_distance_atr"":0.745,""BR1_atr_distance"":{""score"":50.326493397105246},""BR2_compression"":{""score"":0},""BR3_retest"":{""score"":50.0},""BR4_bo_age"":{""score"":50.0},""_score"":37.63},""risk"":{""R1_stop_clarity"":{""score"":22.061291424957503},""R2_stop_distance_pct"":{""value"":5.389488699542813,""score"":100.0},""R3_stop_distance_atr"":{""value"":1.4577275350563856,""score"":97.88637675281929},""R4_rr_potential"":{""value"":1.7549501732976882,""score"":37.74750866488441},""_score"":59.95},""market"":{""M1_spy_regime"":{""score"":100.0},""M3_earnings_risk"":{""value"":null,""score"":80.0},""M4_vix"":{""value"":null,""score"":60.0},""_score"":84.0},""liquidity"":{""L1_price"":{""value"":408.7401,""score"":100.0},""L2_dollar_vol"":{""value"":5266740873.720045,""score"":100.0},""L3_spread_proxy"":{""value"":0.03943826407049371,""score"":60.56173592950629},""L4_volume_zscore"":{""value"":-0.3384033169589213,""score"":100.0},""_score"":96.06},""pattern_structure"":{""top"":420.0,""top_touches"":3,""low_slope_per_bar"":0.6053294830887032,""lowest_low"":392.6001,""structural_low"":392.6001,""current_price"":409.6499,""neckline_distance_pct"":0.025265720802080015,""base_bars"":32},""pattern_geometry_features"":{""top_touches"":3.0,""low_slope"":0.6053294830887032,""compression"":-0.1923886160056849,""atr_pct"":0.03697185221471683},""_schema_version"":""1.0""}",,,,,,,,,,
20260508T185417Z-990aff,2026-05-08T18:54:17.243985+00:00,ETN,double_bottom,forming,55.0,59.8,72.3,48.7,53.0,13.7,33.7,68.0,84.0,98.0,8.96,18.07,3.9,7.42,1.78,2.7,4.08,5.04,4.9,True,risk_unclear,403.08,435.43,390.2668,474.65,"{""trend"":{""T1_ema_stack"":{""value"":[false,true,true],""score"":66.66666666666666},""T2_ema50_slope"":{""value"":0.3573935331351283,""score"":100},""T3_high_proximity"":{""value"":0.9308791944758782,""score"":65.43959723793907},""T4_rs_1m"":{""value"":-0.07816111650483881,""score"":0},""T5_rs_3m"":{""value"":0.010341252065648732,""score"":55.170626032824366},""T6_adr_healthy"":{""value"":3.1209296359649716,""score"":100.0},""_score"":59.76},""geometry"":{""sub_low_similarity"":72.7,""sub_bounce_quality"":98.6,""sub_separation_fit"":0.0,""sub_right_bottom_reaction"":71.8,""sub_base_context"":100.0,""_score"":72.3},""compression"":{""VC1_atr_ratio"":{""value"":0.7084002983915777,""score"":72.89992540210557},""VC2_range_contraction"":{""value"":1.3400141706522744,""score"":0},""VC3_range_pct_rank"":{""score"":78.33333333333333},""_score"":48.74},""sr_quality"":{""SR1_touches"":{""value"":2,""score"":25.0},""SR2_tightness"":{""value"":3.4000000000000057,""score"":55.926497249109694},""SR3_recency"":{""value"":231,""score"":0.0},""SR4_price_location"":{""score"":88.47279110591},""SR5_reaction"":{""value"":2.340108554148372,""score"":100},""_score"":53.01,""_levels_found"":8,""_target_level"":405.05},""volume"":{""V1_rvol_day"":{""value"":0.5211446180001101,""score"":1.4096412000073424},""V2_rvol_sameslot"":{""value"":0.6474078501034818,""score"":9.827190006898785,""status"":""ok""},""V3_breakout_bar"":{""value"":0.4011216015627638,""score"":0},""V4_base_dryup"":{""value"":0.9262144096244629,""score"":57.378559037553714},""V5_bo_expansion"":{""value"":0.5211446180001101,""score"":0},""_score"":13.72},""readiness"":{""_distance_atr"":2.097,""BR1_atr_distance"":{""score"":0},""BR2_compression"":{""score"":64.93895568358387},""BR3_retest"":{""score"":50.0},""BR4_bo_age"":{""score"":50.0},""_score"":33.73},""risk"":{""R1_stop_clarity"":{""score"":22.96016533119017},""R2_stop_distance_pct"":{""value"":3.178810657933911,""score"":100.0},""R3_stop_distance_atr"":{""value"":0.8304711790773082,""score"":66.52355895386542},""R4_rr_potential"":{""value"":5.5856678490457075,""score"":100.0},""_score"":68.01},""market"":{""M1_spy_regime"":{""score"":100.0},""M3_earnings_risk"":{""value"":null,""score"":80.0},""M4_vix"":{""value"":null,""score"":60.0},""_score"":84.0},""liquidity"":{""L1_price"":{""value"":403.08,""score"":100.0},""L2_dollar_vol"":{""value"":566592026.9746593,""score"":100.0},""L3_spread_proxy"":{""value"":0.019475042175250628,""score"":80.52495782474938},""L4_volume_zscore"":{""value"":-1.1303687806536908,""score"":100.0},""_score"":98.05},""pattern_structure"":{""left_low"":401.65,""left_idx"":28,""right_low"":396.21,""right_idx"":74,""separation_bars"":46,""structural_low"":396.21,""current_price"":403.51,""neckline_distance_pct"":0.07910584619959857,""base_bars"":46},""pattern_geometry_features"":{""low_similarity_pct"":0.013636477577519861,""bounce_pct"":0.0989879104515283,""right_bottom_reaction"":0.717774762550892,""atr_pct"":0.03827719417627131},""_schema_version"":""1.0""}",,,,,,,,,,
20260508T185417Z-990aff,2026-05-08T18:54:17.243985+00:00,HWM,high_tight_pullback,forming,55.0,80.5,78.2,61.3,38.9,15.5,44.9,67.8,84.0,98.2,9.66,27.36,6.13,3.11,2.17,4.04,0.68,5.04,4.91,True,risk_unclear,272.72,280.74,262.0642,323.61,"{""trend"":{""T1_ema_stack"":{""value"":[true,true,true],""score"":100.0},""T2_ema50_slope"":{""value"":0.0818053986085553,""score"":63.634233101425885},""T3_high_proximity"":{""value"":1.0,""score"":99.99999999999997},""T4_rs_1m"":{""value"":-0.011306647289274663,""score"":38.693352710725335},""T5_rs_3m"":{""value"":0.1541510970067559,""score"":100},""T6_adr_healthy"":{""value"":3.0042786851119865,""score"":100.0},""_score"":80.47},""geometry"":{""sub_pole_impulse"":100.0,""sub_flag_tightness"":59.1,""sub_flag_shallowness"":42.0,""sub_flag_drift"":100,""sub_flag_duration"":100.0,""_score"":78.17},""compression"":{""VC1_atr_ratio"":{""value"":0.6347551508008672,""score"":91.3112122997832},""VC2_range_contraction"":{""value"":0.9401683717226513,""score"":9.971938046224778},""VC3_range_pct_rank"":{""score"":85.0},""_score"":61.26},""sr_quality"":{""SR1_touches"":{""value"":2,""score"":25.0},""SR2_tightness"":{""value"":1.5600000000000023,""score"":67.1757629681286},""SR3_recency"":{""value"":241,""score"":0.0},""SR4_price_location"":{""score"":30.0},""SR5_reaction"":{""value"":1.8416290680862435,""score"":92.08145340431217},""_score"":38.89,""_levels_found"":6,""_target_level"":258.26},""volume"":{""V1_rvol_day"":{""value"":0.6815292992164361,""score"":12.10195328109574},""V2_rvol_sameslot"":{""value"":1.2234599449076495,""score"":48.2306629938433,""status"":""ok""},""V3_breakout_bar"":{""value"":0.4127073084133614,""score"":0},""V4_base_dryup"":{""value"":1.327318817646666,""score"":17.268118235333404},""V5_bo_expansion"":{""value"":0.6815292992164361,""score"":0},""_score"":15.52},""readiness"":{""_distance_atr"":0.844,""BR1_atr_distance"":{""score"":43.74991859068212},""BR2_compression"":{""score"":39.773295091425226},""BR3_retest"":{""score"":50.0},""BR4_bo_age"":{""score"":50.0},""_score"":44.94},""risk"":{""R1_stop_clarity"":{""score"":16.028342466205785},""R2_stop_distance_pct"":{""value"":3.907240026400722,""score"":100.0},""R3_stop_distance_atr"":{""value"":1.1210555306735328,""score"":81.05277653367664},""R4_rr_potential"":{""value"":4.7757916444761195,""score"":100.0},""_score"":67.77},""market"":{""M1_spy_regime"":{""score"":100.0},""M3_earnings_risk"":{""value"":null,""score"":80.0},""M4_vix"":{""value"":null,""score"":60.0},""_score"":84.0},""liquidity"":{""L1_price"":{""value"":272.72,""score"":100.0},""L2_dollar_vol"":{""value"":447067388.0957884,""score"":100.0},""L3_spread_proxy"":{""value"":0.01772843942505135,""score"":82.27156057494865},""L4_volume_zscore"":{""value"":-0.7218924476153827,""score"":100.0},""_score"":98.23},""pattern_structure"":{""pole_low"":237.87,""pole_low_idx"":25,""peak_price"":280.74,""peak_idx"":50,""pole_gain"":0.18022449236978183,""flag_bars"":9,""flag_low"":266.055,""flag_high"":278.48,""structural_low"":266.055,""current_price"":272.575,""neckline_distance_pct"":0.029955058240851217,""base_bars"":9},""pattern_geometry_features"":{""pole_gain"":0.18022449236978183,""pullback_pct"":0.052308185509724305,""flag_range_pct"":0.04425803234309329,""flag_drift_per_bar"":0.0028201718181540196,""atr_pct"":0.03485322465741945,""pole_atr_multiple"":5.17095603466396},""_schema_version"":""1.0""}",,,,,,,,,,
20260508T185417Z-990aff,2026-05-08T18:54:17.243985+00:00,NVDA,double_bottom,forming,55.0,99.1,67.8,43.2,49.7,16.1,60.9,35.2,84.0,97.7,14.86,16.94,3.45,6.96,2.09,4.87,2.11,5.04,4.89,True,risk_unclear,215.35,216.38,193.2964,236.52,"{""trend"":{""T1_ema_stack"":{""value"":[true,true,true],""score"":100.0},""T2_ema50_slope"":{""value"":0.3042701433928385,""score"":100},""T3_high_proximity"":{""value"":0.9941830940399796,""score"":97.09154701998979},""T4_rs_1m"":{""value"":0.08619931914036028,""score"":100},""T5_rs_3m"":{""value"":0.09354824979175658,""score"":96.77412489587829},""T6_adr_healthy"":{""value"":2.99355352540353,""score"":100.0},""_score"":99.08},""geometry"":{""sub_low_similarity"":90.0,""sub_bounce_quality"":100,""sub_separation_fit"":0.0,""sub_right_bottom_reaction"":5.0,""sub_base_context"":100.0,""_score"":67.75},""compression"":{""VC1_atr_ratio"":{""value"":0.7329340476942084,""score"":66.76648807644789},""VC2_range_contraction"":{""value"":1.364093952904114,""score"":0},""VC3_range_pct_rank"":{""score"":65.83333333333333},""_score"":43.16},""sr_quality"":{""SR1_touches"":{""value"":3,""score"":50.0},""SR2_tightness"":{""value"":0.6923362108750947,""score"":81.19064150865334},""SR3_recency"":{""value"":234,""score"":0.0},""SR4_price_location"":{""score"":30.0},""SR5_reaction"":{""value"":3.126320637489576,""score"":100},""_score"":49.68,""_levels_found"":5,""_target_level"":196.9502},""volume"":{""V1_rvol_day"":{""value"":0.6304544161296208,""score"":8.696961075308057},""V2_rvol_sameslot"":{""value"":0.7128509509238312,""score"":14.190063394922081,""status"":""ok""},""V3_breakout_bar"":{""value"":0.42421221028640194,""score"":0},""V4_base_dryup"":{""value"":0.9254315606860409,""score"":57.45684393139591},""V5_bo_expansion"":{""value"":0.6304544161296208,""score"":0},""_score"":16.07},""readiness"":{""_distance_atr"":0.14,""BR1_atr_distance"":{""score"":90.67233571311675},""BR2_compression"":{""score"":28.58209388015428},""BR3_retest"":{""score"":50.0},""BR4_bo_age"":{""score"":50.0},""_score"":60.91},""risk"":{""R1_stop_clarity"":{""score"":20.028409917855683},""R2_stop_distance_pct"":{""value"":10.240817274204778,""score"":43.97956814488055},""R3_stop_distance_atr"":{""value"":2.995755977435071,""score"":100.0},""R4_rr_potential"":{""value"":0.9599339790329016,""score"":0.0},""_score"":35.2},""market"":{""M1_spy_regime"":{""score"":100.0},""M3_earnings_risk"":{""value"":null,""score"":80.0},""M4_vix"":{""value"":null,""score"":60.0},""_score"":84.0},""liquidity"":{""L1_price"":{""value"":215.35,""score"":100.0},""L2_dollar_vol"":{""value"":20114096825.60794,""score"":100.0},""L3_spread_proxy"":{""value"":0.02280009287206884,""score"":77.19990712793116},""L4_volume_zscore"":{""value"":-1.4207239824621463,""score"":100.0},""_score"":97.72},""pattern_structure"":{""left_low"":197.2206,""left_idx"":13,""right_low"":196.24,""right_idx"":62,""separation_bars"":49,""structural_low"":196.24,""current_price"":215.363,""neckline_distance_pct"":0.004722259626769668,""base_bars"":49},""pattern_geometry_features"":{""low_similarity_pct"":0.00498448891706047,""bounce_pct"":0.10262943334692207,""right_bottom_reaction"":0.04964539007091727,""atr_pct"":0.03418441739361174},""_schema_version"":""1.0""}",,,,,,,,,,
20260508T185417Z-990aff,2026-05-08T18:54:17.243985+00:00,TTWO,ascending_triangle,forming,55.0,76.8,58.7,63.6,60.9,27.1,32.5,57.9,84.0,98.5,11.51,16.44,5.09,8.52,3.25,2.6,2.32,5.04,4.93,True,risk_unclear,220.75,227.02,215.4203,235.3392,"{""trend"":{""T1_ema_stack"":{""value"":[true,true,false],""score"":66.66666666666666},""T2_ema50_slope"":{""value"":0.10591807329851327,""score"":67.65301221641889},""T3_high_proximity"":{""value"":0.9803268496314059,""score"":90.16342481570294},""T4_rs_1m"":{""value"":0.02986365634600996,""score"":79.86365634600996},""T5_rs_3m"":{""value"":0.060704719822721076,""score"":80.35235991136054},""T6_adr_healthy"":{""value"":2.6695341025776003,""score"":100.0},""_score"":76.75},""geometry"":{""sub_flat_top_quality"":100,""sub_hl_slope"":45.7,""sub_compression"":0,""sub_duration"":100.0,""_score"":58.71},""compression"":{""VC1_atr_ratio"":{""value"":0.42492589270751413,""score"":100},""VC2_range_contraction"":{""value"":0.9704550889446363,""score"":4.9241518425606206},""VC3_range_pct_rank"":{""score"":87.5},""_score"":63.6},""sr_quality"":{""SR1_touches"":{""value"":2,""score"":25.0},""SR2_tightness"":{""value"":0.06999999999999318,""score"":97.63406178478677},""SR3_recency"":{""value"":235,""score"":0.0},""SR4_price_location"":{""score"":94.92707672796443},""SR5_reaction"":{""value"":2.3701631048834897,""score"":100},""_score"":60.88,""_levels_found"":6,""_target_level"":221.15},""volume"":{""V1_rvol_day"":{""value"":0.6928437097889114,""score"":12.85624731926076},""V2_rvol_sameslot"":{""value"":0.8835691936122085,""score"":25.571279574147237,""status"":""ok""},""V3_breakout_bar"":{""value"":0.5733122682350937,""score"":4.887484549006249},""V4_base_dryup"":{""value"":0.5926152506878443,""score"":90.73847493121558},""V5_bo_expansion"":{""value"":0.6928437097889115,""score"":0},""_score"":27.06},""readiness"":{""_distance_atr"":1.06,""BR1_atr_distance"":{""score"":29.359844717197873},""BR2_compression"":{""score"":13.108473266895238},""BR3_retest"":{""score"":50.0},""BR4_bo_age"":{""score"":50.0},""_score"":32.52},""risk"":{""R1_stop_clarity"":{""score"":0},""R2_stop_distance_pct"":{""value"":2.414365571913943,""score"":100.0},""R3_stop_distance_atr"":{""value"":0.9006978069201325,""score"":70.03489034600663},""R4_rr_potential"":{""value"":2.7373336495480345,""score"":86.86668247740172},""_score"":57.88},""market"":{""M1_spy_regime"":{""score"":100.0},""M3_earnings_risk"":{""value"":null,""score"":80.0},""M4_vix"":{""value"":null,""score"":60.0},""_score"":84.0},""liquidity"":{""L1_price"":{""value"":220.75,""score"":100.0},""L2_dollar_vol"":{""value"":225715480.7769955,""score"":100.0},""L3_spread_proxy"":{""value"":0.0148131370328425,""score"":85.1868629671575},""L4_volume_zscore"":{""value"":-1.2148829340897696,""score"":100.0},""_score"":98.52},""pattern_structure"":{""top"":227.02,""top_touches"":4,""low_slope_per_bar"":0.2997939618644058,""lowest_low"":218.7008,""structural_low"":218.7008,""current_price"":221.0,""neckline_distance_pct"":0.027239819004524934,""base_bars"":36},""pattern_geometry_features"":{""top_touches"":4.0,""low_slope"":0.2997939618644058,""compression"":-0.0077965262621313425,""atr_pct"":0.026805500728037543},""_schema_version"":""1.0""}",,,,,,,,,,
20260508T185417Z-990aff,2026-05-08T18:54:17.243985+00:00,NVDA,cup_with_handle,absent,55.0,99.1,48.4,43.2,49.7,17.1,59.3,41.3,84.0,97.7,13.87,14.53,3.45,5.96,2.22,4.74,2.06,4.2,4.89,True,risk_unclear,215.35,216.825,191.8189,264.7449,"{""trend"":{""T1_ema_stack"":{""value"":[true,true,true],""score"":100.0},""T2_ema50_slope"":{""value"":0.3042701433928385,""score"":100},""T3_high_proximity"":{""value"":0.9941830940399796,""score"":97.09154701998979},""T4_rs_1m"":{""value"":0.08619931914036028,""score"":100},""T5_rs_3m"":{""value"":0.09354824979175658,""score"":96.77412489587829},""T6_adr_healthy"":{""value"":2.99355352540353,""score"":100.0},""_score"":99.08},""geometry"":{""sub_cup_depth"":100.0,""sub_cup_duration"":0.0,""sub_rim_symmetry"":56.3,""sub_handle_shallowness"":15.1,""sub_handle_proportion"":94.8,""sub_u_shape"":31.1,""_score"":48.43},""compression"":{""VC1_atr_ratio"":{""value"":0.7329340476942084,""score"":66.76648807644789},""VC2_range_contraction"":{""value"":1.364093952904114,""score"":0},""VC3_range_pct_rank"":{""score"":65.83333333333333},""_score"":43.16},""sr_quality"":{""SR1_touches"":{""value"":3,""score"":50.0},""SR2_tightness"":{""value"":0.6923362108750947,""score"":81.19064150865334},""SR3_recency"":{""value"":234,""score"":0.0},""SR4_price_location"":{""score"":30.0},""SR5_reaction"":{""value"":3.126320637489576,""score"":100},""_score"":49.68,""_levels_found"":5,""_target_level"":196.9502},""volume"":{""V1_rvol_day"":{""value"":0.6304544161296208,""score"":8.696961075308057},""V2_rvol_sameslot"":{""value"":0.7128509509238312,""score"":14.190063394922081,""status"":""ok""},""V3_breakout_bar"":{""value"":0.42421221028640194,""score"":0},""V4_base_dryup"":{""value"":0.8735433359105558,""score"":62.64566640894442},""V5_bo_expansion"":{""value"":0.6304544161296208,""score"":0},""_score"":17.11},""readiness"":{""_distance_atr"":0.2,""BR1_atr_distance"":{""score"":86.64242250179346},""BR2_compression"":{""score"":28.58209388015428},""BR3_retest"":{""score"":50.0},""BR4_bo_age"":{""score"":50.0},""_score"":59.3},""risk"":{""R1_stop_clarity"":{""score"":20.6396888881128},""R2_stop_distance_pct"":{""value"":10.926909681913157,""score"":26.827257952171067},""R3_stop_distance_atr"":{""value"":3.196459239336089,""score"":100.0},""R4_rr_potential"":{""value"":2.0991326372332795,""score"":54.95663186166397},""_score"":41.26},""market"":{""M1_spy_regime"":{""score"":100.0},""M3_earnings_risk"":{""value"":null,""score"":80.0},""M4_vix"":{""value"":null,""score"":60.0},""_score"":84.0},""liquidity"":{""L1_price"":{""value"":215.35,""score"":100.0},""L2_dollar_vol"":{""value"":20114096825.60794,""score"":100.0},""L3_spread_proxy"":{""value"":0.02280009287206884,""score"":77.19990712793116},""L4_volume_zscore"":{""value"":-1.4207239824621463,""score"":100.0},""_score"":97.72},""pattern_structure"":{""left_rim"":212.1899,""left_rim_idx"":48,""cup_bottom"":164.27,""cup_bottom_idx"":151,""right_rim"":216.825,""right_rim_idx"":170,""handle_low"":194.74,""handle_bars"":9,""cup_bars"":122,""structural_low"":194.74,""current_price"":215.35,""neckline_distance_pct"":0.006849315068493124,""base_bars"":131},""pattern_geometry_features"":{""cup_depth_pct"":0.2258349714100435,""rim_symmetry_pct"":0.021844112278671106,""handle_depth_pct"":0.10185633575464074,""handle_to_cup_ratio"":0.07377049180327869,""cup_duration_bars"":122.0,""atr_pct"":0.03418441739361174,""u_shape_score"":0.1557377049180328},""_schema_version"":""1.0""}",,,,,,,,,,
20260508T185417Z-990aff,2026-05-08T18:54:17.243985+00:00,ADI,bull_flag,forming,55.0,100.0,64.6,58.9,59.5,23.5,58.5,59.6,84.0,98.7,14.0,19.37,5.3,5.95,3.29,5.27,1.79,5.04,4.94,True,risk_unclear,416.52,418.75,407.3172,445.62,"{""trend"":{""T1_ema_stack"":{""value"":[true,true,true],""score"":100.0},""T2_ema50_slope"":{""value"":0.48162370998398507,""score"":100},""T3_high_proximity"":{""value"":1.0,""score"":99.99999999999997},""T4_rs_1m"":{""value"":0.10069695519006716,""score"":100},""T5_rs_3m"":{""value"":0.23186544671064024,""score"":100},""T6_adr_healthy"":{""value"":2.48765782593396,""score"":100.0},""_score"":100.0},""geometry"":{""sub_pole_impulse"":35.4,""sub_flag_tightness"":69.9,""sub_flag_shallowness"":63.6,""sub_flag_drift"":100,""sub_flag_duration"":87.5,""_score"":64.56},""compression"":{""VC1_atr_ratio"":{""value"":0.6968564906232573,""score"":75.78587734418568},""VC2_range_contraction"":{""value"":0.9128302093204144,""score"":14.528298446597606},""VC3_range_pct_rank"":{""score"":94.16666666666667},""_score"":58.94},""sr_quality"":{""SR1_touches"":{""value"":6,""score"":100},""SR2_tightness"":{""value"":2.2453462984582164,""score"":61.981255793650405},""SR3_recency"":{""value"":251,""score"":0.0},""SR4_price_location"":{""score"":30.0},""SR5_reaction"":{""value"":1.6884407220391244,""score"":84.42203610195622},""_score"":59.46,""_levels_found"":3,""_target_level"":302.644},""volume"":{""V1_rvol_day"":{""value"":0.4917363189104881,""score"":0},""V2_rvol_sameslot"":{""value"":1.113412823368019,""score"":40.894188224534595,""status"":""ok""},""V3_breakout_bar"":{""value"":0.7456447722969075,""score"":16.376318153127166},""V4_base_dryup"":{""value"":0.9402719745781156,""score"":55.97280254218844},""V5_bo_expansion"":{""value"":0.4917363189104881,""score"":0},""_score"":23.47},""readiness"":{""_distance_atr"":0.189,""BR1_atr_distance"":{""score"":87.41370100484777},""BR2_compression"":{""score"":24.319826684164124},""BR3_retest"":{""score"":50.0},""BR4_bo_age"":{""score"":50.0},""_score"":58.55},""risk"":{""R1_stop_clarity"":{""score"":0},""R2_stop_distance_pct"":{""value"":2.209449726303665,""score"":100.0},""R3_stop_distance_atr"":{""value"":0.7791201282012533,""score"":63.95600641006267},""R4_rr_potential"":{""value"":3.162081105750418,""score"":100.0},""_score"":59.59},""market"":{""M1_spy_regime"":{""score"":100.0},""M3_earnings_risk"":{""value"":null,""score"":80.0},""M4_vix"":{""value"":null,""score"":60.0},""_score"":84.0},""liquidity"":{""L1_price"":{""value"":416.52,""score"":100.0},""L2_dollar_vol"":{""value"":650683363.6407546,""score"":100.0},""L3_spread_proxy"":{""value"":0.012556419859790691,""score"":87.4435801402093},""L4_volume_zscore"":{""value"":-1.6049895478214509,""score"":100.0},""_score"":98.74},""pattern_structure"":{""pole_low"":391.88,""pole_low_idx"":33,""peak_price"":418.75,""peak_idx"":55,""pole_gain"":0.0685669082372155,""flag_bars"":4,""flag_low"":413.52,""flag_high"":418.7,""structural_low"":413.52,""current_price"":415.955,""neckline_distance_pct"":0.006719476866488,""base_bars"":4},""pattern_geometry_features"":{""pole_gain"":0.0685669082372155,""pullback_pct"":0.012489552238806014,""flag_range_pct"":0.01237014925373136,""flag_drift_per_bar"":0.00012140736377731166,""atr_pct"":0.02835826782455998,""pole_atr_multiple"":2.4178806921991334},""_schema_version"":""1.0""}",,,,,,,,,,
20260508T185417Z-990aff,2026-05-08T18:54:17.243985+00:00,BA,vcp,forming,55.0,65.3,57.3,54.6,42.5,18.4,57.0,59.3,84.0,97.1,9.8,14.31,6.55,5.1,2.39,3.99,2.97,5.04,4.86,True,risk_unclear,236.33,236.45,217.7244,280.36,"{""trend"":{""T1_ema_stack"":{""value"":[true,true,true],""score"":100.0},""T2_ema50_slope"":{""value"":0.1412589708690292,""score"":73.54316181150486},""T3_high_proximity"":{""value"":0.9657553839238282,""score"":82.87769196191408},""T4_rs_1m"":{""value"":-0.010819482949754322,""score"":39.180517050245676},""T5_rs_3m"":{""value"":-0.09550032646121254,""score"":2.249836769393731},""T6_adr_healthy"":{""value"":2.707765928320761,""score"":100.0},""_score"":65.31},""geometry"":{""sub_contraction_count"":100.0,""sub_reduction_rate"":0,""sub_pivot_tightness"":49.7,""sub_volume_dryup"":44.7,""sub_base_depth"":81.0,""sub_base_duration"":100.0,""_score"":57.26},""compression"":{""VC1_atr_ratio"":{""value"":0.5527960105424687,""score"":100},""VC2_range_contraction"":{""value"":0.892489221592147,""score"":17.918463067975495},""VC3_range_pct_rank"":{""score"":33.333333333333336},""_score"":54.6},""sr_quality"":{""SR1_touches"":{""value"":2,""score"":25.0},""SR2_tightness"":{""value"":0.4749999999999943,""score"":85.94526048821743},""SR3_recency"":{""value"":233,""score"":0.0},""SR4_price_location"":{""score"":30.0},""SR5_reaction"":{""value"":1.946211560815807,""score"":97.31057804079035},""_score"":42.49,""_levels_found"":4,""_target_level"":235.975},""volume"":{""V1_rvol_day"":{""value"":0.757534564984292,""score"":17.168970998952794},""V2_rvol_sameslot"":{""value"":0.7185150469913157,""score"":14.567669799421049,""status"":""ok""},""V3_breakout_bar"":{""value"":0.3306577114556908,""score"":0},""V4_base_dryup"":{""value"":0.896564211947801,""score"":60.3435788052199},""V5_bo_expansion"":{""value"":0.757534564984292,""score"":0},""_score"":18.42},""readiness"":{""_distance_atr"":0.018,""BR1_atr_distance"":{""score"":98.81644298848168},""BR2_compression"":{""score"":0},""BR3_retest"":{""score"":50.0},""BR4_bo_age"":{""score"":50.0},""_score"":57.03},""risk"":{""R1_stop_clarity"":{""score"":1.89495931522805},""R2_stop_distance_pct"":{""value"":7.872720348665006,""score"":100.0},""R3_stop_distance_atr"":{""value"":2.7525985416886836,""score"":100.0},""R4_rr_potential"":{""value"":2.3664918089177442,""score"":68.32459044588721},""_score"":59.33},""market"":{""M1_spy_regime"":{""score"":100.0},""M3_earnings_risk"":{""value"":null,""score"":80.0},""M4_vix"":{""value"":null,""score"":60.0},""_score"":84.0},""liquidity"":{""L1_price"":{""value"":236.33,""score"":100.0},""L2_dollar_vol"":{""value"":1106889885.509461,""score"":100.0},""L3_spread_proxy"":{""value"":0.028709854863961395,""score"":71.2901451360386},""L4_volume_zscore"":{""value"":-0.531971190104301,""score"":100.0},""_score"":97.13},""pattern_structure"":{""n_contractions"":5,""contractions_pct"":[9.98,4.99,11.92,11.33,6.52],""descending_strict"":false,""final_low"":221.04,""final_pivot"":236.45,""structural_low"":221.04,""dry_up_ratio"":0.7767237583759933,""current_price"":236.33,""neckline_distance_pct"":0.0005077645664959003,""base_bars"":67,""recent_base_height"":43.91},""pattern_geometry_features"":{""contraction_count"":5.0,""first_contraction_pct"":0.09982272452239999,""last_contraction_pct"":0.06517234087544935,""dry_up_ratio"":0.7767237583759933,""near_monotone"":0.0,""base_depth_pct"":0.13096093216470697},""_schema_version"":""1.0""}",,,,,,,,,,
20260508T185417Z-990aff,2026-05-08T18:54:17.243985+00:00,ADI,double_bottom,retest_hold,55.0,100.0,54.8,58.9,59.5,27.4,63.6,41.2,84.0,98.7,15.0,13.7,4.72,8.32,3.56,5.09,2.47,5.04,4.94,True,risk_unclear,416.52,415.97,380.732,445.41,"{""trend"":{""T1_ema_stack"":{""value"":[true,true,true],""score"":100.0},""T2_ema50_slope"":{""value"":0.48162370998398507,""score"":100},""T3_high_proximity"":{""value"":1.0,""score"":99.99999999999997},""T4_rs_1m"":{""value"":0.10069695519006716,""score"":100},""T5_rs_3m"":{""value"":0.23186544671064024,""score"":100},""T6_adr_healthy"":{""value"":2.48765782593396,""score"":100.0},""_score"":100.0},""geometry"":{""sub_low_similarity"":2.2,""sub_bounce_quality"":65.9,""sub_separation_fit"":66.7,""sub_right_bottom_reaction"":73.0,""sub_base_context"":100.0,""_score"":54.8},""compression"":{""VC1_atr_ratio"":{""value"":0.6968564906232573,""score"":75.78587734418568},""VC2_range_contraction"":{""value"":0.9128302093204144,""score"":14.528298446597606},""VC3_range_pct_rank"":{""score"":94.16666666666667},""_score"":58.94},""sr_quality"":{""SR1_touches"":{""value"":6,""score"":100},""SR2_tightness"":{""value"":2.2453462984582164,""score"":61.981255793650405},""SR3_recency"":{""value"":251,""score"":0.0},""SR4_price_location"":{""score"":30.0},""SR5_reaction"":{""value"":1.6884407220391244,""score"":84.42203610195622},""_score"":59.46,""_levels_found"":3,""_target_level"":302.644},""volume"":{""V1_rvol_day"":{""value"":0.4917363189104881,""score"":0},""V2_rvol_sameslot"":{""value"":1.113412823368019,""score"":40.894188224534595,""status"":""ok""},""V3_breakout_bar"":{""value"":0.7456447722969075,""score"":16.376318153127166},""V4_base_dryup"":{""value"":0.7459322013664976,""score"":75.40677986335024},""V5_bo_expansion"":{""value"":0.4917363189104881,""score"":0},""_score"":27.35},""readiness"":{""_distance_atr"":-0.047,""BR1_atr_distance"":{""score"":100.0},""BR2_compression"":{""score"":24.319826684164124},""BR3_retest"":{""score"":50.0},""BR4_bo_age"":{""score"":50.0},""_score"":63.58},""risk"":{""R1_stop_clarity"":{""score"":1.8277144498531754},""R2_stop_distance_pct"":{""value"":8.592132430615584,""score"":85.19668923461042},""R3_stop_distance_atr"":{""value"":3.0298509358086654,""score"":100.0},""R4_rr_potential"":{""value"":0.8072549559279054,""score"":0.0},""_score"":41.2},""market"":{""M1_spy_regime"":{""score"":100.0},""M3_earnings_risk"":{""value"":null,""score"":80.0},""M4_vix"":{""value"":null,""score"":60.0},""_score"":84.0},""liquidity"":{""L1_price"":{""value"":416.52,""score"":100.0},""L2_dollar_vol"":{""value"":650683363.6407546,""score"":100.0},""L3_spread_proxy"":{""value"":0.012556419859790691,""score"":87.4435801402093},""L4_volume_zscore"":{""value"":-1.6049895478214509,""score"":100.0},""_score"":98.74},""pattern_structure"":{""left_low"":386.53,""left_idx"":38,""right_low"":405.91,""right_idx"":73,""separation_bars"":35,""structural_low"":386.53,""current_price"":415.955,""neckline_distance_pct"":3.606159320129149e-05,""base_bars"":35},""pattern_geometry_features"":{""low_similarity_pct"":0.048912220483569864,""bounce_pct"":0.07616485136988088,""right_bottom_reaction"":0.7296072507552755,""atr_pct"":0.02835826782455998},""_schema_version"":""1.0""}",,,,,,,,,,
20260508T185417Z-990aff,2026-05-08T18:54:17.243985+00:00,ADI,vcp,setup,55.0,100.0,45.1,58.9,59.5,23.5,42.1,49.4,84.0,98.7,15.0,11.28,7.07,7.14,3.05,2.94,2.47,5.04,4.94,True,risk_unclear,416.52,408.37,376.7132,516.18,"{""trend"":{""T1_ema_stack"":{""value"":[true,true,true],""score"":100.0},""T2_ema50_slope"":{""value"":0.48162370998398507,""score"":100},""T3_high_proximity"":{""value"":1.0,""score"":99.99999999999997},""T4_rs_1m"":{""value"":0.10069695519006716,""score"":100},""T5_rs_3m"":{""value"":0.23186544671064024,""score"":100},""T6_adr_healthy"":{""value"":2.48765782593396,""score"":100.0},""_score"":100.0},""geometry"":{""sub_contraction_count"":100.0,""sub_reduction_rate"":0,""sub_pivot_tightness"":52.1,""sub_volume_dryup"":15.4,""sub_base_depth"":0.0,""sub_base_duration"":100.0,""_score"":45.12},""compression"":{""VC1_atr_ratio"":{""value"":0.6968564906232573,""score"":75.78587734418568},""VC2_range_contraction"":{""value"":0.9128302093204144,""score"":14.528298446597606},""VC3_range_pct_rank"":{""score"":94.16666666666667},""_score"":58.94},""sr_quality"":{""SR1_touches"":{""value"":6,""score"":100},""SR2_tightness"":{""value"":2.2453462984582164,""score"":61.981255793650405},""SR3_recency"":{""value"":251,""score"":0.0},""SR4_price_location"":{""score"":30.0},""SR5_reaction"":{""value"":1.6884407220391244,""score"":84.42203610195622},""_score"":59.46,""_levels_found"":3,""_target_level"":302.644},""volume"":{""V1_rvol_day"":{""value"":0.4917363189104881,""score"":0},""V2_rvol_sameslot"":{""value"":1.113412823368019,""score"":40.894188224534595,""status"":""ok""},""V3_breakout_bar"":{""value"":0.7456447722969075,""score"":16.376318153127166},""V4_base_dryup"":{""value"":0.9402719745781156,""score"":55.97280254218844},""V5_bo_expansion"":{""value"":0.4917363189104881,""score"":0},""_score"":23.47},""readiness"":{""_distance_atr"":-0.69,""BR1_atr_distance"":{""score"":46.200223747467774},""BR2_compression"":{""score"":24.319826684164124},""BR3_retest"":{""score"":50.0},""BR4_bo_age"":{""score"":50.0},""_score"":42.06},""risk"":{""R1_stop_clarity"":{""score"":2.863967586852894},""R2_stop_distance_pct"":{""value"":9.556984058388558,""score"":61.07539854028605},""R3_stop_distance_atr"":{""value"":3.3700873824569886,""score"":100.0},""R4_rr_potential"":{""value"":2.5035954957387885,""score"":75.17977478693942},""_score"":49.36},""market"":{""M1_spy_regime"":{""score"":100.0},""M3_earnings_risk"":{""value"":null,""score"":80.0},""M4_vix"":{""value"":null,""score"":60.0},""_score"":84.0},""liquidity"":{""L1_price"":{""value"":416.52,""score"":100.0},""L2_dollar_vol"":{""value"":650683363.6407546,""score"":100.0},""L3_spread_proxy"":{""value"":0.012556419859790691,""score"":87.4435801402093},""L4_volume_zscore"":{""value"":-1.6049895478214509,""score"":100.0},""_score"":98.74},""pattern_structure"":{""n_contractions"":5,""contractions_pct"":[0.8,16.43,8.42,3.66,6.35],""descending_strict"":false,""final_low"":382.45,""final_pivot"":408.37,""structural_low"":382.45,""dry_up_ratio"":0.923224994141228,""current_price"":416.52,""neckline_distance_pct"":-0.01956688754441558,""base_bars"":74,""recent_base_height"":107.81},""pattern_geometry_features"":{""contraction_count"":5.0,""first_contraction_pct"":0.008047493403693925,""last_contraction_pct"":0.06347185150721163,""dry_up_ratio"":0.923224994141228,""near_monotone"":0.0,""base_depth_pct"":-0.2613786279683377},""_schema_version"":""1.0""}",,,,,,,,,,
20260508T185417Z-990aff,2026-05-08T18:54:17.243985+00:00,TTWO,vcp,forming,55.0,76.8,60.5,63.6,60.9,20.9,58.7,54.6,84.0,98.5,11.51,15.13,7.63,7.31,2.71,4.11,2.73,5.04,4.93,True,risk_unclear,220.75,221.22,203.3532,254.81,"{""trend"":{""T1_ema_stack"":{""value"":[true,true,false],""score"":66.66666666666666},""T2_ema50_slope"":{""value"":0.10591807329851327,""score"":67.65301221641889},""T3_high_proximity"":{""value"":0.9803268496314059,""score"":90.16342481570294},""T4_rs_1m"":{""value"":0.02986365634600996,""score"":79.86365634600996},""T5_rs_3m"":{""value"":0.060704719822721076,""score"":80.35235991136054},""T6_adr_healthy"":{""value"":2.6695341025776003,""score"":100.0},""_score"":76.75},""geometry"":{""sub_contraction_count"":100.0,""sub_reduction_rate"":20.6,""sub_pivot_tightness"":47.4,""sub_volume_dryup"":21.7,""sub_base_depth"":100.0,""sub_base_duration"":100.0,""_score"":60.52},""compression"":{""VC1_atr_ratio"":{""value"":0.42492589270751413,""score"":100},""VC2_range_contraction"":{""value"":0.9704550889446363,""score"":4.9241518425606206},""VC3_range_pct_rank"":{""score"":87.5},""_score"":63.6},""sr_quality"":{""SR1_touches"":{""value"":2,""score"":25.0},""SR2_tightness"":{""value"":0.06999999999999318,""score"":97.63406178478677},""SR3_recency"":{""value"":235,""score"":0.0},""SR4_price_location"":{""score"":94.92707672796443},""SR5_reaction"":{""value"":2.3701631048834897,""score"":100},""_score"":60.88,""_levels_found"":6,""_target_level"":221.15},""volume"":{""V1_rvol_day"":{""value"":0.6928437097889114,""score"":12.85624731926076},""V2_rvol_sameslot"":{""value"":0.8835691936122085,""score"":25.571279574147237,""status"":""ok""},""V3_breakout_bar"":{""value"":0.5733122682350937,""score"":4.887484549006249},""V4_base_dryup"":{""value"":0.9023565298686499,""score"":59.76434701313501},""V5_bo_expansion"":{""value"":0.6928437097889115,""score"":0},""_score"":20.86},""readiness"":{""_distance_atr"":0.079,""BR1_atr_distance"":{""score"":94.70480494690321},""BR2_compression"":{""score"":13.108473266895238},""BR3_retest"":{""score"":50.0},""BR4_bo_age"":{""score"":50.0},""_score"":58.66},""risk"":{""R1_stop_clarity"":{""score"":0},""R2_stop_distance_pct"":{""value"":7.880747451868642,""score"":100.0},""R3_stop_distance_atr"":{""value"":2.939973974679636,""score"":100.0},""R4_rr_potential"":{""value"":1.9578369523043069,""score"":47.89184761521534},""_score"":54.58},""market"":{""M1_spy_regime"":{""score"":100.0},""M3_earnings_risk"":{""value"":null,""score"":80.0},""M4_vix"":{""value"":null,""score"":60.0},""_score"":84.0},""liquidity"":{""L1_price"":{""value"":220.75,""score"":100.0},""L2_dollar_vol"":{""value"":225715480.7769955,""score"":100.0},""L3_spread_proxy"":{""value"":0.0148131370328425,""score"":85.1868629671575},""L4_volume_zscore"":{""value"":-1.2148829340897696,""score"":100.0},""_score"":98.52},""pattern_structure"":{""n_contractions"":5,""contractions_pct"":[23.78,11.65,5.85,11.91,6.68],""descending_strict"":false,""final_low"":206.45,""final_pivot"":221.22,""structural_low"":206.45,""dry_up_ratio"":0.8915349675622907,""current_price"":220.75,""neckline_distance_pct"":0.002129105322763302,""base_bars"":59,""recent_base_height"":33.59},""pattern_geometry_features"":{""contraction_count"":5.0,""first_contraction_pct"":0.23777911888955952,""last_contraction_pct"":0.0667661151794594,""dry_up_ratio"":0.8915349675622907,""near_monotone"":0.0,""base_depth_pct"":0.16938241802454243},""_schema_version"":""1.0""}",,,,,,,,,,
20260508T185417Z-990aff,2026-05-08T18:54:17.243985+00:00,ADI,ascending_triangle,absent,55.0,100.0,45.7,58.9,59.5,27.4,58.5,45.2,84.0,98.7,15.0,12.8,4.72,8.32,3.28,4.68,1.81,5.04,4.94,True,risk_unclear,416.52,418.75,386.0018,445.62,"{""trend"":{""T1_ema_stack"":{""value"":[true,true,true],""score"":100.0},""T2_ema50_slope"":{""value"":0.48162370998398507,""score"":100},""T3_high_proximity"":{""value"":1.0,""score"":99.99999999999997},""T4_rs_1m"":{""value"":0.10069695519006716,""score"":100},""T5_rs_3m"":{""value"":0.23186544671064024,""score"":100},""T6_adr_healthy"":{""value"":2.48765782593396,""score"":100.0},""_score"":100.0},""geometry"":{""sub_flat_top_quality"":33.3,""sub_hl_slope"":42.4,""sub_compression"":32.0,""sub_duration"":100.0,""_score"":45.71},""compression"":{""VC1_atr_ratio"":{""value"":0.6968564906232573,""score"":75.78587734418568},""VC2_range_contraction"":{""value"":0.9128302093204144,""score"":14.528298446597606},""VC3_range_pct_rank"":{""score"":94.16666666666667},""_score"":58.94},""sr_quality"":{""SR1_touches"":{""value"":6,""score"":100},""SR2_tightness"":{""value"":2.2453462984582164,""score"":61.981255793650405},""SR3_recency"":{""value"":251,""score"":0.0},""SR4_price_location"":{""score"":30.0},""SR5_reaction"":{""value"":1.6884407220391244,""score"":84.42203610195622},""_score"":59.46,""_levels_found"":3,""_target_level"":302.644},""volume"":{""V1_rvol_day"":{""value"":0.4917363189104881,""score"":0},""V2_rvol_sameslot"":{""value"":1.113412823368019,""score"":40.894188224534595,""status"":""ok""},""V3_breakout_bar"":{""value"":0.7456447722969075,""score"":16.376318153127166},""V4_base_dryup"":{""value"":0.7459322013664976,""score"":75.40677986335024},""V5_bo_expansion"":{""value"":0.4917363189104881,""score"":0},""_score"":27.35},""readiness"":{""_distance_atr"":0.189,""BR1_atr_distance"":{""score"":87.41370100484777},""BR2_compression"":{""score"":24.319826684164124},""BR3_retest"":{""score"":50.0},""BR4_bo_age"":{""score"":50.0},""_score"":58.55},""risk"":{""R1_stop_clarity"":{""score"":0.468902125601133},""R2_stop_distance_pct"":{""value"":7.326947085374047,""score"":100.0},""R3_stop_distance_atr"":{""value"":2.583707556012454,""score"":100.0},""R4_rr_potential"":{""value"":0.9535293693599244,""score"":0.0},""_score"":45.16},""market"":{""M1_spy_regime"":{""score"":100.0},""M3_earnings_risk"":{""value"":null,""score"":80.0},""M4_vix"":{""value"":null,""score"":60.0},""_score"":84.0},""liquidity"":{""L1_price"":{""value"":416.52,""score"":100.0},""L2_dollar_vol"":{""value"":650683363.6407546,""score"":100.0},""L3_spread_proxy"":{""value"":0.012556419859790691,""score"":87.4435801402093},""L4_volume_zscore"":{""value"":-1.6049895478214509,""score"":100.0},""_score"":98.74},""pattern_structure"":{""top"":418.75,""top_touches"":2,""low_slope_per_bar"":0.4987883087400689,""lowest_low"":391.88,""structural_low"":391.88,""current_price"":415.955,""neckline_distance_pct"":0.006719476866488,""base_bars"":35},""pattern_geometry_features"":{""top_touches"":2.0,""low_slope"":0.4987883087400689,""compression"":0.15999586835207102,""atr_pct"":0.02835826782455998},""_schema_version"":""1.0""}",,,,,,,,,,
20260508T185417Z-990aff,2026-05-08T18:54:17.243985+00:00,AVGO,cup_with_handle,forming,55.0,100.0,52.2,32.5,60.6,26.8,54.7,64.8,84.0,95.1,14.0,15.67,2.6,7.27,3.49,4.37,3.24,4.2,4.75,True,risk_unclear,427.67,429.31,388.7302,553.96,"{""trend"":{""T1_ema_stack"":{""value"":[true,true,true],""score"":100.0},""T2_ema50_slope"":{""value"":0.5500925604156364,""score"":100},""T3_high_proximity"":{""value"":1.0,""score"":99.99999999999997},""T4_rs_1m"":{""value"":0.12025585629221691,""score"":100},""T5_rs_3m"":{""value"":0.2166711940726631,""score"":100},""T6_adr_healthy"":{""value"":3.031756700275971,""score"":100.0},""_score"":100.0},""geometry"":{""sub_cup_depth"":79.4,""sub_cup_duration"":56.0,""sub_rim_symmetry"":29.1,""sub_handle_shallowness"":32.7,""sub_handle_proportion"":100.0,""sub_u_shape"":37.4,""_score"":52.25},""compression"":{""VC1_atr_ratio"":{""value"":0.7142541842644944,""score"":71.4364539338764},""VC2_range_contraction"":{""value"":1.1240633830718472,""score"":0},""VC3_range_pct_rank"":{""score"":15.833333333333332},""_score"":32.53},""sr_quality"":{""SR1_touches"":{""value"":5,""score"":100},""SR2_tightness"":{""value"":3.5435157682731018,""score"":54.067641570295244},""SR3_recency"":{""value"":265,""score"":0.0},""SR4_price_location"":{""score"":30.0},""SR5_reaction"":{""value"":1.9977589916017728,""score"":99.88794958008864},""_score"":60.59,""_levels_found"":5,""_target_level"":355.776},""volume"":{""V1_rvol_day"":{""value"":0.6648267693260822,""score"":10.98845128840548},""V2_rvol_sameslot"":{""value"":1.0646696176251345,""score"":37.644641175008964,""status"":""ok""},""V3_breakout_bar"":{""value"":0.6437950910760396,""score"":9.586339405069307},""V4_base_dryup"":{""value"":0.7654041506826293,""score"":73.45958493173707},""V5_bo_expansion"":{""value"":0.6648267693260822,""score"":0},""_score"":26.82},""readiness"":{""_distance_atr"":0.106,""BR1_atr_distance"":{""score"":92.9139050262666},""BR2_compression"":{""score"":0},""BR3_retest"":{""score"":50.0},""BR4_bo_age"":{""score"":50.0},""_score"":54.67},""risk"":{""R1_stop_clarity"":{""score"":23.266016974221756},""R2_stop_distance_pct"":{""value"":9.105092711670226,""score"":72.37268220824436},""R3_stop_distance_atr"":{""value"":2.5237570129887597,""score"":100.0},""R4_rr_potential"":{""value"":3.24321548032537,""score"":100.0},""_score"":64.85},""market"":{""M1_spy_regime"":{""score"":100.0},""M3_earnings_risk"":{""value"":null,""score"":80.0},""M4_vix"":{""value"":null,""score"":60.0},""_score"":84.0},""liquidity"":{""L1_price"":{""value"":427.67,""score"":100.0},""L2_dollar_vol"":{""value"":5716982238.617591,""score"":100.0},""L3_spread_proxy"":{""value"":0.049103280566792154,""score"":50.89671943320785},""L4_volume_zscore"":{""value"":-1.5175392017201346,""score"":100.0},""_score"":95.09},""pattern_structure"":{""left_rim"":414.61,""left_rim_idx"":77,""cup_bottom"":289.96,""cup_bottom_idx"":151,""right_rim"":429.31,""right_rim_idx"":168,""handle_low"":394.65,""handle_bars"":11,""cup_bars"":91,""structural_low"":394.65,""current_price"":427.67,""neckline_distance_pct"":0.0038347323871208787,""base_bars"":102},""pattern_geometry_features"":{""cup_depth_pct"":0.3006439786787584,""rim_symmetry_pct"":0.03545500590916762,""handle_depth_pct"":0.0807342013929329,""handle_to_cup_ratio"":0.12087912087912088,""cup_duration_bars"":91.0,""atr_pct"":0.03607753307790721,""u_shape_score"":0.18681318681318682},""_schema_version"":""1.0""}",,,,,,,,,,
20260508T185417Z-990aff,2026-05-08T18:54:17.243985+00:00,NVDA,bull_flag,forming,55.0,99.1,76.1,43.2,49.7,17.1,55.8,62.3,84.0,97.7,13.87,22.84,3.88,4.97,2.4,5.02,1.87,5.04,4.89,True,risk_unclear,215.35,217.8,211.0953,240.86,"{""trend"":{""T1_ema_stack"":{""value"":[true,true,true],""score"":100.0},""T2_ema50_slope"":{""value"":0.3042701433928385,""score"":100},""T3_high_proximity"":{""value"":0.9941830940399796,""score"":97.09154701998979},""T4_rs_1m"":{""value"":0.08619931914036028,""score"":100},""T5_rs_3m"":{""value"":0.09354824979175658,""score"":96.77412489587829},""T6_adr_healthy"":{""value"":2.99355352540353,""score"":100.0},""_score"":99.08},""geometry"":{""sub_pole_impulse"":61.6,""sub_flag_tightness"":81.3,""sub_flag_shallowness"":72.9,""sub_flag_drift"":93.3,""sub_flag_duration"":87.5,""_score"":76.13},""compression"":{""VC1_atr_ratio"":{""value"":0.7329340476942084,""score"":66.76648807644789},""VC2_range_contraction"":{""value"":1.364093952904114,""score"":0},""VC3_range_pct_rank"":{""score"":65.83333333333333},""_score"":43.16},""sr_quality"":{""SR1_touches"":{""value"":3,""score"":50.0},""SR2_tightness"":{""value"":0.6923362108750947,""score"":81.19064150865334},""SR3_recency"":{""value"":234,""score"":0.0},""SR4_price_location"":{""score"":30.0},""SR5_reaction"":{""value"":3.126320637489576,""score"":100},""_score"":49.68,""_levels_found"":5,""_target_level"":196.9502},""volume"":{""V1_rvol_day"":{""value"":0.6304544161296208,""score"":8.696961075308057},""V2_rvol_sameslot"":{""value"":0.7128509509238312,""score"":14.190063394922081,""status"":""ok""},""V3_breakout_bar"":{""value"":0.42421221028640194,""score"":0},""V4_base_dryup"":{""value"":0.8735433359105558,""score"":62.64566640894442},""V5_bo_expansion"":{""value"":0.6304544161296208,""score"":0},""_score"":17.11},""readiness"":{""_distance_atr"":0.333,""BR1_atr_distance"":{""score"":77.81283737586008},""BR2_compression"":{""score"":28.58209388015428},""BR3_retest"":{""score"":50.0},""BR4_bo_age"":{""score"":50.0},""_score"":55.77},""risk"":{""R1_stop_clarity"":{""score"":12.66453592282734},""R2_stop_distance_pct"":{""value"":1.9756907360111438,""score"":99.3922684002786},""R3_stop_distance_atr"":{""value"":0.5779506824007928,""score"":53.89753412003964},""R4_rr_potential"":{""value"":5.995792838423849,""score"":100.0},""_score"":62.33},""market"":{""M1_spy_regime"":{""score"":100.0},""M3_earnings_risk"":{""value"":null,""score"":80.0},""M4_vix"":{""value"":null,""score"":60.0},""_score"":84.0},""liquidity"":{""L1_price"":{""value"":215.35,""score"":100.0},""L2_dollar_vol"":{""value"":20114096825.60794,""score"":100.0},""L3_spread_proxy"":{""value"":0.02280009287206884,""score"":77.19990712793116},""L4_volume_zscore"":{""value"":-1.4207239824621463,""score"":100.0},""_score"":97.72},""pattern_structure"":{""pole_low"":194.74,""pole_low_idx"":32,""peak_price"":217.8,""peak_idx"":55,""pole_gain"":0.11841429598438945,""flag_bars"":4,""flag_low"":214.31,""flag_high"":217.2,""structural_low"":214.31,""current_price"":215.363,""neckline_distance_pct"":0.011315778476340002,""base_bars"":4},""pattern_geometry_features"":{""pole_gain"":0.11841429598438945,""pullback_pct"":0.016023875114784248,""flag_range_pct"":0.013269054178145024,""flag_drift_per_bar"":-0.0013493497025951907,""atr_pct"":0.03418441739361174,""pole_atr_multiple"":3.4639846167604507},""_schema_version"":""1.0""}",,,,,,,,,,
20260508T185417Z-990aff,2026-05-08T18:54:17.243985+00:00,TER,double_bottom,forming,54.85,70.2,71.9,15.6,38.6,16.5,43.8,69.8,84.0,96.2,10.52,17.98,1.25,5.41,2.14,3.5,4.19,5.04,4.81,False,,363.245,382.48,331.6002,428.31,"{""trend"":{""T1_ema_stack"":{""value"":[true,true,true],""score"":100.0},""T2_ema50_slope"":{""value"":0.5420708413104012,""score"":100},""T3_high_proximity"":{""value"":0.8688408916953694,""score"":34.42044584768467},""T4_rs_1m"":{""value"":-0.08740343478491097,""score"":0},""T5_rs_3m"":{""value"":0.14244114975069522,""score"":100},""T6_adr_healthy"":{""value"":4.922308077870324,""score"":100.0},""_score"":70.16},""geometry"":{""sub_low_similarity"":47.8,""sub_bounce_quality"":100,""sub_separation_fit"":100.0,""sub_right_bottom_reaction"":17.3,""sub_base_context"":100.0,""_score"":71.94},""compression"":{""VC1_atr_ratio"":{""value"":1.2001073680183945,""score"":0},""VC2_range_contraction"":{""value"":1.5612231740380809,""score"":0},""VC3_range_pct_rank"":{""score"":62.5},""_score"":15.62},""sr_quality"":{""SR1_touches"":{""value"":2,""score"":25.0},""SR2_tightness"":{""value"":3.520849999999996,""score"":74.59636761128223},""SR3_recency"":{""value"":240,""score"":0.0},""SR4_price_location"":{""score"":30.0},""SR5_reaction"":{""value"":1.6573004797849462,""score"":82.8650239892473},""_score"":38.62,""_levels_found"":7,""_target_level"":348.4359},""volume"":{""V1_rvol_day"":{""value"":0.45710803721799,""score"":0},""V2_rvol_sameslot"":{""value"":1.005146896835466,""score"":33.676459789031064,""status"":""ok""},""V3_breakout_bar"":{""value"":0.5828184809529153,""score"":5.521232063527689},""V4_base_dryup"":{""value"":1.0821184795927414,""score"":41.788152040725855},""V5_bo_expansion"":{""value"":0.4571080372179901,""score"":0},""_score"":16.47},""readiness"":{""_distance_atr"":0.694,""BR1_atr_distance"":{""score"":53.738550918387396},""BR2_compression"":{""score"":19.109197922406228},""BR3_retest"":{""score"":50.0},""BR4_bo_age"":{""score"":50.0},""_score"":43.77},""risk"":{""R1_stop_clarity"":{""score"":63.5650502989539},""R2_stop_distance_pct"":{""value"":8.711682197965573,""score"":82.20794505086069},""R3_stop_distance_atr"":{""value"":1.141615797368361,""score"":82.08078986841805},""R4_rr_potential"":{""value"":2.056107253177856,""score"":52.8053626588928},""_score"":69.78},""market"":{""M1_spy_regime"":{""score"":100.0},""M3_earnings_risk"":{""value"":null,""score"":80.0},""M4_vix"":{""value"":null,""score"":60.0},""_score"":84.0},""liquidity"":{""L1_price"":{""value"":363.245,""score"":100.0},""L2_dollar_vol"":{""value"":605206961.3132309,""score"":100.0},""L3_spread_proxy"":{""value"":0.03752288400390919,""score"":62.47711599609081},""L4_volume_zscore"":{""value"":-0.743674525128587,""score"":100.0},""_score"":96.25},""pattern_structure"":{""left_low"":336.65,""left_idx"":45,""right_low"":345.56,""right_idx"":74,""separation_bars"":29,""structural_low"":336.65,""current_price"":364.255,""neckline_distance_pct"":0.0500336302864752,""base_bars"":29},""pattern_geometry_features"":{""low_similarity_pct"":0.026120989138241964,""bounce_pct"":0.13613545225011153,""right_bottom_reaction"":0.1732851985559507,""atr_pct"":0.07631010553679826},""_schema_version"":""1.0""}",,,,,,,,,,
20260508T185417Z-990aff,2026-05-08T18:54:17.243985+00:00,TTWO,double_bottom,absent,54.85,76.8,43.7,63.6,60.9,23.8,32.5,52.4,84.0,98.5,11.51,10.92,5.09,8.52,3.09,2.6,3.14,5.04,4.93,True,risk_unclear,220.75,227.02,208.0911,242.78,"{""trend"":{""T1_ema_stack"":{""value"":[true,true,false],""score"":66.66666666666666},""T2_ema50_slope"":{""value"":0.10591807329851327,""score"":67.65301221641889},""T3_high_proximity"":{""value"":0.9803268496314059,""score"":90.16342481570294},""T4_rs_1m"":{""value"":0.02986365634600996,""score"":79.86365634600996},""T5_rs_3m"":{""value"":0.060704719822721076,""score"":80.35235991136054},""T6_adr_healthy"":{""value"":2.6695341025776003,""score"":100.0},""_score"":76.75},""geometry"":{""sub_low_similarity"":21.6,""sub_bounce_quality"":63.7,""sub_separation_fit"":0.0,""sub_right_bottom_reaction"":29.7,""sub_base_context"":100.0,""_score"":43.68},""compression"":{""VC1_atr_ratio"":{""value"":0.42492589270751413,""score"":100},""VC2_range_contraction"":{""value"":0.9704550889446363,""score"":4.9241518425606206},""VC3_range_pct_rank"":{""score"":87.5},""_score"":63.6},""sr_quality"":{""SR1_touches"":{""value"":2,""score"":25.0},""SR2_tightness"":{""value"":0.06999999999999318,""score"":97.63406178478677},""SR3_recency"":{""value"":235,""score"":0.0},""SR4_price_location"":{""score"":94.92707672796443},""SR5_reaction"":{""value"":2.3701631048834897,""score"":100},""_score"":60.88,""_levels_found"":6,""_target_level"":221.15},""volume"":{""V1_rvol_day"":{""value"":0.6928437097889114,""score"":12.85624731926076},""V2_rvol_sameslot"":{""value"":0.8835691936122085,""score"":25.571279574147237,""status"":""ok""},""V3_breakout_bar"":{""value"":0.5733122682350937,""score"":4.887484549006249},""V4_base_dryup"":{""value"":0.75663122875107,""score"":74.336877124893},""V5_bo_expansion"":{""value"":0.6928437097889115,""score"":0},""_score"":23.77},""readiness"":{""_distance_atr"":1.06,""BR1_atr_distance"":{""score"":29.359844717197873},""BR2_compression"":{""score"":13.108473266895238},""BR3_retest"":{""score"":50.0},""BR4_bo_age"":{""score"":50.0},""_score"":32.52},""risk"":{""R1_stop_clarity"":{""score"":0},""R2_stop_distance_pct"":{""value"":5.734496036240098,""score"":100.0},""R3_stop_distance_atr"":{""value"":2.1392982337546975,""score"":100.0},""R4_rr_potential"":{""value"":1.740277591259904,""score"":37.0138795629952},""_score"":52.4},""market"":{""M1_spy_regime"":{""score"":100.0},""M3_earnings_risk"":{""value"":null,""score"":80.0},""M4_vix"":{""value"":null,""score"":60.0},""_score"":84.0},""liquidity"":{""L1_price"":{""value"":220.75,""score"":100.0},""L2_dollar_vol"":{""value"":225715480.7769955,""score"":100.0},""L3_spread_proxy"":{""value"":0.0148131370328425,""score"":85.1868629671575},""L4_volume_zscore"":{""value"":-1.2148829340897696,""score"":100.0},""_score"":98.52},""pattern_structure"":{""left_low"":211.26,""left_idx"":27,""right_low"":219.71,""right_idx"":75,""separation_bars"":48,""structural_low"":211.26,""current_price"":221.0,""neckline_distance_pct"":0.027239819004524934,""base_bars"":48},""pattern_geometry_features"":{""low_similarity_pct"":0.03921386639441268,""bounce_pct"":0.07460001893401505,""right_bottom_reaction"":0.2966360856269126,""atr_pct"":0.026805500728037543},""_schema_version"":""1.0""}",,,,,,,,,,
20260508T185417Z-990aff,2026-05-08T18:54:17.243985+00:00,TSM,double_bottom,absent,54.76,94.8,46.8,45.2,42.9,21.5,37.6,59.6,84.0,96.1,14.22,11.7,3.62,6.0,2.8,3.01,3.57,5.04,4.8,True,risk_unclear,408.7401,420.0,394.394,439.6,"{""trend"":{""T1_ema_stack"":{""value"":[true,true,true],""score"":100.0},""T2_ema50_slope"":{""value"":0.33253056337145626,""score"":100},""T3_high_proximity"":{""value"":0.9743506555423123,""score"":87.1753277711561},""T4_rs_1m"":{""value"":0.03358070007510605,""score"":83.58070007510605},""T5_rs_3m"":{""value"":0.10374694491642256,""score"":100},""T6_adr_healthy"":{""value"":2.9856688800509965,""score"":100.0},""_score"":94.79},""geometry"":{""sub_low_similarity"":61.9,""sub_bounce_quality"":27.1,""sub_separation_fit"":0.0,""sub_right_bottom_reaction"":18.7,""sub_base_context"":100.0,""_score"":46.8},""compression"":{""VC1_atr_ratio"":{""value"":0.5463675501584859,""score"":100},""VC2_range_contraction"":{""value"":1.1164648090404823,""score"":0},""VC3_range_pct_rank"":{""score"":20.833333333333336},""_score"":45.21},""sr_quality"":{""SR1_touches"":{""value"":2,""score"":25.0},""SR2_tightness"":{""value"":1.0800000000000125,""score"":85.70660828307706},""SR3_recency"":{""value"":241,""score"":0.0},""SR4_price_location"":{""score"":30.0},""SR5_reaction"":{""value"":2.6307119801215966,""score"":100},""_score"":42.86,""_levels_found"":5,""_target_level"":381.08},""volume"":{""V1_rvol_day"":{""value"":0.8984107662672546,""score"":26.560717751150303},""V2_rvol_sameslot"":{""value"":1.0623733011075747,""score"":37.491553407171644,""status"":""ok""},""V3_breakout_bar"":{""value"":0.5148508947955882,""score"":0.990059653039214},""V4_base_dryup"":{""value"":1.0764917336731463,""score"":42.35082663268537},""V5_bo_expansion"":{""value"":0.8984107662672546,""score"":0},""_score"":21.53},""readiness"":{""_distance_atr"":0.745,""BR1_atr_distance"":{""score"":50.326493397105246},""BR2_compression"":{""score"":0},""BR3_retest"":{""score"":50.0},""BR4_bo_age"":{""score"":50.0},""_score"":37.63},""risk"":{""R1_stop_clarity"":{""score"":20.51286050755685},""R2_stop_distance_pct"":{""value"":3.5098342443034185,""score"":100.0},""R3_stop_distance_atr"":{""value"":0.9493260505099368,""score"":72.46630252549684},""R4_rr_potential"":{""value"":2.1511002990359724,""score"":57.555014951798626},""_score"":59.56},""market"":{""M1_spy_regime"":{""score"":100.0},""M3_earnings_risk"":{""value"":null,""score"":80.0},""M4_vix"":{""value"":null,""score"":60.0},""_score"":84.0},""liquidity"":{""L1_price"":{""value"":408.7401,""score"":100.0},""L2_dollar_vol"":{""value"":5266740873.720045,""score"":100.0},""L3_spread_proxy"":{""value"":0.03943826407049371,""score"":60.56173592950629},""L4_volume_zscore"":{""value"":-0.3384033169589213,""score"":100.0},""_score"":96.06},""pattern_structure"":{""left_low"":400.4,""left_idx"":22,""right_low"":408.11,""right_idx"":72,""separation_bars"":50,""structural_low"":400.4,""current_price"":409.6499,""neckline_distance_pct"":0.025265720802080015,""base_bars"":50},""pattern_geometry_features"":{""low_similarity_pct"":0.01907212032009508,""bounce_pct"":0.04895104895104901,""right_bottom_reaction"":0.1868029739776945,""atr_pct"":0.03697185221471683},""_schema_version"":""1.0""}",,,,,,,,,,
20260508T185417Z-990aff,2026-05-08T18:54:17.243985+00:00,UEC,inverse_head_shoulders,forming,54.57,64.6,65.5,51.3,47.5,9.5,42.6,71.3,84.0,90.2,7.75,18.34,4.11,6.65,1.32,3.41,4.28,4.2,4.51,False,,15.157,15.8,13.9181,17.47,"{""trend"":{""T1_ema_stack"":{""value"":[true,true,true],""score"":100.0},""T2_ema50_slope"":{""value"":0.11919014340890748,""score"":69.86502390148458},""T3_high_proximity"":{""value"":0.8863742690058479,""score"":43.18713450292394},""T4_rs_1m"":{""value"":0.020789534496783668,""score"":70.78953449678366},""T5_rs_3m"":{""value"":-0.12767116762706032,""score"":0},""T6_adr_healthy"":{""value"":6.766025701883657,""score"":100.0},""_score"":64.61},""geometry"":{""sub_head_depth"":67.4,""sub_shoulder_price_sym"":38.1,""sub_shoulder_time_sym"":55.6,""sub_right_shoulder_reaction"":86.3,""sub_base_context"":100.0,""_score"":65.51},""compression"":{""VC1_atr_ratio"":{""value"":0.6262357804997044,""score"":93.44105487507389},""VC2_range_contraction"":{""value"":1.114967952877674,""score"":0},""VC3_range_pct_rank"":{""score"":55.833333333333336},""_score"":51.33},""sr_quality"":{""SR1_touches"":{""value"":2,""score"":25.0},""SR2_tightness"":{""value"":0.21999999999999975,""score"":61.89156417807038},""SR3_recency"":{""value"":238,""score"":0.0},""SR4_price_location"":{""score"":74.87370380218039},""SR5_reaction"":{""value"":1.595790750043304,""score"":79.7895375021652},""_score"":47.47,""_levels_found"":5,""_target_level"":15.4},""volume"":{""V1_rvol_day"":{""value"":0.5158101113388945,""score"":1.0540074225929694},""V2_rvol_sameslot"":{""value"":0.6943315369886941,""score"":12.955435799246274,""status"":""ok""},""V3_breakout_bar"":{""value"":0.4309506606256683,""score"":0},""V4_base_dryup"":{""value"":1.1670900691787325,""score"":33.29099308212675},""V5_bo_expansion"":{""value"":0.5158101113388945,""score"":0},""_score"":9.46},""readiness"":{""_distance_atr"":0.557,""BR1_atr_distance"":{""score"":62.87314510075637},""BR2_compression"":{""score"":0},""BR3_retest"":{""score"":50.0},""BR4_bo_age"":{""score"":50.0},""_score"":42.65},""risk"":{""R1_stop_clarity"":{""score"":63.285986488827334},""R2_stop_distance_pct"":{""value"":8.174110971828192,""score"":95.64722570429521},""R3_stop_distance_atr"":{""value"":1.0730556036722665,""score"":78.65278018361333},""R4_rr_potential"":{""value"":1.8669034262883897,""score"":43.34517131441948},""_score"":71.31},""market"":{""M1_spy_regime"":{""score"":100.0},""M3_earnings_risk"":{""value"":null,""score"":80.0},""M4_vix"":{""value"":null,""score"":60.0},""_score"":84.0},""liquidity"":{""L1_price"":{""value"":15.157,""score"":100.0},""L2_dollar_vol"":{""value"":68245456.7614111,""score"":91.70368724049358},""L3_spread_proxy"":{""value"":0.0653163554793165,""score"":34.6836445206835},""L4_volume_zscore"":{""value"":-2.0498774312006405,""score"":100.0},""_score"":90.15},""pattern_structure"":{""left_shoulder"":14.465,""left_shoulder_idx"":73,""head"":14.13,""head_idx"":82,""right_shoulder"":15.2,""right_shoulder_idx"":89,""left_to_head_bars"":9,""head_to_right_bars"":7,""structural_low"":14.13,""current_price"":15.24,""neckline_distance_pct"":0.036745406824147016,""base_bars"":16},""pattern_geometry_features"":{""head_depth_pct"":0.04736221136018869,""shoulder_price_asymmetry"":0.049553345693578256,""shoulder_time_asymmetry"":0.2222222222222222,""right_shoulder_reaction"":0.8630952380952399,""atr_pct"":0.07617602427921094},""_schema_version"":""1.0""}",,,,,,,,,,
20260508T185417Z-990aff,2026-05-08T18:54:17.243985+00:00,STM,ascending_triangle,breakout_confirmed,54.51,100.0,50.5,11.6,44.0,14.4,57.5,53.7,84.0,95.4,15.0,14.13,0.93,6.17,1.73,4.6,2.15,5.04,4.77,False,,58.775,58.01,53.7908,61.41,"{""trend"":{""T1_ema_stack"":{""value"":[true,true,true],""score"":100.0},""T2_ema50_slope"":{""value"":0.8569505092470278,""score"":100},""T3_high_proximity"":{""value"":1.0,""score"":99.99999999999997},""T4_rs_1m"":{""value"":0.4169068406788967,""score"":100},""T5_rs_3m"":{""value"":0.9010800117603648,""score"":100},""T6_adr_healthy"":{""value"":3.543048582828871,""score"":100.0},""_score"":100.0},""geometry"":{""sub_flat_top_quality"":33.3,""sub_hl_slope"":84.9,""sub_compression"":0,""sub_duration"":100.0,""_score"":50.46},""compression"":{""VC1_atr_ratio"":{""value"":0.9153997910541454,""score"":21.150052236463658},""VC2_range_contraction"":{""value"":1.1175043617610179,""score"":0},""VC3_range_pct_rank"":{""score"":12.5},""_score"":11.59},""sr_quality"":{""SR1_touches"":{""value"":3,""score"":50.0},""SR2_tightness"":{""value"":0.19510680835549116,""score"":84.54380921218346},""SR3_recency"":{""value"":265,""score"":0.0},""SR4_price_location"":{""score"":30.0},""SR5_reaction"":{""value"":1.183005611354742,""score"":59.1502805677371},""_score"":44.05,""_levels_found"":4,""_target_level"":34.86},""volume"":{""V1_rvol_day"":{""value"":0.6231359113383582,""score"":8.209060755890548},""V2_rvol_sameslot"":{""value"":1.0675931933637697,""score"":37.839546224251315,""status"":""ok""},""V3_breakout_bar"":{""value"":0.6928938563989654,""score"":12.859590426597691},""V4_base_dryup"":{""value"":1.4014408547061847,""score"":9.855914529381522},""V5_bo_expansion"":{""value"":0.6231359113383583,""score"":0},""_score"":14.4},""readiness"":{""_distance_atr"":-0.303,""BR1_atr_distance"":{""score"":100.0},""BR2_compression"":{""score"":0},""BR3_retest"":{""score"":50.0},""BR4_bo_age"":{""score"":50.0},""_score"":57.5},""risk"":{""R1_stop_clarity"":{""score"":35.10765313339928},""R2_stop_distance_pct"":{""value"":8.480051042109741,""score"":87.99872394725648},""R3_stop_distance_atr"":{""value"":1.9742000282925458,""score"":100.0},""R4_rr_potential"":{""value"":0.5286759026112774,""score"":0.0},""_score"":53.69},""market"":{""M1_spy_regime"":{""score"":100.0},""M3_earnings_risk"":{""value"":null,""score"":80.0},""M4_vix"":{""value"":null,""score"":60.0},""_score"":84.0},""liquidity"":{""L1_price"":{""value"":58.775,""score"":100.0},""L2_dollar_vol"":{""value"":447207660.01980156,""score"":100.0},""L3_spread_proxy"":{""value"":0.04593789876648228,""score"":54.06210123351772},""L4_volume_zscore"":{""value"":-0.9363287752162209,""score"":100.0},""_score"":95.41},""pattern_structure"":{""top"":58.01,""top_touches"":2,""low_slope_per_bar"":0.13914695945945996,""lowest_low"":54.61,""structural_low"":54.61,""current_price"":58.71,""neckline_distance_pct"":-0.011923011412025257,""base_bars"":52},""pattern_geometry_features"":{""top_touches"":2.0,""low_slope"":0.13914695945945996,""compression"":-0.07180159173684264,""atr_pct"":0.04295436592331529},""_schema_version"":""1.0""}",,,,,,,,,,
20260508T185417Z-990aff,2026-05-08T18:54:17.243985+00:00,SIRI,ascending_triangle,absent,54.44,96.5,44.3,51.5,49.4,10.9,38.0,66.9,84.0,88.9,14.48,12.41,4.12,6.92,1.31,3.04,2.68,5.04,4.45,False,,26.765,27.81,25.5263,29.705,"{""trend"":{""T1_ema_stack"":{""value"":[true,true,true],""score"":100.0},""T2_ema50_slope"":{""value"":0.4606489139356299,""score"":100},""T3_high_proximity"":{""value"":0.953848895224519,""score"":76.92444761225947},""T4_rs_1m"":{""value"":0.05758501729343779,""score"":100},""T5_rs_3m"":{""value"":0.16661625694693738,""score"":100},""T6_adr_healthy"":{""value"":3.9194404142101846,""score"":100.0},""_score"":96.54},""geometry"":{""sub_flat_top_quality"":66.7,""sub_hl_slope"":9.9,""sub_compression"":25.4,""sub_duration"":100.0,""_score"":44.33},""compression"":{""VC1_atr_ratio"":{""value"":0.3522354292426286,""score"":100},""VC2_range_contraction"":{""value"":1.021064067821751,""score"":0},""VC3_range_pct_rank"":{""score"":45.833333333333336},""_score"":51.46},""sr_quality"":{""SR1_touches"":{""value"":4,""score"":75.0},""SR2_tightness"":{""value"":0.26432401990738585,""score"":54.04459166212268},""SR3_recency"":{""value"":244,""score"":0.0},""SR4_price_location"":{""score"":30.0},""SR5_reaction"":{""value"":1.5083670187334293,""score"":75.41835093667146},""_score"":49.42,""_levels_found"":4,""_target_level"":23.1438},""volume"":{""V1_rvol_day"":{""value"":0.22103506431297743,""score"":0},""V2_rvol_sameslot"":{""value"":0.23932077254409248,""score"":0,""status"":""ok""},""V3_breakout_bar"":{""value"":0.36001694997385425,""score"":0},""V4_base_dryup"":{""value"":0.955209230166188,""score"":54.479076983381205},""V5_bo_expansion"":{""value"":0.2210350643129774,""score"":0},""_score"":10.9},""readiness"":{""_distance_atr"":0.908,""BR1_atr_distance"":{""score"":39.43872154851432},""BR2_compression"":{""score"":18.952956729055543},""BR3_retest"":{""score"":50.0},""BR4_bo_age"":{""score"":50.0},""_score"":38.01},""risk"":{""R1_stop_clarity"":{""score"":32.416221150084596},""R2_stop_distance_pct"":{""value"":4.628152437885307,""score"":100.0},""R3_stop_distance_atr"":{""value"":1.0768244447342135,""score"":78.84122223671068},""R4_rr_potential"":{""value"":2.3734081414357444,""score"":68.67040707178722},""_score"":66.91},""market"":{""M1_spy_regime"":{""score"":100.0},""M3_earnings_risk"":{""value"":null,""score"":80.0},""M4_vix"":{""value"":null,""score"":60.0},""_score"":84.0},""liquidity"":{""L1_price"":{""value"":26.765,""score"":100.0},""L2_dollar_vol"":{""value"":37711117.232833385,""score"":78.82346995211216},""L3_spread_proxy"":{""value"":0.026149822529422734,""score"":73.85017747057726},""L4_volume_zscore"":{""value"":-1.41565473328119,""score"":100.0},""_score"":88.91},""pattern_structure"":{""top"":27.81,""top_touches"":3,""low_slope_per_bar"":0.00771995708154495,""lowest_low"":25.915,""structural_low"":25.915,""current_price"":26.785,""neckline_distance_pct"":0.03826768713832363,""base_bars"":48},""pattern_geometry_features"":{""top_touches"":3.0,""low_slope"":0.00771995708154495,""compression"":0.12695526679128788,""atr_pct"":0.04297963758640014},""_schema_version"":""1.0""}",,,,,,,,,,
20260508T185417Z-990aff,2026-05-08T18:54:17.243985+00:00,CW,double_bottom,forming,54.4,70.4,51.4,64.1,64.0,17.0,36.6,53.6,84.0,70.2,10.56,12.85,5.13,8.96,2.2,2.93,3.21,5.04,3.51,True,risk_unclear,729.15,750.0,683.8658,805.72,"{""trend"":{""T1_ema_stack"":{""value"":[true,true,true],""score"":100.0},""T2_ema50_slope"":{""value"":0.15464056675341425,""score"":75.77342779223571},""T3_high_proximity"":{""value"":0.9815046642167751,""score"":90.7523321083875},""T4_rs_1m"":{""value"":-0.07557764790674404,""score"":0},""T5_rs_3m"":{""value"":0.05501228942417202,""score"":77.50614471208601},""T6_adr_healthy"":{""value"":2.7715132322391764,""score"":100.0},""_score"":70.39},""geometry"":{""sub_low_similarity"":29.2,""sub_bounce_quality"":71.8,""sub_separation_fit"":26.7,""sub_right_bottom_reaction"":28.6,""sub_base_context"":100.0,""_score"":51.41},""compression"":{""VC1_atr_ratio"":{""value"":0.43999667332479964,""score"":100},""VC2_range_contraction"":{""value"":0.88303629100367,""score"":19.493951499388338},""VC3_range_pct_rank"":{""score"":69.16666666666667},""_score"":64.11},""sr_quality"":{""SR1_touches"":{""value"":5,""score"":100},""SR2_tightness"":{""value"":2.57040347027466,""score"":76.48808984357673},""SR3_recency"":{""value"":239,""score"":0.0},""SR4_price_location"":{""score"":30.0},""SR5_reaction"":{""value"":2.6184451971982257,""score"":100},""_score"":63.97,""_levels_found"":7,""_target_level"":713.366},""volume"":{""V1_rvol_day"":{""value"":0.49943919714069507,""score"":0},""V2_rvol_sameslot"":{""value"":0.8221890734793709,""score"":21.47927156529139,""status"":""ok""},""V3_breakout_bar"":{""value"":0.5343230916056061,""score"":2.2882061070404065},""V4_base_dryup"":{""value"":0.8952349349734242,""score"":60.47650650265758},""V5_bo_expansion"":{""value"":0.49943919714069523,""score"":0},""_score"":16.96},""readiness"":{""_distance_atr"":0.954,""BR1_atr_distance"":{""score"":36.42718838623379},""BR2_compression"":{""score"":18.15307958980354},""BR3_retest"":{""score"":50.0},""BR4_bo_age"":{""score"":50.0},""_score"":36.61},""risk"":{""R1_stop_clarity"":{""score"":4.739571984447963},""R2_stop_distance_pct"":{""value"":6.210546526777763,""score"":100.0},""R3_stop_distance_atr"":{""value"":2.071110730705117,""score"":100.0},""R4_rr_potential"":{""value"":1.6908767296319678,""score"":34.54383648159839},""_score"":53.57},""market"":{""M1_spy_regime"":{""score"":100.0},""M3_earnings_risk"":{""value"":null,""score"":80.0},""M4_vix"":{""value"":null,""score"":60.0},""_score"":84.0},""liquidity"":{""L1_price"":{""value"":729.15,""score"":0.0},""L2_dollar_vol"":{""value"":78693902.7908991,""score"":94.79705422478429},""L3_spread_proxy"":{""value"":0.026770760474524986,""score"":73.22923952547501},""L4_volume_zscore"":{""value"":-1.3724480621030892,""score"":100.0},""_score"":70.24},""pattern_structure"":{""left_low"":694.28,""left_idx"":33,""right_low"":719.31,""right_idx"":74,""separation_bars"":41,""structural_low"":694.28,""current_price"":730.17,""neckline_distance_pct"":0.027158059082131616,""base_bars"":41},""pattern_geometry_features"":{""low_similarity_pct"":0.035413380117289985,""bounce_pct"":0.08025580457452329,""right_bottom_reaction"":0.28649305555555743,""atr_pct"":0.029986549896650675},""_schema_version"":""1.0""}",,,,,,,,,,
20260508T185417Z-990aff,2026-05-08T18:54:17.243985+00:00,WULF,breakout_retest_hold,setup,54.21,93.6,50.7,30.8,53.9,19.4,44.2,63.8,84.0,90.0,13.1,11.16,1.85,7.55,2.52,7.95,3.19,4.2,2.7,False,,23.53,22.625,22.5127,23.3632,"{""trend"":{""T1_ema_stack"":{""value"":[true,true,true],""score"":100.0},""T2_ema50_slope"":{""value"":0.6834054753453561,""score"":100},""T3_high_proximity"":{""value"":0.9141414141414143,""score"":57.07070707070711},""T4_rs_1m"":{""value"":0.15171486909649645,""score"":100},""T5_rs_3m"":{""value"":0.5786743046617744,""score"":100},""T6_adr_healthy"":{""value"":7.036471926846962,""score"":100.0},""_score"":93.56},""geometry"":{""sub_retest_depth"":34.9,""sub_retest_timing"":0.0,""sub_retest_freshness"":100.0,""sub_hold_quality"":67.5,""_score"":50.72},""compression"":{""VC1_atr_ratio"":{""value"":0.7599704313272655,""score"":60.00739216818363},""VC2_range_contraction"":{""value"":0.937135010950217,""score"":10.477498174963833},""VC3_range_pct_rank"":{""score"":12.5},""_score"":30.8},""sr_quality"":{""SR1_touches"":{""value"":4,""score"":75.0},""SR2_tightness"":{""value"":0.341192760767283,""score"":59.31209810396248},""SR3_recency"":{""value"":239,""score"":0.0},""SR4_price_location"":{""score"":30.0},""SR5_reaction"":{""value"":2.1934905471534982,""score"":100},""_score"":53.9,""_levels_found"":6,""_target_level"":18.05},""volume"":{""V1_rvol_day"":{""value"":0.8269066822484388,""score"":21.793778816562583},""V2_rvol_sameslot"":{""value"":0.791874214267695,""score"":19.458280951179667,""status"":""ok""},""V3_breakout_bar"":{""value"":0.46019445674867204,""score"":0},""V4_base_dryup"":{""value"":0.943103163754143,""score"":55.6896836245857},""V5_bo_expansion"":{""value"":0.826906682248439,""score"":0},""_score"":19.39},""readiness"":{""_distance_atr"":-0.54,""BR1_atr_distance"":{""score"":49.207698565143495},""BR2_compression"":{""score"":0},""BR3_retest"":{""score"":100},""BR4_bo_age"":{""score"":30.0},""_score"":44.18},""risk"":{""R1_stop_clarity"":{""score"":72.88198741891928},""R2_stop_distance_pct"":{""value"":4.323421164470887,""score"":100.0},""R3_stop_distance_atr"":{""value"":0.6065756376785051,""score"":55.328781883925245},""R4_rr_potential"":{""value"":-0.16395625006056122,""score"":0.0},""_score"":63.81},""market"":{""M1_spy_regime"":{""score"":100.0},""M3_earnings_risk"":{""value"":null,""score"":80.0},""M4_vix"":{""value"":null,""score"":60.0},""_score"":84.0},""liquidity"":{""L1_price"":{""value"":23.53,""score"":100.0},""L2_dollar_vol"":{""value"":659136246.4523526,""score"":100.0},""L3_spread_proxy"":{""value"":0.1279175520611984,""score"":0},""L4_volume_zscore"":{""value"":-0.6271335868204693,""score"":100.0},""_score"":90.0},""pattern_structure"":{""level"":22.625,""level_idx"":46,""breakout_idx"":57,""bo_peak_idx"":75,""bo_peak_price"":25.75,""retest_idx"":77,""retest_low"":22.7401,""structural_low"":22.7401,""current_price"":23.555,""neckline_distance_pct"":-0.039482063256208864,""base_bars"":33,""bars_since_breakout"":22},""pattern_geometry_features"":{""retest_depth_atr"":-0.15591829625831174,""bars_breakout_to_retest"":20.0,""bars_since_retest"":2.0,""current_above_level_atr"":1.259808996700501,""bo_peak_excess_pct"":0.13812154696132597,""atr_pct"":0.07127587881731529},""_schema_version"":""1.0""}",,,,,,,,,,
20260508T185417Z-990aff,2026-05-08T18:54:17.243985+00:00,WULF,bull_flag,forming,54.21,93.6,55.8,30.8,53.9,16.4,22.2,79.6,84.0,90.0,13.1,16.73,2.77,5.39,2.29,2.0,2.39,5.04,4.5,False,,23.53,25.75,22.399,30.32,"{""trend"":{""T1_ema_stack"":{""value"":[true,true,true],""score"":100.0},""T2_ema50_slope"":{""value"":0.6834054753453561,""score"":100},""T3_high_proximity"":{""value"":0.9141414141414143,""score"":57.07070707070711},""T4_rs_1m"":{""value"":0.15171486909649645,""score"":100},""T5_rs_3m"":{""value"":0.5786743046617744,""score"":100},""T6_adr_healthy"":{""value"":7.036471926846962,""score"":100.0},""_score"":93.56},""geometry"":{""sub_pole_impulse"":50.7,""sub_flag_tightness"":67.2,""sub_flag_shallowness"":0,""sub_flag_drift"":100,""sub_flag_duration"":87.5,""_score"":55.76},""compression"":{""VC1_atr_ratio"":{""value"":0.7599704313272655,""score"":60.00739216818363},""VC2_range_contraction"":{""value"":0.937135010950217,""score"":10.477498174963833},""VC3_range_pct_rank"":{""score"":12.5},""_score"":30.8},""sr_quality"":{""SR1_touches"":{""value"":4,""score"":75.0},""SR2_tightness"":{""value"":0.341192760767283,""score"":59.31209810396248},""SR3_recency"":{""value"":239,""score"":0.0},""SR4_price_location"":{""score"":30.0},""SR5_reaction"":{""value"":2.1934905471534982,""score"":100},""_score"":53.9,""_levels_found"":6,""_target_level"":18.05},""volume"":{""V1_rvol_day"":{""value"":0.8269066822484388,""score"":21.793778816562583},""V2_rvol_sameslot"":{""value"":0.791874214267695,""score"":19.458280951179667,""status"":""ok""},""V3_breakout_bar"":{""value"":0.46019445674867204,""score"":0},""V4_base_dryup"":{""value"":1.0928650356554765,""score"":40.713496434452345},""V5_bo_expansion"":{""value"":0.826906682248439,""score"":0},""_score"":16.39},""readiness"":{""_distance_atr"":1.324,""BR1_atr_distance"":{""score"":11.753557328245293},""BR2_compression"":{""score"":0},""BR3_retest"":{""score"":50.0},""BR4_bo_age"":{""score"":50.0},""_score"":22.2},""risk"":{""R1_stop_clarity"":{""score"":59.32298112837891},""R2_stop_distance_pct"":{""value"":4.806636209094773,""score"":100.0},""R3_stop_distance_atr"":{""value"":0.6743706691312069,""score"":58.71853345656035},""R4_rr_potential"":{""value"":6.003528730952168,""score"":100.0},""_score"":79.57},""market"":{""M1_spy_regime"":{""score"":100.0},""M3_earnings_risk"":{""value"":null,""score"":80.0},""M4_vix"":{""value"":null,""score"":60.0},""_score"":84.0},""liquidity"":{""L1_price"":{""value"":23.53,""score"":100.0},""L2_dollar_vol"":{""value"":659136246.4523526,""score"":100.0},""L3_spread_proxy"":{""value"":0.1279175520611984,""score"":0},""L4_volume_zscore"":{""value"":-0.6271335868204693,""score"":100.0},""_score"":90.0},""pattern_structure"":{""pole_low"":21.18,""pole_low_idx"":30,""peak_price"":25.75,""peak_idx"":55,""pole_gain"":0.2157695939565628,""flag_bars"":4,""flag_low"":22.7401,""flag_high"":23.835,""structural_low"":22.7401,""current_price"":23.555,""neckline_distance_pct"":0.09318616005094461,""base_bars"":4},""pattern_geometry_features"":{""pole_gain"":0.2157695939565628,""pullback_pct"":0.11688932038834944,""flag_range_pct"":0.04252038834951453,""flag_drift_per_bar"":0.010422415623009973,""atr_pct"":0.07127587881731529,""pole_atr_multiple"":3.0272456479925602},""_schema_version"":""1.0""}",,,,,,,,,,
20260508T185417Z-990aff,2026-05-08T18:54:17.243985+00:00,NET,double_bottom,absent,54.11,52.6,45.9,4.5,66.3,75.1,17.5,79.8,84.0,82.5,7.89,11.47,0.36,9.28,9.77,1.4,4.79,5.04,4.12,False,,198.65,258.88,189.386,325.49,"{""trend"":{""T1_ema_stack"":{""value"":[false,true,true],""score"":66.66666666666666},""T2_ema50_slope"":{""value"":0.2243525427439573,""score"":87.39209045732622},""T3_high_proximity"":{""value"":0.7735893142256318,""score"":0},""T4_rs_1m"":{""value"":-0.05574583547403478,""score"":0},""T5_rs_3m"":{""value"":0.07894202354938717,""score"":89.47101177469358},""T6_adr_healthy"":{""value"":5.402996329848992,""score"":100.0},""_score"":52.57},""geometry"":{""sub_low_similarity"":24.5,""sub_bounce_quality"":100,""sub_separation_fit"":53.3,""sub_right_bottom_reaction"":30.2,""sub_base_context"":30.0,""_score"":45.88},""compression"":{""VC1_atr_ratio"":{""value"":1.0807717633859577,""score"":0},""VC2_range_contraction"":{""value"":0.9304454313329634,""score"":11.592428111172763},""VC3_range_pct_rank"":{""score"":1.6666666666666718},""_score"":4.47},""sr_quality"":{""SR1_touches"":{""value"":6,""score"":100},""SR2_tightness"":{""value"":2.388265874832388,""score"":67.72066865800777},""SR3_recency"":{""value"":229,""score"":0.0},""SR4_price_location"":{""score"":55.43868992144847},""SR5_reaction"":{""value"":1.6366499987851866,""score"":81.83249993925934},""_score"":66.29,""_levels_found"":6,""_target_level"":204.2283},""volume"":{""V1_rvol_day"":{""value"":3.3307059911076307,""score"":100},""V2_rvol_sameslot"":{""value"":4.936123739378929,""score"":100,""status"":""ok""},""V3_breakout_bar"":{""value"":0.917709958831546,""score"":27.847330588769736},""V4_base_dryup"":{""value"":0.8412889593795335,""score"":65.87110406204664},""V5_bo_expansion"":{""value"":3.3307059911076307,""score"":100},""_score"":75.14},""readiness"":{""_distance_atr"":4.07,""BR1_atr_distance"":{""score"":0},""BR2_compression"":{""score"":0},""BR3_retest"":{""score"":50.0},""BR4_bo_age"":{""score"":50.0},""_score"":17.5},""risk"":{""R1_stop_clarity"":{""score"":61.01974803646754},""R2_stop_distance_pct"":{""value"":4.663503649635035,""score"":100.0},""R3_stop_distance_atr"":{""value"":0.6260553790724199,""score"":56.302768953621},""R4_rr_potential"":{""value"":13.691635947560735,""score"":100.0},""_score"":79.8},""market"":{""M1_spy_regime"":{""score"":100.0},""M3_earnings_risk"":{""value"":null,""score"":80.0},""M4_vix"":{""value"":null,""score"":60.0},""_score"":84.0},""liquidity"":{""L1_price"":{""value"":198.65,""score"":100.0},""L2_dollar_vol"":{""value"":3042705616.4969854,""score"":100.0},""L3_spread_proxy"":{""value"":0.13455826831109988,""score"":0},""L4_volume_zscore"":{""value"":3.41160032257724,""score"":70.0},""_score"":82.5},""pattern_structure"":{""left_low"":199.67,""left_idx"":39,""right_low"":192.27,""right_idx"":76,""separation_bars"":37,""structural_low"":192.27,""current_price"":199.19,""neckline_distance_pct"":0.2996636377328179,""base_bars"":37},""pattern_geometry_features"":{""low_similarity_pct"":0.037760881767617376,""bounce_pct"":0.3464399022208352,""right_bottom_reaction"":0.3024911032028462,""atr_pct"":0.07449027363273525},""_schema_version"":""1.0""}",,,,,,,,,,
20260508T185417Z-990aff,2026-05-08T18:54:17.243985+00:00,WULF,ascending_triangle,forming,54.03,93.6,52.7,30.8,53.9,16.8,22.2,47.5,84.0,90.0,14.03,14.75,2.46,7.55,2.02,1.78,1.9,5.04,4.5,True,stop_too_wide,23.53,25.75,19.2765,31.93,"{""trend"":{""T1_ema_stack"":{""value"":[true,true,true],""score"":100.0},""T2_ema50_slope"":{""value"":0.6834054753453561,""score"":100},""T3_high_proximity"":{""value"":0.9141414141414143,""score"":57.07070707070711},""T4_rs_1m"":{""value"":0.15171486909649645,""score"":100},""T5_rs_3m"":{""value"":0.5786743046617744,""score"":100},""T6_adr_healthy"":{""value"":7.036471926846962,""score"":100.0},""_score"":93.56},""geometry"":{""sub_flat_top_quality"":33.3,""sub_hl_slope"":92.3,""sub_compression"":0,""sub_duration"":100.0,""_score"":52.68},""compression"":{""VC1_atr_ratio"":{""value"":0.7599704313272655,""score"":60.00739216818363},""VC2_range_contraction"":{""value"":0.937135010950217,""score"":10.477498174963833},""VC3_range_pct_rank"":{""score"":12.5},""_score"":30.8},""sr_quality"":{""SR1_touches"":{""value"":4,""score"":75.0},""SR2_tightness"":{""value"":0.341192760767283,""score"":59.31209810396248},""SR3_recency"":{""value"":239,""score"":0.0},""SR4_price_location"":{""score"":30.0},""SR5_reaction"":{""value"":2.1934905471534982,""score"":100},""_score"":53.9,""_levels_found"":6,""_target_level"":18.05},""volume"":{""V1_rvol_day"":{""value"":0.8269066822484388,""score"":21.793778816562583},""V2_rvol_sameslot"":{""value"":0.791874214267695,""score"":19.458280951179667,""status"":""ok""},""V3_breakout_bar"":{""value"":0.46019445674867204,""score"":0},""V4_base_dryup"":{""value"":1.0705269725659807,""score"":42.94730274340193},""V5_bo_expansion"":{""value"":0.826906682248439,""score"":0},""_score"":16.84},""readiness"":{""_distance_atr"":1.324,""BR1_atr_distance"":{""score"":11.753557328245293},""BR2_compression"":{""score"":0},""BR3_retest"":{""score"":50.0},""BR4_bo_age"":{""score"":50.0},""_score"":22.2},""risk"":{""R1_stop_clarity"":{""score"":64.99359020771138},""R2_stop_distance_pct"":{""value"":18.07713557161071,""score"":0.0},""R3_stop_distance_atr"":{""value"":2.5362206501786653,""score"":100.0},""R4_rr_potential"":{""value"":1.9748210318439885,""score"":48.741051592199426},""_score"":47.5},""market"":{""M1_spy_regime"":{""score"":100.0},""M3_earnings_risk"":{""value"":null,""score"":80.0},""M4_vix"":{""value"":null,""score"":60.0},""_score"":84.0},""liquidity"":{""L1_price"":{""value"":23.53,""score"":100.0},""L2_dollar_vol"":{""value"":659136246.4523526,""score"":100.0},""L3_spread_proxy"":{""value"":0.1279175520611984,""score"":0},""L4_volume_zscore"":{""value"":-0.6271335868204693,""score"":100.0},""_score"":90.0},""pattern_structure"":{""top"":25.75,""top_touches"":2,""low_slope_per_bar"":0.05419726301735632,""lowest_low"":19.57,""structural_low"":19.57,""current_price"":23.555,""neckline_distance_pct"":0.09318616005094461,""base_bars"":30},""pattern_geometry_features"":{""top_touches"":2.0,""low_slope"":0.05419726301735632,""compression"":-0.025513897891341175,""atr_pct"":0.07127587881731529},""_schema_version"":""1.0""}",,,,,,,,,,
20260508T185417Z-990aff,2026-05-08T18:54:17.243985+00:00,BHP,vcp,breakout_confirmed,53.95,90.5,53.6,45.0,40.3,23.6,32.5,28.8,84.0,98.7,13.57,13.4,5.39,4.83,3.07,2.28,1.44,5.04,4.93,True,risk_unclear,84.4355,80.78,75.7662,94.975,"{""trend"":{""T1_ema_stack"":{""value"":[true,true,true],""score"":100.0},""T2_ema50_slope"":{""value"":0.26218300297198177,""score"":93.69716716199696},""T3_high_proximity"":{""value"":1.0,""score"":99.99999999999997},""T4_rs_1m"":{""value"":0.008545371566104132,""score"":58.54537156610413},""T5_rs_3m"":{""value"":0.14452520777682465,""score"":100},""T6_adr_healthy"":{""value"":1.738472045083642,""score"":100.0},""_score"":90.45},""geometry"":{""sub_contraction_count"":100.0,""sub_reduction_rate"":0,""sub_pivot_tightness"":74.6,""sub_volume_dryup"":49.5,""sub_base_depth"":0.0,""sub_base_duration"":100.0,""_score"":53.61},""compression"":{""VC1_atr_ratio"":{""value"":0.8190054929770229,""score"":45.24862675574429},""VC2_range_contraction"":{""value"":0.8861971814248858,""score"":18.9671364291857},""VC3_range_pct_rank"":{""score"":80.83333333333333},""_score"":44.95},""sr_quality"":{""SR1_touches"":{""value"":2,""score"":25.0},""SR2_tightness"":{""value"":0.240000000000002,""score"":76.82359027418502},""SR3_recency"":{""value"":234,""score"":0.0},""SR4_price_location"":{""score"":30.0},""SR5_reaction"":{""value"":1.8347991032936724,""score"":91.73995516468362},""_score"":40.28,""_levels_found"":8,""_target_level"":81.02},""volume"":{""V1_rvol_day"":{""value"":0.5232505851730586,""score"":1.5500390115372373},""V2_rvol_sameslot"":{""value"":0.9840917968982906,""score"":32.27278645988604,""status"":""ok""},""V3_breakout_bar"":{""value"":0.7793738561187057,""score"":18.624923741247045},""V4_base_dryup"":{""value"":0.8899359314999344,""score"":61.006406850006556},""V5_bo_expansion"":{""value"":0.5232505851730586,""score"":0},""_score"":23.62},""readiness"":{""_distance_atr"":-1.765,""BR1_atr_distance"":{""score"":24.69943093636833},""BR2_compression"":{""score"":20.463021680347268},""BR3_retest"":{""score"":50.0},""BR4_bo_age"":{""score"":50.0},""_score"":32.5},""risk"":{""R1_stop_clarity"":{""score"":0},""R2_stop_distance_pct"":{""value"":10.267363845775778,""score"":43.315903855605555},""R3_stop_distance_atr"":{""value"":4.185901017416797,""score"":90.70494912916014},""R4_rr_potential"":{""value"":1.215726759946016,""score"":10.786337997300798},""_score"":28.76},""market"":{""M1_spy_regime"":{""score"":100.0},""M3_earnings_risk"":{""value"":null,""score"":80.0},""M4_vix"":{""value"":null,""score"":60.0},""_score"":84.0},""liquidity"":{""L1_price"":{""value"":84.4355,""score"":100.0},""L2_dollar_vol"":{""value"":98761641.20468426,""score"":99.72941491770095},""L3_spread_proxy"":{""value"":0.012317094113257954,""score"":87.68290588674205},""L4_volume_zscore"":{""value"":-1.7315557237612613,""score"":100.0},""_score"":98.66},""pattern_structure"":{""n_contractions"":5,""contractions_pct"":[6.72,5.14,17.06,4.6,4.78],""descending_strict"":false,""final_low"":76.92,""final_pivot"":80.78,""structural_low"":76.92,""dry_up_ratio"":0.7523026862515554,""current_price"":84.4355,""neckline_distance_pct"":-0.04329340147212965,""base_bars"":58,""recent_base_height"":14.195000000000007},""pattern_geometry_features"":{""contraction_count"":5.0,""first_contraction_pct"":0.06721890277023361,""last_contraction_pct"":0.04778410497647932,""dry_up_ratio"":0.7523026862515554,""near_monotone"":0.0,""base_depth_pct"":-0.04454101032047802},""_schema_version"":""1.0""}",,,,,,,,,,
20260508T185417Z-990aff,2026-05-08T18:54:17.243985+00:00,MSFT,double_bottom,forming,53.85,69.7,54.1,65.6,38.8,19.0,41.2,57.4,84.0,99.0,10.45,13.53,5.25,5.43,2.46,3.3,3.44,5.04,4.95,True,risk_unclear,415.78,429.19,408.1446,444.02,"{""trend"":{""T1_ema_stack"":{""value"":[true,true,false],""score"":66.66666666666666},""T2_ema50_slope"":{""value"":0.14664681872306845,""score"":74.44113645384473},""T3_high_proximity"":{""value"":0.9604083895407927,""score"":80.20419477039631},""T4_rs_1m"":{""value"":0.029728672307278714,""score"":79.72867230727871},""T5_rs_3m"":{""value"":-0.03143572709411768,""score"":34.28213645294116},""T6_adr_healthy"":{""value"":2.4085434087437867,""score"":100.0},""_score"":69.67},""geometry"":{""sub_low_similarity"":63.9,""sub_bounce_quality"":8.3,""sub_separation_fit"":0.0,""sub_right_bottom_reaction"":88.6,""sub_base_context"":100.0,""_score"":54.12},""compression"":{""VC1_atr_ratio"":{""value"":0.5699778182872419,""score"":100},""VC2_range_contraction"":{""value"":0.9539527448565915,""score"":7.674542523901411},""VC3_range_pct_rank"":{""score"":91.66666666666666},""_score"":65.6},""sr_quality"":{""SR1_touches"":{""value"":2,""score"":25.0},""SR2_tightness"":{""value"":1.8899999999999864,""score"":67.97046407117698},""SR3_recency"":{""value"":231,""score"":0.0},""SR4_price_location"":{""score"":24.243736993914453},""SR5_reaction"":{""value"":2.2962931804082385,""score"":100},""_score"":38.76,""_levels_found"":6,""_target_level"":431.81},""volume"":{""V1_rvol_day"":{""value"":0.5119765252719195,""score"":0.7984350181279668},""V2_rvol_sameslot"":{""value"":0.9265009974235042,""score"":28.433399828233615,""status"":""ok""},""V3_breakout_bar"":{""value"":0.6402528623179232,""score"":9.350190821194882},""V4_base_dryup"":{""value"":0.9612497174710364,""score"":53.875028252896364},""V5_bo_expansion"":{""value"":0.5119765252719194,""score"":0},""_score"":18.96},""readiness"":{""_distance_atr"":1.136,""BR1_atr_distance"":{""score"":24.247605501671828},""BR2_compression"":{""score"":56.03959655006826},""BR3_retest"":{""score"":50.0},""BR4_bo_age"":{""score"":50.0},""_score"":41.21},""risk"":{""R1_stop_clarity"":{""score"":0},""R2_stop_distance_pct"":{""value"":1.8364038674298784,""score"":95.91009668574696},""R3_stop_distance_atr"":{""value"":0.6469796789178186,""score"":57.34898394589093},""R4_rr_potential"":{""value"":3.698561961390393,""score"":100.0},""_score"":57.38},""market"":{""M1_spy_regime"":{""score"":100.0},""M3_earnings_risk"":{""value"":null,""score"":80.0},""M4_vix"":{""value"":null,""score"":60.0},""_score"":84.0},""liquidity"":{""L1_price"":{""value"":415.78,""score"":100.0},""L2_dollar_vol"":{""value"":7464202051.663233,""score"":100.0},""L3_spread_proxy"":{""value"":0.010269854249843625,""score"":89.73014575015637},""L4_volume_zscore"":{""value"":-1.552014239478693,""score"":100.0},""_score"":98.97},""pattern_structure"":{""left_low"":421.9,""left_idx"":27,""right_low"":414.36,""right_idx"":76,""separation_bars"":49,""structural_low"":414.36,""current_price"":416.04,""neckline_distance_pct"":0.03160753773675602,""base_bars"":49},""pattern_geometry_features"":{""low_similarity_pct"":0.018032669265539338,""bounce_pct"":0.03579013418283614,""right_bottom_reaction"":0.8858131487889324,""atr_pct"":0.028384258845680747},""_schema_version"":""1.0""}",,,,,,,,,,
20260508T185417Z-990aff,2026-05-08T18:54:17.243985+00:00,TSEM,breakout_retest_hold,breakout_confirmed,53.8,74.0,44.7,62.4,43.7,3.5,72.4,64.3,84.0,94.7,10.36,9.83,3.74,6.12,0.46,13.03,3.21,4.2,2.84,False,,208.43,202.18,198.8811,207.0899,"{""trend"":{""T1_ema_stack"":{""value"":[true,true,true],""score"":100.0},""T2_ema50_slope"":{""value"":0.7474620115953614,""score"":100},""T3_high_proximity"":{""value"":0.9204239346434092,""score"":60.211967321704584},""T4_rs_1m"":{""value"":-0.062135868210843936,""score"":0},""T5_rs_3m"":{""value"":0.4311333037284524,""score"":100},""T6_adr_healthy"":{""value"":6.506815611185172,""score"":100.0},""_score"":74.03},""geometry"":{""sub_retest_depth"":94.7,""sub_retest_timing"":0.0,""sub_retest_freshness"":0.0,""sub_hold_quality"":54.2,""_score"":44.67},""compression"":{""VC1_atr_ratio"":{""value"":0.5713078949057352,""score"":100},""VC2_range_contraction"":{""value"":0.8668551077159714,""score"":22.190815380671435},""VC3_range_pct_rank"":{""score"":58.33333333333333},""_score"":62.35},""sr_quality"":{""SR1_touches"":{""value"":2,""score"":25.0},""SR2_tightness"":{""value"":0.6655499999999961,""score"":91.4168542006539},""SR3_recency"":{""value"":241,""score"":0.0},""SR4_price_location"":{""score"":30.0},""SR5_reaction"":{""value"":2.390297453621609,""score"":100},""_score"":43.71,""_levels_found"":5,""_target_level"":196.0256},""volume"":{""V1_rvol_day"":{""value"":0.4272452422583669,""score"":0},""V2_rvol_sameslot"":{""value"":0.7629314639557836,""score"":17.52876426371891,""status"":""ok""},""V3_breakout_bar"":{""value"":0.39177213766070773,""score"":0},""V4_base_dryup"":{""value"":1.5998031422071355,""score"":0},""V5_bo_expansion"":{""value"":0.4272452422583669,""score"":0},""_score"":3.51},""readiness"":{""_distance_atr"":-0.403,""BR1_atr_distance"":{""score"":100.0},""BR2_compression"":{""score"":34.90024613828013},""BR3_retest"":{""score"":95.84093678868729},""BR4_bo_age"":{""score"":30.0},""_score"":72.39},""risk"":{""R1_stop_clarity"":{""score"":74.09258268153168},""R2_stop_distance_pct"":{""value"":4.581346255337539,""score"":100.0},""R3_stop_distance_atr"":{""value"":0.6157283519147831,""score"":55.78641759573916},""R4_rr_potential"":{""value"":-0.140341520264861,""score"":0.0},""_score"":64.3},""market"":{""M1_spy_regime"":{""score"":100.0},""M3_earnings_risk"":{""value"":null,""score"":80.0},""M4_vix"":{""value"":null,""score"":60.0},""_score"":84.0},""liquidity"":{""L1_price"":{""value"":208.43,""score"":100.0},""L2_dollar_vol"":{""value"":216572002.40407127,""score"":100.0},""L3_spread_proxy"":{""value"":0.05266564314158234,""score"":47.33435685841766},""L4_volume_zscore"":{""value"":-1.7886124958031648,""score"":100.0},""_score"":94.73},""pattern_structure"":{""level"":202.18,""level_idx"":26,""breakout_idx"":39,""bo_peak_idx"":63,""bo_peak_price"":232.67,""retest_idx"":69,""retest_low"":200.89,""structural_low"":200.89,""current_price"":208.89,""neckline_distance_pct"":-0.03212216956292776,""base_bars"":53,""bars_since_breakout"":40},""pattern_geometry_features"":{""retest_depth_atr"":0.2627348574670713,""bars_breakout_to_retest"":30.0,""bars_since_retest"":10.0,""current_above_level_atr"":1.3666285996930352,""bo_peak_excess_pct"":0.1508062122860816,""atr_pct"":0.0744053159334069},""_schema_version"":""1.0""}",,,,,,,,,,
20260508T185417Z-990aff,2026-05-08T18:54:17.243985+00:00,MPWR,double_bottom,absent,53.76,97.2,44.2,42.6,43.7,21.1,39.0,67.8,84.0,72.8,14.58,11.04,3.41,6.12,2.74,3.12,4.07,5.04,3.64,False,,1590.785,1662.0,1465.7096,1835.97,"{""trend"":{""T1_ema_stack"":{""value"":[true,true,true],""score"":100.0},""T2_ema50_slope"":{""value"":0.7641521239267329,""score"":100},""T3_high_proximity"":{""value"":0.9627409447151029,""score"":81.3704723575514},""T4_rs_1m"":{""value"":0.10755094510563223,""score"":100},""T5_rs_3m"":{""value"":0.22557871888823744,""score"":100},""T6_adr_healthy"":{""value"":3.611176719843602,""score"":100.0},""_score"":97.21},""geometry"":{""sub_low_similarity"":6.8,""sub_bounce_quality"":100,""sub_separation_fit"":0.0,""sub_right_bottom_reaction"":14.2,""sub_base_context"":100.0,""_score"":44.17},""compression"":{""VC1_atr_ratio"":{""value"":0.7930578662556308,""score"":51.7355334360923},""VC2_range_contraction"":{""value"":1.0430955315568566,""score"":0},""VC3_range_pct_rank"":{""score"":87.5},""_score"":42.57},""sr_quality"":{""SR1_touches"":{""value"":2,""score"":25.0},""SR2_tightness"":{""value"":3.1100000000000136,""score"":91.33381348332428},""SR3_recency"":{""value"":274,""score"":0.0},""SR4_price_location"":{""score"":30.0},""SR5_reaction"":{""value"":2.160102720384417,""score"":100},""_score"":43.7,""_levels_found"":3,""_target_level"":1253.11},""volume"":{""V1_rvol_day"":{""value"":0.4226239575245102,""score"":0},""V2_rvol_sameslot"":{""value"":0.9173581268560063,""score"":27.82387512373375,""status"":""ok""},""V3_breakout_bar"":{""value"":0.7849715167032544,""score"":18.99810111355029},""V4_base_dryup"":{""value"":0.961159125170992,""score"":53.8840874829008},""V5_bo_expansion"":{""value"":0.4226239575245102,""score"":0},""_score"":21.09},""readiness"":{""_distance_atr"":0.992,""BR1_atr_distance"":{""score"":33.851824996242385},""BR2_compression"":{""score"":31.76136147899805},""BR3_retest"":{""score"":50.0},""BR4_bo_age"":{""score"":50.0},""_score"":38.98},""risk"":{""R1_stop_clarity"":{""score"":37.80283510092175},""R2_stop_distance_pct"":{""value"":7.862498703470301,""score"":100.0},""R3_stop_distance_atr"":{""value"":1.7426481967156668,""score"":100.0},""R4_rr_potential"":{""value"":1.9602967648727216,""score"":48.014838243636085},""_score"":67.83},""market"":{""M1_spy_regime"":{""score"":100.0},""M3_earnings_risk"":{""value"":null,""score"":80.0},""M4_vix"":{""value"":null,""score"":60.0},""_score"":84.0},""liquidity"":{""L1_price"":{""value"":1590.785,""score"":0.0},""L2_dollar_vol"":{""value"":408018890.36238027,""score"":100.0},""L3_spread_proxy"":{""value"":0.02207086438456479,""score"":77.92913561543521},""L4_volume_zscore"":{""value"":-1.8641404790580758,""score"":100.0},""_score"":72.79},""pattern_structure"":{""left_low"":1488.03,""left_idx"":28,""right_low"":1559.0,""right_idx"":74,""separation_bars"":46,""structural_low"":1488.03,""current_price"":1593.205,""neckline_distance_pct"":0.04318025615033852,""base_bars"":46},""pattern_geometry_features"":{""low_similarity_pct"":0.04658306613325109,""bounce_pct"":0.11691296546440598,""right_bottom_reaction"":0.14227959675880358,""atr_pct"":0.04511810655925041},""_schema_version"":""1.0""}",,,,,,,,,,
20260508T185417Z-990aff,2026-05-08T18:54:17.243985+00:00,MSFT,vcp,forming,53.7,69.7,50.5,65.6,38.8,16.1,39.6,65.0,84.0,99.0,10.45,12.63,7.87,4.65,2.09,2.77,3.25,5.04,4.95,True,risk_unclear,415.78,429.92,392.0399,507.34,"{""trend"":{""T1_ema_stack"":{""value"":[true,true,false],""score"":66.66666666666666},""T2_ema50_slope"":{""value"":0.14664681872306845,""score"":74.44113645384473},""T3_high_proximity"":{""value"":0.9604083895407927,""score"":80.20419477039631},""T4_rs_1m"":{""value"":0.029728672307278714,""score"":79.72867230727871},""T5_rs_3m"":{""value"":-0.03143572709411768,""score"":34.28213645294116},""T6_adr_healthy"":{""value"":2.4085434087437867,""score"":100.0},""_score"":69.67},""geometry"":{""sub_contraction_count"":100.0,""sub_reduction_rate"":0,""sub_pivot_tightness"":36.9,""sub_volume_dryup"":0,""sub_base_depth"":100.0,""sub_base_duration"":100.0,""_score"":50.53},""compression"":{""VC1_atr_ratio"":{""value"":0.5699778182872419,""score"":100},""VC2_range_contraction"":{""value"":0.9539527448565915,""score"":7.674542523901411},""VC3_range_pct_rank"":{""score"":91.66666666666666},""_score"":65.6},""sr_quality"":{""SR1_touches"":{""value"":2,""score"":25.0},""SR2_tightness"":{""value"":1.8899999999999864,""score"":67.97046407117698},""SR3_recency"":{""value"":231,""score"":0.0},""SR4_price_location"":{""score"":24.243736993914453},""SR5_reaction"":{""value"":2.2962931804082385,""score"":100},""_score"":38.76,""_levels_found"":6,""_target_level"":431.81},""volume"":{""V1_rvol_day"":{""value"":0.5119765252719195,""score"":0.7984350181279668},""V2_rvol_sameslot"":{""value"":0.9265009974235042,""score"":28.433399828233615,""status"":""ok""},""V3_breakout_bar"":{""value"":0.6402528623179232,""score"":9.350190821194882},""V4_base_dryup"":{""value"":1.1064169476025898,""score"":39.35830523974102},""V5_bo_expansion"":{""value"":0.5119765252719194,""score"":0},""_score"":16.06},""readiness"":{""_distance_atr"":1.198,""BR1_atr_distance"":{""score"":20.123873362687434},""BR2_compression"":{""score"":56.03959655006826},""BR3_retest"":{""score"":50.0},""BR4_bo_age"":{""score"":50.0},""_score"":39.56},""risk"":{""R1_stop_clarity"":{""score"":0},""R2_stop_distance_pct"":{""value"":5.709786425513486,""score"":100.0},""R3_stop_distance_atr"":{""value"":2.0116031412186577,""score"":100.0},""R4_rr_potential"":{""value"":3.8567574341358486,""score"":100.0},""_score"":65.0},""market"":{""M1_spy_regime"":{""score"":100.0},""M3_earnings_risk"":{""value"":null,""score"":80.0},""M4_vix"":{""value"":null,""score"":60.0},""_score"":84.0},""liquidity"":{""L1_price"":{""value"":415.78,""score"":100.0},""L2_dollar_vol"":{""value"":7464202051.663233,""score"":100.0},""L3_spread_proxy"":{""value"":0.010269854249843625,""score"":89.73014575015637},""L4_volume_zscore"":{""value"":-1.552014239478693,""score"":100.0},""_score"":98.97},""pattern_structure"":{""n_contractions"":5,""contractions_pct"":[18.9,6.88,13.74,5.14,7.42],""descending_strict"":false,""final_low"":398.01,""final_pivot"":429.92,""structural_low"":398.01,""dry_up_ratio"":1.0062094468546465,""current_price"":415.78,""neckline_distance_pct"":0.034008369810957825,""base_bars"":64,""recent_base_height"":77.42000000000002},""pattern_geometry_features"":{""contraction_count"":5.0,""first_contraction_pct"":0.1889858188282962,""last_contraction_pct"":0.07422311127651662,""dry_up_ratio"":1.0062094468546465,""near_monotone"":0.0,""base_depth_pct"":0.17722330177368012},""_schema_version"":""1.0""}",,,,,,,,,,
20260508T185417Z-990aff,2026-05-08T18:54:17.243985+00:00,BHP,ascending_triangle,breakout_failed,53.64,90.5,42.2,45.0,40.3,28.8,53.5,33.1,84.0,98.7,13.57,11.81,3.6,5.64,3.45,4.28,1.32,5.04,4.93,True,risk_unclear,84.4355,85.14,76.3079,92.81,"{""trend"":{""T1_ema_stack"":{""value"":[true,true,true],""score"":100.0},""T2_ema50_slope"":{""value"":0.26218300297198177,""score"":93.69716716199696},""T3_high_proximity"":{""value"":1.0,""score"":99.99999999999997},""T4_rs_1m"":{""value"":0.008545371566104132,""score"":58.54537156610413},""T5_rs_3m"":{""value"":0.14452520777682465,""score"":100},""T6_adr_healthy"":{""value"":1.738472045083642,""score"":100.0},""_score"":90.45},""geometry"":{""sub_flat_top_quality"":33.3,""sub_hl_slope"":57.3,""sub_compression"":0,""sub_duration"":100.0,""_score"":42.18},""compression"":{""VC1_atr_ratio"":{""value"":0.8190054929770229,""score"":45.24862675574429},""VC2_range_contraction"":{""value"":0.8861971814248858,""score"":18.9671364291857},""VC3_range_pct_rank"":{""score"":80.83333333333333},""_score"":44.95},""sr_quality"":{""SR1_touches"":{""value"":2,""score"":25.0},""SR2_tightness"":{""value"":0.240000000000002,""score"":76.82359027418502},""SR3_recency"":{""value"":234,""score"":0.0},""SR4_price_location"":{""score"":30.0},""SR5_reaction"":{""value"":1.8347991032936724,""score"":91.73995516468362},""_score"":40.28,""_levels_found"":8,""_target_level"":81.02},""volume"":{""V1_rvol_day"":{""value"":0.5232505851730586,""score"":1.5500390115372373},""V2_rvol_sameslot"":{""value"":0.9840917968982906,""score"":32.27278645988604,""status"":""ok""},""V3_breakout_bar"":{""value"":0.7793738561187057,""score"":18.624923741247045},""V4_base_dryup"":{""value"":0.6329261287470558,""score"":86.70738712529442},""V5_bo_expansion"":{""value"":0.5232505851730586,""score"":0},""_score"":28.76},""readiness"":{""_distance_atr"":0.34,""BR1_atr_distance"":{""score"":77.32252687244942},""BR2_compression"":{""score"":20.463021680347268},""BR3_retest"":{""score"":50.0},""BR4_bo_age"":{""score"":50.0},""_score"":53.54},""risk"":{""R1_stop_clarity"":{""score"":0},""R2_stop_distance_pct"":{""value"":9.625749832712561,""score"":59.35625418218598},""R3_stop_distance_atr"":{""value"":3.92432143473013,""score"":100.0},""R4_rr_potential"":{""value"":1.0303843101549648,""score"":1.5192155077482394},""_score"":33.11},""market"":{""M1_spy_regime"":{""score"":100.0},""M3_earnings_risk"":{""value"":null,""score"":80.0},""M4_vix"":{""value"":null,""score"":60.0},""_score"":84.0},""liquidity"":{""L1_price"":{""value"":84.4355,""score"":100.0},""L2_dollar_vol"":{""value"":98761641.20468426,""score"":99.72941491770095},""L3_spread_proxy"":{""value"":0.012317094113257954,""score"":87.68290588674205},""L4_volume_zscore"":{""value"":-1.7315557237612613,""score"":100.0},""_score"":98.66},""pattern_structure"":{""top"":85.14,""top_touches"":2,""low_slope_per_bar"":0.13311265969802563,""lowest_low"":77.47,""structural_low"":77.47,""current_price"":84.5,""neckline_distance_pct"":0.007573964497041427,""base_bars"":41},""pattern_geometry_features"":{""top_touches"":2.0,""low_slope"":0.13311265969802563,""compression"":-0.07241773145835007,""atr_pct"":0.02452844394326355},""_schema_version"":""1.0""}",,,,,,,,,,
20260508T185417Z-990aff,2026-05-08T18:54:17.243985+00:00,WWD,double_bottom,forming,53.61,41.3,52.3,64.8,76.9,11.1,38.9,67.5,84.0,95.1,6.19,13.07,5.19,10.77,1.44,3.11,4.05,5.04,4.75,True,risk_unclear;reversal_trend_cap,370.61,387.19,352.0095,417.01,"{""trend"":{""T1_ema_stack"":{""value"":[false,true,true],""score"":66.66666666666666},""T2_ema50_slope"":{""value"":0.02088307928494805,""score"":53.48051321415801},""T3_high_proximity"":{""value"":0.9190576565406076,""score"":59.528828270303755},""T4_rs_1m"":{""value"":-0.14059672999552764,""score"":0},""T5_rs_3m"":{""value"":-0.11398061958167349,""score"":0},""T6_adr_healthy"":{""value"":3.694567431587342,""score"":100.0},""_score"":41.29},""geometry"":{""sub_low_similarity"":33.4,""sub_bounce_quality"":76.3,""sub_separation_fit"":0.0,""sub_right_bottom_reaction"":46.7,""sub_base_context"":100.0,""_score"":52.29},""compression"":{""VC1_atr_ratio"":{""value"":0.36986998371655416,""score"":100},""VC2_range_contraction"":{""value"":0.935257472816255,""score"":10.790421197290827},""VC3_range_pct_rank"":{""score"":84.16666666666667},""_score"":64.82},""sr_quality"":{""SR1_touches"":{""value"":5,""score"":100},""SR2_tightness"":{""value"":2.2512494394002656,""score"":69.04547774465426},""SR3_recency"":{""value"":229,""score"":0.0},""SR4_price_location"":{""score"":87.30544998615194},""SR5_reaction"":{""value"":1.966058494166593,""score"":98.30292470832966},""_score"":76.93,""_levels_found"":7,""_target_level"":373.5556},""volume"":{""V1_rvol_day"":{""value"":0.21792426971382442,""score"":0},""V2_rvol_sameslot"":{""value"":0.5619661376163313,""score"":4.1310758410887525,""status"":""ok""},""V3_breakout_bar"":{""value"":0.7456667208729201,""score"":16.377781391528003},""V4_base_dryup"":{""value"":1.1932291993251936,""score"":30.677080067480645},""V5_bo_expansion"":{""value"":0.21792426971382436,""score"":0},""_score"":11.06},""readiness"":{""_distance_atr"":1.14,""BR1_atr_distance"":{""score"":24.00872007466876},""BR2_compression"":{""score"":47.13338298309233},""BR3_retest"":{""score"":50.0},""BR4_bo_age"":{""score"":50.0},""_score"":38.89},""risk"":{""R1_stop_clarity"":{""score"":26.292812616935947},""R2_stop_distance_pct"":{""value"":5.018901270877742,""score"":100.0},""R3_stop_distance_atr"":{""value"":1.2787813044165754,""score"":88.93906522082877},""R4_rr_potential"":{""value"":2.494549892341892,""score"":74.7274946170946},""_score"":67.49},""market"":{""M1_spy_regime"":{""score"":100.0},""M3_earnings_risk"":{""value"":null,""score"":80.0},""M4_vix"":{""value"":null,""score"":60.0},""_score"":84.0},""liquidity"":{""L1_price"":{""value"":370.61,""score"":100.0},""L2_dollar_vol"":{""value"":70798650.9686462,""score"":92.50124912569282},""L3_spread_proxy"":{""value"":0.019373465367906982,""score"":80.62653463209301},""L4_volume_zscore"":{""value"":-1.6339246427196203,""score"":100.0},""_score"":95.06},""pattern_structure"":{""left_low"":357.37,""left_idx"":29,""right_low"":369.48,""right_idx"":76,""separation_bars"":47,""structural_low"":357.37,""current_price"":370.88,""neckline_distance_pct"":0.043976488352027616,""base_bars"":47},""pattern_geometry_features"":{""low_similarity_pct"":0.03332186833597032,""bounce_pct"":0.08344293029633151,""right_bottom_reaction"":0.46707818930040645,""atr_pct"":0.039247533988366674},""_schema_version"":""1.0""}",,,,,,,,,,
20260508T185417Z-990aff,2026-05-08T18:54:17.243985+00:00,UEC,double_bottom,forming,53.42,64.6,55.7,51.3,47.5,15.6,33.6,79.7,84.0,90.2,9.69,13.93,4.11,6.65,2.03,2.69,4.78,5.04,4.51,False,,15.157,16.19,14.0461,18.12,"{""trend"":{""T1_ema_stack"":{""value"":[true,true,true],""score"":100.0},""T2_ema50_slope"":{""value"":0.11919014340890748,""score"":69.86502390148458},""T3_high_proximity"":{""value"":0.8863742690058479,""score"":43.18713450292394},""T4_rs_1m"":{""value"":0.020789534496783668,""score"":70.78953449678366},""T5_rs_3m"":{""value"":-0.12767116762706032,""score"":0},""T6_adr_healthy"":{""value"":6.766025701883657,""score"":100.0},""_score"":64.61},""geometry"":{""sub_low_similarity"":8.2,""sub_bounce_quality"":100,""sub_separation_fit"":0.0,""sub_right_bottom_reaction"":88.3,""sub_base_context"":100.0,""_score"":55.7},""compression"":{""VC1_atr_ratio"":{""value"":0.6262357804997044,""score"":93.44105487507389},""VC2_range_contraction"":{""value"":1.114967952877674,""score"":0},""VC3_range_pct_rank"":{""score"":55.833333333333336},""_score"":51.33},""sr_quality"":{""SR1_touches"":{""value"":2,""score"":25.0},""SR2_tightness"":{""value"":0.21999999999999975,""score"":61.89156417807038},""SR3_recency"":{""value"":238,""score"":0.0},""SR4_price_location"":{""score"":74.87370380218039},""SR5_reaction"":{""value"":1.595790750043304,""score"":79.7895375021652},""_score"":47.47,""_levels_found"":5,""_target_level"":15.4},""volume"":{""V1_rvol_day"":{""value"":0.5158101113388945,""score"":1.0540074225929694},""V2_rvol_sameslot"":{""value"":0.6943315369886941,""score"":12.955435799246274,""status"":""ok""},""V3_breakout_bar"":{""value"":0.4309506606256683,""score"":0},""V4_base_dryup"":{""value"":0.8601639220028963,""score"":63.98360779971037},""V5_bo_expansion"":{""value"":0.5158101113388945,""score"":0},""_score"":15.6},""readiness"":{""_distance_atr"":0.895,""BR1_atr_distance"":{""score"":40.35452393325244},""BR2_compression"":{""score"":0},""BR3_retest"":{""score"":50.0},""BR4_bo_age"":{""score"":50.0},""_score"":33.64},""risk"":{""R1_stop_clarity"":{""score"":62.94820717131464},""R2_stop_distance_pct"":{""value"":7.329286798179065,""score"":100.0},""R3_stop_distance_atr"":{""value"":0.9621513944223112,""score"":73.10756972111557},""R4_rr_potential"":{""value"":2.6672067692861665,""score"":83.36033846430833},""_score"":79.67},""market"":{""M1_spy_regime"":{""score"":100.0},""M3_earnings_risk"":{""value"":null,""score"":80.0},""M4_vix"":{""value"":null,""score"":60.0},""_score"":84.0},""liquidity"":{""L1_price"":{""value"":15.157,""score"":100.0},""L2_dollar_vol"":{""value"":68245456.7614111,""score"":91.70368724049358},""L3_spread_proxy"":{""value"":0.0653163554793165,""score"":34.6836445206835},""L4_volume_zscore"":{""value"":-2.0498774312006405,""score"":100.0},""_score"":90.15},""pattern_structure"":{""left_low"":14.26,""left_idx"":28,""right_low"":14.93,""right_idx"":76,""separation_bars"":48,""structural_low"":14.26,""current_price"":15.24,""neckline_distance_pct"":0.062335958005249416,""base_bars"":48},""pattern_geometry_features"":{""low_similarity_pct"":0.045906132237067486,""bounce_pct"":0.13534361851332408,""right_bottom_reaction"":0.8833333333333331,""atr_pct"":0.07617602427921094},""_schema_version"":""1.0""}",,,,,,,,,,
20260508T185417Z-990aff,2026-05-08T18:54:17.243985+00:00,TSEM,double_bottom,forming,53.42,74.0,55.5,62.4,43.7,3.5,26.2,83.5,84.0,94.7,11.1,13.87,4.99,6.12,0.46,2.1,5.01,5.04,4.74,False,,208.43,232.67,191.9863,270.43,"{""trend"":{""T1_ema_stack"":{""value"":[true,true,true],""score"":100.0},""T2_ema50_slope"":{""value"":0.7474620115953614,""score"":100},""T3_high_proximity"":{""value"":0.9204239346434092,""score"":60.211967321704584},""T4_rs_1m"":{""value"":-0.062135868210843936,""score"":0},""T5_rs_3m"":{""value"":0.4311333037284524,""score"":100},""T6_adr_healthy"":{""value"":6.506815611185172,""score"":100.0},""_score"":74.03},""geometry"":{""sub_low_similarity"":39.6,""sub_bounce_quality"":100,""sub_separation_fit"":0.0,""sub_right_bottom_reaction"":24.0,""sub_base_context"":100.0,""_score"":55.48},""compression"":{""VC1_atr_ratio"":{""value"":0.5713078949057352,""score"":100},""VC2_range_contraction"":{""value"":0.8668551077159714,""score"":22.190815380671435},""VC3_range_pct_rank"":{""score"":58.33333333333333},""_score"":62.35},""sr_quality"":{""SR1_touches"":{""value"":2,""score"":25.0},""SR2_tightness"":{""value"":0.6655499999999961,""score"":91.4168542006539},""SR3_recency"":{""value"":241,""score"":0.0},""SR4_price_location"":{""score"":30.0},""SR5_reaction"":{""value"":2.390297453621609,""score"":100},""_score"":43.71,""_levels_found"":5,""_target_level"":196.0256},""volume"":{""V1_rvol_day"":{""value"":0.4272452422583669,""score"":0},""V2_rvol_sameslot"":{""value"":0.7629314639557836,""score"":17.52876426371891,""status"":""ok""},""V3_breakout_bar"":{""value"":0.39177213766070773,""score"":0},""V4_base_dryup"":{""value"":1.6052449901946761,""score"":0},""V5_bo_expansion"":{""value"":0.4272452422583669,""score"":0},""_score"":3.51},""readiness"":{""_distance_atr"":1.563,""BR1_atr_distance"":{""score"":0},""BR2_compression"":{""score"":34.90024613828013},""BR3_retest"":{""score"":50.0},""BR4_bo_age"":{""score"":50.0},""_score"":26.23},""risk"":{""R1_stop_clarity"":{""score"":62.29567392944412},""R2_stop_distance_pct"":{""value"":7.889291368804884,""score"":100.0},""R3_stop_distance_atr"":{""value"":1.0603128647240523,""score"":78.01564323620262},""R4_rr_potential"":{""value"":3.7704524238839836,""score"":100.0},""_score"":83.51},""market"":{""M1_spy_regime"":{""score"":100.0},""M3_earnings_risk"":{""value"":null,""score"":80.0},""M4_vix"":{""value"":null,""score"":60.0},""_score"":84.0},""liquidity"":{""L1_price"":{""value"":208.43,""score"":100.0},""L2_dollar_vol"":{""value"":216572002.40407127,""score"":100.0},""L3_spread_proxy"":{""value"":0.05266564314158234,""score"":47.33435685841766},""L4_volume_zscore"":{""value"":-1.7886124958031648,""score"":100.0},""_score"":94.73},""pattern_structure"":{""left_low"":194.91,""left_idx"":21,""right_low"":200.89,""right_idx"":69,""separation_bars"":48,""structural_low"":194.91,""current_price"":208.89,""neckline_distance_pct"":0.11383982000095745,""base_bars"":48},""pattern_geometry_features"":{""low_similarity_pct"":0.030217281455280395,""bounce_pct"":0.19373043969011333,""right_bottom_reaction"":0.239599383667181,""atr_pct"":0.0744053159334069},""_schema_version"":""1.0""}",,,,,,,,,,
20260508T185417Z-990aff,2026-05-08T18:54:17.243985+00:00,AVGO,bull_flag,absent,53.41,100.0,38.5,32.5,60.6,26.0,40.2,60.6,84.0,95.1,14.0,11.55,2.93,6.06,3.64,3.62,1.82,5.04,4.75,True,risk_unclear,427.67,437.68,400.2055,477.86,"{""trend"":{""T1_ema_stack"":{""value"":[true,true,true],""score"":100.0},""T2_ema50_slope"":{""value"":0.5500925604156364,""score"":100},""T3_high_proximity"":{""value"":1.0,""score"":99.99999999999997},""T4_rs_1m"":{""value"":0.12025585629221691,""score"":100},""T5_rs_3m"":{""value"":0.2166711940726631,""score"":100},""T6_adr_healthy"":{""value"":3.031756700275971,""score"":100.0},""_score"":100.0},""geometry"":{""sub_pole_impulse"":45.0,""sub_flag_tightness"":0,""sub_flag_shallowness"":0,""sub_flag_drift"":100,""sub_flag_duration"":100.0,""_score"":38.5},""compression"":{""VC1_atr_ratio"":{""value"":0.7142541842644944,""score"":71.4364539338764},""VC2_range_contraction"":{""value"":1.1240633830718472,""score"":0},""VC3_range_pct_rank"":{""score"":15.833333333333332},""_score"":32.53},""sr_quality"":{""SR1_touches"":{""value"":5,""score"":100},""SR2_tightness"":{""value"":3.5435157682731018,""score"":54.067641570295244},""SR3_recency"":{""value"":265,""score"":0.0},""SR4_price_location"":{""score"":30.0},""SR5_reaction"":{""value"":1.9977589916017728,""score"":99.88794958008864},""_score"":60.59,""_levels_found"":5,""_target_level"":355.776},""volume"":{""V1_rvol_day"":{""value"":0.6648267693260822,""score"":10.98845128840548},""V2_rvol_sameslot"":{""value"":1.0646696176251345,""score"":37.644641175008964,""status"":""ok""},""V3_breakout_bar"":{""value"":0.6437950910760396,""score"":9.586339405069307},""V4_base_dryup"":{""value"":0.8052442943886026,""score"":69.47557056113975},""V5_bo_expansion"":{""value"":0.6648267693260822,""score"":0},""_score"":26.02},""readiness"":{""_distance_atr"":0.649,""BR1_atr_distance"":{""score"":56.74889592251719},""BR2_compression"":{""score"":0},""BR3_retest"":{""score"":50.0},""BR4_bo_age"":{""score"":50.0},""_score"":40.2},""risk"":{""R1_stop_clarity"":{""score"":21.000843016917543},""R2_stop_distance_pct"":{""value"":6.421890710126964,""score"":100.0},""R3_stop_distance_atr"":{""value"":1.7800248970070338,""score"":100.0},""R4_rr_potential"":{""value"":1.8274499808844151,""score"":41.37249904422076},""_score"":60.62},""market"":{""M1_spy_regime"":{""score"":100.0},""M3_earnings_risk"":{""value"":null,""score"":80.0},""M4_vix"":{""value"":null,""score"":60.0},""_score"":84.0},""liquidity"":{""L1_price"":{""value"":427.67,""score"":100.0},""L2_dollar_vol"":{""value"":5716982238.617591,""score"":100.0},""L3_spread_proxy"":{""value"":0.049103280566792154,""score"":50.89671943320785},""L4_volume_zscore"":{""value"":-1.5175392017201346,""score"":100.0},""_score"":95.09},""pattern_structure"":{""pole_low"":397.5,""pole_low_idx"":18,""peak_price"":437.68,""peak_idx"":43,""pole_gain"":0.10108176100628932,""flag_bars"":16,""flag_low"":406.3,""flag_high"":435.0,""structural_low"":406.3,""current_price"":428.62,""neckline_distance_pct"":0.021137604404834125,""base_bars"":16},""pattern_geometry_features"":{""pole_gain"":0.10108176100628932,""pullback_pct"":0.0716962164138183,""flag_range_pct"":0.06557302138548708,""flag_drift_per_bar"":0.000586248411454569,""atr_pct"":0.03607753307790721,""pole_atr_multiple"":2.8017924836492973},""_schema_version"":""1.0""}",,,,,,,,,,
20260508T185417Z-990aff,2026-05-08T18:54:17.243985+00:00,VOYG,double_bottom,forming,53.24,42.5,51.8,44.2,78.5,29.1,51.8,39.2,84.0,81.7,6.37,12.94,3.53,10.99,3.78,4.15,2.35,5.04,4.08,True,reversal_trend_cap,29.305,29.775,25.1175,34.05,"{""trend"":{""T1_ema_stack"":{""value"":[true,false,false],""score"":33.33333333333333},""T2_ema50_slope"":{""value"":0.07210511183724078,""score"":62.01751863954013},""T3_high_proximity"":{""value"":0.9005838967424709,""score"":50.29194837123541},""T4_rs_1m"":{""value"":-0.09338038680953331,""score"":0},""T5_rs_3m"":{""value"":0.022689797446019178,""score"":61.34489872300959},""T6_adr_healthy"":{""value"":7.48740127001363,""score"":100.0},""_score"":42.48},""geometry"":{""sub_low_similarity"":34.4,""sub_bounce_quality"":100,""sub_separation_fit"":0.0,""sub_right_bottom_reaction"":9.5,""sub_base_context"":100.0,""_score"":51.75},""compression"":{""VC1_atr_ratio"":{""value"":0.4529871209903287,""score"":100},""VC2_range_contraction"":{""value"":0.9715871599327655,""score"":4.735473344539091},""VC3_range_pct_rank"":{""score"":9.999999999999998},""_score"":44.16},""sr_quality"":{""SR1_touches"":{""value"":7,""score"":100},""SR2_tightness"":{""value"":0.40311937412622356,""score"":63.54205770840906},""SR3_recency"":{""value"":112,""score"":0.0},""SR4_price_location"":{""score"":95.90311919097037},""SR5_reaction"":{""value"":2.2507167874142584,""score"":100},""_score"":78.51,""_levels_found"":4,""_target_level"":29.4728},""volume"":{""V1_rvol_day"":{""value"":0.8391196381178939,""score"":22.60797587452626},""V2_rvol_sameslot"":{""value"":1.5659935715041575,""score"":71.06623810027716,""status"":""ok""},""V3_breakout_bar"":{""value"":0.6380428494302107,""score"":9.202856628680715},""V4_base_dryup"":{""value"":1.096759926110698,""score"":40.324007388930205},""V5_bo_expansion"":{""value"":0.8391196381178938,""score"":0},""_score"":29.1},""readiness"":{""_distance_atr"":0.213,""BR1_atr_distance"":{""score"":85.83113425215632},""BR2_compression"":{""score"":0},""BR3_retest"":{""score"":50.0},""BR4_bo_age"":{""score"":50.0},""_score"":51.83},""risk"":{""R1_stop_clarity"":{""score"":65.40686500925386},""R2_stop_distance_pct"":{""value"":14.289370414605015,""score"":0.0},""R3_stop_distance_atr"":{""value"":1.8935784676307097,""score"":100.0},""R4_rr_potential"":{""value"":1.1331343283582083,""score"":6.656716417910413},""_score"":39.22},""market"":{""M1_spy_regime"":{""score"":100.0},""M3_earnings_risk"":{""value"":null,""score"":80.0},""M4_vix"":{""value"":null,""score"":60.0},""_score"":84.0},""liquidity"":{""L1_price"":{""value"":29.305,""score"":100.0},""L2_dollar_vol"":{""value"":38367209.77877391,""score"":79.19801083332807},""L3_spread_proxy"":{""value"":0.12284593072854466,""score"":0},""L4_volume_zscore"":{""value"":-0.3606085425433794,""score"":100.0},""_score"":81.68},""pattern_structure"":{""left_low"":26.35,""left_idx"":28,""right_low"":25.5,""right_idx"":74,""separation_bars"":46,""structural_low"":25.5,""current_price"":29.27,""neckline_distance_pct"":0.017253160232319747,""base_bars"":46},""pattern_geometry_features"":{""low_similarity_pct"":0.0327868852459017,""bounce_pct"":0.16764705882352934,""right_bottom_reaction"":0.09459459459459518,""atr_pct"":0.07546225656275135},""_schema_version"":""1.0""}",,,,,,,,,,
20260508T185417Z-990aff,2026-05-08T18:54:17.243985+00:00,UEC,cup_with_handle,setup,53.1,64.6,57.4,51.3,47.5,13.8,57.5,38.3,84.0,90.2,9.05,17.23,4.11,5.7,1.79,4.6,1.92,4.2,4.51,True,stop_too_wide,15.157,14.61,12.7755,17.565,"{""trend"":{""T1_ema_stack"":{""value"":[true,true,true],""score"":100.0},""T2_ema50_slope"":{""value"":0.11919014340890748,""score"":69.86502390148458},""T3_high_proximity"":{""value"":0.8863742690058479,""score"":43.18713450292394},""T4_rs_1m"":{""value"":0.020789534496783668,""score"":70.78953449678366},""T5_rs_3m"":{""value"":-0.12767116762706032,""score"":0},""T6_adr_healthy"":{""value"":6.766025701883657,""score"":100.0},""_score"":64.61},""geometry"":{""sub_cup_depth"":100.0,""sub_cup_duration"":84.0,""sub_rim_symmetry"":67.3,""sub_handle_shallowness"":6.5,""sub_handle_proportion"":65.1,""sub_u_shape"":23.8,""_score"":57.44},""compression"":{""VC1_atr_ratio"":{""value"":0.6262357804997044,""score"":93.44105487507389},""VC2_range_contraction"":{""value"":1.114967952877674,""score"":0},""VC3_range_pct_rank"":{""score"":55.833333333333336},""_score"":51.33},""sr_quality"":{""SR1_touches"":{""value"":2,""score"":25.0},""SR2_tightness"":{""value"":0.21999999999999975,""score"":61.89156417807038},""SR3_recency"":{""value"":238,""score"":0.0},""SR4_price_location"":{""score"":74.87370380218039},""SR5_reaction"":{""value"":1.595790750043304,""score"":79.7895375021652},""_score"":47.47,""_levels_found"":5,""_target_level"":15.4},""volume"":{""V1_rvol_day"":{""value"":0.5158101113388945,""score"":1.0540074225929694},""V2_rvol_sameslot"":{""value"":0.6943315369886941,""score"":12.955435799246274,""status"":""ok""},""V3_breakout_bar"":{""value"":0.4309506606256683,""score"":0},""V4_base_dryup"":{""value"":0.9508658830734305,""score"":54.91341169265696},""V5_bo_expansion"":{""value"":0.5158101113388945,""score"":0},""_score"":13.78},""readiness"":{""_distance_atr"":-0.474,""BR1_atr_distance"":{""score"":100.0},""BR2_compression"":{""score"":0},""BR3_retest"":{""score"":50.0},""BR4_bo_age"":{""score"":50.0},""_score"":57.5},""risk"":{""R1_stop_clarity"":{""score"":66.30001732201637},""R2_stop_distance_pct"":{""value"":15.712542059774353,""score"":0.0},""R3_stop_distance_atr"":{""value"":2.0626623939026487,""score"":100.0},""R4_rr_potential"":{""value"":1.011106212340702,""score"":0.5553106170350985},""_score"":38.32},""market"":{""M1_spy_regime"":{""score"":100.0},""M3_earnings_risk"":{""value"":null,""score"":80.0},""M4_vix"":{""value"":null,""score"":60.0},""_score"":84.0},""liquidity"":{""L1_price"":{""value"":15.157,""score"":100.0},""L2_dollar_vol"":{""value"":68245456.7614111,""score"":91.70368724049358},""L3_spread_proxy"":{""value"":0.0653163554793165,""score"":34.6836445206835},""L4_volume_zscore"":{""value"":-2.0498774312006405,""score"":100.0},""_score"":90.15},""pattern_structure"":{""left_rim"":14.375,""left_rim_idx"":73,""cup_bottom"":11.42,""cup_bottom_idx"":83,""right_rim"":14.61,""right_rim_idx"":157,""handle_low"":12.97,""handle_bars"":22,""cup_bars"":84,""structural_low"":12.97,""current_price"":15.157,""neckline_distance_pct"":-0.036088935805238545,""base_bars"":106},""pattern_geometry_features"":{""cup_depth_pct"":0.20556521739130434,""rim_symmetry_pct"":0.016347826086956483,""handle_depth_pct"":0.11225188227241607,""handle_to_cup_ratio"":0.2619047619047619,""cup_duration_bars"":84.0,""atr_pct"":0.07617602427921094,""u_shape_score"":0.11904761904761904},""_schema_version"":""1.0""}",,,,,,,,,,
20260508T185417Z-990aff,2026-05-08T18:54:17.243985+00:00,NVDA,vcp,absent,53.07,99.1,35.0,43.2,49.7,16.0,59.3,43.2,84.0,97.7,14.86,8.75,5.18,5.96,2.07,4.15,2.16,5.04,4.89,True,risk_unclear,215.35,216.825,191.8189,269.38,"{""trend"":{""T1_ema_stack"":{""value"":[true,true,true],""score"":100.0},""T2_ema50_slope"":{""value"":0.3042701433928385,""score"":100},""T3_high_proximity"":{""value"":0.9941830940399796,""score"":97.09154701998979},""T4_rs_1m"":{""value"":0.08619931914036028,""score"":100},""T5_rs_3m"":{""value"":0.09354824979175658,""score"":96.77412489587829},""T6_adr_healthy"":{""value"":2.99355352540353,""score"":100.0},""_score"":99.08},""geometry"":{""sub_contraction_count"":100.0,""sub_reduction_rate"":0,""sub_pivot_tightness"":0,""sub_volume_dryup"":0,""sub_base_depth"":0.0,""sub_base_duration"":100.0,""_score"":35.0},""compression"":{""VC1_atr_ratio"":{""value"":0.7329340476942084,""score"":66.76648807644789},""VC2_range_contraction"":{""value"":1.364093952904114,""score"":0},""VC3_range_pct_rank"":{""score"":65.83333333333333},""_score"":43.16},""sr_quality"":{""SR1_touches"":{""value"":3,""score"":50.0},""SR2_tightness"":{""value"":0.6923362108750947,""score"":81.19064150865334},""SR3_recency"":{""value"":234,""score"":0.0},""SR4_price_location"":{""score"":30.0},""SR5_reaction"":{""value"":3.126320637489576,""score"":100},""_score"":49.68,""_levels_found"":5,""_target_level"":196.9502},""volume"":{""V1_rvol_day"":{""value"":0.6304544161296208,""score"":8.696961075308057},""V2_rvol_sameslot"":{""value"":0.7128509509238312,""score"":14.190063394922081,""status"":""ok""},""V3_breakout_bar"":{""value"":0.42421221028640194,""score"":0},""V4_base_dryup"":{""value"":0.9306623581563755,""score"":56.933764184362445},""V5_bo_expansion"":{""value"":0.6304544161296208,""score"":0},""_score"":15.96},""readiness"":{""_distance_atr"":0.2,""BR1_atr_distance"":{""score"":86.64242250179346},""BR2_compression"":{""score"":28.58209388015428},""BR3_retest"":{""score"":50.0},""BR4_bo_age"":{""score"":50.0},""_score"":59.3},""risk"":{""R1_stop_clarity"":{""score"":20.6396888881128},""R2_stop_distance_pct"":{""value"":10.926909681913157,""score"":26.827257952171067},""R3_stop_distance_atr"":{""value"":3.196459239336089,""score"":100.0},""R4_rr_potential"":{""value"":2.296110254089271,""score"":64.80551270446355},""_score"":43.23},""market"":{""M1_spy_regime"":{""score"":100.0},""M3_earnings_risk"":{""value"":null,""score"":80.0},""M4_vix"":{""value"":null,""score"":60.0},""_score"":84.0},""liquidity"":{""L1_price"":{""value"":215.35,""score"":100.0},""L2_dollar_vol"":{""value"":20114096825.60794,""score"":100.0},""L3_spread_proxy"":{""value"":0.02280009287206884,""score"":77.19990712793116},""L4_volume_zscore"":{""value"":-1.4207239824621463,""score"":100.0},""_score"":97.72},""pattern_structure"":{""n_contractions"":5,""contractions_pct"":[11.63,4.95,9.09,9.35,10.19],""descending_strict"":false,""final_low"":194.74,""final_pivot"":216.825,""structural_low"":194.74,""dry_up_ratio"":1.0175624090971058,""current_price"":215.35,""neckline_distance_pct"":0.006849315068493124,""base_bars"":47,""recent_base_height"":52.55499999999998},""pattern_geometry_features"":{""contraction_count"":5.0,""first_contraction_pct"":0.11632804550323614,""last_contraction_pct"":0.10185633575464074,""dry_up_ratio"":1.0175624090971058,""near_monotone"":0.0,""base_depth_pct"":0.014622787341389047},""_schema_version"":""1.0""}",,,,,,,,,,
20260508T185417Z-990aff,2026-05-08T18:54:17.243985+00:00,PL,bull_flag,absent,52.8,96.5,32.6,53.0,39.8,42.8,40.8,51.1,84.0,90.6,13.52,9.77,4.77,3.98,5.99,3.68,1.53,5.04,4.53,False,,38.811,40.92,34.4061,46.9994,"{""trend"":{""T1_ema_stack"":{""value"":[true,true,true],""score"":100.0},""T2_ema50_slope"":{""value"":0.6389789778413608,""score"":100},""T3_high_proximity"":{""value"":0.9729506141890197,""score"":86.47530709450984},""T4_rs_1m"":{""value"":0.04907610922521055,""score"":99.07610922521056},""T5_rs_3m"":{""value"":0.6755992837718146,""score"":100},""T6_adr_healthy"":{""value"":8.9981619240552,""score"":75.04595189862},""_score"":96.54},""geometry"":{""sub_pole_impulse"":25.2,""sub_flag_tightness"":0,""sub_flag_shallowness"":0,""sub_flag_drift"":100,""sub_flag_duration"":100.0,""_score"":32.56},""compression"":{""VC1_atr_ratio"":{""value"":0.6075913705990725,""score"":98.10215735023186},""VC2_range_contraction"":{""value"":0.9107217577329214,""score"":14.879707044513099},""VC3_range_pct_rank"":{""score"":34.166666666666664},""_score"":52.99},""sr_quality"":{""SR1_touches"":{""value"":2,""score"":25.0},""SR2_tightness"":{""value"":0.5800000000000018,""score"":65.62992059326469},""SR3_recency"":{""value"":245,""score"":0.0},""SR4_price_location"":{""score"":30.0},""SR5_reaction"":{""value"":2.5325711528368022,""score"":100},""_score"":39.84,""_levels_found"":5,""_target_level"":37.63},""volume"":{""V1_rvol_day"":{""value"":0.8521801531692603,""score"":23.47867687795069},""V2_rvol_sameslot"":{""value"":1.614360667566272,""score"":74.2907111710848,""status"":""ok""},""V3_breakout_bar"":{""value"":0.8790580517628271,""score"":25.270536784188476},""V4_base_dryup"":{""value"":0.6557223605170746,""score"":84.42776394829255},""V5_bo_expansion"":{""value"":0.8521801531692603,""score"":0},""_score"":42.76},""readiness"":{""_distance_atr"":0.625,""BR1_atr_distance"":{""score"":58.341093408732995},""BR2_compression"":{""score"":0},""BR3_retest"":{""score"":50.0},""BR4_bo_age"":{""score"":50.0},""_score"":40.84},""risk"":{""R1_stop_clarity"":{""score"":68.95137395662263},""R2_stop_distance_pct"":{""value"":11.349746205972533,""score"":16.256344850686677},""R3_stop_distance_atr"":{""value"":1.3051593214025705,""score"":90.25796607012853},""R4_rr_potential"":{""value"":1.858908727681359,""score"":42.945436384067946},""_score"":51.14},""market"":{""M1_spy_regime"":{""score"":100.0},""M3_earnings_risk"":{""value"":null,""score"":80.0},""M4_vix"":{""value"":null,""score"":60.0},""_score"":84.0},""liquidity"":{""L1_price"":{""value"":38.811,""score"":100.0},""L2_dollar_vol"":{""value"":341290046.3818141,""score"":100.0},""L3_spread_proxy"":{""value"":0.0943031614748397,""score"":5.696838525160288},""L4_volume_zscore"":{""value"":-0.47608667634292157,""score"":100.0},""_score"":90.57},""pattern_structure"":{""pole_low"":34.8406,""pole_low_idx"":26,""peak_price"":40.92,""peak_idx"":49,""pole_gain"":0.17449182849893513,""flag_bars"":10,""flag_low"":34.93,""flag_high"":39.46,""structural_low"":34.93,""current_price"":39.085,""neckline_distance_pct"":0.04694895740053731,""base_bars"":10},""pattern_geometry_features"":{""pole_gain"":0.17449182849893513,""pullback_pct"":0.1463831867057674,""flag_range_pct"":0.11070381231671557,""flag_drift_per_bar"":0.009082101557987443,""atr_pct"":0.08696061867585402,""pole_atr_multiple"":2.006561489050049},""_schema_version"":""1.0""}",,,,,,,,,,
20260508T185417Z-990aff,2026-05-08T18:54:17.243985+00:00,TSLA,double_bottom,setup,52.62,63.3,63.7,53.6,45.6,19.5,33.9,23.5,84.0,96.5,9.49,15.93,4.29,6.39,2.53,2.71,1.41,5.04,4.83,True,risk_unclear,428.88,415.83,379.0284,446.8596,"{""trend"":{""T1_ema_stack"":{""value"":[true,false,false],""score"":33.33333333333333},""T2_ema50_slope"":{""value"":-0.020431605590535147,""score"":46.594732401577474},""T3_high_proximity"":{""value"":1.0,""score"":99.99999999999997},""T4_rs_1m"":{""value"":0.15614654637378944,""score"":100},""T5_rs_3m"":{""value"":-0.02470727238562942,""score"":37.64636380718529},""T6_adr_healthy"":{""value"":3.6691177112386857,""score"":100.0},""_score"":63.3},""geometry"":{""sub_low_similarity"":12.0,""sub_bounce_quality"":72.3,""sub_separation_fit"":100.0,""sub_right_bottom_reaction"":70.9,""sub_base_context"":100.0,""_score"":63.7},""compression"":{""VC1_atr_ratio"":{""value"":0.5220860375752581,""score"":100},""VC2_range_contraction"":{""value"":0.9195964589837626,""score"":13.400590169372894},""VC3_range_pct_rank"":{""score"":35.83333333333333},""_score"":53.65},""sr_quality"":{""SR1_touches"":{""value"":3,""score"":50.0},""SR2_tightness"":{""value"":2.705044669994686,""score"":60.794546546337514},""SR3_recency"":{""value"":296,""score"":0.0},""SR4_price_location"":{""score"":26.002512034783372},""SR5_reaction"":{""value"":2.3742701076898522,""score"":100},""_score"":45.62,""_levels_found"":6,""_target_level"":455.2},""volume"":{""V1_rvol_day"":{""value"":0.787769145329189,""score"":19.184609688612596},""V2_rvol_sameslot"":{""value"":0.8370080313015248,""score"":22.46720208676832,""status"":""ok""},""V3_breakout_bar"":{""value"":0.5159945282596181,""score"":1.0663018839745408},""V4_base_dryup"":{""value"":0.9568189834714517,""score"":54.318101652854835},""V5_bo_expansion"":{""value"":0.7877691453291891,""score"":0},""_score"":19.46},""readiness"":{""_distance_atr"":-0.946,""BR1_atr_distance"":{""score"":41.08603627712732},""BR2_compression"":{""score"":0},""BR3_retest"":{""score"":50.0},""BR4_bo_age"":{""score"":50.0},""_score"":33.93},""risk"":{""R1_stop_clarity"":{""score"":16.343668894862844},""R2_stop_distance_pct"":{""value"":11.62367235590375,""score"":9.40819110240625},""R3_stop_distance_atr"":{""value"":3.6126109862488174,""score"":100.0},""R4_rr_potential"":{""value"":0.36066240273181865,""score"":0.0},""_score"":23.54},""market"":{""M1_spy_regime"":{""score"":100.0},""M3_earnings_risk"":{""value"":null,""score"":80.0},""M4_vix"":{""value"":null,""score"":60.0},""_score"":84.0},""liquidity"":{""L1_price"":{""value"":428.88,""score"":100.0},""L2_dollar_vol"":{""value"":21264926819.707363,""score"":100.0},""L3_spread_proxy"":{""value"":0.03453180376795375,""score"":65.46819623204625},""L4_volume_zscore"":{""value"":-0.7589080952691208,""score"":100.0},""_score"":96.55},""pattern_structure"":{""left_low"":384.8004,""left_idx"":53,""right_low"":402.12,""right_idx"":74,""separation_bars"":21,""structural_low"":384.8004,""current_price"":428.64,""neckline_distance_pct"":-0.029885218365061597,""base_bars"":21},""pattern_geometry_features"":{""low_similarity_pct"":0.044018683465316136,""bounce_pct"":0.08063816981479219,""right_bottom_reaction"":0.7085152838427982,""atr_pct"":0.03217526714099179},""_schema_version"":""1.0""}",,,,,,,,,,
20260508T185417Z-990aff,2026-05-08T18:54:17.243985+00:00,WWD,base_on_base,forming,52.58,41.3,55.0,64.8,76.9,12.5,29.3,55.0,84.0,95.1,7.43,13.75,6.48,7.69,1.5,2.34,2.75,5.88,4.75,False,,370.61,406.9999,333.6983,459.7399,"{""trend"":{""T1_ema_stack"":{""value"":[false,true,true],""score"":66.66666666666666},""T2_ema50_slope"":{""value"":0.02088307928494805,""score"":53.48051321415801},""T3_high_proximity"":{""value"":0.9190576565406076,""score"":59.528828270303755},""T4_rs_1m"":{""value"":-0.14059672999552764,""score"":0},""T5_rs_3m"":{""value"":-0.11398061958167349,""score"":0},""T6_adr_healthy"":{""value"":3.694567431587342,""score"":100.0},""_score"":41.29},""geometry"":{""sub_shallower_second"":0,""sub_second_base_depth"":100.0,""sub_rim_advance"":100,""sub_dry_up"":0,""sub_second_base_duration"":100.0,""_score"":55.0},""compression"":{""VC1_atr_ratio"":{""value"":0.36986998371655416,""score"":100},""VC2_range_contraction"":{""value"":0.935257472816255,""score"":10.790421197290827},""VC3_range_pct_rank"":{""score"":84.16666666666667},""_score"":64.82},""sr_quality"":{""SR1_touches"":{""value"":5,""score"":100},""SR2_tightness"":{""value"":2.2512494394002656,""score"":69.04547774465426},""SR3_recency"":{""value"":229,""score"":0.0},""SR4_price_location"":{""score"":87.30544998615194},""SR5_reaction"":{""value"":1.966058494166593,""score"":98.30292470832966},""_score"":76.93,""_levels_found"":7,""_target_level"":373.5556},""volume"":{""V1_rvol_day"":{""value"":0.21792426971382442,""score"":0},""V2_rvol_sameslot"":{""value"":0.5619661376163313,""score"":4.1310758410887525,""status"":""ok""},""V3_breakout_bar"":{""value"":0.7456667208729201,""score"":16.377781391528003},""V4_base_dryup"":{""value"":1.120342402415755,""score"":37.96575975842451},""V5_bo_expansion"":{""value"":0.21792426971382436,""score"":0},""_score"":12.51},""readiness"":{""_distance_atr"":2.502,""BR1_atr_distance"":{""score"":0},""BR2_compression"":{""score"":47.13338298309233},""BR3_retest"":{""score"":50.0},""BR4_bo_age"":{""score"":50.0},""_score"":29.28},""risk"":{""R1_stop_clarity"":{""score"":30.126980603759264},""R2_stop_distance_pct"":{""value"":9.959715064353377,""score"":51.00712339116558},""R3_stop_distance_atr"":{""value"":2.5376664600903402,""score"":100.0},""R4_rr_potential"":{""value"":2.4146788145764053,""score"":70.73394072882027},""_score"":54.99},""market"":{""M1_spy_regime"":{""score"":100.0},""M3_earnings_risk"":{""value"":null,""score"":80.0},""M4_vix"":{""value"":null,""score"":60.0},""_score"":84.0},""liquidity"":{""L1_price"":{""value"":370.61,""score"":100.0},""L2_dollar_vol"":{""value"":70798650.9686462,""score"":92.50124912569282},""L3_spread_proxy"":{""value"":0.019373465367906982,""score"":80.62653463209301},""L4_volume_zscore"":{""value"":-1.6339246427196203,""score"":100.0},""_score"":95.06},""pattern_structure"":{""first_base_low"":286.36,""first_base_top"":339.1,""first_base_bars"":20,""second_base_low"":338.78,""second_base_top"":406.9999,""second_base_bars"":44,""structural_low"":338.78,""stacking_overlap_pct"":0.0009436744323209967,""current_price"":370.61,""neckline_distance_pct"":0.09818920158657352,""base_bars"":44},""pattern_geometry_features"":{""first_base_depth_pct"":0.15552934237688,""second_base_depth_pct"":0.16761650309987802,""second_dry_up_ratio"":1.4054919705322215,""rim_advance_pct"":0.2002356237098201,""atr_pct"":0.039247533988366674},""_schema_version"":""1.0""}",,,,,,,,,,
20260508T185417Z-990aff,2026-05-08T18:54:17.243985+00:00,ADSK,double_bottom,forming,52.49,46.3,56.3,63.0,57.7,19.7,27.5,61.2,84.0,97.7,6.94,14.07,5.04,8.07,2.56,2.2,3.67,5.04,4.88,True,risk_unclear;reversal_trend_cap,245.45,255.135,228.7372,278.0495,"{""trend"":{""T1_ema_stack"":{""value"":[true,false,false],""score"":33.33333333333333},""T2_ema50_slope"":{""value"":-0.05435232533593374,""score"":40.94127911067771},""T3_high_proximity"":{""value"":0.9293124337422383,""score"":64.65621687111911},""T4_rs_1m"":{""value"":0.005505097006853754,""score"":55.50509700685375},""T5_rs_3m"":{""value"":-0.04692505795872437,""score"":26.537471020637817},""T6_adr_healthy"":{""value"":3.119837435938153,""score"":100.0},""_score"":46.3},""geometry"":{""sub_low_similarity"":18.1,""sub_bounce_quality"":98.1,""sub_separation_fit"":0.0,""sub_right_bottom_reaction"":74.9,""sub_base_context"":100.0,""_score"":56.29},""compression"":{""VC1_atr_ratio"":{""value"":0.451206765904036,""score"":100},""VC2_range_contraction"":{""value"":0.863619065779578,""score"":22.73015570340366},""VC3_range_pct_rank"":{""score"":60.0},""_score"":62.96},""sr_quality"":{""SR1_touches"":{""value"":2,""score"":25.0},""SR2_tightness"":{""value"":1.1599999999999966,""score"":73.08963768776364},""SR3_recency"":{""value"":245,""score"":0.0},""SR4_price_location"":{""score"":96.82490272373528},""SR5_reaction"":{""value"":3.584761841636497,""score"":100},""_score"":57.67,""_levels_found"":6,""_target_level"":245.96},""volume"":{""V1_rvol_day"":{""value"":0.42622184245213246,""score"":0},""V2_rvol_sameslot"":{""value"":0.8218136990664893,""score"":21.454246604432615,""status"":""ok""},""V3_breakout_bar"":{""value"":0.7133544152772134,""score"":14.223627685147564},""V4_base_dryup"":{""value"":0.9061512934744548,""score"":59.384870652554525},""V5_bo_expansion"":{""value"":0.42622184245213246,""score"":0},""_score"":19.72},""readiness"":{""_distance_atr"":1.123,""BR1_atr_distance"":{""score"":25.10722442700866},""BR2_compression"":{""score"":0},""BR3_retest"":{""score"":50.0},""BR4_bo_age"":{""score"":50.0},""_score"":27.54},""risk"":{""R1_stop_clarity"":{""score"":19.19218373281865},""R2_stop_distance_pct"":{""value"":6.809047667549398,""score"":100.0},""R3_stop_distance_atr"":{""value"":1.9385676943088892,""score"":100.0},""R4_rr_potential"":{""value"":1.9505699446367695,""score"":47.52849723183847},""_score"":61.22},""market"":{""M1_spy_regime"":{""score"":100.0},""M3_earnings_risk"":{""value"":null,""score"":80.0},""M4_vix"":{""value"":null,""score"":60.0},""_score"":84.0},""liquidity"":{""L1_price"":{""value"":245.45,""score"":100.0},""L2_dollar_vol"":{""value"":187982867.38356742,""score"":100.0},""L3_spread_proxy"":{""value"":0.023304135261764104,""score"":76.6958647382359},""L4_volume_zscore"":{""value"":-2.045217221934901,""score"":100.0},""_score"":97.67},""pattern_structure"":{""left_low"":232.2205,""left_idx"":28,""right_low"":241.93,""right_idx"":76,""separation_bars"":48,""structural_low"":232.2205,""current_price"":245.19,""neckline_distance_pct"":0.040560381744769336,""base_bars"":48},""pattern_geometry_features"":{""low_similarity_pct"":0.0409553506745222,""bounce_pct"":0.09867561218755452,""right_bottom_reaction"":0.7485029940119753,""atr_pct"":0.03512411605505922},""_schema_version"":""1.0""}",,,,,,,,,,
20260508T185417Z-990aff,2026-05-08T18:54:17.243985+00:00,BA,double_bottom,forming,52.42,65.3,51.7,54.6,42.5,17.5,56.3,45.0,84.0,97.1,9.8,12.93,4.37,5.95,2.27,4.51,2.7,5.04,4.86,True,risk_unclear,236.33,236.63,223.6639,246.19,"{""trend"":{""T1_ema_stack"":{""value"":[true,true,true],""score"":100.0},""T2_ema50_slope"":{""value"":0.1412589708690292,""score"":73.54316181150486},""T3_high_proximity"":{""value"":0.9657553839238282,""score"":82.87769196191408},""T4_rs_1m"":{""value"":-0.010819482949754322,""score"":39.180517050245676},""T5_rs_3m"":{""value"":-0.09550032646121254,""score"":2.249836769393731},""T6_adr_healthy"":{""value"":2.707765928320761,""score"":100.0},""_score"":65.31},""geometry"":{""sub_low_similarity"":77.8,""sub_bounce_quality"":17.3,""sub_separation_fit"":0.0,""sub_right_bottom_reaction"":32.7,""sub_base_context"":100.0,""_score"":51.7},""compression"":{""VC1_atr_ratio"":{""value"":0.5527960105424687,""score"":100},""VC2_range_contraction"":{""value"":0.892489221592147,""score"":17.918463067975495},""VC3_range_pct_rank"":{""score"":33.333333333333336},""_score"":54.6},""sr_quality"":{""SR1_touches"":{""value"":2,""score"":25.0},""SR2_tightness"":{""value"":0.4749999999999943,""score"":85.94526048821743},""SR3_recency"":{""value"":233,""score"":0.0},""SR4_price_location"":{""score"":30.0},""SR5_reaction"":{""value"":1.946211560815807,""score"":97.31057804079035},""_score"":42.49,""_levels_found"":4,""_target_level"":235.975},""volume"":{""V1_rvol_day"":{""value"":0.757534564984292,""score"":17.168970998952794},""V2_rvol_sameslot"":{""value"":0.7185150469913157,""score"":14.567669799421049,""status"":""ok""},""V3_breakout_bar"":{""value"":0.3306577114556908,""score"":0},""V4_base_dryup"":{""value"":0.9422290935354856,""score"":55.77709064645144},""V5_bo_expansion"":{""value"":0.757534564984292,""score"":0},""_score"":17.5},""readiness"":{""_distance_atr"":0.044,""BR1_atr_distance"":{""score"":97.0411074712038},""BR2_compression"":{""score"":0},""BR3_retest"":{""score"":50.0},""BR4_bo_age"":{""score"":50.0},""_score"":56.32},""risk"":{""R1_stop_clarity"":{""score"":0},""R2_stop_distance_pct"":{""value"":5.359476156222237,""score"":100.0},""R3_stop_distance_atr"":{""value"":1.8738740357180617,""score"":100.0},""R4_rr_potential"":{""value"":0.7784589512910477,""score"":0.0},""_score"":45.0},""market"":{""M1_spy_regime"":{""score"":100.0},""M3_earnings_risk"":{""value"":null,""score"":80.0},""M4_vix"":{""value"":null,""score"":60.0},""_score"":84.0},""liquidity"":{""L1_price"":{""value"":236.33,""score"":100.0},""L2_dollar_vol"":{""value"":1106889885.509461,""score"":100.0},""L3_spread_proxy"":{""value"":0.028709854863961395,""score"":71.2901451360386},""L4_volume_zscore"":{""value"":-0.531971190104301,""score"":100.0},""_score"":97.13},""pattern_structure"":{""left_low"":227.07,""left_idx"":29,""right_low"":229.6,""right_idx"":74,""separation_bars"":45,""structural_low"":227.07,""current_price"":236.33,""neckline_distance_pct"":0.0012694114162399312,""base_bars"":45},""pattern_geometry_features"":{""low_similarity_pct"":0.01108021109334969,""bounce_pct"":0.04210155458669134,""right_bottom_reaction"":0.32706766917293095,""atr_pct"":0.028601048171140838},""_schema_version"":""1.0""}",,,,,,,,,,
20260508T185417Z-990aff,2026-05-08T18:54:17.243985+00:00,TXN,bull_flag,absent,52.37,99.9,29.1,59.0,49.3,21.5,52.5,58.2,84.0,98.2,13.98,8.72,5.31,4.93,3.01,4.73,1.75,5.04,4.91,True,risk_unclear,288.94,292.64,276.785,309.7,"{""trend"":{""T1_ema_stack"":{""value"":[true,true,true],""score"":100.0},""T2_ema50_slope"":{""value"":0.644692145891839,""score"":100},""T3_high_proximity"":{""value"":0.9982725262576009,""score"":99.13626312880042},""T4_rs_1m"":{""value"":0.2592781384949574,""score"":100},""T5_rs_3m"":{""value"":0.23689126334584532,""score"":100},""T6_adr_healthy"":{""value"":3.1463983158802984,""score"":100.0},""_score"":99.87},""geometry"":{""sub_pole_impulse"":13.6,""sub_flag_tightness"":0,""sub_flag_shallowness"":0,""sub_flag_drift"":100,""sub_flag_duration"":100.0,""_score"":29.08},""compression"":{""VC1_atr_ratio"":{""value"":0.5562894032099776,""score"":100},""VC2_range_contraction"":{""value"":1.0153152086772457,""score"":0},""VC3_range_pct_rank"":{""score"":75.83333333333333},""_score"":58.96},""sr_quality"":{""SR1_touches"":{""value"":4,""score"":75.0},""SR2_tightness"":{""value"":2.6941881894181074,""score"":53.52332370556046},""SR3_recency"":{""value"":275,""score"":0.0},""SR4_price_location"":{""score"":30.0},""SR5_reaction"":{""value"":1.4970387297065348,""score"":74.85193648532675},""_score"":49.26,""_levels_found"":5,""_target_level"":228.58},""volume"":{""V1_rvol_day"":{""value"":0.4217925212262887,""score"":0},""V2_rvol_sameslot"":{""value"":0.9188840932000122,""score"":27.92560621333415,""status"":""ok""},""V3_breakout_bar"":{""value"":0.8694092511096705,""score"":24.627283407311364},""V4_base_dryup"":{""value"":1.0110070559729147,""score"":48.89929440270853},""V5_bo_expansion"":{""value"":0.4217925212262886,""score"":0},""_score"":21.52},""readiness"":{""_distance_atr"":0.319,""BR1_atr_distance"":{""score"":78.72411648094429},""BR2_compression"":{""score"":14.084393043213778},""BR3_retest"":{""score"":50.0},""BR4_bo_age"":{""score"":50.0},""_score"":52.51},""risk"":{""R1_stop_clarity"":{""score"":27.288230513929108},""R2_stop_distance_pct"":{""value"":4.206755727832778,""score"":100.0},""R3_stop_distance_atr"":{""value"":1.0484122871923929,""score"":77.42061435961965},""R4_rr_potential"":{""value"":1.7079391197038207,""score"":35.396955985191035},""_score"":58.24},""market"":{""M1_spy_regime"":{""score"":100.0},""M3_earnings_risk"":{""value"":null,""score"":80.0},""M4_vix"":{""value"":null,""score"":60.0},""_score"":84.0},""liquidity"":{""L1_price"":{""value"":288.94,""score"":100.0},""L2_dollar_vol"":{""value"":1021637970.9018881,""score"":100.0},""L3_spread_proxy"":{""value"":0.018342562469716824,""score"":81.65743753028318},""L4_volume_zscore"":{""value"":-0.9940901870317645,""score"":100.0},""_score"":98.17},""pattern_structure"":{""pole_low"":275.58,""pole_low_idx"":37,""peak_price"":292.64,""peak_idx"":48,""pole_gain"":0.06190579867914944,""flag_bars"":11,""flag_low"":281.0,""flag_high"":292.5,""structural_low"":281.0,""current_price"":289.19,""neckline_distance_pct"":0.011929873093813716,""base_bars"":11},""pattern_geometry_features"":{""pole_gain"":0.06190579867914944,""pullback_pct"":0.03977583378895567,""flag_range_pct"":0.039297430289775837,""flag_drift_per_bar"":0.002921325709112304,""atr_pct"":0.04012501359649557,""pole_atr_multiple"":1.542823120303096},""_schema_version"":""1.0""}",,,,,,,,,,
20260508T185417Z-990aff,2026-05-08T18:54:17.243985+00:00,SIRI,vcp,absent,52.2,96.5,38.2,51.5,49.4,10.8,22.2,72.3,84.0,88.9,14.48,9.55,6.18,5.93,1.4,1.56,3.62,5.04,4.45,False,,26.765,28.77,25.6395,35.6,"{""trend"":{""T1_ema_stack"":{""value"":[true,true,true],""score"":100.0},""T2_ema50_slope"":{""value"":0.4606489139356299,""score"":100},""T3_high_proximity"":{""value"":0.953848895224519,""score"":76.92444761225947},""T4_rs_1m"":{""value"":0.05758501729343779,""score"":100},""T5_rs_3m"":{""value"":0.16661625694693738,""score"":100},""T6_adr_healthy"":{""value"":3.9194404142101846,""score"":100.0},""_score"":96.54},""geometry"":{""sub_contraction_count"":100.0,""sub_reduction_rate"":0,""sub_pivot_tightness"":6.9,""sub_volume_dryup"":14.5,""sub_base_depth"":0.0,""sub_base_duration"":100.0,""_score"":38.21},""compression"":{""VC1_atr_ratio"":{""value"":0.3522354292426286,""score"":100},""VC2_range_contraction"":{""value"":1.021064067821751,""score"":0},""VC3_range_pct_rank"":{""score"":45.833333333333336},""_score"":51.46},""sr_quality"":{""SR1_touches"":{""value"":4,""score"":75.0},""SR2_tightness"":{""value"":0.26432401990738585,""score"":54.04459166212268},""SR3_recency"":{""value"":244,""score"":0.0},""SR4_price_location"":{""score"":30.0},""SR5_reaction"":{""value"":1.5083670187334293,""score"":75.41835093667146},""_score"":49.42,""_levels_found"":4,""_target_level"":23.1438},""volume"":{""V1_rvol_day"":{""value"":0.22103506431297743,""score"":0},""V2_rvol_sameslot"":{""value"":0.23932077254409248,""score"":0,""status"":""ok""},""V3_breakout_bar"":{""value"":0.36001694997385425,""score"":0},""V4_base_dryup"":{""value"":0.9598827637174847,""score"":54.01172362825153},""V5_bo_expansion"":{""value"":0.2210350643129774,""score"":0},""_score"":10.8},""readiness"":{""_distance_atr"":1.743,""BR1_atr_distance"":{""score"":0},""BR2_compression"":{""score"":18.952956729055543},""BR3_retest"":{""score"":50.0},""BR4_bo_age"":{""score"":50.0},""_score"":22.24},""risk"":{""R1_stop_clarity"":{""score"":32.11631242665251},""R2_stop_distance_pct"":{""value"":4.2049318139361125,""score"":100.0},""R3_stop_distance_atr"":{""value"":0.9783544138740392,""score"":73.91772069370197},""R4_rr_potential"":{""value"":7.85019325603091,""score"":100.0},""_score"":72.33},""market"":{""M1_spy_regime"":{""score"":100.0},""M3_earnings_risk"":{""value"":null,""score"":80.0},""M4_vix"":{""value"":null,""score"":60.0},""_score"":84.0},""liquidity"":{""L1_price"":{""value"":26.765,""score"":100.0},""L2_dollar_vol"":{""value"":37711117.232833385,""score"":78.82346995211216},""L3_spread_proxy"":{""value"":0.026149822529422734,""score"":73.85017747057726},""L4_volume_zscore"":{""value"":-1.41565473328119,""score"":100.0},""_score"":88.91},""pattern_structure"":{""n_contractions"":5,""contractions_pct"":[6.71,6.93,4.53,4.54,9.52],""descending_strict"":false,""final_low"":26.03,""final_pivot"":28.77,""structural_low"":26.03,""dry_up_ratio"":0.9277221283677413,""current_price"":26.765,""neckline_distance_pct"":0.07491126471137675,""base_bars"":49,""recent_base_height"":6.829999999999998},""pattern_geometry_features"":{""contraction_count"":5.0,""first_contraction_pct"":0.06711864406779658,""last_contraction_pct"":0.09523809523809519,""dry_up_ratio"":0.9277221283677413,""near_monotone"":0.0,""base_depth_pct"":-0.176497175141243},""_schema_version"":""1.0""}",,,,,,,,,,
20260508T185417Z-990aff,2026-05-08T18:54:17.243985+00:00,GE,bull_flag,forming,52.2,31.5,60.0,70.7,59.8,14.8,40.2,61.1,84.0,98.0,4.41,18.0,6.36,5.98,2.07,3.62,1.83,5.04,4.9,True,risk_unclear,300.1485,310.0,295.0075,340.59,"{""trend"":{""T1_ema_stack"":{""value"":[true,false,true],""score"":66.66666666666666},""T2_ema50_slope"":{""value"":-0.158809149435328,""score"":23.531808427445334},""T3_high_proximity"":{""value"":0.8681335685775439,""score"":34.06678428877191},""T4_rs_1m"":{""value"":-0.12587424017690751,""score"":0},""T5_rs_3m"":{""value"":-0.13288965745800108,""score"":0},""T6_adr_healthy"":{""value"":3.25594155517855,""score"":100.0},""_score"":31.48},""geometry"":{""sub_pole_impulse"":51.0,""sub_flag_tightness"":53.3,""sub_flag_shallowness"":38.1,""sub_flag_drift"":91.7,""sub_flag_duration"":100.0,""_score"":60.0},""compression"":{""VC1_atr_ratio"":{""value"":0.5762854206897213,""score"":100},""VC2_range_contraction"":{""value"":0.7920006733645593,""score"":34.66655443924013},""VC3_range_pct_rank"":{""score"":74.16666666666667},""_score"":70.67},""sr_quality"":{""SR1_touches"":{""value"":4,""score"":75.0},""SR2_tightness"":{""value"":1.5804172890411017,""score"":70.75622251311732},""SR3_recency"":{""value"":282,""score"":0.0},""SR4_price_location"":{""score"":46.754980889802795},""SR5_reaction"":{""value"":2.1713253370340997,""score"":100},""_score"":59.8,""_levels_found"":5,""_target_level"":309.4661},""volume"":{""V1_rvol_day"":{""value"":0.2671105683739751,""score"":0},""V2_rvol_sameslot"":{""value"":0.4894316498764467,""score"":0,""status"":""ok""},""V3_breakout_bar"":{""value"":0.5980402834714412,""score"":6.536018898096081},""V4_base_dryup"":{""value"":0.8439713943618296,""score"":65.60286056381705},""V5_bo_expansion"":{""value"":0.2671105683739752,""score"":0},""_score"":14.75},""readiness"":{""_distance_atr"":0.911,""BR1_atr_distance"":{""score"":39.2364966076307},""BR2_compression"":{""score"":28.045106822950107},""BR3_retest"":{""score"":50.0},""BR4_bo_age"":{""score"":50.0},""_score"":40.21},""risk"":{""R1_stop_clarity"":{""score"":16.871530531324225},""R2_stop_distance_pct"":{""value"":1.712818821350105,""score"":92.82047053375263},""R3_stop_distance_atr"":{""value"":0.4756410256410275,""score"":48.78205128205138},""R4_rr_potential"":{""value"":7.866465668157908,""score"":100.0},""_score"":61.07},""market"":{""M1_spy_regime"":{""score"":100.0},""M3_earnings_risk"":{""value"":null,""score"":80.0},""M4_vix"":{""value"":null,""score"":60.0},""_score"":84.0},""liquidity"":{""L1_price"":{""value"":300.1485,""score"":100.0},""L2_dollar_vol"":{""value"":559447503.0099859,""score"":100.0},""L3_spread_proxy"":{""value"":0.019690253324604404,""score"":80.3097466753956},""L4_volume_zscore"":{""value"":-1.705424501580334,""score"":100.0},""_score"":98.03},""pattern_structure"":{""pole_low"":279.41,""pole_low_idx"":33,""peak_price"":310.0,""peak_idx"":49,""pole_gain"":0.10948069145699858,""flag_bars"":10,""flag_low"":299.5,""flag_high"":309.0,""structural_low"":299.5,""current_price"":299.705,""neckline_distance_pct"":0.03435044460386052,""base_bars"":10},""pattern_geometry_features"":{""pole_gain"":0.10948069145699858,""pullback_pct"":0.03387096774193549,""flag_range_pct"":0.03064516129032258,""flag_drift_per_bar"":-0.001660048542683082,""atr_pct"":0.03601074610924735,""pole_atr_multiple"":3.0402228025174014},""_schema_version"":""1.0""}",,,,,,,,,,
20260508T185417Z-990aff,2026-05-08T18:54:17.243985+00:00,ZETA,double_bottom,forming,52.19,54.5,60.2,66.5,40.9,3.7,42.9,72.0,84.0,92.6,8.18,15.06,5.32,5.73,0.48,3.43,4.32,5.04,4.63,False,,17.0899,17.85,16.2722,19.18,"{""trend"":{""T1_ema_stack"":{""value"":[false,true,false],""score"":33.33333333333333},""T2_ema50_slope"":{""value"":0.1376629537161919,""score"":72.94382561936531},""T3_high_proximity"":{""value"":0.895697064989518,""score"":47.848532494758956},""T4_rs_1m"":{""value"":0.030774856144567986,""score"":80.77485614456799},""T5_rs_3m"":{""value"":-0.05609630796734422,""score"":21.95184601632789},""T6_adr_healthy"":{""value"":4.7905331509488684,""score"":100.0},""_score"":54.55},""geometry"":{""sub_low_similarity"":56.9,""sub_bounce_quality"":72.2,""sub_separation_fit"":100.0,""sub_right_bottom_reaction"":51.6,""sub_base_context"":30.0,""_score"":60.25},""compression"":{""VC1_atr_ratio"":{""value"":0.3204052189797466,""score"":100},""VC2_range_contraction"":{""value"":0.8891017286659372,""score"":18.483045222343804},""VC3_range_pct_rank"":{""score"":80.0},""_score"":66.47},""sr_quality"":{""SR1_touches"":{""value"":2,""score"":25.0},""SR2_tightness"":{""value"":0.04999999999999894,""score"":89.0623290988924},""SR3_recency"":{""value"":284,""score"":0.0},""SR4_price_location"":{""score"":20.146084593171416},""SR5_reaction"":{""value"":3.0242660041563143,""score"":100},""_score"":40.9,""_levels_found"":6,""_target_level"":17.56},""volume"":{""V1_rvol_day"":{""value"":0.4512049637762773,""score"":0},""V2_rvol_sameslot"":{""value"":0.47231676473229867,""score"":0,""status"":""ok""},""V3_breakout_bar"":{""value"":0.42327133085900304,""score"":0},""V4_base_dryup"":{""value"":1.3148019545425467,""score"":18.51980454574533},""V5_bo_expansion"":{""value"":0.4512049637762772,""score"":0},""_score"":3.7},""readiness"":{""_distance_atr"":0.831,""BR1_atr_distance"":{""score"":44.57517565378616},""BR2_compression"":{""score"":30.14017239408327},""BR3_retest"":{""score"":50.0},""BR4_bo_age"":{""score"":50.0},""_score"":42.87},""risk"":{""R1_stop_clarity"":{""score"":45.79290301410926},""R2_stop_distance_pct"":{""value"":4.784697394367446,""score"":100.0},""R3_stop_distance_atr"":{""value"":0.8943733495835895,""score"":69.71866747917947},""R4_rr_potential"":{""value"":2.556071909013083,""score"":77.80359545065414},""_score"":72.05},""market"":{""M1_spy_regime"":{""score"":100.0},""M3_earnings_risk"":{""value"":null,""score"":80.0},""M4_vix"":{""value"":null,""score"":60.0},""_score"":84.0},""liquidity"":{""L1_price"":{""value"":17.0899,""score"":100.0},""L2_dollar_vol"":{""value"":64978239.01985955,""score"":90.63839686605233},""L3_spread_proxy"":{""value"":0.03627873773398329,""score"":63.72126226601671},""L4_volume_zscore"":{""value"":-1.0573005378632683,""score"":100.0},""_score"":92.63},""pattern_structure"":{""left_low"":16.88,""left_idx"":63,""right_low"":16.52,""right_idx"":75,""separation_bars"":12,""structural_low"":16.52,""current_price"":17.1291,""neckline_distance_pct"":0.04208627423507366,""base_bars"":12},""pattern_geometry_features"":{""low_similarity_pct"":0.021556886227544876,""bounce_pct"":0.0805084745762713,""right_bottom_reaction"":0.5161290322580642,""atr_pct"":0.05349776350776942},""_schema_version"":""1.0""}",,,,,,,,,,
20260508T185417Z-990aff,2026-05-08T18:54:17.243985+00:00,TER,breakout_retest_hold,setup,51.9,70.2,50.0,15.6,38.6,16.7,67.7,65.7,84.0,96.2,9.82,11.0,0.94,5.41,2.17,12.19,3.29,4.2,2.89,False,,363.245,349.815,342.1044,358.325,"{""trend"":{""T1_ema_stack"":{""value"":[true,true,true],""score"":100.0},""T2_ema50_slope"":{""value"":0.5420708413104012,""score"":100},""T3_high_proximity"":{""value"":0.8688408916953694,""score"":34.42044584768467},""T4_rs_1m"":{""value"":-0.08740343478491097,""score"":0},""T5_rs_3m"":{""value"":0.14244114975069522,""score"":100},""T6_adr_healthy"":{""value"":4.922308077870324,""score"":100.0},""_score"":70.16},""geometry"":{""sub_retest_depth"":100.0,""sub_retest_timing"":0.0,""sub_retest_freshness"":100.0,""sub_hold_quality"":0.0,""_score"":50.0},""compression"":{""VC1_atr_ratio"":{""value"":1.2001073680183945,""score"":0},""VC2_range_contraction"":{""value"":1.5612231740380809,""score"":0},""VC3_range_pct_rank"":{""score"":62.5},""_score"":15.62},""sr_quality"":{""SR1_touches"":{""value"":2,""score"":25.0},""SR2_tightness"":{""value"":3.520849999999996,""score"":74.59636761128223},""SR3_recency"":{""value"":240,""score"":0.0},""SR4_price_location"":{""score"":30.0},""SR5_reaction"":{""value"":1.6573004797849462,""score"":82.8650239892473},""_score"":38.62,""_levels_found"":7,""_target_level"":348.4359},""volume"":{""V1_rvol_day"":{""value"":0.45710803721799,""score"":0},""V2_rvol_sameslot"":{""value"":1.005146896835466,""score"":33.676459789031064,""status"":""ok""},""V3_breakout_bar"":{""value"":0.5828184809529153,""score"":5.521232063527689},""V4_base_dryup"":{""value"":1.071744364147697,""score"":42.825563585230306},""V5_bo_expansion"":{""value"":0.4571080372179901,""score"":0},""_score"":16.68},""readiness"":{""_distance_atr"":-0.485,""BR1_atr_distance"":{""score"":100.0},""BR2_compression"":{""score"":19.109197922406228},""BR3_retest"":{""score"":92.32483236903062},""BR4_bo_age"":{""score"":30.0},""_score"":67.74},""risk"":{""R1_stop_clarity"":{""score"":75.06715932730637},""R2_stop_distance_pct"":{""value"":5.8199286982615055,""score"":100.0},""R3_stop_distance_atr"":{""value"":0.7626681495617929,""score"":63.133407478089644},""R4_rr_potential"":{""value"":-0.2327275479409295,""score"":0.0},""_score"":65.74},""market"":{""M1_spy_regime"":{""score"":100.0},""M3_earnings_risk"":{""value"":null,""score"":80.0},""M4_vix"":{""value"":null,""score"":60.0},""_score"":84.0},""liquidity"":{""L1_price"":{""value"":363.245,""score"":100.0},""L2_dollar_vol"":{""value"":605206961.3132309,""score"":100.0},""L3_spread_proxy"":{""value"":0.03752288400390919,""score"":62.47711599609081},""L4_volume_zscore"":{""value"":-0.743674525128587,""score"":100.0},""_score"":96.25},""pattern_structure"":{""level"":349.815,""level_idx"":51,""breakout_idx"":57,""bo_peak_idx"":67,""bo_peak_price"":382.48,""retest_idx"":74,""retest_low"":345.56,""structural_low"":345.56,""current_price"":364.255,""neckline_distance_pct"":-0.03964255809803571,""base_bars"":28,""bars_since_breakout"":22},""pattern_geometry_features"":{""retest_depth_atr"":0.5863535248144567,""bars_breakout_to_retest"":17.0,""bars_since_retest"":5.0,""current_above_level_atr"":1.9898812922022941,""bo_peak_excess_pct"":0.09337792833354779,""atr_pct"":0.07631010553679826},""_schema_version"":""1.0""}",,,,,,,,,,
20260508T185417Z-990aff,2026-05-08T18:54:17.243985+00:00,TSLA,base_on_base,setup,51.84,63.3,59.7,53.6,45.6,16.8,30.1,9.3,84.0,96.5,11.39,14.91,5.37,4.56,2.01,2.41,0.47,5.88,4.83,True,risk_unclear;stop_too_wide,428.88,409.28,332.1814,450.07,"{""trend"":{""T1_ema_stack"":{""value"":[true,false,false],""score"":33.33333333333333},""T2_ema50_slope"":{""value"":-0.020431605590535147,""score"":46.594732401577474},""T3_high_proximity"":{""value"":1.0,""score"":99.99999999999997},""T4_rs_1m"":{""value"":0.15614654637378944,""score"":100},""T5_rs_3m"":{""value"":-0.02470727238562942,""score"":37.64636380718529},""T6_adr_healthy"":{""value"":3.6691177112386857,""score"":100.0},""_score"":63.3},""geometry"":{""sub_shallower_second"":0,""sub_second_base_depth"":100.0,""sub_rim_advance"":100,""sub_dry_up"":23.3,""sub_second_base_duration"":100.0,""_score"":59.66},""compression"":{""VC1_atr_ratio"":{""value"":0.5220860375752581,""score"":100},""VC2_range_contraction"":{""value"":0.9195964589837626,""score"":13.400590169372894},""VC3_range_pct_rank"":{""score"":35.83333333333333},""_score"":53.65},""sr_quality"":{""SR1_touches"":{""value"":3,""score"":50.0},""SR2_tightness"":{""value"":2.705044669994686,""score"":60.794546546337514},""SR3_recency"":{""value"":296,""score"":0.0},""SR4_price_location"":{""score"":26.002512034783372},""SR5_reaction"":{""value"":2.3742701076898522,""score"":100},""_score"":45.62,""_levels_found"":6,""_target_level"":455.2},""volume"":{""V1_rvol_day"":{""value"":0.787769145329189,""score"":19.184609688612596},""V2_rvol_sameslot"":{""value"":0.8370080313015248,""score"":22.46720208676832,""status"":""ok""},""V3_breakout_bar"":{""value"":0.5159945282596181,""score"":1.0663018839745408},""V4_base_dryup"":{""value"":1.0908675185622205,""score"":40.91324814377795},""V5_bo_expansion"":{""value"":0.7877691453291891,""score"":0},""_score"":16.78},""readiness"":{""_distance_atr"":-1.42,""BR1_atr_distance"":{""score"":31.592820768712286},""BR2_compression"":{""score"":0},""BR3_retest"":{""score"":50.0},""BR4_bo_age"":{""score"":50.0},""_score"":30.14},""risk"":{""R1_stop_clarity"":{""score"":26.683389357452953},""R2_stop_distance_pct"":{""value"":22.546772990113784,""score"":0.0},""R3_stop_distance_atr"":{""value"":7.0074858714658035,""score"":0.0},""R4_rr_potential"":{""value"":0.21913450660092226,""score"":0.0},""_score"":9.34},""market"":{""M1_spy_regime"":{""score"":100.0},""M3_earnings_risk"":{""value"":null,""score"":80.0},""M4_vix"":{""value"":null,""score"":60.0},""_score"":84.0},""liquidity"":{""L1_price"":{""value"":428.88,""score"":100.0},""L2_dollar_vol"":{""value"":21264926819.707363,""score"":100.0},""L3_spread_proxy"":{""value"":0.03453180376795375,""score"":65.46819623204625},""L4_volume_zscore"":{""value"":-0.7589080952691208,""score"":100.0},""_score"":96.55},""pattern_structure"":{""first_base_low"":314.6,""first_base_top"":355.39,""first_base_bars"":10,""second_base_low"":337.24,""second_base_top"":409.28,""second_base_bars"":36,""structural_low"":337.24,""stacking_overlap_pct"":0.05107065477362891,""current_price"":428.88,""neckline_distance_pct"":-0.045700429024435794,""base_bars"":36},""pattern_geometry_features"":{""first_base_depth_pct"":0.11477531725709773,""second_base_depth_pct"":0.17601641907740415,""second_dry_up_ratio"":0.8835058089556511,""rim_advance_pct"":0.15163623061988235,""atr_pct"":0.03217526714099179},""_schema_version"":""1.0""}",,,,,,,,,,
20260508T185417Z-990aff,2026-05-08T18:54:17.243985+00:00,SATS,ascending_triangle,absent,51.79,73.7,33.8,72.7,47.6,17.5,61.6,48.2,84.0,96.4,11.05,9.46,5.81,6.66,2.1,4.93,1.93,5.04,4.82,False,,126.81,127.02,114.7919,137.5,"{""trend"":{""T1_ema_stack"":{""value"":[true,true,true],""score"":100.0},""T2_ema50_slope"":{""value"":0.191931581897951,""score"":81.98859698299184},""T3_high_proximity"":{""value"":0.9385685737547182,""score"":69.28428687735911},""T4_rs_1m"":{""value"":-0.028795833005671012,""score"":21.204166994328986},""T5_rs_3m"":{""value"":0.06825680004128509,""score"":84.12840002064254},""T6_adr_healthy"":{""value"":4.357518158282827,""score"":100.0},""_score"":73.65},""geometry"":{""sub_flat_top_quality"":33.3,""sub_hl_slope"":9.7,""sub_compression"":23.5,""sub_duration"":100.0,""_score"":33.77},""compression"":{""VC1_atr_ratio"":{""value"":0.5223576293326212,""score"":100},""VC2_range_contraction"":{""value"":0.7363965001961186,""score"":43.93391663398024},""VC3_range_pct_rank"":{""score"":69.16666666666667},""_score"":72.67},""sr_quality"":{""SR1_touches"":{""value"":3,""score"":50.0},""SR2_tightness"":{""value"":0.9954865923534848,""score"":66.22631534740134},""SR3_recency"":{""value"":248,""score"":0.0},""SR4_price_location"":{""score"":30.629222547141353},""SR5_reaction"":{""value"":2.8147378063409216,""score"":100},""_score"":47.59,""_levels_found"":5,""_target_level"":131.3963},""volume"":{""V1_rvol_day"":{""value"":0.43494663706967884,""score"":0},""V2_rvol_sameslot"":{""value"":0.6335516728741033,""score"":8.903444858273552,""status"":""ok""},""V3_breakout_bar"":{""value"":0.6699484113585621,""score"":11.329894090570807},""V4_base_dryup"":{""value"":0.8575450821031716,""score"":64.24549178968283},""V5_bo_expansion"":{""value"":0.43494663706967884,""score"":0},""_score"":17.46},""readiness"":{""_distance_atr"":0.036,""BR1_atr_distance"":{""score"":97.62512328760491},""BR2_compression"":{""score"":20.35779879668683},""BR3_retest"":{""score"":50.0},""BR4_bo_age"":{""score"":50.0},""_score"":61.64},""risk"":{""R1_stop_clarity"":{""score"":40.692543129457135},""R2_stop_distance_pct"":{""value"":9.47724942827853,""score"":63.068764293036764},""R3_stop_distance_atr"":{""value"":2.03867898694545,""score"":100.0},""R4_rr_potential"":{""value"":0.8894916833775717,""score"":0.0},""_score"":48.16},""market"":{""M1_spy_regime"":{""score"":100.0},""M3_earnings_risk"":{""value"":null,""score"":80.0},""M4_vix"":{""value"":null,""score"":60.0},""_score"":84.0},""liquidity"":{""L1_price"":{""value"":126.81,""score"":100.0},""L2_dollar_vol"":{""value"":258003331.79556105,""score"":100.0},""L3_spread_proxy"":{""value"":0.036038167336960865,""score"":63.96183266303913},""L4_volume_zscore"":{""value"":-1.2763796151981306,""score"":100.0},""_score"":96.4},""pattern_structure"":{""top"":127.02,""top_touches"":2,""low_slope_per_bar"":0.033881322426720435,""lowest_low"":116.54,""structural_low"":116.54,""current_price"":126.9,""neckline_distance_pct"":0.000945626477541295,""base_bars"":29},""pattern_geometry_features"":{""top_touches"":2.0,""low_slope"":0.033881322426720435,""compression"":0.11766830811822271,""atr_pct"":0.046487208084085276},""_schema_version"":""1.0""}",,,,,,,,,,
20260508T185417Z-990aff,2026-05-08T18:54:17.243985+00:00,EA,vcp,forming,51.68,38.6,50.0,62.5,48.2,37.3,34.7,56.0,84.0,99.8,5.79,12.5,7.5,5.78,4.85,2.43,2.8,5.04,4.99,True,risk_unclear,200.61,204.22,199.0192,211.43,"{""trend"":{""T1_ema_stack"":{""value"":[false,false,true],""score"":33.33333333333333},""T2_ema50_slope"":{""value"":0.008751030583819331,""score"":51.458505097303224},""T3_high_proximity"":{""value"":0.9826116771159875,""score"":91.30583855799374},""T4_rs_1m"":{""value"":-0.09261736596574321,""score"":0},""T5_rs_3m"":{""value"":-0.0648817135327675,""score"":17.559143233616247},""T6_adr_healthy"":{""value"":0.4007768110651742,""score"":72.51942027662935},""_score"":38.58},""geometry"":{""sub_contraction_count"":100.0,""sub_reduction_rate"":0,""sub_pivot_tightness"":100,""sub_volume_dryup"":0,""sub_base_depth"":0.0,""sub_base_duration"":100.0,""_score"":50.0},""compression"":{""VC1_atr_ratio"":{""value"":0.25269275719384476,""score"":100},""VC2_range_contraction"":{""value"":1.0733113870337556,""score"":0},""VC3_range_pct_rank"":{""score"":90.0},""_score"":62.5},""sr_quality"":{""SR1_touches"":{""value"":4,""score"":75.0},""SR2_tightness"":{""value"":0.13259430606176356,""score"":69.07421432961789},""SR3_recency"":{""value"":243,""score"":0.0},""SR4_price_location"":{""score"":1.2110726643607328},""SR5_reaction"":{""value"":2.966472303206995,""score"":100},""_score"":48.16,""_levels_found"":5,""_target_level"":202.0375},""volume"":{""V1_rvol_day"":{""value"":0.40196604370560374,""score"":0},""V2_rvol_sameslot"":{""value"":1.5894433232153347,""score"":72.6295548810223,""status"":""ok""},""V3_breakout_bar"":{""value"":1.1205277558867799,""score"":41.36851705911866},""V4_base_dryup"":{""value"":0.8775132849266696,""score"":62.24867150733304},""V5_bo_expansion"":{""value"":0.40196604370560374,""score"":0},""_score"":37.32},""readiness"":{""_distance_atr"":4.21,""BR1_atr_distance"":{""score"":0},""BR2_compression"":{""score"":68.83631054397229},""BR3_retest"":{""score"":50.0},""BR4_bo_age"":{""score"":50.0},""_score"":34.71},""risk"":{""R1_stop_clarity"":{""score"":0},""R2_stop_distance_pct"":{""value"":0.7929564827276876,""score"":69.82391206819219},""R3_stop_distance_atr"":{""value"":1.8551020408163392,""score"":100.0},""R4_rr_potential"":{""value"":6.801823039446737,""score"":100.0},""_score"":55.95},""market"":{""M1_spy_regime"":{""score"":100.0},""M3_earnings_risk"":{""value"":null,""score"":80.0},""M4_vix"":{""value"":null,""score"":60.0},""_score"":84.0},""liquidity"":{""L1_price"":{""value"":200.61,""score"":100.0},""L2_dollar_vol"":{""value"":124124464.64797218,""score"":100.0},""L3_spread_proxy"":{""value"":0.0015702108568864848,""score"":98.42978914311351},""L4_volume_zscore"":{""value"":-1.9255778311613785,""score"":100.0},""_score"":99.84},""pattern_structure"":{""n_contractions"":5,""contractions_pct"":[0.44,3.96,2.08,2.41,1.06],""descending_strict"":false,""final_low"":202.05,""final_pivot"":204.22,""structural_low"":202.05,""dry_up_ratio"":1.0028126900085208,""current_price"":200.61,""neckline_distance_pct"":0.01799511489955628,""base_bars"":60,""recent_base_height"":7.210000000000008},""pattern_geometry_features"":{""contraction_count"":5.0,""first_contraction_pct"":0.004398826979472169,""last_contraction_pct"":0.010625795710508213,""dry_up_ratio"":1.0028126900085208,""near_monotone"":0.0,""base_depth_pct"":0.012463343108504317},""_schema_version"":""1.0""}",,,,,,,,,,
20260508T185417Z-990aff,2026-05-08T18:54:17.243985+00:00,AXON,double_bottom,forming,51.68,24.9,62.2,41.5,69.5,21.1,39.3,65.2,84.0,90.0,3.73,15.55,3.32,9.73,2.75,3.14,3.91,5.04,4.5,True,reversal_trend_cap,398.445,413.95,363.8859,458.4727,"{""trend"":{""T1_ema_stack"":{""value"":[false,false,false],""score"":0.0},""T2_ema50_slope"":{""value"":-0.5152855704142068,""score"":0},""T3_high_proximity"":{""value"":0.6880536704139253,""score"":0},""T4_rs_1m"":{""value"":0.04935082341820096,""score"":99.35082341820096},""T5_rs_3m"":{""value"":-0.10596889363899642,""score"":0},""T6_adr_healthy"":{""value"":5.190370039177701,""score"":100.0},""_score"":24.87},""geometry"":{""sub_low_similarity"":41.8,""sub_bounce_quality"":100,""sub_separation_fit"":100.0,""sub_right_bottom_reaction"":57.7,""sub_base_context"":30.0,""_score"":62.2},""compression"":{""VC1_atr_ratio"":{""value"":0.49742551525718404,""score"":100},""VC2_range_contraction"":{""value"":1.0754879378078934,""score"":0},""VC3_range_pct_rank"":{""score"":5.833333333333335},""_score"":41.46},""sr_quality"":{""SR1_touches"":{""value"":5,""score"":100},""SR2_tightness"":{""value"":3.271657638812473,""score"":71.18027274050777},""SR3_recency"":{""value"":228,""score"":0.0},""SR4_price_location"":{""score"":55.39498771628537},""SR5_reaction"":{""value"":2.883050373418997,""score"":100},""_score"":69.53,""_levels_found"":5,""_target_level"":414.6621},""volume"":{""V1_rvol_day"":{""value"":1.004306607862143,""score"":33.620440524142865},""V2_rvol_sameslot"":{""value"":1.090676588672766,""score"":39.37843924485107,""status"":""ok""},""V3_breakout_bar"":{""value"":0.39564827515998763,""score"":0},""V4_base_dryup"":{""value"":1.1747567605604,""score"":32.52432394396001},""V5_bo_expansion"":{""value"":1.004306607862143,""score"":0.2871071908095324},""_score"":21.15},""readiness"":{""_distance_atr"":0.683,""BR1_atr_distance"":{""score"":54.472633295801124},""BR2_compression"":{""score"":0},""BR3_retest"":{""score"":50.0},""BR4_bo_age"":{""score"":50.0},""_score"":39.29},""risk"":{""R1_stop_clarity"":{""score"":51.18624011003597},""R2_stop_distance_pct"":{""value"":8.67349558910263,""score"":83.16261027243424},""R3_stop_distance_atr"":{""value"":1.5221398753728435,""score"":100.0},""R4_rr_potential"":{""value"":1.7369573715433848,""score"":36.84786857716924},""_score"":65.23},""market"":{""M1_spy_regime"":{""score"":100.0},""M3_earnings_risk"":{""value"":null,""score"":80.0},""M4_vix"":{""value"":null,""score"":60.0},""_score"":84.0},""liquidity"":{""L1_price"":{""value"":398.445,""score"":100.0},""L2_dollar_vol"":{""value"":462676653.93923897,""score"":100.0},""L3_spread_proxy"":{""value"":0.10089221849941646,""score"":0},""L4_volume_zscore"":{""value"":0.009533119906901477,""score"":100.0},""_score"":90.0},""pattern_structure"":{""left_low"":380.33,""left_idx"":33,""right_low"":369.4273,""right_idx"":63,""separation_bars"":30,""structural_low"":369.4273,""current_price"":398.645,""neckline_distance_pct"":0.03839255477931495,""base_bars"":30},""pattern_geometry_features"":{""low_similarity_pct"":0.029083278015432413,""bounce_pct"":0.12051816419631138,""right_bottom_reaction"":0.5765010108093588,""atr_pct"":0.056982250642228824},""_schema_version"":""1.0""}",,,,,,,,,,
20260508T185417Z-990aff,2026-05-08T18:54:17.243985+00:00,LEU,double_bottom,forming,51.52,42.5,52.1,43.1,69.4,19.1,22.7,81.0,84.0,95.0,6.38,13.02,3.45,9.71,2.48,1.81,4.86,5.04,4.75,True,reversal_trend_cap,206.505,235.0,197.2463,269.7499,"{""trend"":{""T1_ema_stack"":{""value"":[true,false,false],""score"":33.33333333333333},""T2_ema50_slope"":{""value"":-0.023775699082697936,""score"":46.03738348621701},""T3_high_proximity"":{""value"":0.7475564726324935,""score"":0},""T4_rs_1m"":{""value"":0.06141364398216442,""score"":100},""T5_rs_3m"":{""value"":-0.2841422877916965,""score"":0},""T6_adr_healthy"":{""value"":7.437498067304163,""score"":100.0},""_score"":42.54},""geometry"":{""sub_low_similarity"":84.0,""sub_bounce_quality"":100,""sub_separation_fit"":0.0,""sub_right_bottom_reaction"":5.8,""sub_base_context"":30.0,""_score"":52.07},""compression"":{""VC1_atr_ratio"":{""value"":0.7747363884983286,""score"":56.31590287541785},""VC2_range_contraction"":{""value"":1.128688844082327,""score"":0},""VC3_range_pct_rank"":{""score"":82.5},""_score"":43.15},""sr_quality"":{""SR1_touches"":{""value"":5,""score"":100},""SR2_tightness"":{""value"":4.098243953695287,""score"":55.208315656144414},""SR3_recency"":{""value"":239,""score"":0.0},""SR4_price_location"":{""score"":65.31369505130436},""SR5_reaction"":{""value"":1.9693757470105915,""score"":98.46878735052957},""_score"":69.38,""_levels_found"":7,""_target_level"":216.5821},""volume"":{""V1_rvol_day"":{""value"":0.5499816498730236,""score"":3.332109991534904},""V2_rvol_sameslot"":{""value"":0.7011389028877131,""score"":13.409260192514205,""status"":""ok""},""V3_breakout_bar"":{""value"":0.3629784694142226,""score"":0},""V4_base_dryup"":{""value"":0.7117570713238938,""score"":78.82429286761062},""V5_bo_expansion"":{""value"":0.5499816498730236,""score"":0},""_score"":19.11},""readiness"":{""_distance_atr"":1.557,""BR1_atr_distance"":{""score"":0},""BR2_compression"":{""score"":20.649653126488126},""BR3_retest"":{""score"":50.0},""BR4_bo_age"":{""score"":50.0},""_score"":22.66},""risk"":{""R1_stop_clarity"":{""score"":67.1705514470245},""R2_stop_distance_pct"":{""value"":4.4834999152562816,""score"":100.0},""R3_stop_distance_atr"":{""value"":0.5059613338340069,""score"":50.29806669170034},""R4_rr_potential"":{""value"":6.830897566454481,""score"":100.0},""_score"":81.05},""market"":{""M1_spy_regime"":{""score"":100.0},""M3_earnings_risk"":{""value"":null,""score"":80.0},""M4_vix"":{""value"":null,""score"":60.0},""_score"":84.0},""liquidity"":{""L1_price"":{""value"":206.505,""score"":100.0},""L2_dollar_vol"":{""value"":105378925.3677769,""score"":100.0},""L3_spread_proxy"":{""value"":0.049635117793758,""score"":50.364882206241994},""L4_volume_zscore"":{""value"":-1.2506227500914042,""score"":100.0},""_score"":95.04},""pattern_structure"":{""left_low"":201.86,""left_idx"":28,""right_low"":200.2501,""right_idx"":75,""separation_bars"":47,""structural_low"":200.2501,""current_price"":207.65,""neckline_distance_pct"":0.13171201541054656,""base_bars"":47},""pattern_geometry_features"":{""low_similarity_pct"":0.00800725970325048,""bounce_pct"":0.1735324976117365,""right_bottom_reaction"":0.05755178099298532,""atr_pct"":0.08861348912340414},""_schema_version"":""1.0""}",,,,,,,,,,
20260508T185417Z-990aff,2026-05-08T18:54:17.243985+00:00,SGML,bull_flag,absent,51.44,94.2,26.9,62.8,50.4,41.3,20.5,80.5,84.0,88.5,13.19,8.06,5.65,5.04,5.78,1.84,2.42,5.04,4.42,False,,21.94,24.48,20.9706,28.85,"{""trend"":{""T1_ema_stack"":{""value"":[true,true,true],""score"":100.0},""T2_ema50_slope"":{""value"":1.1264030895237225,""score"":100},""T3_high_proximity"":{""value"":0.9276955602536999,""score"":63.84778012684994},""T4_rs_1m"":{""value"":0.5132068055834862,""score"":100},""T5_rs_3m"":{""value"":0.7274856350760706,""score"":100},""T6_adr_healthy"":{""value"":8.307708038162762,""score"":92.30729904593096},""_score"":94.19},""geometry"":{""sub_pole_impulse"":40.2,""sub_flag_tightness"":0.1,""sub_flag_shallowness"":0,""sub_flag_drift"":31.9,""sub_flag_duration"":100.0,""_score"":26.87},""compression"":{""VC1_atr_ratio"":{""value"":0.3652867372716797,""score"":100},""VC2_range_contraction"":{""value"":0.7913656544098936,""score"":34.772390931684406},""VC3_range_pct_rank"":{""score"":42.50000000000001},""_score"":62.8},""sr_quality"":{""SR1_touches"":{""value"":3,""score"":50.0},""SR2_tightness"":{""value"":0.12970050972229077,""score"":85.81445004756047},""SR3_recency"":{""value"":274,""score"":0.0},""SR4_price_location"":{""score"":30.0},""SR5_reaction"":{""value"":2.643146568336406,""score"":100},""_score"":50.37,""_levels_found"":5,""_target_level"":16.7833},""volume"":{""V1_rvol_day"":{""value"":1.0317251660650462,""score"":35.44834440433641},""V2_rvol_sameslot"":{""value"":1.5593279388459533,""score"":70.62186258973023,""status"":""ok""},""V3_breakout_bar"":{""value"":0.6436266256841405,""score"":9.575108378942703},""V4_base_dryup"":{""value"":0.6313527778409619,""score"":86.86472221590381},""V5_bo_expansion"":{""value"":1.031725166065046,""score"":2.115011071003063},""_score"":41.3},""readiness"":{""_distance_atr"":1.389,""BR1_atr_distance"":{""score"":7.398727123110774},""BR2_compression"":{""score"":0},""BR3_retest"":{""score"":50.0},""BR4_bo_age"":{""score"":50.0},""_score"":20.46},""risk"":{""R1_stop_clarity"":{""score"":65.07218524421111},""R2_stop_distance_pct"":{""value"":4.418185961713774,""score"":100.0},""R3_stop_distance_atr"":{""value"":0.5300967157276347,""score"":51.50483578638174},""R4_rr_potential"":{""value"":7.128488162170511,""score"":100.0},""_score"":80.5},""market"":{""M1_spy_regime"":{""score"":100.0},""M3_earnings_risk"":{""value"":null,""score"":80.0},""M4_vix"":{""value"":null,""score"":60.0},""_score"":84.0},""liquidity"":{""L1_price"":{""value"":21.94,""score"":100.0},""L2_dollar_vol"":{""value"":82674526.66432987,""score"":95.8685858565425},""L3_spread_proxy"":{""value"":0.09845031905195989,""score"":1.5496809480401055},""L4_volume_zscore"":{""value"":0.0651344672956666,""score"":100.0},""_score"":88.5},""pattern_structure"":{""pole_low"":20.11,""pole_low_idx"":43,""peak_price"":24.48,""peak_idx"":49,""pole_gain"":0.21730482347091004,""flag_bars"":10,""flag_low"":21.29,""flag_high"":24.48,""structural_low"":21.29,""current_price"":22.2,""neckline_distance_pct"":0.10270270270270276,""base_bars"":10},""pattern_geometry_features"":{""pole_gain"":0.21730482347091004,""pullback_pct"":0.1303104575163399,""flag_range_pct"":0.1303104575163399,""flag_drift_per_bar"":-0.013620584220584219,""atr_pct"":0.08334678994660763,""pole_atr_multiple"":2.6072368667121624},""_schema_version"":""1.0""}",,,,,,,,,,
20260508T185417Z-990aff,2026-05-08T18:54:17.243985+00:00,TTWO,bull_flag,absent,51.43,76.8,39.3,63.6,60.9,17.2,32.5,59.0,84.0,98.5,10.75,11.79,5.72,6.09,2.41,2.93,1.77,5.04,4.93,True,risk_unclear,220.75,227.02,216.4144,240.17,"{""trend"":{""T1_ema_stack"":{""value"":[true,true,false],""score"":66.66666666666666},""T2_ema50_slope"":{""value"":0.10591807329851327,""score"":67.65301221641889},""T3_high_proximity"":{""value"":0.9803268496314059,""score"":90.16342481570294},""T4_rs_1m"":{""value"":0.02986365634600996,""score"":79.86365634600996},""T5_rs_3m"":{""value"":0.060704719822721076,""score"":80.35235991136054},""T6_adr_healthy"":{""value"":2.6695341025776003,""score"":100.0},""_score"":76.75},""geometry"":{""sub_pole_impulse"":32.3,""sub_flag_tightness"":25.4,""sub_flag_shallowness"":0,""sub_flag_drift"":88.5,""sub_flag_duration"":100.0,""_score"":39.31},""compression"":{""VC1_atr_ratio"":{""value"":0.42492589270751413,""score"":100},""VC2_range_contraction"":{""value"":0.9704550889446363,""score"":4.9241518425606206},""VC3_range_pct_rank"":{""score"":87.5},""_score"":63.6},""sr_quality"":{""SR1_touches"":{""value"":2,""score"":25.0},""SR2_tightness"":{""value"":0.06999999999999318,""score"":97.63406178478677},""SR3_recency"":{""value"":235,""score"":0.0},""SR4_price_location"":{""score"":94.92707672796443},""SR5_reaction"":{""value"":2.3701631048834897,""score"":100},""_score"":60.88,""_levels_found"":6,""_target_level"":221.15},""volume"":{""V1_rvol_day"":{""value"":0.6928437097889114,""score"":12.85624731926076},""V2_rvol_sameslot"":{""value"":0.8835691936122085,""score"":25.571279574147237,""status"":""ok""},""V3_breakout_bar"":{""value"":0.5733122682350937,""score"":4.887484549006249},""V4_base_dryup"":{""value"":1.083119138442536,""score"":41.6880861557464},""V5_bo_expansion"":{""value"":0.6928437097889115,""score"":0},""_score"":17.24},""readiness"":{""_distance_atr"":1.06,""BR1_atr_distance"":{""score"":29.359844717197873},""BR2_compression"":{""score"":13.108473266895238},""BR3_retest"":{""score"":50.0},""BR4_bo_age"":{""score"":50.0},""_score"":32.52},""risk"":{""R1_stop_clarity"":{""score"":0},""R2_stop_distance_pct"":{""value"":1.9640543601358944,""score"":99.10135900339736},""R3_stop_distance_atr"":{""value"":0.7327057159135877,""score"":61.63528579567939},""R4_rr_potential"":{""value"":4.479143842330464,""score"":100.0},""_score"":58.98},""market"":{""M1_spy_regime"":{""score"":100.0},""M3_earnings_risk"":{""value"":null,""score"":80.0},""M4_vix"":{""value"":null,""score"":60.0},""_score"":84.0},""liquidity"":{""L1_price"":{""value"":220.75,""score"":100.0},""L2_dollar_vol"":{""value"":225715480.7769955,""score"":100.0},""L3_spread_proxy"":{""value"":0.0148131370328425,""score"":85.1868629671575},""L4_volume_zscore"":{""value"":-1.2148829340897696,""score"":100.0},""_score"":98.52},""pattern_structure"":{""pole_low"":213.87,""pole_low_idx"":26,""peak_price"":227.02,""peak_idx"":51,""pole_gain"":0.061485949408519217,""flag_bars"":8,""flag_low"":219.71,""flag_high"":225.955,""structural_low"":219.71,""current_price"":221.0,""neckline_distance_pct"":0.027239819004524934,""base_bars"":8},""pattern_geometry_features"":{""pole_gain"":0.061485949408519217,""pullback_pct"":0.032199806184477146,""flag_range_pct"":0.027508589551581378,""flag_drift_per_bar"":-0.0023060762766645257,""atr_pct"":0.026805500728037543,""pole_atr_multiple"":2.29378104264276},""_schema_version"":""1.0""}",,,,,,,,,,
20260508T185417Z-990aff,2026-05-08T18:54:17.243985+00:00,HON,ascending_triangle,forming,51.39,22.4,63.8,64.9,55.7,18.3,37.3,51.3,84.0,98.5,3.35,17.86,5.19,7.8,2.2,2.98,2.05,5.04,4.93,True,risk_unclear;trend_floor,213.995,218.26,205.4119,227.98,"{""trend"":{""T1_ema_stack"":{""value"":[false,false,true],""score"":33.33333333333333},""T2_ema50_slope"":{""value"":-0.17059943358654353,""score"":21.56676106890941},""T3_high_proximity"":{""value"":0.8627439122722143,""score"":31.371956136107105},""T4_rs_1m"":{""value"":-0.17822586312647626,""score"":0},""T5_rs_3m"":{""value"":-0.1702263691246796,""score"":0},""T6_adr_healthy"":{""value"":2.189739232422635,""score"":100.0},""_score"":22.35},""geometry"":{""sub_flat_top_quality"":100,""sub_hl_slope"":9.3,""sub_compression"":63.9,""sub_duration"":100.0,""_score"":63.77},""compression"":{""VC1_atr_ratio"":{""value"":0.48088971911246897,""score"":100},""VC2_range_contraction"":{""value"":0.8808140931823932,""score"":19.864317802934462},""VC3_range_pct_rank"":{""score"":71.66666666666667},""_score"":64.87},""sr_quality"":{""SR1_touches"":{""value"":4,""score"":75.0},""SR2_tightness"":{""value"":1.3000630398176845,""score"":52.64182679861893},""SR3_recency"":{""value"":246,""score"":0.0},""SR4_price_location"":{""score"":42.81210257601808},""SR5_reaction"":{""value"":1.943539825772005,""score"":97.17699128860025},""_score"":55.68,""_levels_found"":7,""_target_level"":221.707},""volume"":{""V1_rvol_day"":{""value"":0.3632813666694083,""score"":0},""V2_rvol_sameslot"":{""value"":0.6870135971544722,""score"":12.467573143631478,""status"":""ok""},""V3_breakout_bar"":{""value"":0.628159513741551,""score"":8.543967582770067},""V4_base_dryup"":{""value"":0.8154551304502261,""score"":68.4544869549774},""V5_bo_expansion"":{""value"":0.3632813666694083,""score"":0},""_score"":18.32},""readiness"":{""_distance_atr"":0.777,""BR1_atr_distance"":{""score"":48.212098819399095},""BR2_compression"":{""score"":2.0553506449430734},""BR3_retest"":{""score"":50.0},""BR4_bo_age"":{""score"":50.0},""_score"":37.3},""risk"":{""R1_stop_clarity"":{""score"":0},""R2_stop_distance_pct"":{""value"":4.010888104862264,""score"":100.0},""R3_stop_distance_atr"":{""value"":1.5633085625670005,""score"":100.0},""R4_rr_potential"":{""value"":1.629364681758337,""score"":31.468234087916848},""_score"":51.29},""market"":{""M1_spy_regime"":{""score"":100.0},""M3_earnings_risk"":{""value"":null,""score"":80.0},""M4_vix"":{""value"":null,""score"":60.0},""_score"":84.0},""liquidity"":{""L1_price"":{""value"":213.995,""score"":100.0},""L2_dollar_vol"":{""value"":292610380.72581005,""score"":100.0},""L3_spread_proxy"":{""value"":0.014462954741933216,""score"":85.53704525806678},""L4_volume_zscore"":{""value"":-1.8231571763385714,""score"":100.0},""_score"":98.55},""pattern_structure"":{""top"":218.26,""top_touches"":4,""low_slope_per_bar"":0.058453092321480694,""lowest_low"":208.54,""structural_low"":208.54,""current_price"":213.835,""neckline_distance_pct"":0.02069352538171947,""base_bars"":42},""pattern_geometry_features"":{""top_touches"":4.0,""low_slope"":0.058453092321480694,""compression"":0.31967785619917055,""atr_pct"":0.0256564071924244},""_schema_version"":""1.0""}",,,,,,,,,,
20260508T185417Z-990aff,2026-05-08T18:54:17.243985+00:00,ETN,inverse_head_shoulders,forming,51.11,59.8,52.0,48.7,53.0,13.7,33.7,72.4,84.0,98.0,7.17,14.56,3.9,7.42,1.92,2.7,4.34,4.2,4.9,True,risk_unclear,403.08,434.75,382.4361,481.24,"{""trend"":{""T1_ema_stack"":{""value"":[false,true,true],""score"":66.66666666666666},""T2_ema50_slope"":{""value"":0.3573935331351283,""score"":100},""T3_high_proximity"":{""value"":0.9308791944758782,""score"":65.43959723793907},""T4_rs_1m"":{""value"":-0.07816111650483881,""score"":0},""T5_rs_3m"":{""value"":0.010341252065648732,""score"":55.170626032824366},""T6_adr_healthy"":{""value"":3.1209296359649716,""score"":100.0},""_score"":59.76},""geometry"":{""sub_head_depth"":71.9,""sub_shoulder_price_sym"":18.7,""sub_shoulder_time_sym"":17.6,""sub_right_shoulder_reaction"":71.8,""sub_base_context"":100.0,""_score"":51.99},""compression"":{""VC1_atr_ratio"":{""value"":0.7084002983915777,""score"":72.89992540210557},""VC2_range_contraction"":{""value"":1.3400141706522744,""score"":0},""VC3_range_pct_rank"":{""score"":78.33333333333333},""_score"":48.74},""sr_quality"":{""SR1_touches"":{""value"":2,""score"":25.0},""SR2_tightness"":{""value"":3.4000000000000057,""score"":55.926497249109694},""SR3_recency"":{""value"":231,""score"":0.0},""SR4_price_location"":{""score"":88.47279110591},""SR5_reaction"":{""value"":2.340108554148372,""score"":100},""_score"":53.01,""_levels_found"":8,""_target_level"":405.05},""volume"":{""V1_rvol_day"":{""value"":0.5211446180001101,""score"":1.4096412000073424},""V2_rvol_sameslot"":{""value"":0.6474078501034818,""score"":9.827190006898785,""status"":""ok""},""V3_breakout_bar"":{""value"":0.4011216015627638,""score"":0},""V4_base_dryup"":{""value"":0.9267559328753374,""score"":57.324406712466256},""V5_bo_expansion"":{""value"":0.5211446180001101,""score"":0},""_score"":13.71},""readiness"":{""_distance_atr"":2.053,""BR1_atr_distance"":{""score"":0},""BR2_compression"":{""score"":64.93895568358387},""BR3_retest"":{""score"":50.0},""BR4_bo_age"":{""score"":50.0},""_score"":33.73},""risk"":{""R1_stop_clarity"":{""score"":24.5059786262033},""R2_stop_distance_pct"":{""value"":5.121539148556112,""score"":100.0},""R3_stop_distance_atr"":{""value"":1.3380132109398555,""score"":91.90066054699277},""R4_rr_potential"":{""value"":3.7861063074322256,""score"":100.0},""_score"":72.36},""market"":{""M1_spy_regime"":{""score"":100.0},""M3_earnings_risk"":{""value"":null,""score"":80.0},""M4_vix"":{""value"":null,""score"":60.0},""_score"":84.0},""liquidity"":{""L1_price"":{""value"":403.08,""score"":100.0},""L2_dollar_vol"":{""value"":566592026.9746593,""score"":100.0},""L3_spread_proxy"":{""value"":0.019475042175250628,""score"":80.52495782474938},""L4_volume_zscore"":{""value"":-1.1303687806536908,""score"":100.0},""_score"":98.05},""pattern_structure"":{""left_shoulder"":422.835,""left_shoulder_idx"":67,""head"":388.26,""head_idx"":77,""right_shoulder"":396.21,""right_shoulder_idx"":94,""left_to_head_bars"":10,""head_to_right_bars"":17,""structural_low"":388.26,""current_price"":403.51,""neckline_distance_pct"":0.07742063393720108,""base_bars"":27},""pattern_geometry_features"":{""head_depth_pct"":0.05192022416350747,""shoulder_price_asymmetry"":0.06501474277970075,""shoulder_time_asymmetry"":0.4117647058823529,""right_shoulder_reaction"":0.717774762550892,""atr_pct"":0.03827719417627131},""_schema_version"":""1.0""}",,,,,,,,,,
20260508T185417Z-990aff,2026-05-08T18:54:17.243985+00:00,NOK,ascending_triangle,forming,51.01,96.6,55.0,8.2,38.2,5.7,17.8,80.8,84.0,94.5,14.49,15.4,0.66,5.36,0.68,1.43,3.23,5.04,4.73,False,,12.815,13.98,11.9481,15.83,"{""trend"":{""T1_ema_stack"":{""value"":[true,true,true],""score"":100.0},""T2_ema50_slope"":{""value"":0.7861567065531542,""score"":100},""T3_high_proximity"":{""value"":0.9549180327868853,""score"":77.45901639344261},""T4_rs_1m"":{""value"":0.2571309522718628,""score"":100},""T5_rs_3m"":{""value"":0.7446566881645449,""score"":100},""T6_adr_healthy"":{""value"":5.303025839988694,""score"":100.0},""_score"":96.62},""geometry"":{""sub_flat_top_quality"":33.3,""sub_hl_slope"":100,""sub_compression"":0,""sub_duration"":100.0,""_score"":54.99},""compression"":{""VC1_atr_ratio"":{""value"":0.9571891583858677,""score"":10.702710403533072},""VC2_range_contraction"":{""value"":1.2906349681409663,""score"":0},""VC3_range_pct_rank"":{""score"":15.833333333333332},""_score"":8.24},""sr_quality"":{""SR1_touches"":{""value"":3,""score"":50.0},""SR2_tightness"":{""value"":0.18587630295441146,""score"":52.52548178637282},""SR3_recency"":{""value"":254,""score"":0.0},""SR4_price_location"":{""score"":30.0},""SR5_reaction"":{""value"":1.0493061383344886,""score"":52.46530691672443},""_score"":38.25,""_levels_found"":5,""_target_level"":8.575},""volume"":{""V1_rvol_day"":{""value"":0.6606208007542719,""score"":10.708053383618125},""V2_rvol_sameslot"":{""value"":0.7654264995983983,""score"":17.69509997322655,""status"":""ok""},""V3_breakout_bar"":{""value"":0.33656971667572644,""score"":0},""V4_base_dryup"":{""value"":2.2491650051558927,""score"":0},""V5_bo_expansion"":{""value"":0.6606208007542721,""score"":0},""_score"":5.68},""readiness"":{""_distance_atr"":1.488,""BR1_atr_distance"":{""score"":0.8160932121963071},""BR2_compression"":{""score"":0},""BR3_retest"":{""score"":50.0},""BR4_bo_age"":{""score"":50.0},""_score"":17.83},""risk"":{""R1_stop_clarity"":{""score"":53.52829569088176},""R2_stop_distance_pct"":{""value"":6.765119001170497,""score"":100.0},""R3_stop_distance_atr"":{""value"":1.1071350384938146,""score"":80.35675192469073},""R4_rr_potential"":{""value"":3.4777092104504335,""score"":100.0},""_score"":80.79},""market"":{""M1_spy_regime"":{""score"":100.0},""M3_earnings_risk"":{""value"":null,""score"":80.0},""M4_vix"":{""value"":null,""score"":60.0},""_score"":84.0},""liquidity"":{""L1_price"":{""value"":12.815,""score"":100.0},""L2_dollar_vol"":{""value"":954406618.9771925,""score"":100.0},""L3_spread_proxy"":{""value"":0.05462348809988304,""score"":45.37651190011696},""L4_volume_zscore"":{""value"":-1.0274388272983157,""score"":100.0},""_score"":94.54},""pattern_structure"":{""top"":13.98,""top_touches"":2,""low_slope_per_bar"":0.039062765055131524,""lowest_low"":12.13,""structural_low"":12.13,""current_price"":12.805,""neckline_distance_pct"":0.09176103084732531,""base_bars"":47},""pattern_geometry_features"":{""top_touches"":2.0,""low_slope"":0.039062765055131524,""compression"":-0.2175817600991492,""atr_pct"":0.06110473217769355},""_schema_version"":""1.0""}",,,,,,,,,,
20260508T185417Z-990aff,2026-05-08T18:54:17.243985+00:00,BA,cup_with_handle,absent,50.99,65.3,44.2,54.6,42.5,18.4,57.0,62.0,84.0,97.1,9.14,13.27,4.37,5.1,2.39,4.56,3.1,4.2,4.86,True,risk_unclear,236.33,236.45,217.7244,285.24,"{""trend"":{""T1_ema_stack"":{""value"":[true,true,true],""score"":100.0},""T2_ema50_slope"":{""value"":0.1412589708690292,""score"":73.54316181150486},""T3_high_proximity"":{""value"":0.9657553839238282,""score"":82.87769196191408},""T4_rs_1m"":{""value"":-0.010819482949754322,""score"":39.180517050245676},""T5_rs_3m"":{""value"":-0.09550032646121254,""score"":2.249836769393731},""T6_adr_healthy"":{""value"":2.707765928320761,""score"":100.0},""_score"":65.31},""geometry"":{""sub_cup_depth"":100.0,""sub_cup_duration"":0.0,""sub_rim_symmetry"":3.4,""sub_handle_shallowness"":45.7,""sub_handle_proportion"":100.0,""sub_u_shape"":29.5,""_score"":44.24},""compression"":{""VC1_atr_ratio"":{""value"":0.5527960105424687,""score"":100},""VC2_range_contraction"":{""value"":0.892489221592147,""score"":17.918463067975495},""VC3_range_pct_rank"":{""score"":33.333333333333336},""_score"":54.6},""sr_quality"":{""SR1_touches"":{""value"":2,""score"":25.0},""SR2_tightness"":{""value"":0.4749999999999943,""score"":85.94526048821743},""SR3_recency"":{""value"":233,""score"":0.0},""SR4_price_location"":{""score"":30.0},""SR5_reaction"":{""value"":1.946211560815807,""score"":97.31057804079035},""_score"":42.49,""_levels_found"":4,""_target_level"":235.975},""volume"":{""V1_rvol_day"":{""value"":0.757534564984292,""score"":17.168970998952794},""V2_rvol_sameslot"":{""value"":0.7185150469913157,""score"":14.567669799421049,""status"":""ok""},""V3_breakout_bar"":{""value"":0.3306577114556908,""score"":0},""V4_base_dryup"":{""value"":0.896564211947801,""score"":60.3435788052199},""V5_bo_expansion"":{""value"":0.757534564984292,""score"":0},""_score"":18.42},""readiness"":{""_distance_atr"":0.018,""BR1_atr_distance"":{""score"":98.81644298848168},""BR2_compression"":{""score"":0},""BR3_retest"":{""score"":50.0},""BR4_bo_age"":{""score"":50.0},""_score"":57.03},""risk"":{""R1_stop_clarity"":{""score"":1.89495931522805},""R2_stop_distance_pct"":{""value"":7.872720348665006,""score"":100.0},""R3_stop_distance_atr"":{""value"":2.7525985416886836,""score"":100.0},""R4_rr_potential"":{""value"":2.628778432299951,""score"":81.43892161499755},""_score"":61.95},""market"":{""M1_spy_regime"":{""score"":100.0},""M3_earnings_risk"":{""value"":null,""score"":80.0},""M4_vix"":{""value"":null,""score"":60.0},""_score"":84.0},""liquidity"":{""L1_price"":{""value"":236.33,""score"":100.0},""L2_dollar_vol"":{""value"":1106889885.509461,""score"":100.0},""L3_spread_proxy"":{""value"":0.028709854863961395,""score"":71.2901451360386},""L4_volume_zscore"":{""value"":-0.531971190104301,""score"":100.0},""_score"":97.13},""pattern_structure"":{""left_rim"":225.56,""left_rim_idx"":47,""cup_bottom"":176.77,""cup_bottom_idx"":65,""right_rim"":236.45,""right_rim_idx"":169,""handle_low"":221.04,""handle_bars"":10,""cup_bars"":122,""structural_low"":221.04,""current_price"":236.33,""neckline_distance_pct"":0.0005077645664959003,""base_bars"":132},""pattern_geometry_features"":{""cup_depth_pct"":0.2163060826387657,""rim_symmetry_pct"":0.048279836850505346,""handle_depth_pct"":0.06517234087544935,""handle_to_cup_ratio"":0.08196721311475409,""cup_duration_bars"":122.0,""atr_pct"":0.028601048171140838,""u_shape_score"":0.14754098360655737},""_schema_version"":""1.0""}",,,,,,,,,,
20260508T185417Z-990aff,2026-05-08T18:54:17.243985+00:00,KLAC,ascending_triangle,setup,50.96,88.3,41.1,33.9,45.3,37.9,36.4,28.8,84.0,70.5,13.24,11.5,2.71,6.34,4.54,2.91,1.15,5.04,3.53,False,,1877.78,1824.79,1651.6381,1972.79,"{""trend"":{""T1_ema_stack"":{""value"":[true,true,true],""score"":100.0},""T2_ema50_slope"":{""value"":0.4593816295391092,""score"":100},""T3_high_proximity"":{""value"":0.9704289405684754,""score"":85.21447028423768},""T4_rs_1m"":{""value"":0.0023899355248835352,""score"":52.38993552488353},""T5_rs_3m"":{""value"":0.23341621952104585,""score"":100},""T6_adr_healthy"":{""value"":3.568491669705899,""score"":100.0},""_score"":88.26},""geometry"":{""sub_flat_top_quality"":33.3,""sub_hl_slope"":53.6,""sub_compression"":0,""sub_duration"":100.0,""_score"":41.07},""compression"":{""VC1_atr_ratio"":{""value"":0.7235645825491014,""score"":69.10885436272464},""VC2_range_contraction"":{""value"":1.2319885429468207,""score"":0},""VC3_range_pct_rank"":{""score"":25.0},""_score"":33.89},""sr_quality"":{""SR1_touches"":{""value"":3,""score"":50.0},""SR2_tightness"":{""value"":19.994086742501274,""score"":51.82842156659553},""SR3_recency"":{""value"":229,""score"":0.0},""SR4_price_location"":{""score"":30.0},""SR5_reaction"":{""value"":2.9307381824622247,""score"":100},""_score"":45.27,""_levels_found"":6,""_target_level"":1673.287},""volume"":{""V1_rvol_day"":{""value"":0.7179955925346797,""score"":14.533039502311981},""V2_rvol_sameslot"":{""value"":1.6507744532831912,""score"":76.71829688554608,""status"":""ok""},""V3_breakout_bar"":{""value"":0.9019977238891216,""score"":26.79984825927477},""V4_base_dryup"":{""value"":0.8545015113395685,""score"":64.54984886604315},""V5_bo_expansion"":{""value"":0.7179955925346797,""score"":0},""_score"":37.86},""readiness"":{""_distance_atr"":-0.638,""BR1_atr_distance"":{""score"":47.23316561511141},""BR2_compression"":{""score"":0},""BR3_retest"":{""score"":50.0},""BR4_bo_age"":{""score"":50.0},""_score"":36.39},""risk"":{""R1_stop_clarity"":{""score"":39.40186763095686},""R2_stop_distance_pct"":{""value"":12.043042848470002,""score"":0.0},""R3_stop_distance_atr"":{""value"":2.7242079132310972,""score"":100.0},""R4_rr_potential"":{""value"":0.42013453060545847,""score"":0.0},""_score"":28.79},""market"":{""M1_spy_regime"":{""score"":100.0},""M3_earnings_risk"":{""value"":null,""score"":80.0},""M4_vix"":{""value"":null,""score"":60.0},""_score"":84.0},""liquidity"":{""L1_price"":{""value"":1877.78,""score"":0.0},""L2_dollar_vol"":{""value"":1347945656.4400392,""score"":100.0},""L3_spread_proxy"":{""value"":0.044765627496298796,""score"":55.2343725037012},""L4_volume_zscore"":{""value"":-0.9012920611642309,""score"":100.0},""_score"":70.52},""pattern_structure"":{""top"":1824.79,""top_touches"":2,""low_slope_per_bar"":2.6941931072210106,""lowest_low"":1676.79,""structural_low"":1676.79,""current_price"":1876.73,""neckline_distance_pct"":-0.02767579779723245,""base_bars"":34},""pattern_geometry_features"":{""top_touches"":2.0,""low_slope"":2.6941931072210106,""compression"":-0.1618291709997126,""atr_pct"":0.04420750262848377},""_schema_version"":""1.0""}",,,,,,,,,,
20260508T185417Z-990aff,2026-05-08T18:54:17.243985+00:00,WWD,ascending_triangle,absent,50.91,41.3,41.7,64.8,76.9,12.7,38.9,66.5,84.0,95.1,6.19,11.67,5.19,10.77,1.52,3.11,2.66,5.04,4.75,True,risk_unclear,370.61,387.19,347.3406,421.75,"{""trend"":{""T1_ema_stack"":{""value"":[false,true,true],""score"":66.66666666666666},""T2_ema50_slope"":{""value"":0.02088307928494805,""score"":53.48051321415801},""T3_high_proximity"":{""value"":0.9190576565406076,""score"":59.528828270303755},""T4_rs_1m"":{""value"":-0.14059672999552764,""score"":0},""T5_rs_3m"":{""value"":-0.11398061958167349,""score"":0},""T6_adr_healthy"":{""value"":3.694567431587342,""score"":100.0},""_score"":41.29},""geometry"":{""sub_flat_top_quality"":33.3,""sub_hl_slope"":55.6,""sub_compression"":0,""sub_duration"":100.0,""_score"":41.67},""compression"":{""VC1_atr_ratio"":{""value"":0.36986998371655416,""score"":100},""VC2_range_contraction"":{""value"":0.935257472816255,""score"":10.790421197290827},""VC3_range_pct_rank"":{""score"":84.16666666666667},""_score"":64.82},""sr_quality"":{""SR1_touches"":{""value"":5,""score"":100},""SR2_tightness"":{""value"":2.2512494394002656,""score"":69.04547774465426},""SR3_recency"":{""value"":229,""score"":0.0},""SR4_price_location"":{""score"":87.30544998615194},""SR5_reaction"":{""value"":1.966058494166593,""score"":98.30292470832966},""_score"":76.93,""_levels_found"":7,""_target_level"":373.5556},""volume"":{""V1_rvol_day"":{""value"":0.21792426971382442,""score"":0},""V2_rvol_sameslot"":{""value"":0.5619661376163313,""score"":4.1310758410887525,""status"":""ok""},""V3_breakout_bar"":{""value"":0.7456667208729201,""score"":16.377781391528003},""V4_base_dryup"":{""value"":1.1111513198245886,""score"":38.88486801754114},""V5_bo_expansion"":{""value"":0.21792426971382436,""score"":0},""_score"":12.7},""readiness"":{""_distance_atr"":1.14,""BR1_atr_distance"":{""score"":24.00872007466876},""BR2_compression"":{""score"":47.13338298309233},""BR3_retest"":{""score"":50.0},""BR4_bo_age"":{""score"":50.0},""_score"":38.89},""risk"":{""R1_stop_clarity"":{""score"":27.27043264154834},""R2_stop_distance_pct"":{""value"":6.278689188095305,""score"":100.0},""R3_stop_distance_atr"":{""value"":1.5997665458309724,""score"":100.0},""R4_rr_potential"":{""value"":2.1977313602169355,""score"":59.88656801084677},""_score"":66.52},""market"":{""M1_spy_regime"":{""score"":100.0},""M3_earnings_risk"":{""value"":null,""score"":80.0},""M4_vix"":{""value"":null,""score"":60.0},""_score"":84.0},""liquidity"":{""L1_price"":{""value"":370.61,""score"":100.0},""L2_dollar_vol"":{""value"":70798650.9686462,""score"":92.50124912569282},""L3_spread_proxy"":{""value"":0.019373465367906982,""score"":80.62653463209301},""L4_volume_zscore"":{""value"":-1.6339246427196203,""score"":100.0},""_score"":95.06},""pattern_structure"":{""top"":387.19,""top_touches"":2,""low_slope_per_bar"":0.5885740832507417,""lowest_low"":352.63,""structural_low"":352.63,""current_price"":370.88,""neckline_distance_pct"":0.043976488352027616,""base_bars"":37},""pattern_geometry_features"":{""top_touches"":2.0,""low_slope"":0.5885740832507417,""compression"":-0.0661876037080773,""atr_pct"":0.039247533988366674},""_schema_version"":""1.0""}",,,,,,,,,,
20260508T185417Z-990aff,2026-05-08T18:54:17.243985+00:00,MCHP,bull_flag,absent,50.91,96.1,49.0,9.2,43.0,31.4,17.5,69.5,84.0,90.8,13.46,14.7,0.83,4.3,4.39,1.57,2.09,5.04,4.54,False,,97.605,105.91,95.4662,118.2025,"{""trend"":{""T1_ema_stack"":{""value"":[true,true,true],""score"":100.0},""T2_ema50_slope"":{""value"":0.6006234598700767,""score"":100},""T3_high_proximity"":{""value"":0.9483579479207151,""score"":74.17897396035755},""T4_rs_1m"":{""value"":0.2857179131085008,""score"":100},""T5_rs_3m"":{""value"":0.21617564076272,""score"":100},""T6_adr_healthy"":{""value"":3.9162253433781267,""score"":100.0},""_score"":96.13},""geometry"":{""sub_pole_impulse"":46.9,""sub_flag_tightness"":56.4,""sub_flag_shallowness"":0,""sub_flag_drift"":80.6,""sub_flag_duration"":87.5,""_score"":49.01},""compression"":{""VC1_atr_ratio"":{""value"":0.9082561734570573,""score"":22.935956635735664},""VC2_range_contraction"":{""value"":1.2079906301231695,""score"":0},""VC3_range_pct_rank"":{""score"":0.0},""_score"":9.17},""sr_quality"":{""SR1_touches"":{""value"":2,""score"":25.0},""SR2_tightness"":{""value"":0.30000000000000426,""score"":86.5341239726256},""SR3_recency"":{""value"":231,""score"":0.0},""SR4_price_location"":{""score"":30.0},""SR5_reaction"":{""value"":2.51924097345459,""score"":100},""_score"":42.98,""_levels_found"":6,""_target_level"":83.65},""volume"":{""V1_rvol_day"":{""value"":0.9672893902298598,""score"":31.152626015323985},""V2_rvol_sameslot"":{""value"":1.634596568478987,""score"":75.63977123193246,""status"":""ok""},""V3_breakout_bar"":{""value"":0.7700550341878033,""score"":18.003668945853555},""V4_base_dryup"":{""value"":1.2250093936797306,""score"":27.49906063202694},""V5_bo_expansion"":{""value"":0.9672893902298598,""score"":0},""_score"":31.36},""readiness"":{""_distance_atr"":1.864,""BR1_atr_distance"":{""score"":0},""BR2_compression"":{""score"":0},""BR3_retest"":{""score"":50.0},""BR4_bo_age"":{""score"":50.0},""_score"":17.5},""risk"":{""R1_stop_clarity"":{""score"":34.744364771344536},""R2_stop_distance_pct"":{""value"":2.1912811843655584,""score"":100.0},""R3_stop_distance_atr"":{""value"":0.48001359412246675,""score"":49.00067970612334},""R4_rr_potential"":{""value"":9.630400224424887,""score"":100.0},""_score"":69.51},""market"":{""M1_spy_regime"":{""score"":100.0},""M3_earnings_risk"":{""value"":null,""score"":80.0},""M4_vix"":{""value"":null,""score"":60.0},""_score"":84.0},""liquidity"":{""L1_price"":{""value"":97.605,""score"":100.0},""L2_dollar_vol"":{""value"":981594300.4714717,""score"":100.0},""L3_spread_proxy"":{""value"":0.09210593719584032,""score"":7.894062804159688},""L4_volume_zscore"":{""value"":-0.11005216987772755,""score"":100.0},""_score"":90.79},""pattern_structure"":{""pole_low"":93.6175,""pole_low_idx"":31,""peak_price"":105.91,""peak_idx"":55,""pole_gain"":0.13130557855101865,""flag_bars"":4,""flag_low"":96.92,""flag_high"":100.56,""structural_low"":96.92,""current_price"":97.49,""neckline_distance_pct"":0.08636783259821522,""base_bars"":4},""pattern_geometry_features"":{""pole_gain"":0.13130557855101865,""pullback_pct"":0.08488339155887069,""flag_range_pct"":0.03436880370125579,""flag_drift_per_bar"":-0.0038824494819981953,""atr_pct"":0.04565039847197521,""pole_atr_multiple"":2.8763292971391516},""_schema_version"":""1.0""}",,,,,,,,,,
20260508T185417Z-990aff,2026-05-08T18:54:17.243985+00:00,CRML,ascending_triangle,absent,50.9,84.7,40.1,45.9,52.3,0.0,37.9,82.7,84.0,91.8,12.71,11.23,3.67,7.32,0.0,3.03,3.31,5.04,4.59,False,,12.6399,14.27,12.1549,16.2,"{""trend"":{""T1_ema_stack"":{""value"":[true,true,true],""score"":100.0},""T2_ema50_slope"":{""value"":0.6070767573510123,""score"":100},""T3_high_proximity"":{""value"":0.874733564013841,""score"":37.36678200692045},""T4_rs_1m"":{""value"":0.3565118139671952,""score"":100},""T5_rs_3m"":{""value"":0.07854447694342293,""score"":89.27223847171146},""T6_adr_healthy"":{""value"":11.424769832671029,""score"":14.380754183224287},""_score"":84.71},""geometry"":{""sub_flat_top_quality"":33.3,""sub_hl_slope"":28.6,""sub_compression"":26.1,""sub_duration"":100.0,""_score"":40.09},""compression"":{""VC1_atr_ratio"":{""value"":0.7224799579597514,""score"":69.38001051006215},""VC2_range_contraction"":{""value"":1.0412469162844709,""score"":0},""VC3_range_pct_rank"":{""score"":72.5},""_score"":45.88},""sr_quality"":{""SR1_touches"":{""value"":3,""score"":50.0},""SR2_tightness"":{""value"":0.3630977860332145,""score"":52.980746865857284},""SR3_recency"":{""value"":232,""score"":0.0},""SR4_price_location"":{""score"":57.50124344464713},""SR5_reaction"":{""value"":3.064687247080588,""score"":100},""_score"":52.32,""_levels_found"":4,""_target_level"":14.2634},""volume"":{""V1_rvol_day"":{""value"":0.4203472748250017,""score"":0},""V2_rvol_sameslot"":{""value"":0.3967374273384948,""score"":0,""status"":""ok""},""V3_breakout_bar"":{""value"":0.30331769670391945,""score"":0},""V4_base_dryup"":{""value"":2.13014322981562,""score"":0},""V5_bo_expansion"":{""value"":0.4203472748250017,""score"":0},""_score"":0.0},""readiness"":{""_distance_atr"":1.055,""BR1_atr_distance"":{""score"":29.63687516861299},""BR2_compression"":{""score"":34.234045092450685},""BR3_retest"":{""score"":50.0},""BR4_bo_age"":{""score"":50.0},""_score"":37.91},""risk"":{""R1_stop_clarity"":{""score"":76.03052375997221},""R2_stop_distance_pct"":{""value"":3.837055672908814,""score"":100.0},""R3_stop_distance_atr"":{""value"":0.31402474274482683,""score"":40.70123713724134},""R4_rr_potential"":{""value"":7.340412371133999,""score"":100.0},""_score"":82.72},""market"":{""M1_spy_regime"":{""score"":100.0},""M3_earnings_risk"":{""value"":null,""score"":80.0},""M4_vix"":{""value"":null,""score"":60.0},""_score"":84.0},""liquidity"":{""L1_price"":{""value"":12.6399,""score"":100.0},""L2_dollar_vol"":{""value"":111073034.62306471,""score"":100.0},""L3_spread_proxy"":{""value"":0.08250065269503712,""score"":17.499347304962882},""L4_volume_zscore"":{""value"":-0.7702092064849239,""score"":100.0},""_score"":91.75},""pattern_structure"":{""top"":14.27,""top_touches"":2,""low_slope_per_bar"":0.010590324763193468,""lowest_low"":12.34,""structural_low"":12.34,""current_price"":12.65,""neckline_distance_pct"":0.1280632411067193,""base_bars"":31},""pattern_geometry_features"":{""top_touches"":2.0,""low_slope"":0.010590324763193468,""compression"":0.1305473489015312,""atr_pct"":0.12218959688876378},""_schema_version"":""1.0""}",,,,,,,,,,
20260508T185417Z-990aff,2026-05-08T18:54:17.243985+00:00,RTX,ascending_triangle,forming,50.77,15.9,63.0,73.1,43.3,22.2,55.1,45.0,84.0,98.6,2.39,17.63,5.85,6.06,2.66,4.41,1.8,5.04,4.93,True,risk_unclear;trend_floor,177.005,178.09,169.3412,184.26,"{""trend"":{""T1_ema_stack"":{""value"":[false,false,true],""score"":33.33333333333333},""T2_ema50_slope"":{""value"":-0.3077520333631756,""score"":0},""T3_high_proximity"":{""value"":0.8342995852187028,""score"":17.1497926093514},""T4_rs_1m"":{""value"":-0.2136233954629192,""score"":0},""T5_rs_3m"":{""value"":-0.17693704928228926,""score"":0},""T6_adr_healthy"":{""value"":2.5237302612941597,""score"":100.0},""_score"":15.91},""geometry"":{""sub_flat_top_quality"":100,""sub_hl_slope"":12.2,""sub_compression"":57.2,""sub_duration"":100.0,""_score"":62.96},""compression"":{""VC1_atr_ratio"":{""value"":0.3460561574808847,""score"":100},""VC2_range_contraction"":{""value"":0.796204506987107,""score"":33.96591550214884},""VC3_range_pct_rank"":{""score"":85.0},""_score"":73.14},""sr_quality"":{""SR1_touches"":{""value"":3,""score"":50.0},""SR2_tightness"":{""value"":1.011196918947488,""score"":59.14344091825714},""SR3_recency"":{""value"":305,""score"":0.0},""SR4_price_location"":{""score"":17.594961894934375},""SR5_reaction"":{""value"":2.5633811352990903,""score"":100},""_score"":43.27,""_levels_found"":8,""_target_level"":182.9413},""volume"":{""V1_rvol_day"":{""value"":0.593935514598411,""score"":6.262367639894066},""V2_rvol_sameslot"":{""value"":0.8283726517918645,""score"":21.89151011945763,""status"":""ok""},""V3_breakout_bar"":{""value"":0.6300793900632327,""score"":8.671959337548845},""V4_base_dryup"":{""value"":0.780098890307634,""score"":71.9901109692366},""V5_bo_expansion"":{""value"":0.593935514598411,""score"":0},""_score"":22.2},""readiness"":{""_distance_atr"":0.219,""BR1_atr_distance"":{""score"":85.38716321451616},""BR2_compression"":{""score"":13.898510717951657},""BR3_retest"":{""score"":50.0},""BR4_bo_age"":{""score"":50.0},""_score"":55.13},""risk"":{""R1_stop_clarity"":{""score"":0},""R2_stop_distance_pct"":{""value"":4.32970820033333,""score"":100.0},""R3_stop_distance_atr"":{""value"":1.5482468924874246,""score"":100.0},""R4_rr_potential"":{""value"":0.9466583157180531,""score"":0.0},""_score"":45.0},""market"":{""M1_spy_regime"":{""score"":100.0},""M3_earnings_risk"":{""value"":null,""score"":80.0},""M4_vix"":{""value"":null,""score"":60.0},""_score"":84.0},""liquidity"":{""L1_price"":{""value"":177.005,""score"":100.0},""L2_dollar_vol"":{""value"":584547590.9943017,""score"":100.0},""L3_spread_proxy"":{""value"":0.013671930171464173,""score"":86.32806982853583},""L4_volume_zscore"":{""value"":-1.2607603002220351,""score"":100.0},""_score"":98.63},""pattern_structure"":{""top"":178.09,""top_touches"":4,""low_slope_per_bar"":0.06299078525641257,""lowest_low"":171.92,""structural_low"":171.92,""current_price"":176.535,""neckline_distance_pct"":0.008808451581839334,""base_bars"":29},""pattern_geometry_features"":{""top_touches"":4.0,""low_slope"":0.06299078525641257,""compression"":0.2860931393492905,""atr_pct"":0.02796523100638806},""_schema_version"":""1.0""}",,,,,,,,,,
20260508T185417Z-990aff,2026-05-08T18:54:17.243985+00:00,CRS,vcp,absent,50.67,75.5,39.0,45.2,44.4,27.8,23.3,76.4,84.0,94.6,11.33,9.76,5.43,5.33,3.61,1.63,3.82,5.04,4.73,False,,430.765,459.18,408.9818,552.98,"{""trend"":{""T1_ema_stack"":{""value"":[true,true,true],""score"":100.0},""T2_ema50_slope"":{""value"":0.3138738826239895,""score"":100},""T3_high_proximity"":{""value"":0.940206478086258,""score"":70.10323904312898},""T4_rs_1m"":{""value"":-0.08578584425989821,""score"":0},""T5_rs_3m"":{""value"":0.11189080570800924,""score"":100},""T6_adr_healthy"":{""value"":4.472022406174626,""score"":100.0},""_score"":75.52},""geometry"":{""sub_contraction_count"":100.0,""sub_reduction_rate"":9.6,""sub_pivot_tightness"":6.0,""sub_volume_dryup"":4.9,""sub_base_depth"":0.0,""sub_base_duration"":100.0,""_score"":39.03},""compression"":{""VC1_atr_ratio"":{""value"":0.5702300503220183,""score"":100},""VC2_range_contraction"":{""value"":1.1181507144811942,""score"":0},""VC3_range_pct_rank"":{""score"":20.833333333333336},""_score"":45.21},""sr_quality"":{""SR1_touches"":{""value"":2,""score"":25.0},""SR2_tightness"":{""value"":3.759999999999991,""score"":66.01781611532776},""SR3_recency"":{""value"":230,""score"":0.0},""SR4_price_location"":{""score"":52.399286168724345},""SR5_reaction"":{""value"":1.8570450089635768,""score"":92.85225044817884},""_score"":44.43,""_levels_found"":8,""_target_level"":446.24},""volume"":{""V1_rvol_day"":{""value"":0.5350215057209631,""score"":2.3347670480642053},""V2_rvol_sameslot"":{""value"":1.093464877300343,""score"":39.5643251533562,""status"":""ok""},""V3_breakout_bar"":{""value"":1.0864837734914647,""score"":39.09891823276432},""V4_base_dryup"":{""value"":1.0175496708276992,""score"":48.24503291723008},""V5_bo_expansion"":{""value"":0.5350215057209629,""score"":0},""_score"":27.8},""readiness"":{""_distance_atr"":1.284,""BR1_atr_distance"":{""score"":14.39683022314145},""BR2_compression"":{""score"":0},""BR3_retest"":{""score"":50.0},""BR4_bo_age"":{""score"":50.0},""_score"":23.26},""risk"":{""R1_stop_clarity"":{""score"":43.71113336135032},""R2_stop_distance_pct"":{""value"":5.056852344085531,""score"":100.0},""R3_stop_distance_atr"":{""value"":0.9843603841587778,""score"":74.2180192079389},""R4_rr_potential"":{""value"":5.610529239343246,""score"":100.0},""_score"":76.43},""market"":{""M1_spy_regime"":{""score"":100.0},""M3_earnings_risk"":{""value"":null,""score"":80.0},""M4_vix"":{""value"":null,""score"":60.0},""_score"":84.0},""liquidity"":{""L1_price"":{""value"":430.765,""score"":100.0},""L2_dollar_vol"":{""value"":153744974.6604673,""score"":100.0},""L3_spread_proxy"":{""value"":0.054321962090699186,""score"":45.67803790930081},""L4_volume_zscore"":{""value"":-1.074801909240611,""score"":100.0},""_score"":94.57},""pattern_structure"":{""n_contractions"":5,""contractions_pct"":[14.09,8.87,10.65,7.55,9.58],""descending_strict"":false,""final_low"":415.21,""final_pivot"":459.18,""structural_low"":415.21,""dry_up_ratio"":0.9752773057263758,""current_price"":430.765,""neckline_distance_pct"":0.06596404071825711,""base_bars"":30,""recent_base_height"":93.80000000000001},""pattern_geometry_features"":{""contraction_count"":5.0,""first_contraction_pct"":0.1408703948334067,""last_contraction_pct"":0.09575765495012854,""dry_up_ratio"":0.9752773057263758,""near_monotone"":0.0,""base_depth_pct"":-0.015729732374382327},""_schema_version"":""1.0""}",,,,,,,,,,
20260508T185417Z-990aff,2026-05-08T18:54:17.243985+00:00,PH,breakout_retest_hold,forming,50.56,28.3,57.7,60.9,40.6,27.1,69.8,41.6,84.0,73.5,3.96,12.69,3.66,5.69,3.53,12.55,2.08,4.2,2.2,True,trend_floor;weak_retest_trend,879.785,881.04,871.2396,886.5105,"{""trend"":{""T1_ema_stack"":{""value"":[false,false,true],""score"":33.33333333333333},""T2_ema50_slope"":{""value"":0.013679411273744247,""score"":52.279901878957375},""T3_high_proximity"":{""value"":0.8599880745244473,""score"":29.994037262223607},""T4_rs_1m"":{""value"":-0.18974475960815873,""score"":0},""T5_rs_3m"":{""value"":-0.16696498576289787,""score"":0},""T6_adr_healthy"":{""value"":2.698041952865331,""score"":100.0},""_score"":28.29},""geometry"":{""sub_retest_depth"":83.3,""sub_retest_timing"":0.0,""sub_retest_freshness"":75.0,""sub_hold_quality"":58.9,""_score"":57.66},""compression"":{""VC1_atr_ratio"":{""value"":0.6258252517258578,""score"":93.54368706853555},""VC2_range_contraction"":{""value"":0.9360657278369515,""score"":10.655712027174747},""VC3_range_pct_rank"":{""score"":79.16666666666666},""_score"":60.94},""sr_quality"":{""SR1_touches"":{""value"":3,""score"":50.0},""SR2_tightness"":{""value"":4.818725627060432,""score"":66.14236075507947},""SR3_recency"":{""value"":266,""score"":0.0},""SR4_price_location"":{""score"":2.9075173967963406},""SR5_reaction"":{""value"":2.04405618200835,""score"":100},""_score"":40.65,""_levels_found"":6,""_target_level"":906.5834},""volume"":{""V1_rvol_day"":{""value"":0.39046047254581323,""score"":0},""V2_rvol_sameslot"":{""value"":1.1008271561580165,""score"":40.05514374386777,""status"":""ok""},""V3_breakout_bar"":{""value"":1.0016223848952397,""score"":33.44149232634931},""V4_base_dryup"":{""value"":0.9627221839345115,""score"":53.72778160654885},""V5_bo_expansion"":{""value"":0.39046047254581323,""score"":0},""_score"":27.12},""readiness"":{""_distance_atr"":0.044,""BR1_atr_distance"":{""score"":97.06067948658755},""BR2_compression"":{""score"":27.091629129061236},""BR3_retest"":{""score"":98.243433956128},""BR4_bo_age"":{""score"":30.0},""_score"":69.75},""risk"":{""R1_stop_clarity"":{""score"":38.166064750035844},""R2_stop_distance_pct"":{""value"":0.9713054894093412,""score"":74.28263723523352},""R3_stop_distance_atr"":{""value"":0.3002111894260738,""score"":40.01055947130369},""R4_rr_potential"":{""value"":0.7870316193507656,""score"":0.0},""_score"":41.64},""market"":{""M1_spy_regime"":{""score"":100.0},""M3_earnings_risk"":{""value"":null,""score"":80.0},""M4_vix"":{""value"":null,""score"":60.0},""_score"":84.0},""liquidity"":{""L1_price"":{""value"":879.785,""score"":0.0},""L2_dollar_vol"":{""value"":252196901.21341693,""score"":100.0},""L3_spread_proxy"":{""value"":0.015236677142710972,""score"":84.76332285728903},""L4_volume_zscore"":{""value"":-1.0493933447776829,""score"":100.0},""_score"":73.48},""pattern_structure"":{""level"":881.04,""level_idx"":58,""breakout_idx"":63,""bo_peak_idx"":64,""bo_peak_price"":911.96,""retest_idx"":79,""retest_low"":880.04,""structural_low"":880.04,""current_price"":880.335,""neckline_distance_pct"":0.0008008315016441777,""base_bars"":21,""bars_since_breakout"":16},""pattern_geometry_features"":{""retest_depth_atr"":0.18279864729001033,""bars_breakout_to_retest"":16.0,""bars_since_retest"":0.0,""current_above_level_atr"":-0.128873046339444,""bo_peak_excess_pct"":0.03509488785980214,""atr_pct"":0.032354073519585545},""_schema_version"":""1.0""}",,,,,,,,,,
20260508T185417Z-990aff,2026-05-08T18:54:17.243985+00:00,GD,double_bottom,forming,50.49,37.9,59.5,59.0,47.0,13.1,49.9,49.4,84.0,98.6,5.69,14.88,4.72,6.58,1.7,4.0,2.96,5.04,4.93,True,risk_unclear;reversal_trend_cap,347.35,353.57,330.3986,371.7099,"{""trend"":{""T1_ema_stack"":{""value"":[true,false,true],""score"":66.66666666666666},""T2_ema50_slope"":{""value"":-0.14658177568621028,""score"":25.569704052298288},""T3_high_proximity"":{""value"":0.9487326559597946,""score"":74.36632797989728},""T4_rs_1m"":{""value"":-0.07472187843960953,""score"":0},""T5_rs_3m"":{""value"":-0.10325817783137603,""score"":0},""T6_adr_healthy"":{""value"":2.10683048031052,""score"":100.0},""_score"":37.94},""geometry"":{""sub_low_similarity"":49.5,""sub_bounce_quality"":34.4,""sub_separation_fit"":53.3,""sub_right_bottom_reaction"":65.2,""sub_base_context"":100.0,""_score"":59.51},""compression"":{""VC1_atr_ratio"":{""value"":0.5426016634829088,""score"":100},""VC2_range_contraction"":{""value"":1.03018294846485,""score"":0},""VC3_range_pct_rank"":{""score"":75.83333333333333},""_score"":58.96},""sr_quality"":{""SR1_touches"":{""value"":3,""score"":50.0},""SR2_tightness"":{""value"":2.052526897915502,""score"":56.07215694452565},""SR3_recency"":{""value"":227,""score"":0.0},""SR4_price_location"":{""score"":52.60910815939285},""SR5_reaction"":{""value"":1.3879090330268533,""score"":69.39545165134267},""_score"":46.97,""_levels_found"":5,""_target_level"":350.68},""volume"":{""V1_rvol_day"":{""value"":0.2820143821071738,""score"":0},""V2_rvol_sameslot"":{""value"":0.623276182470568,""score"":8.218412164704535,""status"":""ok""},""V3_breakout_bar"":{""value"":0.7129274494794846,""score"":14.195163298632307},""V4_base_dryup"":{""value"":1.1059402813685604,""score"":39.40597186314396},""V5_bo_expansion"":{""value"":0.2820143821071738,""score"":0},""_score"":13.07},""readiness"":{""_distance_atr"":0.666,""BR1_atr_distance"":{""score"":55.62686103609876},""BR2_compression"":{""score"":40.73841415377261},""BR3_retest"":{""score"":50.0},""BR4_bo_age"":{""score"":50.0},""_score"":49.94},""risk"":{""R1_stop_clarity"":{""score"":0},""R2_stop_distance_pct"":{""value"":4.880193320857937,""score"":100.0},""R3_stop_distance_atr"":{""value"":1.8139501826417395,""score"":100.0},""R4_rr_potential"":{""value"":1.4370476595922113,""score"":21.852382979610564},""_score"":49.37},""market"":{""M1_spy_regime"":{""score"":100.0},""M3_earnings_risk"":{""value"":null,""score"":80.0},""M4_vix"":{""value"":null,""score"":60.0},""_score"":84.0},""liquidity"":{""L1_price"":{""value"":347.35,""score"":100.0},""L2_dollar_vol"":{""value"":151617770.44251615,""score"":100.0},""L3_spread_proxy"":{""value"":0.013934072261407892,""score"":86.06592773859211},""L4_volume_zscore"":{""value"":-1.8501495195636326,""score"":100.0},""_score"":98.61},""pattern_structure"":{""left_low"":335.4301,""left_idx"":38,""right_low"":344.01,""right_idx"":75,""separation_bars"":37,""structural_low"":335.4301,""current_price"":347.18,""neckline_distance_pct"":0.018405438101273076,""base_bars"":37},""pattern_geometry_features"":{""low_similarity_pct"":0.02525579517605749,""bounce_pct"":0.05407952357286962,""right_bottom_reaction"":0.6524725274725299,""atr_pct"":0.026903678874745533},""_schema_version"":""1.0""}",,,,,,,,,,
20260508T185417Z-990aff,2026-05-08T18:54:17.243985+00:00,HON,breakout_retest_hold,setup,50.47,22.4,58.0,64.9,55.7,16.1,65.0,39.0,84.0,98.5,3.13,12.75,3.89,7.8,2.1,11.7,1.95,4.2,2.96,True,risk_unclear;trend_floor;weak_retest_trend,213.995,213.2499,211.4293,214.7198,"{""trend"":{""T1_ema_stack"":{""value"":[false,false,true],""score"":33.33333333333333},""T2_ema50_slope"":{""value"":-0.17059943358654353,""score"":21.56676106890941},""T3_high_proximity"":{""value"":0.8627439122722143,""score"":31.371956136107105},""T4_rs_1m"":{""value"":-0.17822586312647626,""score"":0},""T5_rs_3m"":{""value"":-0.1702263691246796,""score"":0},""T6_adr_healthy"":{""value"":2.189739232422635,""score"":100.0},""_score"":22.35},""geometry"":{""sub_retest_depth"":26.5,""sub_retest_timing"":0.0,""sub_retest_freshness"":100.0,""sub_hold_quality"":100.0,""_score"":57.95},""compression"":{""VC1_atr_ratio"":{""value"":0.48088971911246897,""score"":100},""VC2_range_contraction"":{""value"":0.8808140931823932,""score"":19.864317802934462},""VC3_range_pct_rank"":{""score"":71.66666666666667},""_score"":64.87},""sr_quality"":{""SR1_touches"":{""value"":4,""score"":75.0},""SR2_tightness"":{""value"":1.3000630398176845,""score"":52.64182679861893},""SR3_recency"":{""value"":246,""score"":0.0},""SR4_price_location"":{""score"":42.81210257601808},""SR5_reaction"":{""value"":1.943539825772005,""score"":97.17699128860025},""_score"":55.68,""_levels_found"":7,""_target_level"":221.707},""volume"":{""V1_rvol_day"":{""value"":0.3632813666694083,""score"":0},""V2_rvol_sameslot"":{""value"":0.6870135971544722,""score"":12.467573143631478,""status"":""ok""},""V3_breakout_bar"":{""value"":0.628159513741551,""score"":8.543967582770067},""V4_base_dryup"":{""value"":0.924416565687325,""score"":57.5583434312675},""V5_bo_expansion"":{""value"":0.3632813666694083,""score"":0},""_score"":16.14},""readiness"":{""_distance_atr"":-0.136,""BR1_atr_distance"":{""score"":100.0},""BR2_compression"":{""score"":2.0553506449430734},""BR3_retest"":{""score"":100},""BR4_bo_age"":{""score"":30.0},""_score"":65.01},""risk"":{""R1_stop_clarity"":{""score"":22.203401296822562},""R2_stop_distance_pct"":{""value"":1.1989298815392906,""score"":79.97324703848227},""R3_stop_distance_atr"":{""value"":0.46730232824387835,""score"":48.36511641219392},""R4_rr_potential"":{""value"":0.28248923274802895,""score"":0.0},""_score"":39.02},""market"":{""M1_spy_regime"":{""score"":100.0},""M3_earnings_risk"":{""value"":null,""score"":80.0},""M4_vix"":{""value"":null,""score"":60.0},""_score"":84.0},""liquidity"":{""L1_price"":{""value"":213.995,""score"":100.0},""L2_dollar_vol"":{""value"":292610380.72581005,""score"":100.0},""L3_spread_proxy"":{""value"":0.014462954741933216,""score"":85.53704525806678},""L4_volume_zscore"":{""value"":-1.8231571763385714,""score"":100.0},""_score"":98.55},""pattern_structure"":{""level"":213.2499,""level_idx"":52,""breakout_idx"":63,""bo_peak_idx"":69,""bo_peak_price"":218.26,""retest_idx"":78,""retest_low"":213.565,""structural_low"":213.565,""current_price"":213.835,""neckline_distance_pct"":-0.002736221853298156,""base_bars"":27,""bars_since_breakout"":16},""pattern_geometry_features"":{""retest_depth_atr"":-0.21437291839372066,""bars_breakout_to_retest"":15.0,""bars_since_retest"":1.0,""current_above_level_atr"":0.39806281990532516,""bo_peak_excess_pct"":0.023494032119124063,""atr_pct"":0.0256564071924244},""_schema_version"":""1.0""}",,,,,,,,,,
20260508T185417Z-990aff,2026-05-08T18:54:17.243985+00:00,WWD,bull_flag,absent,50.26,41.3,49.2,64.8,76.9,6.9,38.9,64.0,84.0,95.1,5.78,14.77,5.83,7.69,0.97,3.5,1.92,5.04,4.75,True,risk_unclear,370.61,387.19,363.9378,422.39,"{""trend"":{""T1_ema_stack"":{""value"":[false,true,true],""score"":66.66666666666666},""T2_ema50_slope"":{""value"":0.02088307928494805,""score"":53.48051321415801},""T3_high_proximity"":{""value"":0.9190576565406076,""score"":59.528828270303755},""T4_rs_1m"":{""value"":-0.14059672999552764,""score"":0},""T5_rs_3m"":{""value"":-0.11398061958167349,""score"":0},""T6_adr_healthy"":{""value"":3.694567431587342,""score"":100.0},""_score"":41.29},""geometry"":{""sub_pole_impulse"":38.7,""sub_flag_tightness"":48.2,""sub_flag_shallowness"":8.5,""sub_flag_drift"":92.5,""sub_flag_duration"":100.0,""_score"":49.23},""compression"":{""VC1_atr_ratio"":{""value"":0.36986998371655416,""score"":100},""VC2_range_contraction"":{""value"":0.935257472816255,""score"":10.790421197290827},""VC3_range_pct_rank"":{""score"":84.16666666666667},""_score"":64.82},""sr_quality"":{""SR1_touches"":{""value"":5,""score"":100},""SR2_tightness"":{""value"":2.2512494394002656,""score"":69.04547774465426},""SR3_recency"":{""value"":229,""score"":0.0},""SR4_price_location"":{""score"":87.30544998615194},""SR5_reaction"":{""value"":1.966058494166593,""score"":98.30292470832966},""_score"":76.93,""_levels_found"":7,""_target_level"":373.5556},""volume"":{""V1_rvol_day"":{""value"":0.21792426971382442,""score"":0},""V2_rvol_sameslot"":{""value"":0.5619661376163313,""score"":4.1310758410887525,""status"":""ok""},""V3_breakout_bar"":{""value"":0.7456667208729201,""score"":16.377781391528003},""V4_base_dryup"":{""value"":1.3997402129154075,""score"":10.025978708459249},""V5_bo_expansion"":{""value"":0.21792426971382436,""score"":0},""_score"":6.93},""readiness"":{""_distance_atr"":1.14,""BR1_atr_distance"":{""score"":24.00872007466876},""BR2_compression"":{""score"":47.13338298309233},""BR3_retest"":{""score"":50.0},""BR4_bo_age"":{""score"":50.0},""_score"":38.89},""risk"":{""R1_stop_clarity"":{""score"":23.795137828316697},""R2_stop_distance_pct"":{""value"":1.8003291870159939,""score"":95.00822967539985},""R3_stop_distance_atr"":{""value"":0.4587114154865444,""score"":47.93557077432722},""R4_rr_potential"":{""value"":7.760558736248938,""score"":100.0},""_score"":64.02},""market"":{""M1_spy_regime"":{""score"":100.0},""M3_earnings_risk"":{""value"":null,""score"":80.0},""M4_vix"":{""value"":null,""score"":60.0},""_score"":84.0},""liquidity"":{""L1_price"":{""value"":370.61,""score"":100.0},""L2_dollar_vol"":{""value"":70798650.9686462,""score"":92.50124912569282},""L3_spread_proxy"":{""value"":0.019373465367906982,""score"":80.62653463209301},""L4_volume_zscore"":{""value"":-1.6339246427196203,""score"":100.0},""_score"":95.06},""pattern_structure"":{""pole_low"":351.99,""pole_low_idx"":25,""peak_price"":387.19,""peak_idx"":49,""pole_gain"":0.1000028409898008,""flag_bars"":10,""flag_low"":369.48,""flag_high"":381.52,""structural_low"":369.48,""current_price"":370.88,""neckline_distance_pct"":0.043976488352027616,""base_bars"":10},""pattern_geometry_features"":{""pole_gain"":0.1000028409898008,""pullback_pct"":0.04573981766058002,""flag_range_pct"":0.031095844417469366,""flag_drift_per_bar"":-0.001504938295814047,""atr_pct"":0.039247533988366674,""pole_atr_multiple"":2.548003169305938},""_schema_version"":""1.0""}",,,,,,,,,,
20260508T185417Z-990aff,2026-05-08T18:54:17.243985+00:00,CRM,vcp,forming,50.06,20.7,52.2,65.5,57.6,28.1,24.7,76.8,84.0,97.4,3.1,13.04,7.86,6.92,3.65,1.73,3.84,5.04,4.87,True,trend_floor,181.2,193.56,168.0902,234.895,"{""trend"":{""T1_ema_stack"":{""value"":[false,false,false],""score"":0.0},""T2_ema50_slope"":{""value"":-0.20103331391894602,""score"":16.49444768017566},""T3_high_proximity"":{""value"":0.896541487308891,""score"":48.2707436544455},""T4_rs_1m"":{""value"":-0.024174408819201743,""score"":25.825591180798256},""T5_rs_3m"":{""value"":-0.12097587344915117,""score"":0},""T6_adr_healthy"":{""value"":3.4245500733915906,""score"":100.0},""_score"":20.7},""geometry"":{""sub_contraction_count"":100.0,""sub_reduction_rate"":0,""sub_pivot_tightness"":0,""sub_volume_dryup"":47.8,""sub_base_depth"":100.0,""sub_base_duration"":100.0,""_score"":52.17},""compression"":{""VC1_atr_ratio"":{""value"":0.4779976419764111,""score"":100},""VC2_range_contraction"":{""value"":0.8442627394107431,""score"":25.956210098209475},""VC3_range_pct_rank"":{""score"":65.83333333333333},""_score"":65.54},""sr_quality"":{""SR1_touches"":{""value"":5,""score"":100},""SR2_tightness"":{""value"":1.5817913895327675,""score"":59.07146535741645},""SR3_recency"":{""value"":227,""score"":0.0},""SR4_price_location"":{""score"":15.092977071673339},""SR5_reaction"":{""value"":2.389052557261854,""score"":100},""_score"":57.63,""_levels_found"":8,""_target_level"":190.606},""volume"":{""V1_rvol_day"":{""value"":0.6651616958085608,""score"":11.010779720570717},""V2_rvol_sameslot"":{""value"":1.1525265666314242,""score"":43.50177110876161,""status"":""ok""},""V3_breakout_bar"":{""value"":0.8344779378558026,""score"":22.29852919038684},""V4_base_dryup"":{""value"":0.9181941016964559,""score"":58.180589830354414},""V5_bo_expansion"":{""value"":0.6651616958085608,""score"":0},""_score"":28.11},""readiness"":{""_distance_atr"":1.599,""BR1_atr_distance"":{""score"":0},""BR2_compression"":{""score"":28.960434541656443},""BR3_retest"":{""score"":50.0},""BR4_bo_age"":{""score"":50.0},""_score"":24.74},""risk"":{""R1_stop_clarity"":{""score"":33.76698264725049},""R2_stop_distance_pct"":{""value"":7.234961368653417,""score"":100.0},""R3_stop_distance_atr"":{""value"":1.6960607466358133,""score"":100.0},""R4_rr_potential"":{""value"":4.095806556189098,""score"":100.0},""_score"":76.82},""market"":{""M1_spy_regime"":{""score"":100.0},""M3_earnings_risk"":{""value"":null,""score"":80.0},""M4_vix"":{""value"":null,""score"":60.0},""_score"":84.0},""liquidity"":{""L1_price"":{""value"":181.2,""score"":100.0},""L2_dollar_vol"":{""value"":1503528334.0359058,""score"":100.0},""L3_spread_proxy"":{""value"":0.026434878587196425,""score"":73.56512141280358},""L4_volume_zscore"":{""value"":-1.1833770683167546,""score"":100.0},""_score"":97.36},""pattern_structure"":{""n_contractions"":5,""contractions_pct"":[5.7,6.76,12.71,13.47,11.84],""descending_strict"":false,""final_low"":170.65,""final_pivot"":193.56,""structural_low"":170.65,""dry_up_ratio"":0.76101519850358,""current_price"":181.2,""neckline_distance_pct"":0.0682119205298014,""base_bars"":39,""recent_base_height"":41.33499999999998},""pattern_geometry_features"":{""contraction_count"":5.0,""first_contraction_pct"":0.056980127838436014,""last_contraction_pct"":0.11836123165943375,""dry_up_ratio"":0.76101519850358,""near_monotone"":0.0,""base_depth_pct"":0.1511428358246076},""_schema_version"":""1.0""}",,,,,,,,,,
20260508T185417Z-990aff,2026-05-08T18:54:17.243985+00:00,ZETA,cup_with_handle,forming,50.04,54.5,56.5,66.5,40.9,4.3,25.0,76.5,84.0,92.6,7.64,16.96,5.32,4.91,0.55,2.0,3.82,4.2,4.63,False,,17.0899,18.77,16.2722,23.055,"{""trend"":{""T1_ema_stack"":{""value"":[false,true,false],""score"":33.33333333333333},""T2_ema50_slope"":{""value"":0.1376629537161919,""score"":72.94382561936531},""T3_high_proximity"":{""value"":0.895697064989518,""score"":47.848532494758956},""T4_rs_1m"":{""value"":0.030774856144567986,""score"":80.77485614456799},""T5_rs_3m"":{""value"":-0.05609630796734422,""score"":21.95184601632789},""T6_adr_healthy"":{""value"":4.7905331509488684,""score"":100.0},""_score"":54.55},""geometry"":{""sub_cup_depth"":100.0,""sub_cup_duration"":28.0,""sub_rim_symmetry"":87.1,""sub_handle_shallowness"":0.1,""sub_handle_proportion"":100.0,""sub_u_shape"":32.7,""_score"":56.55},""compression"":{""VC1_atr_ratio"":{""value"":0.3204052189797466,""score"":100},""VC2_range_contraction"":{""value"":0.8891017286659372,""score"":18.483045222343804},""VC3_range_pct_rank"":{""score"":80.0},""_score"":66.47},""sr_quality"":{""SR1_touches"":{""value"":2,""score"":25.0},""SR2_tightness"":{""value"":0.04999999999999894,""score"":89.0623290988924},""SR3_recency"":{""value"":284,""score"":0.0},""SR4_price_location"":{""score"":20.146084593171416},""SR5_reaction"":{""value"":3.0242660041563143,""score"":100},""_score"":40.9,""_levels_found"":6,""_target_level"":17.56},""volume"":{""V1_rvol_day"":{""value"":0.4512049637762773,""score"":0},""V2_rvol_sameslot"":{""value"":0.47231676473229867,""score"":0,""status"":""ok""},""V3_breakout_bar"":{""value"":0.42327133085900304,""score"":0},""V4_base_dryup"":{""value"":1.2871361794253673,""score"":21.28638205746327},""V5_bo_expansion"":{""value"":0.4512049637762772,""score"":0},""_score"":4.26},""readiness"":{""_distance_atr"":1.838,""BR1_atr_distance"":{""score"":0},""BR2_compression"":{""score"":30.14017239408327},""BR3_retest"":{""score"":50.0},""BR4_bo_age"":{""score"":50.0},""_score"":25.04},""risk"":{""R1_stop_clarity"":{""score"":45.79290301410926},""R2_stop_distance_pct"":{""value"":4.784697394367446,""score"":100.0},""R3_stop_distance_atr"":{""value"":0.8943733495835895,""score"":69.71866747917947},""R4_rr_potential"":{""value"":7.294973706738394,""score"":100.0},""_score"":76.49},""market"":{""M1_spy_regime"":{""score"":100.0},""M3_earnings_risk"":{""value"":null,""score"":80.0},""M4_vix"":{""value"":null,""score"":60.0},""_score"":84.0},""liquidity"":{""L1_price"":{""value"":17.0899,""score"":100.0},""L2_dollar_vol"":{""value"":64978239.01985955,""score"":90.63839686605233},""L3_spread_proxy"":{""value"":0.03627873773398329,""score"":63.72126226601671},""L4_volume_zscore"":{""value"":-1.0573005378632683,""score"":100.0},""_score"":92.63},""pattern_structure"":{""left_rim"":18.65,""left_rim_idx"":68,""cup_bottom"":14.365,""cup_bottom_idx"":150,""right_rim"":18.77,""right_rim_idx"":166,""handle_low"":16.52,""handle_bars"":13,""cup_bars"":98,""structural_low"":16.52,""current_price"":17.0899,""neckline_distance_pct"":0.09830952784978259,""base_bars"":111},""pattern_geometry_features"":{""cup_depth_pct"":0.22975871313672916,""rim_symmetry_pct"":0.006434316353887453,""handle_depth_pct"":0.11987213638785296,""handle_to_cup_ratio"":0.1326530612244898,""cup_duration_bars"":98.0,""atr_pct"":0.05349776350776942,""u_shape_score"":0.16326530612244897},""_schema_version"":""1.0""}",,,,,,,,,,
20260508T185417Z-990aff,2026-05-08T18:54:17.243985+00:00,ADSK,vcp,absent,50.03,46.3,42.2,63.0,57.7,18.1,40.6,58.8,84.0,97.7,6.94,10.55,7.56,6.92,2.35,2.84,2.94,5.04,4.88,True,risk_unclear,245.45,250.91,223.595,296.2,"{""trend"":{""T1_ema_stack"":{""value"":[true,false,false],""score"":33.33333333333333},""T2_ema50_slope"":{""value"":-0.05435232533593374,""score"":40.94127911067771},""T3_high_proximity"":{""value"":0.9293124337422383,""score"":64.65621687111911},""T4_rs_1m"":{""value"":0.005505097006853754,""score"":55.50509700685375},""T5_rs_3m"":{""value"":-0.04692505795872437,""score"":26.537471020637817},""T6_adr_healthy"":{""value"":3.119837435938153,""score"":100.0},""_score"":46.3},""geometry"":{""sub_contraction_count"":100.0,""sub_reduction_rate"":0.2,""sub_pivot_tightness"":6.7,""sub_volume_dryup"":20.1,""sub_base_depth"":31.4,""sub_base_duration"":100.0,""_score"":42.21},""compression"":{""VC1_atr_ratio"":{""value"":0.451206765904036,""score"":100},""VC2_range_contraction"":{""value"":0.863619065779578,""score"":22.73015570340366},""VC3_range_pct_rank"":{""score"":60.0},""_score"":62.96},""sr_quality"":{""SR1_touches"":{""value"":2,""score"":25.0},""SR2_tightness"":{""value"":1.1599999999999966,""score"":73.08963768776364},""SR3_recency"":{""value"":245,""score"":0.0},""SR4_price_location"":{""score"":96.82490272373528},""SR5_reaction"":{""value"":3.584761841636497,""score"":100},""_score"":57.67,""_levels_found"":6,""_target_level"":245.96},""volume"":{""V1_rvol_day"":{""value"":0.42622184245213246,""score"":0},""V2_rvol_sameslot"":{""value"":0.8218136990664893,""score"":21.454246604432615,""status"":""ok""},""V3_breakout_bar"":{""value"":0.7133544152772134,""score"":14.223627685147564},""V4_base_dryup"":{""value"":0.987868588608303,""score"":51.21314113916971},""V5_bo_expansion"":{""value"":0.42622184245213246,""score"":0},""_score"":18.09},""readiness"":{""_distance_atr"":0.633,""BR1_atr_distance"":{""score"":57.77856947562899},""BR2_compression"":{""score"":0},""BR3_retest"":{""score"":50.0},""BR4_bo_age"":{""score"":50.0},""_score"":40.61},""risk"":{""R1_stop_clarity"":{""score"":21.00880717830597},""R2_stop_distance_pct"":{""value"":8.904053778773676,""score"":77.3986555306581},""R3_stop_distance_atr"":{""value"":2.5350257255772712,""score"":100.0},""R4_rr_potential"":{""value"":2.322123083962481,""score"":66.10615419812405},""_score"":58.79},""market"":{""M1_spy_regime"":{""score"":100.0},""M3_earnings_risk"":{""value"":null,""score"":80.0},""M4_vix"":{""value"":null,""score"":60.0},""_score"":84.0},""liquidity"":{""L1_price"":{""value"":245.45,""score"":100.0},""L2_dollar_vol"":{""value"":187982867.38356742,""score"":100.0},""L3_spread_proxy"":{""value"":0.023304135261764104,""score"":76.6958647382359},""L4_volume_zscore"":{""value"":-2.045217221934901,""score"":100.0},""_score"":97.67},""pattern_structure"":{""n_contractions"":5,""contractions_pct"":[12.59,7.41,11.62,12.54,9.53],""descending_strict"":false,""final_low"":227.0,""final_pivot"":250.91,""structural_low"":227.0,""dry_up_ratio"":0.8994120467409521,""current_price"":245.45,""neckline_distance_pct"":0.022244856386229406,""base_bars"":50,""recent_base_height"":45.28999999999999},""pattern_geometry_features"":{""contraction_count"":5.0,""first_contraction_pct"":0.12589025574619622,""last_contraction_pct"":0.09529313299589492,""dry_up_ratio"":0.8994120467409521,""near_monotone"":0.0,""base_depth_pct"":0.08141793460666884},""_schema_version"":""1.0""}",,,,,,,,,,
20260508T185417Z-990aff,2026-05-08T18:54:17.243985+00:00,AMAT,vcp,setup,50.03,92.1,35.0,19.9,57.2,34.3,34.5,30.4,84.0,95.4,13.81,8.75,2.39,6.87,4.46,2.42,1.52,5.04,4.77,False,,435.7,420.4999,371.4139,520.3098,"{""trend"":{""T1_ema_stack"":{""value"":[true,true,true],""score"":100.0},""T2_ema50_slope"":{""value"":0.3372028895926606,""score"":100},""T3_high_proximity"":{""value"":1.0,""score"":99.99999999999997},""T4_rs_1m"":{""value"":0.010492609965536692,""score"":60.492609965536694},""T5_rs_3m"":{""value"":0.2830341479909062,""score"":100},""T6_adr_healthy"":{""value"":3.230069981284532,""score"":100.0},""_score"":92.1},""geometry"":{""sub_contraction_count"":100.0,""sub_reduction_rate"":0,""sub_pivot_tightness"":0,""sub_volume_dryup"":0,""sub_base_depth"":0.0,""sub_base_duration"":100.0,""_score"":35.0},""compression"":{""VC1_atr_ratio"":{""value"":0.8615772214958172,""score"":34.60569462604571},""VC2_range_contraction"":{""value"":1.11685483356959,""score"":0},""VC3_range_pct_rank"":{""score"":24.16666666666667},""_score"":19.88},""sr_quality"":{""SR1_touches"":{""value"":4,""score"":75.0},""SR2_tightness"":{""value"":1.5960028195463891,""score"":81.67844057627087},""SR3_recency"":{""value"":230,""score"":0.0},""SR4_price_location"":{""score"":30.0},""SR5_reaction"":{""value"":2.412162200944774,""score"":100},""_score"":57.25,""_levels_found"":4,""_target_level"":378.265},""volume"":{""V1_rvol_day"":{""value"":0.645312519624163,""score"":9.687501308277536},""V2_rvol_sameslot"":{""value"":1.3665496044892198,""score"":57.76997363261466,""status"":""ok""},""V3_breakout_bar"":{""value"":0.8518074590573932,""score"":23.453830603826212},""V4_base_dryup"":{""value"":0.7517497005939254,""score"":74.82502994060746},""V5_bo_expansion"":{""value"":0.645312519624163,""score"":0},""_score"":34.32},""readiness"":{""_distance_atr"":-0.872,""BR1_atr_distance"":{""score"":42.550811816499426},""BR2_compression"":{""score"":0},""BR3_retest"":{""score"":50.0},""BR4_bo_age"":{""score"":50.0},""_score"":34.52},""risk"":{""R1_stop_clarity"":{""score"":35.07050557214194},""R2_stop_distance_pct"":{""value"":14.754659169153083,""score"":0.0},""R3_stop_distance_atr"":{""value"":3.6899079085793165,""score"":100.0},""R4_rr_potential"":{""value"":1.316145571239795,""score"":15.807278561989746},""_score"":30.44},""market"":{""M1_spy_regime"":{""score"":100.0},""M3_earnings_risk"":{""value"":null,""score"":80.0},""M4_vix"":{""value"":null,""score"":60.0},""_score"":84.0},""liquidity"":{""L1_price"":{""value"":435.7,""score"":100.0},""L2_dollar_vol"":{""value"":1623932045.489369,""score"":100.0},""L3_spread_proxy"":{""value"":0.046224466375946856,""score"":53.775533624053146},""L4_volume_zscore"":{""value"":-1.355973289597109,""score"":100.0},""_score"":95.38},""pattern_structure"":{""n_contractions"":5,""contractions_pct"":[20.03,4.84,15.61,6.78,10.33],""descending_strict"":false,""final_low"":377.07,""final_pivot"":420.4999,""structural_low"":377.07,""dry_up_ratio"":1.1457073500763548,""current_price"":435.7,""neckline_distance_pct"":-0.034886619233417404,""base_bars"":44,""recent_base_height"":99.80990000000003},""pattern_geometry_features"":{""contraction_count"":5.0,""first_contraction_pct"":0.20025255714105308,""last_contraction_pct"":0.10328159412166335,""dry_up_ratio"":1.1457073500763548,""near_monotone"":0.0,""base_depth_pct"":0.047682788230837214},""_schema_version"":""1.0""}",,,,,,,,,,
20260508T185417Z-990aff,2026-05-08T18:54:17.243985+00:00,SIRI,cup_with_handle,extended,50.0,96.5,69.6,51.5,49.4,0.0,28.8,28.9,84.0,88.9,13.52,20.87,4.12,5.93,0.0,2.31,1.44,4.2,4.45,True,price_extended_above_trigger,26.765,24.262,22.8126,28.5569,"{""trend"":{""T1_ema_stack"":{""value"":[true,true,true],""score"":100.0},""T2_ema50_slope"":{""value"":0.4606489139356299,""score"":100},""T3_high_proximity"":{""value"":0.953848895224519,""score"":76.92444761225947},""T4_rs_1m"":{""value"":0.05758501729343779,""score"":100},""T5_rs_3m"":{""value"":0.16661625694693738,""score"":100},""T6_adr_healthy"":{""value"":3.9194404142101846,""score"":100.0},""_score"":96.54},""geometry"":{""sub_cup_depth"":98.5,""sub_cup_duration"":0.0,""sub_rim_symmetry"":83.2,""sub_handle_shallowness"":62.1,""sub_handle_proportion"":100.0,""sub_u_shape"":72.0,""_score"":69.56},""compression"":{""VC1_atr_ratio"":{""value"":0.3522354292426286,""score"":100},""VC2_range_contraction"":{""value"":1.021064067821751,""score"":0},""VC3_range_pct_rank"":{""score"":45.833333333333336},""_score"":51.46},""sr_quality"":{""SR1_touches"":{""value"":4,""score"":75.0},""SR2_tightness"":{""value"":0.26432401990738585,""score"":54.04459166212268},""SR3_recency"":{""value"":244,""score"":0.0},""SR4_price_location"":{""score"":30.0},""SR5_reaction"":{""value"":1.5083670187334293,""score"":75.41835093667146},""_score"":49.42,""_levels_found"":4,""_target_level"":23.1438},""volume"":{""V1_rvol_day"":{""value"":0.22103506431297743,""score"":0},""V2_rvol_sameslot"":{""value"":0.23932077254409248,""score"":0,""status"":""ok""},""V3_breakout_bar"":{""value"":0.36001694997385425,""score"":0},""V4_base_dryup"":{""value"":1.7708516689895664,""score"":0},""V5_bo_expansion"":{""value"":0.2210350643129774,""score"":0},""_score"":0.0},""readiness"":{""_distance_atr"":-2.176,""BR1_atr_distance"":{""score"":16.482809579693125},""BR2_compression"":{""score"":18.952956729055543},""BR3_retest"":{""score"":50.0},""BR4_bo_age"":{""score"":50.0},""_score"":28.83},""risk"":{""R1_stop_clarity"":{""score"":39.60099100273822},""R2_stop_distance_pct"":{""value"":14.767046515972353,""score"":0.0},""R3_stop_distance_atr"":{""value"":3.4358238796887917,""score"":100.0},""R4_rr_potential"":{""value"":0.453370104240461,""score"":0.0},""_score"":28.86},""market"":{""M1_spy_regime"":{""score"":100.0},""M3_earnings_risk"":{""value"":null,""score"":80.0},""M4_vix"":{""value"":null,""score"":60.0},""_score"":84.0},""liquidity"":{""L1_price"":{""value"":26.765,""score"":100.0},""L2_dollar_vol"":{""value"":37711117.232833385,""score"":78.82346995211216},""L3_spread_proxy"":{""value"":0.026149822529422734,""score"":73.85017747057726},""L4_volume_zscore"":{""value"":-1.41565473328119,""score"":100.0},""_score"":88.91},""pattern_structure"":{""left_rim"":24.0599,""left_rim_idx"":30,""cup_bottom"":19.765,""cup_bottom_idx"":110,""right_rim"":24.262,""right_rim_idx"":155,""handle_low"":23.16,""handle_bars"":24,""cup_bars"":125,""structural_low"":23.16,""current_price"":26.765,""neckline_distance_pct"":-0.09351765365215767,""base_bars"":149},""pattern_geometry_features"":{""cup_depth_pct"":0.17850863885552304,""rim_symmetry_pct"":0.008399868661133318,""handle_depth_pct"":0.045420822685681324,""handle_to_cup_ratio"":0.192,""cup_duration_bars"":125.0,""atr_pct"":0.04297963758640014,""u_shape_score"":0.36},""_schema_version"":""1.0""}",,,,,,,,,,
20260508T185417Z-990aff,2026-05-08T18:54:17.243985+00:00,MKSI,double_bottom,extended,50.0,100.0,57.4,48.1,51.6,27.1,38.2,33.5,84.0,95.1,15.0,14.36,3.85,7.23,3.52,3.05,2.01,5.04,4.75,True,price_extended_above_trigger,315.62,298.0,270.9144,320.96,"{""trend"":{""T1_ema_stack"":{""value"":[true,true,true],""score"":100.0},""T2_ema50_slope"":{""value"":0.4397829111169134,""score"":100},""T3_high_proximity"":{""value"":1.0,""score"":99.99999999999997},""T4_rs_1m"":{""value"":0.11418250778764194,""score"":100},""T5_rs_3m"":{""value"":0.23112986038886563,""score"":100},""T6_adr_healthy"":{""value"":5.034825634472247,""score"":100.0},""_score"":100.0},""geometry"":{""sub_low_similarity"":7.1,""sub_bounce_quality"":76.4,""sub_separation_fit"":100.0,""sub_right_bottom_reaction"":33.4,""sub_base_context"":100.0,""_score"":57.42},""compression"":{""VC1_atr_ratio"":{""value"":0.6165266314719807,""score"":95.86834213200481},""VC2_range_contraction"":{""value"":1.3161084062714572,""score"":0},""VC3_range_pct_rank"":{""score"":39.16666666666667},""_score"":48.14},""sr_quality"":{""SR1_touches"":{""value"":4,""score"":75.0},""SR2_tightness"":{""value"":3.5844531922596055,""score"":58.96361835034219},""SR3_recency"":{""value"":230,""score"":0.0},""SR4_price_location"":{""score"":30.0},""SR5_reaction"":{""value"":1.707033305543619,""score"":85.35166527718096},""_score"":51.65,""_levels_found"":4,""_target_level"":264.9688},""volume"":{""V1_rvol_day"":{""value"":0.9846057492949738,""score"":32.30704995299825},""V2_rvol_sameslot"":{""value"":1.6181801073183915,""score"":74.54534048789276,""status"":""ok""},""V3_breakout_bar"":{""value"":0.5468776620995908,""score"":3.125177473306051},""V4_base_dryup"":{""value"":1.2527927453979133,""score"":24.72072546020867},""V5_bo_expansion"":{""value"":0.9846057492949738,""score"":0},""_score"":27.1},""readiness"":{""_distance_atr"":-1.009,""BR1_atr_distance"":{""score"":39.82785641535578},""BR2_compression"":{""score"":18.953042509719058},""BR3_retest"":{""score"":50.0},""BR4_bo_age"":{""score"":50.0},""_score"":38.17},""risk"":{""R1_stop_clarity"":{""score"":52.76833395413816},""R2_stop_distance_pct"":{""value"":14.164374881186237,""score"":0.0},""R3_stop_distance_atr"":{""value"":2.5590459200841953,""score"":100.0},""R4_rr_potential"":{""value"":0.11944812283024889,""score"":0.0},""_score"":33.47},""market"":{""M1_spy_regime"":{""score"":100.0},""M3_earnings_risk"":{""value"":null,""score"":80.0},""M4_vix"":{""value"":null,""score"":60.0},""_score"":84.0},""liquidity"":{""L1_price"":{""value"":315.62,""score"":100.0},""L2_dollar_vol"":{""value"":392262537.12006074,""score"":100.0},""L3_spread_proxy"":{""value"":0.04939484189848562,""score"":50.60515810151438},""L4_volume_zscore"":{""value"":-0.03871499215845146,""score"":100.0},""_score"":95.06},""pattern_structure"":{""left_low"":275.04,""left_idx"":49,""right_low"":288.125,""right_idx"":68,""separation_bars"":19,""structural_low"":275.04,""current_price"":315.77,""neckline_distance_pct"":-0.05627513696677956,""base_bars"":19},""pattern_geometry_features"":{""low_similarity_pct"":0.046469507160423605,""bounce_pct"":0.08347876672483995,""right_bottom_reaction"":0.33413173652694084,""atr_pct"":0.05535021771207691},""_schema_version"":""1.0""}",,,,,,,,,,
20260508T185417Z-990aff,2026-05-08T18:54:17.243985+00:00,APP,breakout_retest_hold,extended,50.0,77.0,54.2,43.4,62.8,43.0,42.0,64.8,84.0,90.0,10.78,11.93,2.6,8.79,5.59,7.55,3.24,4.2,2.7,True,price_extended_above_trigger,470.11,447.705,443.0002,464.5514,"{""trend"":{""T1_ema_stack"":{""value"":[true,true,false],""score"":66.66666666666666},""T2_ema50_slope"":{""value"":0.09180514386452072,""score"":65.30085731075346},""T3_high_proximity"":{""value"":0.908899329118574,""score"":54.44966455928696},""T4_rs_1m"":{""value"":0.15518388938194438,""score"":100},""T5_rs_3m"":{""value"":0.08792489543654791,""score"":93.96244771827395},""T6_adr_healthy"":{""value"":5.4100832787133415,""score"":100.0},""_score"":76.99},""geometry"":{""sub_retest_depth"":59.1,""sub_retest_timing"":0.0,""sub_retest_freshness"":100.0,""sub_hold_quality"":55.0,""_score"":54.23},""compression"":{""VC1_atr_ratio"":{""value"":0.4814445661699877,""score"":100},""VC2_range_contraction"":{""value"":0.9675674511031098,""score"":5.405424816148363},""VC3_range_pct_rank"":{""score"":5.833333333333335},""_score"":43.35},""sr_quality"":{""SR1_touches"":{""value"":4,""score"":75.0},""SR2_tightness"":{""value"":7.3639166718533735,""score"":46.99709708143103},""SR3_recency"":{""value"":236,""score"":0.0},""SR4_price_location"":{""score"":72.86068322075907},""SR5_reaction"":{""value"":3.826991088793823,""score"":100},""_score"":62.76,""_levels_found"":6,""_target_level"":484.0725},""volume"":{""V1_rvol_day"":{""value"":1.3208950656326885,""score"":54.726337708845904},""V2_rvol_sameslot"":{""value"":1.3320584335475916,""score"":55.470562236506105,""status"":""ok""},""V3_breakout_bar"":{""value"":0.3342448438035814,""score"":0},""V4_base_dryup"":{""value"":0.6108664684662295,""score"":88.91335315337705},""V5_bo_expansion"":{""value"":1.3208950656326885,""score"":21.393004375512568},""_score"":43.03},""readiness"":{""_distance_atr"":-0.806,""BR1_atr_distance"":{""score"":43.87366271498482},""BR2_compression"":{""score"":0},""BR3_retest"":{""score"":99.58613506186646},""BR4_bo_age"":{""score"":30.0},""_score"":41.97},""risk"":{""R1_stop_clarity"":{""score"":67.79231074933182},""R2_stop_distance_pct"":{""value"":5.766682265852677,""score"":100.0},""R3_stop_distance_atr"":{""value"":0.9756326092667709,""score"":73.78163046333854},""R4_rr_potential"":{""value"":-0.20503877756157918,""score"":0.0},""_score"":64.79},""market"":{""M1_spy_regime"":{""score"":100.0},""M3_earnings_risk"":{""value"":null,""score"":80.0},""M4_vix"":{""value"":null,""score"":60.0},""_score"":84.0},""liquidity"":{""L1_price"":{""value"":470.11,""score"":100.0},""L2_dollar_vol"":{""value"":2728800491.7862244,""score"":100.0},""L3_spread_proxy"":{""value"":0.10109336112824653,""score"":0},""L4_volume_zscore"":{""value"":0.599985946769231,""score"":100.0},""_score"":90.0},""pattern_structure"":{""level"":447.705,""level_idx"":39,""breakout_idx"":45,""bo_peak_idx"":71,""bo_peak_price"":512.6899,""retest_idx"":76,""retest_low"":447.475,""structural_low"":447.475,""current_price"":470.6125,""neckline_distance_pct"":-0.048675927647480736,""base_bars"":40,""bars_since_breakout"":34},""pattern_geometry_features"":{""retest_depth_atr"":0.013652728022815572,""bars_breakout_to_retest"":31.0,""bars_since_retest"":3.0,""current_above_level_atr"":1.359782031229133,""bo_peak_excess_pct"":0.14515115980388868,""atr_pct"":0.05910710867061508},""_schema_version"":""1.0""}",,,,,,,,,,
20260508T185417Z-990aff,2026-05-08T18:54:17.243985+00:00,MU,double_bottom,extended,50.0,100.0,81.1,1.7,52.6,30.0,31.5,34.1,84.0,66.0,15.0,20.27,0.13,7.36,3.91,2.52,2.05,5.04,3.3,True,stop_too_wide;price_extended_above_trigger,734.8499,683.09,618.1663,738.6,"{""trend"":{""T1_ema_stack"":{""value"":[true,true,true],""score"":100.0},""T2_ema50_slope"":{""value"":0.5373323953151553,""score"":100},""T3_high_proximity"":{""value"":1.0,""score"":99.99999999999997},""T4_rs_1m"":{""value"":0.6586209071722269,""score"":100},""T5_rs_3m"":{""value"":0.7939089715618639,""score"":100},""T6_adr_healthy"":{""value"":5.729424202291391,""score"":100.0},""_score"":100.0},""geometry"":{""sub_low_similarity"":75.2,""sub_bounce_quality"":83.5,""sub_separation_fit"":100.0,""sub_right_bottom_reaction"":45.4,""sub_base_context"":100.0,""_score"":81.07},""compression"":{""VC1_atr_ratio"":{""value"":1.0643551542505314,""score"":0},""VC2_range_contraction"":{""value"":1.0923528949745873,""score"":0},""VC3_range_pct_rank"":{""score"":6.666666666666665},""_score"":1.67},""sr_quality"":{""SR1_touches"":{""value"":4,""score"":75.0},""SR2_tightness"":{""value"":7.9966410918506945,""score"":61.5079292466431},""SR3_recency"":{""value"":237,""score"":0.0},""SR4_price_location"":{""score"":30.0},""SR5_reaction"":{""value"":1.7777503005447728,""score"":88.88751502723863},""_score"":52.56,""_levels_found"":4,""_target_level"":441.765},""volume"":{""V1_rvol_day"":{""value"":1.1174205223802889,""score"":41.161368158685924},""V2_rvol_sameslot"":{""value"":1.4125841322798933,""score"":60.83894215199289,""status"":""ok""},""V3_breakout_bar"":{""value"":0.6239217294529402,""score"":8.261448630196016},""V4_base_dryup"":{""value"":1.1800933768632953,""score"":31.99066231367047},""V5_bo_expansion"":{""value"":1.117420522380289,""score"":7.828034825352607},""_score"":30.04},""readiness"":{""_distance_atr"":-1.246,""BR1_atr_distance"":{""score"":35.0852175294317},""BR2_compression"":{""score"":0},""BR3_retest"":{""score"":50.0},""BR4_bo_age"":{""score"":50.0},""_score"":31.53},""risk"":{""R1_stop_clarity"":{""score"":54.686873865059574},""R2_stop_distance_pct"":{""value"":15.87856241118085,""score"":0.0},""R3_stop_distance_atr"":{""value"":2.8082999695544273,""score"":100.0},""R4_rr_potential"":{""value"":0.03213904953223909,""score"":0.0},""_score"":34.14},""market"":{""M1_spy_regime"":{""score"":100.0},""M3_earnings_risk"":{""value"":null,""score"":80.0},""M4_vix"":{""value"":null,""score"":60.0},""_score"":84.0},""liquidity"":{""L1_price"":{""value"":734.8499,""score"":0.0},""L2_dollar_vol"":{""value"":34267764951.643585,""score"":100.0},""L3_spread_proxy"":{""value"":0.08973247461828594,""score"":10.267525381714051},""L4_volume_zscore"":{""value"":0.5497156141028264,""score"":100.0},""_score"":66.03},""pattern_structure"":{""left_low"":627.58,""left_idx"":63,""right_low"":635.4201,""right_idx"":74,""separation_bars"":11,""structural_low"":627.58,""current_price"":733.1209,""neckline_distance_pct"":-0.06824372351136078,""base_bars"":11},""pattern_geometry_features"":{""low_similarity_pct"":0.012415042564129656,""bounce_pct"":0.08845087478887152,""right_bottom_reaction"":0.4537947812255016,""atr_pct"":0.0565415467839078},""_schema_version"":""1.0""}",,,,,,,,,,
20260508T185417Z-990aff,2026-05-08T18:54:17.243985+00:00,RKLB,double_bottom,extended,50.0,100.0,68.8,5.3,37.0,71.6,23.2,39.0,84.0,82.5,15.0,17.19,0.42,5.17,9.31,1.85,2.34,5.04,4.12,True,stop_too_wide;price_extended_above_trigger,101.81,84.79,76.436,91.98,"{""trend"":{""T1_ema_stack"":{""value"":[true,true,true],""score"":100.0},""T2_ema50_slope"":{""value"":0.3586270898309171,""score"":100},""T3_high_proximity"":{""value"":1.0,""score"":99.99999999999997},""T4_rs_1m"":{""value"":0.44071811633903324,""score"":100},""T5_rs_3m"":{""value"":0.33983930416634767,""score"":100},""T6_adr_healthy"":{""value"":7.452915848234067,""score"":100.0},""_score"":100.0},""geometry"":{""sub_low_similarity"":91.5,""sub_bounce_quality"":89.5,""sub_separation_fit"":0.0,""sub_right_bottom_reaction"":22.7,""sub_base_context"":100.0,""_score"":68.75},""compression"":{""VC1_atr_ratio"":{""value"":0.9534468278805949,""score"":11.638293029851281},""VC2_range_contraction"":{""value"":1.0772846916507597,""score"":0},""VC3_range_pct_rank"":{""score"":2.500000000000002},""_score"":5.28},""sr_quality"":{""SR1_touches"":{""value"":2,""score"":25.0},""SR2_tightness"":{""value"":1.6149999999999949,""score"":56.53352455250307},""SR3_recency"":{""value"":235,""score"":0.0},""SR4_price_location"":{""score"":30.0},""SR5_reaction"":{""value"":1.7978703157230986,""score"":89.89351578615494},""_score"":36.96,""_levels_found"":7,""_target_level"":91.485},""volume"":{""V1_rvol_day"":{""value"":2.549373973453151,""score"":100},""V2_rvol_sameslot"":{""value"":3.4719397520092112,""score"":100,""status"":""ok""},""V3_breakout_bar"":{""value"":0.990300559850019,""score"":32.68670399000126},""V4_base_dryup"":{""value"":1.0785380579568447,""score"":42.146194204315535},""V5_bo_expansion"":{""value"":2.549373973453151,""score"":100},""_score"":71.6},""readiness"":{""_distance_atr"":-2.29,""BR1_atr_distance"":{""score"":14.191986865857587},""BR2_compression"":{""score"":0},""BR3_retest"":{""score"":50.0},""BR4_bo_age"":{""score"":50.0},""_score"":23.18},""risk"":{""R1_stop_clarity"":{""score"":68.67184060626214},""R2_stop_distance_pct"":{""value"":24.92289558982419,""score"":0.0},""R3_stop_distance_atr"":{""value"":3.4146078885597246,""score"":100.0},""R4_rr_potential"":{""value"":-0.3874044297312202,""score"":0.0},""_score"":39.04},""market"":{""M1_spy_regime"":{""score"":100.0},""M3_earnings_risk"":{""value"":null,""score"":80.0},""M4_vix"":{""value"":null,""score"":60.0},""_score"":84.0},""liquidity"":{""L1_price"":{""value"":101.81,""score"":100.0},""L2_dollar_vol"":{""value"":6175428793.942511,""score"":100.0},""L3_spread_proxy"":{""value"":0.16275414988704442,""score"":0},""L4_volume_zscore"":{""value"":3.505040549760631,""score"":70.0},""_score"":82.5},""pattern_structure"":{""left_low"":77.6,""left_idx"":28,""right_low"":77.93,""right_idx"":74,""separation_bars"":46,""structural_low"":77.6,""current_price"":101.8104,""neckline_distance_pct"":-0.16717741998852764,""base_bars"":46},""pattern_geometry_features"":{""low_similarity_pct"":0.004243554298206295,""bounce_pct"":0.09265463917525789,""right_bottom_reaction"":0.2268316831683073,""atr_pct"":0.07298904121121978},""_schema_version"":""1.0""}",,,,,,,,,,
20260508T185417Z-990aff,2026-05-08T18:54:17.243985+00:00,INTC,ascending_triangle,extended,50.0,100.0,55.0,0.0,43.8,41.6,31.8,35.8,84.0,90.0,15.0,15.4,0.0,6.13,4.99,2.54,1.43,5.04,4.5,True,stop_too_wide;price_extended_above_trigger,124.14,114.51,104.9814,122.4399,"{""trend"":{""T1_ema_stack"":{""value"":[true,true,true],""score"":100.0},""T2_ema50_slope"":{""value"":0.8752788054424933,""score"":100},""T3_high_proximity"":{""value"":1.0,""score"":99.99999999999997},""T4_rs_1m"":{""value"":0.9265876779677096,""score"":100},""T5_rs_3m"":{""value"":1.3859129197939766,""score"":100},""T6_adr_healthy"":{""value"":6.190105452630982,""score"":100.0},""_score"":100.0},""geometry"":{""sub_flat_top_quality"":33.3,""sub_hl_slope"":100,""sub_compression"":0,""sub_duration"":100.0,""_score"":54.99},""compression"":{""VC1_atr_ratio"":{""value"":1.4047313207197691,""score"":0},""VC2_range_contraction"":{""value"":1.2796062941263,""score"":0},""VC3_range_pct_rank"":{""score"":0.0},""_score"":0.0},""sr_quality"":{""SR1_touches"":{""value"":4,""score"":75.0},""SR2_tightness"":{""value"":1.7040406942030477,""score"":56.8713888038538},""SR3_recency"":{""value"":254,""score"":0.0},""SR4_price_location"":{""score"":30.0},""SR5_reaction"":{""value"":0.7054421996223443,""score"":35.27210998111722},""_score"":43.82,""_levels_found"":3,""_target_level"":48.8688},""volume"":{""V1_rvol_day"":{""value"":1.185865737986828,""score"":45.7243825324552},""V2_rvol_sameslot"":{""value"":2.5883180033146695,""score"":100,""status"":""ok""},""V3_breakout_bar"":{""value"":1.134376643983165,""score"":42.29177626554434},""V4_base_dryup"":{""value"":1.6420936037639506,""score"":0},""V5_bo_expansion"":{""value"":1.1858657379868278,""score"":12.391049199121856},""_score"":41.58},""readiness"":{""_distance_atr"":-1.219,""BR1_atr_distance"":{""score"":35.6268422912793},""BR2_compression"":{""score"":0},""BR3_retest"":{""score"":50.0},""BR4_bo_age"":{""score"":50.0},""_score"":31.75},""risk"":{""R1_stop_clarity"":{""score"":59.537483085494856},""R2_stop_distance_pct"":{""value"":15.43306065732238,""score"":0.0},""R3_stop_distance_atr"":{""value"":2.4244839866979917,""score"":100.0},""R4_rr_potential"":{""value"":-0.08873820983227777,""score"":0.0},""_score"":35.84},""market"":{""M1_spy_regime"":{""score"":100.0},""M3_earnings_risk"":{""value"":null,""score"":80.0},""M4_vix"":{""value"":null,""score"":60.0},""_score"":84.0},""liquidity"":{""L1_price"":{""value"":124.14,""score"":100.0},""L2_dollar_vol"":{""value"":21403690443.651985,""score"":100.0},""L3_spread_proxy"":{""value"":0.15120025777348153,""score"":0},""L4_volume_zscore"":{""value"":0.5360393532898695,""score"":100.0},""_score"":90.0},""pattern_structure"":{""top"":114.51,""top_touches"":2,""low_slope_per_bar"":0.6448478213507632,""lowest_low"":106.5801,""structural_low"":106.5801,""current_price"":124.185,""neckline_distance_pct"":-0.07790795989853845,""base_bars"":30},""pattern_geometry_features"":{""top_touches"":2.0,""low_slope"":0.6448478213507632,""compression"":-0.7819390553494248,""atr_pct"":0.06365503233676262},""_schema_version"":""1.0""}",,,,,,,,,,
20260508T185417Z-990aff,2026-05-08T18:54:17.243985+00:00,MSTR,breakout_retest_hold,extended,50.0,91.5,37.5,55.5,58.3,41.2,40.0,66.0,84.0,94.5,12.81,8.25,3.33,8.17,5.36,7.2,3.3,4.2,2.84,True,price_extended_above_trigger,186.56,175.75,173.9628,179.428,"{""trend"":{""T1_ema_stack"":{""value"":[true,true,false],""score"":66.66666666666666},""T2_ema50_slope"":{""value"":0.49374319524435556,""score"":100},""T3_high_proximity"":{""value"":0.9981808453718566,""score"":99.09042268592827},""T4_rs_1m"":{""value"":0.3630189121747729,""score"":100},""T5_rs_3m"":{""value"":0.31471113831633946,""score"":100},""T6_adr_healthy"":{""value"":5.559251729750357,""score"":100.0},""_score"":91.53},""geometry"":{""sub_retest_depth"":58.3,""sub_retest_timing"":0.0,""sub_retest_freshness"":100.0,""sub_hold_quality"":0.0,""_score"":37.49},""compression"":{""VC1_atr_ratio"":{""value"":0.6567816970089989,""score"":85.80457574775026},""VC2_range_contraction"":{""value"":0.857915380697632,""score"":23.680769883728008},""VC3_range_pct_rank"":{""score"":51.66666666666666},""_score"":55.53},""sr_quality"":{""SR1_touches"":{""value"":2,""score"":25.0},""SR2_tightness"":{""value"":0.10500000000000398,""score"":97.94498429380846},""SR3_recency"":{""value"":226,""score"":0.0},""SR4_price_location"":{""score"":84.61194994740532},""SR5_reaction"":{""value"":3.3457612854612524,""score"":100},""_score"":58.34,""_levels_found"":7,""_target_level"":190.305},""volume"":{""V1_rvol_day"":{""value"":0.5863491635641267,""score"":5.756610904275114},""V2_rvol_sameslot"":{""value"":1.4965345372862482,""score"":66.43563581908322,""status"":""ok""},""V3_breakout_bar"":{""value"":1.31192509173869,""score"":54.128339449246},""V4_base_dryup"":{""value"":0.8362648875511838,""score"":66.37351124488163},""V5_bo_expansion"":{""value"":0.5863491635641267,""score"":0},""_score"":41.25},""readiness"":{""_distance_atr"":-1.058,""BR1_atr_distance"":{""score"":38.84312401530497},""BR2_compression"":{""score"":0},""BR3_retest"":{""score"":99.85321316384346},""BR4_bo_age"":{""score"":30.0},""_score"":40.01},""risk"":{""R1_stop_clarity"":{""score"":65.60882286743168},""R2_stop_distance_pct"":{""value"":6.752358490566046,""score"":100.0},""R3_stop_distance_atr"":{""value"":1.2327354216207236,""score"":86.63677108103617},""R4_rr_potential"":{""value"":-0.5661598269003087,""score"":0.0},""_score"":65.96},""market"":{""M1_spy_regime"":{""score"":100.0},""M3_earnings_risk"":{""value"":null,""score"":80.0},""M4_vix"":{""value"":null,""score"":60.0},""_score"":84.0},""liquidity"":{""L1_price"":{""value"":186.56,""score"":100.0},""L2_dollar_vol"":{""value"":2064696966.289246,""score"":100.0},""L3_spread_proxy"":{""value"":0.05451329331046321,""score"":45.48670668953679},""L4_volume_zscore"":{""value"":-0.848403379823597,""score"":100.0},""_score"":94.55},""pattern_structure"":{""level"":175.75,""level_idx"":22,""breakout_idx"":46,""bo_peak_idx"":57,""bo_peak_price"":190.41,""retest_idx"":73,""retest_low"":175.72,""structural_low"":175.72,""current_price"":187.275,""neckline_distance_pct"":-0.06154051528500871,""base_bars"":57,""bars_since_breakout"":33},""pattern_geometry_features"":{""retest_depth_atr"":0.008156670214171158,""bars_breakout_to_retest"":27.0,""bars_since_retest"":6.0,""current_above_level_atr"":3.1335208072773026,""bo_peak_excess_pct"":0.0834139402560455,""atr_pct"":0.05477540737564323},""_schema_version"":""1.0""}",,,,,,,,,,
20260508T185417Z-990aff,2026-05-08T18:54:17.243985+00:00,CRWD,cup_with_handle,extended,50.0,88.9,66.9,53.9,51.9,35.4,19.3,21.6,84.0,90.4,12.44,20.07,4.31,6.23,4.61,1.54,1.08,4.2,4.52,True,stop_too_wide;price_extended_above_trigger,524.54,467.95,426.0618,611.78,"{""trend"":{""T1_ema_stack"":{""value"":[true,true,false],""score"":66.66666666666666},""T2_ema50_slope"":{""value"":0.21684421496159798,""score"":86.14070249359966},""T3_high_proximity"":{""value"":1.0,""score"":99.99999999999997},""T4_rs_1m"":{""value"":0.24427218193528688,""score"":100},""T5_rs_3m"":{""value"":0.2583388300829088,""score"":100},""T6_adr_healthy"":{""value"":3.7519623281061274,""score"":100.0},""_score"":88.89},""geometry"":{""sub_cup_depth"":84.4,""sub_cup_duration"":100.0,""sub_rim_symmetry"":23.5,""sub_handle_shallowness"":37.0,""sub_handle_proportion"":100.0,""sub_u_shape"":86.1,""_score"":66.9},""compression"":{""VC1_atr_ratio"":{""value"":0.5982716271785237,""score"":100},""VC2_range_contraction"":{""value"":0.8047918187834813,""score"":32.53469686941979},""VC3_range_pct_rank"":{""score"":9.999999999999998},""_score"":53.89},""sr_quality"":{""SR1_touches"":{""value"":3,""score"":50.0},""SR2_tightness"":{""value"":0.37932688922469104,""score"":96.28227787681207},""SR3_recency"":{""value"":294,""score"":0.0},""SR4_price_location"":{""score"":30.0},""SR5_reaction"":{""value"":2.4589686669480897,""score"":100},""_score"":51.94,""_levels_found"":5,""_target_level"":486.6833},""volume"":{""V1_rvol_day"":{""value"":0.9371655144848463,""score"":29.14436763232309},""V2_rvol_sameslot"":{""value"":1.4771489938601288,""score"":65.14326625734192,""status"":""ok""},""V3_breakout_bar"":{""value"":0.5741936202506523,""score"":4.94624135004349},""V4_base_dryup"":{""value"":0.733009905558484,""score"":76.6990094441516},""V5_bo_expansion"":{""value"":0.9371655144848465,""score"":0},""_score"":35.43},""readiness"":{""_distance_atr"":-2.773,""BR1_atr_distance"":{""score"":4.537046824912956},""BR2_compression"":{""score"":0},""BR3_retest"":{""score"":50.0},""BR4_bo_age"":{""score"":50.0},""_score"":19.31},""risk"":{""R1_stop_clarity"":{""score"":36.40970031131678},""R2_stop_distance_pct"":{""value"":18.774211690242872,""score"":0.0},""R3_stop_distance_atr"":{""value"":4.82584782515861,""score"":58.70760874206948},""R4_rr_potential"":{""value"":0.8858808924813353,""score"":0.0},""_score"":21.55},""market"":{""M1_spy_regime"":{""score"":100.0},""M3_earnings_risk"":{""value"":null,""score"":80.0},""M4_vix"":{""value"":null,""score"":60.0},""_score"":84.0},""liquidity"":{""L1_price"":{""value"":524.54,""score"":87.73000000000002},""L2_dollar_vol"":{""value"":1368503286.7592695,""score"":100.0},""L3_spread_proxy"":{""value"":0.06504747016433458,""score"":34.952529835665416},""L4_volume_zscore"":{""value"":-0.2074216766947625,""score"":100.0},""_score"":90.43},""pattern_structure"":{""left_rim"":486.55,""left_rim_idx"":95,""cup_bottom"":342.72,""cup_bottom_idx"":126,""right_rim"":467.95,""right_rim_idx"":167,""handle_low"":432.55,""handle_bars"":12,""cup_bars"":72,""structural_low"":432.55,""current_price"":524.54,""neckline_distance_pct"":-0.1078850040035078,""base_bars"":84},""pattern_geometry_features"":{""cup_depth_pct"":0.29561196177165755,""rim_symmetry_pct"":0.03822834241085196,""handle_depth_pct"":0.07564910781066349,""handle_to_cup_ratio"":0.16666666666666666,""cup_duration_bars"":72.0,""atr_pct"":0.03890344737429805,""u_shape_score"":0.4305555555555556},""_schema_version"":""1.0""}",,,,,,,,,,
20260508T185417Z-990aff,2026-05-08T18:54:17.243985+00:00,PL,breakout_retest_hold,extended,50.0,96.5,49.5,53.0,39.8,31.8,39.1,49.2,84.0,90.6,13.52,10.88,3.18,5.58,4.13,7.04,2.46,4.2,2.72,True,price_extended_above_trigger,38.811,35.28,34.5807,36.4991,"{""trend"":{""T1_ema_stack"":{""value"":[true,true,true],""score"":100.0},""T2_ema50_slope"":{""value"":0.6389789778413608,""score"":100},""T3_high_proximity"":{""value"":0.9729506141890197,""score"":86.47530709450984},""T4_rs_1m"":{""value"":0.04907610922521055,""score"":99.07610922521056},""T5_rs_3m"":{""value"":0.6755992837718146,""score"":100},""T6_adr_healthy"":{""value"":8.9981619240552,""score"":75.04595189862},""_score"":96.54},""geometry"":{""sub_retest_depth"":98.2,""sub_retest_timing"":0.0,""sub_retest_freshness"":100.0,""sub_hold_quality"":0.0,""_score"":49.46},""compression"":{""VC1_atr_ratio"":{""value"":0.6075913705990725,""score"":98.10215735023186},""VC2_range_contraction"":{""value"":0.9107217577329214,""score"":14.879707044513099},""VC3_range_pct_rank"":{""score"":34.166666666666664},""_score"":52.99},""sr_quality"":{""SR1_touches"":{""value"":2,""score"":25.0},""SR2_tightness"":{""value"":0.5800000000000018,""score"":65.62992059326469},""SR3_recency"":{""value"":245,""score"":0.0},""SR4_price_location"":{""score"":30.0},""SR5_reaction"":{""value"":2.5325711528368022,""score"":100},""_score"":39.84,""_levels_found"":5,""_target_level"":37.63},""volume"":{""V1_rvol_day"":{""value"":0.8521801531692603,""score"":23.47867687795069},""V2_rvol_sameslot"":{""value"":1.614360667566272,""score"":74.2907111710848,""status"":""ok""},""V3_breakout_bar"":{""value"":0.8790580517628271,""score"":25.270536784188476},""V4_base_dryup"":{""value"":1.2037202265793785,""score"":29.627977342062152},""V5_bo_expansion"":{""value"":0.8521801531692603,""score"":0},""_score"":31.8},""readiness"":{""_distance_atr"":-1.046,""BR1_atr_distance"":{""score"":39.07573269221001},""BR2_compression"":{""score"":0},""BR3_retest"":{""score"":94.81485871019079},""BR4_bo_age"":{""score"":30.0},""_score"":39.09},""risk"":{""R1_stop_clarity"":{""score"":79.30091597108175},""R2_stop_distance_pct"":{""value"":10.899744917677976,""score"":27.50637705805059},""R3_stop_distance_atr"":{""value"":1.253411611330275,""score"":87.67058056651375},""R4_rr_potential"":{""value"":-0.5465029498076801,""score"":0.0},""_score"":49.16},""market"":{""M1_spy_regime"":{""score"":100.0},""M3_earnings_risk"":{""value"":null,""score"":80.0},""M4_vix"":{""value"":null,""score"":60.0},""_score"":84.0},""liquidity"":{""L1_price"":{""value"":38.811,""score"":100.0},""L2_dollar_vol"":{""value"":341290046.3818141,""score"":100.0},""L3_spread_proxy"":{""value"":0.0943031614748397,""score"":5.696838525160288},""L4_volume_zscore"":{""value"":-0.47608667634292157,""score"":100.0},""_score"":90.57},""pattern_structure"":{""level"":35.28,""level_idx"":32,""breakout_idx"":39,""bo_peak_idx"":69,""bo_peak_price"":40.92,""retest_idx"":74,""retest_low"":34.93,""structural_low"":34.93,""current_price"":39.085,""neckline_distance_pct"":-0.09735192529103236,""base_bars"":47,""bars_since_breakout"":40},""pattern_geometry_features"":{""retest_depth_atr"":0.2870903104090754,""bars_breakout_to_retest"":35.0,""bars_since_retest"":5.0,""current_above_level_atr"":3.1210818031615064,""bo_peak_excess_pct"":0.1598639455782313,""atr_pct"":0.08696061867585402},""_schema_version"":""1.0""}",,,,,,,,,,
20260508T185417Z-990aff,2026-05-08T18:54:17.243985+00:00,INTC,double_bottom,extended,50.0,100.0,65.1,0.0,43.8,41.6,31.8,35.8,84.0,90.0,15.0,16.28,0.0,6.13,5.41,2.54,2.15,5.04,4.5,True,stop_too_wide;price_extended_above_trigger,124.14,114.51,104.9814,122.4399,"{""trend"":{""T1_ema_stack"":{""value"":[true,true,true],""score"":100.0},""T2_ema50_slope"":{""value"":0.8752788054424933,""score"":100},""T3_high_proximity"":{""value"":1.0,""score"":99.99999999999997},""T4_rs_1m"":{""value"":0.9265876779677096,""score"":100},""T5_rs_3m"":{""value"":1.3859129197939766,""score"":100},""T6_adr_healthy"":{""value"":6.190105452630982,""score"":100.0},""_score"":100.0},""geometry"":{""sub_low_similarity"":52.3,""sub_bounce_quality"":63.4,""sub_separation_fit"":100.0,""sub_right_bottom_reaction"":11.7,""sub_base_context"":100.0,""_score"":65.12},""compression"":{""VC1_atr_ratio"":{""value"":1.4047313207197691,""score"":0},""VC2_range_contraction"":{""value"":1.2796062941263,""score"":0},""VC3_range_pct_rank"":{""score"":0.0},""_score"":0.0},""sr_quality"":{""SR1_touches"":{""value"":4,""score"":75.0},""SR2_tightness"":{""value"":1.7040406942030477,""score"":56.8713888038538},""SR3_recency"":{""value"":254,""score"":0.0},""SR4_price_location"":{""score"":30.0},""SR5_reaction"":{""value"":0.7054421996223443,""score"":35.27210998111722},""_score"":43.82,""_levels_found"":3,""_target_level"":48.8688},""volume"":{""V1_rvol_day"":{""value"":1.185865737986828,""score"":45.7243825324552},""V2_rvol_sameslot"":{""value"":2.5883180033146695,""score"":100,""status"":""ok""},""V3_breakout_bar"":{""value"":1.134376643983165,""score"":42.29177626554434},""V4_base_dryup"":{""value"":1.5667807315854256,""score"":0},""V5_bo_expansion"":{""value"":1.1858657379868278,""score"":12.391049199121856},""_score"":41.58},""readiness"":{""_distance_atr"":-1.219,""BR1_atr_distance"":{""score"":35.6268422912793},""BR2_compression"":{""score"":0},""BR3_retest"":{""score"":50.0},""BR4_bo_age"":{""score"":50.0},""_score"":31.75},""risk"":{""R1_stop_clarity"":{""score"":59.537483085494856},""R2_stop_distance_pct"":{""value"":15.43306065732238,""score"":0.0},""R3_stop_distance_atr"":{""value"":2.4244839866979917,""score"":100.0},""R4_rr_potential"":{""value"":-0.08873820983227777,""score"":0.0},""_score"":35.84},""market"":{""M1_spy_regime"":{""score"":100.0},""M3_earnings_risk"":{""value"":null,""score"":80.0},""M4_vix"":{""value"":null,""score"":60.0},""_score"":84.0},""liquidity"":{""L1_price"":{""value"":124.14,""score"":100.0},""L2_dollar_vol"":{""value"":21403690443.651985,""score"":100.0},""L3_spread_proxy"":{""value"":0.15120025777348153,""score"":0},""L4_volume_zscore"":{""value"":0.5360393532898695,""score"":100.0},""_score"":90.0},""pattern_structure"":{""left_low"":106.5801,""left_idx"":63,""right_low"":109.15,""right_idx"":74,""separation_bars"":11,""structural_low"":106.5801,""current_price"":124.185,""neckline_distance_pct"":-0.07790795989853845,""base_bars"":11},""pattern_geometry_features"":{""low_similarity_pct"":0.023825140766170358,""bounce_pct"":0.07440319534322076,""right_bottom_reaction"":0.11702127659574436,""atr_pct"":0.06365503233676262},""_schema_version"":""1.0""}",,,,,,,,,,
20260508T185417Z-990aff,2026-05-08T18:54:17.243985+00:00,LUNR,double_bottom,extended,50.0,95.5,50.6,49.1,61.3,33.9,35.9,40.6,84.0,90.0,14.32,12.65,3.93,8.59,4.41,2.87,2.44,5.04,4.5,True,stop_too_wide;price_extended_above_trigger,28.955,27.08,23.3741,30.43,"{""trend"":{""T1_ema_stack"":{""value"":[true,true,true],""score"":100.0},""T2_ema50_slope"":{""value"":0.6892439869922466,""score"":100},""T3_high_proximity"":{""value"":0.9671008684034735,""score"":83.55043420173675},""T4_rs_1m"":{""value"":0.23317968126213273,""score"":100},""T5_rs_3m"":{""value"":0.5847509348690589,""score"":100},""T6_adr_healthy"":{""value"":9.659102730163415,""score"":58.52243174591463},""_score"":95.46},""geometry"":{""sub_low_similarity"":24.7,""sub_bounce_quality"":100,""sub_separation_fit"":0.0,""sub_right_bottom_reaction"":21.4,""sub_base_context"":100.0,""_score"":50.62},""compression"":{""VC1_atr_ratio"":{""value"":0.5724737551007055,""score"":100},""VC2_range_contraction"":{""value"":0.8719908715799405,""score"":21.334854736676586},""VC3_range_pct_rank"":{""score"":6.666666666666665},""_score"":49.13},""sr_quality"":{""SR1_touches"":{""value"":5,""score"":100},""SR2_tightness"":{""value"":0.5466113793180681,""score"":58.928641258601544},""SR3_recency"":{""value"":230,""score"":0.0},""SR4_price_location"":{""score"":30.0},""SR5_reaction"":{""value"":2.077945079391489,""score"":100},""_score"":61.34,""_levels_found"":4,""_target_level"":22.449},""volume"":{""V1_rvol_day"":{""value"":0.9389819204143441,""score"":29.265461360956273},""V2_rvol_sameslot"":{""value"":1.5225291642020105,""score"":68.1686109468007,""status"":""ok""},""V3_breakout_bar"":{""value"":0.9228082711934787,""score"":28.187218079565252},""V4_base_dryup"":{""value"":1.1302477243067914,""score"":36.97522756932086},""V5_bo_expansion"":{""value"":0.9389819204143439,""score"":0},""_score"":33.93},""readiness"":{""_distance_atr"":-0.704,""BR1_atr_distance"":{""score"":45.91159998604577},""BR2_compression"":{""score"":0},""BR3_retest"":{""score"":50.0},""BR4_bo_age"":{""score"":50.0},""_score"":35.86},""risk"":{""R1_stop_clarity"":{""score"":73.2545814135093},""R2_stop_distance_pct"":{""value"":19.27456397858746,""score"":0.0},""R3_stop_distance_atr"":{""value"":2.096710828210075,""score"":100.0},""R4_rr_potential"":{""value"":0.26429192162624615,""score"":0.0},""_score"":40.64},""market"":{""M1_spy_regime"":{""score"":100.0},""M3_earnings_risk"":{""value"":null,""score"":80.0},""M4_vix"":{""value"":null,""score"":60.0},""_score"":84.0},""liquidity"":{""L1_price"":{""value"":28.955,""score"":100.0},""L2_dollar_vol"":{""value"":348418246.4530732,""score"":100.0},""L3_spread_proxy"":{""value"":0.16076670695907447,""score"":0},""L4_volume_zscore"":{""value"":-0.18545666415050927,""score"":100.0},""_score"":90.0},""pattern_structure"":{""left_low"":24.64,""left_idx"":24,""right_low"":23.73,""right_idx"":74,""separation_bars"":50,""structural_low"":23.73,""current_price"":29.2,""neckline_distance_pct"":-0.07260273972602743,""base_bars"":50},""pattern_geometry_features"":{""low_similarity_pct"":0.03762662807525326,""bounce_pct"":0.1411715128529287,""right_bottom_reaction"":0.21428571428571655,""atr_pct"":0.09192762167895996},""_schema_version"":""1.0""}",,,,,,,,,,
20260508T185417Z-990aff,2026-05-08T18:54:17.243985+00:00,MKSI,breakout_retest_hold,extended,50.0,100.0,42.7,48.1,51.6,24.2,43.8,66.7,84.0,95.1,14.0,9.4,2.89,7.23,3.15,7.88,3.33,4.2,2.85,True,price_extended_above_trigger,315.62,294.92,292.8123,303.1771,"{""trend"":{""T1_ema_stack"":{""value"":[true,true,true],""score"":100.0},""T2_ema50_slope"":{""value"":0.4397829111169134,""score"":100},""T3_high_proximity"":{""value"":1.0,""score"":99.99999999999997},""T4_rs_1m"":{""value"":0.11418250778764194,""score"":100},""T5_rs_3m"":{""value"":0.23112986038886563,""score"":100},""T6_adr_healthy"":{""value"":5.034825634472247,""score"":100.0},""_score"":100.0},""geometry"":{""sub_retest_depth"":42.4,""sub_retest_timing"":100.0,""sub_retest_freshness"":50.0,""sub_hold_quality"":0.0,""_score"":42.72},""compression"":{""VC1_atr_ratio"":{""value"":0.6165266314719807,""score"":95.86834213200481},""VC2_range_contraction"":{""value"":1.3161084062714572,""score"":0},""VC3_range_pct_rank"":{""score"":39.16666666666667},""_score"":48.14},""sr_quality"":{""SR1_touches"":{""value"":4,""score"":75.0},""SR2_tightness"":{""value"":3.5844531922596055,""score"":58.96361835034219},""SR3_recency"":{""value"":230,""score"":0.0},""SR4_price_location"":{""score"":30.0},""SR5_reaction"":{""value"":1.707033305543619,""score"":85.35166527718096},""_score"":51.65,""_levels_found"":4,""_target_level"":264.9688},""volume"":{""V1_rvol_day"":{""value"":0.9846057492949738,""score"":32.30704995299825},""V2_rvol_sameslot"":{""value"":1.6181801073183915,""score"":74.54534048789276,""status"":""ok""},""V3_breakout_bar"":{""value"":0.5468776620995908,""score"":3.125177473306051},""V4_base_dryup"":{""value"":1.3948989731637278,""score"":10.510102683627224},""V5_bo_expansion"":{""value"":0.9846057492949738,""score"":0},""_score"":24.25},""readiness"":{""_distance_atr"":-1.185,""BR1_atr_distance"":{""score"":36.301738240514474},""BR2_compression"":{""score"":18.953042509719058},""BR3_retest"":{""score"":100},""BR4_bo_age"":{""score"":30},""_score"":43.76},""risk"":{""R1_stop_clarity"":{""score"":66.13896192945406},""R2_stop_distance_pct"":{""value"":7.226316456498324,""score"":100.0},""R3_stop_distance_atr"":{""value"":1.3055624268884507,""score"":90.27812134442253},""R4_rr_potential"":{""value"":-0.5455582356585089,""score"":0.0},""_score"":66.69},""market"":{""M1_spy_regime"":{""score"":100.0},""M3_earnings_risk"":{""value"":null,""score"":80.0},""M4_vix"":{""value"":null,""score"":60.0},""_score"":84.0},""liquidity"":{""L1_price"":{""value"":315.62,""score"":100.0},""L2_dollar_vol"":{""value"":392262537.12006074,""score"":100.0},""L3_spread_proxy"":{""value"":0.04939484189848562,""score"":50.60515810151438},""L4_volume_zscore"":{""value"":-0.03871499215845146,""score"":100.0},""_score"":95.06},""pattern_structure"":{""level"":294.92,""level_idx"":63,""breakout_idx"":69,""bo_peak_idx"":69,""bo_peak_price"":326.835,""retest_idx"":71,""retest_low"":295.77,""structural_low"":295.77,""current_price"":315.77,""neckline_distance_pct"":-0.06602907179276045,""base_bars"":16,""bars_since_breakout"":10},""pattern_geometry_features"":{""retest_depth_atr"":-0.10294206697289363,""bars_breakout_to_retest"":2.0,""bars_since_retest"":8.0,""current_above_level_atr"":2.5251083486881347,""bo_peak_excess_pct"":0.10821578733215774,""atr_pct"":0.05535021771207691},""_schema_version"":""1.0""}",,,,,,,,,,
20260508T185417Z-990aff,2026-05-08T18:54:17.243985+00:00,MPWR,breakout_retest_hold,setup,49.9,97.2,27.9,42.6,43.7,21.1,52.4,58.5,84.0,72.8,13.61,6.14,2.55,6.12,2.74,9.43,2.93,4.2,2.18,False,,1590.785,1554.41,1543.41,1575.6573,"{""trend"":{""T1_ema_stack"":{""value"":[true,true,true],""score"":100.0},""T2_ema50_slope"":{""value"":0.7641521239267329,""score"":100},""T3_high_proximity"":{""value"":0.9627409447151029,""score"":81.3704723575514},""T4_rs_1m"":{""value"":0.10755094510563223,""score"":100},""T5_rs_3m"":{""value"":0.22557871888823744,""score"":100},""T6_adr_healthy"":{""value"":3.611176719843602,""score"":100.0},""_score"":97.21},""geometry"":{""sub_retest_depth"":26.3,""sub_retest_timing"":0.0,""sub_retest_freshness"":100.0,""sub_hold_quality"":0.0,""_score"":27.89},""compression"":{""VC1_atr_ratio"":{""value"":0.7930578662556308,""score"":51.7355334360923},""VC2_range_contraction"":{""value"":1.0430955315568566,""score"":0},""VC3_range_pct_rank"":{""score"":87.5},""_score"":42.57},""sr_quality"":{""SR1_touches"":{""value"":2,""score"":25.0},""SR2_tightness"":{""value"":3.1100000000000136,""score"":91.33381348332428},""SR3_recency"":{""value"":274,""score"":0.0},""SR4_price_location"":{""score"":30.0},""SR5_reaction"":{""value"":2.160102720384417,""score"":100},""_score"":43.7,""_levels_found"":3,""_target_level"":1253.11},""volume"":{""V1_rvol_day"":{""value"":0.4226239575245102,""score"":0},""V2_rvol_sameslot"":{""value"":0.9173581268560063,""score"":27.82387512373375,""status"":""ok""},""V3_breakout_bar"":{""value"":0.7849715167032544,""score"":18.99810111355029},""V4_base_dryup"":{""value"":0.961159125170992,""score"":53.8840874829008},""V5_bo_expansion"":{""value"":0.4226239575245102,""score"":0},""_score"":21.09},""readiness"":{""_distance_atr"":-0.507,""BR1_atr_distance"":{""score"":49.86390564166951},""BR2_compression"":{""score"":31.76136147899805},""BR3_retest"":{""score"":100},""BR4_bo_age"":{""score"":30.0},""_score"":52.39},""risk"":{""R1_stop_clarity"":{""score"":56.55760521061952},""R2_stop_distance_pct"":{""value"":2.9780894338329817,""score"":100.0},""R3_stop_distance_atr"":{""value"":0.6600652511696314,""score"":58.00326255848157},""R4_rr_potential"":{""value"":-0.3193173011684868,""score"":0.0},""_score"":58.5},""market"":{""M1_spy_regime"":{""score"":100.0},""M3_earnings_risk"":{""value"":null,""score"":80.0},""M4_vix"":{""value"":null,""score"":60.0},""_score"":84.0},""liquidity"":{""L1_price"":{""value"":1590.785,""score"":0.0},""L2_dollar_vol"":{""value"":408018890.36238027,""score"":100.0},""L3_spread_proxy"":{""value"":0.02207086438456479,""score"":77.92913561543521},""L4_volume_zscore"":{""value"":-1.8641404790580758,""score"":100.0},""_score"":72.79},""pattern_structure"":{""level"":1554.41,""level_idx"":33,""breakout_idx"":39,""bo_peak_idx"":68,""bo_peak_price"":1662.0,""retest_idx"":74,""retest_low"":1559.0,""structural_low"":1559.0,""current_price"":1593.205,""neckline_distance_pct"":-0.024350287627769085,""base_bars"":46,""bars_since_breakout"":40},""pattern_geometry_features"":{""retest_depth_atr"":-0.21602701245331818,""bars_breakout_to_retest"":35.0,""bars_since_retest"":5.0,""current_above_level_atr"":1.825875369962221,""bo_peak_excess_pct"":0.0692159726198364,""atr_pct"":0.04511810655925041},""_schema_version"":""1.0""}",,,,,,,,,,
20260508T185417Z-990aff,2026-05-08T18:54:17.243985+00:00,TSM,bull_flag,absent,49.77,94.8,31.1,45.2,42.9,25.8,37.6,66.0,84.0,96.1,13.27,9.33,4.07,4.29,3.61,3.39,1.98,5.04,4.8,True,risk_unclear,408.7401,420.0,394.8668,447.87,"{""trend"":{""T1_ema_stack"":{""value"":[true,true,true],""score"":100.0},""T2_ema50_slope"":{""value"":0.33253056337145626,""score"":100},""T3_high_proximity"":{""value"":0.9743506555423123,""score"":87.1753277711561},""T4_rs_1m"":{""value"":0.03358070007510605,""score"":83.58070007510605},""T5_rs_3m"":{""value"":0.10374694491642256,""score"":100},""T6_adr_healthy"":{""value"":2.9856688800509965,""score"":100.0},""_score"":94.79},""geometry"":{""sub_pole_impulse"":23.1,""sub_flag_tightness"":0,""sub_flag_shallowness"":0,""sub_flag_drift"":94.5,""sub_flag_duration"":100.0,""_score"":31.11},""compression"":{""VC1_atr_ratio"":{""value"":0.5463675501584859,""score"":100},""VC2_range_contraction"":{""value"":1.1164648090404823,""score"":0},""VC3_range_pct_rank"":{""score"":20.833333333333336},""_score"":45.21},""sr_quality"":{""SR1_touches"":{""value"":2,""score"":25.0},""SR2_tightness"":{""value"":1.0800000000000125,""score"":85.70660828307706},""SR3_recency"":{""value"":241,""score"":0.0},""SR4_price_location"":{""score"":30.0},""SR5_reaction"":{""value"":2.6307119801215966,""score"":100},""_score"":42.86,""_levels_found"":5,""_target_level"":381.08},""volume"":{""V1_rvol_day"":{""value"":0.8984107662672546,""score"":26.560717751150303},""V2_rvol_sameslot"":{""value"":1.0623733011075747,""score"":37.491553407171644,""status"":""ok""},""V3_breakout_bar"":{""value"":0.5148508947955882,""score"":0.990059653039214},""V4_base_dryup"":{""value"":0.8647944241610231,""score"":63.520557583897684},""V5_bo_expansion"":{""value"":0.8984107662672546,""score"":0},""_score"":25.76},""readiness"":{""_distance_atr"":0.745,""BR1_atr_distance"":{""score"":50.326493397105246},""BR2_compression"":{""score"":0},""BR3_retest"":{""score"":50.0},""BR4_bo_age"":{""score"":50.0},""_score"":37.63},""risk"":{""R1_stop_clarity"":{""score"":20.417571229444633},""R2_stop_distance_pct"":{""value"":3.3941617179229473,""score"":100.0},""R3_stop_distance_atr"":{""value"":0.9180394041962238,""score"":70.9019702098112},""R4_rr_potential"":{""value"":2.8205185500205503,""score"":91.02592750102751},""_score"":65.99},""market"":{""M1_spy_regime"":{""score"":100.0},""M3_earnings_risk"":{""value"":null,""score"":80.0},""M4_vix"":{""value"":null,""score"":60.0},""_score"":84.0},""liquidity"":{""L1_price"":{""value"":408.7401,""score"":100.0},""L2_dollar_vol"":{""value"":5266740873.720045,""score"":100.0},""L3_spread_proxy"":{""value"":0.03943826407049371,""score"":60.56173592950629},""L4_volume_zscore"":{""value"":-0.3384033169589213,""score"":100.0},""_score"":96.06},""pattern_structure"":{""pole_low"":392.13,""pole_low_idx"":25,""peak_price"":420.0,""peak_idx"":49,""pole_gain"":0.07107336852574403,""flag_bars"":10,""flag_low"":400.88,""flag_high"":419.8,""structural_low"":400.88,""current_price"":409.6499,""neckline_distance_pct"":0.025265720802080015,""base_bars"":10},""pattern_geometry_features"":{""pole_gain"":0.07107336852574403,""pullback_pct"":0.045523809523809536,""flag_range_pct"":0.045047619047619086,""flag_drift_per_bar"":-0.0010964780443303874,""atr_pct"":0.03697185221471683,""pole_atr_multiple"":1.9223642925158326},""_schema_version"":""1.0""}",,,,,,,,,,
20260508T185417Z-990aff,2026-05-08T18:54:17.243985+00:00,NXPI,ascending_triangle,absent,49.72,98.3,28.7,17.3,46.2,22.8,52.6,55.2,84.0,97.7,14.75,8.05,1.38,6.46,2.74,4.21,2.21,5.04,4.89,False,,296.75,299.8,284.1528,311.12,"{""trend"":{""T1_ema_stack"":{""value"":[true,true,true],""score"":100.0},""T2_ema50_slope"":{""value"":0.478682330158802,""score"":100},""T3_high_proximity"":{""value"":0.977598418711909,""score"":88.79920935595447},""T4_rs_1m"":{""value"":0.35809147027750265,""score"":100},""T5_rs_3m"":{""value"":0.2549552336854921,""score"":100},""T6_adr_healthy"":{""value"":3.507590463714144,""score"":100.0},""_score"":98.32},""geometry"":{""sub_flat_top_quality"":33.3,""sub_hl_slope"":12.5,""sub_compression"":0,""sub_duration"":100.0,""_score"":28.74},""compression"":{""VC1_atr_ratio"":{""value"":1.3271713231340116,""score"":0},""VC2_range_contraction"":{""value"":1.295272942367839,""score"":0},""VC3_range_pct_rank"":{""score"":69.16666666666667},""_score"":17.29},""sr_quality"":{""SR1_touches"":{""value"":3,""score"":50.0},""SR2_tightness"":{""value"":1.755227114142836,""score"":74.74492063151142},""SR3_recency"":{""value"":293,""score"":0.0},""SR4_price_location"":{""score"":30.0},""SR5_reaction"":{""value"":1.6597130831002482,""score"":82.98565415501241},""_score"":46.16,""_levels_found"":5,""_target_level"":244.4267},""volume"":{""V1_rvol_day"":{""value"":0.870541788902225,""score"":24.702785926815},""V2_rvol_sameslot"":{""value"":1.4814630100345711,""score"":65.43086733563808,""status"":""ok""},""V3_breakout_bar"":{""value"":0.7006844365560922,""score"":13.378962437072817},""V4_base_dryup"":{""value"":1.4284145452937314,""score"":7.158545470626862},""V5_bo_expansion"":{""value"":0.870541788902225,""score"":0},""_score"":22.8},""readiness"":{""_distance_atr"":0.219,""BR1_atr_distance"":{""score"":85.3716951207751},""BR2_compression"":{""score"":3.9588123614647994},""BR3_retest"":{""score"":50.0},""BR4_bo_age"":{""score"":50.0},""_score"":52.64},""risk"":{""R1_stop_clarity"":{""score"":37.738097501591675},""R2_stop_distance_pct"":{""value"":4.2450547598989,""score"":100.0},""R3_stop_distance_atr"":{""value"":0.9062738470060868,""score"":70.31369235030434},""R4_rr_potential"":{""value"":1.1407296859619613,""score"":7.036484298098067},""_score"":55.16},""market"":{""M1_spy_regime"":{""score"":100.0},""M3_earnings_risk"":{""value"":null,""score"":80.0},""M4_vix"":{""value"":null,""score"":60.0},""_score"":84.0},""liquidity"":{""L1_price"":{""value"":296.75,""score"":100.0},""L2_dollar_vol"":{""value"":997265878.2952685,""score"":100.0},""L3_spread_proxy"":{""value"":0.02278011794439761,""score"":77.2198820556024},""L4_volume_zscore"":{""value"":-0.2623251336086781,""score"":100.0},""_score"":97.72},""pattern_structure"":{""top"":299.8,""top_touches"":2,""low_slope_per_bar"":0.10857323232323321,""lowest_low"":288.48,""structural_low"":288.48,""current_price"":296.465,""neckline_distance_pct"":0.011249219975376644,""base_bars"":29},""pattern_geometry_features"":{""top_touches"":2.0,""low_slope"":0.10857323232323321,""compression"":-0.20353926344816564,""atr_pct"":0.04684075099289927},""_schema_version"":""1.0""}",,,,,,,,,,
20260508T185417Z-990aff,2026-05-08T18:54:17.243985+00:00,COHR,bull_flag,absent,49.71,95.2,31.2,51.4,39.0,26.8,28.8,82.9,84.0,92.5,13.33,9.37,4.63,3.9,3.75,2.59,2.49,5.04,4.63,False,,327.925,354.2,303.774,407.22,"{""trend"":{""T1_ema_stack"":{""value"":[true,true,true],""score"":100.0},""T2_ema50_slope"":{""value"":0.7106419323735778,""score"":100},""T3_high_proximity"":{""value"":0.9356720974691128,""score"":67.8360487345564},""T4_rs_1m"":{""value"":0.06922086895214807,""score"":100},""T5_rs_3m"":{""value"":0.37235728857545447,""score"":100},""T6_adr_healthy"":{""value"":6.374024559145377,""score"":100.0},""_score"":95.18},""geometry"":{""sub_pole_impulse"":34.2,""sub_flag_tightness"":0,""sub_flag_shallowness"":0,""sub_flag_drift"":73.1,""sub_flag_duration"":100.0,""_score"":31.22},""compression"":{""VC1_atr_ratio"":{""value"":0.44169922702850195,""score"":100},""VC2_range_contraction"":{""value"":0.9829392098317293,""score"":2.8434650280451113},""VC3_range_pct_rank"":{""score"":41.666666666666664},""_score"":51.41},""sr_quality"":{""SR1_touches"":{""value"":2,""score"":25.0},""SR2_tightness"":{""value"":4.920999999999992,""score"":59.651083248997395},""SR3_recency"":{""value"":231,""score"":0.0},""SR4_price_location"":{""score"":30.0},""SR5_reaction"":{""value"":2.0306467633719407,""score"":100},""_score"":38.95,""_levels_found"":4,""_target_level"":286.081},""volume"":{""V1_rvol_day"":{""value"":0.9832274034108637,""score"":32.21516022739091},""V2_rvol_sameslot"":{""value"":1.4099133860845796,""score"":60.66089240563864,""status"":""ok""},""V3_breakout_bar"":{""value"":0.4061983897950057,""score"":0},""V4_base_dryup"":{""value"":1.0878160037010773,""score"":41.21839962989227},""V5_bo_expansion"":{""value"":0.9832274034108633,""score"":0},""_score"":26.82},""readiness"":{""_distance_atr"":1.077,""BR1_atr_distance"":{""score"":28.18751015155496},""BR2_compression"":{""score"":0},""BR3_retest"":{""score"":50.0},""BR4_bo_age"":{""score"":50.0},""_score"":28.78},""risk"":{""R1_stop_clarity"":{""score"":62.06988642752746},""R2_stop_distance_pct"":{""value"":7.364793779065339,""score"":100.0},""R3_stop_distance_atr"":{""value"":0.9901104332995994,""score"":74.50552166497997},""R4_rr_potential"":{""value"":3.283300898513516,""score"":100.0},""_score"":82.9},""market"":{""M1_spy_regime"":{""score"":100.0},""M3_earnings_risk"":{""value"":null,""score"":80.0},""M4_vix"":{""value"":null,""score"":60.0},""_score"":84.0},""liquidity"":{""L1_price"":{""value"":327.925,""score"":100.0},""L2_dollar_vol"":{""value"":1979696779.5906622,""score"":100.0},""L3_spread_proxy"":{""value"":0.0745289319204087,""score"":25.471068079591305},""L4_volume_zscore"":{""value"":-0.0521316757020137,""score"":100.0},""_score"":92.55},""pattern_structure"":{""pole_low"":301.18,""pole_low_idx"":19,""peak_price"":354.2,""peak_idx"":43,""pole_gain"":0.17604090577063544,""flag_bars"":16,""flag_low"":308.4,""flag_high"":349.34,""structural_low"":308.4,""current_price"":328.5719,""neckline_distance_pct"":0.07799845330656686,""base_bars"":16},""pattern_geometry_features"":{""pole_gain"":0.17604090577063544,""pullback_pct"":0.12930547713156412,""flag_range_pct"":0.11558441558441558,""flag_drift_per_bar"":-0.005384919064093095,""atr_pct"":0.07438355895838551,""pole_atr_multiple"":2.3666641961716697},""_schema_version"":""1.0""}",,,,,,,,,,
20260508T185417Z-990aff,2026-05-08T18:54:17.243985+00:00,WWD,vcp,absent,49.64,41.3,40.5,64.8,76.9,11.3,29.3,60.1,84.0,95.1,6.19,10.12,7.78,9.23,1.47,2.05,3.01,5.04,4.75,True,risk_unclear,370.61,406.9999,365.435,475.2198,"{""trend"":{""T1_ema_stack"":{""value"":[false,true,true],""score"":66.66666666666666},""T2_ema50_slope"":{""value"":0.02088307928494805,""score"":53.48051321415801},""T3_high_proximity"":{""value"":0.9190576565406076,""score"":59.528828270303755},""T4_rs_1m"":{""value"":-0.14059672999552764,""score"":0},""T5_rs_3m"":{""value"":-0.11398061958167349,""score"":0},""T6_adr_healthy"":{""value"":3.694567431587342,""score"":100.0},""_score"":41.29},""geometry"":{""sub_contraction_count"":100.0,""sub_reduction_rate"":0,""sub_pivot_tightness"":16.4,""sub_volume_dryup"":0,""sub_base_depth"":30.1,""sub_base_duration"":100.0,""_score"":40.47},""compression"":{""VC1_atr_ratio"":{""value"":0.36986998371655416,""score"":100},""VC2_range_contraction"":{""value"":0.935257472816255,""score"":10.790421197290827},""VC3_range_pct_rank"":{""score"":84.16666666666667},""_score"":64.82},""sr_quality"":{""SR1_touches"":{""value"":5,""score"":100},""SR2_tightness"":{""value"":2.2512494394002656,""score"":69.04547774465426},""SR3_recency"":{""value"":229,""score"":0.0},""SR4_price_location"":{""score"":87.30544998615194},""SR5_reaction"":{""value"":1.966058494166593,""score"":98.30292470832966},""_score"":76.93,""_levels_found"":7,""_target_level"":373.5556},""volume"":{""V1_rvol_day"":{""value"":0.21792426971382442,""score"":0},""V2_rvol_sameslot"":{""value"":0.5619661376163313,""score"":4.1310758410887525,""status"":""ok""},""V3_breakout_bar"":{""value"":0.7456667208729201,""score"":16.377781391528003},""V4_base_dryup"":{""value"":1.1814475581237627,""score"":31.855244187623725},""V5_bo_expansion"":{""value"":0.21792426971382436,""score"":0},""_score"":11.29},""readiness"":{""_distance_atr"":2.502,""BR1_atr_distance"":{""score"":0},""BR2_compression"":{""score"":47.13338298309233},""BR3_retest"":{""score"":50.0},""BR4_bo_age"":{""score"":50.0},""_score"":29.28},""risk"":{""R1_stop_clarity"":{""score"":23.481639423799407},""R2_stop_distance_pct"":{""value"":1.3963465637732417,""score"":84.90866409433104},""R3_stop_distance_atr"":{""value"":0.3557794393367827,""score"":42.78897196683913},""R4_rr_potential"":{""value"":20.21445410628016,""score"":100.0},""_score"":60.11},""market"":{""M1_spy_regime"":{""score"":100.0},""M3_earnings_risk"":{""value"":null,""score"":80.0},""M4_vix"":{""value"":null,""score"":60.0},""_score"":84.0},""liquidity"":{""L1_price"":{""value"":370.61,""score"":100.0},""L2_dollar_vol"":{""value"":70798650.9686462,""score"":92.50124912569282},""L3_spread_proxy"":{""value"":0.019373465367906982,""score"":80.62653463209301},""L4_volume_zscore"":{""value"":-1.6339246427196203,""score"":100.0},""_score"":95.06},""pattern_structure"":{""n_contractions"":5,""contractions_pct"":[7.57,10.66,6.99,9.62,8.85],""descending_strict"":false,""final_low"":371.0,""final_pivot"":406.9999,""structural_low"":371.0,""dry_up_ratio"":1.5455620893370594,""current_price"":370.61,""neckline_distance_pct"":0.09818920158657352,""base_bars"":46,""recent_base_height"":68.21990000000005},""pattern_geometry_features"":{""contraction_count"":5.0,""first_contraction_pct"":0.07574002026729332,""last_contraction_pct"":0.08845186448448765,""dry_up_ratio"":1.5455620893370594,""near_monotone"":0.0,""base_depth_pct"":0.08011184451460285},""_schema_version"":""1.0""}",,,,,,,,,,
20260508T185417Z-990aff,2026-05-08T18:54:17.243985+00:00,TEM,double_bottom,absent,49.59,33.2,36.9,50.9,75.5,36.5,17.5,80.3,84.0,94.3,4.99,9.23,4.07,10.58,4.75,1.4,4.82,5.04,4.72,True,reversal_trend_cap,48.83,56.4078,46.0487,66.0656,"{""trend"":{""T1_ema_stack"":{""value"":[false,false,false],""score"":0.0},""T2_ema50_slope"":{""value"":0.08921196833122116,""score"":64.86866138853686},""T3_high_proximity"":{""value"":0.8143762508338892,""score"":7.18812541694458},""T4_rs_1m"":{""value"":0.020997947112139093,""score"":70.99794711213909},""T5_rs_3m"":{""value"":-0.17865835713138345,""score"":0},""T6_adr_healthy"":{""value"":6.3291413891652635,""score"":100.0},""_score"":33.25},""geometry"":{""sub_low_similarity"":9.9,""sub_bounce_quality"":100,""sub_separation_fit"":46.7,""sub_right_bottom_reaction"":6.2,""sub_base_context"":30.0,""_score"":36.91},""compression"":{""VC1_atr_ratio"":{""value"":0.5837291223349506,""score"":100},""VC2_range_contraction"":{""value"":0.9672823342010707,""score"":5.452944299821554},""VC3_range_pct_rank"":{""score"":35.83333333333333},""_score"":50.87},""sr_quality"":{""SR1_touches"":{""value"":8,""score"":100},""SR2_tightness"":{""value"":0.7277165382207559,""score"":56.5089836115592},""SR3_recency"":{""value"":230,""score"":0.0},""SR4_price_location"":{""score"":88.24143692564742},""SR5_reaction"":{""value"":2.2118686394371987,""score"":100},""_score"":75.54,""_levels_found"":5,""_target_level"":49.7308},""volume"":{""V1_rvol_day"":{""value"":1.3771859486214701,""score"":58.47906324143134},""V2_rvol_sameslot"":{""value"":1.294013241856177,""score"":52.934216123745124,""status"":""ok""},""V3_breakout_bar"":{""value"":0.4313904324358658,""score"":0},""V4_base_dryup"":{""value"":0.9762483476952305,""score"":52.37516523047695},""V5_bo_expansion"":{""value"":1.3771859486214701,""score"":25.14572990809801},""_score"":36.53},""readiness"":{""_distance_atr"":2.264,""BR1_atr_distance"":{""score"":0},""BR2_compression"":{""score"":0},""BR3_retest"":{""score"":50.0},""BR4_bo_age"":{""score"":50.0},""_score"":17.5},""risk"":{""R1_stop_clarity"":{""score"":58.090721262208746},""R2_stop_distance_pct"":{""value"":5.695781281998771,""score"":100.0},""R3_stop_distance_atr"":{""value"":0.8310886380711704,""score"":66.55443190355852},""R4_rr_potential"":{""value"":6.19706966292135,""score"":100.0},""_score"":80.31},""market"":{""M1_spy_regime"":{""score"":100.0},""M3_earnings_risk"":{""value"":null,""score"":80.0},""M4_vix"":{""value"":null,""score"":60.0},""_score"":84.0},""liquidity"":{""L1_price"":{""value"":48.83,""score"":100.0},""L2_dollar_vol"":{""value"":422429037.1242717,""score"":100.0},""L3_spread_proxy"":{""value"":0.05652262953102597,""score"":43.47737046897403},""L4_volume_zscore"":{""value"":0.8745033361955002,""score"":100.0},""_score"":94.35},""pattern_structure"":{""left_low"":48.9056,""left_idx"":37,""right_low"":46.75,""right_idx"":75,""separation_bars"":38,""structural_low"":46.75,""current_price"":48.93,""neckline_distance_pct"":0.15282648681790317,""base_bars"":38},""pattern_geometry_features"":{""low_similarity_pct"":0.04507002203739248,""bounce_pct"":0.20658395721925138,""right_bottom_reaction"":0.06159420289855139,""atr_pct"":0.06853398086656327},""_schema_version"":""1.0""}",,,,,,,,,,
20260508T185417Z-990aff,2026-05-08T18:54:17.243985+00:00,NXE,ascending_triangle,absent,49.47,63.2,36.1,57.3,53.6,22.5,32.3,76.8,84.0,87.7,9.48,10.11,4.58,7.51,2.7,2.58,3.07,5.04,4.39,False,,12.23,12.985,11.6821,14.11,"{""trend"":{""T1_ema_stack"":{""value"":[false,true,true],""score"":66.66666666666666},""T2_ema50_slope"":{""value"":0.1852258853013218,""score"":80.87098088355364},""T3_high_proximity"":{""value"":0.9195488721804511,""score"":59.774436090225535},""T4_rs_1m"":{""value"":-0.020350035065179517,""score"":29.64996493482048},""T5_rs_3m"":{""value"":0.03985814153969636,""score"":69.92907076984818},""T6_adr_healthy"":{""value"":5.089804754007349,""score"":100.0},""_score"":63.23},""geometry"":{""sub_flat_top_quality"":33.3,""sub_hl_slope"":19.9,""sub_compression"":20.6,""sub_duration"":100.0,""_score"":36.11},""compression"":{""VC1_atr_ratio"":{""value"":0.5833827473394118,""score"":100},""VC2_range_contraction"":{""value"":1.0551902901310222,""score"":0},""VC3_range_pct_rank"":{""score"":69.16666666666667},""_score"":57.29},""sr_quality"":{""SR1_touches"":{""value"":4,""score"":75.0},""SR2_tightness"":{""value"":0.0919238815542511,""score"":73.73308551450644},""SR3_recency"":{""value"":234,""score"":0.0},""SR4_price_location"":{""score"":20.221606648199426},""SR5_reaction"":{""value"":2.2323934319158263,""score"":100},""_score"":53.62,""_levels_found"":5,""_target_level"":13.31},""volume"":{""V1_rvol_day"":{""value"":0.5740412823499972,""score"":4.936085489999812},""V2_rvol_sameslot"":{""value"":0.9496892828887638,""score"":29.979285525917582,""status"":""ok""},""V3_breakout_bar"":{""value"":0.5086017831030725,""score"":0.573452206871498},""V4_base_dryup"":{""value"":0.7303109267861777,""score"":76.96890732138223},""V5_bo_expansion"":{""value"":0.5740412823499971,""score"":0},""_score"":22.52},""readiness"":{""_distance_atr"":1.079,""BR1_atr_distance"":{""score"":28.087166246551604},""BR2_compression"":{""score"":14.1205806706697},""BR3_retest"":{""score"":50.0},""BR4_bo_age"":{""score"":50.0},""_score"":32.27},""risk"":{""R1_stop_clarity"":{""score"":49.16572268315854},""R2_stop_distance_pct"":{""value"":4.479967293540477,""score"":100.0},""R3_stop_distance_atr"":{""value"":0.7828021512618764,""score"":64.14010756309382},""R4_rr_potential"":{""value"":3.431283080854167,""score"":100.0},""_score"":76.83},""market"":{""M1_spy_regime"":{""score"":100.0},""M3_earnings_risk"":{""value"":null,""score"":80.0},""M4_vix"":{""value"":null,""score"":60.0},""_score"":84.0},""liquidity"":{""L1_price"":{""value"":12.23,""score"":100.0},""L2_dollar_vol"":{""value"":38843279.0691863,""score"":79.46579425121993},""L3_spread_proxy"":{""value"":0.04088307440719542,""score"":59.11692559280458},""L4_volume_zscore"":{""value"":-1.7000454930016515,""score"":100.0},""_score"":87.7},""pattern_structure"":{""top"":12.985,""top_touches"":2,""low_slope_per_bar"":0.007074636306135324,""lowest_low"":11.86,""structural_low"":11.86,""current_price"":12.235,""neckline_distance_pct"":0.06129955046996322,""base_bars"":42},""pattern_geometry_features"":{""top_touches"":2.0,""low_slope"":0.007074636306135324,""compression"":0.10278946780380638,""atr_pct"":0.057229879686952485},""_schema_version"":""1.0""}",,,,,,,,,,
20260508T185417Z-990aff,2026-05-08T18:54:17.243985+00:00,CW,ascending_triangle,absent,49.44,70.4,32.4,64.1,64.0,17.0,36.6,55.1,84.0,70.2,10.56,9.08,5.13,8.96,2.04,2.93,2.21,5.04,3.51,True,risk_unclear,729.15,750.0,694.5235,794.9,"{""trend"":{""T1_ema_stack"":{""value"":[true,true,true],""score"":100.0},""T2_ema50_slope"":{""value"":0.15464056675341425,""score"":75.77342779223571},""T3_high_proximity"":{""value"":0.9815046642167751,""score"":90.7523321083875},""T4_rs_1m"":{""value"":-0.07557764790674404,""score"":0},""T5_rs_3m"":{""value"":0.05501228942417202,""score"":77.50614471208601},""T6_adr_healthy"":{""value"":2.7715132322391764,""score"":100.0},""_score"":70.39},""geometry"":{""sub_flat_top_quality"":33.3,""sub_hl_slope"":24.8,""sub_compression"":0,""sub_duration"":100.0,""_score"":32.43},""compression"":{""VC1_atr_ratio"":{""value"":0.43999667332479964,""score"":100},""VC2_range_contraction"":{""value"":0.88303629100367,""score"":19.493951499388338},""VC3_range_pct_rank"":{""score"":69.16666666666667},""_score"":64.11},""sr_quality"":{""SR1_touches"":{""value"":5,""score"":100},""SR2_tightness"":{""value"":2.57040347027466,""score"":76.48808984357673},""SR3_recency"":{""value"":239,""score"":0.0},""SR4_price_location"":{""score"":30.0},""SR5_reaction"":{""value"":2.6184451971982257,""score"":100},""_score"":63.97,""_levels_found"":7,""_target_level"":713.366},""volume"":{""V1_rvol_day"":{""value"":0.49943919714069507,""score"":0},""V2_rvol_sameslot"":{""value"":0.8221890734793709,""score"":21.47927156529139,""status"":""ok""},""V3_breakout_bar"":{""value"":0.5343230916056061,""score"":2.2882061070404065},""V4_base_dryup"":{""value"":0.8952349349734242,""score"":60.47650650265758},""V5_bo_expansion"":{""value"":0.49943919714069523,""score"":0},""_score"":16.96},""readiness"":{""_distance_atr"":0.954,""BR1_atr_distance"":{""score"":36.42718838623379},""BR2_compression"":{""score"":18.15307958980354},""BR3_retest"":{""score"":50.0},""BR4_bo_age"":{""score"":50.0},""_score"":36.61},""risk"":{""R1_stop_clarity"":{""score"":3.2549867578419764},""R2_stop_distance_pct"":{""value"":4.74888568881574,""score"":100.0},""R3_stop_distance_atr"":{""value"":1.5836719146360225,""score"":100.0},""R4_rr_potential"":{""value"":1.8988347075216978,""score"":44.94173537608489},""_score"":55.13},""market"":{""M1_spy_regime"":{""score"":100.0},""M3_earnings_risk"":{""value"":null,""score"":80.0},""M4_vix"":{""value"":null,""score"":60.0},""_score"":84.0},""liquidity"":{""L1_price"":{""value"":729.15,""score"":0.0},""L2_dollar_vol"":{""value"":78693902.7908991,""score"":94.79705422478429},""L3_spread_proxy"":{""value"":0.026770760474524986,""score"":73.22923952547501},""L4_volume_zscore"":{""value"":-1.3724480621030892,""score"":100.0},""_score"":70.24},""pattern_structure"":{""top"":750.0,""top_touches"":2,""low_slope_per_bar"":0.5240849194729043,""lowest_low"":705.1,""structural_low"":705.1,""current_price"":730.17,""neckline_distance_pct"":0.027158059082131616,""base_bars"":41},""pattern_geometry_features"":{""top_touches"":2.0,""low_slope"":0.5240849194729043,""compression"":-0.05074421581504307,""atr_pct"":0.029986549896650675},""_schema_version"":""1.0""}",,,,,,,,,,
20260508T185417Z-990aff,2026-05-08T18:54:17.243985+00:00,HWM,vcp,breakout_confirmed,49.35,80.5,35.0,61.3,38.9,20.8,40.6,20.4,84.0,98.2,12.07,8.75,7.35,4.67,2.7,2.84,1.02,5.04,4.91,True,risk_unclear;stop_too_wide,272.72,259.82,229.8202,306.6199,"{""trend"":{""T1_ema_stack"":{""value"":[true,true,true],""score"":100.0},""T2_ema50_slope"":{""value"":0.0818053986085553,""score"":63.634233101425885},""T3_high_proximity"":{""value"":1.0,""score"":99.99999999999997},""T4_rs_1m"":{""value"":-0.011306647289274663,""score"":38.693352710725335},""T5_rs_3m"":{""value"":0.1541510970067559,""score"":100},""T6_adr_healthy"":{""value"":3.0042786851119865,""score"":100.0},""_score"":80.47},""geometry"":{""sub_contraction_count"":100.0,""sub_reduction_rate"":0,""sub_pivot_tightness"":0,""sub_volume_dryup"":0,""sub_base_depth"":0.0,""sub_base_duration"":100.0,""_score"":35.0},""compression"":{""VC1_atr_ratio"":{""value"":0.6347551508008672,""score"":91.3112122997832},""VC2_range_contraction"":{""value"":0.9401683717226513,""score"":9.971938046224778},""VC3_range_pct_rank"":{""score"":85.0},""_score"":61.26},""sr_quality"":{""SR1_touches"":{""value"":2,""score"":25.0},""SR2_tightness"":{""value"":1.5600000000000023,""score"":67.1757629681286},""SR3_recency"":{""value"":241,""score"":0.0},""SR4_price_location"":{""score"":30.0},""SR5_reaction"":{""value"":1.8416290680862435,""score"":92.08145340431217},""_score"":38.89,""_levels_found"":6,""_target_level"":258.26},""volume"":{""V1_rvol_day"":{""value"":0.6815292992164361,""score"":12.10195328109574},""V2_rvol_sameslot"":{""value"":1.2234599449076495,""score"":48.2306629938433,""status"":""ok""},""V3_breakout_bar"":{""value"":0.4127073084133614,""score"":0},""V4_base_dryup"":{""value"":1.0653025685321356,""score"":43.46974314678644},""V5_bo_expansion"":{""value"":0.6815292992164361,""score"":0},""_score"":20.76},""readiness"":{""_distance_atr"":-1.357,""BR1_atr_distance"":{""score"":32.85688091595246},""BR2_compression"":{""score"":39.773295091425226},""BR3_retest"":{""score"":50.0},""BR4_bo_age"":{""score"":50.0},""_score"":40.59},""risk"":{""R1_stop_clarity"":{""score"":26.360086689651823},""R2_stop_distance_pct"":{""value"":15.73034614256381,""score"":0.0},""R3_stop_distance_atr"":{""value"":4.51331155070473,""score"":74.33442246476352},""R4_rr_potential"":{""value"":0.7902111431754922,""score"":0.0},""_score"":20.38},""market"":{""M1_spy_regime"":{""score"":100.0},""M3_earnings_risk"":{""value"":null,""score"":80.0},""M4_vix"":{""value"":null,""score"":60.0},""_score"":84.0},""liquidity"":{""L1_price"":{""value"":272.72,""score"":100.0},""L2_dollar_vol"":{""value"":447067388.0957884,""score"":100.0},""L3_spread_proxy"":{""value"":0.01772843942505135,""score"":82.27156057494865},""L4_volume_zscore"":{""value"":-0.7218924476153827,""score"":100.0},""_score"":98.23},""pattern_structure"":{""n_contractions"":5,""contractions_pct"":[9.84,4.56,12.9,9.5,10.2],""descending_strict"":false,""final_low"":233.32,""final_pivot"":259.82,""structural_low"":233.32,""dry_up_ratio"":1.336707389743557,""current_price"":272.72,""neckline_distance_pct"":-0.0473012613669699,""base_bars"":66,""recent_base_height"":46.79990000000001},""pattern_geometry_features"":{""contraction_count"":5.0,""first_contraction_pct"":0.09838233349495303,""last_contraction_pct"":0.1019936879378031,""dry_up_ratio"":1.336707389743557,""near_monotone"":0.0,""base_depth_pct"":-0.028430378630933964},""_schema_version"":""1.0""}",,,,,,,,,,
20260508T185417Z-990aff,2026-05-08T18:54:17.243985+00:00,PLTR,double_bottom,forming,49.34,19.4,59.1,73.3,51.0,20.9,20.6,73.2,84.0,96.8,2.92,14.77,5.87,7.15,2.72,1.65,4.39,5.04,4.84,True,reversal_trend_cap,136.66,149.64,131.0247,166.26,"{""trend"":{""T1_ema_stack"":{""value"":[false,false,false],""score"":0.0},""T2_ema50_slope"":{""value"":-0.13850152354195705,""score"":26.916412743007157},""T3_high_proximity"":{""value"":0.8496642626212385,""score"":24.832131310619232},""T4_rs_1m"":{""value"":-0.037470547752812555,""score"":12.529452247187443},""T5_rs_3m"":{""value"":-0.06233936621856584,""score"":18.83031689071708},""T6_adr_healthy"":{""value"":3.7668182696553227,""score"":100.0},""_score"":19.44},""geometry"":{""sub_low_similarity"":75.2,""sub_bounce_quality"":100,""sub_separation_fit"":20.0,""sub_right_bottom_reaction"":50.1,""sub_base_context"":30.0,""_score"":59.08},""compression"":{""VC1_atr_ratio"":{""value"":0.4720047153725547,""score"":100},""VC2_range_contraction"":{""value"":0.7251437468655758,""score"":45.80937552240403},""VC3_range_pct_rank"":{""score"":69.16666666666667},""_score"":73.32},""sr_quality"":{""SR1_touches"":{""value"":4,""score"":75.0},""SR2_tightness"":{""value"":0.766236745399222,""score"":75.52816520094146},""SR3_recency"":{""value"":227,""score"":0.0},""SR4_price_location"":{""score"":8.845208845208756},""SR5_reaction"":{""value"":2.2899326684970003,""score"":100},""_score"":51.04,""_levels_found"":8,""_target_level"":148.7175},""volume"":{""V1_rvol_day"":{""value"":0.6449741503873251,""score"":9.664943359155005},""V2_rvol_sameslot"":{""value"":0.8724663960773456,""score"":24.831093071823037,""status"":""ok""},""V3_breakout_bar"":{""value"":0.5923266867872132,""score"":6.155112452480882},""V4_base_dryup"":{""value"":0.874554138480888,""score"":62.5445861519112},""V5_bo_expansion"":{""value"":0.6449741503873252,""score"":0},""_score"":20.95},""readiness"":{""_distance_atr"":2.073,""BR1_atr_distance"":{""score"":0},""BR2_compression"":{""score"":12.381002185531973},""BR3_retest"":{""score"":50.0},""BR4_bo_age"":{""score"":50.0},""_score"":20.6},""risk"":{""R1_stop_clarity"":{""score"":36.27471891977546},""R2_stop_distance_pct"":{""value"":4.123591394702181,""score"":100.0},""R3_stop_distance_atr"":{""value"":0.8998924384087275,""score"":69.99462192043637},""R4_rr_potential"":{""value"":5.252604120454982,""score"":100.0},""_score"":73.2},""market"":{""M1_spy_regime"":{""score"":100.0},""M3_earnings_risk"":{""value"":null,""score"":80.0},""M4_vix"":{""value"":null,""score"":60.0},""_score"":84.0},""liquidity"":{""L1_price"":{""value"":136.66,""score"":100.0},""L2_dollar_vol"":{""value"":4105615007.840823,""score"":100.0},""L3_spread_proxy"":{""value"":0.031610566369091105,""score"":68.3894336309089},""L4_volume_zscore"":{""value"":-1.0299140765001362,""score"":100.0},""_score"":96.84},""pattern_structure"":{""left_low"":134.68,""left_idx"":33,""right_low"":133.02,""right_idx"":75,""separation_bars"":42,""structural_low"":133.02,""current_price"":137.17,""neckline_distance_pct"":0.09090909090909091,""base_bars"":42},""pattern_geometry_features"":{""low_similarity_pct"":0.012401942472917418,""bounce_pct"":0.12494361750112747,""right_bottom_reaction"":0.5014553733536941,""atr_pct"":0.04582315862097802},""_schema_version"":""1.0""}",,,,,,,,,,
20260508T185417Z-990aff,2026-05-08T18:54:17.243985+00:00,TSEM,bull_flag,absent,49.33,74.0,39.5,62.4,43.7,18.6,26.2,80.2,84.0,94.7,10.36,11.84,5.61,4.37,2.6,2.36,2.41,5.04,4.74,False,,208.43,232.67,197.8766,271.33,"{""trend"":{""T1_ema_stack"":{""value"":[true,true,true],""score"":100.0},""T2_ema50_slope"":{""value"":0.7474620115953614,""score"":100},""T3_high_proximity"":{""value"":0.9204239346434092,""score"":60.211967321704584},""T4_rs_1m"":{""value"":-0.062135868210843936,""score"":0},""T5_rs_3m"":{""value"":0.4311333037284524,""score"":100},""T6_adr_healthy"":{""value"":6.506815611185172,""score"":100.0},""_score"":74.03},""geometry"":{""sub_pole_impulse"":42.0,""sub_flag_tightness"":19.0,""sub_flag_shallowness"":0,""sub_flag_drift"":80.7,""sub_flag_duration"":100.0,""_score"":39.45},""compression"":{""VC1_atr_ratio"":{""value"":0.5713078949057352,""score"":100},""VC2_range_contraction"":{""value"":0.8668551077159714,""score"":22.190815380671435},""VC3_range_pct_rank"":{""score"":58.33333333333333},""_score"":62.35},""sr_quality"":{""SR1_touches"":{""value"":2,""score"":25.0},""SR2_tightness"":{""value"":0.6655499999999961,""score"":91.4168542006539},""SR3_recency"":{""value"":241,""score"":0.0},""SR4_price_location"":{""score"":30.0},""SR5_reaction"":{""value"":2.390297453621609,""score"":100},""_score"":43.71,""_levels_found"":5,""_target_level"":196.0256},""volume"":{""V1_rvol_day"":{""value"":0.4272452422583669,""score"":0},""V2_rvol_sameslot"":{""value"":0.7629314639557836,""score"":17.52876426371891,""status"":""ok""},""V3_breakout_bar"":{""value"":0.39177213766070773,""score"":0},""V4_base_dryup"":{""value"":0.7451194199178618,""score"":75.48805800821381},""V5_bo_expansion"":{""value"":0.4272452422583669,""score"":0},""_score"":18.6},""readiness"":{""_distance_atr"":1.563,""BR1_atr_distance"":{""score"":0},""BR2_compression"":{""score"":34.90024613828013},""BR3_retest"":{""score"":50.0},""BR4_bo_age"":{""score"":50.0},""_score"":26.23},""risk"":{""R1_stop_clarity"":{""score"":61.1388740222977},""R2_stop_distance_pct"":{""value"":5.063258647987345,""score"":100.0},""R3_stop_distance_atr"":{""value"":0.680496895210953,""score"":59.02484476054766},""R4_rr_potential"":{""value"":5.9601927350083,""score"":100.0},""_score"":80.25},""market"":{""M1_spy_regime"":{""score"":100.0},""M3_earnings_risk"":{""value"":null,""score"":80.0},""M4_vix"":{""value"":null,""score"":60.0},""_score"":84.0},""liquidity"":{""L1_price"":{""value"":208.43,""score"":100.0},""L2_dollar_vol"":{""value"":216572002.40407127,""score"":100.0},""L3_spread_proxy"":{""value"":0.05266564314158234,""score"":47.33435685841766},""L4_volume_zscore"":{""value"":-1.7886124958031648,""score"":100.0},""_score"":94.73},""pattern_structure"":{""pole_low"":194.01,""pole_low_idx"":18,""peak_price"":232.67,""peak_idx"":43,""pole_gain"":0.1992680789650018,""flag_bars"":16,""flag_low"":200.89,""flag_high"":223.43,""structural_low"":200.89,""current_price"":208.89,""neckline_distance_pct"":0.11383982000095745,""base_bars"":16},""pattern_geometry_features"":{""pole_gain"":0.1992680789650018,""pullback_pct"":0.13658830102720593,""flag_range_pct"":0.0968754029311902,""flag_drift_per_bar"":-0.0038512248213948812,""atr_pct"":0.0744053159334069,""pole_atr_multiple"":2.678143039448252},""_schema_version"":""1.0""}",,,,,,,,,,
20260508T185417Z-990aff,2026-05-08T18:54:17.243985+00:00,SMR,double_bottom,absent,49.32,36.5,42.7,57.6,46.8,33.3,36.3,84.1,84.0,93.8,5.48,10.68,4.61,6.55,4.33,2.9,5.05,5.04,4.69,True,reversal_trend_cap,12.255,13.25,11.4063,14.92,"{""trend"":{""T1_ema_stack"":{""value"":[true,false,false],""score"":33.33333333333333},""T2_ema50_slope"":{""value"":-0.1480881355530144,""score"":25.318644074497602},""T3_high_proximity"":{""value"":0.6931561085972852,""score"":0},""T4_rs_1m"":{""value"":0.23298807100180707,""score"":100},""T5_rs_3m"":{""value"":-0.3688444345823967,""score"":0},""T6_adr_healthy"":{""value"":9.500695176662816,""score"":62.48262058342959},""_score"":36.52},""geometry"":{""sub_low_similarity"":23.8,""sub_bounce_quality"":100,""sub_separation_fit"":20.0,""sub_right_bottom_reaction"":43.8,""sub_base_context"":30.0,""_score"":42.71},""compression"":{""VC1_atr_ratio"":{""value"":0.6941277594014474,""score"":76.46806014963813},""VC2_range_contraction"":{""value"":0.8302064151221707,""score"":28.298930812971545},""VC3_range_pct_rank"":{""score"":68.33333333333333},""_score"":57.58},""sr_quality"":{""SR1_touches"":{""value"":3,""score"":50.0},""SR2_tightness"":{""value"":0.2930986788703686,""score"":53.17004092321467},""SR3_recency"":{""value"":234,""score"":0.0},""SR4_price_location"":{""score"":35.33381435422947},""SR5_reaction"":{""value"":3.4230814588254987,""score"":100},""_score"":46.81,""_levels_found"":7,""_target_level"":14.2865},""volume"":{""V1_rvol_day"":{""value"":0.6627770892642177,""score"":10.85180595094785},""V2_rvol_sameslot"":{""value"":1.6778308264958266,""score"":78.52205509972178,""status"":""ok""},""V3_breakout_bar"":{""value"":0.9926518417113926,""score"":32.843456114092845},""V4_base_dryup"":{""value"":1.1403532691975493,""score"":35.96467308024506},""V5_bo_expansion"":{""value"":0.6627770892642175,""score"":0},""_score"":33.28},""readiness"":{""_distance_atr"":0.795,""BR1_atr_distance"":{""score"":47.00782519049417},""BR2_compression"":{""score"":0},""BR3_retest"":{""score"":50.0},""BR4_bo_age"":{""score"":50.0},""_score"":36.3},""risk"":{""R1_stop_clarity"":{""score"":72.24701277061956},""R2_stop_distance_pct"":{""value"":6.925336597307228,""score"":100.0},""R3_stop_distance_atr"":{""value"":0.6780069159923772,""score"":58.90034579961886},""R4_rr_potential"":{""value"":3.1400966183574837,""score"":100.0},""_score"":84.12},""market"":{""M1_spy_regime"":{""score"":100.0},""M3_earnings_risk"":{""value"":null,""score"":80.0},""M4_vix"":{""value"":null,""score"":60.0},""_score"":84.0},""liquidity"":{""L1_price"":{""value"":12.255,""score"":100.0},""L2_dollar_vol"":{""value"":319661879.93551266,""score"":100.0},""L3_spread_proxy"":{""value"":0.06242350061199515,""score"":37.57649938800485},""L4_volume_zscore"":{""value"":-0.8063402429938841,""score"":100.0},""_score"":93.76},""pattern_structure"":{""left_low"":12.03,""left_idx"":15,""right_low"":11.58,""right_idx"":57,""separation_bars"":42,""structural_low"":11.58,""current_price"":12.345,""neckline_distance_pct"":0.07330903199675977,""base_bars"":42},""pattern_geometry_features"":{""low_similarity_pct"":0.03811944091486652,""bounce_pct"":0.14421416234887738,""right_bottom_reaction"":0.4382716049382719,""atr_pct"":0.10214256571661712},""_schema_version"":""1.0""}",,,,,,,,,,
20260508T185417Z-990aff,2026-05-08T18:54:17.243985+00:00,ONTO,bull_flag,absent,49.23,94.4,29.9,61.1,48.6,10.9,32.4,77.9,84.0,97.7,13.22,8.96,5.5,4.86,1.52,2.92,2.34,5.04,4.88,False,,285.05,309.7,269.3581,340.17,"{""trend"":{""T1_ema_stack"":{""value"":[true,true,true],""score"":100.0},""T2_ema50_slope"":{""value"":0.8240731441073524,""score"":100},""T3_high_proximity"":{""value"":0.9259078802052881,""score"":62.95394010264405},""T4_rs_1m"":{""value"":0.0694816392432358,""score"":100},""T5_rs_3m"":{""value"":0.2992145694408537,""score"":100},""T6_adr_healthy"":{""value"":4.707660974704879,""score"":100.0},""_score"":94.44},""geometry"":{""sub_pole_impulse"":25.0,""sub_flag_tightness"":0,""sub_flag_shallowness"":0,""sub_flag_drift"":82.4,""sub_flag_duration"":100.0,""_score"":29.86},""compression"":{""VC1_atr_ratio"":{""value"":0.6718287670446429,""score"":82.04280823883927},""VC2_range_contraction"":{""value"":0.9226809325843378,""score"":12.886511235943699},""VC3_range_pct_rank"":{""score"":95.0},""_score"":61.08},""sr_quality"":{""SR1_touches"":{""value"":2,""score"":25.0},""SR2_tightness"":{""value"":3.1500000000000057,""score"":59.49371739290166},""SR3_recency"":{""value"":226,""score"":0.0},""SR4_price_location"":{""score"":68.56270496437861},""SR5_reaction"":{""value"":2.63805202439562,""score"":100},""_score"":48.56,""_levels_found"":6,""_target_level"":312.85},""volume"":{""V1_rvol_day"":{""value"":0.5380383283962875,""score"":2.535888559752501},""V2_rvol_sameslot"":{""value"":0.8975576685627784,""score"":26.503844570851893,""status"":""ok""},""V3_breakout_bar"":{""value"":0.6123973548773401,""score"":7.493156991822676},""V4_base_dryup"":{""value"":1.3406221285240376,""score"":15.93778714759624},""V5_bo_expansion"":{""value"":0.5380383283962876,""score"":0},""_score"":10.87},""readiness"":{""_distance_atr"":1.585,""BR1_atr_distance"":{""score"":0},""BR2_compression"":{""score"":59.596849064356604},""BR3_retest"":{""score"":50.0},""BR4_bo_age"":{""score"":50.0},""_score"":32.4},""risk"":{""R1_stop_clarity"":{""score"":47.2531045631567},""R2_stop_distance_pct"":{""value"":5.504964041396257,""score"":100.0},""R3_stop_distance_atr"":{""value"":1.0089214857814708,""score"":75.44607428907354},""R4_rr_potential"":{""value"":3.512640279379797,""score"":100.0},""_score"":77.86},""market"":{""M1_spy_regime"":{""score"":100.0},""M3_earnings_risk"":{""value"":null,""score"":80.0},""M4_vix"":{""value"":null,""score"":60.0},""_score"":84.0},""liquidity"":{""L1_price"":{""value"":285.05,""score"":100.0},""L2_dollar_vol"":{""value"":149659414.81399727,""score"":100.0},""L3_spread_proxy"":{""value"":0.02329415891948776,""score"":76.70584108051224},""L4_volume_zscore"":{""value"":-1.4433511186325025,""score"":100.0},""_score"":97.67},""pattern_structure"":{""pole_low"":279.23,""pole_low_idx"":18,""peak_price"":309.7,""peak_idx"":41,""pole_gain"":0.10912151273143991,""flag_bars"":18,""flag_low"":273.46,""flag_high"":307.47,""structural_low"":273.46,""current_price"":285.6,""neckline_distance_pct"":0.08438375350140044,""base_bars"":18},""pattern_geometry_features"":{""pole_gain"":0.10912151273143991,""pullback_pct"":0.11701646754924123,""flag_range_pct"":0.10981595092024556,""flag_drift_per_bar"":-0.0035252039412255916,""atr_pct"":0.05456285864635274,""pole_atr_multiple"":1.9999229409644237},""_schema_version"":""1.0""}",,,,,,,,,,
20260508T185417Z-990aff,2026-05-08T18:54:17.243985+00:00,INTU,vcp,forming,49.17,18.9,55.8,59.5,58.6,21.1,24.3,78.3,84.0,96.3,2.83,13.94,7.14,7.03,2.75,1.7,3.92,5.04,4.82,True,trend_floor,396.2,419.0,368.3457,551.665,"{""trend"":{""T1_ema_stack"":{""value"":[false,false,false],""score"":0.0},""T2_ema50_slope"":{""value"":-0.3546965333111786,""score"":0},""T3_high_proximity"":{""value"":0.8234096057526445,""score"":11.704802876322251},""T4_rs_1m"":{""value"":0.01065933466637814,""score"":60.65933466637814},""T5_rs_3m"":{""value"":-0.17512688220122186,""score"":0},""T6_adr_healthy"":{""value"":3.7371060914726035,""score"":100.0},""_score"":18.89},""geometry"":{""sub_contraction_count"":100.0,""sub_reduction_rate"":15.0,""sub_pivot_tightness"":0,""sub_volume_dryup"":75.6,""sub_base_depth"":56.8,""sub_base_duration"":100.0,""_score"":55.77},""compression"":{""VC1_atr_ratio"":{""value"":0.498874813006903,""score"":100},""VC2_range_contraction"":{""value"":0.8543271959660794,""score"":24.2788006723201},""VC3_range_pct_rank"":{""score"":44.166666666666664},""_score"":59.54},""sr_quality"":{""SR1_touches"":{""value"":4,""score"":75.0},""SR2_tightness"":{""value"":4.184770364294199,""score"":53.85850022042751},""SR3_recency"":{""value"":227,""score"":0.0},""SR4_price_location"":{""score"":51.985224420727135},""SR5_reaction"":{""value"":2.23176317088282,""score"":100},""_score"":58.58,""_levels_found"":7,""_target_level"":414.44},""volume"":{""V1_rvol_day"":{""value"":0.5231065248907734,""score"":1.540434992718224},""V2_rvol_sameslot"":{""value"":0.7459311714360316,""score"":16.395411429068773,""status"":""ok""},""V3_breakout_bar"":{""value"":0.6998157159669044,""score"":13.321047731126958},""V4_base_dryup"":{""value"":0.7895388468912152,""score"":71.04611531087848},""V5_bo_expansion"":{""value"":0.5231065248907734,""score"":0},""_score"":21.13},""readiness"":{""_distance_atr"":1.257,""BR1_atr_distance"":{""score"":16.201997290741218},""BR2_compression"":{""score"":1.1720048478704819},""BR3_retest"":{""score"":50.0},""BR4_bo_age"":{""score"":50.0},""_score"":24.27},""risk"":{""R1_stop_clarity"":{""score"":38.15128532274817},""R2_stop_distance_pct"":{""value"":7.030369762746093,""score"":100.0},""R3_stop_distance_atr"":{""value"":1.535616316983273,""score"":100.0},""R4_rr_potential"":{""value"":5.581359447769777,""score"":100.0},""_score"":78.35},""market"":{""M1_spy_regime"":{""score"":100.0},""M3_earnings_risk"":{""value"":null,""score"":80.0},""M4_vix"":{""value"":null,""score"":60.0},""_score"":84.0},""liquidity"":{""L1_price"":{""value"":396.2,""score"":100.0},""L2_dollar_vol"":{""value"":539317039.3725086,""score"":100.0},""L3_spread_proxy"":{""value"":0.03662291771832406,""score"":63.37708228167594},""L4_volume_zscore"":{""value"":-1.9784156608784873,""score"":100.0},""_score"":96.34},""pattern_structure"":{""n_contractions"":5,""contractions_pct"":[27.8,11.22,13.75,21.64,10.75],""descending_strict"":false,""final_low"":373.955,""final_pivot"":419.0,""structural_low"":373.955,""dry_up_ratio"":0.6218087389731223,""current_price"":396.2,""neckline_distance_pct"":0.05754669358909645,""base_bars"":61,""recent_base_height"":132.66499999999996},""pattern_geometry_features"":{""contraction_count"":5.0,""first_contraction_pct"":0.27796901893287435,""last_contraction_pct"":0.10750596658711221,""dry_up_ratio"":0.6218087389731223,""near_monotone"":0.0,""base_depth_pct"":0.34322420878850685},""_schema_version"":""1.0""}",,,,,,,,,,
20260508T185417Z-990aff,2026-05-08T18:54:17.243985+00:00,MPWR,bull_flag,absent,49.15,97.2,36.8,42.6,43.7,13.9,39.0,71.7,84.0,72.8,13.61,11.05,3.83,4.37,1.95,3.51,2.15,5.04,3.64,False,,1590.785,1662.0,1535.615,1803.0,"{""trend"":{""T1_ema_stack"":{""value"":[true,true,true],""score"":100.0},""T2_ema50_slope"":{""value"":0.7641521239267329,""score"":100},""T3_high_proximity"":{""value"":0.9627409447151029,""score"":81.3704723575514},""T4_rs_1m"":{""value"":0.10755094510563223,""score"":100},""T5_rs_3m"":{""value"":0.22557871888823744,""score"":100},""T6_adr_healthy"":{""value"":3.611176719843602,""score"":100.0},""_score"":97.21},""geometry"":{""sub_pole_impulse"":26.4,""sub_flag_tightness"":16.3,""sub_flag_shallowness"":0,""sub_flag_drift"":99.0,""sub_flag_duration"":100.0,""_score"":36.84},""compression"":{""VC1_atr_ratio"":{""value"":0.7930578662556308,""score"":51.7355334360923},""VC2_range_contraction"":{""value"":1.0430955315568566,""score"":0},""VC3_range_pct_rank"":{""score"":87.5},""_score"":42.57},""sr_quality"":{""SR1_touches"":{""value"":2,""score"":25.0},""SR2_tightness"":{""value"":3.1100000000000136,""score"":91.33381348332428},""SR3_recency"":{""value"":274,""score"":0.0},""SR4_price_location"":{""score"":30.0},""SR5_reaction"":{""value"":2.160102720384417,""score"":100},""_score"":43.7,""_levels_found"":3,""_target_level"":1253.11},""volume"":{""V1_rvol_day"":{""value"":0.4226239575245102,""score"":0},""V2_rvol_sameslot"":{""value"":0.9173581268560063,""score"":27.82387512373375,""status"":""ok""},""V3_breakout_bar"":{""value"":0.7849715167032544,""score"":18.99810111355029},""V4_base_dryup"":{""value"":1.3181242382386686,""score"":18.187576176133135},""V5_bo_expansion"":{""value"":0.4226239575245102,""score"":0},""_score"":13.95},""readiness"":{""_distance_atr"":0.992,""BR1_atr_distance"":{""score"":33.851824996242385},""BR2_compression"":{""score"":31.76136147899805},""BR3_retest"":{""score"":50.0},""BR4_bo_age"":{""score"":50.0},""_score"":38.98},""risk"":{""R1_stop_clarity"":{""score"":34.836407815928965},""R2_stop_distance_pct"":{""value"":3.468099083157062,""score"":100.0},""R3_stop_distance_atr"":{""value"":0.7686712381430842,""score"":63.433561907154214},""R4_rr_potential"":{""value"":3.8465651622258408,""score"":100.0},""_score"":71.71},""market"":{""M1_spy_regime"":{""score"":100.0},""M3_earnings_risk"":{""value"":null,""score"":80.0},""M4_vix"":{""value"":null,""score"":60.0},""_score"":84.0},""liquidity"":{""L1_price"":{""value"":1590.785,""score"":0.0},""L2_dollar_vol"":{""value"":408018890.36238027,""score"":100.0},""L3_spread_proxy"":{""value"":0.02207086438456479,""score"":77.92913561543521},""L4_volume_zscore"":{""value"":-1.8641404790580758,""score"":100.0},""_score"":72.79},""pattern_structure"":{""pole_low"":1521.0,""pole_low_idx"":25,""peak_price"":1662.0,""peak_idx"":48,""pole_gain"":0.09270216962524655,""flag_bars"":11,""flag_low"":1559.0,""flag_high"":1636.33,""structural_low"":1559.0,""current_price"":1593.205,""neckline_distance_pct"":0.04318025615033852,""base_bars"":11},""pattern_geometry_features"":{""pole_gain"":0.09270216962524655,""pullback_pct"":0.06197352587244284,""flag_range_pct"":0.046528279181708744,""flag_drift_per_bar"":-0.00019409132705915146,""atr_pct"":0.04511810655925041,""pole_atr_multiple"":2.0546555849702464},""_schema_version"":""1.0""}",,,,,,,,,,
20260508T185417Z-990aff,2026-05-08T18:54:17.243985+00:00,GE,ascending_triangle,forming,49.14,31.5,50.1,70.7,59.8,7.8,40.2,56.8,84.0,98.0,4.72,14.03,5.65,8.37,0.93,3.22,2.27,5.04,4.9,True,risk_unclear,300.1485,310.0,275.2189,340.59,"{""trend"":{""T1_ema_stack"":{""value"":[true,false,true],""score"":66.66666666666666},""T2_ema50_slope"":{""value"":-0.158809149435328,""score"":23.531808427445334},""T3_high_proximity"":{""value"":0.8681335685775439,""score"":34.06678428877191},""T4_rs_1m"":{""value"":-0.12587424017690751,""score"":0},""T5_rs_3m"":{""value"":-0.13288965745800108,""score"":0},""T6_adr_healthy"":{""value"":3.25594155517855,""score"":100.0},""_score"":31.48},""geometry"":{""sub_flat_top_quality"":66.7,""sub_hl_slope"":10.4,""sub_compression"":47.9,""sub_duration"":100.0,""_score"":50.11},""compression"":{""VC1_atr_ratio"":{""value"":0.5762854206897213,""score"":100},""VC2_range_contraction"":{""value"":0.7920006733645593,""score"":34.66655443924013},""VC3_range_pct_rank"":{""score"":74.16666666666667},""_score"":70.67},""sr_quality"":{""SR1_touches"":{""value"":4,""score"":75.0},""SR2_tightness"":{""value"":1.5804172890411017,""score"":70.75622251311732},""SR3_recency"":{""value"":282,""score"":0.0},""SR4_price_location"":{""score"":46.754980889802795},""SR5_reaction"":{""value"":2.1713253370340997,""score"":100},""_score"":59.8,""_levels_found"":5,""_target_level"":309.4661},""volume"":{""V1_rvol_day"":{""value"":0.2671105683739751,""score"":0},""V2_rvol_sameslot"":{""value"":0.4894316498764467,""score"":0,""status"":""ok""},""V3_breakout_bar"":{""value"":0.5980402834714412,""score"":6.536018898096081},""V4_base_dryup"":{""value"":1.193218160876125,""score"":30.678183912387496},""V5_bo_expansion"":{""value"":0.2671105683739752,""score"":0},""_score"":7.77},""readiness"":{""_distance_atr"":0.911,""BR1_atr_distance"":{""score"":39.2364966076307},""BR2_compression"":{""score"":28.045106822950107},""BR3_retest"":{""score"":50.0},""BR4_bo_age"":{""score"":50.0},""_score"":40.21},""risk"":{""R1_stop_clarity"":{""score"":22.447660586835966},""R2_stop_distance_pct"":{""value"":8.305771976205104,""score"":92.35570059487239},""R3_stop_distance_atr"":{""value"":2.3064703938672997,""score"":100.0},""R4_rr_potential"":{""value"":1.6222249409839284,""score"":31.11124704919642},""_score"":56.79},""market"":{""M1_spy_regime"":{""score"":100.0},""M3_earnings_risk"":{""value"":null,""score"":80.0},""M4_vix"":{""value"":null,""score"":60.0},""_score"":84.0},""liquidity"":{""L1_price"":{""value"":300.1485,""score"":100.0},""L2_dollar_vol"":{""value"":559447503.0099859,""score"":100.0},""L3_spread_proxy"":{""value"":0.019690253324604404,""score"":80.3097466753956},""L4_volume_zscore"":{""value"":-1.705424501580334,""score"":100.0},""_score"":98.03},""pattern_structure"":{""top"":310.0,""top_touches"":3,""low_slope_per_bar"":0.08718594355284841,""lowest_low"":279.41,""structural_low"":279.41,""current_price"":299.705,""neckline_distance_pct"":0.03435044460386052,""base_bars"":34},""pattern_geometry_features"":{""top_touches"":3.0,""low_slope"":0.08718594355284841,""compression"":0.23960462498477852,""atr_pct"":0.03601074610924735},""_schema_version"":""1.0""}",,,,,,,,,,
20260508T185417Z-990aff,2026-05-08T18:54:17.243985+00:00,ON,bull_flag,absent,48.75,97.5,32.3,39.3,37.4,6.7,55.9,74.8,84.0,97.7,13.65,9.69,3.54,3.74,0.94,5.03,2.24,5.04,4.88,False,,102.24,105.81,97.8351,115.54,"{""trend"":{""T1_ema_stack"":{""value"":[true,true,true],""score"":100.0},""T2_ema50_slope"":{""value"":0.9245322005328513,""score"":100},""T3_high_proximity"":{""value"":0.9666256972676562,""score"":83.3128486338281},""T4_rs_1m"":{""value"":0.4080188030606433,""score"":100},""T5_rs_3m"":{""value"":0.5001664459764348,""score"":100},""T6_adr_healthy"":{""value"":4.3840718612624245,""score"":100.0},""_score"":97.5},""geometry"":{""sub_pole_impulse"":25.9,""sub_flag_tightness"":4.0,""sub_flag_shallowness"":0,""sub_flag_drift"":98.5,""sub_flag_duration"":87.5,""_score"":32.3},""compression"":{""VC1_atr_ratio"":{""value"":0.8217636414187852,""score"":44.55908964530369},""VC2_range_contraction"":{""value"":1.0443147687158065,""score"":0},""VC3_range_pct_rank"":{""score"":85.83333333333334},""_score"":39.28},""sr_quality"":{""SR1_touches"":{""value"":2,""score"":25.0},""SR2_tightness"":{""value"":0.8300000000000054,""score"":67.38625535551625},""SR3_recency"":{""value"":274,""score"":0.0},""SR4_price_location"":{""score"":30.0},""SR5_reaction"":{""value"":1.6380547950203703,""score"":81.90273975101852},""_score"":37.39,""_levels_found"":5,""_target_level"":72.93},""volume"":{""V1_rvol_day"":{""value"":0.42042524027381906,""score"":0},""V2_rvol_sameslot"":{""value"":0.9309140400832759,""score"":28.727602672218396,""status"":""ok""},""V3_breakout_bar"":{""value"":0.5583059338101015,""score"":3.887062254006768},""V4_base_dryup"":{""value"":1.8048951949463812,""score"":0},""V5_bo_expansion"":{""value"":0.4204252402738191,""score"":0},""_score"":6.72},""readiness"":{""_distance_atr"":0.701,""BR1_atr_distance"":{""score"":53.24053478682473},""BR2_compression"":{""score"":68.29288455511904},""BR3_retest"":{""score"":50.0},""BR4_bo_age"":{""score"":50.0},""_score"":55.87},""risk"":{""R1_stop_clarity"":{""score"":41.45734602144599},""R2_stop_distance_pct"":{""value"":4.308367566510162,""score"":100.0},""R3_stop_distance_atr"":{""value"":0.8654184845835484,""score"":68.27092422917742},""R4_rr_potential"":{""value"":3.0193819347881705,""score"":100.0},""_score"":74.75},""market"":{""M1_spy_regime"":{""score"":100.0},""M3_earnings_risk"":{""value"":null,""score"":80.0},""M4_vix"":{""value"":null,""score"":60.0},""_score"":84.0},""liquidity"":{""L1_price"":{""value"":102.24,""score"":100.0},""L2_dollar_vol"":{""value"":563195011.277818,""score"":100.0},""L3_spread_proxy"":{""value"":0.023278560250391194,""score"":76.7214397496088},""L4_volume_zscore"":{""value"":-1.385835461054335,""score"":100.0},""_score"":97.67},""pattern_structure"":{""pole_low"":96.08,""pole_low_idx"":37,""peak_price"":105.81,""peak_idx"":38,""pole_gain"":0.10126977518734392,""flag_bars"":21,""flag_low"":99.325,""flag_high"":105.5,""structural_low"":99.325,""current_price"":102.33,""neckline_distance_pct"":0.03400762239812376,""base_bars"":21},""pattern_geometry_features"":{""pole_gain"":0.10126977518734392,""pullback_pct"":0.06128910310934694,""flag_range_pct"":0.05835932331537659,""flag_drift_per_bar"":-0.00029888024610978924,""atr_pct"":0.049783632349653474,""pole_atr_multiple"":2.0341981974332337},""_schema_version"":""1.0""}",,,,,,,,,,
20260508T185417Z-990aff,2026-05-08T18:54:17.243985+00:00,BA,ascending_triangle,absent,48.59,65.3,38.3,54.6,42.5,17.5,48.8,46.2,84.0,97.1,9.8,10.73,4.37,5.95,2.1,3.9,1.85,5.04,4.86,True,risk_unclear,236.33,238.535,218.2563,255.49,"{""trend"":{""T1_ema_stack"":{""value"":[true,true,true],""score"":100.0},""T2_ema50_slope"":{""value"":0.1412589708690292,""score"":73.54316181150486},""T3_high_proximity"":{""value"":0.9657553839238282,""score"":82.87769196191408},""T4_rs_1m"":{""value"":-0.010819482949754322,""score"":39.180517050245676},""T5_rs_3m"":{""value"":-0.09550032646121254,""score"":2.249836769393731},""T6_adr_healthy"":{""value"":2.707765928320761,""score"":100.0},""_score"":65.31},""geometry"":{""sub_flat_top_quality"":33.3,""sub_hl_slope"":15.2,""sub_compression"":35.1,""sub_duration"":100.0,""_score"":38.32},""compression"":{""VC1_atr_ratio"":{""value"":0.5527960105424687,""score"":100},""VC2_range_contraction"":{""value"":0.892489221592147,""score"":17.918463067975495},""VC3_range_pct_rank"":{""score"":33.333333333333336},""_score"":54.6},""sr_quality"":{""SR1_touches"":{""value"":2,""score"":25.0},""SR2_tightness"":{""value"":0.4749999999999943,""score"":85.94526048821743},""SR3_recency"":{""value"":233,""score"":0.0},""SR4_price_location"":{""score"":30.0},""SR5_reaction"":{""value"":1.946211560815807,""score"":97.31057804079035},""_score"":42.49,""_levels_found"":4,""_target_level"":235.975},""volume"":{""V1_rvol_day"":{""value"":0.757534564984292,""score"":17.168970998952794},""V2_rvol_sameslot"":{""value"":0.7185150469913157,""score"":14.567669799421049,""status"":""ok""},""V3_breakout_bar"":{""value"":0.3306577114556908,""score"":0},""V4_base_dryup"":{""value"":0.9422290935354856,""score"":55.77709064645144},""V5_bo_expansion"":{""value"":0.757534564984292,""score"":0},""_score"":17.5},""readiness"":{""_distance_atr"":0.326,""BR1_atr_distance"":{""score"":78.25213991334687},""BR2_compression"":{""score"":0},""BR3_retest"":{""score"":50.0},""BR4_bo_age"":{""score"":50.0},""_score"":48.8},""risk"":{""R1_stop_clarity"":{""score"":1.6552890203951591},""R2_stop_distance_pct"":{""value"":7.64765370456565,""score"":100.0},""R3_stop_distance_atr"":{""value"":2.6739067948853434,""score"":100.0},""R4_rr_potential"":{""value"":1.0601039078882557,""score"":3.005195394412785},""_score"":46.18},""market"":{""M1_spy_regime"":{""score"":100.0},""M3_earnings_risk"":{""value"":null,""score"":80.0},""M4_vix"":{""value"":null,""score"":60.0},""_score"":84.0},""liquidity"":{""L1_price"":{""value"":236.33,""score"":100.0},""L2_dollar_vol"":{""value"":1106889885.509461,""score"":100.0},""L3_spread_proxy"":{""value"":0.028709854863961395,""score"":71.2901451360386},""L4_volume_zscore"":{""value"":-0.531971190104301,""score"":100.0},""_score"":97.13},""pattern_structure"":{""top"":238.535,""top_touches"":2,""low_slope_per_bar"":0.1009886032334995,""lowest_low"":221.58,""structural_low"":221.58,""current_price"":236.33,""neckline_distance_pct"":0.009330173909363956,""base_bars"":45},""pattern_geometry_features"":{""top_touches"":2.0,""low_slope"":0.1009886032334995,""compression"":0.17538809371216757,""atr_pct"":0.028601048171140838},""_schema_version"":""1.0""}",,,,,,,,,,
20260508T185417Z-990aff,2026-05-08T18:54:17.243985+00:00,GD,vcp,absent,48.43,37.9,48.9,59.0,47.0,14.1,41.8,61.4,84.0,98.6,5.69,12.22,7.08,5.64,1.84,2.93,3.07,5.04,4.93,True,risk_unclear,347.35,356.42,332.7428,385.85,"{""trend"":{""T1_ema_stack"":{""value"":[true,false,true],""score"":66.66666666666666},""T2_ema50_slope"":{""value"":-0.14658177568621028,""score"":25.569704052298288},""T3_high_proximity"":{""value"":0.9487326559597946,""score"":74.36632797989728},""T4_rs_1m"":{""value"":-0.07472187843960953,""score"":0},""T5_rs_3m"":{""value"":-0.10325817783137603,""score"":0},""T6_adr_healthy"":{""value"":2.10683048031052,""score"":100.0},""_score"":37.94},""geometry"":{""sub_contraction_count"":100.0,""sub_reduction_rate"":0,""sub_pivot_tightness"":68.3,""sub_volume_dryup"":0,""sub_base_depth"":36.3,""sub_base_duration"":100.0,""_score"":48.88},""compression"":{""VC1_atr_ratio"":{""value"":0.5426016634829088,""score"":100},""VC2_range_contraction"":{""value"":1.03018294846485,""score"":0},""VC3_range_pct_rank"":{""score"":75.83333333333333},""_score"":58.96},""sr_quality"":{""SR1_touches"":{""value"":3,""score"":50.0},""SR2_tightness"":{""value"":2.052526897915502,""score"":56.07215694452565},""SR3_recency"":{""value"":227,""score"":0.0},""SR4_price_location"":{""score"":52.60910815939285},""SR5_reaction"":{""value"":1.3879090330268533,""score"":69.39545165134267},""_score"":46.97,""_levels_found"":5,""_target_level"":350.68},""volume"":{""V1_rvol_day"":{""value"":0.2820143821071738,""score"":0},""V2_rvol_sameslot"":{""value"":0.623276182470568,""score"":8.218412164704535,""status"":""ok""},""V3_breakout_bar"":{""value"":0.7129274494794846,""score"":14.195163298632307},""V4_base_dryup"":{""value"":1.0528074370574874,""score"":44.71925629425127},""V5_bo_expansion"":{""value"":0.2820143821071738,""score"":0},""_score"":14.14},""readiness"":{""_distance_atr"":0.971,""BR1_atr_distance"":{""score"":35.295117298619644},""BR2_compression"":{""score"":40.73841415377261},""BR3_retest"":{""score"":50.0},""BR4_bo_age"":{""score"":50.0},""_score"":41.8},""risk"":{""R1_stop_clarity"":{""score"":0},""R2_stop_distance_pct"":{""value"":4.205311645314538,""score"":100.0},""R3_stop_distance_atr"":{""value"":1.5630991080785093,""score"":100.0},""R4_rr_potential"":{""value"":2.6356955326672127,""score"":81.78477663336064},""_score"":61.36},""market"":{""M1_spy_regime"":{""score"":100.0},""M3_earnings_risk"":{""value"":null,""score"":80.0},""M4_vix"":{""value"":null,""score"":60.0},""_score"":84.0},""liquidity"":{""L1_price"":{""value"":347.35,""score"":100.0},""L2_dollar_vol"":{""value"":151617770.44251615,""score"":100.0},""L3_spread_proxy"":{""value"":0.013934072261407892,""score"":86.06592773859211},""L4_volume_zscore"":{""value"":-1.8501495195636326,""score"":100.0},""_score"":98.61},""pattern_structure"":{""n_contractions"":5,""contractions_pct"":[3.02,6.41,5.35,4.84,5.22],""descending_strict"":false,""final_low"":337.81,""final_pivot"":356.42,""structural_low"":337.81,""dry_up_ratio"":1.2387043295700486,""current_price"":347.35,""neckline_distance_pct"":0.02611199078739022,""base_bars"":49,""recent_base_height"":29.430000000000007},""pattern_geometry_features"":{""contraction_count"":5.0,""first_contraction_pct"":0.03024073573167435,""last_contraction_pct"":0.0522136804893104,""dry_up_ratio"":1.2387043295700486,""near_monotone"":0.0,""base_depth_pct"":0.08625912902353255},""_schema_version"":""1.0""}",,,,,,,,,,
20260508T185417Z-990aff,2026-05-08T18:54:17.243985+00:00,NOK,bull_flag,forming,48.23,96.6,51.8,8.2,38.2,5.7,17.8,80.8,84.0,94.5,13.53,15.55,0.74,3.83,0.8,1.6,2.42,5.04,4.73,False,,12.815,13.98,11.9481,16.88,"{""trend"":{""T1_ema_stack"":{""value"":[true,true,true],""score"":100.0},""T2_ema50_slope"":{""value"":0.7861567065531542,""score"":100},""T3_high_proximity"":{""value"":0.9549180327868853,""score"":77.45901639344261},""T4_rs_1m"":{""value"":0.2571309522718628,""score"":100},""T5_rs_3m"":{""value"":0.7446566881645449,""score"":100},""T6_adr_healthy"":{""value"":5.303025839988694,""score"":100.0},""_score"":96.62},""geometry"":{""sub_pole_impulse"":82.1,""sub_flag_tightness"":31.2,""sub_flag_shallowness"":0,""sub_flag_drift"":79.3,""sub_flag_duration"":75.0,""_score"":51.83},""compression"":{""VC1_atr_ratio"":{""value"":0.9571891583858677,""score"":10.702710403533072},""VC2_range_contraction"":{""value"":1.2906349681409663,""score"":0},""VC3_range_pct_rank"":{""score"":15.833333333333332},""_score"":8.24},""sr_quality"":{""SR1_touches"":{""value"":3,""score"":50.0},""SR2_tightness"":{""value"":0.18587630295441146,""score"":52.52548178637282},""SR3_recency"":{""value"":254,""score"":0.0},""SR4_price_location"":{""score"":30.0},""SR5_reaction"":{""value"":1.0493061383344886,""score"":52.46530691672443},""_score"":38.25,""_levels_found"":5,""_target_level"":8.575},""volume"":{""V1_rvol_day"":{""value"":0.6606208007542719,""score"":10.708053383618125},""V2_rvol_sameslot"":{""value"":0.7654264995983983,""score"":17.69509997322655,""status"":""ok""},""V3_breakout_bar"":{""value"":0.33656971667572644,""score"":0},""V4_base_dryup"":{""value"":1.7533542870262502,""score"":0},""V5_bo_expansion"":{""value"":0.6606208007542721,""score"":0},""_score"":5.68},""readiness"":{""_distance_atr"":1.488,""BR1_atr_distance"":{""score"":0.8160932121963071},""BR2_compression"":{""score"":0},""BR3_retest"":{""score"":50.0},""BR4_bo_age"":{""score"":50.0},""_score"":17.83},""risk"":{""R1_stop_clarity"":{""score"":53.52829569088176},""R2_stop_distance_pct"":{""value"":6.765119001170497,""score"":100.0},""R3_stop_distance_atr"":{""value"":1.1071350384938146,""score"":80.35675192469073},""R4_rr_potential"":{""value"":4.688851721552577,""score"":100.0},""_score"":80.79},""market"":{""M1_spy_regime"":{""score"":100.0},""M3_earnings_risk"":{""value"":null,""score"":80.0},""M4_vix"":{""value"":null,""score"":60.0},""_score"":84.0},""liquidity"":{""L1_price"":{""value"":12.815,""score"":100.0},""L2_dollar_vol"":{""value"":954406618.9771925,""score"":100.0},""L3_spread_proxy"":{""value"":0.05462348809988304,""score"":45.37651190011696},""L4_volume_zscore"":{""value"":-1.0274388272983157,""score"":100.0},""_score"":94.54},""pattern_structure"":{""pole_low"":11.08,""pole_low_idx"":12,""peak_price"":13.98,""peak_idx"":37,""pole_gain"":0.2617328519855596,""flag_bars"":22,""flag_low"":12.13,""flag_high"":13.64,""structural_low"":12.13,""current_price"":12.805,""neckline_distance_pct"":0.09176103084732531,""base_bars"":22},""pattern_geometry_features"":{""pole_gain"":0.2617328519855596,""pullback_pct"":0.13233190271816878,""flag_range_pct"":0.10801144492131615,""flag_drift_per_bar"":-0.004142923948706344,""atr_pct"":0.06110473217769355,""pole_atr_multiple"":4.283348321115888},""_schema_version"":""1.0""}",,,,,,,,,,
20260508T185417Z-990aff,2026-05-08T18:54:17.243985+00:00,TSLA,vcp,setup,48.21,63.3,47.8,53.6,45.6,16.8,30.1,14.1,84.0,96.5,9.49,11.94,6.44,5.47,2.18,2.11,0.7,5.04,4.83,True,risk_unclear;stop_too_wide,428.88,409.28,358.5597,481.32,"{""trend"":{""T1_ema_stack"":{""value"":[true,false,false],""score"":33.33333333333333},""T2_ema50_slope"":{""value"":-0.020431605590535147,""score"":46.594732401577474},""T3_high_proximity"":{""value"":1.0,""score"":99.99999999999997},""T4_rs_1m"":{""value"":0.15614654637378944,""score"":100},""T5_rs_3m"":{""value"":-0.02470727238562942,""score"":37.64636380718529},""T6_adr_healthy"":{""value"":3.6691177112386857,""score"":100.0},""_score"":63.3},""geometry"":{""sub_contraction_count"":100.0,""sub_reduction_rate"":0,""sub_pivot_tightness"":0,""sub_volume_dryup"":45.7,""sub_base_depth"":59.1,""sub_base_duration"":100.0,""_score"":47.77},""compression"":{""VC1_atr_ratio"":{""value"":0.5220860375752581,""score"":100},""VC2_range_contraction"":{""value"":0.9195964589837626,""score"":13.400590169372894},""VC3_range_pct_rank"":{""score"":35.83333333333333},""_score"":53.65},""sr_quality"":{""SR1_touches"":{""value"":3,""score"":50.0},""SR2_tightness"":{""value"":2.705044669994686,""score"":60.794546546337514},""SR3_recency"":{""value"":296,""score"":0.0},""SR4_price_location"":{""score"":26.002512034783372},""SR5_reaction"":{""value"":2.3742701076898522,""score"":100},""_score"":45.62,""_levels_found"":6,""_target_level"":455.2},""volume"":{""V1_rvol_day"":{""value"":0.787769145329189,""score"":19.184609688612596},""V2_rvol_sameslot"":{""value"":0.8370080313015248,""score"":22.46720208676832,""status"":""ok""},""V3_breakout_bar"":{""value"":0.5159945282596181,""score"":1.0663018839745408},""V4_base_dryup"":{""value"":1.0908675185622205,""score"":40.91324814377795},""V5_bo_expansion"":{""value"":0.7877691453291891,""score"":0},""_score"":16.78},""readiness"":{""_distance_atr"":-1.42,""BR1_atr_distance"":{""score"":31.592820768712286},""BR2_compression"":{""score"":0},""BR3_retest"":{""score"":50.0},""BR4_bo_age"":{""score"":50.0},""_score"":30.14},""risk"":{""R1_stop_clarity"":{""score"":20.861366960918048},""R2_stop_distance_pct"":{""value"":16.396264689423624,""score"":0.0},""R3_stop_distance_atr"":{""value"":5.095921851270204,""score"":45.203907436489786},""R4_rr_potential"":{""value"":0.7457306069513343,""score"":0.0},""_score"":14.08},""market"":{""M1_spy_regime"":{""score"":100.0},""M3_earnings_risk"":{""value"":null,""score"":80.0},""M4_vix"":{""value"":null,""score"":60.0},""_score"":84.0},""liquidity"":{""L1_price"":{""value"":428.88,""score"":100.0},""L2_dollar_vol"":{""value"":21264926819.707363,""score"":100.0},""L3_spread_proxy"":{""value"":0.03453180376795375,""score"":65.46819623204625},""L4_volume_zscore"":{""value"":-0.7589080952691208,""score"":100.0},""_score"":96.55},""pattern_structure"":{""n_contractions"":5,""contractions_pct"":[6.66,6.35,11.13,11.98,11.06],""descending_strict"":false,""final_low"":364.02,""final_pivot"":409.28,""structural_low"":364.02,""dry_up_ratio"":0.7713341241980963,""current_price"":428.88,""neckline_distance_pct"":-0.045700429024435794,""base_bars"":36,""recent_base_height"":72.03999999999996},""pattern_geometry_features"":{""contraction_count"":5.0,""first_contraction_pct"":0.06661445842102694,""last_contraction_pct"":0.11058444096950741,""dry_up_ratio"":0.7713341241980963,""near_monotone"":0.0,""base_depth_pct"":0.10914786354069801},""_schema_version"":""1.0""}",,,,,,,,,,
20260508T185417Z-990aff,2026-05-08T18:54:17.243985+00:00,MRVL,breakout_retest_hold,extended,48.13,98.3,32.9,41.3,38.3,0.2,49.3,66.0,84.0,96.3,13.76,7.23,2.48,5.36,0.02,8.88,3.3,4.2,2.89,True,price_extended_above_trigger,168.25,158.25,156.9645,161.2632,"{""trend"":{""T1_ema_stack"":{""value"":[true,true,true],""score"":100.0},""T2_ema50_slope"":{""value"":1.0779320368036562,""score"":100},""T3_high_proximity"":{""value"":0.9773453383677025,""score"":88.67266918385126},""T4_rs_1m"":{""value"":0.3181478281719843,""score"":100},""T5_rs_3m"":{""value"":1.0278580223914975,""score"":100},""T6_adr_healthy"":{""value"":5.1114426470032965,""score"":100.0},""_score"":98.3},""geometry"":{""sub_retest_depth"":42.9,""sub_retest_timing"":0.0,""sub_retest_freshness"":100.0,""sub_hold_quality"":0.0,""_score"":32.87},""compression"":{""VC1_atr_ratio"":{""value"":0.7561615728160725,""score"":60.959606795981855},""VC2_range_contraction"":{""value"":0.9880344179701102,""score"":1.9942636716483073},""VC3_range_pct_rank"":{""score"":65.0},""_score"":41.33},""sr_quality"":{""SR1_touches"":{""value"":2,""score"":25.0},""SR2_tightness"":{""value"":1.0587499999999963,""score"":77.51117045083872},""SR3_recency"":{""value"":253,""score"":0.0},""SR4_price_location"":{""score"":30.0},""SR5_reaction"":{""value"":1.5560305262439211,""score"":77.80152631219606},""_score"":38.3,""_levels_found"":4,""_target_level"":101.7113},""volume"":{""V1_rvol_day"":{""value"":0.4166039438572483,""score"":0},""V2_rvol_sameslot"":{""value"":0.5141579412029964,""score"":0.943862746866427,""status"":""ok""},""V3_breakout_bar"":{""value"":0.41903739271624657,""score"":0},""V4_base_dryup"":{""value"":1.7189099034301474,""score"":0},""V5_bo_expansion"":{""value"":0.41660394385724825,""score"":0},""_score"":0.19},""readiness"":{""_distance_atr"":-1.062,""BR1_atr_distance"":{""score"":38.75907480598691},""BR2_compression"":{""score"":37.29190808909966},""BR3_retest"":{""score"":100},""BR4_bo_age"":{""score"":30.0},""_score"":49.33},""risk"":{""R1_stop_clarity"":{""score"":66.32251310489232},""R2_stop_distance_pct"":{""value"":6.707578008915295,""score"":100.0},""R3_stop_distance_atr"":{""value"":1.1985723063851719,""score"":84.9286153192586},""R4_rr_potential"":{""value"":-0.6190990968182964,""score"":0.0},""_score"":65.95},""market"":{""M1_spy_regime"":{""score"":100.0},""M3_earnings_risk"":{""value"":null,""score"":80.0},""M4_vix"":{""value"":null,""score"":60.0},""_score"":84.0},""liquidity"":{""L1_price"":{""value"":168.25,""score"":100.0},""L2_dollar_vol"":{""value"":1811039068.8843458,""score"":100.0},""L3_spread_proxy"":{""value"":0.03684992570579488,""score"":63.15007429420512},""L4_volume_zscore"":{""value"":-1.8818818576522083,""score"":100.0},""_score"":96.32},""pattern_structure"":{""level"":158.25,""level_idx"":26,""breakout_idx"":39,""bo_peak_idx"":63,""bo_peak_price"":175.8,""retest_idx"":74,""retest_low"":158.55,""structural_low"":158.55,""current_price"":168.155,""neckline_distance_pct"":-0.05890398739258423,""base_bars"":53,""bars_since_breakout"":40},""pattern_geometry_features"":{""retest_depth_atr"":-0.09956334362154948,""bars_breakout_to_retest"":35.0,""bars_since_retest"":5.0,""current_above_level_atr"":3.2872497285713678,""bo_peak_excess_pct"":0.11090047393364937,""atr_pct"":0.0559630651666313},""_schema_version"":""1.0""}",,,,,,,,,,
20260508T185417Z-990aff,2026-05-08T18:54:17.243985+00:00,CRS,high_tight_pullback,absent,48.02,75.5,43.6,45.2,44.4,25.7,17.5,68.1,84.0,94.6,9.06,15.25,4.52,3.55,3.6,1.57,0.68,5.04,4.73,False,,430.765,475.69,423.6583,535.34,"{""trend"":{""T1_ema_stack"":{""value"":[true,true,true],""score"":100.0},""T2_ema50_slope"":{""value"":0.3138738826239895,""score"":100},""T3_high_proximity"":{""value"":0.940206478086258,""score"":70.10323904312898},""T4_rs_1m"":{""value"":-0.08578584425989821,""score"":0},""T5_rs_3m"":{""value"":0.11189080570800924,""score"":100},""T6_adr_healthy"":{""value"":4.472022406174626,""score"":100.0},""_score"":75.52},""geometry"":{""sub_pole_impulse"":44.8,""sub_flag_tightness"":39.2,""sub_flag_shallowness"":0,""sub_flag_drift"":68.9,""sub_flag_duration"":100.0,""_score"":43.58},""compression"":{""VC1_atr_ratio"":{""value"":0.5702300503220183,""score"":100},""VC2_range_contraction"":{""value"":1.1181507144811942,""score"":0},""VC3_range_pct_rank"":{""score"":20.833333333333336},""_score"":45.21},""sr_quality"":{""SR1_touches"":{""value"":2,""score"":25.0},""SR2_tightness"":{""value"":3.759999999999991,""score"":66.01781611532776},""SR3_recency"":{""value"":230,""score"":0.0},""SR4_price_location"":{""score"":52.399286168724345},""SR5_reaction"":{""value"":1.8570450089635768,""score"":92.85225044817884},""_score"":44.43,""_levels_found"":8,""_target_level"":446.24},""volume"":{""V1_rvol_day"":{""value"":0.5350215057209631,""score"":2.3347670480642053},""V2_rvol_sameslot"":{""value"":1.093464877300343,""score"":39.5643251533562,""status"":""ok""},""V3_breakout_bar"":{""value"":1.0864837734914647,""score"":39.09891823276432},""V4_base_dryup"":{""value"":1.1205406169388308,""score"":37.94593830611692},""V5_bo_expansion"":{""value"":0.5350215057209629,""score"":0},""_score"":25.74},""readiness"":{""_distance_atr"":2.03,""BR1_atr_distance"":{""score"":0},""BR2_compression"":{""score"":0},""BR3_retest"":{""score"":50.0},""BR4_bo_age"":{""score"":50.0},""_score"":17.5},""risk"":{""R1_stop_clarity"":{""score"":41.69118173948214},""R2_stop_distance_pct"":{""value"":1.6497742388541319,""score"":91.2443559713533},""R3_stop_distance_atr"":{""value"":0.32114293497873214,""score"":41.05714674893661},""R4_rr_potential"":{""value"":14.715090795241064,""score"":100.0},""_score"":68.12},""market"":{""M1_spy_regime"":{""score"":100.0},""M3_earnings_risk"":{""value"":null,""score"":80.0},""M4_vix"":{""value"":null,""score"":60.0},""_score"":84.0},""liquidity"":{""L1_price"":{""value"":430.765,""score"":100.0},""L2_dollar_vol"":{""value"":153744974.6604673,""score"":100.0},""L3_spread_proxy"":{""value"":0.054321962090699186,""score"":45.67803790930081},""L4_volume_zscore"":{""value"":-1.074801909240611,""score"":100.0},""_score"":94.57},""pattern_structure"":{""pole_low"":416.04,""pole_low_idx"":25,""peak_price"":475.69,""peak_idx"":49,""pole_gain"":0.14337563695798475,""flag_bars"":10,""flag_low"":430.11,""flag_high"":455.0,""structural_low"":430.11,""current_price"":430.825,""neckline_distance_pct"":0.1041374107816399,""base_bars"":10},""pattern_geometry_features"":{""pole_gain"":0.14337563695798475,""pullback_pct"":0.09581870545943784,""flag_range_pct"":0.05232399251613443,""flag_drift_per_bar"":-0.006213167478182196,""atr_pct"":0.05137196117870036,""pole_atr_multiple"":2.790931739188314},""_schema_version"":""1.0""}",,,,,,,,,,
20260508T185417Z-990aff,2026-05-08T18:54:17.243985+00:00,TDG,double_bottom,setup,47.84,27.1,61.9,54.3,55.5,10.6,43.0,45.1,84.0,72.2,4.07,15.48,4.34,7.77,1.38,3.44,2.7,5.04,3.61,True,risk_unclear;reversal_trend_cap,1224.94,1173.0,1119.2161,1209.74,"{""trend"":{""T1_ema_stack"":{""value"":[true,false,false],""score"":33.33333333333333},""T2_ema50_slope"":{""value"":-0.14379221918834173,""score"":26.034630135276377},""T3_high_proximity"":{""value"":0.9148306920192983,""score"":57.41534600964915},""T4_rs_1m"":{""value"":-0.0852271329721741,""score"":0},""T5_rs_3m"":{""value"":-0.1150640247195931,""score"":0},""T6_adr_healthy"":{""value"":2.978635084496258,""score"":100.0},""_score"":27.15},""geometry"":{""sub_low_similarity"":76.1,""sub_bounce_quality"":3.3,""sub_separation_fit"":46.7,""sub_right_bottom_reaction"":76.2,""sub_base_context"":100.0,""_score"":61.92},""compression"":{""VC1_atr_ratio"":{""value"":0.4590910949321405,""score"":100},""VC2_range_contraction"":{""value"":0.8804861404464308,""score"":19.918976592261533},""VC3_range_pct_rank"":{""score"":29.166666666666664},""_score"":54.26},""sr_quality"":{""SR1_touches"":{""value"":2,""score"":25.0},""SR2_tightness"":{""value"":4.355000000000018,""score"":77.96172127740317},""SR3_recency"":{""value"":287,""score"":0.0},""SR4_price_location"":{""score"":85.23945089505311},""SR5_reaction"":{""value"":2.2371003596537227,""score"":100},""_score"":55.5,""_levels_found"":6,""_target_level"":1241.445},""volume"":{""V1_rvol_day"":{""value"":0.24512135213004244,""score"":0},""V2_rvol_sameslot"":{""value"":0.4347095493370722,""score"":0,""status"":""ok""},""V3_breakout_bar"":{""value"":0.5672878690146609,""score"":4.485857934310725},""V4_base_dryup"":{""value"":1.0247875307087353,""score"":47.52124692912647},""V5_bo_expansion"":{""value"":0.2451213521300425,""score"":0},""_score"":10.63},""readiness"":{""_distance_atr"":-1.314,""BR1_atr_distance"":{""score"":33.716000072292175},""BR2_compression"":{""score"":48.116381351120474},""BR3_retest"":{""score"":50.0},""BR4_bo_age"":{""score"":50.0},""_score"":43.02},""risk"":{""R1_stop_clarity"":{""score"":13.750121993095476},""R2_stop_distance_pct"":{""value"":8.630945189152136,""score"":84.2263702711966},""R3_stop_distance_atr"":{""value"":2.675054851710619,""score"":100.0},""R4_rr_potential"":{""value"":-0.14377070842070733,""score"":0.0},""_score"":45.08},""market"":{""M1_spy_regime"":{""score"":100.0},""M3_earnings_risk"":{""value"":null,""score"":80.0},""M4_vix"":{""value"":null,""score"":60.0},""_score"":84.0},""liquidity"":{""L1_price"":{""value"":1224.94,""score"":0.0},""L2_dollar_vol"":{""value"":121609385.07162543,""score"":100.0},""L3_spread_proxy"":{""value"":0.028091171812496818,""score"":71.90882818750319},""L4_volume_zscore"":{""value"":-2.066857328381774,""score"":100.0},""_score"":72.19},""pattern_structure"":{""left_low"":1136.26,""left_idx"":16,""right_low"":1149.945,""right_idx"":54,""separation_bars"":38,""structural_low"":1136.26,""current_price"":1223.21,""neckline_distance_pct"":-0.0410477350577579,""base_bars"":38},""pattern_geometry_features"":{""low_similarity_pct"":0.011971804803156275,""bounce_pct"":0.03233414887437735,""right_bottom_reaction"":0.7616345062429146,""atr_pct"":0.03226455406562187},""_schema_version"":""1.0""}",,,,,,,,,,
20260508T185417Z-990aff,2026-05-08T18:54:17.243985+00:00,VOYG,bull_flag,absent,47.84,42.5,34.8,44.2,78.5,33.0,51.8,40.0,84.0,81.7,5.95,10.45,3.97,7.85,4.63,4.66,1.2,5.04,4.08,True,stop_too_wide,29.305,29.775,24.753,34.73,"{""trend"":{""T1_ema_stack"":{""value"":[true,false,false],""score"":33.33333333333333},""T2_ema50_slope"":{""value"":0.07210511183724078,""score"":62.01751863954013},""T3_high_proximity"":{""value"":0.9005838967424709,""score"":50.29194837123541},""T4_rs_1m"":{""value"":-0.09338038680953331,""score"":0},""T5_rs_3m"":{""value"":0.022689797446019178,""score"":61.34489872300959},""T6_adr_healthy"":{""value"":7.48740127001363,""score"":100.0},""_score"":42.48},""geometry"":{""sub_pole_impulse"":41.1,""sub_flag_tightness"":0,""sub_flag_shallowness"":0,""sub_flag_drift"":100,""sub_flag_duration"":75.0,""_score"":34.83},""compression"":{""VC1_atr_ratio"":{""value"":0.4529871209903287,""score"":100},""VC2_range_contraction"":{""value"":0.9715871599327655,""score"":4.735473344539091},""VC3_range_pct_rank"":{""score"":9.999999999999998},""_score"":44.16},""sr_quality"":{""SR1_touches"":{""value"":7,""score"":100},""SR2_tightness"":{""value"":0.40311937412622356,""score"":63.54205770840906},""SR3_recency"":{""value"":112,""score"":0.0},""SR4_price_location"":{""score"":95.90311919097037},""SR5_reaction"":{""value"":2.2507167874142584,""score"":100},""_score"":78.51,""_levels_found"":4,""_target_level"":29.4728},""volume"":{""V1_rvol_day"":{""value"":0.8391196381178939,""score"":22.60797587452626},""V2_rvol_sameslot"":{""value"":1.5659935715041575,""score"":71.06623810027716,""status"":""ok""},""V3_breakout_bar"":{""value"":0.6380428494302107,""score"":9.202856628680715},""V4_base_dryup"":{""value"":0.8996755244687575,""score"":60.03244755312424},""V5_bo_expansion"":{""value"":0.8391196381178938,""score"":0},""_score"":33.04},""readiness"":{""_distance_atr"":0.213,""BR1_atr_distance"":{""score"":85.83113425215632},""BR2_compression"":{""score"":0},""BR3_retest"":{""score"":50.0},""BR4_bo_age"":{""score"":50.0},""_score"":51.83},""risk"":{""R1_stop_clarity"":{""score"":65.90880461500191},""R2_stop_distance_pct"":{""value"":15.533014843883302,""score"":0.0},""R3_stop_distance_atr"":{""value"":2.058381971517997,""score"":100.0},""R4_rr_potential"":{""value"":1.1917969221981777,""score"":9.589846109908883},""_score"":39.99},""market"":{""M1_spy_regime"":{""score"":100.0},""M3_earnings_risk"":{""value"":null,""score"":80.0},""M4_vix"":{""value"":null,""score"":60.0},""_score"":84.0},""liquidity"":{""L1_price"":{""value"":29.305,""score"":100.0},""L2_dollar_vol"":{""value"":38367209.77877391,""score"":79.19801083332807},""L3_spread_proxy"":{""value"":0.12284593072854466,""score"":0},""L4_volume_zscore"":{""value"":-0.3606085425433794,""score"":100.0},""_score"":81.68},""pattern_structure"":{""pole_low"":24.82,""pole_low_idx"":14,""peak_price"":29.775,""peak_idx"":37,""pole_gain"":0.19963738920225618,""flag_bars"":22,""flag_low"":25.13,""flag_high"":29.5,""structural_low"":25.13,""current_price"":29.27,""neckline_distance_pct"":0.017253160232319747,""base_bars"":22},""pattern_geometry_features"":{""pole_gain"":0.19963738920225618,""pullback_pct"":0.1560033585222502,""flag_range_pct"":0.146767422334173,""flag_drift_per_bar"":0.0037747431042242504,""atr_pct"":0.07546225656275135,""pole_atr_multiple"":2.6455263637159567},""_schema_version"":""1.0""}",,,,,,,,,,
20260508T185417Z-990aff,2026-05-08T18:54:17.243985+00:00,ADBE,vcp,forming,47.73,37.1,51.1,60.4,36.8,13.2,38.1,68.8,84.0,97.2,5.57,12.77,7.24,4.42,1.71,2.67,3.44,5.04,4.86,True,risk_unclear,251.9,258.75,230.0123,319.98,"{""trend"":{""T1_ema_stack"":{""value"":[true,false,false],""score"":33.33333333333333},""T2_ema50_slope"":{""value"":-0.14848432034924228,""score"":25.252613275126286},""T3_high_proximity"":{""value"":0.888160214371342,""score"":44.08010718567096},""T4_rs_1m"":{""value"":0.01074931025917314,""score"":60.74931025917314},""T5_rs_3m"":{""value"":-0.1293371833889415,""score"":0},""T6_adr_healthy"":{""value"":3.370960383647971,""score"":100.0},""_score"":37.15},""geometry"":{""sub_contraction_count"":100.0,""sub_reduction_rate"":0,""sub_pivot_tightness"":3.6,""sub_volume_dryup"":36.8,""sub_base_depth"":100.0,""sub_base_duration"":100.0,""_score"":51.06},""compression"":{""VC1_atr_ratio"":{""value"":0.38844848497371776,""score"":100},""VC2_range_contraction"":{""value"":0.8473126139366104,""score"":25.4478976772316},""VC3_range_pct_rank"":{""score"":45.833333333333336},""_score"":60.37},""sr_quality"":{""SR1_touches"":{""value"":2,""score"":25.0},""SR2_tightness"":{""value"":0.15500000000000114,""score"":96.71451563330359},""SR3_recency"":{""value"":309,""score"":0.0},""SR4_price_location"":{""score"":7.390244991616235},""SR5_reaction"":{""value"":1.7315032529323329,""score"":86.57516264661665},""_score"":36.84,""_levels_found"":5,""_target_level"":327.595},""volume"":{""V1_rvol_day"":{""value"":0.4599265354722506,""score"":0},""V2_rvol_sameslot"":{""value"":0.5469081305502209,""score"":3.127208703348061,""status"":""ok""},""V3_breakout_bar"":{""value"":0.4976889015642689,""score"":0},""V4_base_dryup"":{""value"":0.8719935903839077,""score"":62.80064096160923},""V5_bo_expansion"":{""value"":0.45992653547225054,""score"":0},""_score"":13.19},""readiness"":{""_distance_atr"":0.726,""BR1_atr_distance"":{""score"":51.60092922178437},""BR2_compression"":{""score"":0},""BR3_retest"":{""score"":50.0},""BR4_bo_age"":{""score"":50.0},""_score"":38.14},""risk"":{""R1_stop_clarity"":{""score"":25.753882397828292},""R2_stop_distance_pct"":{""value"":8.68905319571259,""score"":82.77367010718524},""R3_stop_distance_atr"":{""value"":2.3197347841951563,""score"":100.0},""R4_rr_potential"":{""value"":3.1104191961476104,""score"":100.0},""_score"":68.85},""market"":{""M1_spy_regime"":{""score"":100.0},""M3_earnings_risk"":{""value"":null,""score"":80.0},""M4_vix"":{""value"":null,""score"":60.0},""_score"":84.0},""liquidity"":{""L1_price"":{""value"":251.9,""score"":100.0},""L2_dollar_vol"":{""value"":615461423.839306,""score"":100.0},""L3_spread_proxy"":{""value"":0.028503374354902765,""score"":71.49662564509724},""L4_volume_zscore"":{""value"":-1.855433049483747,""score"":100.0},""_score"":97.15},""pattern_structure"":{""n_contractions"":5,""contractions_pct"":[18.02,9.23,18.29,9.42,9.75],""descending_strict"":false,""final_low"":233.515,""final_pivot"":258.75,""structural_low"":233.515,""dry_up_ratio"":0.8157576171694173,""current_price"":251.9,""neckline_distance_pct"":0.027193330686780447,""base_bars"":61,""recent_base_height"":61.23000000000002},""pattern_geometry_features"":{""contraction_count"":5.0,""first_contraction_pct"":0.18021514854717602,""last_contraction_pct"":0.09752657004830922,""dry_up_ratio"":0.8157576171694173,""near_monotone"":0.0,""base_depth_pct"":0.23762650995755802},""_schema_version"":""1.0""}",,,,,,,,,,
20260508T185417Z-990aff,2026-05-08T18:54:17.243985+00:00,ETN,vcp,absent,47.7,59.8,35.0,48.7,53.0,14.2,33.7,72.4,84.0,98.0,8.96,8.75,5.85,6.36,1.85,2.36,3.62,5.04,4.9,True,risk_unclear,403.08,435.43,382.4361,528.86,"{""trend"":{""T1_ema_stack"":{""value"":[false,true,true],""score"":66.66666666666666},""T2_ema50_slope"":{""value"":0.3573935331351283,""score"":100},""T3_high_proximity"":{""value"":0.9308791944758782,""score"":65.43959723793907},""T4_rs_1m"":{""value"":-0.07816111650483881,""score"":0},""T5_rs_3m"":{""value"":0.010341252065648732,""score"":55.170626032824366},""T6_adr_healthy"":{""value"":3.1209296359649716,""score"":100.0},""_score"":59.76},""geometry"":{""sub_contraction_count"":100.0,""sub_reduction_rate"":0,""sub_pivot_tightness"":0,""sub_volume_dryup"":0,""sub_base_depth"":0.0,""sub_base_duration"":100.0,""_score"":35.0},""compression"":{""VC1_atr_ratio"":{""value"":0.7084002983915777,""score"":72.89992540210557},""VC2_range_contraction"":{""value"":1.3400141706522744,""score"":0},""VC3_range_pct_rank"":{""score"":78.33333333333333},""_score"":48.74},""sr_quality"":{""SR1_touches"":{""value"":2,""score"":25.0},""SR2_tightness"":{""value"":3.4000000000000057,""score"":55.926497249109694},""SR3_recency"":{""value"":231,""score"":0.0},""SR4_price_location"":{""score"":88.47279110591},""SR5_reaction"":{""value"":2.340108554148372,""score"":100},""_score"":53.01,""_levels_found"":8,""_target_level"":405.05},""volume"":{""V1_rvol_day"":{""value"":0.5211446180001101,""score"":1.4096412000073424},""V2_rvol_sameslot"":{""value"":0.6474078501034818,""score"":9.827190006898785,""status"":""ok""},""V3_breakout_bar"":{""value"":0.4011216015627638,""score"":0},""V4_base_dryup"":{""value"":0.9005667240812361,""score"":59.9433275918764},""V5_bo_expansion"":{""value"":0.5211446180001101,""score"":0},""_score"":14.24},""readiness"":{""_distance_atr"":2.097,""BR1_atr_distance"":{""score"":0},""BR2_compression"":{""score"":64.93895568358387},""BR3_retest"":{""score"":50.0},""BR4_bo_age"":{""score"":50.0},""_score"":33.73},""risk"":{""R1_stop_clarity"":{""score"":24.5059786262033},""R2_stop_distance_pct"":{""value"":5.121539148556112,""score"":100.0},""R3_stop_distance_atr"":{""value"":1.3380132109398555,""score"":91.90066054699277},""R4_rr_potential"":{""value"":6.092840984503907,""score"":100.0},""_score"":72.36},""market"":{""M1_spy_regime"":{""score"":100.0},""M3_earnings_risk"":{""value"":null,""score"":80.0},""M4_vix"":{""value"":null,""score"":60.0},""_score"":84.0},""liquidity"":{""L1_price"":{""value"":403.08,""score"":100.0},""L2_dollar_vol"":{""value"":566592026.9746593,""score"":100.0},""L3_spread_proxy"":{""value"":0.019475042175250628,""score"":80.52495782474938},""L4_volume_zscore"":{""value"":-1.1303687806536908,""score"":100.0},""_score"":98.05},""pattern_structure"":{""n_contractions"":5,""contractions_pct"":[10.53,5.28,10.11,7.1,10.83],""descending_strict"":false,""final_low"":388.26,""final_pivot"":435.43,""structural_low"":388.26,""dry_up_ratio"":1.412217123821354,""current_price"":403.08,""neckline_distance_pct"":0.08025702093877152,""base_bars"":45,""recent_base_height"":93.43},""pattern_geometry_features"":{""contraction_count"":5.0,""first_contraction_pct"":0.10532441082339247,""last_contraction_pct"":0.10832969708104635,""dry_up_ratio"":1.412217123821354,""near_monotone"":0.0,""base_depth_pct"":-0.026952680720501488},""_schema_version"":""1.0""}",,,,,,,,,,
20260508T185417Z-990aff,2026-05-08T18:54:17.243985+00:00,SIRI,bull_flag,absent,47.64,96.5,29.9,51.5,49.4,0.0,45.0,68.7,84.0,88.9,13.52,8.96,4.63,4.94,0.0,4.05,2.06,5.04,4.45,False,,26.765,27.51,25.5263,29.93,"{""trend"":{""T1_ema_stack"":{""value"":[true,true,true],""score"":100.0},""T2_ema50_slope"":{""value"":0.4606489139356299,""score"":100},""T3_high_proximity"":{""value"":0.953848895224519,""score"":76.92444761225947},""T4_rs_1m"":{""value"":0.05758501729343779,""score"":100},""T5_rs_3m"":{""value"":0.16661625694693738,""score"":100},""T6_adr_healthy"":{""value"":3.9194404142101846,""score"":100.0},""_score"":96.54},""geometry"":{""sub_pole_impulse"":31.1,""sub_flag_tightness"":17.1,""sub_flag_shallowness"":0,""sub_flag_drift"":100,""sub_flag_duration"":12.5,""_score"":29.86},""compression"":{""VC1_atr_ratio"":{""value"":0.3522354292426286,""score"":100},""VC2_range_contraction"":{""value"":1.021064067821751,""score"":0},""VC3_range_pct_rank"":{""score"":45.833333333333336},""_score"":51.46},""sr_quality"":{""SR1_touches"":{""value"":4,""score"":75.0},""SR2_tightness"":{""value"":0.26432401990738585,""score"":54.04459166212268},""SR3_recency"":{""value"":244,""score"":0.0},""SR4_price_location"":{""score"":30.0},""SR5_reaction"":{""value"":1.5083670187334293,""score"":75.41835093667146},""_score"":49.42,""_levels_found"":4,""_target_level"":23.1438},""volume"":{""V1_rvol_day"":{""value"":0.22103506431297743,""score"":0},""V2_rvol_sameslot"":{""value"":0.23932077254409248,""score"":0,""status"":""ok""},""V3_breakout_bar"":{""value"":0.36001694997385425,""score"":0},""V4_base_dryup"":{""value"":1.5716788443332994,""score"":0},""V5_bo_expansion"":{""value"":0.2210350643129774,""score"":0},""_score"":0.0},""readiness"":{""_distance_atr"":0.648,""BR1_atr_distance"":{""score"":56.82473450109381},""BR2_compression"":{""score"":18.952956729055543},""BR3_retest"":{""score"":50.0},""BR4_bo_age"":{""score"":50.0},""_score"":44.97},""risk"":{""R1_stop_clarity"":{""score"":32.416221150084596},""R2_stop_distance_pct"":{""value"":4.628152437885307,""score"":100.0},""R3_stop_distance_atr"":{""value"":1.0768244447342135,""score"":78.84122223671068},""R4_rr_potential"":{""value"":2.5550465196068513,""score"":77.75232598034256},""_score"":68.72},""market"":{""M1_spy_regime"":{""score"":100.0},""M3_earnings_risk"":{""value"":null,""score"":80.0},""M4_vix"":{""value"":null,""score"":60.0},""_score"":84.0},""liquidity"":{""L1_price"":{""value"":26.765,""score"":100.0},""L2_dollar_vol"":{""value"":37711117.232833385,""score"":78.82346995211216},""L3_spread_proxy"":{""value"":0.026149822529422734,""score"":73.85017747057726},""L4_volume_zscore"":{""value"":-1.41565473328119,""score"":100.0},""_score"":88.91},""pattern_structure"":{""pole_low"":25.09,""pole_low_idx"":19,""peak_price"":27.51,""peak_idx"":32,""pole_gain"":0.09645277002789963,""flag_bars"":27,""flag_low"":25.915,""flag_high"":27.235,""structural_low"":25.915,""current_price"":26.785,""neckline_distance_pct"":0.02706738846369242,""base_bars"":27},""pattern_geometry_features"":{""pole_gain"":0.09645277002789963,""pullback_pct"":0.0579789167575428,""flag_range_pct"":0.0479825517993457,""flag_drift_per_bar"":0.00041186283486079707,""atr_pct"":0.04297963758640014,""pole_atr_multiple"":2.2441503801423344},""_schema_version"":""1.0""}",,,,,,,,,,
20260508T185417Z-990aff,2026-05-08T18:54:17.243985+00:00,TDG,bull_flag,forming,47.59,27.1,56.2,54.3,55.5,14.3,44.4,61.6,84.0,72.2,3.8,16.87,4.88,5.55,2.0,3.99,1.85,5.04,3.61,True,risk_unclear;trend_floor,1224.94,1262.26,1197.6615,1378.6,"{""trend"":{""T1_ema_stack"":{""value"":[true,false,false],""score"":33.33333333333333},""T2_ema50_slope"":{""value"":-0.14379221918834173,""score"":26.034630135276377},""T3_high_proximity"":{""value"":0.9148306920192983,""score"":57.41534600964915},""T4_rs_1m"":{""value"":-0.0852271329721741,""score"":0},""T5_rs_3m"":{""value"":-0.1150640247195931,""score"":0},""T6_adr_healthy"":{""value"":2.978635084496258,""score"":100.0},""_score"":27.15},""geometry"":{""sub_pole_impulse"":53.7,""sub_flag_tightness"":47.4,""sub_flag_shallowness"":27.6,""sub_flag_drift"":85.0,""sub_flag_duration"":100.0,""_score"":56.23},""compression"":{""VC1_atr_ratio"":{""value"":0.4590910949321405,""score"":100},""VC2_range_contraction"":{""value"":0.8804861404464308,""score"":19.918976592261533},""VC3_range_pct_rank"":{""score"":29.166666666666664},""_score"":54.26},""sr_quality"":{""SR1_touches"":{""value"":2,""score"":25.0},""SR2_tightness"":{""value"":4.355000000000018,""score"":77.96172127740317},""SR3_recency"":{""value"":287,""score"":0.0},""SR4_price_location"":{""score"":85.23945089505311},""SR5_reaction"":{""value"":2.2371003596537227,""score"":100},""_score"":55.5,""_levels_found"":6,""_target_level"":1241.445},""volume"":{""V1_rvol_day"":{""value"":0.24512135213004244,""score"":0},""V2_rvol_sameslot"":{""value"":0.4347095493370722,""score"":0,""status"":""ok""},""V3_breakout_bar"":{""value"":0.5672878690146609,""score"":4.485857934310725},""V4_base_dryup"":{""value"":0.8430606479183131,""score"":65.69393520816868},""V5_bo_expansion"":{""value"":0.2451213521300425,""score"":0},""_score"":14.26},""readiness"":{""_distance_atr"":0.944,""BR1_atr_distance"":{""score"":37.04794780502802},""BR2_compression"":{""score"":48.116381351120474},""BR3_retest"":{""score"":50.0},""BR4_bo_age"":{""score"":50.0},""_score"":44.35},""risk"":{""R1_stop_clarity"":{""score"":7.70490321881077},""R2_stop_distance_pct"":{""value"":2.2269254004277674,""score"":100.0},""R3_stop_distance_atr"":{""value"":0.6902080208201524,""score"":59.51040104100762},""R4_rr_potential"":{""value"":5.633007680041074,""score"":100.0},""_score"":61.62},""market"":{""M1_spy_regime"":{""score"":100.0},""M3_earnings_risk"":{""value"":null,""score"":80.0},""M4_vix"":{""value"":null,""score"":60.0},""_score"":84.0},""liquidity"":{""L1_price"":{""value"":1224.94,""score"":0.0},""L2_dollar_vol"":{""value"":121609385.07162543,""score"":100.0},""L3_spread_proxy"":{""value"":0.028091171812496818,""score"":71.90882818750319},""L4_volume_zscore"":{""value"":-2.066857328381774,""score"":100.0},""_score"":72.19},""pattern_structure"":{""pole_low"":1145.92,""pole_low_idx"":26,""peak_price"":1262.26,""peak_idx"":51,""pole_gain"":0.10152541189611833,""flag_bars"":8,""flag_low"":1215.9,""flag_high"":1256.37,""structural_low"":1215.9,""current_price"":1223.21,""neckline_distance_pct"":0.03192419944245056,""base_bars"":8},""pattern_geometry_features"":{""pole_gain"":0.10152541189611833,""pullback_pct"":0.036727773992679714,""flag_range_pct"":0.03206154041164245,""flag_drift_per_bar"":-0.0029989886095951658,""atr_pct"":0.03226455406562187,""pole_atr_multiple"":3.1466547372583844},""_schema_version"":""1.0""}",,,,,,,,,,
20260508T185417Z-990aff,2026-05-08T18:54:17.243985+00:00,CW,bull_flag,absent,47.56,70.4,32.5,64.1,64.0,15.1,36.6,61.3,84.0,70.2,9.85,9.74,5.77,6.4,2.11,3.29,1.84,5.04,3.51,True,risk_unclear,729.15,750.0,708.5203,794.9,"{""trend"":{""T1_ema_stack"":{""value"":[true,true,true],""score"":100.0},""T2_ema50_slope"":{""value"":0.15464056675341425,""score"":75.77342779223571},""T3_high_proximity"":{""value"":0.9815046642167751,""score"":90.7523321083875},""T4_rs_1m"":{""value"":-0.07557764790674404,""score"":0},""T5_rs_3m"":{""value"":0.05501228942417202,""score"":77.50614471208601},""T6_adr_healthy"":{""value"":2.7715132322391764,""score"":100.0},""_score"":70.39},""geometry"":{""sub_pole_impulse"":28.1,""sub_flag_tightness"":0,""sub_flag_shallowness"":0,""sub_flag_drift"":93.6,""sub_flag_duration"":100.0,""_score"":32.47},""compression"":{""VC1_atr_ratio"":{""value"":0.43999667332479964,""score"":100},""VC2_range_contraction"":{""value"":0.88303629100367,""score"":19.493951499388338},""VC3_range_pct_rank"":{""score"":69.16666666666667},""_score"":64.11},""sr_quality"":{""SR1_touches"":{""value"":5,""score"":100},""SR2_tightness"":{""value"":2.57040347027466,""score"":76.48808984357673},""SR3_recency"":{""value"":239,""score"":0.0},""SR4_price_location"":{""score"":30.0},""SR5_reaction"":{""value"":2.6184451971982257,""score"":100},""_score"":63.97,""_levels_found"":7,""_target_level"":713.366},""volume"":{""V1_rvol_day"":{""value"":0.49943919714069507,""score"":0},""V2_rvol_sameslot"":{""value"":0.8221890734793709,""score"":21.47927156529139,""status"":""ok""},""V3_breakout_bar"":{""value"":0.5343230916056061,""score"":2.2882061070404065},""V4_base_dryup"":{""value"":0.9901035692969475,""score"":50.98964307030525},""V5_bo_expansion"":{""value"":0.49943919714069523,""score"":0},""_score"":15.07},""readiness"":{""_distance_atr"":0.954,""BR1_atr_distance"":{""score"":36.42718838623379},""BR2_compression"":{""score"":18.15307958980354},""BR3_retest"":{""score"":50.0},""BR4_bo_age"":{""score"":50.0},""_score"":36.61},""risk"":{""R1_stop_clarity"":{""score"":1.3052680822337805},""R2_stop_distance_pct"":{""value"":2.8292738119728567,""score"":100.0},""R3_stop_distance_atr"":{""value"":0.9435142828114649,""score"":72.17571414057325},""R4_rr_potential"":{""value"":3.1871602281182536,""score"":100.0},""_score"":61.28},""market"":{""M1_spy_regime"":{""score"":100.0},""M3_earnings_risk"":{""value"":null,""score"":80.0},""M4_vix"":{""value"":null,""score"":60.0},""_score"":84.0},""liquidity"":{""L1_price"":{""value"":729.15,""score"":0.0},""L2_dollar_vol"":{""value"":78693902.7908991,""score"":94.79705422478429},""L3_spread_proxy"":{""value"":0.026770760474524986,""score"":73.22923952547501},""L4_volume_zscore"":{""value"":-1.3724480621030892,""score"":100.0},""_score"":70.24},""pattern_structure"":{""pole_low"":705.1,""pole_low_idx"":26,""peak_price"":750.0,""peak_idx"":49,""pole_gain"":0.06367891079279532,""flag_bars"":10,""flag_low"":719.31,""flag_high"":748.285,""structural_low"":719.31,""current_price"":730.17,""neckline_distance_pct"":0.027158059082131616,""base_bars"":10},""pattern_geometry_features"":{""pole_gain"":0.06367891079279532,""pullback_pct"":0.040920000000000074,""flag_range_pct"":0.03863333333333337,""flag_drift_per_bar"":-0.0012722666079007473,""atr_pct"":0.029986549896650675,""pole_atr_multiple"":2.1235824398694128},""_schema_version"":""1.0""}",,,,,,,,,,
20260508T185417Z-990aff,2026-05-08T18:54:17.243985+00:00,GD,ascending_triangle,absent,47.5,37.9,46.6,59.0,47.0,12.7,49.9,49.1,84.0,98.6,5.69,13.06,4.72,6.58,1.52,4.0,1.97,5.04,4.93,True,risk_unclear,347.35,353.57,338.8499,363.13,"{""trend"":{""T1_ema_stack"":{""value"":[true,false,true],""score"":66.66666666666666},""T2_ema50_slope"":{""value"":-0.14658177568621028,""score"":25.569704052298288},""T3_high_proximity"":{""value"":0.9487326559597946,""score"":74.36632797989728},""T4_rs_1m"":{""value"":-0.07472187843960953,""score"":0},""T5_rs_3m"":{""value"":-0.10325817783137603,""score"":0},""T6_adr_healthy"":{""value"":2.10683048031052,""score"":100.0},""_score"":37.94},""geometry"":{""sub_flat_top_quality"":100,""sub_hl_slope"":3.0,""sub_compression"":3.0,""sub_duration"":100.0,""_score"":46.65},""compression"":{""VC1_atr_ratio"":{""value"":0.5426016634829088,""score"":100},""VC2_range_contraction"":{""value"":1.03018294846485,""score"":0},""VC3_range_pct_rank"":{""score"":75.83333333333333},""_score"":58.96},""sr_quality"":{""SR1_touches"":{""value"":3,""score"":50.0},""SR2_tightness"":{""value"":2.052526897915502,""score"":56.07215694452565},""SR3_recency"":{""value"":227,""score"":0.0},""SR4_price_location"":{""score"":52.60910815939285},""SR5_reaction"":{""value"":1.3879090330268533,""score"":69.39545165134267},""_score"":46.97,""_levels_found"":5,""_target_level"":350.68},""volume"":{""V1_rvol_day"":{""value"":0.2820143821071738,""score"":0},""V2_rvol_sameslot"":{""value"":0.623276182470568,""score"":8.218412164704535,""status"":""ok""},""V3_breakout_bar"":{""value"":0.7129274494794846,""score"":14.195163298632307},""V4_base_dryup"":{""value"":1.1268064861661364,""score"":37.319351383386355},""V5_bo_expansion"":{""value"":0.2820143821071738,""score"":0},""_score"":12.66},""readiness"":{""_distance_atr"":0.666,""BR1_atr_distance"":{""score"":55.62686103609876},""BR2_compression"":{""score"":40.73841415377261},""BR3_retest"":{""score"":50.0},""BR4_bo_age"":{""score"":50.0},""_score"":49.94},""risk"":{""R1_stop_clarity"":{""score"":0},""R2_stop_distance_pct"":{""value"":2.447142651504252,""score"":100.0},""R3_stop_distance_atr"":{""value"":0.9095940606849062,""score"":70.47970303424532},""R4_rr_potential"":{""value"":1.8564378275677413,""score"":42.821891378387065},""_score"":49.14},""market"":{""M1_spy_regime"":{""score"":100.0},""M3_earnings_risk"":{""value"":null,""score"":80.0},""M4_vix"":{""value"":null,""score"":60.0},""_score"":84.0},""liquidity"":{""L1_price"":{""value"":347.35,""score"":100.0},""L2_dollar_vol"":{""value"":151617770.44251615,""score"":100.0},""L3_spread_proxy"":{""value"":0.013934072261407892,""score"":86.06592773859211},""L4_volume_zscore"":{""value"":-1.8501495195636326,""score"":100.0},""_score"":98.61},""pattern_structure"":{""top"":353.57,""top_touches"":4,""low_slope_per_bar"":0.03108333333333551,""lowest_low"":344.01,""structural_low"":344.01,""current_price"":347.18,""neckline_distance_pct"":0.018405438101273076,""base_bars"":24},""pattern_geometry_features"":{""top_touches"":4.0,""low_slope"":0.03108333333333551,""compression"":0.014805920502981462,""atr_pct"":0.026903678874745533},""_schema_version"":""1.0""}",,,,,,,,,,
20260508T185417Z-990aff,2026-05-08T18:54:17.243985+00:00,OKLO,bull_flag,absent,47.49,72.8,32.5,38.5,52.2,24.9,34.7,82.5,84.0,94.5,10.19,9.76,3.47,5.22,3.48,3.13,2.48,5.04,4.73,False,,72.86,79.5,68.95,92.92,"{""trend"":{""T1_ema_stack"":{""value"":[true,true,false],""score"":66.66666666666666},""T2_ema50_slope"":{""value"":0.34581913806539605,""score"":100},""T3_high_proximity"":{""value"":0.915096709369505,""score"":57.5483546847525},""T4_rs_1m"":{""value"":0.4411100098634859,""score"":100},""T5_rs_3m"":{""value"":-0.04317784574092487,""score"":28.411077129537567},""T6_adr_healthy"":{""value"":9.441254663043445,""score"":63.96863342391388},""_score"":72.76},""geometry"":{""sub_pole_impulse"":27.1,""sub_flag_tightness"":12.8,""sub_flag_shallowness"":0,""sub_flag_drift"":74.8,""sub_flag_duration"":100.0,""_score"":32.55},""compression"":{""VC1_atr_ratio"":{""value"":0.8858868851436129,""score"":28.52827871409677},""VC2_range_contraction"":{""value"":0.8883705691155116,""score"":18.604905147414737},""VC3_range_pct_rank"":{""score"":82.5},""_score"":38.55},""sr_quality"":{""SR1_touches"":{""value"":3,""score"":50.0},""SR2_tightness"":{""value"":0.8901529206952153,""score"":74.92274697709425},""SR3_recency"":{""value"":238,""score"":0.0},""SR4_price_location"":{""score"":52.13821416353057},""SR5_reaction"":{""value"":1.7196565717543677,""score"":85.98282858771839},""_score"":52.17,""_levels_found"":7,""_target_level"":75.1917},""volume"":{""V1_rvol_day"":{""value"":0.460396275011571,""score"":0},""V2_rvol_sameslot"":{""value"":0.9528783768475589,""score"":30.19189178983726,""status"":""ok""},""V3_breakout_bar"":{""value"":0.6838127016612293,""score"":12.25418011074862},""V4_base_dryup"":{""value"":0.7121066541279405,""score"":78.78933458720596},""V5_bo_expansion"":{""value"":0.460396275011571,""score"":0},""_score"":24.86},""readiness"":{""_distance_atr"":0.935,""BR1_atr_distance"":{""score"":37.64630915249689},""BR2_compression"":{""score"":8.702746755407665},""BR3_retest"":{""score"":50.0},""BR4_bo_age"":{""score"":50.0},""_score"":34.73},""risk"":{""R1_stop_clarity"":{""score"":70.41955931180208},""R2_stop_distance_pct"":{""value"":5.366456217403234,""score"":100.0},""R3_stop_distance_atr"":{""value"":0.5507596337659719,""score"":52.53798168829859},""R4_rr_potential"":{""value"":5.130434782608701,""score"":100.0},""_score"":82.53},""market"":{""M1_spy_regime"":{""score"":100.0},""M3_earnings_risk"":{""value"":null,""score"":80.0},""M4_vix"":{""value"":null,""score"":60.0},""_score"":84.0},""liquidity"":{""L1_price"":{""value"":72.86,""score"":100.0},""L2_dollar_vol"":{""value"":554374568.5407015,""score"":100.0},""L3_spread_proxy"":{""value"":0.05489980785067252,""score"":45.100192149327476},""L4_volume_zscore"":{""value"":-1.407135700969343,""score"":100.0},""_score"":94.51},""pattern_structure"":{""pole_low"":66.08,""pole_low_idx"":37,""peak_price"":79.5,""peak_idx"":49,""pole_gain"":0.20308716707021796,""flag_bars"":10,""flag_low"":70.0,""flag_high"":78.45,""structural_low"":70.0,""current_price"":73.0335,""neckline_distance_pct"":0.08854155969520831,""base_bars"":10},""pattern_geometry_features"":{""pole_gain"":0.20308716707021796,""pullback_pct"":0.11949685534591195,""flag_range_pct"":0.10628930817610066,""flag_drift_per_bar"":-0.005032991294364497,""atr_pct"":0.09743735539782754,""pole_atr_multiple"":2.0842844742761355},""_schema_version"":""1.0""}",,,,,,,,,,
20260508T185417Z-990aff,2026-05-08T18:54:17.243985+00:00,GE,double_bottom,breakout_confirmed,47.48,31.5,48.3,70.7,59.8,8.9,42.3,36.3,84.0,98.0,4.72,12.08,5.65,8.37,1.15,3.38,2.18,5.04,4.9,True,risk_unclear;reversal_trend_cap,300.1485,291.76,269.2596,310.16,"{""trend"":{""T1_ema_stack"":{""value"":[true,false,true],""score"":66.66666666666666},""T2_ema50_slope"":{""value"":-0.158809149435328,""score"":23.531808427445334},""T3_high_proximity"":{""value"":0.8681335685775439,""score"":34.06678428877191},""T4_rs_1m"":{""value"":-0.12587424017690751,""score"":0},""T5_rs_3m"":{""value"":-0.13288965745800108,""score"":0},""T6_adr_healthy"":{""value"":3.25594155517855,""score"":100.0},""_score"":31.48},""geometry"":{""sub_low_similarity"":22.2,""sub_bounce_quality"":53.3,""sub_separation_fit"":0.0,""sub_right_bottom_reaction"":73.3,""sub_base_context"":100.0,""_score"":48.31},""compression"":{""VC1_atr_ratio"":{""value"":0.5762854206897213,""score"":100},""VC2_range_contraction"":{""value"":0.7920006733645593,""score"":34.66655443924013},""VC3_range_pct_rank"":{""score"":74.16666666666667},""_score"":70.67},""sr_quality"":{""SR1_touches"":{""value"":4,""score"":75.0},""SR2_tightness"":{""value"":1.5804172890411017,""score"":70.75622251311732},""SR3_recency"":{""value"":282,""score"":0.0},""SR4_price_location"":{""score"":46.754980889802795},""SR5_reaction"":{""value"":2.1713253370340997,""score"":100},""_score"":59.8,""_levels_found"":5,""_target_level"":309.4661},""volume"":{""V1_rvol_day"":{""value"":0.2671105683739751,""score"":0},""V2_rvol_sameslot"":{""value"":0.4894316498764467,""score"":0,""status"":""ok""},""V3_breakout_bar"":{""value"":0.5980402834714412,""score"":6.536018898096081},""V4_base_dryup"":{""value"":1.1389165455690067,""score"":36.10834544309933},""V5_bo_expansion"":{""value"":0.2671105683739752,""score"":0},""_score"":8.86},""readiness"":{""_distance_atr"":-0.776,""BR1_atr_distance"":{""score"":44.47805974094629},""BR2_compression"":{""score"":28.045106822950107},""BR3_retest"":{""score"":50.0},""BR4_bo_age"":{""score"":50.0},""_score"":42.3},""risk"":{""R1_stop_clarity"":{""score"":24.126883425852867},""R2_stop_distance_pct"":{""value"":10.291205853102706,""score"":42.719853672432336},""R3_stop_distance_atr"":{""value"":2.8578152260111005,""score"":100.0},""R4_rr_potential"":{""value"":0.32411319276503736,""score"":0.0},""_score"":36.26},""market"":{""M1_spy_regime"":{""score"":100.0},""M3_earnings_risk"":{""value"":null,""score"":80.0},""M4_vix"":{""value"":null,""score"":60.0},""_score"":84.0},""liquidity"":{""L1_price"":{""value"":300.1485,""score"":100.0},""L2_dollar_vol"":{""value"":559447503.0099859,""score"":100.0},""L3_spread_proxy"":{""value"":0.019690253324604404,""score"":80.3097466753956},""L4_volume_zscore"":{""value"":-1.705424501580334,""score"":100.0},""_score"":98.03},""pattern_structure"":{""left_low"":273.36,""left_idx"":13,""right_low"":284.2,""right_idx"":62,""separation_bars"":49,""structural_low"":273.36,""current_price"":299.705,""neckline_distance_pct"":-0.02650940091089569,""base_bars"":49},""pattern_geometry_features"":{""low_similarity_pct"":0.03888370758304031,""bounce_pct"":0.06731050629206899,""right_bottom_reaction"":0.7333876583450742,""atr_pct"":0.03601074610924735},""_schema_version"":""1.0""}",,,,,,,,,,
20260508T185417Z-990aff,2026-05-08T18:54:17.243985+00:00,PLTR,vcp,absent,47.45,19.4,47.8,73.3,51.0,21.4,20.6,71.0,84.0,96.8,2.92,11.96,8.8,6.12,2.78,1.44,3.55,5.04,4.84,True,trend_floor,136.66,152.68,132.6598,192.4,"{""trend"":{""T1_ema_stack"":{""value"":[false,false,false],""score"":0.0},""T2_ema50_slope"":{""value"":-0.13850152354195705,""score"":26.916412743007157},""T3_high_proximity"":{""value"":0.8496642626212385,""score"":24.832131310619232},""T4_rs_1m"":{""value"":-0.037470547752812555,""score"":12.529452247187443},""T5_rs_3m"":{""value"":-0.06233936621856584,""score"":18.83031689071708},""T6_adr_healthy"":{""value"":3.7668182696553227,""score"":100.0},""_score"":19.44},""geometry"":{""sub_contraction_count"":100.0,""sub_reduction_rate"":0,""sub_pivot_tightness"":0,""sub_volume_dryup"":18.8,""sub_base_depth"":100.0,""sub_base_duration"":100.0,""_score"":47.82},""compression"":{""VC1_atr_ratio"":{""value"":0.4720047153725547,""score"":100},""VC2_range_contraction"":{""value"":0.7251437468655758,""score"":45.80937552240403},""VC3_range_pct_rank"":{""score"":69.16666666666667},""_score"":73.32},""sr_quality"":{""SR1_touches"":{""value"":4,""score"":75.0},""SR2_tightness"":{""value"":0.766236745399222,""score"":75.52816520094146},""SR3_recency"":{""value"":227,""score"":0.0},""SR4_price_location"":{""score"":8.845208845208756},""SR5_reaction"":{""value"":2.2899326684970003,""score"":100},""_score"":51.04,""_levels_found"":8,""_target_level"":148.7175},""volume"":{""V1_rvol_day"":{""value"":0.6449741503873251,""score"":9.664943359155005},""V2_rvol_sameslot"":{""value"":0.8724663960773456,""score"":24.831093071823037,""status"":""ok""},""V3_breakout_bar"":{""value"":0.5923266867872132,""score"":6.155112452480882},""V4_base_dryup"":{""value"":0.8525698812916274,""score"":64.74301187083726},""V5_bo_expansion"":{""value"":0.6449741503873252,""score"":0},""_score"":21.39},""readiness"":{""_distance_atr"":2.558,""BR1_atr_distance"":{""score"":0},""BR2_compression"":{""score"":12.381002185531973},""BR3_retest"":{""score"":50.0},""BR4_bo_age"":{""score"":50.0},""_score"":20.6},""risk"":{""R1_stop_clarity"":{""score"":35.479470336156},""R2_stop_distance_pct"":{""value"":2.9271183960193023,""score"":100.0},""R3_stop_distance_atr"":{""value"":0.6387858201200596,""score"":56.93929100600298},""R4_rr_potential"":{""value"":13.934303284835837,""score"":100.0},""_score"":70.96},""market"":{""M1_spy_regime"":{""score"":100.0},""M3_earnings_risk"":{""value"":null,""score"":80.0},""M4_vix"":{""value"":null,""score"":60.0},""_score"":84.0},""liquidity"":{""L1_price"":{""value"":136.66,""score"":100.0},""L2_dollar_vol"":{""value"":4105615007.840823,""score"":100.0},""L3_spread_proxy"":{""value"":0.031610566369091105,""score"":68.3894336309089},""L4_volume_zscore"":{""value"":-1.0299140765001362,""score"":100.0},""_score"":96.84},""pattern_structure"":{""n_contractions"":5,""contractions_pct"":[7.97,4.89,16.07,21.5,11.79],""descending_strict"":false,""final_low"":134.68,""final_pivot"":152.68,""structural_low"":134.68,""dry_up_ratio"":0.9058606420717299,""current_price"":136.66,""neckline_distance_pct"":0.11722523049904882,""base_bars"":37,""recent_base_height"":39.72},""pattern_geometry_features"":{""contraction_count"":5.0,""first_contraction_pct"":0.07971508206875179,""last_contraction_pct"":0.11789363374377783,""dry_up_ratio"":0.9058606420717299,""near_monotone"":0.0,""base_depth_pct"":0.16580984825023218},""_schema_version"":""1.0""}",,,,,,,,,,
20260508T185417Z-990aff,2026-05-08T18:54:17.243985+00:00,APP,bull_flag,absent,47.38,77.0,30.2,43.4,62.8,27.6,17.5,79.8,84.0,90.0,10.78,9.05,3.9,6.28,3.87,1.57,2.39,5.04,4.5,False,,470.11,512.6899,440.7629,582.3798,"{""trend"":{""T1_ema_stack"":{""value"":[true,true,false],""score"":66.66666666666666},""T2_ema50_slope"":{""value"":0.09180514386452072,""score"":65.30085731075346},""T3_high_proximity"":{""value"":0.908899329118574,""score"":54.44966455928696},""T4_rs_1m"":{""value"":0.15518388938194438,""score"":100},""T5_rs_3m"":{""value"":0.08792489543654791,""score"":93.96244771827395},""T6_adr_healthy"":{""value"":5.4100832787133415,""score"":100.0},""_score"":76.99},""geometry"":{""sub_pole_impulse"":41.5,""sub_flag_tightness"":0,""sub_flag_shallowness"":0,""sub_flag_drift"":51.5,""sub_flag_duration"":100.0,""_score"":30.17},""compression"":{""VC1_atr_ratio"":{""value"":0.4814445661699877,""score"":100},""VC2_range_contraction"":{""value"":0.9675674511031098,""score"":5.405424816148363},""VC3_range_pct_rank"":{""score"":5.833333333333335},""_score"":43.35},""sr_quality"":{""SR1_touches"":{""value"":4,""score"":75.0},""SR2_tightness"":{""value"":7.3639166718533735,""score"":46.99709708143103},""SR3_recency"":{""value"":236,""score"":0.0},""SR4_price_location"":{""score"":72.86068322075907},""SR5_reaction"":{""value"":3.826991088793823,""score"":100},""_score"":62.76,""_levels_found"":6,""_target_level"":484.0725},""volume"":{""V1_rvol_day"":{""value"":1.3208950656326885,""score"":54.726337708845904},""V2_rvol_sameslot"":{""value"":1.3320584335475916,""score"":55.470562236506105,""status"":""ok""},""V3_breakout_bar"":{""value"":0.3342448438035814,""score"":0},""V4_base_dryup"":{""value"":1.3812318773179049,""score"":11.87681226820952},""V5_bo_expansion"":{""value"":1.3208950656326885,""score"":21.393004375512568},""_score"":27.62},""readiness"":{""_distance_atr"":1.532,""BR1_atr_distance"":{""score"":0},""BR2_compression"":{""score"":0},""BR3_retest"":{""score"":50.0},""BR4_bo_age"":{""score"":50.0},""_score"":17.5},""risk"":{""R1_stop_clarity"":{""score"":51.68846612399795},""R2_stop_distance_pct"":{""value"":6.242608112994832,""score"":100.0},""R3_stop_distance_atr"":{""value"":1.0561518323934402,""score"":77.80759161967201},""R4_rr_potential"":{""value"":3.8255808703578253,""score"":100.0},""_score"":79.76},""market"":{""M1_spy_regime"":{""score"":100.0},""M3_earnings_risk"":{""value"":null,""score"":80.0},""M4_vix"":{""value"":null,""score"":60.0},""_score"":84.0},""liquidity"":{""L1_price"":{""value"":470.11,""score"":100.0},""L2_dollar_vol"":{""value"":2728800491.7862244,""score"":100.0},""L3_spread_proxy"":{""value"":0.10109336112824653,""score"":0},""L4_volume_zscore"":{""value"":0.599985946769231,""score"":100.0},""_score"":90.0},""pattern_structure"":{""pole_low"":443.0,""pole_low_idx"":49,""peak_price"":512.6899,""peak_idx"":51,""pole_gain"":0.1573135440180586,""flag_bars"":8,""flag_low"":447.475,""flag_high"":509.25,""structural_low"":447.475,""current_price"":470.6125,""neckline_distance_pct"":0.08940986480384595,""base_bars"":8},""pattern_geometry_features"":{""pole_gain"":0.1573135440180586,""pullback_pct"":0.12720145257396323,""flag_range_pct"":0.12049193869432571,""flag_drift_per_bar"":-0.009701402301205761,""atr_pct"":0.05910710867061508,""pole_atr_multiple"":2.6614995650475213},""_schema_version"":""1.0""}",,,,,,,,,,
20260508T185417Z-990aff,2026-05-08T18:54:17.243985+00:00,ZETA,vcp,absent,47.34,54.5,37.4,66.5,40.9,13.4,25.0,75.4,84.0,92.6,8.18,9.34,7.98,4.91,1.74,1.75,3.77,5.04,4.63,False,,17.0899,18.77,16.3844,23.175,"{""trend"":{""T1_ema_stack"":{""value"":[false,true,false],""score"":33.33333333333333},""T2_ema50_slope"":{""value"":0.1376629537161919,""score"":72.94382561936531},""T3_high_proximity"":{""value"":0.895697064989518,""score"":47.848532494758956},""T4_rs_1m"":{""value"":0.030774856144567986,""score"":80.77485614456799},""T5_rs_3m"":{""value"":-0.05609630796734422,""score"":21.95184601632789},""T6_adr_healthy"":{""value"":4.7905331509488684,""score"":100.0},""_score"":54.55},""geometry"":{""sub_contraction_count"":100.0,""sub_reduction_rate"":7.3,""sub_pivot_tightness"":0,""sub_volume_dryup"":0,""sub_base_depth"":5.4,""sub_base_duration"":100.0,""_score"":37.36},""compression"":{""VC1_atr_ratio"":{""value"":0.3204052189797466,""score"":100},""VC2_range_contraction"":{""value"":0.8891017286659372,""score"":18.483045222343804},""VC3_range_pct_rank"":{""score"":80.0},""_score"":66.47},""sr_quality"":{""SR1_touches"":{""value"":2,""score"":25.0},""SR2_tightness"":{""value"":0.04999999999999894,""score"":89.0623290988924},""SR3_recency"":{""value"":284,""score"":0.0},""SR4_price_location"":{""score"":20.146084593171416},""SR5_reaction"":{""value"":3.0242660041563143,""score"":100},""_score"":40.9,""_levels_found"":6,""_target_level"":17.56},""volume"":{""V1_rvol_day"":{""value"":0.4512049637762773,""score"":0},""V2_rvol_sameslot"":{""value"":0.47231676473229867,""score"":0,""status"":""ok""},""V3_breakout_bar"":{""value"":0.42327133085900304,""score"":0},""V4_base_dryup"":{""value"":0.8314729885889924,""score"":66.85270114110077},""V5_bo_expansion"":{""value"":0.4512049637762772,""score"":0},""_score"":13.37},""readiness"":{""_distance_atr"":1.838,""BR1_atr_distance"":{""score"":0},""BR2_compression"":{""score"":30.14017239408327},""BR3_retest"":{""score"":50.0},""BR4_bo_age"":{""score"":50.0},""_score"":25.04},""risk"":{""R1_stop_clarity"":{""score"":45.41916279941852},""R2_stop_distance_pct"":{""value"":4.12821900654773,""score"":100.0},""R3_stop_distance_atr"":{""value"":0.7716619790934239,""score"":63.5830989546712},""R4_rr_potential"":{""value"":8.62512641591135,""score"":100.0},""_score"":75.43},""market"":{""M1_spy_regime"":{""score"":100.0},""M3_earnings_risk"":{""value"":null,""score"":80.0},""M4_vix"":{""value"":null,""score"":60.0},""_score"":84.0},""liquidity"":{""L1_price"":{""value"":17.0899,""score"":100.0},""L2_dollar_vol"":{""value"":64978239.01985955,""score"":90.63839686605233},""L3_spread_proxy"":{""value"":0.03627873773398329,""score"":63.72126226601671},""L4_volume_zscore"":{""value"":-1.0573005378632683,""score"":100.0},""_score"":92.63},""pattern_structure"":{""n_contractions"":5,""contractions_pct"":[17.49,13.67,22.52,14.88,11.38],""descending_strict"":false,""final_low"":16.6339,""final_pivot"":18.77,""structural_low"":16.6339,""dry_up_ratio"":1.4192704939971168,""current_price"":17.0899,""neckline_distance_pct"":0.09830952784978259,""base_bars"":50,""recent_base_height"":4.404999999999999},""pattern_geometry_features"":{""contraction_count"":5.0,""first_contraction_pct"":0.17490062464508802,""last_contraction_pct"":0.11380394246137449,""dry_up_ratio"":1.4192704939971168,""near_monotone"":0.0,""base_depth_pct"":0.055428733674048776},""_schema_version"":""1.0""}",,,,,,,,,,
20260508T185417Z-990aff,2026-05-08T18:54:17.243985+00:00,INTU,double_bottom,forming,47.17,18.9,50.6,59.5,58.6,18.5,25.5,73.4,84.0,96.3,2.83,12.66,4.76,8.2,2.41,2.04,4.4,5.04,4.82,True,reversal_trend_cap,396.2,418.15,379.422,451.1,"{""trend"":{""T1_ema_stack"":{""value"":[false,false,false],""score"":0.0},""T2_ema50_slope"":{""value"":-0.3546965333111786,""score"":0},""T3_high_proximity"":{""value"":0.8234096057526445,""score"":11.704802876322251},""T4_rs_1m"":{""value"":0.01065933466637814,""score"":60.65933466637814},""T5_rs_3m"":{""value"":-0.17512688220122186,""score"":0},""T6_adr_healthy"":{""value"":3.7371060914726035,""score"":100.0},""_score"":18.89},""geometry"":{""sub_low_similarity"":81.7,""sub_bounce_quality"":79.3,""sub_separation_fit"":0.0,""sub_right_bottom_reaction"":28.5,""sub_base_context"":30.0,""_score"":50.65},""compression"":{""VC1_atr_ratio"":{""value"":0.498874813006903,""score"":100},""VC2_range_contraction"":{""value"":0.8543271959660794,""score"":24.2788006723201},""VC3_range_pct_rank"":{""score"":44.166666666666664},""_score"":59.54},""sr_quality"":{""SR1_touches"":{""value"":4,""score"":75.0},""SR2_tightness"":{""value"":4.184770364294199,""score"":53.85850022042751},""SR3_recency"":{""value"":227,""score"":0.0},""SR4_price_location"":{""score"":51.985224420727135},""SR5_reaction"":{""value"":2.23176317088282,""score"":100},""_score"":58.58,""_levels_found"":7,""_target_level"":414.44},""volume"":{""V1_rvol_day"":{""value"":0.5231065248907734,""score"":1.540434992718224},""V2_rvol_sameslot"":{""value"":0.7459311714360316,""score"":16.395411429068773,""status"":""ok""},""V3_breakout_bar"":{""value"":0.6998157159669044,""score"":13.321047731126958},""V4_base_dryup"":{""value"":0.9193645517237353,""score"":58.063544827626465},""V5_bo_expansion"":{""value"":0.5231065248907734,""score"":0},""_score"":18.53},""readiness"":{""_distance_atr"":1.21,""BR1_atr_distance"":{""score"":19.32604563735839},""BR2_compression"":{""score"":1.1720048478704819},""BR3_retest"":{""score"":50.0},""BR4_bo_age"":{""score"":50.0},""_score"":25.52},""risk"":{""R1_stop_clarity"":{""score"":36.291465834987015},""R2_stop_distance_pct"":{""value"":4.234729934376583,""score"":100.0},""R3_stop_distance_atr"":{""value"":0.9249755851683847,""score"":71.24877925841923},""R4_rr_potential"":{""value"":3.2721420908332286,""score"":100.0},""_score"":73.39},""market"":{""M1_spy_regime"":{""score"":100.0},""M3_earnings_risk"":{""value"":null,""score"":80.0},""M4_vix"":{""value"":null,""score"":60.0},""_score"":84.0},""liquidity"":{""L1_price"":{""value"":396.2,""score"":100.0},""L2_dollar_vol"":{""value"":539317039.3725086,""score"":100.0},""L3_spread_proxy"":{""value"":0.03662291771832406,""score"":63.37708228167594},""L4_volume_zscore"":{""value"":-1.9784156608784873,""score"":100.0},""_score"":96.34},""pattern_structure"":{""left_low"":388.75,""left_idx"":26,""right_low"":385.2,""right_idx"":75,""separation_bars"":49,""structural_low"":385.2,""current_price"":395.775,""neckline_distance_pct"":0.056534647211167965,""base_bars"":49},""pattern_geometry_features"":{""low_similarity_pct"":0.009173719232508589,""bounce_pct"":0.08553997923156799,""right_bottom_reaction"":0.28532046864231486,""atr_pct"":0.04578207254633302},""_schema_version"":""1.0""}",,,,,,,,,,
20260508T185417Z-990aff,2026-05-08T18:54:17.243985+00:00,CRM,double_bottom,absent,47.14,20.7,43.4,65.5,57.6,23.2,33.3,71.5,84.0,97.4,3.1,10.85,5.24,8.07,3.02,2.66,4.29,5.04,4.87,True,reversal_trend_cap,181.2,190.31,174.2268,203.74,"{""trend"":{""T1_ema_stack"":{""value"":[false,false,false],""score"":0.0},""T2_ema50_slope"":{""value"":-0.20103331391894602,""score"":16.49444768017566},""T3_high_proximity"":{""value"":0.896541487308891,""score"":48.2707436544455},""T4_rs_1m"":{""value"":-0.024174408819201743,""score"":25.825591180798256},""T5_rs_3m"":{""value"":-0.12097587344915117,""score"":0},""T6_adr_healthy"":{""value"":3.4245500733915906,""score"":100.0},""_score"":20.7},""geometry"":{""sub_low_similarity"":56.7,""sub_bounce_quality"":65.6,""sub_separation_fit"":0.0,""sub_right_bottom_reaction"":48.4,""sub_base_context"":30.0,""_score"":43.39},""compression"":{""VC1_atr_ratio"":{""value"":0.4779976419764111,""score"":100},""VC2_range_contraction"":{""value"":0.8442627394107431,""score"":25.956210098209475},""VC3_range_pct_rank"":{""score"":65.83333333333333},""_score"":65.54},""sr_quality"":{""SR1_touches"":{""value"":5,""score"":100},""SR2_tightness"":{""value"":1.5817913895327675,""score"":59.07146535741645},""SR3_recency"":{""value"":227,""score"":0.0},""SR4_price_location"":{""score"":15.092977071673339},""SR5_reaction"":{""value"":2.389052557261854,""score"":100},""_score"":57.63,""_levels_found"":8,""_target_level"":190.606},""volume"":{""V1_rvol_day"":{""value"":0.6651616958085608,""score"":11.010779720570717},""V2_rvol_sameslot"":{""value"":1.1525265666314242,""score"":43.50177110876161,""status"":""ok""},""V3_breakout_bar"":{""value"":0.8344779378558026,""score"":22.29852919038684},""V4_base_dryup"":{""value"":1.1632763626119909,""score"":33.67236373880091},""V5_bo_expansion"":{""value"":0.6651616958085608,""score"":0},""_score"":23.21},""readiness"":{""_distance_atr"":1.179,""BR1_atr_distance"":{""score"":21.426859643383523},""BR2_compression"":{""score"":28.960434541656443},""BR3_retest"":{""score"":50.0},""BR4_bo_age"":{""score"":50.0},""_score"":33.31},""risk"":{""R1_stop_clarity"":{""score"":31.348982658339935},""R2_stop_distance_pct"":{""value"":3.8483443708609224,""score"":100.0},""R3_stop_distance_atr"":{""value"":0.902150750276767,""score"":70.10753751383835},""R4_rr_potential"":{""value"":3.2323753800263937,""score"":100.0},""_score"":71.49},""market"":{""M1_spy_regime"":{""score"":100.0},""M3_earnings_risk"":{""value"":null,""score"":80.0},""M4_vix"":{""value"":null,""score"":60.0},""_score"":84.0},""liquidity"":{""L1_price"":{""value"":181.2,""score"":100.0},""L2_dollar_vol"":{""value"":1503528334.0359058,""score"":100.0},""L3_spread_proxy"":{""value"":0.026434878587196425,""score"":73.56512141280358},""L4_volume_zscore"":{""value"":-1.1833770683167546,""score"":100.0},""_score"":97.36},""pattern_structure"":{""left_low"":180.75,""left_idx"":26,""right_low"":176.88,""right_idx"":75,""separation_bars"":49,""structural_low"":176.88,""current_price"":181.225,""neckline_distance_pct"":0.050131052558973696,""base_bars"":49},""pattern_geometry_features"":{""low_similarity_pct"":0.02164247965774686,""bounce_pct"":0.0759271822704659,""right_bottom_reaction"":0.4838865769863558,""atr_pct"":0.04265744244717754},""_schema_version"":""1.0""}",,,,,,,,,,
20260508T185417Z-990aff,2026-05-08T18:54:17.243985+00:00,UUUU,bull_flag,absent,47.04,83.8,28.8,43.5,54.3,27.0,17.5,80.8,84.0,90.0,11.73,8.63,3.92,5.43,3.78,1.57,2.42,5.04,4.5,False,,21.89,25.79,20.9017,30.93,"{""trend"":{""T1_ema_stack"":{""value"":[true,true,true],""score"":100.0},""T2_ema50_slope"":{""value"":0.2797566074888784,""score"":96.6261012481464},""T3_high_proximity"":{""value"":0.9306972789115646,""score"":65.34863945578229},""T4_rs_1m"":{""value"":0.11011513115112392,""score"":100},""T5_rs_3m"":{""value"":-0.0363577267278663,""score"":31.82113663606685},""T6_adr_healthy"":{""value"":8.107174350870821,""score"":97.32064122822948},""_score"":83.77},""geometry"":{""sub_pole_impulse"":47.7,""sub_flag_tightness"":1.6,""sub_flag_shallowness"":0,""sub_flag_drift"":27.1,""sub_flag_duration"":100.0,""_score"":28.78},""compression"":{""VC1_atr_ratio"":{""value"":0.5749220224183281,""score"":100},""VC2_range_contraction"":{""value"":1.086129152119026,""score"":0},""VC3_range_pct_rank"":{""score"":14.166666666666671},""_score"":43.54},""sr_quality"":{""SR1_touches"":{""value"":3,""score"":50.0},""SR2_tightness"":{""value"":0.32484531703566244,""score"":65.32169388113576},""SR3_recency"":{""value"":234,""score"":0.0},""SR4_price_location"":{""score"":58.112726932569636},""SR5_reaction"":{""value"":2.132717214349166,""score"":100},""_score"":54.33,""_levels_found"":5,""_target_level"":23.5532},""volume"":{""V1_rvol_day"":{""value"":0.8629296729593943,""score"":24.195311530626284},""V2_rvol_sameslot"":{""value"":1.3650370022012368,""score"":57.66913348008246,""status"":""ok""},""V3_breakout_bar"":{""value"":0.46481761035299385,""score"":0},""V4_base_dryup"":{""value"":0.9670646273070785,""score"":53.293537269292145},""V5_bo_expansion"":{""value"":0.8629296729593943,""score"":0},""_score"":27.03},""readiness"":{""_distance_atr"":2.082,""BR1_atr_distance"":{""score"":0},""BR2_compression"":{""score"":0},""BR3_retest"":{""score"":50.0},""BR4_bo_age"":{""score"":50.0},""_score"":17.5},""risk"":{""R1_stop_clarity"":{""score"":66.02042800443782},""R2_stop_distance_pct"":{""value"":4.514846962083154,""score"":100.0},""R3_stop_distance_atr"":{""value"":0.5275213792524994,""score"":51.37606896262496},""R4_rr_potential"":{""value"":9.147020135586338,""score"":100.0},""_score"":80.81},""market"":{""M1_spy_regime"":{""score"":100.0},""M3_earnings_risk"":{""value"":null,""score"":80.0},""M4_vix"":{""value"":null,""score"":60.0},""_score"":84.0},""liquidity"":{""L1_price"":{""value"":21.89,""score"":100.0},""L2_dollar_vol"":{""value"":208238610.65026096,""score"":100.0},""L3_spread_proxy"":{""value"":0.11259022384650529,""score"":0},""L4_volume_zscore"":{""value"":-0.4603192312079928,""score"":100.0},""_score"":90.0},""pattern_structure"":{""pole_low"":20.65,""pole_low_idx"":42,""peak_price"":25.79,""peak_idx"":50,""pole_gain"":0.24891041162227606,""flag_bars"":9,""flag_low"":21.22,""flag_high"":25.01,""structural_low"":21.22,""current_price"":21.975,""neckline_distance_pct"":0.17360637087599534,""base_bars"":9},""pattern_geometry_features"":{""pole_gain"":0.24891041162227606,""pullback_pct"":0.1772004652966266,""flag_range_pct"":0.146956184567662,""flag_drift_per_bar"":-0.014586096321577495,""atr_pct"":0.08558604711871044,""pole_atr_multiple"":2.908305968109846},""_schema_version"":""1.0""}",,,,,,,,,,
20260508T185417Z-990aff,2026-05-08T18:54:17.243985+00:00,NXPI,bull_flag,absent,46.93,98.3,26.7,17.3,46.2,21.4,46.5,62.6,84.0,97.7,13.76,8.02,1.56,4.62,2.99,4.19,1.88,5.04,4.89,False,,296.75,302.99,284.1528,320.47,"{""trend"":{""T1_ema_stack"":{""value"":[true,true,true],""score"":100.0},""T2_ema50_slope"":{""value"":0.478682330158802,""score"":100},""T3_high_proximity"":{""value"":0.977598418711909,""score"":88.79920935595447},""T4_rs_1m"":{""value"":0.35809147027750265,""score"":100},""T5_rs_3m"":{""value"":0.2549552336854921,""score"":100},""T6_adr_healthy"":{""value"":3.507590463714144,""score"":100.0},""_score"":98.32},""geometry"":{""sub_pole_impulse"":7.7,""sub_flag_tightness"":0,""sub_flag_shallowness"":0,""sub_flag_drift"":96.1,""sub_flag_duration"":100.0,""_score"":26.72},""compression"":{""VC1_atr_ratio"":{""value"":1.3271713231340116,""score"":0},""VC2_range_contraction"":{""value"":1.295272942367839,""score"":0},""VC3_range_pct_rank"":{""score"":69.16666666666667},""_score"":17.29},""sr_quality"":{""SR1_touches"":{""value"":3,""score"":50.0},""SR2_tightness"":{""value"":1.755227114142836,""score"":74.74492063151142},""SR3_recency"":{""value"":293,""score"":0.0},""SR4_price_location"":{""score"":30.0},""SR5_reaction"":{""value"":1.6597130831002482,""score"":82.98565415501241},""_score"":46.16,""_levels_found"":5,""_target_level"":244.4267},""volume"":{""V1_rvol_day"":{""value"":0.870541788902225,""score"":24.702785926815},""V2_rvol_sameslot"":{""value"":1.4814630100345711,""score"":65.43086733563808,""status"":""ok""},""V3_breakout_bar"":{""value"":0.7006844365560922,""score"":13.378962437072817},""V4_base_dryup"":{""value"":1.6662206247819809,""score"":0},""V5_bo_expansion"":{""value"":0.870541788902225,""score"":0},""_score"":21.37},""readiness"":{""_distance_atr"":0.449,""BR1_atr_distance"":{""score"":70.07192706676618},""BR2_compression"":{""score"":3.9588123614647994},""BR3_retest"":{""score"":50.0},""BR4_bo_age"":{""score"":50.0},""_score"":46.52},""risk"":{""R1_stop_clarity"":{""score"":37.738097501591675},""R2_stop_distance_pct"":{""value"":4.2450547598989,""score"":100.0},""R3_stop_distance_atr"":{""value"":0.9062738470060868,""score"":70.31369235030434},""R4_rr_potential"":{""value"":1.8829581176769483,""score"":44.147905883847415},""_score"":62.58},""market"":{""M1_spy_regime"":{""score"":100.0},""M3_earnings_risk"":{""value"":null,""score"":80.0},""M4_vix"":{""value"":null,""score"":60.0},""_score"":84.0},""liquidity"":{""L1_price"":{""value"":296.75,""score"":100.0},""L2_dollar_vol"":{""value"":997265878.2952685,""score"":100.0},""L3_spread_proxy"":{""value"":0.02278011794439761,""score"":77.2198820556024},""L4_volume_zscore"":{""value"":-0.2623251336086781,""score"":100.0},""_score"":97.72},""pattern_structure"":{""pole_low"":285.51,""pole_low_idx"":25,""peak_price"":302.99,""peak_idx"":47,""pole_gain"":0.06122377499912444,""flag_bars"":12,""flag_low"":288.48,""flag_high"":302.99,""structural_low"":288.48,""current_price"":296.465,""neckline_distance_pct"":0.02200934343008461,""base_bars"":12},""pattern_geometry_features"":{""pole_gain"":0.06122377499912444,""pullback_pct"":0.04788936928611502,""flag_range_pct"":0.04788936928611502,""flag_drift_per_bar"":-0.0007805258678043014,""atr_pct"":0.04684075099289927,""pole_atr_multiple"":1.307062199075449},""_schema_version"":""1.0""}",,,,,,,,,,
20260508T185417Z-990aff,2026-05-08T18:54:17.243985+00:00,TMUS,vcp,absent,46.86,14.5,47.5,73.8,57.2,13.5,27.1,69.5,84.0,98.6,2.18,11.87,8.85,6.86,1.76,1.9,3.48,5.04,4.93,True,risk_unclear;trend_floor,193.47,206.78,179.2798,243.04,"{""trend"":{""T1_ema_stack"":{""value"":[false,false,false],""score"":0.0},""T2_ema50_slope"":{""value"":-0.2030266239161254,""score"":16.162229347312433},""T3_high_proximity"":{""value"":0.8715650058563835,""score"":35.78250292819174},""T4_rs_1m"":{""value"":-0.10535728657379206,""score"":0},""T5_rs_3m"":{""value"":-0.08779087559771503,""score"":6.104562201142485},""T6_adr_healthy"":{""value"":2.749399008000667,""score"":100.0},""_score"":14.52},""geometry"":{""sub_contraction_count"":100.0,""sub_reduction_rate"":0,""sub_pivot_tightness"":0,""sub_volume_dryup"":16.6,""sub_base_depth"":100.0,""sub_base_duration"":100.0,""_score"":47.49},""compression"":{""VC1_atr_ratio"":{""value"":0.4762108968978897,""score"":100},""VC2_range_contraction"":{""value"":0.7993220721573844,""score"":33.44632130710261},""VC3_range_pct_rank"":{""score"":88.33333333333333},""_score"":73.79},""sr_quality"":{""SR1_touches"":{""value"":3,""score"":50.0},""SR2_tightness"":{""value"":0.6571952187558615,""score"":79.04523803946911},""SR3_recency"":{""value"":307,""score"":0.0},""SR4_price_location"":{""score"":80.78902229845613},""SR5_reaction"":{""value"":1.3476786099293372,""score"":67.38393049646686},""_score"":57.16,""_levels_found"":7,""_target_level"":194.7767},""volume"":{""V1_rvol_day"":{""value"":0.2170126825134705,""score"":0},""V2_rvol_sameslot"":{""value"":0.29704120730494277,""score"":0,""status"":""ok""},""V3_breakout_bar"":{""value"":0.6171618857481366,""score"":7.810792383209105},""V4_base_dryup"":{""value"":0.922854759612368,""score"":57.7145240387632},""V5_bo_expansion"":{""value"":0.21701268251347053,""score"":0},""_score"":13.5},""readiness"":{""_distance_atr"":2.122,""BR1_atr_distance"":{""score"":0},""BR2_compression"":{""score"":38.352019966275},""BR3_retest"":{""score"":50.0},""BR4_bo_age"":{""score"":50.0},""_score"":27.09},""risk"":{""R1_stop_clarity"":{""score"":12.948783354134306},""R2_stop_distance_pct"":{""value"":7.334547991936743,""score"":100.0},""R3_stop_distance_atr"":{""value"":2.2622746403811664,""score"":100.0},""R4_rr_potential"":{""value"":3.4932682177425862,""score"":100.0},""_score"":69.53},""market"":{""M1_spy_regime"":{""score"":100.0},""M3_earnings_risk"":{""value"":null,""score"":80.0},""M4_vix"":{""value"":null,""score"":60.0},""_score"":84.0},""liquidity"":{""L1_price"":{""value"":193.47,""score"":100.0},""L2_dollar_vol"":{""value"":265237886.9007919,""score"":100.0},""L3_spread_proxy"":{""value"":0.013904998190934017,""score"":86.09500180906599},""L4_volume_zscore"":{""value"":-1.8444309787377884,""score"":100.0},""_score"":98.61},""pattern_structure"":{""n_contractions"":5,""contractions_pct"":[5.46,5.6,7.02,13.2,11.98],""descending_strict"":false,""final_low"":182.01,""final_pivot"":206.78,""structural_low"":182.01,""dry_up_ratio"":0.9168448878322758,""current_price"":193.47,""neckline_distance_pct"":0.06879619579262936,""base_bars"":48,""recent_base_height"":36.26000000000002},""pattern_geometry_features"":{""contraction_count"":5.0,""first_contraction_pct"":0.054594076683791834,""last_contraction_pct"":0.11978914788664285,""dry_up_ratio"":0.9168448878322758,""near_monotone"":0.0,""base_depth_pct"":0.18850559030968403},""_schema_version"":""1.0""}",,,,,,,,,,
20260508T185417Z-990aff,2026-05-08T18:54:17.243985+00:00,NOW,double_bottom,absent,46.78,5.0,48.6,69.1,60.0,16.4,45.4,71.9,84.0,96.9,0.75,12.15,5.53,8.4,2.13,3.63,4.31,5.04,4.84,True,reversal_trend_cap,91.51,95.62,84.5918,105.36,"{""trend"":{""T1_ema_stack"":{""value"":[false,false,false],""score"":0.0},""T2_ema50_slope"":{""value"":-0.5822904500026067,""score"":0},""T3_high_proximity"":{""value"":0.7359658999517452,""score"":0},""T4_rs_1m"":{""value"":-0.06582501468805413,""score"":0},""T5_rs_3m"":{""value"":-0.15955371075333524,""score"":0},""T6_adr_healthy"":{""value"":4.58086060455633,""score"":100.0},""_score"":5.0},""geometry"":{""sub_low_similarity"":28.9,""sub_bounce_quality"":100,""sub_separation_fit"":60.0,""sub_right_bottom_reaction"":33.0,""sub_base_context"":30.0,""_score"":48.62},""compression"":{""VC1_atr_ratio"":{""value"":0.318830495186544,""score"":100},""VC2_range_contraction"":{""value"":0.7624144737106641,""score"":39.59758771488933},""VC3_range_pct_rank"":{""score"":60.83333333333334},""_score"":69.07},""sr_quality"":{""SR1_touches"":{""value"":4,""score"":75.0},""SR2_tightness"":{""value"":1.3216939887886305,""score"":52.62084483615654},""SR3_recency"":{""value"":227,""score"":0.0},""SR4_price_location"":{""score"":59.18699186991871},""SR5_reaction"":{""value"":1.970705077897452,""score"":98.5352538948726},""_score"":59.97,""_levels_found"":5,""_target_level"":97.785},""volume"":{""V1_rvol_day"":{""value"":0.6308805763333639,""score"":8.725371755557594},""V2_rvol_sameslot"":{""value"":0.8578941111873728,""score"":23.85960741249152,""status"":""ok""},""V3_breakout_bar"":{""value"":0.583308641247593,""score"":5.5539094165061975},""V4_base_dryup"":{""value"":1.0778528673800414,""score"":42.21471326199586},""V5_bo_expansion"":{""value"":0.6308805763333639,""score"":0},""_score"":16.35},""readiness"":{""_distance_atr"":0.737,""BR1_atr_distance"":{""score"":50.88920497099571},""BR2_compression"":{""score"":30.172492956497155},""BR3_retest"":{""score"":50.0},""BR4_bo_age"":{""score"":50.0},""_score"":45.4},""risk"":{""R1_stop_clarity"":{""score"":53.821513754479206},""R2_stop_distance_pct"":{""value"":7.560048082176825,""score"":100.0},""R3_stop_distance_atr"":{""value"":1.2399938035388982,""score"":86.99969017694491},""R4_rr_potential"":{""value"":2.001965829261944,""score"":50.09829146309721},""_score"":71.91},""market"":{""M1_spy_regime"":{""score"":100.0},""M3_earnings_risk"":{""value"":null,""score"":80.0},""M4_vix"":{""value"":null,""score"":60.0},""_score"":84.0},""liquidity"":{""L1_price"":{""value"":91.51,""score"":100.0},""L2_dollar_vol"":{""value"":1606205622.3196137,""score"":100.0},""L3_spread_proxy"":{""value"":0.03125341492733034,""score"":68.74658507266966},""L4_volume_zscore"":{""value"":-0.708864294079473,""score"":100.0},""_score"":96.87},""pattern_structure"":{""left_low"":85.88,""left_idx"":39,""right_low"":88.99,""right_idx"":75,""separation_bars"":36,""structural_low"":85.88,""current_price"":91.585,""neckline_distance_pct"":0.044057432985751065,""base_bars"":36},""pattern_geometry_features"":{""low_similarity_pct"":0.03556928003659861,""bounce_pct"":0.11341406613879844,""right_bottom_reaction"":0.33001988071570504,""atr_pct"":0.06096843436314534},""_schema_version"":""1.0""}",,,,,,,,,,
20260508T185417Z-990aff,2026-05-08T18:54:17.243985+00:00,WDAY,bull_flag,absent,46.27,32.4,43.6,60.9,54.5,14.2,39.6,76.0,84.0,96.7,4.53,13.08,5.48,5.46,2.0,3.57,2.28,5.04,4.84,False,,126.87,133.36,121.3126,145.63,"{""trend"":{""T1_ema_stack"":{""value"":[true,false,false],""score"":33.33333333333333},""T2_ema50_slope"":{""value"":-0.4306545136808374,""score"":0},""T3_high_proximity"":{""value"":0.8208462732919255,""score"":10.423136645962728},""T4_rs_1m"":{""value"":0.0373936678016793,""score"":87.3936678016793},""T5_rs_3m"":{""value"":-0.2892059585610022,""score"":0},""T6_adr_healthy"":{""value"":4.720187534078858,""score"":100.0},""_score"":32.38},""geometry"":{""sub_pole_impulse"":21.8,""sub_flag_tightness"":48.3,""sub_flag_shallowness"":0,""sub_flag_drift"":100,""sub_flag_duration"":100.0,""_score"":43.61},""compression"":{""VC1_atr_ratio"":{""value"":0.5015864768626849,""score"":100},""VC2_range_contraction"":{""value"":0.8880242016417673,""score"":18.662633059705446},""VC3_range_pct_rank"":{""score"":57.49999999999999},""_score"":60.91},""sr_quality"":{""SR1_touches"":{""value"":2,""score"":25.0},""SR2_tightness"":{""value"":0.1790499999999895,""score"":94.78775276810345},""SR3_recency"":{""value"":236,""score"":0.0},""SR4_price_location"":{""score"":71.31254799422994},""SR5_reaction"":{""value"":3.042192649581537,""score"":100},""_score"":54.55,""_levels_found"":3,""_target_level"":132.8659},""volume"":{""V1_rvol_day"":{""value"":0.46934513396352534,""score"":0},""V2_rvol_sameslot"":{""value"":0.6439711926015437,""score"":9.59807950676958,""status"":""ok""},""V3_breakout_bar"":{""value"":0.428374373253534,""score"":0},""V4_base_dryup"":{""value"":0.8834917636188926,""score"":61.650823638110744},""V5_bo_expansion"":{""value"":0.46934513396352534,""score"":0},""_score"":14.25},""readiness"":{""_distance_atr"":0.945,""BR1_atr_distance"":{""score"":37.024137512779085},""BR2_compression"":{""score"":29.240284280136553},""BR3_retest"":{""score"":50.0},""BR4_bo_age"":{""score"":50.0},""_score"":39.62},""risk"":{""R1_stop_clarity"":{""score"":46.22113635182178},""R2_stop_distance_pct"":{""value"":4.380389374950749,""score"":100.0},""R3_stop_distance_atr"":{""value"":0.8088953579040417,""score"":65.44476789520208},""R4_rr_potential"":{""value"":3.3756792744808664,""score"":100.0},""_score"":75.99},""market"":{""M1_spy_regime"":{""score"":100.0},""M3_earnings_risk"":{""value"":null,""score"":80.0},""M4_vix"":{""value"":null,""score"":60.0},""_score"":84.0},""liquidity"":{""L1_price"":{""value"":126.87,""score"":100.0},""L2_dollar_vol"":{""value"":281181536.14607686,""score"":100.0},""L3_spread_proxy"":{""value"":0.033025932056435704,""score"":66.9740679435643},""L4_volume_zscore"":{""value"":-1.7665402658723386,""score"":100.0},""_score"":96.7},""pattern_structure"":{""pole_low"":121.09,""pole_low_idx"":48,""peak_price"":133.36,""peak_idx"":54,""pole_gain"":0.10132958956148327,""flag_bars"":5,""flag_low"":123.16,""flag_high"":127.35,""structural_low"":123.16,""current_price"":127.18,""neckline_distance_pct"":0.04859254599779845,""base_bars"":5},""pattern_geometry_features"":{""pole_gain"":0.10132958956148327,""pullback_pct"":0.07648470305938825,""flag_range_pct"":0.03141871625674863,""flag_drift_per_bar"":0.003943230067620656,""atr_pct"":0.05415273226812596,""pole_atr_multiple"":1.871181477229458},""_schema_version"":""1.0""}",,,,,,,,,,
20260508T185417Z-990aff,2026-05-08T18:54:17.243985+00:00,PH,double_bottom,forming,45.63,28.3,52.7,60.9,40.6,27.8,24.7,55.8,84.0,73.5,4.24,13.17,4.88,5.69,3.61,1.98,3.35,5.04,3.67,True,risk_unclear;reversal_trend_cap,879.785,921.98,866.8001,963.9599,"{""trend"":{""T1_ema_stack"":{""value"":[false,false,true],""score"":33.33333333333333},""T2_ema50_slope"":{""value"":0.013679411273744247,""score"":52.279901878957375},""T3_high_proximity"":{""value"":0.8599880745244473,""score"":29.994037262223607},""T4_rs_1m"":{""value"":-0.18974475960815873,""score"":0},""T5_rs_3m"":{""value"":-0.16696498576289787,""score"":0},""T6_adr_healthy"":{""value"":2.698041952865331,""score"":100.0},""_score"":28.29},""geometry"":{""sub_low_similarity"":94.5,""sub_bounce_quality"":25.3,""sub_separation_fit"":66.7,""sub_right_bottom_reaction"":21.7,""sub_base_context"":30.0,""_score"":52.67},""compression"":{""VC1_atr_ratio"":{""value"":0.6258252517258578,""score"":93.54368706853555},""VC2_range_contraction"":{""value"":0.9360657278369515,""score"":10.655712027174747},""VC3_range_pct_rank"":{""score"":79.16666666666666},""_score"":60.94},""sr_quality"":{""SR1_touches"":{""value"":3,""score"":50.0},""SR2_tightness"":{""value"":4.818725627060432,""score"":66.14236075507947},""SR3_recency"":{""value"":266,""score"":0.0},""SR4_price_location"":{""score"":2.9075173967963406},""SR5_reaction"":{""value"":2.04405618200835,""score"":100},""_score"":40.65,""_levels_found"":6,""_target_level"":906.5834},""volume"":{""V1_rvol_day"":{""value"":0.39046047254581323,""score"":0},""V2_rvol_sameslot"":{""value"":1.1008271561580165,""score"":40.05514374386777,""status"":""ok""},""V3_breakout_bar"":{""value"":1.0016223848952397,""score"":33.44149232634931},""V4_base_dryup"":{""value"":0.9304669453187009,""score"":56.95330546812991},""V5_bo_expansion"":{""value"":0.39046047254581323,""score"":0},""_score"":27.76},""readiness"":{""_distance_atr"":1.482,""BR1_atr_distance"":{""score"":1.1755943717615196},""BR2_compression"":{""score"":27.091629129061236},""BR3_retest"":{""score"":50.0},""BR4_bo_age"":{""score"":50.0},""_score"":24.74},""risk"":{""R1_stop_clarity"":{""score"":7.253302344162577},""R2_stop_distance_pct"":{""value"":1.4759175821365422,""score"":86.89793955341356},""R3_stop_distance_atr"":{""value"":0.4561767411584496,""score"":47.80883705792248},""R4_rr_potential"":{""value"":6.482521257477404,""score"":100.0},""_score"":55.78},""market"":{""M1_spy_regime"":{""score"":100.0},""M3_earnings_risk"":{""value"":null,""score"":80.0},""M4_vix"":{""value"":null,""score"":60.0},""_score"":84.0},""liquidity"":{""L1_price"":{""value"":879.785,""score"":0.0},""L2_dollar_vol"":{""value"":252196901.21341693,""score"":100.0},""L3_spread_proxy"":{""value"":0.015236677142710972,""score"":84.76332285728903},""L4_volume_zscore"":{""value"":-1.0493933447776829,""score"":100.0},""_score"":73.48},""pattern_structure"":{""left_low"":880.0001,""left_idx"":39,""right_low"":882.42,""right_idx"":74,""separation_bars"":35,""structural_low"":880.0001,""current_price"":880.335,""neckline_distance_pct"":0.04730585515741165,""base_bars"":35},""pattern_geometry_features"":{""low_similarity_pct"":0.0027461103059366883,""bounce_pct"":0.047704426397224324,""right_bottom_reaction"":0.21692607003891284,""atr_pct"":0.032354073519585545},""_schema_version"":""1.0""}",,,,,,,,,,
20260508T185417Z-990aff,2026-05-08T18:54:17.243985+00:00,MRVL,high_tight_pullback,absent,45.51,98.3,28.8,41.3,38.3,12.5,45.4,75.1,84.0,96.3,11.8,10.08,4.13,3.06,1.74,4.09,0.75,5.04,4.82,False,,168.25,175.8,156.1718,197.78,"{""trend"":{""T1_ema_stack"":{""value"":[true,true,true],""score"":100.0},""T2_ema50_slope"":{""value"":1.0779320368036562,""score"":100},""T3_high_proximity"":{""value"":0.9773453383677025,""score"":88.67266918385126},""T4_rs_1m"":{""value"":0.3181478281719843,""score"":100},""T5_rs_3m"":{""value"":1.0278580223914975,""score"":100},""T6_adr_healthy"":{""value"":5.1114426470032965,""score"":100.0},""_score"":98.3},""geometry"":{""sub_pole_impulse"":38.8,""sub_flag_tightness"":14.0,""sub_flag_shallowness"":0,""sub_flag_drift"":91.1,""sub_flag_duration"":0.0,""_score"":28.8},""compression"":{""VC1_atr_ratio"":{""value"":0.7561615728160725,""score"":60.959606795981855},""VC2_range_contraction"":{""value"":0.9880344179701102,""score"":1.9942636716483073},""VC3_range_pct_rank"":{""score"":65.0},""_score"":41.33},""sr_quality"":{""SR1_touches"":{""value"":2,""score"":25.0},""SR2_tightness"":{""value"":1.0587499999999963,""score"":77.51117045083872},""SR3_recency"":{""value"":253,""score"":0.0},""SR4_price_location"":{""score"":30.0},""SR5_reaction"":{""value"":1.5560305262439211,""score"":77.80152631219606},""_score"":38.3,""_levels_found"":4,""_target_level"":101.7113},""volume"":{""V1_rvol_day"":{""value"":0.4166039438572483,""score"":0},""V2_rvol_sameslot"":{""value"":0.5141579412029964,""score"":0.943862746866427,""status"":""ok""},""V3_breakout_bar"":{""value"":0.41903739271624657,""score"":0},""V4_base_dryup"":{""value"":0.886428880407535,""score"":61.3571119592465},""V5_bo_expansion"":{""value"":0.41660394385724825,""score"":0},""_score"":12.46},""readiness"":{""_distance_atr"":0.802,""BR1_atr_distance"":{""score"":46.54367159506698},""BR2_compression"":{""score"":37.29190808909966},""BR3_retest"":{""score"":50.0},""BR4_bo_age"":{""score"":50.0},""_score"":45.44},""risk"":{""R1_stop_clarity"":{""score"":49.48376965733819},""R2_stop_distance_pct"":{""value"":7.178751857355124,""score"":100.0},""R3_stop_distance_atr"":{""value"":1.2827660236229426,""score"":89.13830118114713},""R4_rr_potential"":{""value"":2.444890609152819,""score"":72.24453045764095},""_score"":75.14},""market"":{""M1_spy_regime"":{""score"":100.0},""M3_earnings_risk"":{""value"":null,""score"":80.0},""M4_vix"":{""value"":null,""score"":60.0},""_score"":84.0},""liquidity"":{""L1_price"":{""value"":168.25,""score"":100.0},""L2_dollar_vol"":{""value"":1811039068.8843458,""score"":100.0},""L3_spread_proxy"":{""value"":0.03684992570579488,""score"":63.15007429420512},""L4_volume_zscore"":{""value"":-1.8818818576522083,""score"":100.0},""_score"":96.32},""pattern_structure"":{""pole_low"":153.82,""pole_low_idx"":18,""peak_price"":175.8,""peak_idx"":43,""pole_gain"":0.14289429202964515,""flag_bars"":16,""flag_low"":158.55,""flag_high"":171.5193,""structural_low"":158.55,""current_price"":168.155,""neckline_distance_pct"":0.045464006422645836,""base_bars"":16},""pattern_geometry_features"":{""pole_gain"":0.14289429202964515,""pullback_pct"":0.09812286689419794,""flag_range_pct"":0.07377303754266197,""flag_drift_per_bar"":-0.0017813571862094607,""atr_pct"":0.0559630651666313,""pole_atr_multiple"":2.5533678615382156},""_schema_version"":""1.0""}",,,,,,,,,,
20260508T185417Z-990aff,2026-05-08T18:54:17.243985+00:00,AXON,vcp,absent,45.42,24.9,36.9,41.5,69.5,21.8,39.2,80.5,84.0,90.0,3.73,9.23,4.98,8.34,2.84,2.75,4.03,5.04,4.5,True,trend_floor,398.445,414.0,370.6358,663.365,"{""trend"":{""T1_ema_stack"":{""value"":[false,false,false],""score"":0.0},""T2_ema50_slope"":{""value"":-0.5152855704142068,""score"":0},""T3_high_proximity"":{""value"":0.6880536704139253,""score"":0},""T4_rs_1m"":{""value"":0.04935082341820096,""score"":99.35082341820096},""T5_rs_3m"":{""value"":-0.10596889363899642,""score"":0},""T6_adr_healthy"":{""value"":5.190370039177701,""score"":100.0},""_score"":24.87},""geometry"":{""sub_contraction_count"":100.0,""sub_reduction_rate"":0,""sub_pivot_tightness"":12.7,""sub_volume_dryup"":0,""sub_base_depth"":0.0,""sub_base_duration"":100.0,""_score"":36.91},""compression"":{""VC1_atr_ratio"":{""value"":0.49742551525718404,""score"":100},""VC2_range_contraction"":{""value"":1.0754879378078934,""score"":0},""VC3_range_pct_rank"":{""score"":5.833333333333335},""_score"":41.46},""sr_quality"":{""SR1_touches"":{""value"":5,""score"":100},""SR2_tightness"":{""value"":3.271657638812473,""score"":71.18027274050777},""SR3_recency"":{""value"":228,""score"":0.0},""SR4_price_location"":{""score"":55.39498771628537},""SR5_reaction"":{""value"":2.883050373418997,""score"":100},""_score"":69.53,""_levels_found"":5,""_target_level"":414.6621},""volume"":{""V1_rvol_day"":{""value"":1.004306607862143,""score"":33.620440524142865},""V2_rvol_sameslot"":{""value"":1.090676588672766,""score"":39.37843924485107,""status"":""ok""},""V3_breakout_bar"":{""value"":0.39564827515998763,""score"":0},""V4_base_dryup"":{""value"":1.1418166707850221,""score"":35.818332921497785},""V5_bo_expansion"":{""value"":1.004306607862143,""score"":0.2871071908095324},""_score"":21.81},""readiness"":{""_distance_atr"":0.685,""BR1_atr_distance"":{""score"":54.32581818227578},""BR2_compression"":{""score"":0},""BR3_retest"":{""score"":50.0},""BR4_bo_age"":{""score"":50.0},""_score"":39.23},""risk"":{""R1_stop_clarity"":{""score"":50.280768174426335},""R2_stop_distance_pct"":{""value"":6.979432544014866,""score"":100.0},""R3_stop_distance_atr"":{""value"":1.2248432565144236,""score"":86.24216282572118},""R4_rr_potential"":{""value"":9.52634379989355,""score"":100.0},""_score"":80.53},""market"":{""M1_spy_regime"":{""score"":100.0},""M3_earnings_risk"":{""value"":null,""score"":80.0},""M4_vix"":{""value"":null,""score"":60.0},""_score"":84.0},""liquidity"":{""L1_price"":{""value"":398.445,""score"":100.0},""L2_dollar_vol"":{""value"":462676653.93923897,""score"":100.0},""L3_spread_proxy"":{""value"":0.10089221849941646,""score"":0},""L4_volume_zscore"":{""value"":0.009533119906901477,""score"":100.0},""_score"":90.0},""pattern_structure"":{""n_contractions"":5,""contractions_pct"":[8.36,8.19,17.67,34.36,9.11],""descending_strict"":false,""final_low"":376.28,""final_pivot"":414.0,""structural_low"":376.28,""dry_up_ratio"":1.083363983956596,""current_price"":398.445,""neckline_distance_pct"":0.03903926514324438,""base_bars"":69,""recent_base_height"":249.365},""pattern_geometry_features"":{""contraction_count"":5.0,""first_contraction_pct"":0.08362953730631341,""last_contraction_pct"":0.09111111111111117,""dry_up_ratio"":1.083363983956596,""near_monotone"":0.0,""base_depth_pct"":0.42100970933542603},""_schema_version"":""1.0""}",,,,,,,,,,
20260508T185417Z-990aff,2026-05-08T18:54:17.243985+00:00,RTX,breakout_retest_hold,breakout_confirmed,45.41,15.9,57.3,73.1,43.3,15.6,46.4,51.9,84.0,98.6,2.23,12.6,4.39,6.06,2.03,8.35,2.59,4.2,2.96,True,risk_unclear;trend_floor;weak_retest_trend,177.005,174.15,171.9432,175.635,"{""trend"":{""T1_ema_stack"":{""value"":[false,false,true],""score"":33.33333333333333},""T2_ema50_slope"":{""value"":-0.3077520333631756,""score"":0},""T3_high_proximity"":{""value"":0.8342995852187028,""score"":17.1497926093514},""T4_rs_1m"":{""value"":-0.2136233954629192,""score"":0},""T5_rs_3m"":{""value"":-0.17693704928228926,""score"":0},""T6_adr_healthy"":{""value"":2.5237302612941597,""score"":100.0},""_score"":15.91},""geometry"":{""sub_retest_depth"":100.0,""sub_retest_timing"":100.0,""sub_retest_freshness"":0.0,""sub_hold_quality"":24.2,""_score"":57.26},""compression"":{""VC1_atr_ratio"":{""value"":0.3460561574808847,""score"":100},""VC2_range_contraction"":{""value"":0.796204506987107,""score"":33.96591550214884},""VC3_range_pct_rank"":{""score"":85.0},""_score"":73.14},""sr_quality"":{""SR1_touches"":{""value"":3,""score"":50.0},""SR2_tightness"":{""value"":1.011196918947488,""score"":59.14344091825714},""SR3_recency"":{""value"":305,""score"":0.0},""SR4_price_location"":{""score"":17.594961894934375},""SR5_reaction"":{""value"":2.5633811352990903,""score"":100},""_score"":43.27,""_levels_found"":8,""_target_level"":182.9413},""volume"":{""V1_rvol_day"":{""value"":0.593935514598411,""score"":6.262367639894066},""V2_rvol_sameslot"":{""value"":0.8283726517918645,""score"":21.89151011945763,""status"":""ok""},""V3_breakout_bar"":{""value"":0.6300793900632327,""score"":8.671959337548845},""V4_base_dryup"":{""value"":1.1077243476983594,""score"":39.22756523016406},""V5_bo_expansion"":{""value"":0.593935514598411,""score"":0},""_score"":15.64},""readiness"":{""_distance_atr"":-0.577,""BR1_atr_distance"":{""score"":48.46461317348684},""BR2_compression"":{""score"":13.898510717951657},""BR3_retest"":{""score"":95.2525115512599},""BR4_bo_age"":{""score"":30.0},""_score"":46.41},""risk"":{""R1_stop_clarity"":{""score"":29.82606010407011},""R2_stop_distance_pct"":{""value"":2.859693229004817,""score"":100.0},""R3_stop_distance_atr"":{""value"":1.0225888097801092,""score"":76.12944048900546},""R4_rr_potential"":{""value"":-0.2706575300711796,""score"":0.0},""_score"":51.86},""market"":{""M1_spy_regime"":{""score"":100.0},""M3_earnings_risk"":{""value"":null,""score"":80.0},""M4_vix"":{""value"":null,""score"":60.0},""_score"":84.0},""liquidity"":{""L1_price"":{""value"":177.005,""score"":100.0},""L2_dollar_vol"":{""value"":584547590.9943017,""score"":100.0},""L3_spread_proxy"":{""value"":0.013671930171464173,""score"":86.32806982853583},""L4_volume_zscore"":{""value"":-1.2607603002220351,""score"":100.0},""_score"":98.63},""pattern_structure"":{""level"":174.15,""level_idx"":57,""breakout_idx"":63,""bo_peak_idx"":67,""bo_peak_price"":178.09,""retest_idx"":69,""retest_low"":173.68,""structural_low"":173.68,""current_price"":176.535,""neckline_distance_pct"":-0.013510068824878868,""base_bars"":22,""bars_since_breakout"":16},""pattern_geometry_features"":{""retest_depth_atr"":0.3165013612444563,""bars_breakout_to_retest"":6.0,""bars_since_retest"":10.0,""current_above_level_atr"":1.6060760565277175,""bo_peak_excess_pct"":0.022624174562159045,""atr_pct"":0.02796523100638806},""_schema_version"":""1.0""}",,,,,,,,,,
20260508T185417Z-990aff,2026-05-08T18:54:17.243985+00:00,GRMN,double_bottom,absent,45.26,61.7,32.7,51.5,46.1,15.5,25.3,60.9,84.0,90.7,9.26,8.18,4.12,6.45,2.01,2.03,3.65,5.04,4.53,True,risk_unclear,242.15,254.655,236.0749,269.64,"{""trend"":{""T1_ema_stack"":{""value"":[false,true,true],""score"":66.66666666666666},""T2_ema50_slope"":{""value"":0.2144782810659087,""score"":85.74638017765145},""T3_high_proximity"":{""value"":0.9051659688995216,""score"":52.58298444976079},""T4_rs_1m"":{""value"":-0.14080968641322178,""score"":0},""T5_rs_3m"":{""value"":0.12887548263191384,""score"":100},""T6_adr_healthy"":{""value"":2.4955647919142883,""score"":100.0},""_score"":61.7},""geometry"":{""sub_low_similarity"":17.3,""sub_bounce_quality"":46.5,""sub_separation_fit"":0.0,""sub_right_bottom_reaction"":81.5,""sub_base_context"":30.0,""_score"":32.72},""compression"":{""VC1_atr_ratio"":{""value"":0.67486332970727,""score"":81.28416757318249},""VC2_range_contraction"":{""value"":1.4049237453117747,""score"":0},""VC3_range_pct_rank"":{""score"":75.83333333333333},""_score"":51.47},""sr_quality"":{""SR1_touches"":{""value"":2,""score"":25.0},""SR2_tightness"":{""value"":0.45000000000000284,""score"":87.82886773685621},""SR3_recency"":{""value"":271,""score"":0.0},""SR4_price_location"":{""score"":41.57580744702737},""SR5_reaction"":{""value"":2.9136338289936843,""score"":100},""_score"":46.07,""_levels_found"":5,""_target_level"":256.35},""volume"":{""V1_rvol_day"":{""value"":0.21505697217324649,""score"":0},""V2_rvol_sameslot"":{""value"":0.43069910756038987,""score"":0,""status"":""ok""},""V3_breakout_bar"":{""value"":0.48533497821682514,""score"":0},""V4_base_dryup"":{""value"":0.7272166407295179,""score"":77.27833592704822},""V5_bo_expansion"":{""value"":0.21505697217324649,""score"":0},""_score"":15.46},""readiness"":{""_distance_atr"":1.691,""BR1_atr_distance"":{""score"":0},""BR2_compression"":{""score"":31.315428906438015},""BR3_retest"":{""score"":50.0},""BR4_bo_age"":{""score"":50.0},""_score"":25.33},""risk"":{""R1_stop_clarity"":{""score"":2.764824349744444},""R2_stop_distance_pct"":{""value"":2.508796200702058,""score"":100.0},""R3_stop_distance_atr"":{""value"":0.8215581895023516,""score"":66.07790947511758},""R4_rr_potential"":{""value"":4.5250656373198295,""score"":100.0},""_score"":60.88},""market"":{""M1_spy_regime"":{""score"":100.0},""M3_earnings_risk"":{""value"":null,""score"":80.0},""M4_vix"":{""value"":null,""score"":60.0},""_score"":84.0},""liquidity"":{""L1_price"":{""value"":242.15,""score"":100.0},""L2_dollar_vol"":{""value"":40406094.916598745,""score"":80.32234398448885},""L3_spread_proxy"":{""value"":0.014598389428040457,""score"":85.40161057195954},""L4_volume_zscore"":{""value"":-2.4573056689009443,""score"":100.0},""_score"":90.67},""pattern_structure"":{""left_low"":249.795,""left_idx"":28,""right_low"":239.67,""right_idx"":73,""separation_bars"":45,""structural_low"":239.67,""current_price"":242.56,""neckline_distance_pct"":0.04986395118733509,""base_bars"":45},""pattern_geometry_features"":{""low_similarity_pct"":0.0413717017559989,""bounce_pct"":0.06252346977093509,""right_bottom_reaction"":0.8149779735682883,""atr_pct"":0.03053704816967048},""_schema_version"":""1.0""}",,,,,,,,,,
20260508T185417Z-990aff,2026-05-08T18:54:17.243985+00:00,WDAY,breakout_retest_hold,breakout_confirmed,44.98,32.4,41.7,60.9,54.5,4.2,51.4,61.6,84.0,96.7,4.53,9.18,3.65,7.64,0.54,9.26,3.08,4.2,2.9,True,weak_retest_trend,126.87,123.37,121.9284,125.3426,"{""trend"":{""T1_ema_stack"":{""value"":[true,false,false],""score"":33.33333333333333},""T2_ema50_slope"":{""value"":-0.4306545136808374,""score"":0},""T3_high_proximity"":{""value"":0.8208462732919255,""score"":10.423136645962728},""T4_rs_1m"":{""value"":0.0373936678016793,""score"":87.3936678016793},""T5_rs_3m"":{""value"":-0.2892059585610022,""score"":0},""T6_adr_healthy"":{""value"":4.720187534078858,""score"":100.0},""_score"":32.38},""geometry"":{""sub_retest_depth"":72.4,""sub_retest_timing"":0.0,""sub_retest_freshness"":100.0,""sub_hold_quality"":0.0,""_score"":41.72},""compression"":{""VC1_atr_ratio"":{""value"":0.5015864768626849,""score"":100},""VC2_range_contraction"":{""value"":0.8880242016417673,""score"":18.662633059705446},""VC3_range_pct_rank"":{""score"":57.49999999999999},""_score"":60.91},""sr_quality"":{""SR1_touches"":{""value"":2,""score"":25.0},""SR2_tightness"":{""value"":0.1790499999999895,""score"":94.78775276810345},""SR3_recency"":{""value"":236,""score"":0.0},""SR4_price_location"":{""score"":71.31254799422994},""SR5_reaction"":{""value"":3.042192649581537,""score"":100},""_score"":54.55,""_levels_found"":3,""_target_level"":132.8659},""volume"":{""V1_rvol_day"":{""value"":0.46934513396352534,""score"":0},""V2_rvol_sameslot"":{""value"":0.6439711926015437,""score"":9.59807950676958,""status"":""ok""},""V3_breakout_bar"":{""value"":0.428374373253534,""score"":0},""V4_base_dryup"":{""value"":1.3874655464936112,""score"":11.253445350638884},""V5_bo_expansion"":{""value"":0.46934513396352534,""score"":0},""_score"":4.17},""readiness"":{""_distance_atr"":-0.509,""BR1_atr_distance"":{""score"":49.81130113843115},""BR2_compression"":{""score"":29.240284280136553},""BR3_retest"":{""score"":98.47169517076462},""BR4_bo_age"":{""score"":30.0},""_score"":51.43},""risk"":{""R1_stop_clarity"":{""score"":64.147424234548},""R2_stop_distance_pct"":{""value"":3.895010640813437,""score"":100.0},""R3_stop_distance_atr"":{""value"":0.7192639184904105,""score"":60.963195924520534},""R4_rr_potential"":{""value"":-0.3090815004972355,""score"":0.0},""_score"":61.6},""market"":{""M1_spy_regime"":{""score"":100.0},""M3_earnings_risk"":{""value"":null,""score"":80.0},""M4_vix"":{""value"":null,""score"":60.0},""_score"":84.0},""liquidity"":{""L1_price"":{""value"":126.87,""score"":100.0},""L2_dollar_vol"":{""value"":281181536.14607686,""score"":100.0},""L3_spread_proxy"":{""value"":0.033025932056435704,""score"":66.9740679435643},""L4_volume_zscore"":{""value"":-1.7665402658723386,""score"":100.0},""_score"":96.7},""pattern_structure"":{""level"":123.37,""level_idx"":27,""breakout_idx"":46,""bo_peak_idx"":74,""bo_peak_price"":133.36,""retest_idx"":75,""retest_low"":123.16,""structural_low"":123.16,""current_price"":127.18,""neckline_distance_pct"":-0.02995754049378835,""base_bars"":52,""bars_since_breakout"":33},""pattern_geometry_features"":{""retest_depth_atr"":0.10645616830213682,""bars_breakout_to_retest"":29.0,""bars_since_retest"":4.0,""current_above_level_atr"":1.931419053481553,""bo_peak_excess_pct"":0.08097592607603152,""atr_pct"":0.05415273226812596},""_schema_version"":""1.0""}",,,,,,,,,,
20260508T185417Z-990aff,2026-05-08T18:54:17.243985+00:00,TMUS,bull_flag,absent,44.97,14.5,41.4,73.8,57.2,10.4,53.9,62.3,84.0,98.6,2.03,12.43,6.64,5.72,1.46,4.85,1.87,5.04,4.93,True,risk_unclear;trend_floor,193.47,196.57,188.7752,209.5,"{""trend"":{""T1_ema_stack"":{""value"":[false,false,false],""score"":0.0},""T2_ema50_slope"":{""value"":-0.2030266239161254,""score"":16.162229347312433},""T3_high_proximity"":{""value"":0.8715650058563835,""score"":35.78250292819174},""T4_rs_1m"":{""value"":-0.10535728657379206,""score"":0},""T5_rs_3m"":{""value"":-0.08779087559771503,""score"":6.104562201142485},""T6_adr_healthy"":{""value"":2.749399008000667,""score"":100.0},""_score"":14.52},""geometry"":{""sub_pole_impulse"":29.3,""sub_flag_tightness"":47.6,""sub_flag_shallowness"":28.9,""sub_flag_drift"":99.8,""sub_flag_duration"":0.0,""_score"":41.44},""compression"":{""VC1_atr_ratio"":{""value"":0.4762108968978897,""score"":100},""VC2_range_contraction"":{""value"":0.7993220721573844,""score"":33.44632130710261},""VC3_range_pct_rank"":{""score"":88.33333333333333},""_score"":73.79},""sr_quality"":{""SR1_touches"":{""value"":3,""score"":50.0},""SR2_tightness"":{""value"":0.6571952187558615,""score"":79.04523803946911},""SR3_recency"":{""value"":307,""score"":0.0},""SR4_price_location"":{""score"":80.78902229845613},""SR5_reaction"":{""value"":1.3476786099293372,""score"":67.38393049646686},""_score"":57.16,""_levels_found"":7,""_target_level"":194.7767},""volume"":{""V1_rvol_day"":{""value"":0.2170126825134705,""score"":0},""V2_rvol_sameslot"":{""value"":0.29704120730494277,""score"":0,""status"":""ok""},""V3_breakout_bar"":{""value"":0.6171618857481366,""score"":7.810792383209105},""V4_base_dryup"":{""value"":1.076656185572958,""score"":42.334381442704206},""V5_bo_expansion"":{""value"":0.21701268251347053,""score"":0},""_score"":10.42},""readiness"":{""_distance_atr"":0.494,""BR1_atr_distance"":{""score"":67.05202136608096},""BR2_compression"":{""score"":38.352019966275},""BR3_retest"":{""score"":50.0},""BR4_bo_age"":{""score"":50.0},""_score"":53.91},""risk"":{""R1_stop_clarity"":{""score"":8.338192021426622},""R2_stop_distance_pct"":{""value"":2.4266036077944895,""score"":100.0},""R3_stop_distance_atr"":{""value"":0.7484638194754437,""score"":62.42319097377218},""R4_rr_potential"":{""value"":3.414452313754727,""score"":100.0},""_score"":62.28},""market"":{""M1_spy_regime"":{""score"":100.0},""M3_earnings_risk"":{""value"":null,""score"":80.0},""M4_vix"":{""value"":null,""score"":60.0},""_score"":84.0},""liquidity"":{""L1_price"":{""value"":193.47,""score"":100.0},""L2_dollar_vol"":{""value"":265237886.9007919,""score"":100.0},""L3_spread_proxy"":{""value"":0.013904998190934017,""score"":86.09500180906599},""L4_volume_zscore"":{""value"":-1.8444309787377884,""score"":100.0},""_score"":98.61},""pattern_structure"":{""pole_low"":183.64,""pole_low_idx"":6,""peak_price"":196.57,""peak_idx"":30,""pole_gain"":0.07040949684164674,""flag_bars"":29,""flag_low"":191.65,""flag_high"":196.0,""structural_low"":191.65,""current_price"":193.495,""neckline_distance_pct"":0.01589188351120178,""base_bars"":29},""pattern_geometry_features"":{""pole_gain"":0.07040949684164674,""pullback_pct"":0.02502925166607309,""flag_range_pct"":0.022129521290125628,""flag_drift_per_bar"":-3.0484106398045632e-05,""atr_pct"":0.032421121030207715,""pole_atr_multiple"":2.171716911825601},""_schema_version"":""1.0""}",,,,,,,,,,
20260508T185417Z-990aff,2026-05-08T18:54:17.243985+00:00,WDAY,double_bottom,absent,44.84,32.4,36.1,60.9,54.5,10.8,39.6,66.6,84.0,96.7,4.86,9.03,4.87,7.64,1.41,3.17,3.99,5.04,4.84,True,reversal_trend_cap,126.87,133.36,115.7769,149.18,"{""trend"":{""T1_ema_stack"":{""value"":[true,false,false],""score"":33.33333333333333},""T2_ema50_slope"":{""value"":-0.4306545136808374,""score"":0},""T3_high_proximity"":{""value"":0.8208462732919255,""score"":10.423136645962728},""T4_rs_1m"":{""value"":0.0373936678016793,""score"":87.3936678016793},""T5_rs_3m"":{""value"":-0.2892059585610022,""score"":0},""T6_adr_healthy"":{""value"":4.720187534078858,""score"":100.0},""_score"":32.38},""geometry"":{""sub_low_similarity"":6.6,""sub_bounce_quality"":100,""sub_separation_fit"":0.0,""sub_right_bottom_reaction"":54.3,""sub_base_context"":30.0,""_score"":36.12},""compression"":{""VC1_atr_ratio"":{""value"":0.5015864768626849,""score"":100},""VC2_range_contraction"":{""value"":0.8880242016417673,""score"":18.662633059705446},""VC3_range_pct_rank"":{""score"":57.49999999999999},""_score"":60.91},""sr_quality"":{""SR1_touches"":{""value"":2,""score"":25.0},""SR2_tightness"":{""value"":0.1790499999999895,""score"":94.78775276810345},""SR3_recency"":{""value"":236,""score"":0.0},""SR4_price_location"":{""score"":71.31254799422994},""SR5_reaction"":{""value"":3.042192649581537,""score"":100},""_score"":54.55,""_levels_found"":3,""_target_level"":132.8659},""volume"":{""V1_rvol_day"":{""value"":0.46934513396352534,""score"":0},""V2_rvol_sameslot"":{""value"":0.6439711926015437,""score"":9.59807950676958,""status"":""ok""},""V3_breakout_bar"":{""value"":0.428374373253534,""score"":0},""V4_base_dryup"":{""value"":1.0541381381423847,""score"":44.586186185761534},""V5_bo_expansion"":{""value"":0.46934513396352534,""score"":0},""_score"":10.84},""readiness"":{""_distance_atr"":0.945,""BR1_atr_distance"":{""score"":37.024137512779085},""BR2_compression"":{""score"":29.240284280136553},""BR3_retest"":{""score"":50.0},""BR4_bo_age"":{""score"":50.0},""_score"":39.62},""risk"":{""R1_stop_clarity"":{""score"":48.67515724905104},""R2_stop_distance_pct"":{""value"":8.743674627571535,""score"":81.40813431071163},""R3_stop_distance_atr"":{""value"":1.6146322191609934,""score"":100.0},""R4_rr_potential"":{""value"":2.0111600905067104,""score"":50.55800452533552},""_score"":66.57},""market"":{""M1_spy_regime"":{""score"":100.0},""M3_earnings_risk"":{""value"":null,""score"":80.0},""M4_vix"":{""value"":null,""score"":60.0},""_score"":84.0},""liquidity"":{""L1_price"":{""value"":126.87,""score"":100.0},""L2_dollar_vol"":{""value"":281181536.14607686,""score"":100.0},""L3_spread_proxy"":{""value"":0.033025932056435704,""score"":66.9740679435643},""L4_volume_zscore"":{""value"":-1.7665402658723386,""score"":100.0},""_score"":96.7},""pattern_structure"":{""left_low"":117.54,""left_idx"":26,""right_low"":123.16,""right_idx"":75,""separation_bars"":49,""structural_low"":117.54,""current_price"":127.18,""neckline_distance_pct"":0.04859254599779845,""base_bars"":49},""pattern_geometry_features"":{""low_similarity_pct"":0.04669713336103025,""bounce_pct"":0.13459247915603204,""right_bottom_reaction"":0.5429687500000016,""atr_pct"":0.05415273226812596},""_schema_version"":""1.0""}",,,,,,,,,,
20260508T185417Z-990aff,2026-05-08T18:54:17.243985+00:00,NXE,bull_flag,absent,44.8,63.2,28.1,57.3,53.6,17.3,32.3,75.3,84.0,87.7,8.85,8.42,5.16,5.36,2.42,2.9,2.26,5.04,4.39,False,,12.23,12.985,11.8102,14.11,"{""trend"":{""T1_ema_stack"":{""value"":[false,true,true],""score"":66.66666666666666},""T2_ema50_slope"":{""value"":0.1852258853013218,""score"":80.87098088355364},""T3_high_proximity"":{""value"":0.9195488721804511,""score"":59.774436090225535},""T4_rs_1m"":{""value"":-0.020350035065179517,""score"":29.64996493482048},""T5_rs_3m"":{""value"":0.03985814153969636,""score"":69.92907076984818},""T6_adr_healthy"":{""value"":5.089804754007349,""score"":100.0},""_score"":63.23},""geometry"":{""sub_pole_impulse"":16.4,""sub_flag_tightness"":0,""sub_flag_shallowness"":0,""sub_flag_drift"":87.7,""sub_flag_duration"":100.0,""_score"":28.07},""compression"":{""VC1_atr_ratio"":{""value"":0.5833827473394118,""score"":100},""VC2_range_contraction"":{""value"":1.0551902901310222,""score"":0},""VC3_range_pct_rank"":{""score"":69.16666666666667},""_score"":57.29},""sr_quality"":{""SR1_touches"":{""value"":4,""score"":75.0},""SR2_tightness"":{""value"":0.0919238815542511,""score"":73.73308551450644},""SR3_recency"":{""value"":234,""score"":0.0},""SR4_price_location"":{""score"":20.221606648199426},""SR5_reaction"":{""value"":2.2323934319158263,""score"":100},""_score"":53.62,""_levels_found"":5,""_target_level"":13.31},""volume"":{""V1_rvol_day"":{""value"":0.5740412823499972,""score"":4.936085489999812},""V2_rvol_sameslot"":{""value"":0.9496892828887638,""score"":29.979285525917582,""status"":""ok""},""V3_breakout_bar"":{""value"":0.5086017831030725,""score"":0.573452206871498},""V4_base_dryup"":{""value"":0.9916117946538633,""score"":50.838820534613674},""V5_bo_expansion"":{""value"":0.5740412823499971,""score"":0},""_score"":17.29},""readiness"":{""_distance_atr"":1.079,""BR1_atr_distance"":{""score"":28.087166246551604},""BR2_compression"":{""score"":14.1205806706697},""BR3_retest"":{""score"":50.0},""BR4_bo_age"":{""score"":50.0},""_score"":32.27},""risk"":{""R1_stop_clarity"":{""score"":48.608517282552135},""R2_stop_distance_pct"":{""value"":3.4329517579722015,""score"":100.0},""R3_stop_distance_atr"":{""value"":0.5998530447295105,""score"":54.99265223647553},""R4_rr_potential"":{""value"":4.477789686792897,""score"":100.0},""_score"":75.26},""market"":{""M1_spy_regime"":{""score"":100.0},""M3_earnings_risk"":{""value"":null,""score"":80.0},""M4_vix"":{""value"":null,""score"":60.0},""_score"":84.0},""liquidity"":{""L1_price"":{""value"":12.23,""score"":100.0},""L2_dollar_vol"":{""value"":38843279.0691863,""score"":79.46579425121993},""L3_spread_proxy"":{""value"":0.04088307440719542,""score"":59.11692559280458},""L4_volume_zscore"":{""value"":-1.7000454930016515,""score"":100.0},""_score"":87.7},""pattern_structure"":{""pole_low"":11.86,""pole_low_idx"":43,""peak_price"":12.985,""peak_idx"":50,""pole_gain"":0.0948566610455312,""flag_bars"":9,""flag_low"":11.99,""flag_high"":12.845,""structural_low"":11.99,""current_price"":12.235,""neckline_distance_pct"":0.06129955046996322,""base_bars"":9},""pattern_geometry_features"":{""pole_gain"":0.0948566610455312,""pullback_pct"":0.07662687716596067,""flag_range_pct"":0.06584520600693111,""flag_drift_per_bar"":-0.0024522544612450405,""atr_pct"":0.057229879686952485,""pole_atr_multiple"":1.6574674202426645},""_schema_version"":""1.0""}",,,,,,,,,,
20260508T185417Z-990aff,2026-05-08T18:54:17.243985+00:00,LMT,double_bottom,forming,44.36,13.3,53.6,68.5,36.4,14.5,41.4,55.0,84.0,97.2,2.0,13.39,5.48,5.1,1.89,3.31,3.3,5.04,4.86,True,risk_unclear;reversal_trend_cap,510.5699,524.5,494.4158,547.055,"{""trend"":{""T1_ema_stack"":{""value"":[false,false,true],""score"":33.33333333333333},""T2_ema50_slope"":{""value"":-0.48502123686477544,""score"":0},""T3_high_proximity"":{""value"":0.7544996305600709,""score"":0},""T4_rs_1m"":{""value"":-0.2663623726648583,""score"":0},""T5_rs_3m"":{""value"":-0.24915962334385833,""score"":0},""T6_adr_healthy"":{""value"":2.5051981110075117,""score"":100.0},""_score"":13.33},""geometry"":{""sub_low_similarity"":89.8,""sub_bounce_quality"":21.3,""sub_separation_fit"":26.7,""sub_right_bottom_reaction"":82.4,""sub_base_context"":30.0,""_score"":53.56},""compression"":{""VC1_atr_ratio"":{""value"":0.27651823079104526,""score"":100},""VC2_range_contraction"":{""value"":0.8583209869688272,""score"":23.613168838528804},""VC3_range_pct_rank"":{""score"":80.83333333333333},""_score"":68.47},""sr_quality"":{""SR1_touches"":{""value"":2,""score"":25.0},""SR2_tightness"":{""value"":0.5600000000000023,""score"":92.73894564674782},""SR3_recency"":{""value"":251,""score"":0.0},""SR4_price_location"":{""score"":0},""SR5_reaction"":{""value"":3.0240346456022014,""score"":100},""_score"":36.41,""_levels_found"":4,""_target_level"":594.44},""volume"":{""V1_rvol_day"":{""value"":0.39621501714422497,""score"":0},""V2_rvol_sameslot"":{""value"":0.5952490379395642,""score"":6.349935862637612,""status"":""ok""},""V3_breakout_bar"":{""value"":0.4893728964722948,""score"":0},""V4_base_dryup"":{""value"":0.8385210818125001,""score"":66.14789181875},""V5_bo_expansion"":{""value"":0.396215017144225,""score"":0},""_score"":14.5},""readiness"":{""_distance_atr"":0.903,""BR1_atr_distance"":{""score"":39.79332544866805},""BR2_compression"":{""score"":32.00239292376349},""BR3_retest"":{""score"":50.0},""BR4_bo_age"":{""score"":50.0},""_score"":41.42},""risk"":{""R1_stop_clarity"":{""score"":2.375448374736891},""R2_stop_distance_pct"":{""value"":3.163930149427147,""score"":100.0},""R3_stop_distance_atr"":{""value"":1.0472822910849287,""score"":77.36411455424643},""R4_rr_potential"":{""value"":2.2585694321711376,""score"":62.928471608556876},""_score"":55.02},""market"":{""M1_spy_regime"":{""score"":100.0},""M3_earnings_risk"":{""value"":null,""score"":80.0},""M4_vix"":{""value"":null,""score"":60.0},""_score"":84.0},""liquidity"":{""L1_price"":{""value"":510.5699,""score"":94.71504999999999},""L2_dollar_vol"":{""value"":325025244.3451279,""score"":100.0},""L3_spread_proxy"":{""value"":0.014689271733410107,""score"":85.31072826658989},""L4_volume_zscore"":{""value"":-1.387399283480931,""score"":100.0},""_score"":97.21},""pattern_structure"":{""left_low"":501.945,""left_idx"":34,""right_low"":504.5001,""right_idx"":75,""separation_bars"":41,""structural_low"":501.945,""current_price"":510.79,""neckline_distance_pct"":0.026840776052780946,""base_bars"":41},""pattern_geometry_features"":{""low_similarity_pct"":0.005077475164815213,""bounce_pct"":0.04493520206397117,""right_bottom_reaction"":0.8240954399183713,""atr_pct"":0.030210862690607358},""_schema_version"":""1.0""}",,,,,,,,,,
20260508T185417Z-990aff,2026-05-08T18:54:17.243985+00:00,NOW,ascending_triangle,absent,44.32,5.0,40.1,69.1,60.0,16.4,45.4,73.3,84.0,96.9,0.75,11.24,5.53,8.4,1.96,3.63,2.93,5.04,4.84,True,trend_floor,91.51,95.62,86.8868,103.03,"{""trend"":{""T1_ema_stack"":{""value"":[false,false,false],""score"":0.0},""T2_ema50_slope"":{""value"":-0.5822904500026067,""score"":0},""T3_high_proximity"":{""value"":0.7359658999517452,""score"":0},""T4_rs_1m"":{""value"":-0.06582501468805413,""score"":0},""T5_rs_3m"":{""value"":-0.15955371075333524,""score"":0},""T6_adr_healthy"":{""value"":4.58086060455633,""score"":100.0},""_score"":5.0},""geometry"":{""sub_flat_top_quality"":33.3,""sub_hl_slope"":30.6,""sub_compression"":23.9,""sub_duration"":100.0,""_score"":40.14},""compression"":{""VC1_atr_ratio"":{""value"":0.318830495186544,""score"":100},""VC2_range_contraction"":{""value"":0.7624144737106641,""score"":39.59758771488933},""VC3_range_pct_rank"":{""score"":60.83333333333334},""_score"":69.07},""sr_quality"":{""SR1_touches"":{""value"":4,""score"":75.0},""SR2_tightness"":{""value"":1.3216939887886305,""score"":52.62084483615654},""SR3_recency"":{""value"":227,""score"":0.0},""SR4_price_location"":{""score"":59.18699186991871},""SR5_reaction"":{""value"":1.970705077897452,""score"":98.5352538948726},""_score"":59.97,""_levels_found"":5,""_target_level"":97.785},""volume"":{""V1_rvol_day"":{""value"":0.6308805763333639,""score"":8.725371755557594},""V2_rvol_sameslot"":{""value"":0.8578941111873728,""score"":23.85960741249152,""status"":""ok""},""V3_breakout_bar"":{""value"":0.583308641247593,""score"":5.5539094165061975},""V4_base_dryup"":{""value"":1.0778528673800414,""score"":42.21471326199586},""V5_bo_expansion"":{""value"":0.6308805763333639,""score"":0},""_score"":16.35},""readiness"":{""_distance_atr"":0.737,""BR1_atr_distance"":{""score"":50.88920497099571},""BR2_compression"":{""score"":30.172492956497155},""BR3_retest"":{""score"":50.0},""BR4_bo_age"":{""score"":50.0},""_score"":45.4},""risk"":{""R1_stop_clarity"":{""score"":52.56865077180515},""R2_stop_distance_pct"":{""value"":5.052070811933132,""score"":100.0},""R3_stop_distance_atr"":{""value"":0.8286371242275242,""score"":66.43185621137621},""R4_rr_potential"":{""value"":2.4918075338243377,""score"":74.59037669121689},""_score"":73.28},""market"":{""M1_spy_regime"":{""score"":100.0},""M3_earnings_risk"":{""value"":null,""score"":80.0},""M4_vix"":{""value"":null,""score"":60.0},""_score"":84.0},""liquidity"":{""L1_price"":{""value"":91.51,""score"":100.0},""L2_dollar_vol"":{""value"":1606205622.3196137,""score"":100.0},""L3_spread_proxy"":{""value"":0.03125341492733034,""score"":68.74658507266966},""L4_volume_zscore"":{""value"":-0.708864294079473,""score"":100.0},""_score"":96.87},""pattern_structure"":{""top"":95.62,""top_touches"":2,""low_slope_per_bar"":0.08089400428265535,""lowest_low"":88.21,""structural_low"":88.21,""current_price"":91.585,""neckline_distance_pct"":0.044057432985751065,""base_bars"":36},""pattern_geometry_features"":{""top_touches"":2.0,""low_slope"":0.08089400428265535,""compression"":0.1195616436879503,""atr_pct"":0.06096843436314534},""_schema_version"":""1.0""}",,,,,,,,,,
20260508T185417Z-990aff,2026-05-08T18:54:17.243985+00:00,NET,bull_flag,absent,44.16,52.6,26.5,4.5,66.3,62.0,17.5,79.8,84.0,82.5,7.36,7.96,0.4,6.63,8.67,1.57,2.39,5.04,4.12,False,,198.65,258.88,189.386,308.76,"{""trend"":{""T1_ema_stack"":{""value"":[false,true,true],""score"":66.66666666666666},""T2_ema50_slope"":{""value"":0.2243525427439573,""score"":87.39209045732622},""T3_high_proximity"":{""value"":0.7735893142256318,""score"":0},""T4_rs_1m"":{""value"":-0.05574583547403478,""score"":0},""T5_rs_3m"":{""value"":0.07894202354938717,""score"":89.47101177469358},""T6_adr_healthy"":{""value"":5.402996329848992,""score"":100.0},""_score"":52.57},""geometry"":{""sub_pole_impulse"":55.1,""sub_flag_tightness"":0,""sub_flag_shallowness"":0,""sub_flag_drift"":0,""sub_flag_duration"":100.0,""_score"":26.53},""compression"":{""VC1_atr_ratio"":{""value"":1.0807717633859577,""score"":0},""VC2_range_contraction"":{""value"":0.9304454313329634,""score"":11.592428111172763},""VC3_range_pct_rank"":{""score"":1.6666666666666718},""_score"":4.47},""sr_quality"":{""SR1_touches"":{""value"":6,""score"":100},""SR2_tightness"":{""value"":2.388265874832388,""score"":67.72066865800777},""SR3_recency"":{""value"":229,""score"":0.0},""SR4_price_location"":{""score"":55.43868992144847},""SR5_reaction"":{""value"":1.6366499987851866,""score"":81.83249993925934},""_score"":66.29,""_levels_found"":6,""_target_level"":204.2283},""volume"":{""V1_rvol_day"":{""value"":3.3307059911076307,""score"":100},""V2_rvol_sameslot"":{""value"":4.936123739378929,""score"":100,""status"":""ok""},""V3_breakout_bar"":{""value"":0.917709958831546,""score"":27.847330588769736},""V4_base_dryup"":{""value"":1.7121795180503083,""score"":0},""V5_bo_expansion"":{""value"":3.3307059911076307,""score"":100},""_score"":61.96},""readiness"":{""_distance_atr"":4.07,""BR1_atr_distance"":{""score"":0},""BR2_compression"":{""score"":0},""BR3_retest"":{""score"":50.0},""BR4_bo_age"":{""score"":50.0},""_score"":17.5},""risk"":{""R1_stop_clarity"":{""score"":61.01974803646754},""R2_stop_distance_pct"":{""value"":4.663503649635035,""score"":100.0},""R3_stop_distance_atr"":{""value"":0.6260553790724199,""score"":56.302768953621},""R4_rr_potential"":{""value"":11.885730323130813,""score"":100.0},""_score"":79.8},""market"":{""M1_spy_regime"":{""score"":100.0},""M3_earnings_risk"":{""value"":null,""score"":80.0},""M4_vix"":{""value"":null,""score"":60.0},""_score"":84.0},""liquidity"":{""L1_price"":{""value"":198.65,""score"":100.0},""L2_dollar_vol"":{""value"":3042705616.4969854,""score"":100.0},""L3_spread_proxy"":{""value"":0.13455826831109988,""score"":0},""L4_volume_zscore"":{""value"":3.41160032257724,""score"":70.0},""_score"":82.5},""pattern_structure"":{""pole_low"":209.0,""pole_low_idx"":25,""peak_price"":258.88,""peak_idx"":50,""pole_gain"":0.23866028708133968,""flag_bars"":9,""flag_low"":192.27,""flag_high"":255.66,""structural_low"":192.27,""current_price"":199.19,""neckline_distance_pct"":0.2996636377328179,""base_bars"":9},""pattern_geometry_features"":{""pole_gain"":0.23866028708133968,""pullback_pct"":0.25730067985166866,""flag_range_pct"":0.24486248454882567,""flag_drift_per_bar"":-0.04675184497213705,""atr_pct"":0.07449027363273525,""pole_atr_multiple"":3.203912073917511},""_schema_version"":""1.0""}",,,,,,,,,,
20260508T185417Z-990aff,2026-05-08T18:54:17.243985+00:00,UEC,high_tight_pullback,absent,44.15,64.6,34.5,51.3,47.5,14.5,33.6,78.1,84.0,90.2,7.75,12.08,5.13,3.8,2.03,3.03,0.78,5.04,4.51,False,,15.157,16.19,14.706,18.25,"{""trend"":{""T1_ema_stack"":{""value"":[true,true,true],""score"":100.0},""T2_ema50_slope"":{""value"":0.11919014340890748,""score"":69.86502390148458},""T3_high_proximity"":{""value"":0.8863742690058479,""score"":43.18713450292394},""T4_rs_1m"":{""value"":0.020789534496783668,""score"":70.78953449678366},""T5_rs_3m"":{""value"":-0.12767116762706032,""score"":0},""T6_adr_healthy"":{""value"":6.766025701883657,""score"":100.0},""_score"":64.61},""geometry"":{""sub_pole_impulse"":22.8,""sub_flag_tightness"":20.2,""sub_flag_shallowness"":0,""sub_flag_drift"":84.2,""sub_flag_duration"":100.0,""_score"":34.52},""compression"":{""VC1_atr_ratio"":{""value"":0.6262357804997044,""score"":93.44105487507389},""VC2_range_contraction"":{""value"":1.114967952877674,""score"":0},""VC3_range_pct_rank"":{""score"":55.833333333333336},""_score"":51.33},""sr_quality"":{""SR1_touches"":{""value"":2,""score"":25.0},""SR2_tightness"":{""value"":0.21999999999999975,""score"":61.89156417807038},""SR3_recency"":{""value"":238,""score"":0.0},""SR4_price_location"":{""score"":74.87370380218039},""SR5_reaction"":{""value"":1.595790750043304,""score"":79.7895375021652},""_score"":47.47,""_levels_found"":5,""_target_level"":15.4},""volume"":{""V1_rvol_day"":{""value"":0.5158101113388945,""score"":1.0540074225929694},""V2_rvol_sameslot"":{""value"":0.6943315369886941,""score"":12.955435799246274,""status"":""ok""},""V3_breakout_bar"":{""value"":0.4309506606256683,""score"":0},""V4_base_dryup"":{""value"":0.9162529017877594,""score"":58.37470982122406},""V5_bo_expansion"":{""value"":0.5158101113388945,""score"":0},""_score"":14.48},""readiness"":{""_distance_atr"":0.895,""BR1_atr_distance"":{""score"":40.35452393325244},""BR2_compression"":{""score"":0},""BR3_retest"":{""score"":50.0},""BR4_bo_age"":{""score"":50.0},""_score"":33.64},""risk"":{""R1_stop_clarity"":{""score"":61.20734453490382},""R2_stop_distance_pct"":{""value"":2.975192980141193,""score"":100.0},""R3_stop_distance_atr"":{""value"":0.39056816213407286,""score"":44.528408106703644},""R4_rr_potential"":{""value"":6.85885353143363,""score"":100.0},""_score"":78.1},""market"":{""M1_spy_regime"":{""score"":100.0},""M3_earnings_risk"":{""value"":null,""score"":80.0},""M4_vix"":{""value"":null,""score"":60.0},""_score"":84.0},""liquidity"":{""L1_price"":{""value"":15.157,""score"":100.0},""L2_dollar_vol"":{""value"":68245456.7614111,""score"":91.70368724049358},""L3_spread_proxy"":{""value"":0.0653163554793165,""score"":34.6836445206835},""L4_volume_zscore"":{""value"":-2.0498774312006405,""score"":100.0},""_score"":90.15},""pattern_structure"":{""pole_low"":14.13,""pole_low_idx"":42,""peak_price"":16.19,""peak_idx"":50,""pole_gain"":0.14578910120311397,""flag_bars"":9,""flag_low"":14.93,""flag_high"":16.06,""structural_low"":14.93,""current_price"":15.24,""neckline_distance_pct"":0.062335958005249416,""base_bars"":9},""pattern_geometry_features"":{""pole_gain"":0.14578910120311397,""pullback_pct"":0.0778258184064238,""flag_range_pct"":0.06979617047560216,""flag_drift_per_bar"":-0.003153324584426917,""atr_pct"":0.07617602427921094,""pole_atr_multiple"":1.913844973961197},""_schema_version"":""1.0""}",,,,,,,,,,
20260508T185417Z-990aff,2026-05-08T18:54:17.243985+00:00,CRML,bull_flag,absent,43.91,84.7,23.2,45.9,52.3,1.5,37.9,82.7,84.0,91.8,11.86,6.95,4.13,5.23,0.21,3.41,2.48,5.04,4.59,False,,12.6399,14.27,12.1549,16.64,"{""trend"":{""T1_ema_stack"":{""value"":[true,true,true],""score"":100.0},""T2_ema50_slope"":{""value"":0.6070767573510123,""score"":100},""T3_high_proximity"":{""value"":0.874733564013841,""score"":37.36678200692045},""T4_rs_1m"":{""value"":0.3565118139671952,""score"":100},""T5_rs_3m"":{""value"":0.07854447694342293,""score"":89.27223847171146},""T6_adr_healthy"":{""value"":11.424769832671029,""score"":14.380754183224287},""_score"":84.71},""geometry"":{""sub_pole_impulse"":15.7,""sub_flag_tightness"":0,""sub_flag_shallowness"":0,""sub_flag_drift"":56.5,""sub_flag_duration"":100.0,""_score"":23.18},""compression"":{""VC1_atr_ratio"":{""value"":0.7224799579597514,""score"":69.38001051006215},""VC2_range_contraction"":{""value"":1.0412469162844709,""score"":0},""VC3_range_pct_rank"":{""score"":72.5},""_score"":45.88},""sr_quality"":{""SR1_touches"":{""value"":3,""score"":50.0},""SR2_tightness"":{""value"":0.3630977860332145,""score"":52.980746865857284},""SR3_recency"":{""value"":232,""score"":0.0},""SR4_price_location"":{""score"":57.50124344464713},""SR5_reaction"":{""value"":3.064687247080588,""score"":100},""_score"":52.32,""_levels_found"":4,""_target_level"":14.2634},""volume"":{""V1_rvol_day"":{""value"":0.4203472748250017,""score"":0},""V2_rvol_sameslot"":{""value"":0.3967374273384948,""score"":0,""status"":""ok""},""V3_breakout_bar"":{""value"":0.30331769670391945,""score"":0},""V4_base_dryup"":{""value"":1.4250917682885904,""score"":7.49082317114096},""V5_bo_expansion"":{""value"":0.4203472748250017,""score"":0},""_score"":1.5},""readiness"":{""_distance_atr"":1.055,""BR1_atr_distance"":{""score"":29.63687516861299},""BR2_compression"":{""score"":34.234045092450685},""BR3_retest"":{""score"":50.0},""BR4_bo_age"":{""score"":50.0},""_score"":37.91},""risk"":{""R1_stop_clarity"":{""score"":76.03052375997221},""R2_stop_distance_pct"":{""value"":3.837055672908814,""score"":100.0},""R3_stop_distance_atr"":{""value"":0.31402474274482683,""score"":40.70123713724134},""R4_rr_potential"":{""value"":8.24762886597936,""score"":100.0},""_score"":82.72},""market"":{""M1_spy_regime"":{""score"":100.0},""M3_earnings_risk"":{""value"":null,""score"":80.0},""M4_vix"":{""value"":null,""score"":60.0},""_score"":84.0},""liquidity"":{""L1_price"":{""value"":12.6399,""score"":100.0},""L2_dollar_vol"":{""value"":111073034.62306471,""score"":100.0},""L3_spread_proxy"":{""value"":0.08250065269503712,""score"":17.499347304962882},""L4_volume_zscore"":{""value"":-0.7702092064849239,""score"":100.0},""_score"":91.75},""pattern_structure"":{""pole_low"":11.9,""pole_low_idx"":25,""peak_price"":14.27,""peak_idx"":45,""pole_gain"":0.19915966386554615,""flag_bars"":14,""flag_low"":12.34,""flag_high"":14.25,""structural_low"":12.34,""current_price"":12.65,""neckline_distance_pct"":0.1280632411067193,""base_bars"":14},""pattern_geometry_features"":{""pole_gain"":0.19915966386554615,""pullback_pct"":0.1352487736510161,""flag_range_pct"":0.1338472319551507,""flag_drift_per_bar"":-0.008707553316248987,""atr_pct"":0.12218959688876378,""pole_atr_multiple"":1.6299232417212461},""_schema_version"":""1.0""}",,,,,,,,,,
20260508T185417Z-990aff,2026-05-08T18:54:17.243985+00:00,ADBE,double_bottom,absent,43.68,37.1,42.3,60.4,36.8,8.6,36.2,60.5,84.0,97.2,5.57,10.58,4.83,5.16,1.11,2.9,3.63,5.04,4.86,True,risk_unclear;reversal_trend_cap,251.9,259.44,235.7499,279.54,"{""trend"":{""T1_ema_stack"":{""value"":[true,false,false],""score"":33.33333333333333},""T2_ema50_slope"":{""value"":-0.14848432034924228,""score"":25.252613275126286},""T3_high_proximity"":{""value"":0.888160214371342,""score"":44.08010718567096},""T4_rs_1m"":{""value"":0.01074931025917314,""score"":60.74931025917314},""T5_rs_3m"":{""value"":-0.1293371833889415,""score"":0},""T6_adr_healthy"":{""value"":3.370960383647971,""score"":100.0},""_score"":37.15},""geometry"":{""sub_low_similarity"":44.3,""sub_bounce_quality"":77.1,""sub_separation_fit"":0.0,""sub_right_bottom_reaction"":50.8,""sub_base_context"":30.0,""_score"":42.33},""compression"":{""VC1_atr_ratio"":{""value"":0.38844848497371776,""score"":100},""VC2_range_contraction"":{""value"":0.8473126139366104,""score"":25.4478976772316},""VC3_range_pct_rank"":{""score"":45.833333333333336},""_score"":60.37},""sr_quality"":{""SR1_touches"":{""value"":2,""score"":25.0},""SR2_tightness"":{""value"":0.15500000000000114,""score"":96.71451563330359},""SR3_recency"":{""value"":309,""score"":0.0},""SR4_price_location"":{""score"":7.390244991616235},""SR5_reaction"":{""value"":1.7315032529323329,""score"":86.57516264661665},""_score"":36.84,""_levels_found"":5,""_target_level"":327.595},""volume"":{""V1_rvol_day"":{""value"":0.4599265354722506,""score"":0},""V2_rvol_sameslot"":{""value"":0.5469081305502209,""score"":3.127208703348061,""status"":""ok""},""V3_breakout_bar"":{""value"":0.4976889015642689,""score"":0},""V4_base_dryup"":{""value"":1.1025884556481214,""score"":39.741154435187866},""V5_bo_expansion"":{""value"":0.45992653547225054,""score"":0},""_score"":8.57},""readiness"":{""_distance_atr"":0.799,""BR1_atr_distance"":{""score"":46.725694355073614},""BR2_compression"":{""score"":0},""BR3_retest"":{""score"":50.0},""BR4_bo_age"":{""score"":50.0},""_score"":36.19},""risk"":{""R1_stop_clarity"":{""score"":23.901823065311362},""R2_stop_distance_pct"":{""value"":6.411314013497423,""score"":100.0},""R3_stop_distance_atr"":{""value"":1.7116419700188203,""score"":100.0},""R4_rr_potential"":{""value"":1.7114445111794938,""score"":35.572225558974694},""_score"":60.48},""market"":{""M1_spy_regime"":{""score"":100.0},""M3_earnings_risk"":{""value"":null,""score"":80.0},""M4_vix"":{""value"":null,""score"":60.0},""_score"":84.0},""liquidity"":{""L1_price"":{""value"":251.9,""score"":100.0},""L2_dollar_vol"":{""value"":615461423.839306,""score"":100.0},""L3_spread_proxy"":{""value"":0.028503374354902765,""score"":71.49662564509724},""L4_volume_zscore"":{""value"":-1.855433049483747,""score"":100.0},""_score"":97.15},""pattern_structure"":{""left_low"":239.34,""left_idx"":26,""right_low"":246.1,""right_idx"":75,""separation_bars"":49,""structural_low"":239.34,""current_price"":252.1275,""neckline_distance_pct"":0.029003182913406908,""base_bars"":49},""pattern_geometry_features"":{""low_similarity_pct"":0.027851021753460742,""bounce_pct"":0.08398094760591625,""right_bottom_reaction"":0.5083565459610031,""atr_pct"":0.037457097487665174},""_schema_version"":""1.0""}",,,,,,,,,,
20260508T185417Z-990aff,2026-05-08T18:54:17.243985+00:00,ASTS,double_bottom,absent,43.53,13.3,40.0,56.3,43.0,38.5,50.1,40.8,84.0,90.0,2.0,10.01,4.5,6.03,5.0,4.0,2.45,5.04,4.5,True,reversal_trend_cap,72.99,74.61,64.025,84.22,"{""trend"":{""T1_ema_stack"":{""value"":[false,false,true],""score"":33.33333333333333},""T2_ema50_slope"":{""value"":-0.5711256968342241,""score"":0},""T3_high_proximity"":{""value"":0.6958718657641338,""score"":0},""T4_rs_1m"":{""value"":-0.2880067844689649,""score"":0},""T5_rs_3m"":{""value"":-0.3508671688820161,""score"":0},""T6_adr_healthy"":{""value"":7.768030672083576,""score"":100.0},""_score"":13.33},""geometry"":{""sub_low_similarity"":24.8,""sub_bounce_quality"":100,""sub_separation_fit"":26.7,""sub_right_bottom_reaction"":17.3,""sub_base_context"":30.0,""_score"":40.04},""compression"":{""VC1_atr_ratio"":{""value"":0.5847502138928599,""score"":100},""VC2_range_contraction"":{""value"":0.838785592368652,""score"":26.869067938558},""VC3_range_pct_rank"":{""score"":27.500000000000004},""_score"":56.28},""sr_quality"":{""SR1_touches"":{""value"":3,""score"":50.0},""SR2_tightness"":{""value"":0.6666499997916594,""score"":77.03576851209408},""SR3_recency"":{""value"":272,""score"":0.0},""SR4_price_location"":{""score"":5.964026506784432},""SR5_reaction"":{""value"":2.7942427232322635,""score"":100},""_score"":43.05,""_levels_found"":9,""_target_level"":77.9567},""volume"":{""V1_rvol_day"":{""value"":0.7814670937265764,""score"":18.76447291510509},""V2_rvol_sameslot"":{""value"":1.7202682419883808,""score"":81.35121613255872,""status"":""ok""},""V3_breakout_bar"":{""value"":1.0297443442418757,""score"":35.31628961612505},""V4_base_dryup"":{""value"":1.019174293443644,""score"":48.08257065563559},""V5_bo_expansion"":{""value"":0.7814670937265766,""score"":0},""_score"":38.47},""readiness"":{""_distance_atr"":0.279,""BR1_atr_distance"":{""score"":81.39850745166927},""BR2_compression"":{""score"":0},""BR3_retest"":{""score"":50.0},""BR4_bo_age"":{""score"":50.0},""_score"":50.06},""risk"":{""R1_stop_clarity"":{""score"":66.4139717877365},""R2_stop_distance_pct"":{""value"":12.282504452664735,""score"":0.0},""R3_stop_distance_atr"":{""value"":1.5440961175535577,""score"":100.0},""R4_rr_potential"":{""value"":1.2526491912995,""score"":12.632459564974996},""_score"":40.77},""market"":{""M1_spy_regime"":{""score"":100.0},""M3_earnings_risk"":{""value"":null,""score"":80.0},""M4_vix"":{""value"":null,""score"":60.0},""_score"":84.0},""liquidity"":{""L1_price"":{""value"":72.99,""score"":100.0},""L2_dollar_vol"":{""value"":1049078837.1848112,""score"":100.0},""L3_spread_proxy"":{""value"":0.10330182216742029,""score"":0},""L4_volume_zscore"":{""value"":-0.5642541396438344,""score"":100.0},""_score"":90.0},""pattern_structure"":{""left_low"":67.49,""left_idx"":33,""right_low"":65.0,""right_idx"":74,""separation_bars"":41,""structural_low"":65.0,""current_price"":73.3901,""neckline_distance_pct"":0.01662213295798746,""base_bars"":41},""pattern_geometry_features"":{""low_similarity_pct"":0.037587742471129816,""bounce_pct"":0.14784615384615385,""right_bottom_reaction"":0.1730769230769286,""atr_pct"":0.07954494744876987},""_schema_version"":""1.0""}",,,,,,,,,,
20260508T185417Z-990aff,2026-05-08T18:54:17.243985+00:00,TMUS,double_bottom,absent,43.43,14.5,36.4,73.8,57.2,14.1,36.6,58.5,84.0,98.6,2.18,9.1,5.9,8.0,1.83,2.93,3.51,5.04,4.93,True,risk_unclear;reversal_trend_cap,193.47,200.63,180.8854,217.62,"{""trend"":{""T1_ema_stack"":{""value"":[false,false,false],""score"":0.0},""T2_ema50_slope"":{""value"":-0.2030266239161254,""score"":16.162229347312433},""T3_high_proximity"":{""value"":0.8715650058563835,""score"":35.78250292819174},""T4_rs_1m"":{""value"":-0.10535728657379206,""score"":0},""T5_rs_3m"":{""value"":-0.08779087559771503,""score"":6.104562201142485},""T6_adr_healthy"":{""value"":2.749399008000667,""score"":100.0},""_score"":14.52},""geometry"":{""sub_low_similarity"":11.2,""sub_bounce_quality"":89.3,""sub_separation_fit"":13.3,""sub_right_bottom_reaction"":48.0,""sub_base_context"":30.0,""_score"":36.41},""compression"":{""VC1_atr_ratio"":{""value"":0.4762108968978897,""score"":100},""VC2_range_contraction"":{""value"":0.7993220721573844,""score"":33.44632130710261},""VC3_range_pct_rank"":{""score"":88.33333333333333},""_score"":73.79},""sr_quality"":{""SR1_touches"":{""value"":3,""score"":50.0},""SR2_tightness"":{""value"":0.6571952187558615,""score"":79.04523803946911},""SR3_recency"":{""value"":307,""score"":0.0},""SR4_price_location"":{""score"":80.78902229845613},""SR5_reaction"":{""value"":1.3476786099293372,""score"":67.38393049646686},""_score"":57.16,""_levels_found"":7,""_target_level"":194.7767},""volume"":{""V1_rvol_day"":{""value"":0.2170126825134705,""score"":0},""V2_rvol_sameslot"":{""value"":0.29704120730494277,""score"":0,""status"":""ok""},""V3_breakout_bar"":{""value"":0.6171618857481366,""score"":7.810792383209105},""V4_base_dryup"":{""value"":0.8928403253559672,""score"":60.71596746440328},""V5_bo_expansion"":{""value"":0.21701268251347053,""score"":0},""_score"":14.1},""readiness"":{""_distance_atr"":1.141,""BR1_atr_distance"":{""score"":23.9007977358514},""BR2_compression"":{""score"":38.352019966275},""BR3_retest"":{""score"":50.0},""BR4_bo_age"":{""score"":50.0},""_score"":36.65},""risk"":{""R1_stop_clarity"":{""score"":12.169191666134921},""R2_stop_distance_pct"":{""value"":6.50467772781311,""score"":100.0},""R3_stop_distance_atr"":{""value"":2.006308702821383,""score"":100.0},""R4_rr_potential"":{""value"":1.9190121259316912,""score"":45.95060629658456},""_score"":58.45},""market"":{""M1_spy_regime"":{""score"":100.0},""M3_earnings_risk"":{""value"":null,""score"":80.0},""M4_vix"":{""value"":null,""score"":60.0},""_score"":84.0},""liquidity"":{""L1_price"":{""value"":193.47,""score"":100.0},""L2_dollar_vol"":{""value"":265237886.9007919,""score"":100.0},""L3_spread_proxy"":{""value"":0.013904998190934017,""score"":86.09500180906599},""L4_volume_zscore"":{""value"":-1.8444309787377884,""score"":100.0},""_score"":98.61},""pattern_structure"":{""left_low"":183.64,""left_idx"":26,""right_low"":191.98,""right_idx"":69,""separation_bars"":43,""structural_low"":183.64,""current_price"":193.495,""neckline_distance_pct"":0.036874337838186985,""base_bars"":43},""pattern_geometry_features"":{""low_similarity_pct"":0.04440658111921625,""bounce_pct"":0.09251796994118934,""right_bottom_reaction"":0.48009950248756267,""atr_pct"":0.032421121030207715},""_schema_version"":""1.0""}",,,,,,,,,,
20260508T185417Z-990aff,2026-05-08T18:54:17.243985+00:00,CRM,ascending_triangle,absent,43.17,20.7,29.2,65.5,57.6,26.3,33.3,71.5,84.0,97.4,3.1,8.17,5.24,8.07,3.15,2.66,2.86,5.04,4.87,True,trend_floor,181.2,190.31,174.2268,203.74,"{""trend"":{""T1_ema_stack"":{""value"":[false,false,false],""score"":0.0},""T2_ema50_slope"":{""value"":-0.20103331391894602,""score"":16.49444768017566},""T3_high_proximity"":{""value"":0.896541487308891,""score"":48.2707436544455},""T4_rs_1m"":{""value"":-0.024174408819201743,""score"":25.825591180798256},""T5_rs_3m"":{""value"":-0.12097587344915117,""score"":0},""T6_adr_healthy"":{""value"":3.4245500733915906,""score"":100.0},""_score"":20.7},""geometry"":{""sub_flat_top_quality"":33.3,""sub_hl_slope"":14.0,""sub_compression"":0,""sub_duration"":100.0,""_score"":29.19},""compression"":{""VC1_atr_ratio"":{""value"":0.4779976419764111,""score"":100},""VC2_range_contraction"":{""value"":0.8442627394107431,""score"":25.956210098209475},""VC3_range_pct_rank"":{""score"":65.83333333333333},""_score"":65.54},""sr_quality"":{""SR1_touches"":{""value"":5,""score"":100},""SR2_tightness"":{""value"":1.5817913895327675,""score"":59.07146535741645},""SR3_recency"":{""value"":227,""score"":0.0},""SR4_price_location"":{""score"":15.092977071673339},""SR5_reaction"":{""value"":2.389052557261854,""score"":100},""_score"":57.63,""_levels_found"":8,""_target_level"":190.606},""volume"":{""V1_rvol_day"":{""value"":0.6651616958085608,""score"":11.010779720570717},""V2_rvol_sameslot"":{""value"":1.1525265666314242,""score"":43.50177110876161,""status"":""ok""},""V3_breakout_bar"":{""value"":0.8344779378558026,""score"":22.29852919038684},""V4_base_dryup"":{""value"":1.0105614044060032,""score"":48.943859559399684},""V5_bo_expansion"":{""value"":0.6651616958085608,""score"":0},""_score"":26.27},""readiness"":{""_distance_atr"":1.179,""BR1_atr_distance"":{""score"":21.426859643383523},""BR2_compression"":{""score"":28.960434541656443},""BR3_retest"":{""score"":50.0},""BR4_bo_age"":{""score"":50.0},""_score"":33.31},""risk"":{""R1_stop_clarity"":{""score"":31.348982658339935},""R2_stop_distance_pct"":{""value"":3.8483443708609224,""score"":100.0},""R3_stop_distance_atr"":{""value"":0.902150750276767,""score"":70.10753751383835},""R4_rr_potential"":{""value"":3.2323753800263937,""score"":100.0},""_score"":71.49},""market"":{""M1_spy_regime"":{""score"":100.0},""M3_earnings_risk"":{""value"":null,""score"":80.0},""M4_vix"":{""value"":null,""score"":60.0},""_score"":84.0},""liquidity"":{""L1_price"":{""value"":181.2,""score"":100.0},""L2_dollar_vol"":{""value"":1503528334.0359058,""score"":100.0},""L3_spread_proxy"":{""value"":0.026434878587196425,""score"":73.56512141280358},""L4_volume_zscore"":{""value"":-1.1833770683167546,""score"":100.0},""_score"":97.36},""pattern_structure"":{""top"":190.31,""top_touches"":2,""low_slope_per_bar"":0.07427242220866404,""lowest_low"":176.88,""structural_low"":176.88,""current_price"":181.225,""neckline_distance_pct"":0.050131052558973696,""base_bars"":42},""pattern_geometry_features"":{""top_touches"":2.0,""low_slope"":0.07427242220866404,""compression"":-0.0135181982722834,""atr_pct"":0.04265744244717754},""_schema_version"":""1.0""}",,,,,,,,,,
20260508T185417Z-990aff,2026-05-08T18:54:17.243985+00:00,ADSK,bull_flag,absent,42.93,46.3,27.2,63.0,57.7,17.8,27.5,65.5,84.0,97.7,6.48,8.16,5.67,5.77,2.49,2.48,1.96,5.04,4.88,True,risk_unclear,245.45,255.135,238.3011,270.28,"{""trend"":{""T1_ema_stack"":{""value"":[true,false,false],""score"":33.33333333333333},""T2_ema50_slope"":{""value"":-0.05435232533593374,""score"":40.94127911067771},""T3_high_proximity"":{""value"":0.9293124337422383,""score"":64.65621687111911},""T4_rs_1m"":{""value"":0.005505097006853754,""score"":55.50509700685375},""T5_rs_3m"":{""value"":-0.04692505795872437,""score"":26.537471020637817},""T6_adr_healthy"":{""value"":3.119837435938153,""score"":100.0},""_score"":46.3},""geometry"":{""sub_pole_impulse"":19.9,""sub_flag_tightness"":0,""sub_flag_shallowness"":0,""sub_flag_drift"":74.8,""sub_flag_duration"":100.0,""_score"":27.19},""compression"":{""VC1_atr_ratio"":{""value"":0.451206765904036,""score"":100},""VC2_range_contraction"":{""value"":0.863619065779578,""score"":22.73015570340366},""VC3_range_pct_rank"":{""score"":60.0},""_score"":62.96},""sr_quality"":{""SR1_touches"":{""value"":2,""score"":25.0},""SR2_tightness"":{""value"":1.1599999999999966,""score"":73.08963768776364},""SR3_recency"":{""value"":245,""score"":0.0},""SR4_price_location"":{""score"":96.82490272373528},""SR5_reaction"":{""value"":3.584761841636497,""score"":100},""_score"":57.67,""_levels_found"":6,""_target_level"":245.96},""volume"":{""V1_rvol_day"":{""value"":0.42622184245213246,""score"":0},""V2_rvol_sameslot"":{""value"":0.8218136990664893,""score"":21.454246604432615,""status"":""ok""},""V3_breakout_bar"":{""value"":0.7133544152772134,""score"":14.223627685147564},""V4_base_dryup"":{""value"":1.003502732329662,""score"":49.64972676703381},""V5_bo_expansion"":{""value"":0.42622184245213246,""score"":0},""_score"":17.78},""readiness"":{""_distance_atr"":1.123,""BR1_atr_distance"":{""score"":25.10722442700866},""BR2_compression"":{""score"":0},""BR3_retest"":{""score"":50.0},""BR4_bo_age"":{""score"":50.0},""_score"":27.54},""risk"":{""R1_stop_clarity"":{""score"":15.813483350870271},""R2_stop_distance_pct"":{""value"":2.9125891220207722,""score"":100.0},""R3_stop_distance_atr"":{""value"":0.8292277355692338,""score"":66.4613867784617},""R4_rr_potential"":{""value"":3.4732373285587443,""score"":100.0},""_score"":65.5},""market"":{""M1_spy_regime"":{""score"":100.0},""M3_earnings_risk"":{""value"":null,""score"":80.0},""M4_vix"":{""value"":null,""score"":60.0},""_score"":84.0},""liquidity"":{""L1_price"":{""value"":245.45,""score"":100.0},""L2_dollar_vol"":{""value"":187982867.38356742,""score"":100.0},""L3_spread_proxy"":{""value"":0.023304135261764104,""score"":76.6958647382359},""L4_volume_zscore"":{""value"":-2.045217221934901,""score"":100.0},""_score"":97.67},""pattern_structure"":{""pole_low"":239.99,""pole_low_idx"":26,""peak_price"":255.135,""peak_idx"":51,""pole_gain"":0.06310679611650477,""flag_bars"":8,""flag_low"":241.93,""flag_high"":254.13,""structural_low"":241.93,""current_price"":245.19,""neckline_distance_pct"":0.040560381744769336,""base_bars"":8},""pattern_geometry_features"":{""pole_gain"":0.06310679611650477,""pullback_pct"":0.051756913006839454,""flag_range_pct"":0.04781782193740564,""flag_drift_per_bar"":-0.00504589249542151,""atr_pct"":0.03512411605505922,""pole_atr_multiple"":1.7966799795781616},""_schema_version"":""1.0""}",,,,,,,,,,
20260508T185417Z-990aff,2026-05-08T18:54:17.243985+00:00,ASTS,bull_flag,absent,42.92,13.3,32.8,56.3,43.0,44.4,54.0,40.6,84.0,90.0,1.87,9.85,5.07,4.3,6.22,4.86,1.22,5.04,4.5,True,trend_floor,72.99,73.7499,64.025,84.0698,"{""trend"":{""T1_ema_stack"":{""value"":[false,false,true],""score"":33.33333333333333},""T2_ema50_slope"":{""value"":-0.5711256968342241,""score"":0},""T3_high_proximity"":{""value"":0.6958718657641338,""score"":0},""T4_rs_1m"":{""value"":-0.2880067844689649,""score"":0},""T5_rs_3m"":{""value"":-0.3508671688820161,""score"":0},""T6_adr_healthy"":{""value"":7.768030672083576,""score"":100.0},""_score"":13.33},""geometry"":{""sub_pole_impulse"":26.1,""sub_flag_tightness"":0,""sub_flag_shallowness"":0,""sub_flag_drift"":100,""sub_flag_duration"":100.0,""_score"":32.83},""compression"":{""VC1_atr_ratio"":{""value"":0.5847502138928599,""score"":100},""VC2_range_contraction"":{""value"":0.838785592368652,""score"":26.869067938558},""VC3_range_pct_rank"":{""score"":27.500000000000004},""_score"":56.28},""sr_quality"":{""SR1_touches"":{""value"":3,""score"":50.0},""SR2_tightness"":{""value"":0.6666499997916594,""score"":77.03576851209408},""SR3_recency"":{""value"":272,""score"":0.0},""SR4_price_location"":{""score"":5.964026506784432},""SR5_reaction"":{""value"":2.7942427232322635,""score"":100},""_score"":43.05,""_levels_found"":9,""_target_level"":77.9567},""volume"":{""V1_rvol_day"":{""value"":0.7814670937265764,""score"":18.76447291510509},""V2_rvol_sameslot"":{""value"":1.7202682419883808,""score"":81.35121613255872,""status"":""ok""},""V3_breakout_bar"":{""value"":1.0297443442418757,""score"":35.31628961612505},""V4_base_dryup"":{""value"":0.7212239675128622,""score"":77.87760324871378},""V5_bo_expansion"":{""value"":0.7814670937265766,""score"":0},""_score"":44.43},""readiness"":{""_distance_atr"":0.131,""BR1_atr_distance"":{""score"":91.27452210649598},""BR2_compression"":{""score"":0},""BR3_retest"":{""score"":50.0},""BR4_bo_age"":{""score"":50.0},""_score"":54.01},""risk"":{""R1_stop_clarity"":{""score"":66.4139717877365},""R2_stop_distance_pct"":{""value"":12.282504452664735,""score"":0.0},""R3_stop_distance_atr"":{""value"":1.5440961175535577,""score"":100.0},""R4_rr_potential"":{""value"":1.2358951477969888,""score"":11.794757389849442},""_score"":40.6},""market"":{""M1_spy_regime"":{""score"":100.0},""M3_earnings_risk"":{""value"":null,""score"":80.0},""M4_vix"":{""value"":null,""score"":60.0},""_score"":84.0},""liquidity"":{""L1_price"":{""value"":72.99,""score"":100.0},""L2_dollar_vol"":{""value"":1049078837.1848112,""score"":100.0},""L3_spread_proxy"":{""value"":0.10330182216742029,""score"":0},""L4_volume_zscore"":{""value"":-0.5642541396438344,""score"":100.0},""_score"":90.0},""pattern_structure"":{""pole_low"":63.43,""pole_low_idx"":42,""peak_price"":73.7499,""peak_idx"":49,""pole_gain"":0.16269746176887903,""flag_bars"":10,""flag_low"":65.0,""flag_high"":73.4899,""structural_low"":65.0,""current_price"":73.3901,""neckline_distance_pct"":0.004902568602577088,""base_bars"":10},""pattern_geometry_features"":{""pole_gain"":0.16269746176887903,""pullback_pct"":0.11864287273609858,""flag_range_pct"":0.1151174442270431,""flag_drift_per_bar"":0.009499274796910347,""atr_pct"":0.07954494744876987,""pole_atr_multiple"":2.0453525583590673},""_schema_version"":""1.0""}",,,,,,,,,,
20260508T185417Z-990aff,2026-05-08T18:54:17.243985+00:00,SMR,bull_flag,absent,42.9,36.5,22.7,57.6,46.8,43.4,31.0,83.8,84.0,93.8,5.11,6.82,5.18,4.68,6.07,2.79,2.52,5.04,4.69,False,,12.255,13.5,11.4457,15.42,"{""trend"":{""T1_ema_stack"":{""value"":[true,false,false],""score"":33.33333333333333},""T2_ema50_slope"":{""value"":-0.1480881355530144,""score"":25.318644074497602},""T3_high_proximity"":{""value"":0.6931561085972852,""score"":0},""T4_rs_1m"":{""value"":0.23298807100180707,""score"":100},""T5_rs_3m"":{""value"":-0.3688444345823967,""score"":0},""T6_adr_healthy"":{""value"":9.500695176662816,""score"":62.48262058342959},""_score"":36.52},""geometry"":{""sub_pole_impulse"":15.6,""sub_flag_tightness"":0,""sub_flag_shallowness"":0,""sub_flag_drift"":53.7,""sub_flag_duration"":100.0,""_score"":22.73},""compression"":{""VC1_atr_ratio"":{""value"":0.6941277594014474,""score"":76.46806014963813},""VC2_range_contraction"":{""value"":0.8302064151221707,""score"":28.298930812971545},""VC3_range_pct_rank"":{""score"":68.33333333333333},""_score"":57.58},""sr_quality"":{""SR1_touches"":{""value"":3,""score"":50.0},""SR2_tightness"":{""value"":0.2930986788703686,""score"":53.17004092321467},""SR3_recency"":{""value"":234,""score"":0.0},""SR4_price_location"":{""score"":35.33381435422947},""SR5_reaction"":{""value"":3.4230814588254987,""score"":100},""_score"":46.81,""_levels_found"":7,""_target_level"":14.2865},""volume"":{""V1_rvol_day"":{""value"":0.6627770892642177,""score"":10.85180595094785},""V2_rvol_sameslot"":{""value"":1.6778308264958266,""score"":78.52205509972178,""status"":""ok""},""V3_breakout_bar"":{""value"":0.9926518417113926,""score"":32.843456114092845},""V4_base_dryup"":{""value"":0.6345949510569918,""score"":86.54050489430082},""V5_bo_expansion"":{""value"":0.6627770892642175,""score"":0},""_score"":43.39},""readiness"":{""_distance_atr"":0.995,""BR1_atr_distance"":{""score"":33.693208404186166},""BR2_compression"":{""score"":0},""BR3_retest"":{""score"":50.0},""BR4_bo_age"":{""score"":50.0},""_score"":30.98},""risk"":{""R1_stop_clarity"":{""score"":72.15114752975808},""R2_stop_distance_pct"":{""value"":6.603835169318663,""score"":100.0},""R3_stop_distance_atr"":{""value"":0.6465311619095461,""score"":57.32655809547731},""R4_rr_potential"":{""value"":3.9107870999629197,""score"":100.0},""_score"":83.85},""market"":{""M1_spy_regime"":{""score"":100.0},""M3_earnings_risk"":{""value"":null,""score"":80.0},""M4_vix"":{""value"":null,""score"":60.0},""_score"":84.0},""liquidity"":{""L1_price"":{""value"":12.255,""score"":100.0},""L2_dollar_vol"":{""value"":319661879.93551266,""score"":100.0},""L3_spread_proxy"":{""value"":0.06242350061199515,""score"":37.57649938800485},""L4_volume_zscore"":{""value"":-0.8063402429938841,""score"":100.0},""_score"":93.76},""pattern_structure"":{""pole_low"":11.58,""pole_low_idx"":37,""peak_price"":13.5,""peak_idx"":48,""pole_gain"":0.16580310880829016,""flag_bars"":11,""flag_low"":11.62,""flag_high"":13.23,""structural_low"":11.62,""current_price"":12.345,""neckline_distance_pct"":0.09356014580801938,""base_bars"":11},""pattern_geometry_features"":{""pole_gain"":0.16580310880829016,""pullback_pct"":0.1392592592592593,""flag_range_pct"":0.11925925925925934,""flag_drift_per_bar"":-0.00926654147796306,""atr_pct"":0.10214256571661712,""pole_atr_multiple"":1.6232518504409998},""_schema_version"":""1.0""}",,,,,,,,,,
20260508T185417Z-990aff,2026-05-08T18:54:17.243985+00:00,ESLT,double_bottom,absent,42.72,48.0,36.4,45.8,49.8,15.6,17.5,64.6,84.0,68.7,7.2,9.11,3.67,6.97,2.03,1.4,3.88,5.04,3.43,True,risk_unclear;reversal_trend_cap,783.85,873.1,769.0978,965.39,"{""trend"":{""T1_ema_stack"":{""value"":[false,true,true],""score"":66.66666666666666},""T2_ema50_slope"":{""value"":0.03901861958482918,""score"":56.5031032641382},""T3_high_proximity"":{""value"":0.7727761182258239,""score"":0},""T4_rs_1m"":{""value"":-0.2405154938292694,""score"":0},""T5_rs_3m"":{""value"":0.11079009097851067,""score"":100},""T6_adr_healthy"":{""value"":2.9855485078872186,""score"":100.0},""_score"":47.97},""geometry"":{""sub_low_similarity"":30.0,""sub_bounce_quality"":100,""sub_separation_fit"":0.0,""sub_right_bottom_reaction"":9.6,""sub_base_context"":30.0,""_score"":36.44},""compression"":{""VC1_atr_ratio"":{""value"":0.4743080507798739,""score"":100},""VC2_range_contraction"":{""value"":1.061956853197358,""score"":0},""VC3_range_pct_rank"":{""score"":23.33333333333333},""_score"":45.83},""sr_quality"":{""SR1_touches"":{""value"":2,""score"":25.0},""SR2_tightness"":{""value"":4.694999999999993,""score"":69.2489789425916},""SR3_recency"":{""value"":233,""score"":0.0},""SR4_price_location"":{""score"":67.59797628936043},""SR5_reaction"":{""value"":2.5804167504877196,""score"":100},""_score"":49.79,""_levels_found"":3,""_target_level"":805.305},""volume"":{""V1_rvol_day"":{""value"":0.9118448844342041,""score"":27.45632562894694},""V2_rvol_sameslot"":{""value"":0.8375550741226829,""score"":22.503671608178863,""status"":""ok""},""V3_breakout_bar"":{""value"":0.27814138763897694,""score"":0},""V4_base_dryup"":{""value"":1.2197730326164593,""score"":28.02269673835407},""V5_bo_expansion"":{""value"":0.9118448844342041,""score"":0},""_score"":15.6},""readiness"":{""_distance_atr"":2.923,""BR1_atr_distance"":{""score"":0},""BR2_compression"":{""score"":0},""BR3_retest"":{""score"":50.0},""BR4_bo_age"":{""score"":50.0},""_score"":17.5},""risk"":{""R1_stop_clarity"":{""score"":23.28848322097373},""R2_stop_distance_pct"":{""value"":1.8820118645149124,""score"":97.05029661287281},""R3_stop_distance_atr"":{""value"":0.4831136052098534,""score"":49.15568026049267},""R4_rr_potential"":{""value"":12.306002853821195,""score"":100.0},""_score"":64.64},""market"":{""M1_spy_regime"":{""score"":100.0},""M3_earnings_risk"":{""value"":null,""score"":80.0},""M4_vix"":{""value"":null,""score"":60.0},""_score"":84.0},""liquidity"":{""L1_price"":{""value"":783.85,""score"":0.0},""L2_dollar_vol"":{""value"":74433200.519011,""score"":93.58833467111852},""L3_spread_proxy"":{""value"":0.03741787331759908,""score"":62.58212668240092},""L4_volume_zscore"":{""value"":-0.326748816239403,""score"":100.0},""_score"":68.69},""pattern_structure"":{""left_low"":808.62,""left_idx"":24,""right_low"":780.81,""right_idx"":71,""separation_bars"":47,""structural_low"":780.81,""current_price"":780.76,""neckline_distance_pct"":0.11826937855422925,""base_bars"":47},""pattern_geometry_features"":{""low_similarity_pct"":0.034993676978539556,""bounce_pct"":0.11819776898349162,""right_bottom_reaction"":0.0957746478873246,""atr_pct"":0.03895588623916749},""_schema_version"":""1.0""}",,,,,,,,,,
20260508T185417Z-990aff,2026-05-08T18:54:17.243985+00:00,ROP,double_bottom,absent,42.71,24.6,43.2,54.8,44.6,19.1,17.5,63.7,84.0,97.0,3.69,10.79,4.38,6.25,2.48,1.4,3.82,5.04,4.85,True,risk_unclear;reversal_trend_cap,347.9865,363.6,335.5698,386.52,"{""trend"":{""T1_ema_stack"":{""value"":[false,false,false],""score"":0.0},""T2_ema50_slope"":{""value"":-0.04208455931807167,""score"":42.985906780321386},""T3_high_proximity"":{""value"":0.9469020408163265,""score"":73.4510204081632},""T4_rs_1m"":{""value"":-0.09016571997537581,""score"":0},""T5_rs_3m"":{""value"":-0.10775705429762605,""score"":0},""T6_adr_healthy"":{""value"":2.4852424420249,""score"":100.0},""_score"":24.61},""geometry"":{""sub_low_similarity"":38.4,""sub_bounce_quality"":53.3,""sub_separation_fit"":0.0,""sub_right_bottom_reaction"":100,""sub_base_context"":30.0,""_score"":43.18},""compression"":{""VC1_atr_ratio"":{""value"":0.3088272650332486,""score"":100},""VC2_range_contraction"":{""value"":0.8392176950133783,""score"":26.79705083110362},""VC3_range_pct_rank"":{""score"":21.666666666666668},""_score"":54.8},""sr_quality"":{""SR1_touches"":{""value"":3,""score"":50.0},""SR2_tightness"":{""value"":1.6606290642069668,""score"":64.65470911020694},""SR3_recency"":{""value"":228,""score"":0.0},""SR4_price_location"":{""score"":19.761335582026277},""SR5_reaction"":{""value"":2.161063707138467,""score"":100},""_score"":44.64,""_levels_found"":4,""_target_level"":362.3467},""volume"":{""V1_rvol_day"":{""value"":0.4712645698729812,""score"":0},""V2_rvol_sameslot"":{""value"":0.6332002704025235,""score"":8.880018026834897,""status"":""ok""},""V3_breakout_bar"":{""value"":0.6302678467791627,""score"":8.684523118610848},""V4_base_dryup"":{""value"":0.741976352942631,""score"":75.8023647057369},""V5_bo_expansion"":{""value"":0.47126456987298126,""score"":0},""_score"":19.11},""readiness"":{""_distance_atr"":1.662,""BR1_atr_distance"":{""score"":0},""BR2_compression"":{""score"":0},""BR3_retest"":{""score"":50.0},""BR4_bo_age"":{""score"":50.0},""_score"":17.5},""risk"":{""R1_stop_clarity"":{""score"":0},""R2_stop_distance_pct"":{""value"":3.568155661210993,""score"":100.0},""R3_stop_distance_atr"":{""value"":1.3214024818988597,""score"":91.07012409494298},""R4_rr_potential"":{""value"":3.1033607963468626,""score"":100.0},""_score"":63.66},""market"":{""M1_spy_regime"":{""score"":100.0},""M3_earnings_risk"":{""value"":null,""score"":80.0},""M4_vix"":{""value"":null,""score"":60.0},""_score"":84.0},""liquidity"":{""L1_price"":{""value"":347.9865,""score"":100.0},""L2_dollar_vol"":{""value"":189314130.62425965,""score"":100.0},""L3_spread_proxy"":{""value"":0.03054716203071095,""score"":69.45283796928905},""L4_volume_zscore"":{""value"":-2.368612595272714,""score"":100.0},""_score"":96.95},""pattern_structure"":{""left_low"":351.33,""left_idx"":26,""right_low"":340.68,""right_idx"":76,""separation_bars"":50,""structural_low"":340.68,""current_price"":347.915,""neckline_distance_pct"":0.04508285069629076,""base_bars"":50},""pattern_geometry_features"":{""low_similarity_pct"":0.03077990202453715,""bounce_pct"":0.06727721028531178,""right_bottom_reaction"":1.0,""atr_pct"":0.027002792185493264},""_schema_version"":""1.0""}",,,,,,,,,,
20260508T185417Z-990aff,2026-05-08T18:54:17.243985+00:00,LEU,bull_flag,absent,42.56,42.5,31.6,43.1,69.4,14.5,22.7,81.0,84.0,95.0,5.96,9.49,3.88,6.94,2.02,2.04,2.43,5.04,4.75,False,,206.505,235.0,197.2463,271.7,"{""trend"":{""T1_ema_stack"":{""value"":[true,false,false],""score"":33.33333333333333},""T2_ema50_slope"":{""value"":-0.023775699082697936,""score"":46.03738348621701},""T3_high_proximity"":{""value"":0.7475564726324935,""score"":0},""T4_rs_1m"":{""value"":0.06141364398216442,""score"":100},""T5_rs_3m"":{""value"":-0.2841422877916965,""score"":0},""T6_adr_healthy"":{""value"":7.437498067304163,""score"":100.0},""_score"":42.54},""geometry"":{""sub_pole_impulse"":27.2,""sub_flag_tightness"":5.2,""sub_flag_shallowness"":0,""sub_flag_drift"":81.2,""sub_flag_duration"":100.0,""_score"":31.64},""compression"":{""VC1_atr_ratio"":{""value"":0.7747363884983286,""score"":56.31590287541785},""VC2_range_contraction"":{""value"":1.128688844082327,""score"":0},""VC3_range_pct_rank"":{""score"":82.5},""_score"":43.15},""sr_quality"":{""SR1_touches"":{""value"":5,""score"":100},""SR2_tightness"":{""value"":4.098243953695287,""score"":55.208315656144414},""SR3_recency"":{""value"":239,""score"":0.0},""SR4_price_location"":{""score"":65.31369505130436},""SR5_reaction"":{""value"":1.9693757470105915,""score"":98.46878735052957},""_score"":69.38,""_levels_found"":7,""_target_level"":216.5821},""volume"":{""V1_rvol_day"":{""value"":0.5499816498730236,""score"":3.332109991534904},""V2_rvol_sameslot"":{""value"":0.7011389028877131,""score"":13.409260192514205,""status"":""ok""},""V3_breakout_bar"":{""value"":0.3629784694142226,""score"":0},""V4_base_dryup"":{""value"":0.9443572476318955,""score"":55.564275236810445},""V5_bo_expansion"":{""value"":0.5499816498730236,""score"":0},""_score"":14.46},""readiness"":{""_distance_atr"":1.557,""BR1_atr_distance"":{""score"":0},""BR2_compression"":{""score"":20.649653126488126},""BR3_retest"":{""score"":50.0},""BR4_bo_age"":{""score"":50.0},""_score"":22.66},""risk"":{""R1_stop_clarity"":{""score"":67.1705514470245},""R2_stop_distance_pct"":{""value"":4.4834999152562816,""score"":100.0},""R3_stop_distance_atr"":{""value"":0.5059613338340069,""score"":50.29806669170034},""R4_rr_potential"":{""value"":7.041522191433612,""score"":100.0},""_score"":81.05},""market"":{""M1_spy_regime"":{""score"":100.0},""M3_earnings_risk"":{""value"":null,""score"":80.0},""M4_vix"":{""value"":null,""score"":60.0},""_score"":84.0},""liquidity"":{""L1_price"":{""value"":206.505,""score"":100.0},""L2_dollar_vol"":{""value"":105378925.3677769,""score"":100.0},""L3_spread_proxy"":{""value"":0.049635117793758,""score"":50.364882206241994},""L4_volume_zscore"":{""value"":-1.2506227500914042,""score"":100.0},""_score"":95.04},""pattern_structure"":{""pole_low"":198.3,""pole_low_idx"":43,""peak_price"":235.0,""peak_idx"":49,""pole_gain"":0.18507312153303068,""flag_bars"":10,""flag_low"":200.2501,""flag_high"":224.9799,""structural_low"":200.2501,""current_price"":207.65,""neckline_distance_pct"":0.13171201541054656,""base_bars"":10},""pattern_geometry_features"":{""pole_gain"":0.18507312153303068,""pullback_pct"":0.147871914893617,""flag_range_pct"":0.10523319148936162,""flag_drift_per_bar"":-0.0037614517435369675,""atr_pct"":0.08861348912340414,""pole_atr_multiple"":2.088543441453883},""_schema_version"":""1.0""}",,,,,,,,,,
20260508T185417Z-990aff,2026-05-08T18:54:17.243985+00:00,CCJ,bull_flag,absent,42.55,52.8,29.3,42.6,53.4,11.9,37.0,77.7,84.0,96.2,7.39,8.8,3.83,5.34,1.67,3.33,2.33,5.04,4.81,False,,117.069,124.7199,111.6005,137.5829,"{""trend"":{""T1_ema_stack"":{""value"":[false,true,true],""score"":66.66666666666666},""T2_ema50_slope"":{""value"":0.2115973682973853,""score"":85.26622804956422},""T3_high_proximity"":{""value"":0.9256661658891437,""score"":62.83308294457185},""T4_rs_1m"":{""value"":-0.07152035227849796,""score"":0},""T5_rs_3m"":{""value"":-0.03766681869865662,""score"":31.166590650671687},""T6_adr_healthy"":{""value"":5.043661114673557,""score"":100.0},""_score"":52.82},""geometry"":{""sub_pole_impulse"":22.8,""sub_flag_tightness"":0,""sub_flag_shallowness"":0,""sub_flag_drift"":100,""sub_flag_duration"":75.0,""_score"":29.34},""compression"":{""VC1_atr_ratio"":{""value"":0.7471582773456638,""score"":63.21043066358406},""VC2_range_contraction"":{""value"":1.1620031402146043,""score"":0},""VC3_range_pct_rank"":{""score"":69.16666666666667},""_score"":42.58},""sr_quality"":{""SR1_touches"":{""value"":4,""score"":75.0},""SR2_tightness"":{""value"":1.7538868840022146,""score"":50.153842891996405},""SR3_recency"":{""value"":226,""score"":0.0},""SR4_price_location"":{""score"":39.36340219786339},""SR5_reaction"":{""value"":1.8049792531120328,""score"":90.24896265560164},""_score"":53.4,""_levels_found"":6,""_target_level"":122.144},""volume"":{""V1_rvol_day"":{""value"":0.4419465739625789,""score"":0},""V2_rvol_sameslot"":{""value"":0.5114453885496357,""score"":0.7630259033090485,""status"":""ok""},""V3_breakout_bar"":{""value"":0.3836291658775394,""score"":0},""V4_base_dryup"":{""value"":0.9101980823156769,""score"":58.98019176843231},""V5_bo_expansion"":{""value"":0.44194657396257897,""score"":0},""_score"":11.95},""readiness"":{""_distance_atr"":1.087,""BR1_atr_distance"":{""score"":27.519467970215487},""BR2_compression"":{""score"":33.7687863652304},""BR3_retest"":{""score"":50.0},""BR4_bo_age"":{""score"":50.0},""_score"":36.95},""risk"":{""R1_stop_clarity"":{""score"":51.69953958960949},""R2_stop_distance_pct"":{""value"":4.671176827341146,""score"":100.0},""R3_stop_distance_atr"":{""value"":0.7770846359347475,""score"":63.85423179673737},""R4_rr_potential"":{""value"":3.7512846301545157,""score"":100.0},""_score"":77.67},""market"":{""M1_spy_regime"":{""score"":100.0},""M3_earnings_risk"":{""value"":null,""score"":80.0},""M4_vix"":{""value"":null,""score"":60.0},""_score"":84.0},""liquidity"":{""L1_price"":{""value"":117.069,""score"":100.0},""L2_dollar_vol"":{""value"":165299792.3663691,""score"":100.0},""L3_spread_proxy"":{""value"":0.03745654272266787,""score"":62.54345727733213},""L4_volume_zscore"":{""value"":-1.9096228206825339,""score"":100.0},""_score"":96.25},""pattern_structure"":{""pole_low"":111.8569,""pole_low_idx"":13,""peak_price"":124.7199,""peak_idx"":37,""pole_gain"":0.1149951411133332,""flag_bars"":22,""flag_low"":113.3,""flag_high"":124.57,""structural_low"":113.3,""current_price"":117.19,""neckline_distance_pct"":0.06425377591944703,""base_bars"":22},""pattern_geometry_features"":{""pole_gain"":0.1149951411133332,""pullback_pct"":0.09156437745700564,""flag_range_pct"":0.09036248425471795,""flag_drift_per_bar"":0.0003439640530281295,""atr_pct"":0.06011155814092544,""pole_atr_multiple"":1.9130287863065998},""_schema_version"":""1.0""}",,,,,,,,,,
20260508T185417Z-990aff,2026-05-08T18:54:17.243985+00:00,TEM,bull_flag,absent,42.54,33.2,27.1,50.9,75.5,27.7,17.5,80.3,84.0,94.3,4.66,8.14,4.58,7.55,3.88,1.57,2.41,5.04,4.72,False,,48.83,56.4078,46.0487,63.91,"{""trend"":{""T1_ema_stack"":{""value"":[false,false,false],""score"":0.0},""T2_ema50_slope"":{""value"":0.08921196833122116,""score"":64.86866138853686},""T3_high_proximity"":{""value"":0.8143762508338892,""score"":7.18812541694458},""T4_rs_1m"":{""value"":0.020997947112139093,""score"":70.99794711213909},""T5_rs_3m"":{""value"":-0.17865835713138345,""score"":0},""T6_adr_healthy"":{""value"":6.3291413891652635,""score"":100.0},""_score"":33.25},""geometry"":{""sub_pole_impulse"":31.0,""sub_flag_tightness"":0,""sub_flag_shallowness"":0,""sub_flag_drift"":68.8,""sub_flag_duration"":75.0,""_score"":27.12},""compression"":{""VC1_atr_ratio"":{""value"":0.5837291223349506,""score"":100},""VC2_range_contraction"":{""value"":0.9672823342010707,""score"":5.452944299821554},""VC3_range_pct_rank"":{""score"":35.83333333333333},""_score"":50.87},""sr_quality"":{""SR1_touches"":{""value"":8,""score"":100},""SR2_tightness"":{""value"":0.7277165382207559,""score"":56.5089836115592},""SR3_recency"":{""value"":230,""score"":0.0},""SR4_price_location"":{""score"":88.24143692564742},""SR5_reaction"":{""value"":2.2118686394371987,""score"":100},""_score"":75.54,""_levels_found"":5,""_target_level"":49.7308},""volume"":{""V1_rvol_day"":{""value"":1.3771859486214701,""score"":58.47906324143134},""V2_rvol_sameslot"":{""value"":1.294013241856177,""score"":52.934216123745124,""status"":""ok""},""V3_breakout_bar"":{""value"":0.4313904324358658,""score"":0},""V4_base_dryup"":{""value"":1.4178332531372986,""score"":8.216674686270139},""V5_bo_expansion"":{""value"":1.3771859486214701,""score"":25.14572990809801},""_score"":27.7},""readiness"":{""_distance_atr"":2.264,""BR1_atr_distance"":{""score"":0},""BR2_compression"":{""score"":0},""BR3_retest"":{""score"":50.0},""BR4_bo_age"":{""score"":50.0},""_score"":17.5},""risk"":{""R1_stop_clarity"":{""score"":58.090721262208746},""R2_stop_distance_pct"":{""value"":5.695781281998771,""score"":100.0},""R3_stop_distance_atr"":{""value"":0.8310886380711704,""score"":66.55443190355852},""R4_rr_potential"":{""value"":5.422022471910115,""score"":100.0},""_score"":80.31},""market"":{""M1_spy_regime"":{""score"":100.0},""M3_earnings_risk"":{""value"":null,""score"":80.0},""M4_vix"":{""value"":null,""score"":60.0},""_score"":84.0},""liquidity"":{""L1_price"":{""value"":48.83,""score"":100.0},""L2_dollar_vol"":{""value"":422429037.1242717,""score"":100.0},""L3_spread_proxy"":{""value"":0.05652262953102597,""score"":43.47737046897403},""L4_volume_zscore"":{""value"":0.8745033361955002,""score"":100.0},""_score"":94.35},""pattern_structure"":{""pole_low"":48.9056,""pole_low_idx"":17,""peak_price"":56.4078,""peak_idx"":37,""pole_gain"":0.15340165543414255,""flag_bars"":22,""flag_low"":46.75,""flag_high"":54.58,""structural_low"":46.75,""current_price"":48.93,""neckline_distance_pct"":0.15282648681790317,""base_bars"":22},""pattern_geometry_features"":{""pole_gain"":0.15340165543414255,""pullback_pct"":0.1712139101329958,""flag_range_pct"":0.13881059002478377,""flag_drift_per_bar"":-0.006246261757684448,""atr_pct"":0.06853398086656327,""pole_atr_multiple"":2.238329854686509},""_schema_version"":""1.0""}",,,,,,,,,,
20260508T185417Z-990aff,2026-05-08T18:54:17.243985+00:00,RTX,double_bottom,absent,42.4,15.9,34.5,73.1,43.3,18.8,55.1,44.3,84.0,98.6,2.39,8.62,5.85,6.06,2.45,4.41,2.66,5.04,4.93,True,risk_unclear;reversal_trend_cap,177.005,178.09,170.0553,183.535,"{""trend"":{""T1_ema_stack"":{""value"":[false,false,true],""score"":33.33333333333333},""T2_ema50_slope"":{""value"":-0.3077520333631756,""score"":0},""T3_high_proximity"":{""value"":0.8342995852187028,""score"":17.1497926093514},""T4_rs_1m"":{""value"":-0.2136233954629192,""score"":0},""T5_rs_3m"":{""value"":-0.17693704928228926,""score"":0},""T6_adr_healthy"":{""value"":2.5237302612941597,""score"":100.0},""_score"":15.91},""geometry"":{""sub_low_similarity"":77.5,""sub_bounce_quality"":2.2,""sub_separation_fit"":0.0,""sub_right_bottom_reaction"":32.0,""sub_base_context"":30.0,""_score"":34.49},""compression"":{""VC1_atr_ratio"":{""value"":0.3460561574808847,""score"":100},""VC2_range_contraction"":{""value"":0.796204506987107,""score"":33.96591550214884},""VC3_range_pct_rank"":{""score"":85.0},""_score"":73.14},""sr_quality"":{""SR1_touches"":{""value"":3,""score"":50.0},""SR2_tightness"":{""value"":1.011196918947488,""score"":59.14344091825714},""SR3_recency"":{""value"":305,""score"":0.0},""SR4_price_location"":{""score"":17.594961894934375},""SR5_reaction"":{""value"":2.5633811352990903,""score"":100},""_score"":43.27,""_levels_found"":8,""_target_level"":182.9413},""volume"":{""V1_rvol_day"":{""value"":0.593935514598411,""score"":6.262367639894066},""V2_rvol_sameslot"":{""value"":0.8283726517918645,""score"":21.89151011945763,""status"":""ok""},""V3_breakout_bar"":{""value"":0.6300793900632327,""score"":8.671959337548845},""V4_base_dryup"":{""value"":0.9493308910265291,""score"":55.066910897347086},""V5_bo_expansion"":{""value"":0.593935514598411,""score"":0},""_score"":18.81},""readiness"":{""_distance_atr"":0.219,""BR1_atr_distance"":{""score"":85.38716321451616},""BR2_compression"":{""score"":13.898510717951657},""BR3_retest"":{""score"":50.0},""BR4_bo_age"":{""score"":50.0},""_score"":55.13},""risk"":{""R1_stop_clarity"":{""score"":0},""R2_stop_distance_pct"":{""value"":3.9262591452218785,""score"":100.0},""R3_stop_distance_atr"":{""value"":1.4039787993616102,""score"":95.19893996808051},""R4_rr_potential"":{""value"":0.9396122840276726,""score"":0.0},""_score"":44.28},""market"":{""M1_spy_regime"":{""score"":100.0},""M3_earnings_risk"":{""value"":null,""score"":80.0},""M4_vix"":{""value"":null,""score"":60.0},""_score"":84.0},""liquidity"":{""L1_price"":{""value"":177.005,""score"":100.0},""L2_dollar_vol"":{""value"":584547590.9943017,""score"":100.0},""L3_spread_proxy"":{""value"":0.013671930171464173,""score"":86.32806982853583},""L4_volume_zscore"":{""value"":-1.2607603002220351,""score"":100.0},""_score"":98.63},""pattern_structure"":{""left_low"":172.645,""left_idx"":25,""right_low"":174.6,""right_idx"":75,""separation_bars"":50,""structural_low"":172.645,""current_price"":176.535,""neckline_distance_pct"":0.008808451581839334,""base_bars"":50},""pattern_geometry_features"":{""low_similarity_pct"":0.011260061339976006,""bounce_pct"":0.03153870659445679,""right_bottom_reaction"":0.3196347031963552,""atr_pct"":0.02796523100638806},""_schema_version"":""1.0""}",,,,,,,,,,
20260508T185417Z-990aff,2026-05-08T18:54:17.243985+00:00,ROP,vcp,absent,41.9,24.6,42.1,54.8,44.6,15.2,17.5,53.5,84.0,97.0,3.69,10.52,6.58,5.36,1.97,1.23,2.67,5.04,4.85,True,risk_unclear;trend_floor,347.9865,384.0,343.0066,427.5942,"{""trend"":{""T1_ema_stack"":{""value"":[false,false,false],""score"":0.0},""T2_ema50_slope"":{""value"":-0.04208455931807167,""score"":42.985906780321386},""T3_high_proximity"":{""value"":0.9469020408163265,""score"":73.4510204081632},""T4_rs_1m"":{""value"":-0.09016571997537581,""score"":0},""T5_rs_3m"":{""value"":-0.10775705429762605,""score"":0},""T6_adr_healthy"":{""value"":2.4852424420249,""score"":100.0},""_score"":24.61},""geometry"":{""sub_contraction_count"":100.0,""sub_reduction_rate"":0,""sub_pivot_tightness"":9.7,""sub_volume_dryup"":22.2,""sub_base_depth"":22.8,""sub_base_duration"":100.0,""_score"":42.06},""compression"":{""VC1_atr_ratio"":{""value"":0.3088272650332486,""score"":100},""VC2_range_contraction"":{""value"":0.8392176950133783,""score"":26.79705083110362},""VC3_range_pct_rank"":{""score"":21.666666666666668},""_score"":54.8},""sr_quality"":{""SR1_touches"":{""value"":3,""score"":50.0},""SR2_tightness"":{""value"":1.6606290642069668,""score"":64.65470911020694},""SR3_recency"":{""value"":228,""score"":0.0},""SR4_price_location"":{""score"":19.761335582026277},""SR5_reaction"":{""value"":2.161063707138467,""score"":100},""_score"":44.64,""_levels_found"":4,""_target_level"":362.3467},""volume"":{""V1_rvol_day"":{""value"":0.4712645698729812,""score"":0},""V2_rvol_sameslot"":{""value"":0.6332002704025235,""score"":8.880018026834897,""status"":""ok""},""V3_breakout_bar"":{""value"":0.6302678467791627,""score"":8.684523118610848},""V4_base_dryup"":{""value"":0.938871159756779,""score"":56.1128840243221},""V5_bo_expansion"":{""value"":0.47126456987298126,""score"":0},""_score"":15.17},""readiness"":{""_distance_atr"":3.833,""BR1_atr_distance"":{""score"":0},""BR2_compression"":{""score"":0},""BR3_retest"":{""score"":50.0},""BR4_bo_age"":{""score"":50.0},""_score"":17.5},""risk"":{""R1_stop_clarity"":{""score"":0},""R2_stop_distance_pct"":{""value"":1.4310756308075097,""score"":85.77689077018775},""R3_stop_distance_atr"":{""value"":0.5299732046141242,""score"":51.498660230706214},""R4_rr_potential"":{""value"":15.985642426128864,""score"":100.0},""_score"":53.46},""market"":{""M1_spy_regime"":{""score"":100.0},""M3_earnings_risk"":{""value"":null,""score"":80.0},""M4_vix"":{""value"":null,""score"":60.0},""_score"":84.0},""liquidity"":{""L1_price"":{""value"":347.9865,""score"":100.0},""L2_dollar_vol"":{""value"":189314130.62425965,""score"":100.0},""L3_spread_proxy"":{""value"":0.03054716203071095,""score"":69.45283796928905},""L4_volume_zscore"":{""value"":-2.368612595272714,""score"":100.0},""_score"":96.95},""pattern_structure"":{""n_contractions"":5,""contractions_pct"":[8.42,6.27,5.44,5.88,9.32],""descending_strict"":false,""final_low"":348.23,""final_pivot"":384.0,""structural_low"":348.23,""dry_up_ratio"":0.8890669670076857,""current_price"":347.9865,""neckline_distance_pct"":0.10349108370583349,""base_bars"":58,""recent_base_height"":43.5942},""pattern_geometry_features"":{""contraction_count"":5.0,""first_contraction_pct"":0.08423873681968266,""last_contraction_pct"":0.09315104166666661,""dry_up_ratio"":0.8890669670076857,""near_monotone"":0.0,""base_depth_pct"":0.07277132814996268},""_schema_version"":""1.0""}",,,,,,,,,,
20260508T185417Z-990aff,2026-05-08T18:54:17.243985+00:00,HON,double_bottom,absent,41.77,22.4,28.8,64.9,55.7,17.2,37.3,50.9,84.0,98.5,3.35,7.19,5.19,7.8,2.24,2.98,3.05,5.04,4.93,True,risk_unclear;reversal_trend_cap,213.995,218.26,207.3622,226.0,"{""trend"":{""T1_ema_stack"":{""value"":[false,false,true],""score"":33.33333333333333},""T2_ema50_slope"":{""value"":-0.17059943358654353,""score"":21.56676106890941},""T3_high_proximity"":{""value"":0.8627439122722143,""score"":31.371956136107105},""T4_rs_1m"":{""value"":-0.17822586312647626,""score"":0},""T5_rs_3m"":{""value"":-0.1702263691246796,""score"":0},""T6_adr_healthy"":{""value"":2.189739232422635,""score"":100.0},""_score"":22.35},""geometry"":{""sub_low_similarity"":67.1,""sub_bounce_quality"":9.7,""sub_separation_fit"":0.0,""sub_right_bottom_reaction"":4.7,""sub_base_context"":30.0,""_score"":28.77},""compression"":{""VC1_atr_ratio"":{""value"":0.48088971911246897,""score"":100},""VC2_range_contraction"":{""value"":0.8808140931823932,""score"":19.864317802934462},""VC3_range_pct_rank"":{""score"":71.66666666666667},""_score"":64.87},""sr_quality"":{""SR1_touches"":{""value"":4,""score"":75.0},""SR2_tightness"":{""value"":1.3000630398176845,""score"":52.64182679861893},""SR3_recency"":{""value"":246,""score"":0.0},""SR4_price_location"":{""score"":42.81210257601808},""SR5_reaction"":{""value"":1.943539825772005,""score"":97.17699128860025},""_score"":55.68,""_levels_found"":7,""_target_level"":221.707},""volume"":{""V1_rvol_day"":{""value"":0.3632813666694083,""score"":0},""V2_rvol_sameslot"":{""value"":0.6870135971544722,""score"":12.467573143631478,""status"":""ok""},""V3_breakout_bar"":{""value"":0.628159513741551,""score"":8.543967582770067},""V4_base_dryup"":{""value"":0.8708487863349295,""score"":62.91512136650705},""V5_bo_expansion"":{""value"":0.3632813666694083,""score"":0},""_score"":17.21},""readiness"":{""_distance_atr"":0.777,""BR1_atr_distance"":{""score"":48.212098819399095},""BR2_compression"":{""score"":2.0553506449430734},""BR3_retest"":{""score"":50.0},""BR4_bo_age"":{""score"":50.0},""_score"":37.3},""risk"":{""R1_stop_clarity"":{""score"":0},""R2_stop_distance_pct"":{""value"":3.099511670833432,""score"":100.0},""R3_stop_distance_atr"":{""value"":1.2080848450786317,""score"":85.40424225393159},""R4_rr_potential"":{""value"":1.8099445181522074,""score"":40.49722590761037},""_score"":50.91},""market"":{""M1_spy_regime"":{""score"":100.0},""M3_earnings_risk"":{""value"":null,""score"":80.0},""M4_vix"":{""value"":null,""score"":60.0},""_score"":84.0},""liquidity"":{""L1_price"":{""value"":213.995,""score"":100.0},""L2_dollar_vol"":{""value"":292610380.72581005,""score"":100.0},""L3_spread_proxy"":{""value"":0.014462954741933216,""score"":85.53704525806678},""L4_volume_zscore"":{""value"":-1.8231571763385714,""score"":100.0},""_score"":98.55},""pattern_structure"":{""left_low"":210.52,""left_idx"":23,""right_low"":214.01,""right_idx"":69,""separation_bars"":46,""structural_low"":210.52,""current_price"":213.835,""neckline_distance_pct"":0.02069352538171947,""base_bars"":46},""pattern_geometry_features"":{""low_similarity_pct"":0.016441712010929643,""bounce_pct"":0.036766102983089397,""right_bottom_reaction"":0.047058823529415775,""atr_pct"":0.0256564071924244},""_schema_version"":""1.0""}",,,,,,,,,,
20260508T185417Z-990aff,2026-05-08T18:54:17.243985+00:00,ETN,bull_flag,absent,41.71,59.8,21.9,48.7,53.0,13.8,33.7,72.4,84.0,98.0,8.37,6.58,4.39,5.3,1.93,3.04,2.17,5.04,4.9,True,risk_unclear,403.08,434.75,382.4361,467.85,"{""trend"":{""T1_ema_stack"":{""value"":[false,true,true],""score"":66.66666666666666},""T2_ema50_slope"":{""value"":0.3573935331351283,""score"":100},""T3_high_proximity"":{""value"":0.9308791944758782,""score"":65.43959723793907},""T4_rs_1m"":{""value"":-0.07816111650483881,""score"":0},""T5_rs_3m"":{""value"":0.010341252065648732,""score"":55.170626032824366},""T6_adr_healthy"":{""value"":3.1209296359649716,""score"":100.0},""_score"":59.76},""geometry"":{""sub_pole_impulse"":28.8,""sub_flag_tightness"":0,""sub_flag_shallowness"":0,""sub_flag_drift"":88.6,""sub_flag_duration"":0.0,""_score"":21.93},""compression"":{""VC1_atr_ratio"":{""value"":0.7084002983915777,""score"":72.89992540210557},""VC2_range_contraction"":{""value"":1.3400141706522744,""score"":0},""VC3_range_pct_rank"":{""score"":78.33333333333333},""_score"":48.74},""sr_quality"":{""SR1_touches"":{""value"":2,""score"":25.0},""SR2_tightness"":{""value"":3.4000000000000057,""score"":55.926497249109694},""SR3_recency"":{""value"":231,""score"":0.0},""SR4_price_location"":{""score"":88.47279110591},""SR5_reaction"":{""value"":2.340108554148372,""score"":100},""_score"":53.01,""_levels_found"":8,""_target_level"":405.05},""volume"":{""V1_rvol_day"":{""value"":0.5211446180001101,""score"":1.4096412000073424},""V2_rvol_sameslot"":{""value"":0.6474078501034818,""score"":9.827190006898785,""status"":""ok""},""V3_breakout_bar"":{""value"":0.4011216015627638,""score"":0},""V4_base_dryup"":{""value"":0.9223902204132574,""score"":57.76097795867427},""V5_bo_expansion"":{""value"":0.5211446180001101,""score"":0},""_score"":13.8},""readiness"":{""_distance_atr"":2.053,""BR1_atr_distance"":{""score"":0},""BR2_compression"":{""score"":64.93895568358387},""BR3_retest"":{""score"":50.0},""BR4_bo_age"":{""score"":50.0},""_score"":33.73},""risk"":{""R1_stop_clarity"":{""score"":24.5059786262033},""R2_stop_distance_pct"":{""value"":5.121539148556112,""score"":100.0},""R3_stop_distance_atr"":{""value"":1.3380132109398555,""score"":91.90066054699277},""R4_rr_potential"":{""value"":3.1374885559414705,""score"":100.0},""_score"":72.36},""market"":{""M1_spy_regime"":{""score"":100.0},""M3_earnings_risk"":{""value"":null,""score"":80.0},""M4_vix"":{""value"":null,""score"":60.0},""_score"":84.0},""liquidity"":{""L1_price"":{""value"":403.08,""score"":100.0},""L2_dollar_vol"":{""value"":566592026.9746593,""score"":100.0},""L3_spread_proxy"":{""value"":0.019475042175250628,""score"":80.52495782474938},""L4_volume_zscore"":{""value"":-1.1303687806536908,""score"":100.0},""_score"":98.05},""pattern_structure"":{""pole_low"":401.65,""pole_low_idx"":8,""peak_price"":434.75,""peak_idx"":31,""pole_gain"":0.08241005850865188,""flag_bars"":28,""flag_low"":388.26,""flag_high"":433.325,""structural_low"":388.26,""current_price"":403.51,""neckline_distance_pct"":0.07742063393720108,""base_bars"":28},""pattern_geometry_features"":{""pole_gain"":0.08241005850865188,""pullback_pct"":0.1069350201265095,""flag_range_pct"":0.10365727429557216,""flag_drift_per_bar"":-0.002289398277786187,""atr_pct"":0.03827719417627131,""pole_atr_multiple"":2.1529806528959035},""_schema_version"":""1.0""}",,,,,,,,,,
20260508T185417Z-990aff,2026-05-08T18:54:17.243985+00:00,AXON,bull_flag,absent,41.58,24.9,39.4,41.5,69.5,16.1,17.5,74.5,84.0,90.0,3.48,11.81,3.73,6.95,2.25,1.57,2.23,5.04,4.5,True,trend_floor,398.445,438.97,386.6716,508.5127,"{""trend"":{""T1_ema_stack"":{""value"":[false,false,false],""score"":0.0},""T2_ema50_slope"":{""value"":-0.5152855704142068,""score"":0},""T3_high_proximity"":{""value"":0.6880536704139253,""score"":0},""T4_rs_1m"":{""value"":0.04935082341820096,""score"":99.35082341820096},""T5_rs_3m"":{""value"":-0.10596889363899642,""score"":0},""T6_adr_healthy"":{""value"":5.190370039177701,""score"":100.0},""_score"":24.87},""geometry"":{""sub_pole_impulse"":57.6,""sub_flag_tightness"":18.9,""sub_flag_shallowness"":0,""sub_flag_drift"":49.1,""sub_flag_duration"":100.0,""_score"":39.37},""compression"":{""VC1_atr_ratio"":{""value"":0.49742551525718404,""score"":100},""VC2_range_contraction"":{""value"":1.0754879378078934,""score"":0},""VC3_range_pct_rank"":{""score"":5.833333333333335},""_score"":41.46},""sr_quality"":{""SR1_touches"":{""value"":5,""score"":100},""SR2_tightness"":{""value"":3.271657638812473,""score"":71.18027274050777},""SR3_recency"":{""value"":228,""score"":0.0},""SR4_price_location"":{""score"":55.39498771628537},""SR5_reaction"":{""value"":2.883050373418997,""score"":100},""_score"":69.53,""_levels_found"":5,""_target_level"":414.6621},""volume"":{""V1_rvol_day"":{""value"":1.004306607862143,""score"":33.620440524142865},""V2_rvol_sameslot"":{""value"":1.090676588672766,""score"":39.37843924485107,""status"":""ok""},""V3_breakout_bar"":{""value"":0.39564827515998763,""score"":0},""V4_base_dryup"":{""value"":1.4288491774099394,""score"":7.1150822590060585},""V5_bo_expansion"":{""value"":1.004306607862143,""score"":0.2871071908095324},""_score"":16.07},""readiness"":{""_distance_atr"":1.785,""BR1_atr_distance"":{""score"":0},""BR2_compression"":{""score"":0},""BR3_retest"":{""score"":50.0},""BR4_bo_age"":{""score"":50.0},""_score"":17.5},""risk"":{""R1_stop_clarity"":{""score"":48.12963313105367},""R2_stop_distance_pct"":{""value"":2.9548369285597715,""score"":100.0},""R3_stop_distance_atr"":{""value"":0.5185539172736675,""score"":50.927695863683375},""R4_rr_potential"":{""value"":9.348845703025484,""score"":100.0},""_score"":74.48},""market"":{""M1_spy_regime"":{""score"":100.0},""M3_earnings_risk"":{""value"":null,""score"":80.0},""M4_vix"":{""value"":null,""score"":60.0},""_score"":84.0},""liquidity"":{""L1_price"":{""value"":398.445,""score"":100.0},""L2_dollar_vol"":{""value"":462676653.93923897,""score"":100.0},""L3_spread_proxy"":{""value"":0.10089221849941646,""score"":0},""L4_volume_zscore"":{""value"":0.009533119906901477,""score"":100.0},""_score"":90.0},""pattern_structure"":{""pole_low"":369.4273,""pole_low_idx"":43,""peak_price"":438.97,""peak_idx"":50,""pole_gain"":0.18824461538170034,""flag_bars"":9,""flag_low"":392.56,""flag_high"":432.76,""structural_low"":392.56,""current_price"":398.645,""neckline_distance_pct"":0.10115516311505236,""base_bars"":9},""pattern_geometry_features"":{""pole_gain"":0.18824461538170034,""pullback_pct"":0.10572476479030463,""flag_range_pct"":0.09157801216484039,""flag_drift_per_bar"":-0.010179482998657945,""atr_pct"":0.056982250642228824,""pole_atr_multiple"":3.3035658167245967},""_schema_version"":""1.0""}",,,,,,,,,,
20260508T185417Z-990aff,2026-05-08T18:54:17.243985+00:00,TER,bull_flag,absent,41.32,70.2,29.6,15.6,38.6,8.1,43.8,80.3,84.0,96.2,9.82,8.89,1.41,3.86,1.14,3.94,2.41,5.04,4.81,False,,363.245,382.48,340.3766,428.31,"{""trend"":{""T1_ema_stack"":{""value"":[true,true,true],""score"":100.0},""T2_ema50_slope"":{""value"":0.5420708413104012,""score"":100},""T3_high_proximity"":{""value"":0.8688408916953694,""score"":34.42044584768467},""T4_rs_1m"":{""value"":-0.08740343478491097,""score"":0},""T5_rs_3m"":{""value"":0.14244114975069522,""score"":100},""T6_adr_healthy"":{""value"":4.922308077870324,""score"":100.0},""_score"":70.16},""geometry"":{""sub_pole_impulse"":19.6,""sub_flag_tightness"":0,""sub_flag_shallowness"":0,""sub_flag_drift"":91.7,""sub_flag_duration"":100.0,""_score"":29.64},""compression"":{""VC1_atr_ratio"":{""value"":1.2001073680183945,""score"":0},""VC2_range_contraction"":{""value"":1.5612231740380809,""score"":0},""VC3_range_pct_rank"":{""score"":62.5},""_score"":15.62},""sr_quality"":{""SR1_touches"":{""value"":2,""score"":25.0},""SR2_tightness"":{""value"":3.520849999999996,""score"":74.59636761128223},""SR3_recency"":{""value"":240,""score"":0.0},""SR4_price_location"":{""score"":30.0},""SR5_reaction"":{""value"":1.6573004797849462,""score"":82.8650239892473},""_score"":38.62,""_levels_found"":7,""_target_level"":348.4359},""volume"":{""V1_rvol_day"":{""value"":0.45710803721799,""score"":0},""V2_rvol_sameslot"":{""value"":1.005146896835466,""score"":33.676459789031064,""status"":""ok""},""V3_breakout_bar"":{""value"":0.5828184809529153,""score"":5.521232063527689},""V4_base_dryup"":{""value"":1.6839628708344185,""score"":0},""V5_bo_expansion"":{""value"":0.4571080372179901,""score"":0},""_score"":8.12},""readiness"":{""_distance_atr"":0.694,""BR1_atr_distance"":{""score"":53.738550918387396},""BR2_compression"":{""score"":19.109197922406228},""BR3_retest"":{""score"":50.0},""BR4_bo_age"":{""score"":50.0},""_score"":43.77},""risk"":{""R1_stop_clarity"":{""score"":62.60073899095957},""R2_stop_distance_pct"":{""value"":6.295585624027862,""score"":100.0},""R3_stop_distance_atr"":{""value"":0.8250002512435269,""score"":66.25001256217635},""R4_rr_potential"":{""value"":2.8451924926973478,""score"":92.2596246348674},""_score"":80.3},""market"":{""M1_spy_regime"":{""score"":100.0},""M3_earnings_risk"":{""value"":null,""score"":80.0},""M4_vix"":{""value"":null,""score"":60.0},""_score"":84.0},""liquidity"":{""L1_price"":{""value"":363.245,""score"":100.0},""L2_dollar_vol"":{""value"":605206961.3132309,""score"":100.0},""L3_spread_proxy"":{""value"":0.03752288400390919,""score"":62.47711599609081},""L4_volume_zscore"":{""value"":-0.743674525128587,""score"":100.0},""_score"":96.25},""pattern_structure"":{""pole_low"":336.65,""pole_low_idx"":25,""peak_price"":382.48,""peak_idx"":47,""pole_gain"":0.13613545225011153,""flag_bars"":12,""flag_low"":345.56,""flag_high"":381.93,""structural_low"":345.56,""current_price"":364.255,""neckline_distance_pct"":0.0500336302864752,""base_bars"":12},""pattern_geometry_features"":{""pole_gain"":0.13613545225011153,""pullback_pct"":0.09652792302865514,""flag_range_pct"":0.09508993934323363,""flag_drift_per_bar"":-0.0016632761207303712,""atr_pct"":0.07631010553679826,""pole_atr_multiple"":1.7839767261816233},""_schema_version"":""1.0""}",,,,,,,,,,
20260508T185417Z-990aff,2026-05-08T18:54:17.243985+00:00,CRM,bull_flag,absent,41.24,20.7,25.6,65.5,57.6,28.2,33.3,71.5,84.0,97.4,2.9,7.68,5.9,5.76,3.95,3.0,2.14,5.04,4.87,True,trend_floor,181.2,190.31,174.2268,207.62,"{""trend"":{""T1_ema_stack"":{""value"":[false,false,false],""score"":0.0},""T2_ema50_slope"":{""value"":-0.20103331391894602,""score"":16.49444768017566},""T3_high_proximity"":{""value"":0.896541487308891,""score"":48.2707436544455},""T4_rs_1m"":{""value"":-0.024174408819201743,""score"":25.825591180798256},""T5_rs_3m"":{""value"":-0.12097587344915117,""score"":0},""T6_adr_healthy"":{""value"":3.4245500733915906,""score"":100.0},""_score"":20.7},""geometry"":{""sub_pole_impulse"":33.6,""sub_flag_tightness"":0,""sub_flag_shallowness"":0,""sub_flag_drift"":95.1,""sub_flag_duration"":12.5,""_score"":25.59},""compression"":{""VC1_atr_ratio"":{""value"":0.4779976419764111,""score"":100},""VC2_range_contraction"":{""value"":0.8442627394107431,""score"":25.956210098209475},""VC3_range_pct_rank"":{""score"":65.83333333333333},""_score"":65.54},""sr_quality"":{""SR1_touches"":{""value"":5,""score"":100},""SR2_tightness"":{""value"":1.5817913895327675,""score"":59.07146535741645},""SR3_recency"":{""value"":227,""score"":0.0},""SR4_price_location"":{""score"":15.092977071673339},""SR5_reaction"":{""value"":2.389052557261854,""score"":100},""_score"":57.63,""_levels_found"":8,""_target_level"":190.606},""volume"":{""V1_rvol_day"":{""value"":0.6651616958085608,""score"":11.010779720570717},""V2_rvol_sameslot"":{""value"":1.1525265666314242,""score"":43.50177110876161,""status"":""ok""},""V3_breakout_bar"":{""value"":0.8344779378558026,""score"":22.29852919038684},""V4_base_dryup"":{""value"":0.9138827876921525,""score"":58.61172123078475},""V5_bo_expansion"":{""value"":0.6651616958085608,""score"":0},""_score"":28.2},""readiness"":{""_distance_atr"":1.179,""BR1_atr_distance"":{""score"":21.426859643383523},""BR2_compression"":{""score"":28.960434541656443},""BR3_retest"":{""score"":50.0},""BR4_bo_age"":{""score"":50.0},""_score"":33.31},""risk"":{""R1_stop_clarity"":{""score"":31.348982658339935},""R2_stop_distance_pct"":{""value"":3.8483443708609224,""score"":100.0},""R3_stop_distance_atr"":{""value"":0.902150750276767,""score"":70.10753751383835},""R4_rr_potential"":{""value"":3.7887913726839972,""score"":100.0},""_score"":71.49},""market"":{""M1_spy_regime"":{""score"":100.0},""M3_earnings_risk"":{""value"":null,""score"":80.0},""M4_vix"":{""value"":null,""score"":60.0},""_score"":84.0},""liquidity"":{""L1_price"":{""value"":181.2,""score"":100.0},""L2_dollar_vol"":{""value"":1503528334.0359058,""score"":100.0},""L3_spread_proxy"":{""value"":0.026434878587196425,""score"":73.56512141280358},""L4_volume_zscore"":{""value"":-1.1833770683167546,""score"":100.0},""_score"":97.36},""pattern_structure"":{""pole_low"":173.0,""pole_low_idx"":19,""peak_price"":190.31,""peak_idx"":32,""pole_gain"":0.10005780346820811,""flag_bars"":27,""flag_low"":176.88,""flag_high"":188.58,""structural_low"":176.88,""current_price"":181.225,""neckline_distance_pct"":0.050131052558973696,""base_bars"":27},""pattern_geometry_features"":{""pole_gain"":0.10005780346820811,""pullback_pct"":0.07056907151489679,""flag_range_pct"":0.061478640113499114,""flag_drift_per_bar"":-0.0009700119472501916,""atr_pct"":0.04265744244717754,""pole_atr_multiple"":2.3456118728193585},""_schema_version"":""1.0""}",,,,,,,,,,
20260508T185417Z-990aff,2026-05-08T18:54:17.243985+00:00,AMPX,bull_flag,absent,40.73,56.5,25.0,39.8,45.4,26.3,17.5,75.0,84.0,93.1,7.9,7.5,3.58,4.54,3.68,1.57,2.25,5.04,4.66,False,,16.75,22.18,15.1493,24.55,"{""trend"":{""T1_ema_stack"":{""value"":[false,true,true],""score"":66.66666666666666},""T2_ema50_slope"":{""value"":0.9218045588580512,""score"":100},""T3_high_proximity"":{""value"":0.7382106654914059,""score"":0},""T4_rs_1m"":{""value"":-0.047602161695686096,""score"":2.3978383043139075},""T5_rs_3m"":{""value"":0.3005323387548142,""score"":100},""T6_adr_healthy"":{""value"":8.551608800022791,""score"":86.20977999943022},""_score"":56.46},""geometry"":{""sub_pole_impulse"":0.0,""sub_flag_tightness"":0,""sub_flag_shallowness"":0,""sub_flag_drift"":100,""sub_flag_duration"":100.0,""_score"":25.0},""compression"":{""VC1_atr_ratio"":{""value"":0.8172668366263013,""score"":45.68329084342468},""VC2_range_contraction"":{""value"":0.9164094868739536,""score"":13.931752187674395},""VC3_range_pct_rank"":{""score"":66.66666666666667},""_score"":39.82},""sr_quality"":{""SR1_touches"":{""value"":3,""score"":50.0},""SR2_tightness"":{""value"":0.26981475126464094,""score"":73.06527585900919},""SR3_recency"":{""value"":231,""score"":0.0},""SR4_price_location"":{""score"":43.670886075949355},""SR5_reaction"":{""value"":1.1305377095470002,""score"":56.52688547735001},""_score"":45.36,""_levels_found"":5,""_target_level"":19.42},""volume"":{""V1_rvol_day"":{""value"":1.0117179526126538,""score"":34.11453017417692},""V2_rvol_sameslot"":{""value"":1.133416254023932,""score"":42.227750268262135,""status"":""ok""},""V3_breakout_bar"":{""value"":0.3179155144087193,""score"":0},""V4_base_dryup"":{""value"":0.9542906222487996,""score"":54.57093777512004},""V5_bo_expansion"":{""value"":1.0117179526126538,""score"":0.7811968408435899},""_score"":26.3},""readiness"":{""_distance_atr"":2.71,""BR1_atr_distance"":{""score"":0},""BR2_compression"":{""score"":0},""BR3_retest"":{""score"":50.0},""BR4_bo_age"":{""score"":50.0},""_score"":17.5},""risk"":{""R1_stop_clarity"":{""score"":76.96997354591667},""R2_stop_distance_pct"":{""value"":9.556417910447761,""score"":61.089552238805965},""R3_stop_distance_atr"":{""value"":0.7989632281112068,""score"":64.94816140556034},""R4_rr_potential"":{""value"":4.872868120197415,""score"":100.0},""_score"":75.01},""market"":{""M1_spy_regime"":{""score"":100.0},""M3_earnings_risk"":{""value"":null,""score"":80.0},""M4_vix"":{""value"":null,""score"":60.0},""_score"":84.0},""liquidity"":{""L1_price"":{""value"":16.75,""score"":100.0},""L2_dollar_vol"":{""value"":155138281.48698723,""score"":100.0},""L3_spread_proxy"":{""value"":0.06865671641791037,""score"":31.34328358208964},""L4_volume_zscore"":{""value"":0.017432524787265664,""score"":100.0},""_score"":93.13},""pattern_structure"":{""pole_low"":19.81,""pole_low_idx"":33,""peak_price"":22.18,""peak_idx"":48,""pole_gain"":0.11963654719838471,""flag_bars"":11,""flag_low"":15.38,""flag_high"":19.56,""structural_low"":15.38,""current_price"":16.87,""neckline_distance_pct"":0.31475992886781257,""base_bars"":11},""pattern_geometry_features"":{""pole_gain"":0.11963654719838471,""pullback_pct"":0.30658250676284937,""flag_range_pct"":0.18845807033363382,""flag_drift_per_bar"":0.0019487524923209826,""atr_pct"":0.11961023454157783,""pole_atr_multiple"":1.0002199866667574},""_schema_version"":""1.0""}",,,,,,,,,,
20260508T185417Z-990aff,2026-05-08T18:54:17.243985+00:00,TRMB,bull_flag,absent,40.02,18.5,26.1,45.2,55.4,43.0,24.7,63.8,84.0,96.0,2.59,7.83,4.07,5.54,6.02,2.22,1.91,5.04,4.8,True,risk_unclear;trend_floor,60.25,69.79,58.9473,73.94,"{""trend"":{""T1_ema_stack"":{""value"":[false,false,false],""score"":0.0},""T2_ema50_slope"":{""value"":-0.01974252228848999,""score"":46.709579618585},""T3_high_proximity"":{""value"":0.8550950894124326,""score"":27.547544706216286},""T4_rs_1m"":{""value"":-0.163781684720523,""score"":0},""T5_rs_3m"":{""value"":-0.15712294558114248,""score"":0},""T6_adr_healthy"":{""value"":2.9349285158442937,""score"":100.0},""_score"":18.47},""geometry"":{""sub_pole_impulse"":19.8,""sub_flag_tightness"":0,""sub_flag_shallowness"":0,""sub_flag_drift"":67.8,""sub_flag_duration"":100.0,""_score"":26.11},""compression"":{""VC1_atr_ratio"":{""value"":0.595366792947096,""score"":100},""VC2_range_contraction"":{""value"":1.2640741472175998,""score"":0},""VC3_range_pct_rank"":{""score"":20.833333333333336},""_score"":45.21},""sr_quality"":{""SR1_touches"":{""value"":4,""score"":75.0},""SR2_tightness"":{""value"":0.6056556364800022,""score"":43.052819522953854},""SR3_recency"":{""value"":246,""score"":0.0},""SR4_price_location"":{""score"":45.946989667249746},""SR5_reaction"":{""value"":2.163178202161919,""score"":100},""_score"":55.44,""_levels_found"":6,""_target_level"":64.0825},""volume"":{""V1_rvol_day"":{""value"":0.8718393844267419,""score"":24.789292295116127},""V2_rvol_sameslot"":{""value"":2.349878679870333,""score"":100,""status"":""ok""},""V3_breakout_bar"":{""value"":1.11483759256675,""score"":40.989172837783336},""V4_base_dryup"":{""value"":1.1118450919626761,""score"":38.81549080373239},""V5_bo_expansion"":{""value"":0.8718393844267421,""score"":0},""_score"":42.97},""readiness"":{""_distance_atr"":4.485,""BR1_atr_distance"":{""score"":0},""BR2_compression"":{""score"":28.702870444204425},""BR3_retest"":{""score"":50.0},""BR4_bo_age"":{""score"":50.0},""_score"":24.68},""risk"":{""R1_stop_clarity"":{""score"":15.595501543028604},""R2_stop_distance_pct"":{""value"":2.1621161825726154,""score"":100.0},""R3_stop_distance_atr"":{""value"":0.6124244856291827,""score"":55.621224281459135},""R4_rr_potential"":{""value"":10.509144644673464,""score"":100.0},""_score"":63.8},""market"":{""M1_spy_regime"":{""score"":100.0},""M3_earnings_risk"":{""value"":null,""score"":80.0},""M4_vix"":{""value"":null,""score"":60.0},""_score"":84.0},""liquidity"":{""L1_price"":{""value"":60.25,""score"":100.0},""L2_dollar_vol"":{""value"":94432368.678362,""score"":98.7560441687517},""L3_spread_proxy"":{""value"":0.035103734439834056,""score"":64.89626556016594},""L4_volume_zscore"":{""value"":-0.2821704869190734,""score"":100.0},""_score"":95.99},""pattern_structure"":{""pole_low"":65.64,""pole_low_idx"":19,""peak_price"":69.79,""peak_idx"":43,""pole_gain"":0.06322364411943945,""flag_bars"":16,""flag_low"":59.845,""flag_high"":66.36,""structural_low"":59.845,""current_price"":60.29,""neckline_distance_pct"":0.1575717366064025,""base_bars"":16},""pattern_geometry_features"":{""pole_gain"":0.06322364411943945,""pullback_pct"":0.14249892534747108,""flag_range_pct"":0.09335148302049004,""flag_drift_per_bar"":-0.00643689473915288,""atr_pct"":0.03530420865441615,""pole_atr_multiple"":1.790824565374613},""_schema_version"":""1.0""}",,,,,,,,,,
20260508T185417Z-990aff,2026-05-08T18:54:17.243985+00:00,APH,vcp,invalidated,40.0,42.9,38.2,40.8,54.4,60.5,17.5,20.4,84.0,93.0,6.43,9.56,4.89,6.53,7.87,1.23,1.02,5.04,4.65,True,risk_unclear;invalid_already_breached,129.335,155.4569,140.1251,186.2338,"{""trend"":{""T1_ema_stack"":{""value"":[false,true,true],""score"":66.66666666666666},""T2_ema50_slope"":{""value"":0.23119098387468243,""score"":88.53183064578042},""T3_high_proximity"":{""value"":0.8463778548524311,""score"":23.188927426215532},""T4_rs_1m"":{""value"":-0.14536542752680526,""score"":0},""T5_rs_3m"":{""value"":-0.11854464754142924,""score"":0},""T6_adr_healthy"":{""value"":3.496217803915692,""score"":100.0},""_score"":42.85},""geometry"":{""sub_contraction_count"":100.0,""sub_reduction_rate"":0,""sub_pivot_tightness"":21.6,""sub_volume_dryup"":0,""sub_base_depth"":0.0,""sub_base_duration"":100.0,""_score"":38.24},""compression"":{""VC1_atr_ratio"":{""value"":0.6070700259848976,""score"":98.23249350377561},""VC2_range_contraction"":{""value"":1.4121297986668526,""score"":0},""VC3_range_pct_rank"":{""score"":5.833333333333335},""_score"":40.75},""sr_quality"":{""SR1_touches"":{""value"":2,""score"":25.0},""SR2_tightness"":{""value"":0.44505000000000905,""score"":85.34054695027022},""SR3_recency"":{""value"":249,""score"":0.0},""SR4_price_location"":{""score"":76.50242653948933},""SR5_reaction"":{""value"":2.2176025428823163,""score"":100},""_score"":54.43,""_levels_found"":4,""_target_level"":130.175},""volume"":{""V1_rvol_day"":{""value"":1.225831333564141,""score"":48.388755570942735},""V2_rvol_sameslot"":{""value"":2.8939583272420233,""score"":100,""status"":""ok""},""V3_breakout_bar"":{""value"":1.543390815541309,""score"":69.55938770275392},""V4_base_dryup"":{""value"":0.9401442178475738,""score"":55.98557821524261},""V5_bo_expansion"":{""value"":1.225831333564141,""score"":15.055422237609406},""_score"":60.52},""readiness"":{""_distance_atr"":4.302,""BR1_atr_distance"":{""score"":0},""BR2_compression"":{""score"":0},""BR3_retest"":{""score"":50.0},""BR4_bo_age"":{""score"":50.0},""_score"":17.5},""risk"":{""R1_stop_clarity"":{""score"":29.712196447541004},""R2_stop_distance_pct"":{""value"":-8.342764912823277,""score"":0.0},""R3_stop_distance_atr"":{""value"":-1.7770720620568654,""score"":0.0},""R4_rr_potential"":{""value"":null,""score"":50.0},""_score"":20.4},""market"":{""M1_spy_regime"":{""score"":100.0},""M3_earnings_risk"":{""value"":null,""score"":80.0},""M4_vix"":{""value"":null,""score"":60.0},""_score"":84.0},""liquidity"":{""L1_price"":{""value"":129.335,""score"":100.0},""L2_dollar_vol"":{""value"":1307677606.1118681,""score"":100.0},""L3_spread_proxy"":{""value"":0.0695094135384854,""score"":30.490586461514596},""L4_volume_zscore"":{""value"":0.8076535417625238,""score"":100.0},""_score"":93.05},""pattern_structure"":{""n_contractions"":5,""contractions_pct"":[8.85,16.19,17.17,13.57,8.49],""descending_strict"":false,""final_low"":142.259,""final_pivot"":155.4569,""structural_low"":142.259,""dry_up_ratio"":1.3220570447421354,""current_price"":129.335,""neckline_distance_pct"":0.20197085089109662,""base_bars"":78,""recent_base_height"":30.776899999999983},""pattern_geometry_features"":{""contraction_count"":5.0,""first_contraction_pct"":0.08848499651081648,""last_contraction_pct"":0.0848974860556206,""dry_up_ratio"":1.3220570447421354,""near_monotone"":0.0,""base_depth_pct"":0.007264480111654048},""_schema_version"":""1.0""}",,,,,,,,,,
20260508T185417Z-990aff,2026-05-08T18:54:17.243985+00:00,TRMB,vcp,invalidated,40.0,18.5,48.4,45.2,55.4,45.4,24.7,12.5,84.0,96.0,2.77,12.1,5.43,6.65,5.9,1.73,0.62,5.04,4.8,True,risk_unclear;invalid_already_breached;trend_floor,60.25,70.8,64.8524,79.59,"{""trend"":{""T1_ema_stack"":{""value"":[false,false,false],""score"":0.0},""T2_ema50_slope"":{""value"":-0.01974252228848999,""score"":46.709579618585},""T3_high_proximity"":{""value"":0.8550950894124326,""score"":27.547544706216286},""T4_rs_1m"":{""value"":-0.163781684720523,""score"":0},""T5_rs_3m"":{""value"":-0.15712294558114248,""score"":0},""T6_adr_healthy"":{""value"":2.9349285158442937,""score"":100.0},""_score"":18.47},""geometry"":{""sub_contraction_count"":100.0,""sub_reduction_rate"":14.1,""sub_pivot_tightness"":42.7,""sub_volume_dryup"":0,""sub_base_depth"":34.5,""sub_base_duration"":100.0,""_score"":48.38},""compression"":{""VC1_atr_ratio"":{""value"":0.595366792947096,""score"":100},""VC2_range_contraction"":{""value"":1.2640741472175998,""score"":0},""VC3_range_pct_rank"":{""score"":20.833333333333336},""_score"":45.21},""sr_quality"":{""SR1_touches"":{""value"":4,""score"":75.0},""SR2_tightness"":{""value"":0.6056556364800022,""score"":43.052819522953854},""SR3_recency"":{""value"":246,""score"":0.0},""SR4_price_location"":{""score"":45.946989667249746},""SR5_reaction"":{""value"":2.163178202161919,""score"":100},""_score"":55.44,""_levels_found"":6,""_target_level"":64.0825},""volume"":{""V1_rvol_day"":{""value"":0.8718393844267419,""score"":24.789292295116127},""V2_rvol_sameslot"":{""value"":2.349878679870333,""score"":100,""status"":""ok""},""V3_breakout_bar"":{""value"":1.11483759256675,""score"":40.989172837783336},""V4_base_dryup"":{""value"":0.9893624973024372,""score"":51.063750269756284},""V5_bo_expansion"":{""value"":0.8718393844267421,""score"":0},""_score"":45.42},""readiness"":{""_distance_atr"":4.96,""BR1_atr_distance"":{""score"":0},""BR2_compression"":{""score"":28.702870444204425},""BR3_retest"":{""score"":50.0},""BR4_bo_age"":{""score"":50.0},""_score"":24.68},""risk"":{""R1_stop_clarity"":{""score"":7.140242653404599},""R2_stop_distance_pct"":{""value"":-7.638838174273864,""score"":0.0},""R3_stop_distance_atr"":{""value"":-2.1637188497973407,""score"":0.0},""R4_rr_potential"":{""value"":null,""score"":50.0},""_score"":12.5},""market"":{""M1_spy_regime"":{""score"":100.0},""M3_earnings_risk"":{""value"":null,""score"":80.0},""M4_vix"":{""value"":null,""score"":60.0},""_score"":84.0},""liquidity"":{""L1_price"":{""value"":60.25,""score"":100.0},""L2_dollar_vol"":{""value"":94432368.678362,""score"":98.7560441687517},""L3_spread_proxy"":{""value"":0.035103734439834056,""score"":64.89626556016594},""L4_volume_zscore"":{""value"":-0.2821704869190734,""score"":100.0},""_score"":95.99},""pattern_structure"":{""n_contractions"":5,""contractions_pct"":[11.68,6.83,6.08,8.8,7.01],""descending_strict"":false,""final_low"":65.84,""final_pivot"":70.8,""structural_low"":65.84,""dry_up_ratio"":1.3540955210988104,""current_price"":60.25,""neckline_distance_pct"":0.17510373443983399,""base_bars"":61,""recent_base_height"":8.79},""pattern_geometry_features"":{""contraction_count"":5.0,""first_contraction_pct"":0.11679644048943268,""last_contraction_pct"":0.07005649717514116,""dry_up_ratio"":1.3540955210988104,""near_monotone"":0.0,""base_depth_pct"":0.08453837597330364},""_schema_version"":""1.0""}",,,,,,,,,,
20260508T185417Z-990aff,2026-05-08T18:54:17.243985+00:00,AMD,base_on_base,extended,40.0,100.0,54.8,3.1,40.9,23.0,17.5,27.5,84.0,93.3,18.0,13.69,0.31,4.09,2.76,1.4,1.37,5.88,4.66,True,stop_extreme;price_extended_above_trigger,448.2099,221.33,185.3967,236.58,"{""trend"":{""T1_ema_stack"":{""value"":[true,true,true],""score"":100.0},""T2_ema50_slope"":{""value"":0.7584024170130664,""score"":100},""T3_high_proximity"":{""value"":1.0,""score"":99.99999999999997},""T4_rs_1m"":{""value"":0.809304198398261,""score"":100},""T5_rs_3m"":{""value"":1.0823748495069563,""score"":100},""T6_adr_healthy"":{""value"":4.921674885964392,""score"":100.0},""_score"":100.0},""geometry"":{""sub_shallower_second"":0,""sub_second_base_depth"":100.0,""sub_rim_advance"":100,""sub_dry_up"":49.8,""sub_second_base_duration"":32.0,""_score"":54.76},""compression"":{""VC1_atr_ratio"":{""value"":1.5422908007544258,""score"":0},""VC2_range_contraction"":{""value"":1.365332004075528,""score"":0},""VC3_range_pct_rank"":{""score"":12.5},""_score"":3.12},""sr_quality"":{""SR1_touches"":{""value"":2,""score"":25.0},""SR2_tightness"":{""value"":3.2150999999999783,""score"":75.57379580143937},""SR3_recency"":{""value"":292,""score"":0.0},""SR4_price_location"":{""score"":30.0},""SR5_reaction"":{""value"":1.9414961493701939,""score"":97.07480746850969},""_score"":40.9,""_levels_found"":3,""_target_level"":263.7449},""volume"":{""V1_rvol_day"":{""value"":0.8686954744605114,""score"":24.57969829736743},""V2_rvol_sameslot"":{""value"":1.362830248541577,""score"":57.52201656943847,""status"":""ok""},""V3_breakout_bar"":{""value"":0.7017962230604922,""score"":13.453081537366144},""V4_base_dryup"":{""value"":1.338908609999408,""score"":16.109139000059187},""V5_bo_expansion"":{""value"":0.8686954744605113,""score"":0},""_score"":23.01},""readiness"":{""_distance_atr"":-8.618,""BR1_atr_distance"":{""score"":0},""BR2_compression"":{""score"":0},""BR3_retest"":{""score"":50.0},""BR4_bo_age"":{""score"":50.0},""_score"":17.5},""risk"":{""R1_stop_clarity"":{""score"":78.55043317041572},""R2_stop_distance_pct"":{""value"":58.63618808955358,""score"":0.0},""R3_stop_distance_atr"":{""value"":9.983404698574223,""score"":0.0},""R4_rr_potential"":{""value"":-0.8052483665204031,""score"":0.0},""_score"":27.49},""market"":{""M1_spy_regime"":{""score"":100.0},""M3_earnings_risk"":{""value"":null,""score"":80.0},""M4_vix"":{""value"":null,""score"":60.0},""_score"":84.0},""liquidity"":{""L1_price"":{""value"":448.2099,""score"":100.0},""L2_dollar_vol"":{""value"":17828761511.502583,""score"":100.0},""L3_spread_proxy"":{""value"":0.0673757987050263,""score"":32.6242012949737},""L4_volume_zscore"":{""value"":-0.34923692021778574,""score"":100.0},""_score"":93.26},""pattern_structure"":{""first_base_low"":149.85,""first_base_top"":165.1,""first_base_bars"":10,""second_base_low"":188.22,""second_base_top"":221.33,""second_base_bars"":77,""structural_low"":188.22,""stacking_overlap_pct"":-0.14003634161114478,""current_price"":448.2099,""neckline_distance_pct"":-0.5061911840858491,""base_bars"":77},""pattern_geometry_features"":{""first_base_depth_pct"":0.09236826165960024,""second_base_depth_pct"":0.14959562644015728,""second_dry_up_ratio"":0.7507574070998804,""rim_advance_pct"":0.3405814657783163,""atr_pct"":0.05873365836599581},""_schema_version"":""1.0""}",,,,,,,,,,
20260508T185417Z-990aff,2026-05-08T18:54:17.243985+00:00,FTNT,cup_with_handle,extended,40.0,94.6,68.5,0.4,57.1,34.1,17.5,16.4,84.0,93.0,13.24,20.55,0.03,6.85,4.43,1.4,0.82,4.2,4.65,True,stop_extreme;price_extended_above_trigger,114.335,87.64,80.5829,101.745,"{""trend"":{""T1_ema_stack"":{""value"":[true,true,true],""score"":100.0},""T2_ema50_slope"":{""value"":0.13772942641983774,""score"":72.95490440330629},""T3_high_proximity"":{""value"":1.0,""score"":99.99999999999997},""T4_rs_1m"":{""value"":0.3327393167725854,""score"":100},""T5_rs_3m"":{""value"":0.3135931777190448,""score"":100},""T6_adr_healthy"":{""value"":3.436605930732405,""score"":100.0},""_score"":94.59},""geometry"":{""sub_cup_depth"":80.9,""sub_cup_duration"":0.0,""sub_rim_symmetry"":99.7,""sub_handle_shallowness"":44.6,""sub_handle_proportion"":100.0,""sub_u_shape"":89.7,""_score"":68.5},""compression"":{""VC1_atr_ratio"":{""value"":1.0634252318622963,""score"":0},""VC2_range_contraction"":{""value"":1.0661774650914582,""score"":0},""VC3_range_pct_rank"":{""score"":1.6666666666666718},""_score"":0.42},""sr_quality"":{""SR1_touches"":{""value"":7,""score"":100},""SR2_tightness"":{""value"":1.066586678548508,""score"":53.928847127909144},""SR3_recency"":{""value"":231,""score"":0.0},""SR4_price_location"":{""score"":30.0},""SR5_reaction"":{""value"":1.5335964111171445,""score"":76.67982055585722},""_score"":57.09,""_levels_found"":3,""_target_level"":86.915},""volume"":{""V1_rvol_day"":{""value"":1.0372691252133044,""score"":35.81794168088696},""V2_rvol_sameslot"":{""value"":1.6493763656747358,""score"":76.62509104498238,""status"":""ok""},""V3_breakout_bar"":{""value"":0.3760495633102734,""score"":0},""V4_base_dryup"":{""value"":0.9398614818844471,""score"":56.01385181155529},""V5_bo_expansion"":{""value"":1.0372691252133044,""score"":2.4846083475536256},""_score"":34.06},""readiness"":{""_distance_atr"":-5.765,""BR1_atr_distance"":{""score"":0},""BR2_compression"":{""score"":0},""BR3_retest"":{""score"":50.0},""BR4_bo_age"":{""score"":50.0},""_score"":17.5},""risk"":{""R1_stop_clarity"":{""score"":46.99332329565112},""R2_stop_distance_pct"":{""value"":29.52040057725105,""score"":0.0},""R3_stop_distance_atr"":{""value"":7.2896113072024455,""score"":0.0},""R4_rr_potential"":{""value"":-0.3730132747099072,""score"":0.0},""_score"":16.45},""market"":{""M1_spy_regime"":{""score"":100.0},""M3_earnings_risk"":{""value"":null,""score"":80.0},""M4_vix"":{""value"":null,""score"":60.0},""_score"":84.0},""liquidity"":{""L1_price"":{""value"":114.335,""score"":100.0},""L2_dollar_vol"":{""value"":700921197.7298545,""score"":100.0},""L3_spread_proxy"":{""value"":0.06988236323085666,""score"":30.117636769143346},""L4_volume_zscore"":{""value"":0.07128149654069851,""score"":100.0},""_score"":93.01},""pattern_structure"":{""left_rim"":87.655,""left_rim_idx"":51,""cup_bottom"":73.55,""cup_bottom_idx"":103,""right_rim"":87.64,""right_rim_idx"":167,""handle_low"":81.81,""handle_bars"":12,""cup_bars"":116,""structural_low"":81.81,""current_price"":114.335,""neckline_distance_pct"":-0.23348056150784968,""base_bars"":128},""pattern_geometry_features"":{""cup_depth_pct"":0.16091495065883296,""rim_symmetry_pct"":0.0001711254349438203,""handle_depth_pct"":0.06652213601095389,""handle_to_cup_ratio"":0.10344827586206896,""cup_duration_bars"":116.0,""atr_pct"":0.04049653586890654,""u_shape_score"":0.4482758620689655},""_schema_version"":""1.0""}",,,,,,,,,,
20260508T185417Z-990aff,2026-05-08T18:54:17.243985+00:00,APH,double_bottom,invalidated,40.0,42.9,43.9,40.8,54.4,58.1,17.5,21.7,84.0,93.0,6.43,10.98,3.26,7.62,7.56,1.4,1.3,5.04,4.65,True,invalid_already_breached;reversal_trend_cap,129.335,144.12,132.906,153.31,"{""trend"":{""T1_ema_stack"":{""value"":[false,true,true],""score"":66.66666666666666},""T2_ema50_slope"":{""value"":0.23119098387468243,""score"":88.53183064578042},""T3_high_proximity"":{""value"":0.8463778548524311,""score"":23.188927426215532},""T4_rs_1m"":{""value"":-0.14536542752680526,""score"":0},""T5_rs_3m"":{""value"":-0.11854464754142924,""score"":0},""T6_adr_healthy"":{""value"":3.496217803915692,""score"":100.0},""_score"":42.85},""geometry"":{""sub_low_similarity"":23.5,""sub_bounce_quality"":54.4,""sub_separation_fit"":100.0,""sub_right_bottom_reaction"":33.4,""sub_base_context"":30.0,""_score"":43.94},""compression"":{""VC1_atr_ratio"":{""value"":0.6070700259848976,""score"":98.23249350377561},""VC2_range_contraction"":{""value"":1.4121297986668526,""score"":0},""VC3_range_pct_rank"":{""score"":5.833333333333335},""_score"":40.75},""sr_quality"":{""SR1_touches"":{""value"":2,""score"":25.0},""SR2_tightness"":{""value"":0.44505000000000905,""score"":85.34054695027022},""SR3_recency"":{""value"":249,""score"":0.0},""SR4_price_location"":{""score"":76.50242653948933},""SR5_reaction"":{""value"":2.2176025428823163,""score"":100},""_score"":54.43,""_levels_found"":4,""_target_level"":130.175},""volume"":{""V1_rvol_day"":{""value"":1.225831333564141,""score"":48.388755570942735},""V2_rvol_sameslot"":{""value"":2.8939583272420233,""score"":100,""status"":""ok""},""V3_breakout_bar"":{""value"":1.543390815541309,""score"":69.55938770275392},""V4_base_dryup"":{""value"":1.0586495126374578,""score"":44.13504873625422},""V5_bo_expansion"":{""value"":1.225831333564141,""score"":15.055422237609406},""_score"":58.15},""readiness"":{""_distance_atr"":2.435,""BR1_atr_distance"":{""score"":0},""BR2_compression"":{""score"":0},""BR3_retest"":{""score"":50.0},""BR4_bo_age"":{""score"":50.0},""_score"":17.5},""risk"":{""R1_stop_clarity"":{""score"":33.33333333333293},""R2_stop_distance_pct"":{""value"":-2.7610855530212124,""score"":0.0},""R3_stop_distance_atr"":{""value"":-0.588132117888285,""score"":0.0},""R4_rr_potential"":{""value"":null,""score"":50.0},""_score"":21.67},""market"":{""M1_spy_regime"":{""score"":100.0},""M3_earnings_risk"":{""value"":null,""score"":80.0},""M4_vix"":{""value"":null,""score"":60.0},""_score"":84.0},""liquidity"":{""L1_price"":{""value"":129.335,""score"":100.0},""L2_dollar_vol"":{""value"":1307677606.1118681,""score"":100.0},""L3_spread_proxy"":{""value"":0.0695094135384854,""score"":30.490586461514596},""L4_volume_zscore"":{""value"":0.8076535417625238,""score"":100.0},""_score"":93.05},""pattern_structure"":{""left_low"":140.19,""left_idx"":52,""right_low"":134.93,""right_idx"":69,""separation_bars"":17,""structural_low"":134.93,""current_price"":129.35,""neckline_distance_pct"":0.11418631619636653,""base_bars"":17},""pattern_geometry_features"":{""low_similarity_pct"":0.03823785984297754,""bounce_pct"":0.0681093900541021,""right_bottom_reaction"":0.33373205741626305,""atr_pct"":0.04694668883132952},""_schema_version"":""1.0""}",,,,,,,,,,
20260508T185417Z-990aff,2026-05-08T18:54:17.243985+00:00,LHX,base_on_base,invalidated,40.0,14.8,55.0,61.9,56.0,17.2,18.7,10.0,84.0,98.2,2.67,13.75,6.19,5.6,2.06,1.49,0.5,5.88,4.91,True,risk_unclear;invalid_already_breached;trend_floor,301.775,364.27,324.3413,391.96,"{""trend"":{""T1_ema_stack"":{""value"":[false,false,true],""score"":33.33333333333333},""T2_ema50_slope"":{""value"":-0.2555331588294696,""score"":7.4111401950884},""T3_high_proximity"":{""value"":0.7973340731346438,""score"":0},""T4_rs_1m"":{""value"":-0.24173629317720602,""score"":0},""T5_rs_3m"":{""value"":-0.20487903378672867,""score"":0},""T6_adr_healthy"":{""value"":2.490165350139726,""score"":100.0},""_score"":14.82},""geometry"":{""sub_shallower_second"":0,""sub_second_base_depth"":100.0,""sub_rim_advance"":100,""sub_dry_up"":0,""sub_second_base_duration"":100.0,""_score"":55.0},""compression"":{""VC1_atr_ratio"":{""value"":0.34543587125903974,""score"":100},""VC2_range_contraction"":{""value"":0.9499930804337369,""score"":8.33448659437719},""VC3_range_pct_rank"":{""score"":75.83333333333333},""_score"":61.88},""sr_quality"":{""SR1_touches"":{""value"":5,""score"":100},""SR2_tightness"":{""value"":3.0025184828739913,""score"":34.58341437111776},""SR3_recency"":{""value"":251,""score"":0.0},""SR4_price_location"":{""score"":23.13655765211505},""SR5_reaction"":{""value"":3.180490150612069,""score"":100},""_score"":55.97,""_levels_found"":8,""_target_level"":334.4141},""volume"":{""V1_rvol_day"":{""value"":0.35313161334943893,""score"":0},""V2_rvol_sameslot"":{""value"":0.7375431503065667,""score"":15.836210020437779,""status"":""ok""},""V3_breakout_bar"":{""value"":0.7980605516353065,""score"":19.87070344235377},""V4_base_dryup"":{""value"":1.047595644191501,""score"":45.24043558084989},""V5_bo_expansion"":{""value"":0.3531316133494389,""score"":0},""_score"":17.18},""readiness"":{""_distance_atr"":6.808,""BR1_atr_distance"":{""score"":0},""BR2_compression"":{""score"":4.621644951831409},""BR3_retest"":{""score"":50.0},""BR4_bo_age"":{""score"":50.0},""_score"":18.66},""risk"":{""R1_stop_clarity"":{""score"":0},""R2_stop_distance_pct"":{""value"":-7.477853533261547,""score"":0.0},""R3_stop_distance_atr"":{""value"":-2.458285959058671,""score"":0.0},""R4_rr_potential"":{""value"":null,""score"":50.0},""_score"":10.0},""market"":{""M1_spy_regime"":{""score"":100.0},""M3_earnings_risk"":{""value"":null,""score"":80.0},""M4_vix"":{""value"":null,""score"":60.0},""_score"":84.0},""liquidity"":{""L1_price"":{""value"":301.775,""score"":100.0},""L2_dollar_vol"":{""value"":165063867.83258957,""score"":100.0},""L3_spread_proxy"":{""value"":0.01757965371551647,""score"":82.42034628448353},""L4_volume_zscore"":{""value"":-1.741784652849065,""score"":100.0},""_score"":98.24},""pattern_structure"":{""first_base_low"":272.14,""first_base_top"":299.83,""first_base_bars"":60,""second_base_low"":329.2805,""second_base_top"":364.27,""second_base_bars"":59,""structural_low"":329.2805,""stacking_overlap_pct"":-0.09822399359637139,""current_price"":301.775,""neckline_distance_pct"":0.20709137602518435,""base_bars"":59},""pattern_geometry_features"":{""first_base_depth_pct"":0.0923523329886936,""second_base_depth_pct"":0.09605375133829293,""second_dry_up_ratio"":1.3139386898997694,""rim_advance_pct"":0.21492178901377448,""atr_pct"":0.030418973454678856},""_schema_version"":""1.0""}",,,,,,,,,,
20260508T185417Z-990aff,2026-05-08T18:54:17.243985+00:00,NOC,vcp,invalidated,40.0,13.3,49.3,61.9,41.9,27.1,17.5,10.0,84.0,91.7,2.0,12.32,7.43,5.03,3.52,1.23,0.5,5.04,4.58,True,risk_unclear;invalid_already_breached;trend_floor,551.07,708.55,655.025,790.44,"{""trend"":{""T1_ema_stack"":{""value"":[false,false,true],""score"":33.33333333333333},""T2_ema50_slope"":{""value"":-0.5411923637137008,""score"":0},""T3_high_proximity"":{""value"":0.7175203770735138,""score"":0},""T4_rs_1m"":{""value"":-0.28676090214660177,""score"":0},""T5_rs_3m"":{""value"":-0.2908026362386946,""score"":0},""T6_adr_healthy"":{""value"":2.4793509312201856,""score"":100.0},""_score"":13.33},""geometry"":{""sub_contraction_count"":100.0,""sub_reduction_rate"":0,""sub_pivot_tightness"":55.0,""sub_volume_dryup"":26.5,""sub_base_depth"":20.7,""sub_base_duration"":100.0,""_score"":49.3},""compression"":{""VC1_atr_ratio"":{""value"":0.29185946705189414,""score"":100},""VC2_range_contraction"":{""value"":0.8811683711421622,""score"":19.805271476306306},""VC3_range_pct_rank"":{""score"":60.0},""_score"":61.93},""sr_quality"":{""SR1_touches"":{""value"":2,""score"":25.0},""SR2_tightness"":{""value"":3.454999999999984,""score"":59.61257462530811},""SR3_recency"":{""value"":310,""score"":0.0},""SR4_price_location"":{""score"":41.78581850014612},""SR5_reaction"":{""value"":3.040486369139563,""score"":100},""_score"":41.89,""_levels_found"":7,""_target_level"":561.045},""volume"":{""V1_rvol_day"":{""value"":0.43876521706659394,""score"":0},""V2_rvol_sameslot"":{""value"":0.9805258599828979,""score"":32.03505733219319,""status"":""ok""},""V3_breakout_bar"":{""value"":0.8322203338194347,""score"":22.148022254628984},""V4_base_dryup"":{""value"":0.7415849624212859,""score"":75.84150375787141},""V5_bo_expansion"":{""value"":0.43876521706659394,""score"":0},""_score"":27.11},""readiness"":{""_distance_atr"":9.204,""BR1_atr_distance"":{""score"":0},""BR2_compression"":{""score"":0},""BR3_retest"":{""score"":50.0},""BR4_bo_age"":{""score"":50.0},""_score"":17.5},""risk"":{""R1_stop_clarity"":{""score"":0},""R2_stop_distance_pct"":{""value"":-18.864209628540824,""score"":0.0},""R3_stop_distance_atr"":{""value"":-6.075940383250523,""score"":0.0},""R4_rr_potential"":{""value"":null,""score"":50.0},""_score"":10.0},""market"":{""M1_spy_regime"":{""score"":100.0},""M3_earnings_risk"":{""value"":null,""score"":80.0},""M4_vix"":{""value"":null,""score"":60.0},""_score"":84.0},""liquidity"":{""L1_price"":{""value"":551.07,""score"":74.46499999999997},""L2_dollar_vol"":{""value"":196694613.51633757,""score"":100.0},""L3_spread_proxy"":{""value"":0.01957990817863427,""score"":80.42009182136573},""L4_volume_zscore"":{""value"":-1.4339930766271194,""score"":100.0},""_score"":91.66},""pattern_structure"":{""n_contractions"":4,""contractions_pct"":[5.71,7.31,10.54,6.15],""descending_strict"":false,""final_low"":665.0,""final_pivot"":708.55,""structural_low"":665.0,""dry_up_ratio"":0.8675625698352233,""current_price"":551.07,""neckline_distance_pct"":0.2857713176184512,""base_bars"":42,""recent_base_height"":81.88999999999999},""pattern_geometry_features"":{""contraction_count"":4.0,""first_contraction_pct"":0.05709814004835038,""last_contraction_pct"":0.06146355232517106,""dry_up_ratio"":0.8675625698352233,""near_monotone"":0.0,""base_depth_pct"":0.07072287978088626},""_schema_version"":""1.0""}",,,,,,,,,,
20260508T185417Z-990aff,2026-05-08T18:54:17.243985+00:00,LMT,vcp,invalidated,40.0,13.3,46.9,68.5,36.4,15.5,25.5,10.0,84.0,97.2,2.0,11.72,8.22,4.37,2.01,1.79,0.5,5.04,4.86,True,risk_unclear;invalid_already_breached;trend_floor,510.5699,637.92,596.4175,720.115,"{""trend"":{""T1_ema_stack"":{""value"":[false,false,true],""score"":33.33333333333333},""T2_ema50_slope"":{""value"":-0.48502123686477544,""score"":0},""T3_high_proximity"":{""value"":0.7544996305600709,""score"":0},""T4_rs_1m"":{""value"":-0.2663623726648583,""score"":0},""T5_rs_3m"":{""value"":-0.24915962334385833,""score"":0},""T6_adr_healthy"":{""value"":2.5051981110075117,""score"":100.0},""_score"":13.33},""geometry"":{""sub_contraction_count"":100.0,""sub_reduction_rate"":0,""sub_pivot_tightness"":70.3,""sub_volume_dryup"":0,""sub_base_depth"":13.5,""sub_base_duration"":100.0,""_score"":46.9},""compression"":{""VC1_atr_ratio"":{""value"":0.27651823079104526,""score"":100},""VC2_range_contraction"":{""value"":0.8583209869688272,""score"":23.613168838528804},""VC3_range_pct_rank"":{""score"":80.83333333333333},""_score"":68.47},""sr_quality"":{""SR1_touches"":{""value"":2,""score"":25.0},""SR2_tightness"":{""value"":0.5600000000000023,""score"":92.73894564674782},""SR3_recency"":{""value"":251,""score"":0.0},""SR4_price_location"":{""score"":0},""SR5_reaction"":{""value"":3.0240346456022014,""score"":100},""_score"":36.41,""_levels_found"":4,""_target_level"":594.44},""volume"":{""V1_rvol_day"":{""value"":0.39621501714422497,""score"":0},""V2_rvol_sameslot"":{""value"":0.5952490379395642,""score"":6.349935862637612,""status"":""ok""},""V3_breakout_bar"":{""value"":0.4893728964722948,""score"":0},""V4_base_dryup"":{""value"":0.7902644378318364,""score"":70.97355621681636},""V5_bo_expansion"":{""value"":0.396215017144225,""score"":0},""_score"":15.46},""readiness"":{""_distance_atr"":8.256,""BR1_atr_distance"":{""score"":0},""BR2_compression"":{""score"":32.00239292376349},""BR3_retest"":{""score"":50.0},""BR4_bo_age"":{""score"":50.0},""_score"":25.5},""risk"":{""R1_stop_clarity"":{""score"":0},""R2_stop_distance_pct"":{""value"":-16.814073841799136,""score"":0.0},""R3_stop_distance_atr"":{""value"":-5.565572229430799,""score"":0.0},""R4_rr_potential"":{""value"":null,""score"":50.0},""_score"":10.0},""market"":{""M1_spy_regime"":{""score"":100.0},""M3_earnings_risk"":{""value"":null,""score"":80.0},""M4_vix"":{""value"":null,""score"":60.0},""_score"":84.0},""liquidity"":{""L1_price"":{""value"":510.5699,""score"":94.71504999999999},""L2_dollar_vol"":{""value"":325025244.3451279,""score"":100.0},""L3_spread_proxy"":{""value"":0.014689271733410107,""score"":85.31072826658989},""L4_volume_zscore"":{""value"":-1.387399283480931,""score"":100.0},""_score"":97.21},""pattern_structure"":{""n_contractions"":5,""contractions_pct"":[7.98,5.33,10.51,6.17,5.08],""descending_strict"":false,""final_low"":605.5,""final_pivot"":637.92,""structural_low"":605.5,""dry_up_ratio"":1.072548446835993,""current_price"":510.5699,""neckline_distance_pct"":0.24942735558833362,""base_bars"":44,""recent_base_height"":82.19500000000005},""pattern_geometry_features"":{""contraction_count"":5.0,""first_contraction_pct"":0.0797878098949876,""last_contraction_pct"":0.05082141961374461,""dry_up_ratio"":1.072548446835993,""near_monotone"":0.0,""base_depth_pct"":0.06354877124607561},""_schema_version"":""1.0""}",,,,,,,,,,
20260508T185417Z-990aff,2026-05-08T18:54:17.243985+00:00,DDOG,cup_with_handle,extended,40.0,88.8,64.6,6.5,33.0,30.0,17.5,22.5,84.0,93.9,12.43,19.37,0.52,3.96,3.9,1.4,1.12,4.2,4.69,True,stop_extreme;price_extended_above_trigger,196.33,135.96,122.4552,171.3899,"{""trend"":{""T1_ema_stack"":{""value"":[true,true,false],""score"":66.66666666666666},""T2_ema50_slope"":{""value"":0.2138973599700106,""score"":85.64955999500177},""T3_high_proximity"":{""value"":1.0,""score"":99.99999999999997},""T4_rs_1m"":{""value"":0.7167693507867929,""score"":100},""T5_rs_3m"":{""value"":0.6898800869865271,""score"":100},""T6_adr_healthy"":{""value"":5.083640092045137,""score"":100.0},""_score"":88.8},""geometry"":{""sub_cup_depth"":100.0,""sub_cup_duration"":100.0,""sub_rim_symmetry"":62.2,""sub_handle_shallowness"":28.7,""sub_handle_proportion"":57.6,""sub_u_shape"":37.5,""_score"":64.56},""compression"":{""VC1_atr_ratio"":{""value"":1.0832221964305326,""score"":0},""VC2_range_contraction"":{""value"":0.9775555897052081,""score"":3.74073504913199},""VC3_range_pct_rank"":{""score"":20.833333333333336},""_score"":6.52},""sr_quality"":{""SR1_touches"":{""value"":2,""score"":25.0},""SR2_tightness"":{""value"":0.9400000000000119,""score"":81.97889778228131},""SR3_recency"":{""value"":328,""score"":0.0},""SR4_price_location"":{""score"":30.0},""SR5_reaction"":{""value"":0.756804814756489,""score"":37.84024073782445},""_score"":32.97,""_levels_found"":7,""_target_level"":151.015},""volume"":{""V1_rvol_day"":{""value"":1.2213503648348458,""score"":48.09002432232305},""V2_rvol_sameslot"":{""value"":1.6811498054214369,""score"":78.74332036142913,""status"":""ok""},""V3_breakout_bar"":{""value"":0.3384028529548642,""score"":0},""V4_base_dryup"":{""value"":1.3792093267050278,""score"":12.07906732949722},""V5_bo_expansion"":{""value"":1.2213503648348458,""score"":14.756690988989721},""_score"":30.0},""readiness"":{""_distance_atr"":-5.787,""BR1_atr_distance"":{""score"":0},""BR2_compression"":{""score"":0},""BR3_retest"":{""score"":50.0},""BR4_bo_age"":{""score"":50.0},""_score"":17.5},""risk"":{""R1_stop_clarity"":{""score"":64.2492006217006},""R2_stop_distance_pct"":{""value"":37.62787144094128,""score"":0.0},""R3_stop_distance_atr"":{""value"":7.08141128783781,""score"":0.0},""R4_rr_potential"":{""value"":-0.3375995603372191,""score"":0.0},""_score"":22.49},""market"":{""M1_spy_regime"":{""score"":100.0},""M3_earnings_risk"":{""value"":null,""score"":80.0},""M4_vix"":{""value"":null,""score"":60.0},""_score"":84.0},""liquidity"":{""L1_price"":{""value"":196.33,""score"":100.0},""L2_dollar_vol"":{""value"":1499015911.329063,""score"":100.0},""L3_spread_proxy"":{""value"":0.06107064636071924,""score"":38.92935363928076},""L4_volume_zscore"":{""value"":0.28354897427006215,""score"":100.0},""_score"":93.89},""pattern_structure"":{""left_rim"":133.44,""left_rim_idx"":118,""cup_bottom"":98.0101,""cup_bottom_idx"":127,""right_rim"":135.96,""right_rim_idx"":166,""handle_low"":124.32,""handle_bars"":13,""cup_bars"":48,""structural_low"":124.32,""current_price"":196.33,""neckline_distance_pct"":-0.3074924871390007,""base_bars"":61},""pattern_geometry_features"":{""cup_depth_pct"":0.265511840527578,""rim_symmetry_pct"":0.018884892086331012,""handle_depth_pct"":0.0856134157105032,""handle_to_cup_ratio"":0.2708333333333333,""cup_duration_bars"":48.0,""atr_pct"":0.05313611921618851,""u_shape_score"":0.1875},""_schema_version"":""1.0""}",,,,,,,,,,
20260508T185417Z-990aff,2026-05-08T18:54:17.243985+00:00,PH,vcp,invalidated,40.0,28.3,39.7,60.9,40.6,26.8,24.3,10.0,84.0,73.5,4.24,9.94,7.31,4.88,3.48,1.7,0.5,5.04,3.67,True,risk_unclear;invalid_already_breached;trend_floor,879.785,1029.0,934.5581,1205.24,"{""trend"":{""T1_ema_stack"":{""value"":[false,false,true],""score"":33.33333333333333},""T2_ema50_slope"":{""value"":0.013679411273744247,""score"":52.279901878957375},""T3_high_proximity"":{""value"":0.8599880745244473,""score"":29.994037262223607},""T4_rs_1m"":{""value"":-0.18974475960815873,""score"":0},""T5_rs_3m"":{""value"":-0.16696498576289787,""score"":0},""T6_adr_healthy"":{""value"":2.698041952865331,""score"":100.0},""_score"":28.29},""geometry"":{""sub_contraction_count"":100.0,""sub_reduction_rate"":0,""sub_pivot_tightness"":31.6,""sub_volume_dryup"":0,""sub_base_depth"":0.0,""sub_base_duration"":100.0,""_score"":39.74},""compression"":{""VC1_atr_ratio"":{""value"":0.6258252517258578,""score"":93.54368706853555},""VC2_range_contraction"":{""value"":0.9360657278369515,""score"":10.655712027174747},""VC3_range_pct_rank"":{""score"":79.16666666666666},""_score"":60.94},""sr_quality"":{""SR1_touches"":{""value"":3,""score"":50.0},""SR2_tightness"":{""value"":4.818725627060432,""score"":66.14236075507947},""SR3_recency"":{""value"":266,""score"":0.0},""SR4_price_location"":{""score"":2.9075173967963406},""SR5_reaction"":{""value"":2.04405618200835,""score"":100},""_score"":40.65,""_levels_found"":6,""_target_level"":906.5834},""volume"":{""V1_rvol_day"":{""value"":0.39046047254581323,""score"":0},""V2_rvol_sameslot"":{""value"":1.1008271561580165,""score"":40.05514374386777,""status"":""ok""},""V3_breakout_bar"":{""value"":1.0016223848952397,""score"":33.44149232634931},""V4_base_dryup"":{""value"":0.9794187906048175,""score"":52.05812093951825},""V5_bo_expansion"":{""value"":0.39046047254581323,""score"":0},""_score"":26.78},""readiness"":{""_distance_atr"":5.242,""BR1_atr_distance"":{""score"":0},""BR2_compression"":{""score"":27.091629129061236},""BR3_retest"":{""score"":50.0},""BR4_bo_age"":{""score"":50.0},""_score"":24.27},""risk"":{""R1_stop_clarity"":{""score"":0.0032621940814010486},""R2_stop_distance_pct"":{""value"":-6.225742653034547,""score"":0.0},""R3_stop_distance_atr"":{""value"":-1.9242531081181455,""score"":0.0},""R4_rr_potential"":{""value"":null,""score"":50.0},""_score"":10.0},""market"":{""M1_spy_regime"":{""score"":100.0},""M3_earnings_risk"":{""value"":null,""score"":80.0},""M4_vix"":{""value"":null,""score"":60.0},""_score"":84.0},""liquidity"":{""L1_price"":{""value"":879.785,""score"":0.0},""L2_dollar_vol"":{""value"":252196901.21341693,""score"":100.0},""L3_spread_proxy"":{""value"":0.015236677142710972,""score"":84.76332285728903},""L4_volume_zscore"":{""value"":-1.0493933447776829,""score"":100.0},""_score"":73.48},""pattern_structure"":{""n_contractions"":5,""contractions_pct"":[1.11,4.5,13.04,8.65,7.79],""descending_strict"":false,""final_low"":948.79,""final_pivot"":1029.0,""structural_low"":948.79,""dry_up_ratio"":1.60265902468413,""current_price"":879.785,""neckline_distance_pct"":0.16960393732559664,""base_bars"":72,""recent_base_height"":176.24},""pattern_geometry_features"":{""contraction_count"":5.0,""first_contraction_pct"":0.011067896671059584,""last_contraction_pct"":0.07794946550048594,""dry_up_ratio"":1.60265902468413,""near_monotone"":0.0,""base_depth_pct"":-0.016564344872660175},""_schema_version"":""1.0""}",,,,,,,,,,
20260508T185417Z-990aff,2026-05-08T18:54:17.243985+00:00,RTX,base_on_base,invalidated,40.0,15.9,60.9,73.1,43.3,17.1,21.0,10.0,84.0,98.6,2.86,15.21,7.31,4.33,2.05,1.68,0.5,5.88,4.93,True,risk_unclear;invalid_already_breached;trend_floor,177.005,205.36,182.7865,226.62,"{""trend"":{""T1_ema_stack"":{""value"":[false,false,true],""score"":33.33333333333333},""T2_ema50_slope"":{""value"":-0.3077520333631756,""score"":0},""T3_high_proximity"":{""value"":0.8342995852187028,""score"":17.1497926093514},""T4_rs_1m"":{""value"":-0.2136233954629192,""score"":0},""T5_rs_3m"":{""value"":-0.17693704928228926,""score"":0},""T6_adr_healthy"":{""value"":2.5237302612941597,""score"":100.0},""_score"":15.91},""geometry"":{""sub_shallower_second"":29.6,""sub_second_base_depth"":100.0,""sub_rim_advance"":92.3,""sub_dry_up"":0,""sub_second_base_duration"":100.0,""_score"":60.86},""compression"":{""VC1_atr_ratio"":{""value"":0.3460561574808847,""score"":100},""VC2_range_contraction"":{""value"":0.796204506987107,""score"":33.96591550214884},""VC3_range_pct_rank"":{""score"":85.0},""_score"":73.14},""sr_quality"":{""SR1_touches"":{""value"":3,""score"":50.0},""SR2_tightness"":{""value"":1.011196918947488,""score"":59.14344091825714},""SR3_recency"":{""value"":305,""score"":0.0},""SR4_price_location"":{""score"":17.594961894934375},""SR5_reaction"":{""value"":2.5633811352990903,""score"":100},""_score"":43.27,""_levels_found"":8,""_target_level"":182.9413},""volume"":{""V1_rvol_day"":{""value"":0.593935514598411,""score"":6.262367639894066},""V2_rvol_sameslot"":{""value"":0.8283726517918645,""score"":21.89151011945763,""status"":""ok""},""V3_breakout_bar"":{""value"":0.6300793900632327,""score"":8.671959337548845},""V4_base_dryup"":{""value"":1.0345420149060987,""score"":46.54579850939014},""V5_bo_expansion"":{""value"":0.593935514598411,""score"":0},""_score"":17.11},""readiness"":{""_distance_atr"":5.728,""BR1_atr_distance"":{""score"":0},""BR2_compression"":{""score"":13.898510717951657},""BR3_retest"":{""score"":50.0},""BR4_bo_age"":{""score"":50.0},""_score"":20.97},""risk"":{""R1_stop_clarity"":{""score"":0},""R2_stop_distance_pct"":{""value"":-3.2662636648682275,""score"":0.0},""R3_stop_distance_atr"":{""value"":-1.1679730677433415,""score"":0.0},""R4_rr_potential"":{""value"":null,""score"":50.0},""_score"":10.0},""market"":{""M1_spy_regime"":{""score"":100.0},""M3_earnings_risk"":{""value"":null,""score"":80.0},""M4_vix"":{""value"":null,""score"":60.0},""_score"":84.0},""liquidity"":{""L1_price"":{""value"":177.005,""score"":100.0},""L2_dollar_vol"":{""value"":584547590.9943017,""score"":100.0},""L3_spread_proxy"":{""value"":0.013671930171464173,""score"":86.32806982853583},""L4_volume_zscore"":{""value"":-1.2607603002220351,""score"":100.0},""_score"":98.63},""pattern_structure"":{""first_base_low"":166.74,""first_base_top"":188.0,""first_base_bars"":20,""second_base_low"":185.57,""second_base_top"":205.36,""second_base_bars"":55,""structural_low"":185.57,""stacking_overlap_pct"":0.012925531914893653,""current_price"":177.005,""neckline_distance_pct"":0.16019321488093569,""base_bars"":55},""pattern_geometry_features"":{""first_base_depth_pct"":0.11308510638297868,""second_base_depth_pct"":0.09636735488897555,""second_dry_up_ratio"":1.8246647246793473,""rim_advance_pct"":0.09234042553191496,""atr_pct"":0.02796523100638806},""_schema_version"":""1.0""}",,,,,,,,,,
20260508T185417Z-990aff,2026-05-08T18:54:17.243985+00:00,LHX,vcp,invalidated,40.0,14.8,46.0,61.9,56.0,17.5,18.7,10.0,84.0,98.2,2.22,11.5,7.43,6.72,2.28,1.31,0.5,5.04,4.91,True,risk_unclear;invalid_already_breached;trend_floor,301.775,364.27,339.7265,397.582,"{""trend"":{""T1_ema_stack"":{""value"":[false,false,true],""score"":33.33333333333333},""T2_ema50_slope"":{""value"":-0.2555331588294696,""score"":7.4111401950884},""T3_high_proximity"":{""value"":0.7973340731346438,""score"":0},""T4_rs_1m"":{""value"":-0.24173629317720602,""score"":0},""T5_rs_3m"":{""value"":-0.20487903378672867,""score"":0},""T6_adr_healthy"":{""value"":2.490165350139726,""score"":100.0},""_score"":14.82},""geometry"":{""sub_contraction_count"":100.0,""sub_reduction_rate"":3.9,""sub_pivot_tightness"":66.9,""sub_volume_dryup"":0,""sub_base_depth"":0.0,""sub_base_duration"":100.0,""_score"":46.01},""compression"":{""VC1_atr_ratio"":{""value"":0.34543587125903974,""score"":100},""VC2_range_contraction"":{""value"":0.9499930804337369,""score"":8.33448659437719},""VC3_range_pct_rank"":{""score"":75.83333333333333},""_score"":61.88},""sr_quality"":{""SR1_touches"":{""value"":5,""score"":100},""SR2_tightness"":{""value"":3.0025184828739913,""score"":34.58341437111776},""SR3_recency"":{""value"":251,""score"":0.0},""SR4_price_location"":{""score"":23.13655765211505},""SR5_reaction"":{""value"":3.180490150612069,""score"":100},""_score"":55.97,""_levels_found"":8,""_target_level"":334.4141},""volume"":{""V1_rvol_day"":{""value"":0.35313161334943893,""score"":0},""V2_rvol_sameslot"":{""value"":0.7375431503065667,""score"":15.836210020437779,""status"":""ok""},""V3_breakout_bar"":{""value"":0.7980605516353065,""score"":19.87070344235377},""V4_base_dryup"":{""value"":1.0294960951335277,""score"":47.05039048664723},""V5_bo_expansion"":{""value"":0.3531316133494389,""score"":0},""_score"":17.54},""readiness"":{""_distance_atr"":6.808,""BR1_atr_distance"":{""score"":0},""BR2_compression"":{""score"":4.621644951831409},""BR3_retest"":{""score"":50.0},""BR4_bo_age"":{""score"":50.0},""_score"":18.66},""risk"":{""R1_stop_clarity"":{""score"":0},""R2_stop_distance_pct"":{""value"":-12.576091458868365,""score"":0.0},""R3_stop_distance_atr"":{""value"":-4.134291868068938,""score"":0.0},""R4_rr_potential"":{""value"":null,""score"":50.0},""_score"":10.0},""market"":{""M1_spy_regime"":{""score"":100.0},""M3_earnings_risk"":{""value"":null,""score"":80.0},""M4_vix"":{""value"":null,""score"":60.0},""_score"":84.0},""liquidity"":{""L1_price"":{""value"":301.775,""score"":100.0},""L2_dollar_vol"":{""value"":165063867.83258957,""score"":100.0},""L3_spread_proxy"":{""value"":0.01757965371551647,""score"":82.42034628448353},""L4_volume_zscore"":{""value"":-1.741784652849065,""score"":100.0},""_score"":98.24},""pattern_structure"":{""n_contractions"":5,""contractions_pct"":[9.1,6.32,4.73,8.9,5.32],""descending_strict"":false,""final_low"":344.9,""final_pivot"":364.27,""structural_low"":344.9,""dry_up_ratio"":1.2650826316686525,""current_price"":301.775,""neckline_distance_pct"":0.20709137602518435,""base_bars"":34,""recent_base_height"":33.31200000000001},""pattern_geometry_features"":{""contraction_count"":5.0,""first_contraction_pct"":0.09097547172415696,""last_contraction_pct"":0.053174842836357664,""dry_up_ratio"":1.2650826316686525,""near_monotone"":0.0,""base_depth_pct"":0.047855673802918094},""_schema_version"":""1.0""}",,,,,,,,,,
20260508T185417Z-990aff,2026-05-08T18:54:17.243985+00:00,ADBE,bull_flag,absent,39.94,37.1,27.4,60.4,36.8,16.8,36.2,63.0,84.0,97.2,5.2,8.23,5.43,3.68,2.35,3.26,1.89,5.04,4.86,True,risk_unclear,251.9,259.44,242.4085,274.78,"{""trend"":{""T1_ema_stack"":{""value"":[true,false,false],""score"":33.33333333333333},""T2_ema50_slope"":{""value"":-0.14848432034924228,""score"":25.252613275126286},""T3_high_proximity"":{""value"":0.888160214371342,""score"":44.08010718567096},""T4_rs_1m"":{""value"":0.01074931025917314,""score"":60.74931025917314},""T5_rs_3m"":{""value"":-0.1293371833889415,""score"":0},""T6_adr_healthy"":{""value"":3.370960383647971,""score"":100.0},""_score"":37.15},""geometry"":{""sub_pole_impulse"":16.9,""sub_flag_tightness"":0,""sub_flag_shallowness"":0,""sub_flag_drift"":82.4,""sub_flag_duration"":100.0,""_score"":27.43},""compression"":{""VC1_atr_ratio"":{""value"":0.38844848497371776,""score"":100},""VC2_range_contraction"":{""value"":0.8473126139366104,""score"":25.4478976772316},""VC3_range_pct_rank"":{""score"":45.833333333333336},""_score"":60.37},""sr_quality"":{""SR1_touches"":{""value"":2,""score"":25.0},""SR2_tightness"":{""value"":0.15500000000000114,""score"":96.71451563330359},""SR3_recency"":{""value"":309,""score"":0.0},""SR4_price_location"":{""score"":7.390244991616235},""SR5_reaction"":{""value"":1.7315032529323329,""score"":86.57516264661665},""_score"":36.84,""_levels_found"":5,""_target_level"":327.595},""volume"":{""V1_rvol_day"":{""value"":0.4599265354722506,""score"":0},""V2_rvol_sameslot"":{""value"":0.5469081305502209,""score"":3.127208703348061,""status"":""ok""},""V3_breakout_bar"":{""value"":0.4976889015642689,""score"":0},""V4_base_dryup"":{""value"":0.6911336053843434,""score"":80.88663946156566},""V5_bo_expansion"":{""value"":0.45992653547225054,""score"":0},""_score"":16.8},""readiness"":{""_distance_atr"":0.799,""BR1_atr_distance"":{""score"":46.725694355073614},""BR2_compression"":{""score"":0},""BR3_retest"":{""score"":50.0},""BR4_bo_age"":{""score"":50.0},""_score"":36.19},""risk"":{""R1_stop_clarity"":{""score"":21.752480389292245},""R2_stop_distance_pct"":{""value"":3.767963477570465,""score"":100.0},""R3_stop_distance_atr"":{""value"":1.0059411247257681,""score"":75.29705623628841},""R4_rr_potential"":{""value"":2.410577885476475,""score"":70.52889427382374},""_score"":63.01},""market"":{""M1_spy_regime"":{""score"":100.0},""M3_earnings_risk"":{""value"":null,""score"":80.0},""M4_vix"":{""value"":null,""score"":60.0},""_score"":84.0},""liquidity"":{""L1_price"":{""value"":251.9,""score"":100.0},""L2_dollar_vol"":{""value"":615461423.839306,""score"":100.0},""L3_spread_proxy"":{""value"":0.028503374354902765,""score"":71.49662564509724},""L4_volume_zscore"":{""value"":-1.855433049483747,""score"":100.0},""_score"":97.15},""pattern_structure"":{""pole_low"":244.1,""pole_low_idx"":25,""peak_price"":259.44,""peak_idx"":50,""pole_gain"":0.06284309709135602,""flag_bars"":9,""flag_low"":246.1,""flag_high"":259.4,""structural_low"":246.1,""current_price"":252.1275,""neckline_distance_pct"":0.029003182913406908,""base_bars"":9},""pattern_geometry_features"":{""pole_gain"":0.06284309709135602,""pullback_pct"":0.05141843971631207,""flag_range_pct"":0.05126426148627807,""flag_drift_per_bar"":-0.0035252005433758634,""atr_pct"":0.037457097487665174,""pole_atr_multiple"":1.6777353640935633},""_schema_version"":""1.0""}",,,,,,,,,,
20260508T185417Z-990aff,2026-05-08T18:54:17.243985+00:00,TDG,ascending_triangle,absent,39.42,27.1,27.6,54.3,55.5,12.3,44.4,45.5,84.0,72.2,4.07,7.74,4.34,7.77,1.48,3.55,1.82,5.04,3.61,True,risk_unclear;trend_floor,1224.94,1262.26,1111.2868,1396.31,"{""trend"":{""T1_ema_stack"":{""value"":[true,false,false],""score"":33.33333333333333},""T2_ema50_slope"":{""value"":-0.14379221918834173,""score"":26.034630135276377},""T3_high_proximity"":{""value"":0.9148306920192983,""score"":57.41534600964915},""T4_rs_1m"":{""value"":-0.0852271329721741,""score"":0},""T5_rs_3m"":{""value"":-0.1150640247195931,""score"":0},""T6_adr_healthy"":{""value"":2.978635084496258,""score"":100.0},""_score"":27.15},""geometry"":{""sub_flat_top_quality"":33.3,""sub_hl_slope"":8.8,""sub_compression"":0,""sub_duration"":100.0,""_score"":27.63},""compression"":{""VC1_atr_ratio"":{""value"":0.4590910949321405,""score"":100},""VC2_range_contraction"":{""value"":0.8804861404464308,""score"":19.918976592261533},""VC3_range_pct_rank"":{""score"":29.166666666666664},""_score"":54.26},""sr_quality"":{""SR1_touches"":{""value"":2,""score"":25.0},""SR2_tightness"":{""value"":4.355000000000018,""score"":77.96172127740317},""SR3_recency"":{""value"":287,""score"":0.0},""SR4_price_location"":{""score"":85.23945089505311},""SR5_reaction"":{""value"":2.2371003596537227,""score"":100},""_score"":55.5,""_levels_found"":6,""_target_level"":1241.445},""volume"":{""V1_rvol_day"":{""value"":0.24512135213004244,""score"":0},""V2_rvol_sameslot"":{""value"":0.4347095493370722,""score"":0,""status"":""ok""},""V3_breakout_bar"":{""value"":0.5672878690146609,""score"":4.485857934310725},""V4_base_dryup"":{""value"":0.9395945686107064,""score"":56.04054313892936},""V5_bo_expansion"":{""value"":0.2451213521300425,""score"":0},""_score"":12.33},""readiness"":{""_distance_atr"":0.944,""BR1_atr_distance"":{""score"":37.04794780502802},""BR2_compression"":{""score"":48.116381351120474},""BR3_retest"":{""score"":50.0},""BR4_bo_age"":{""score"":50.0},""_score"":44.35},""risk"":{""R1_stop_clarity"":{""score"":14.361171856644148},""R2_stop_distance_pct"":{""value"":9.278262608780846,""score"":68.04343478047885},""R3_stop_distance_atr"":{""value"":2.8756828902423623,""score"":100.0},""R4_rr_potential"":{""value"":1.5078332628704065,""score"":25.391663143520326},""_score"":45.52},""market"":{""M1_spy_regime"":{""score"":100.0},""M3_earnings_risk"":{""value"":null,""score"":80.0},""M4_vix"":{""value"":null,""score"":60.0},""_score"":84.0},""liquidity"":{""L1_price"":{""value"":1224.94,""score"":0.0},""L2_dollar_vol"":{""value"":121609385.07162543,""score"":100.0},""L3_spread_proxy"":{""value"":0.028091171812496818,""score"":71.90882818750319},""L4_volume_zscore"":{""value"":-2.066857328381774,""score"":100.0},""_score"":72.19},""pattern_structure"":{""top"":1262.26,""top_touches"":2,""low_slope_per_bar"":0.29809691011236183,""lowest_low"":1128.21,""structural_low"":1128.21,""current_price"":1223.21,""neckline_distance_pct"":0.03192419944245056,""base_bars"":34},""pattern_geometry_features"":{""top_touches"":2.0,""low_slope"":0.29809691011236183,""compression"":-0.07851175714471292,""atr_pct"":0.03226455406562187},""_schema_version"":""1.0""}",,,,,,,,,,
20260508T185417Z-990aff,2026-05-08T18:54:17.243985+00:00,INTU,bull_flag,absent,38.9,18.9,24.9,59.5,58.6,22.8,25.5,74.5,84.0,96.3,2.64,7.46,5.36,5.86,3.19,2.3,2.24,5.04,4.82,True,trend_floor,396.2,418.15,375.7874,456.3,"{""trend"":{""T1_ema_stack"":{""value"":[false,false,false],""score"":0.0},""T2_ema50_slope"":{""value"":-0.3546965333111786,""score"":0},""T3_high_proximity"":{""value"":0.8234096057526445,""score"":11.704802876322251},""T4_rs_1m"":{""value"":0.01065933466637814,""score"":60.65933466637814},""T5_rs_3m"":{""value"":-0.17512688220122186,""score"":0},""T6_adr_healthy"":{""value"":3.7371060914726035,""score"":100.0},""_score"":18.89},""geometry"":{""sub_pole_impulse"":29.8,""sub_flag_tightness"":0,""sub_flag_shallowness"":0,""sub_flag_drift"":97.8,""sub_flag_duration"":12.5,""_score"":24.86},""compression"":{""VC1_atr_ratio"":{""value"":0.498874813006903,""score"":100},""VC2_range_contraction"":{""value"":0.8543271959660794,""score"":24.2788006723201},""VC3_range_pct_rank"":{""score"":44.166666666666664},""_score"":59.54},""sr_quality"":{""SR1_touches"":{""value"":4,""score"":75.0},""SR2_tightness"":{""value"":4.184770364294199,""score"":53.85850022042751},""SR3_recency"":{""value"":227,""score"":0.0},""SR4_price_location"":{""score"":51.985224420727135},""SR5_reaction"":{""value"":2.23176317088282,""score"":100},""_score"":58.58,""_levels_found"":7,""_target_level"":414.44},""volume"":{""V1_rvol_day"":{""value"":0.5231065248907734,""score"":1.540434992718224},""V2_rvol_sameslot"":{""value"":0.7459311714360316,""score"":16.395411429068773,""status"":""ok""},""V3_breakout_bar"":{""value"":0.6998157159669044,""score"":13.321047731126958},""V4_base_dryup"":{""value"":0.7054484837198617,""score"":79.45515162801382},""V5_bo_expansion"":{""value"":0.5231065248907734,""score"":0},""_score"":22.81},""readiness"":{""_distance_atr"":1.21,""BR1_atr_distance"":{""score"":19.32604563735839},""BR2_compression"":{""score"":1.1720048478704819},""BR3_retest"":{""score"":50.0},""BR4_bo_age"":{""score"":50.0},""_score"":25.52},""risk"":{""R1_stop_clarity"":{""score"":36.90175786787652},""R2_stop_distance_pct"":{""value"":5.152107521453807,""score"":100.0},""R3_stop_distance_atr"":{""value"":1.1253548026336508,""score"":81.26774013168254},""R4_rr_potential"":{""value"":2.944252706042577,""score"":97.21263530212885},""_score"":74.55},""market"":{""M1_spy_regime"":{""score"":100.0},""M3_earnings_risk"":{""value"":null,""score"":80.0},""M4_vix"":{""value"":null,""score"":60.0},""_score"":84.0},""liquidity"":{""L1_price"":{""value"":396.2,""score"":100.0},""L2_dollar_vol"":{""value"":539317039.3725086,""score"":100.0},""L3_spread_proxy"":{""value"":0.03662291771832406,""score"":63.37708228167594},""L4_volume_zscore"":{""value"":-1.9784156608784873,""score"":100.0},""_score"":96.34},""pattern_structure"":{""pole_low"":380.0,""pole_low_idx"":19,""peak_price"":418.15,""peak_idx"":32,""pole_gain"":0.1003947368421052,""flag_bars"":27,""flag_low"":381.51,""flag_high"":411.8,""structural_low"":381.51,""current_price"":395.775,""neckline_distance_pct"":0.056534647211167965,""base_bars"":27},""pattern_geometry_features"":{""pole_gain"":0.1003947368421052,""pullback_pct"":0.0876240583522659,""flag_range_pct"":0.07243812029176139,""flag_drift_per_bar"":-0.00043100718370756545,""atr_pct"":0.04578207254633302,""pole_atr_multiple"":2.19288318021213},""_schema_version"":""1.0""}",,,,,,,,,,
20260508T185417Z-990aff,2026-05-08T18:54:17.243985+00:00,ZETA,bull_flag,absent,38.42,54.5,16.7,66.5,40.9,10.6,25.0,76.5,84.0,92.6,7.64,5.01,5.98,4.09,1.49,2.25,2.29,5.04,4.63,False,,17.0899,18.885,16.2722,20.335,"{""trend"":{""T1_ema_stack"":{""value"":[false,true,false],""score"":33.33333333333333},""T2_ema50_slope"":{""value"":0.1376629537161919,""score"":72.94382561936531},""T3_high_proximity"":{""value"":0.895697064989518,""score"":47.848532494758956},""T4_rs_1m"":{""value"":0.030774856144567986,""score"":80.77485614456799},""T5_rs_3m"":{""value"":-0.05609630796734422,""score"":21.95184601632789},""T6_adr_healthy"":{""value"":4.7905331509488684,""score"":100.0},""_score"":54.55},""geometry"":{""sub_pole_impulse"":13.9,""sub_flag_tightness"":0,""sub_flag_shallowness"":0,""sub_flag_drift"":83.5,""sub_flag_duration"":0.0,""_score"":16.7},""compression"":{""VC1_atr_ratio"":{""value"":0.3204052189797466,""score"":100},""VC2_range_contraction"":{""value"":0.8891017286659372,""score"":18.483045222343804},""VC3_range_pct_rank"":{""score"":80.0},""_score"":66.47},""sr_quality"":{""SR1_touches"":{""value"":2,""score"":25.0},""SR2_tightness"":{""value"":0.04999999999999894,""score"":89.0623290988924},""SR3_recency"":{""value"":284,""score"":0.0},""SR4_price_location"":{""score"":20.146084593171416},""SR5_reaction"":{""value"":3.0242660041563143,""score"":100},""_score"":40.9,""_levels_found"":6,""_target_level"":17.56},""volume"":{""V1_rvol_day"":{""value"":0.4512049637762773,""score"":0},""V2_rvol_sameslot"":{""value"":0.47231676473229867,""score"":0,""status"":""ok""},""V3_breakout_bar"":{""value"":0.42327133085900304,""score"":0},""V4_base_dryup"":{""value"":0.9693719993272177,""score"":53.062800067278225},""V5_bo_expansion"":{""value"":0.4512049637762772,""score"":0},""_score"":10.61},""readiness"":{""_distance_atr"":1.963,""BR1_atr_distance"":{""score"":0},""BR2_compression"":{""score"":30.14017239408327},""BR3_retest"":{""score"":50.0},""BR4_bo_age"":{""score"":50.0},""_score"":25.04},""risk"":{""R1_stop_clarity"":{""score"":45.79290301410926},""R2_stop_distance_pct"":{""value"":4.784697394367446,""score"":100.0},""R3_stop_distance_atr"":{""value"":0.8943733495835895,""score"":69.71866747917947},""R4_rr_potential"":{""value"":3.9685703803350814,""score"":100.0},""_score"":76.49},""market"":{""M1_spy_regime"":{""score"":100.0},""M3_earnings_risk"":{""value"":null,""score"":80.0},""M4_vix"":{""value"":null,""score"":60.0},""_score"":84.0},""liquidity"":{""L1_price"":{""value"":17.0899,""score"":100.0},""L2_dollar_vol"":{""value"":64978239.01985955,""score"":90.63839686605233},""L3_spread_proxy"":{""value"":0.03627873773398329,""score"":63.72126226601671},""L4_volume_zscore"":{""value"":-1.0573005378632683,""score"":100.0},""_score"":92.63},""pattern_structure"":{""pole_low"":17.435,""pole_low_idx"":15,""peak_price"":18.885,""peak_idx"":30,""pole_gain"":0.08316604531115589,""flag_bars"":29,""flag_low"":16.52,""flag_high"":18.86,""structural_low"":16.52,""current_price"":17.1291,""neckline_distance_pct"":0.10250976408567877,""base_bars"":29},""pattern_geometry_features"":{""pole_gain"":0.08316604531115589,""pullback_pct"":0.1252316653428648,""flag_range_pct"":0.1239078633836378,""flag_drift_per_bar"":-0.003304490934434647,""atr_pct"":0.05349776350776942,""pole_atr_multiple"":1.5545705064675792},""_schema_version"":""1.0""}",,,,,,,,,,
20260508T185417Z-990aff,2026-05-08T18:54:17.243985+00:00,ESLT,bull_flag,absent,38.34,48.0,20.9,45.8,49.8,30.0,17.5,67.1,84.0,68.7,6.72,6.26,4.12,4.98,4.2,1.57,2.01,5.04,3.43,True,risk_unclear,783.85,873.1,763.4242,943.635,"{""trend"":{""T1_ema_stack"":{""value"":[false,true,true],""score"":66.66666666666666},""T2_ema50_slope"":{""value"":0.03901861958482918,""score"":56.5031032641382},""T3_high_proximity"":{""value"":0.7727761182258239,""score"":0},""T4_rs_1m"":{""value"":-0.2405154938292694,""score"":0},""T5_rs_3m"":{""value"":0.11079009097851067,""score"":100},""T6_adr_healthy"":{""value"":2.9855485078872186,""score"":100.0},""_score"":47.97},""geometry"":{""sub_pole_impulse"":31.4,""sub_flag_tightness"":0,""sub_flag_shallowness"":0,""sub_flag_drift"":76.3,""sub_flag_duration"":0.0,""_score"":20.86},""compression"":{""VC1_atr_ratio"":{""value"":0.4743080507798739,""score"":100},""VC2_range_contraction"":{""value"":1.061956853197358,""score"":0},""VC3_range_pct_rank"":{""score"":23.33333333333333},""_score"":45.83},""sr_quality"":{""SR1_touches"":{""value"":2,""score"":25.0},""SR2_tightness"":{""value"":4.694999999999993,""score"":69.2489789425916},""SR3_recency"":{""value"":233,""score"":0.0},""SR4_price_location"":{""score"":67.59797628936043},""SR5_reaction"":{""value"":2.5804167504877196,""score"":100},""_score"":49.79,""_levels_found"":3,""_target_level"":805.305},""volume"":{""V1_rvol_day"":{""value"":0.9118448844342041,""score"":27.45632562894694},""V2_rvol_sameslot"":{""value"":0.8375550741226829,""score"":22.503671608178863,""status"":""ok""},""V3_breakout_bar"":{""value"":0.27814138763897694,""score"":0},""V4_base_dryup"":{""value"":0.48088440163329615,""score"":100},""V5_bo_expansion"":{""value"":0.9118448844342041,""score"":0},""_score"":29.99},""readiness"":{""_distance_atr"":2.923,""BR1_atr_distance"":{""score"":0},""BR2_compression"":{""score"":0},""BR3_retest"":{""score"":50.0},""BR4_bo_age"":{""score"":50.0},""_score"":17.5},""risk"":{""R1_stop_clarity"":{""score"":23.854380605289165},""R2_stop_distance_pct"":{""value"":2.605823818332603,""score"":100.0},""R3_stop_distance_atr"":{""value"":0.668916579726692,""score"":58.445828986334604},""R4_rr_potential"":{""value"":7.822723767793062,""score"":100.0},""_score"":67.12},""market"":{""M1_spy_regime"":{""score"":100.0},""M3_earnings_risk"":{""value"":null,""score"":80.0},""M4_vix"":{""value"":null,""score"":60.0},""_score"":84.0},""liquidity"":{""L1_price"":{""value"":783.85,""score"":0.0},""L2_dollar_vol"":{""value"":74433200.519011,""score"":93.58833467111852},""L3_spread_proxy"":{""value"":0.03741787331759908,""score"":62.58212668240092},""L4_volume_zscore"":{""value"":-0.326748816239403,""score"":100.0},""_score"":68.69},""pattern_structure"":{""pole_low"":802.565,""pole_low_idx"":14,""peak_price"":873.1,""peak_idx"":31,""pole_gain"":0.08788696242671928,""flag_bars"":28,""flag_low"":775.05,""flag_high"":869.79,""structural_low"":775.05,""current_price"":780.76,""neckline_distance_pct"":0.11826937855422925,""base_bars"":28},""pattern_geometry_features"":{""pole_gain"":0.08788696242671928,""pullback_pct"":0.11230099644943313,""flag_range_pct"":0.10850990722712175,""flag_drift_per_bar"":-0.004735496868824932,""atr_pct"":0.03895588623916749,""pole_atr_multiple"":2.2560637405896036},""_schema_version"":""1.0""}",,,,,,,,,,
20260508T185417Z-990aff,2026-05-08T18:54:17.243985+00:00,PLTR,bull_flag,absent,38.16,19.4,23.9,73.3,51.0,18.3,20.6,75.7,84.0,96.8,2.72,7.16,6.6,5.1,2.57,1.85,2.27,5.04,4.84,True,trend_floor,136.66,149.64,129.1828,164.6,"{""trend"":{""T1_ema_stack"":{""value"":[false,false,false],""score"":0.0},""T2_ema50_slope"":{""value"":-0.13850152354195705,""score"":26.916412743007157},""T3_high_proximity"":{""value"":0.8496642626212385,""score"":24.832131310619232},""T4_rs_1m"":{""value"":-0.037470547752812555,""score"":12.529452247187443},""T5_rs_3m"":{""value"":-0.06233936621856584,""score"":18.83031689071708},""T6_adr_healthy"":{""value"":3.7668182696553227,""score"":100.0},""_score"":19.44},""geometry"":{""sub_pole_impulse"":35.6,""sub_flag_tightness"":0,""sub_flag_shallowness"":0,""sub_flag_drift"":87.9,""sub_flag_duration"":0.0,""_score"":23.87},""compression"":{""VC1_atr_ratio"":{""value"":0.4720047153725547,""score"":100},""VC2_range_contraction"":{""value"":0.7251437468655758,""score"":45.80937552240403},""VC3_range_pct_rank"":{""score"":69.16666666666667},""_score"":73.32},""sr_quality"":{""SR1_touches"":{""value"":4,""score"":75.0},""SR2_tightness"":{""value"":0.766236745399222,""score"":75.52816520094146},""SR3_recency"":{""value"":227,""score"":0.0},""SR4_price_location"":{""score"":8.845208845208756},""SR5_reaction"":{""value"":2.2899326684970003,""score"":100},""_score"":51.04,""_levels_found"":8,""_target_level"":148.7175},""volume"":{""V1_rvol_day"":{""value"":0.6449741503873251,""score"":9.664943359155005},""V2_rvol_sameslot"":{""value"":0.8724663960773456,""score"":24.831093071823037,""status"":""ok""},""V3_breakout_bar"":{""value"":0.5923266867872132,""score"":6.155112452480882},""V4_base_dryup"":{""value"":1.0051268139829008,""score"":49.487318601709916},""V5_bo_expansion"":{""value"":0.6449741503873252,""score"":0},""_score"":18.34},""readiness"":{""_distance_atr"":2.073,""BR1_atr_distance"":{""score"":0},""BR2_compression"":{""score"":12.381002185531973},""BR3_retest"":{""score"":50.0},""BR4_bo_age"":{""score"":50.0},""_score"":20.6},""risk"":{""R1_stop_clarity"":{""score"":37.17052333333702},""R2_stop_distance_pct"":{""value"":5.4713533587004175,""score"":100.0},""R3_stop_distance_atr"":{""value"":1.194014887527987,""score"":84.70074437639936},""R4_rr_potential"":{""value"":3.7367171174744827,""score"":100.0},""_score"":75.71},""market"":{""M1_spy_regime"":{""score"":100.0},""M3_earnings_risk"":{""value"":null,""score"":80.0},""M4_vix"":{""value"":null,""score"":60.0},""_score"":84.0},""liquidity"":{""L1_price"":{""value"":136.66,""score"":100.0},""L2_dollar_vol"":{""value"":4105615007.840823,""score"":100.0},""L3_spread_proxy"":{""value"":0.031610566369091105,""score"":68.3894336309089},""L4_volume_zscore"":{""value"":-1.0299140765001362,""score"":100.0},""_score"":96.84},""pattern_structure"":{""pole_low"":134.68,""pole_low_idx"":13,""peak_price"":149.64,""peak_idx"":31,""pole_gain"":0.11107811107811091,""flag_bars"":28,""flag_low"":131.1501,""flag_high"":149.0,""structural_low"":131.1501,""current_price"":137.17,""neckline_distance_pct"":0.09090909090909091,""base_bars"":28},""pattern_geometry_features"":{""pole_gain"":0.11107811107811091,""pullback_pct"":0.12356255012028855,""flag_range_pct"":0.11928561881849768,""flag_drift_per_bar"":-0.002423821251213892,""atr_pct"":0.04582315862097802,""pole_atr_multiple"":2.4240605497513417},""_schema_version"":""1.0""}",,,,,,,,,,
20260508T185417Z-990aff,2026-05-08T18:54:17.243985+00:00,NOW,bull_flag,absent,37.14,5.0,22.7,69.1,60.0,7.9,45.4,78.3,84.0,96.9,0.7,6.8,6.22,6.0,1.11,4.09,2.35,5.04,4.84,True,trend_floor,91.51,95.62,86.8868,105.36,"{""trend"":{""T1_ema_stack"":{""value"":[false,false,false],""score"":0.0},""T2_ema50_slope"":{""value"":-0.5822904500026067,""score"":0},""T3_high_proximity"":{""value"":0.7359658999517452,""score"":0},""T4_rs_1m"":{""value"":-0.06582501468805413,""score"":0},""T5_rs_3m"":{""value"":-0.15955371075333524,""score"":0},""T6_adr_healthy"":{""value"":4.58086060455633,""score"":100.0},""_score"":5.0},""geometry"":{""sub_pole_impulse"":21.5,""sub_flag_tightness"":0,""sub_flag_shallowness"":0,""sub_flag_drift"":99.9,""sub_flag_duration"":12.5,""_score"":22.68},""compression"":{""VC1_atr_ratio"":{""value"":0.318830495186544,""score"":100},""VC2_range_contraction"":{""value"":0.7624144737106641,""score"":39.59758771488933},""VC3_range_pct_rank"":{""score"":60.83333333333334},""_score"":69.07},""sr_quality"":{""SR1_touches"":{""value"":4,""score"":75.0},""SR2_tightness"":{""value"":1.3216939887886305,""score"":52.62084483615654},""SR3_recency"":{""value"":227,""score"":0.0},""SR4_price_location"":{""score"":59.18699186991871},""SR5_reaction"":{""value"":1.970705077897452,""score"":98.5352538948726},""_score"":59.97,""_levels_found"":5,""_target_level"":97.785},""volume"":{""V1_rvol_day"":{""value"":0.6308805763333639,""score"":8.725371755557594},""V2_rvol_sameslot"":{""value"":0.8578941111873728,""score"":23.85960741249152,""status"":""ok""},""V3_breakout_bar"":{""value"":0.583308641247593,""score"":5.5539094165061975},""V4_base_dryup"":{""value"":1.5404570538722089,""score"":0},""V5_bo_expansion"":{""value"":0.6308805763333639,""score"":0},""_score"":7.91},""readiness"":{""_distance_atr"":0.737,""BR1_atr_distance"":{""score"":50.88920497099571},""BR2_compression"":{""score"":30.172492956497155},""BR3_retest"":{""score"":50.0},""BR4_bo_age"":{""score"":50.0},""_score"":45.4},""risk"":{""R1_stop_clarity"":{""score"":52.56865077180515},""R2_stop_distance_pct"":{""value"":5.052070811933132,""score"":100.0},""R3_stop_distance_atr"":{""value"":0.8286371242275242,""score"":66.43185621137621},""R4_rr_potential"":{""value"":2.995792911759294,""score"":99.7896455879647},""_score"":78.32},""market"":{""M1_spy_regime"":{""score"":100.0},""M3_earnings_risk"":{""value"":null,""score"":80.0},""M4_vix"":{""value"":null,""score"":60.0},""_score"":84.0},""liquidity"":{""L1_price"":{""value"":91.51,""score"":100.0},""L2_dollar_vol"":{""value"":1606205622.3196137,""score"":100.0},""L3_spread_proxy"":{""value"":0.03125341492733034,""score"":68.74658507266966},""L4_volume_zscore"":{""value"":-0.708864294079473,""score"":100.0},""_score"":96.87},""pattern_structure"":{""pole_low"":85.88,""pole_low_idx"":19,""peak_price"":95.62,""peak_idx"":32,""pole_gain"":0.11341406613879844,""flag_bars"":27,""flag_low"":88.21,""flag_high"":95.56,""structural_low"":88.21,""current_price"":91.585,""neckline_distance_pct"":0.044057432985751065,""base_bars"":27},""pattern_geometry_features"":{""pole_gain"":0.11341406613879844,""pullback_pct"":0.07749424806525843,""flag_range_pct"":0.07686676427525631,""flag_drift_per_bar"":-2.6103175636387687e-05,""atr_pct"":0.06096843436314534,""pole_atr_multiple"":1.8602095875264237},""_schema_version"":""1.0""}",,,,,,,,,,
20260508T185417Z-990aff,2026-05-08T18:54:17.243985+00:00,NOC,double_bottom,absent,36.89,13.3,24.6,61.9,41.9,24.5,17.5,61.9,84.0,91.7,2.0,6.15,4.95,5.86,3.19,1.4,3.72,5.04,4.58,True,risk_unclear;reversal_trend_cap,551.07,582.99,536.0765,621.7399,"{""trend"":{""T1_ema_stack"":{""value"":[false,false,true],""score"":33.33333333333333},""T2_ema50_slope"":{""value"":-0.5411923637137008,""score"":0},""T3_high_proximity"":{""value"":0.7175203770735138,""score"":0},""T4_rs_1m"":{""value"":-0.28676090214660177,""score"":0},""T5_rs_3m"":{""value"":-0.2908026362386946,""score"":0},""T6_adr_healthy"":{""value"":2.4793509312201856,""score"":100.0},""_score"":13.33},""geometry"":{""sub_low_similarity"":9.1,""sub_bounce_quality"":58.9,""sub_separation_fit"":0.0,""sub_right_bottom_reaction"":27.3,""sub_base_context"":30.0,""_score"":24.61},""compression"":{""VC1_atr_ratio"":{""value"":0.29185946705189414,""score"":100},""VC2_range_contraction"":{""value"":0.8811683711421622,""score"":19.805271476306306},""VC3_range_pct_rank"":{""score"":60.0},""_score"":61.93},""sr_quality"":{""SR1_touches"":{""value"":2,""score"":25.0},""SR2_tightness"":{""value"":3.454999999999984,""score"":59.61257462530811},""SR3_recency"":{""value"":310,""score"":0.0},""SR4_price_location"":{""score"":41.78581850014612},""SR5_reaction"":{""value"":3.040486369139563,""score"":100},""_score"":41.89,""_levels_found"":7,""_target_level"":561.045},""volume"":{""V1_rvol_day"":{""value"":0.43876521706659394,""score"":0},""V2_rvol_sameslot"":{""value"":0.9805258599828979,""score"":32.03505733219319,""status"":""ok""},""V3_breakout_bar"":{""value"":0.8322203338194347,""score"":22.148022254628984},""V4_base_dryup"":{""value"":0.872293761479635,""score"":62.7706238520365},""V5_bo_expansion"":{""value"":0.43876521706659394,""score"":0},""_score"":24.5},""readiness"":{""_distance_atr"":1.866,""BR1_atr_distance"":{""score"":0},""BR2_compression"":{""score"":0},""BR3_retest"":{""score"":50.0},""BR4_bo_age"":{""score"":50.0},""_score"":17.5},""risk"":{""R1_stop_clarity"":{""score"":4.571100905940568},""R2_stop_distance_pct"":{""value"":2.7207979929954615,""score"":100.0},""R3_stop_distance_atr"":{""value"":0.8763370809501988,""score"":68.81685404750995},""R4_rr_potential"":{""value"":4.713368655080306,""score"":100.0},""_score"":61.92},""market"":{""M1_spy_regime"":{""score"":100.0},""M3_earnings_risk"":{""value"":null,""score"":80.0},""M4_vix"":{""value"":null,""score"":60.0},""_score"":84.0},""liquidity"":{""L1_price"":{""value"":551.07,""score"":74.46499999999997},""L2_dollar_vol"":{""value"":196694613.51633757,""score"":100.0},""L3_spread_proxy"":{""value"":0.01957990817863427,""score"":80.42009182136573},""L4_volume_zscore"":{""value"":-1.4339930766271194,""score"":100.0},""_score"":91.66},""pattern_structure"":{""left_low"":569.56,""left_idx"":25,""right_low"":544.2401,""right_idx"":75,""separation_bars"":50,""structural_low"":544.2401,""current_price"":550.56,""neckline_distance_pct"":0.05890366172624249,""base_bars"":50},""pattern_geometry_features"":{""low_similarity_pct"":0.045465788699426336,""bounce_pct"":0.07120000896663077,""right_bottom_reaction"":0.27339456343432966,""atr_pct"":0.03104739092000241},""_schema_version"":""1.0""}",,,,,,,,,,
