run_id,asof,ticker,pattern,pattern_state,final_score,trend,geometry,compression,sr_quality,volume,readiness,risk,market,liquidity,comp_trend,comp_geometry,comp_compression,comp_sr,comp_volume,comp_readiness,comp_risk,comp_market,comp_liquidity,veto_triggered,veto_reasons,price,trigger,invalid_below,measured_move_target,features_json,note,ret_1h,ret_eod,ret_1d,ret_3d,ret_5d,max_dd_5d,max_fav_5d,touched_invalid_5d,post_hoc_tag
20260602T213437Z-756d21,2026-06-02T21:34:37.658687+00:00,MKSI,breakout_retest_hold,setup,74.01,99.4,89.3,70.7,52.6,27.7,85.5,55.6,84.0,95.7,13.91,19.64,4.24,7.36,3.6,15.4,2.78,4.2,2.87,False,,331.36,329.75,325.012,333.7393,"{""trend"":{""T1_ema_stack"":{""value"":[true,true,true],""score"":100.0},""T2_ema50_slope"":{""value"":0.5191631413003678,""score"":100},""T3_high_proximity"":{""value"":0.9917691778156894,""score"":95.88458890784469},""T4_rs_1m"":{""value"":0.13204803629044548,""score"":100},""T5_rs_3m"":{""value"":0.3083637131499717,""score"":100},""T6_adr_healthy"":{""value"":4.444041841272314,""score"":100.0},""_score"":99.38},""geometry"":{""sub_retest_depth"":100.0,""sub_retest_timing"":100.0,""sub_retest_freshness"":100.0,""sub_hold_quality"":64.3,""_score"":89.29},""compression"":{""VC1_atr_ratio"":{""value"":0.5425145604126579,""score"":100},""VC2_range_contraction"":{""value"":0.6991268989139521,""score"":50.145516847674656},""VC3_range_pct_rank"":{""score"":52.5},""_score"":70.68},""sr_quality"":{""SR1_touches"":{""value"":4,""score"":75.0},""SR2_tightness"":{""value"":3.5844531922596055,""score"":50.60853612368501},""SR3_recency"":{""value"":246,""score"":0.0},""SR4_price_location"":{""score"":30.0},""SR5_reaction"":{""value"":2.054588403193859,""score"":100},""_score"":52.59,""_levels_found"":4,""_target_level"":264.9688},""volume"":{""V1_rvol_day"":{""value"":0.855017054767402,""score"":23.66780365116013},""V2_rvol_sameslot"":{""value"":0.8318985177789804,""score"":22.126567851932023,""status"":""ok""},""V3_breakout_bar"":{""value"":0.88953011063633,""score"":25.968674042422002},""V4_base_dryup"":{""value"":0.8982786865095055,""score"":60.17213134904945},""V5_bo_expansion"":{""value"":0.855017054767402,""score"":0},""_score"":27.69},""readiness"":{""_distance_atr"":-0.111,""BR1_atr_distance"":{""score"":100.0},""BR2_compression"":{""score"":52.12680305223374},""BR3_retest"":{""score"":94.98775851675059},""BR4_bo_age"":{""score"":90},""_score"":85.53},""risk"":{""R1_stop_clarity"":{""score"":54.763056556882525},""R2_stop_distance_pct"":{""value"":1.9157260985031461,""score"":97.89315246257866},""R3_stop_distance_atr"":{""value"":0.4373533790184686,""score"":46.867668950923424},""R4_rr_potential"":{""value"":0.37480829019041756,""score"":0.0},""_score"":55.57},""market"":{""M1_spy_regime"":{""score"":100.0},""M3_earnings_risk"":{""value"":null,""score"":80.0},""M4_vix"":{""value"":null,""score"":60.0},""_score"":84.0},""liquidity"":{""L1_price"":{""value"":331.36,""score"":100.0},""L2_dollar_vol"":{""value"":372912800.97365636,""score"":100.0},""L3_spread_proxy"":{""value"":0.042581784162240406,""score"":57.4182158377596},""L4_volume_zscore"":{""value"":-0.45003581003374105,""score"":100.0},""_score"":95.74},""pattern_structure"":{""level"":329.75,""level_idx"":62,""breakout_idx"":75,""bo_peak_idx"":76,""bo_peak_price"":334.49,""retest_idx"":78,""retest_low"":328.295,""structural_low"":328.295,""current_price"":329.41,""neckline_distance_pct"":0.0010321483865091375,""base_bars"":17,""bars_since_breakout"":4},""pattern_geometry_features"":{""retest_depth_atr"":0.3647289063325275,""bars_breakout_to_retest"":3.0,""bars_since_retest"":1.0,""current_above_level_atr"":-0.08522874787151312,""bo_peak_excess_pct"":0.01437452615617895,""atr_pct"":0.04380270486997309},""_schema_version"":""1.0""}",,,,,,,,,,
20260602T213437Z-756d21,2026-06-02T21:34:37.658687+00:00,LSCC,breakout_retest_hold,setup,72.13,100.0,93.8,44.5,46.0,21.8,86.6,57.7,84.0,95.4,14.0,20.65,2.67,6.44,2.83,15.6,2.88,4.2,2.86,False,,151.35,151.165,148.1238,154.255,"{""trend"":{""T1_ema_stack"":{""value"":[true,true,true],""score"":100.0},""T2_ema50_slope"":{""value"":0.5625261638186366,""score"":100},""T3_high_proximity"":{""value"":1.0,""score"":99.99999999999997},""T4_rs_1m"":{""value"":0.19723327994788642,""score"":100},""T5_rs_3m"":{""value"":0.5025900129981093,""score"":100},""T6_adr_healthy"":{""value"":4.928333436639038,""score"":100.0},""_score"":100.0},""geometry"":{""sub_retest_depth"":100.0,""sub_retest_timing"":100.0,""sub_retest_freshness"":100.0,""sub_hold_quality"":79.5,""_score"":93.85},""compression"":{""VC1_atr_ratio"":{""value"":0.6671877449952386,""score"":83.20306375119036},""VC2_range_contraction"":{""value"":1.0627489550433902,""score"":0},""VC3_range_pct_rank"":{""score"":44.99999999999999},""_score"":44.53},""sr_quality"":{""SR1_touches"":{""value"":3,""score"":50.0},""SR2_tightness"":{""value"":1.4943948340381785,""score"":58.82614333923834},""SR3_recency"":{""value"":236,""score"":0.0},""SR4_price_location"":{""score"":30.0},""SR5_reaction"":{""value"":1.9555261665484232,""score"":97.77630832742116},""_score"":45.99,""_levels_found"":7,""_target_level"":128.0984},""volume"":{""V1_rvol_day"":{""value"":0.8333868086419715,""score"":22.2257872427981},""V2_rvol_sameslot"":{""value"":0.5410370171444464,""score"":2.735801142963094,""status"":""ok""},""V3_breakout_bar"":{""value"":0.8435074949241521,""score"":22.90049966161014},""V4_base_dryup"":{""value"":0.9464692325287674,""score"":55.35307674712327},""V5_bo_expansion"":{""value"":0.8333868086419716,""score"":0},""_score"":21.79},""readiness"":{""_distance_atr"":-0.025,""BR1_atr_distance"":{""score"":100.0},""BR2_compression"":{""score"":61.086218997138445},""BR3_retest"":{""score"":89.35796499493736},""BR4_bo_age"":{""score"":90},""_score"":86.64},""risk"":{""R1_stop_clarity"":{""score"":58.776407056117264},""R2_stop_distance_pct"":{""value"":2.131615460852314,""score"":100.0},""R3_stop_distance_atr"":{""value"":0.4444444444444415,""score"":47.22222222222208},""R4_rr_potential"":{""value"":0.900440146302149,""score"":0.0},""_score"":57.66},""market"":{""M1_spy_regime"":{""score"":100.0},""M3_earnings_risk"":{""value"":null,""score"":80.0},""M4_vix"":{""value"":null,""score"":60.0},""_score"":84.0},""liquidity"":{""L1_price"":{""value"":151.35,""score"":100.0},""L2_dollar_vol"":{""value"":323947466.04913384,""score"":100.0},""L3_spread_proxy"":{""value"":0.046184340931615525,""score"":53.81565906838448},""L4_volume_zscore"":{""value"":-0.5774745576936406,""score"":100.0},""_score"":95.38},""pattern_structure"":{""level"":151.165,""level_idx"":62,""breakout_idx"":75,""bo_peak_idx"":76,""bo_peak_price"":153.0,""retest_idx"":78,""retest_low"":149.62,""structural_low"":149.62,""current_price"":151.25,""neckline_distance_pct"":-0.0005619834710744328,""base_bars"":17,""bars_since_breakout"":4},""pattern_geometry_features"":{""retest_depth_atr"":0.6572290639271429,""bars_breakout_to_retest"":3.0,""bars_since_retest"":1.0,""current_above_level_atr"":0.03615823329049374,""bo_peak_excess_pct"":0.012139053352297213,""atr_pct"":0.04796134786917739},""_schema_version"":""1.0""}",,,,,,,,,,
20260602T213437Z-756d21,2026-06-02T21:34:37.658687+00:00,PANW,high_tight_pullback,candidate,71.58,99.2,84.9,8.5,51.3,69.6,56.1,75.4,84.0,88.4,11.9,29.71,0.85,4.1,9.74,5.05,0.75,5.04,4.42,False,,297.18,302.95,282.9609,362.8599,"{""trend"":{""T1_ema_stack"":{""value"":[true,true,true],""score"":100.0},""T2_ema50_slope"":{""value"":0.7272571602593237,""score"":100},""T3_high_proximity"":{""value"":0.989017571884984,""score"":94.50878594249195},""T4_rs_1m"":{""value"":0.5871462820937414,""score"":100},""T5_rs_3m"":{""value"":0.7874287070763013,""score"":100},""T6_adr_healthy"":{""value"":4.994625718557686,""score"":100.0},""_score"":99.18},""geometry"":{""sub_pole_impulse"":100.0,""sub_flag_tightness"":73.1,""sub_flag_shallowness"":58.0,""sub_flag_drift"":100,""sub_flag_duration"":100.0,""_score"":84.88},""compression"":{""VC1_atr_ratio"":{""value"":1.0093142927518695,""score"":0},""VC2_range_contraction"":{""value"":1.1915217770277025,""score"":0},""VC3_range_pct_rank"":{""score"":34.166666666666664},""_score"":8.54},""sr_quality"":{""SR1_touches"":{""value"":6,""score"":100},""SR2_tightness"":{""value"":3.7095488650912776,""score"":49.17797152849359},""SR3_recency"":{""value"":247,""score"":0.0},""SR4_price_location"":{""score"":30.0},""SR5_reaction"":{""value"":0.8546697153153824,""score"":42.73348576576912},""_score"":51.29,""_levels_found"":4,""_target_level"":187.9933},""volume"":{""V1_rvol_day"":{""value"":1.998351365176643,""score"":99.89009101177619},""V2_rvol_sameslot"":{""value"":2.632977741599503,""score"":100,""status"":""ok""},""V3_breakout_bar"":{""value"":1.442767862279735,""score"":62.851190818649},""V4_base_dryup"":{""value"":1.305285562593643,""score"":19.471443740635692},""V5_bo_expansion"":{""value"":1.9983513651766425,""score"":66.55675767844284},""_score"":69.57},""readiness"":{""_distance_atr"":0.395,""BR1_atr_distance"":{""score"":73.64970647867219},""BR2_compression"":{""score"":36.74684065042666},""BR3_retest"":{""score"":50.0},""BR4_bo_age"":{""score"":50.0},""_score"":56.15},""risk"":{""R1_stop_clarity"":{""score"":40.96461059025388},""R2_stop_distance_pct"":{""value"":4.7846591291473315,""score"":100.0},""R3_stop_distance_atr"":{""value"":0.9740280964326826,""score"":73.70140482163413},""R4_rr_potential"":{""value"":4.619148255333499,""score"":100.0},""_score"":75.39},""market"":{""M1_spy_regime"":{""score"":100.0},""M3_earnings_risk"":{""value"":null,""score"":80.0},""M4_vix"":{""value"":null,""score"":60.0},""_score"":84.0},""liquidity"":{""L1_price"":{""value"":297.18,""score"":100.0},""L2_dollar_vol"":{""value"":5714378084.250408,""score"":100.0},""L3_spread_proxy"":{""value"":0.04058146577831618,""score"":59.41853422168382},""L4_volume_zscore"":{""value"":2.747316685694675,""score"":70.0},""_score"":88.44},""pattern_structure"":{""pole_low"":243.0401,""pole_low_idx"":30,""peak_price"":302.95,""peak_idx"":53,""pole_gain"":0.24650212043197808,""flag_bars"":6,""flag_low"":287.27,""flag_high"":299.33,""structural_low"":287.27,""current_price"":295.845,""neckline_distance_pct"":0.024015954300393653,""base_bars"":6},""pattern_geometry_features"":{""pole_gain"":0.24650212043197808,""pullback_pct"":0.05175771579468562,""flag_range_pct"":0.03980854926555538,""flag_drift_per_bar"":0.0018383178450105799,""atr_pct"":0.04912239335467681,""pole_atr_multiple"":5.018121137790801},""_schema_version"":""1.0""}",,,,,,,,,,
20260602T213437Z-756d21,2026-06-02T21:34:37.658687+00:00,APP,high_tight_pullback,candidate,69.67,97.6,84.1,58.8,57.7,15.2,66.3,76.4,84.0,82.5,11.72,29.43,5.88,4.62,2.13,5.97,0.76,5.04,4.12,False,,605.63,622.0,582.135,766.32,"{""trend"":{""T1_ema_stack"":{""value"":[true,true,true],""score"":100.0},""T2_ema50_slope"":{""value"":0.2587211438827892,""score"":93.12019064713154},""T3_high_proximity"":{""value"":0.9868502525664005,""score"":93.42512628320021},""T4_rs_1m"":{""value"":0.2625801571045463,""score"":100},""T5_rs_3m"":{""value"":0.2634400740884473,""score"":100},""T6_adr_healthy"":{""value"":6.710844854801135,""score"":100.0},""_score"":97.64},""geometry"":{""sub_pole_impulse"":100.0,""sub_flag_tightness"":75.0,""sub_flag_shallowness"":67.0,""sub_flag_drift"":92.9,""sub_flag_duration"":80.0,""_score"":84.08},""compression"":{""VC1_atr_ratio"":{""value"":0.5683651087582156,""score"":100},""VC2_range_contraction"":{""value"":1.1033460074168062,""score"":0},""VC3_range_pct_rank"":{""score"":75.0},""_score"":58.75},""sr_quality"":{""SR1_touches"":{""value"":5,""score"":100},""SR2_tightness"":{""value"":9.683416347632685,""score"":46.075321191756636},""SR3_recency"":{""value"":233,""score"":0.0},""SR4_price_location"":{""score"":30.0},""SR5_reaction"":{""value"":1.7777165832279906,""score"":88.88582916139953},""_score"":57.74,""_levels_found"":5,""_target_level"":509.894},""volume"":{""V1_rvol_day"":{""value"":0.49465853264974896,""score"":0},""V2_rvol_sameslot"":{""value"":0.4298181344972055,""score"":0,""status"":""ok""},""V3_breakout_bar"":{""value"":0.5849078289277158,""score"":5.660521928514384},""V4_base_dryup"":{""value"":0.8099444276992591,""score"":69.00555723007409},""V5_bo_expansion"":{""value"":0.49465853264974885,""score"":0},""_score"":15.22},""readiness"":{""_distance_atr"":0.456,""BR1_atr_distance"":{""score"":69.61310070741888},""BR2_compression"":{""score"":83.93216255648366},""BR3_retest"":{""score"":50.0},""BR4_bo_age"":{""score"":50.0},""_score"":66.33},""risk"":{""R1_stop_clarity"":{""score"":50.632890245192705},""R2_stop_distance_pct"":{""value"":3.8794313359642034,""score"":100.0},""R3_stop_distance_atr"":{""value"":0.6541907747824007,""score"":57.709538739120035},""R4_rr_potential"":{""value"":6.839327516492867,""score"":100.0},""_score"":76.38},""market"":{""M1_spy_regime"":{""score"":100.0},""M3_earnings_risk"":{""value"":null,""score"":80.0},""M4_vix"":{""value"":null,""score"":60.0},""_score"":84.0},""liquidity"":{""L1_price"":{""value"":605.63,""score"":47.185},""L2_dollar_vol"":{""value"":1642502406.6027691,""score"":100.0},""L3_spread_proxy"":{""value"":0.04293050212175751,""score"":57.069497878242494},""L4_volume_zscore"":{""value"":-1.1619360555120306,""score"":100.0},""_score"":82.5},""pattern_structure"":{""pole_low"":477.68,""pole_low_idx"":23,""peak_price"":622.0,""peak_idx"":48,""pole_gain"":0.3021269469100653,""flag_bars"":11,""flag_low"":591.0,""flag_high"":619.24,""structural_low"":591.0,""current_price"":604.07,""neckline_distance_pct"":0.029681990497789905,""base_bars"":11},""pattern_geometry_features"":{""pole_gain"":0.3021269469100653,""pullback_pct"":0.04983922829581994,""flag_range_pct"":0.045401929260450176,""flag_drift_per_bar"":-0.0014234365373067702,""atr_pct"":0.059301223519310456,""pole_atr_multiple"":5.094784373406439},""_schema_version"":""1.0""}",,,,,,,,,,
20260602T213437Z-756d21,2026-06-02T21:34:37.658687+00:00,ZETA,high_tight_pullback,candidate,69.65,94.9,90.6,27.9,63.6,19.1,61.0,77.5,84.0,93.8,11.39,31.71,2.79,5.09,2.67,5.49,0.77,5.04,4.69,False,,25.25,25.95,24.0143,32.815,"{""trend"":{""T1_ema_stack"":{""value"":[true,true,true],""score"":100.0},""T2_ema50_slope"":{""value"":0.1470094028373975,""score"":74.50156713956625},""T3_high_proximity"":{""value"":1.0,""score"":99.99999999999997},""T4_rs_1m"":{""value"":0.3035200823032371,""score"":100},""T5_rs_3m"":{""value"":0.28319451760774883,""score"":100},""T6_adr_healthy"":{""value"":5.9530582045417875,""score"":100.0},""_score"":94.9},""geometry"":{""sub_pole_impulse"":100.0,""sub_flag_tightness"":89.3,""sub_flag_shallowness"":66.4,""sub_flag_drift"":100,""sub_flag_duration"":100.0,""_score"":90.61},""compression"":{""VC1_atr_ratio"":{""value"":0.8059149059820276,""score"":48.52127350449309},""VC2_range_contraction"":{""value"":1.385160199912599,""score"":0},""VC3_range_pct_rank"":{""score"":34.166666666666664},""_score"":27.95},""sr_quality"":{""SR1_touches"":{""value"":5,""score"":100},""SR2_tightness"":{""value"":0.18819139193916345,""score"":74.03130926560983},""SR3_recency"":{""value"":232,""score"":0.0},""SR4_price_location"":{""score"":30.0},""SR5_reaction"":{""value"":2.1492075382431786,""score"":100},""_score"":63.6,""_levels_found"":5,""_target_level"":19.608},""volume"":{""V1_rvol_day"":{""value"":1.3262373257283295,""score"":55.08248838188864},""V2_rvol_sameslot"":{""value"":0.8579232361297731,""score"":23.8615490753182,""status"":""ok""},""V3_breakout_bar"":{""value"":0.40872765561565266,""score"":0},""V4_base_dryup"":{""value"":1.724755146593243,""score"":0},""V5_bo_expansion"":{""value"":1.3262373257283295,""score"":21.749155048555302},""_score"":19.05},""readiness"":{""_distance_atr"":0.483,""BR1_atr_distance"":{""score"":67.80213425852918},""BR2_compression"":{""score"":65.56399722853777},""BR3_retest"":{""score"":50.0},""BR4_bo_age"":{""score"":50.0},""_score"":61.01},""risk"":{""R1_stop_clarity"":{""score"":49.53674499290328},""R2_stop_distance_pct"":{""value"":4.893861386138619,""score"":100.0},""R3_stop_distance_atr"":{""value"":0.8525764863586195,""score"":67.62882431793098},""R4_rr_potential"":{""value"":6.1220360929028,""score"":100.0},""_score"":77.48},""market"":{""M1_spy_regime"":{""score"":100.0},""M3_earnings_risk"":{""value"":null,""score"":80.0},""M4_vix"":{""value"":null,""score"":60.0},""_score"":84.0},""liquidity"":{""L1_price"":{""value"":25.25,""score"":100.0},""L2_dollar_vol"":{""value"":325808921.326624,""score"":100.0},""L3_spread_proxy"":{""value"":0.06217821782178219,""score"":37.82178217821781},""L4_volume_zscore"":{""value"":0.7737502553588784,""score"":100.0},""_score"":93.78},""pattern_structure"":{""pole_low"":19.085,""pole_low_idx"":32,""peak_price"":25.95,""peak_idx"":54,""pole_gain"":0.3597065758449043,""flag_bars"":5,""flag_low"":24.38,""flag_high"":24.98,""structural_low"":24.38,""current_price"":24.89,""neckline_distance_pct"":0.042587384491763705,""base_bars"":5},""pattern_geometry_features"":{""pole_gain"":0.3597065758449043,""pullback_pct"":0.060500963391136815,""flag_range_pct"":0.02312138728323705,""flag_drift_per_bar"":0.0019485737243872515,""atr_pct"":0.0574008486562942,""pole_atr_multiple"":6.266572433427973},""_schema_version"":""1.0""}",,,,,,,,,,
20260602T213437Z-756d21,2026-06-02T21:34:37.658687+00:00,MKSI,double_bottom,candidate,69.51,99.4,81.2,70.7,52.6,28.6,56.5,53.6,84.0,95.7,14.91,20.3,5.65,7.36,3.72,4.52,3.22,5.04,4.79,False,,331.36,339.0,301.41,372.0,"{""trend"":{""T1_ema_stack"":{""value"":[true,true,true],""score"":100.0},""T2_ema50_slope"":{""value"":0.5191631413003678,""score"":100},""T3_high_proximity"":{""value"":0.9917691778156894,""score"":95.88458890784469},""T4_rs_1m"":{""value"":0.13204803629044548,""score"":100},""T5_rs_3m"":{""value"":0.3083637131499717,""score"":100},""T6_adr_healthy"":{""value"":4.444041841272314,""score"":100.0},""_score"":99.38},""geometry"":{""sub_low_similarity"":77.5,""sub_bounce_quality"":100,""sub_separation_fit"":33.3,""sub_right_bottom_reaction"":86.4,""sub_base_context"":100.0,""_score"":81.2},""compression"":{""VC1_atr_ratio"":{""value"":0.5425145604126579,""score"":100},""VC2_range_contraction"":{""value"":0.6991268989139521,""score"":50.145516847674656},""VC3_range_pct_rank"":{""score"":52.5},""_score"":70.68},""sr_quality"":{""SR1_touches"":{""value"":4,""score"":75.0},""SR2_tightness"":{""value"":3.5844531922596055,""score"":50.60853612368501},""SR3_recency"":{""value"":246,""score"":0.0},""SR4_price_location"":{""score"":30.0},""SR5_reaction"":{""value"":2.054588403193859,""score"":100},""_score"":52.59,""_levels_found"":4,""_target_level"":264.9688},""volume"":{""V1_rvol_day"":{""value"":0.855017054767402,""score"":23.66780365116013},""V2_rvol_sameslot"":{""value"":0.8318985177789804,""score"":22.126567851932023,""status"":""ok""},""V3_breakout_bar"":{""value"":0.88953011063633,""score"":25.968674042422002},""V4_base_dryup"":{""value"":0.8519747983936413,""score"":64.80252016063586},""V5_bo_expansion"":{""value"":0.855017054767402,""score"":0},""_score"":28.61},""readiness"":{""_distance_atr"":0.526,""BR1_atr_distance"":{""score"":64.9085682180748},""BR2_compression"":{""score"":52.12680305223374},""BR3_retest"":{""score"":50.0},""BR4_bo_age"":{""score"":50.0},""_score"":56.5},""risk"":{""R1_stop_clarity"":{""score"":36.75274664435678},""R2_stop_distance_pct"":{""value"":9.038507967165634,""score"":74.03730082085916},""R3_stop_distance_atr"":{""value"":2.0634588649253858,""score"":100.0},""R4_rr_potential"":{""value"":1.35692821368948,""score"":17.846410684474},""_score"":53.64},""market"":{""M1_spy_regime"":{""score"":100.0},""M3_earnings_risk"":{""value"":null,""score"":80.0},""M4_vix"":{""value"":null,""score"":60.0},""_score"":84.0},""liquidity"":{""L1_price"":{""value"":331.36,""score"":100.0},""L2_dollar_vol"":{""value"":372912800.97365636,""score"":100.0},""L3_spread_proxy"":{""value"":0.042581784162240406,""score"":57.4182158377596},""L4_volume_zscore"":{""value"":-0.45003581003374105,""score"":100.0},""_score"":95.74},""pattern_structure"":{""left_low"":306.0,""left_idx"":30,""right_low"":309.46,""right_idx"":70,""separation_bars"":40,""structural_low"":306.0,""current_price"":329.41,""neckline_distance_pct"":0.029112655960656854,""base_bars"":40},""pattern_geometry_features"":{""low_similarity_pct"":0.011243622656224545,""bounce_pct"":0.10784313725490197,""right_bottom_reaction"":0.8638888888888873,""atr_pct"":0.04380270486997309},""_schema_version"":""1.0""}",,,,,,,,,,
20260602T213437Z-756d21,2026-06-02T21:34:37.658687+00:00,TER,breakout_retest_hold,setup,69.21,91.4,91.6,38.5,34.2,32.6,83.1,59.6,84.0,93.1,12.8,20.15,2.31,4.79,4.24,14.96,2.98,4.2,2.79,False,,392.62,386.97,382.4469,393.3116,"{""trend"":{""T1_ema_stack"":{""value"":[true,true,true],""score"":100.0},""T2_ema50_slope"":{""value"":0.17917104803186526,""score"":79.86184133864421},""T3_high_proximity"":{""value"":0.9391025641025641,""score"":69.55128205128203},""T4_rs_1m"":{""value"":0.0826384440545227,""score"":100},""T5_rs_3m"":{""value"":0.17410629795809318,""score"":100},""T6_adr_healthy"":{""value"":5.440606648005192,""score"":100.0},""_score"":91.41},""geometry"":{""sub_retest_depth"":72.0,""sub_retest_timing"":100.0,""sub_retest_freshness"":100.0,""sub_hold_quality"":100.0,""_score"":91.6},""compression"":{""VC1_atr_ratio"":{""value"":0.6445179386047416,""score"":88.87051534881459},""VC2_range_contraction"":{""value"":1.0336811883487065,""score"":0},""VC3_range_pct_rank"":{""score"":11.66666666666667},""_score"":38.46},""sr_quality"":{""SR1_touches"":{""value"":2,""score"":25.0},""SR2_tightness"":{""value"":5.0,""score"":52.7418024749118},""SR3_recency"":{""value"":241,""score"":0.0},""SR4_price_location"":{""score"":30.0},""SR5_reaction"":{""value"":1.5073781860886042,""score"":75.3689093044302},""_score"":34.22,""_levels_found"":7,""_target_level"":378.0},""volume"":{""V1_rvol_day"":{""value"":0.9189704493115165,""score"":27.931363287434436},""V2_rvol_sameslot"":{""value"":1.052714873154904,""score"":36.84765821032694,""status"":""ok""},""V3_breakout_bar"":{""value"":0.9986407020413566,""score"":33.24271346942378},""V4_base_dryup"":{""value"":0.9333738619605938,""score"":56.66261380394062},""V5_bo_expansion"":{""value"":0.9189704493115165,""score"":0},""_score"":32.6},""readiness"":{""_distance_atr"":-0.267,""BR1_atr_distance"":{""score"":100.0},""BR2_compression"":{""score"":39.60063389344115},""BR3_retest"":{""score"":98.44047948167203},""BR4_bo_age"":{""score"":90},""_score"":83.09},""risk"":{""R1_stop_clarity"":{""score"":63.487371428166064},""R2_stop_distance_pct"":{""value"":2.591080434007446,""score"":100.0},""R3_stop_distance_atr"":{""value"":0.4807623692424763,""score"":49.03811846212381},""R4_rr_potential"":{""value"":0.06798110422865956,""score"":0.0},""_score"":59.58},""market"":{""M1_spy_regime"":{""score"":100.0},""M3_earnings_risk"":{""value"":null,""score"":80.0},""M4_vix"":{""value"":null,""score"":60.0},""_score"":84.0},""liquidity"":{""L1_price"":{""value"":392.62,""score"":100.0},""L2_dollar_vol"":{""value"":1337732187.2303073,""score"":100.0},""L3_spread_proxy"":{""value"":0.06907442310631146,""score"":30.925576893688543},""L4_volume_zscore"":{""value"":-0.3618663888012757,""score"":100.0},""_score"":93.09},""pattern_structure"":{""level"":386.97,""level_idx"":62,""breakout_idx"":75,""bo_peak_idx"":75,""bo_peak_price"":391.88,""retest_idx"":78,""retest_low"":386.31,""structural_low"":386.31,""current_price"":389.4075,""neckline_distance_pct"":-0.006259509639644845,""base_bars"":17,""bars_since_breakout"":4},""pattern_geometry_features"":{""retest_depth_atr"":0.10407503314294603,""bars_breakout_to_retest"":3.0,""bars_since_retest"":1.0,""current_above_level_atr"":0.38436802013018384,""bo_peak_excess_pct"":0.012688322092151764,""atr_pct"":0.05389524221893943},""_schema_version"":""1.0""}",,,,,,,,,,
20260602T213437Z-756d21,2026-06-02T21:34:37.658687+00:00,COHR,high_tight_pullback,candidate,68.98,100.0,81.7,42.7,43.9,29.2,68.8,77.3,84.0,90.0,12.0,28.6,4.27,3.52,4.08,6.19,0.77,5.04,4.5,False,,426.89,433.6899,413.1878,523.8698,"{""trend"":{""T1_ema_stack"":{""value"":[true,true,true],""score"":100.0},""T2_ema50_slope"":{""value"":0.5928713843724837,""score"":100},""T3_high_proximity"":{""value"":1.0,""score"":99.99999999999997},""T4_rs_1m"":{""value"":0.24156224458887698,""score"":100},""T5_rs_3m"":{""value"":0.40373650609512346,""score"":100},""T6_adr_healthy"":{""value"":7.538679448246595,""score"":100.0},""_score"":100.0},""geometry"":{""sub_pole_impulse"":70.1,""sub_flag_tightness"":86.2,""sub_flag_shallowness"":75.0,""sub_flag_drift"":94.3,""sub_flag_duration"":100.0,""_score"":81.72},""compression"":{""VC1_atr_ratio"":{""value"":0.5015364905980272,""score"":100},""VC2_range_contraction"":{""value"":0.9711433524389674,""score"":4.809441260172095},""VC3_range_pct_rank"":{""score"":4.1666666666666625},""_score"":42.72},""sr_quality"":{""SR1_touches"":{""value"":3,""score"":50.0},""SR2_tightness"":{""value"":7.774529410553112,""score"":47.225709569770856},""SR3_recency"":{""value"":247,""score"":0.0},""SR4_price_location"":{""score"":30.0},""SR5_reaction"":{""value"":1.913893747633761,""score"":95.69468738168806},""_score"":43.94,""_levels_found"":4,""_target_level"":290.7873},""volume"":{""V1_rvol_day"":{""value"":1.3612001734101313,""score"":57.41334489400876},""V2_rvol_sameslot"":{""value"":1.0513213117646056,""score"":36.754754117640374,""status"":""ok""},""V3_breakout_bar"":{""value"":0.504045015013217,""score"":0.2696676675477979},""V4_base_dryup"":{""value"":1.1669661582713229,""score"":33.30338417286771},""V5_bo_expansion"":{""value"":1.3612001734101313,""score"":24.08001156067542},""_score"":29.17},""readiness"":{""_distance_atr"":0.231,""BR1_atr_distance"":{""score"":84.61386413050278},""BR2_compression"":{""score"":69.92370005265593},""BR3_retest"":{""score"":50.0},""BR4_bo_age"":{""score"":50.0},""_score"":68.83},""risk"":{""R1_stop_clarity"":{""score"":57.28791124073165},""R2_stop_distance_pct"":{""value"":3.209773009440359,""score"":100.0},""R3_stop_distance_atr"":{""value"":0.4650595837681943,""score"":48.25297918840972},""R4_rr_potential"":{""value"":7.077680956342809,""score"":100.0},""_score"":77.29},""market"":{""M1_spy_regime"":{""score"":100.0},""M3_earnings_risk"":{""value"":null,""score"":80.0},""M4_vix"":{""value"":null,""score"":60.0},""_score"":84.0},""liquidity"":{""L1_price"":{""value"":426.89,""score"":100.0},""L2_dollar_vol"":{""value"":3877663151.978529,""score"":100.0},""L3_spread_proxy"":{""value"":0.13143877813956767,""score"":0},""L4_volume_zscore"":{""value"":0.9341394318860481,""score"":100.0},""_score"":90.0},""pattern_structure"":{""pole_low"":343.51,""pole_low_idx"":47,""peak_price"":433.6899,""peak_idx"":55,""pole_gain"":0.2625248173270066,""flag_bars"":4,""flag_low"":419.48,""flag_high"":428.9,""structural_low"":419.48,""current_price"":420.48,""neckline_distance_pct"":0.0314162385844749,""base_bars"":4},""pattern_geometry_features"":{""pole_gain"":0.2625248173270066,""pullback_pct"":0.03276511627317123,""flag_range_pct"":0.021720588835478897,""flag_drift_per_bar"":-0.001139150494672823,""atr_pct"":0.0690185327099989,""pole_atr_multiple"":3.8036858655062935},""_schema_version"":""1.0""}",,,,,,,,,,
20260602T213437Z-756d21,2026-06-02T21:34:37.658687+00:00,ATI,breakout_retest_hold,setup,68.06,90.0,76.5,59.9,59.0,38.4,67.5,51.0,84.0,96.2,12.6,16.82,3.6,8.26,5.0,12.15,2.55,4.2,2.89,False,,178.48,177.27,175.6062,179.6287,"{""trend"":{""T1_ema_stack"":{""value"":[true,true,true],""score"":100.0},""T2_ema50_slope"":{""value"":0.18587025083218145,""score"":80.97837513869692},""T3_high_proximity"":{""value"":0.9972063917756174,""score"":98.6031958878087},""T4_rs_1m"":{""value"":0.09554878476418027,""score"":100},""T5_rs_3m"":{""value"":0.02063210674594207,""score"":60.316053372971034},""T6_adr_healthy"":{""value"":4.116559818513879,""score"":100.0},""_score"":90.03},""geometry"":{""sub_retest_depth"":50.5,""sub_retest_timing"":100.0,""sub_retest_freshness"":75.0,""sub_hold_quality"":87.7,""_score"":76.46},""compression"":{""VC1_atr_ratio"":{""value"":0.4627645669967399,""score"":100},""VC2_range_contraction"":{""value"":0.8156310303983603,""score"":30.72816160027329},""VC3_range_pct_rank"":{""score"":36.66666666666667},""_score"":59.92},""sr_quality"":{""SR1_touches"":{""value"":5,""score"":100},""SR2_tightness"":{""value"":1.9703066437486385,""score"":43.1339041477527},""SR3_recency"":{""value"":235,""score"":0.0},""SR4_price_location"":{""score"":30.0},""SR5_reaction"":{""value"":2.6933219536380513,""score"":100},""_score"":58.97,""_levels_found"":6,""_target_level"":165.9947},""volume"":{""V1_rvol_day"":{""value"":0.7818575936099948,""score"":18.790506240666325},""V2_rvol_sameslot"":{""value"":1.063114401977984,""score"":37.54096013186559,""status"":""ok""},""V3_breakout_bar"":{""value"":1.303721485164402,""score"":53.581432344293454},""V4_base_dryup"":{""value"":0.8112581662642323,""score"":68.87418337357677},""V5_bo_expansion"":{""value"":0.7818575936099948,""score"":0},""_score"":38.44},""readiness"":{""_distance_atr"":-0.175,""BR1_atr_distance"":{""score"":100.0},""BR2_compression"":{""score"":0},""BR3_retest"":{""score"":100},""BR4_bo_age"":{""score"":50},""_score"":67.5},""risk"":{""R1_stop_clarity"":{""score"":48.805389687563626},""R2_stop_distance_pct"":{""value"":1.6101523980277839,""score"":90.2538099506946},""R3_stop_distance_atr"":{""value"":0.41471155461686643,""score"":45.735577730843325},""R4_rr_potential"":{""value"":0.3997196345306946,""score"":0.0},""_score"":51.02},""market"":{""M1_spy_regime"":{""score"":100.0},""M3_earnings_risk"":{""value"":null,""score"":80.0},""M4_vix"":{""value"":null,""score"":60.0},""_score"":84.0},""liquidity"":{""L1_price"":{""value"":178.48,""score"":100.0},""L2_dollar_vol"":{""value"":252848752.26192585,""score"":100.0},""L3_spread_proxy"":{""value"":0.03793142088749445,""score"":62.068579112505546},""L4_volume_zscore"":{""value"":-0.6076250392315986,""score"":100.0},""_score"":96.21},""pattern_structure"":{""level"":177.27,""level_idx"":64,""breakout_idx"":71,""bo_peak_idx"":75,""bo_peak_price"":183.3,""retest_idx"":79,""retest_low"":177.38,""structural_low"":177.38,""current_price"":177.51,""neckline_distance_pct"":-0.0013520365049855259,""base_bars"":15,""bars_since_breakout"":8},""pattern_geometry_features"":{""retest_depth_atr"":-0.046635576282471974,""bars_breakout_to_retest"":8.0,""bars_since_retest"":0.0,""current_above_level_atr"":0.1017503482526716,""bo_peak_excess_pct"":0.03401590793704519,""atr_pct"":0.0388258388294807},""_schema_version"":""1.0""}",,,,,,,,,,
20260602T213437Z-756d21,2026-06-02T21:34:37.658687+00:00,OKLO,breakout_retest_hold,setup,67.96,60.6,80.6,48.6,64.5,49.9,73.5,63.7,84.0,90.0,8.49,17.72,2.92,9.02,6.49,13.23,3.18,4.2,2.7,False,,73.47,70.978,70.6464,73.4672,"{""trend"":{""T1_ema_stack"":{""value"":[true,true,false],""score"":66.66666666666666},""T2_ema50_slope"":{""value"":0.04292845642813437,""score"":57.15474273802239},""T3_high_proximity"":{""value"":0.9227581009796533,""score"":61.37905048982661},""T4_rs_1m"":{""value"":-0.010398844871738477,""score"":39.601155128261524},""T5_rs_3m"":{""value"":0.044190618951786886,""score"":72.09530947589344},""T6_adr_healthy"":{""value"":8.313945356089047,""score"":92.15136609777383},""_score"":60.65},""geometry"":{""sub_retest_depth"":35.2,""sub_retest_timing"":100.0,""sub_retest_freshness"":100.0,""sub_hold_quality"":100.0,""_score"":80.56},""compression"":{""VC1_atr_ratio"":{""value"":0.41096986358179194,""score"":100},""VC2_range_contraction"":{""value"":0.9092439951782325,""score"":15.126000803627914},""VC3_range_pct_rank"":{""score"":13.33333333333333},""_score"":48.63},""sr_quality"":{""SR1_touches"":{""value"":4,""score"":75.0},""SR2_tightness"":{""value"":1.1279814659381566,""score"":60.28498975009414},""SR3_recency"":{""value"":228,""score"":0.0},""SR4_price_location"":{""score"":71.65197611600786},""SR5_reaction"":{""value"":2.0082640367279336,""score"":100},""_score"":64.46,""_levels_found"":8,""_target_level"":74.7163},""volume"":{""V1_rvol_day"":{""value"":1.5740020868191709,""score"":71.60013912127806},""V2_rvol_sameslot"":{""value"":1.7416131181527381,""score"":82.7742078768492,""status"":""ok""},""V3_breakout_bar"":{""value"":0.7189986210563561,""score"":14.599908070423743},""V4_base_dryup"":{""value"":1.016646569967368,""score"":48.33534300326321},""V5_bo_expansion"":{""value"":1.5740020868191706,""score"":38.266805787944705},""_score"":49.93},""readiness"":{""_distance_atr"":-0.439,""BR1_atr_distance"":{""score"":100.0},""BR2_compression"":{""score"":0},""BR3_retest"":{""score"":100},""BR4_bo_age"":{""score"":90},""_score"":73.5},""risk"":{""R1_stop_clarity"":{""score"":74.87491402107256},""R2_stop_distance_pct"":{""value"":3.843201306655777,""score"":100.0},""R3_stop_distance_atr"":{""value"":0.49707954575462127,""score"":49.85397728773107},""R4_rr_potential"":{""value"":-0.0009865824782977397,""score"":0.0},""_score"":63.68},""market"":{""M1_spy_regime"":{""score"":100.0},""M3_earnings_risk"":{""value"":null,""score"":80.0},""M4_vix"":{""value"":null,""score"":60.0},""_score"":84.0},""liquidity"":{""L1_price"":{""value"":73.47,""score"":100.0},""L2_dollar_vol"":{""value"":1754211061.6658335,""score"":100.0},""L3_spread_proxy"":{""value"":0.11161018102626927,""score"":0},""L4_volume_zscore"":{""value"":1.7107310587464446,""score"":100.0},""_score"":90.0},""pattern_structure"":{""level"":70.978,""level_idx"":58,""breakout_idx"":75,""bo_peak_idx"":76,""bo_peak_price"":73.805,""retest_idx"":78,""retest_low"":71.36,""structural_low"":71.36,""current_price"":72.7883,""neckline_distance_pct"":-0.02487075532743603,""base_bars"":21,""bars_since_breakout"":4},""pattern_geometry_features"":{""retest_depth_atr"":-0.15346207925622168,""bars_breakout_to_retest"":3.0,""bars_since_retest"":1.0,""current_above_level_atr"":0.7272575970616135,""bo_peak_excess_pct"":0.0398292428639862,""atr_pct"":0.07731561959205896},""_schema_version"":""1.0""}",,,,,,,,,,
20260602T213437Z-756d21,2026-06-02T21:34:37.658687+00:00,ORCL,high_tight_pullback,candidate,67.65,90.6,89.4,19.8,54.6,22.7,60.1,72.0,84.0,95.8,10.87,31.29,1.98,4.37,3.18,5.41,0.72,5.04,4.79,False,,244.58,250.25,235.2574,312.5839,"{""trend"":{""T1_ema_stack"":{""value"":[true,true,false],""score"":66.66666666666666},""T2_ema50_slope"":{""value"":0.36012698304603974,""score"":100},""T3_high_proximity"":{""value"":0.9856135401974613,""score"":92.80677009873062},""T4_rs_1m"":{""value"":0.36937677737382146,""score"":100},""T5_rs_3m"":{""value"":0.5248934630943762,""score"":100},""T6_adr_healthy"":{""value"":4.764439848406776,""score"":100.0},""_score"":90.59},""geometry"":{""sub_pole_impulse"":100.0,""sub_flag_tightness"":79.6,""sub_flag_shallowness"":72.5,""sub_flag_drift"":100,""sub_flag_duration"":100.0,""_score"":89.4},""compression"":{""VC1_atr_ratio"":{""value"":0.9188641476757586,""score"":20.283963081060342},""VC2_range_contraction"":{""value"":1.077384377457677,""score"":0},""VC3_range_pct_rank"":{""score"":46.666666666666664},""_score"":19.78},""sr_quality"":{""SR1_touches"":{""value"":4,""score"":75.0},""SR2_tightness"":{""value"":0.5890909750412044,""score"":89.09579024394915},""SR3_recency"":{""value"":235,""score"":0.0},""SR4_price_location"":{""score"":30.0},""SR5_reaction"":{""value"":1.498606774612161,""score"":74.93033873060804},""_score"":54.6,""_levels_found"":7,""_target_level"":200.7297},""volume"":{""V1_rvol_day"":{""value"":1.3624420188295647,""score"":57.496134588637645},""V2_rvol_sameslot"":{""value"":1.0704540075991875,""score"":38.03026717327917,""status"":""ok""},""V3_breakout_bar"":{""value"":0.39283026224121137,""score"":0},""V4_base_dryup"":{""value"":1.8701786624627703,""score"":0},""V5_bo_expansion"":{""value"":1.3624420188295647,""score"":24.162801255304313},""_score"":22.73},""readiness"":{""_distance_atr"":0.525,""BR1_atr_distance"":{""score"":65.01566428259311},""BR2_compression"":{""score"":66.35397468010927},""BR3_retest"":{""score"":50.0},""BR4_bo_age"":{""score"":50.0},""_score"":60.09},""risk"":{""R1_stop_clarity"":{""score"":33.68524807344832},""R2_stop_distance_pct"":{""value"":3.811677160847176,""score"":100.0},""R3_stop_distance_atr"":{""value"":0.8628173760822725,""score"":68.14086880411364},""R4_rr_potential"":{""value"":7.29452084182522,""score"":100.0},""_score"":72.01},""market"":{""M1_spy_regime"":{""score"":100.0},""M3_earnings_risk"":{""value"":null,""score"":80.0},""M4_vix"":{""value"":null,""score"":60.0},""_score"":84.0},""liquidity"":{""L1_price"":{""value"":244.58,""score"":100.0},""L2_dollar_vol"":{""value"":7376139938.565579,""score"":100.0},""L3_spread_proxy"":{""value"":0.04154060021260936,""score"":58.459399787390645},""L4_volume_zscore"":{""value"":0.8112203270713093,""score"":100.0},""_score"":95.85},""pattern_structure"":{""pole_low"":187.9161,""pole_low_idx"":30,""peak_price"":250.25,""peak_idx"":53,""pole_gain"":0.3317113328767466,""flag_bars"":6,""flag_low"":238.84,""flag_high"":249.0,""structural_low"":238.84,""current_price"":244.775,""neckline_distance_pct"":0.022367480339086893,""base_bars"":6},""pattern_geometry_features"":{""pole_gain"":0.3317113328767466,""pullback_pct"":0.04559440559440558,""flag_range_pct"":0.040599400599400585,""flag_drift_per_bar"":0.003531523118899285,""atr_pct"":0.04417710243799865,""pole_atr_multiple"":7.50867111174379},""_schema_version"":""1.0""}",,,,,,,,,,
20260602T213437Z-756d21,2026-06-02T21:34:37.658687+00:00,LRCX,double_bottom,setup,67.28,100.0,88.8,49.2,40.7,23.6,62.4,42.8,84.0,95.6,15.0,22.2,3.94,5.7,3.06,4.99,2.57,5.04,4.78,False,,334.41,333.33,300.5727,361.51,"{""trend"":{""T1_ema_stack"":{""value"":[true,true,true],""score"":100.0},""T2_ema50_slope"":{""value"":0.4884385170270321,""score"":100},""T3_high_proximity"":{""value"":1.0,""score"":99.99999999999997},""T4_rs_1m"":{""value"":0.24861862906520038,""score"":100},""T5_rs_3m"":{""value"":0.422671954665077,""score"":100},""T6_adr_healthy"":{""value"":4.323398161013644,""score"":100.0},""_score"":100.0},""geometry"":{""sub_low_similarity"":87.7,""sub_bounce_quality"":89.1,""sub_separation_fit"":100.0,""sub_right_bottom_reaction"":64.4,""sub_base_context"":100.0,""_score"":88.79},""compression"":{""VC1_atr_ratio"":{""value"":0.6070116602494712,""score"":98.2470849376322},""VC2_range_contraction"":{""value"":0.9936664311172634,""score"":1.0555948137894364},""VC3_range_pct_rank"":{""score"":38.33333333333333},""_score"":49.25},""sr_quality"":{""SR1_touches"":{""value"":2,""score"":25.0},""SR2_tightness"":{""value"":1.1699999999999875,""score"":84.44251638023532},""SR3_recency"":{""value"":249,""score"":0.0},""SR4_price_location"":{""score"":30.0},""SR5_reaction"":{""value"":1.737252337540407,""score"":86.86261687702034},""_score"":40.7,""_levels_found"":6,""_target_level"":274.67},""volume"":{""V1_rvol_day"":{""value"":0.9276605410480563,""score"":28.510702736537084},""V2_rvol_sameslot"":{""value"":0.8080071814113122,""score"":20.53381209408748,""status"":""ok""},""V3_breakout_bar"":{""value"":0.7327446389809853,""score"":15.51630926539902},""V4_base_dryup"":{""value"":1.007063270956792,""score"":49.29367290432081},""V5_bo_expansion"":{""value"":0.9276605410480563,""score"":0},""_score"":23.55},""readiness"":{""_distance_atr"":-0.072,""BR1_atr_distance"":{""score"":100.0},""BR2_compression"":{""score"":19.46501546221376},""BR3_retest"":{""score"":50.0},""BR4_bo_age"":{""score"":50.0},""_score"":62.37},""risk"":{""R1_stop_clarity"":{""score"":39.136331710625214},""R2_stop_distance_pct"":{""value"":10.118492269968014,""score"":47.03769325079965},""R3_stop_distance_atr"":{""value"":2.2496686436448226,""score"":100.0},""R4_rr_potential"":{""value"":0.8008925075176007,""score"":0.0},""_score"":42.81},""market"":{""M1_spy_regime"":{""score"":100.0},""M3_earnings_risk"":{""value"":null,""score"":80.0},""M4_vix"":{""value"":null,""score"":60.0},""_score"":84.0},""liquidity"":{""L1_price"":{""value"":334.41,""score"":100.0},""L2_dollar_vol"":{""value"":2878024206.914429,""score"":100.0},""L3_spread_proxy"":{""value"":0.04392811219760174,""score"":56.07188780239826},""L4_volume_zscore"":{""value"":-0.3912958692020822,""score"":100.0},""_score"":95.61},""pattern_structure"":{""left_low"":305.15,""left_idx"":43,""right_low"":307.035,""right_idx"":68,""separation_bars"":25,""structural_low"":305.15,""current_price"":332.08,""neckline_distance_pct"":0.003764153216092508,""base_bars"":25},""pattern_geometry_features"":{""low_similarity_pct"":0.006158269150665397,""bounce_pct"":0.09234802556119943,""right_bottom_reaction"":0.6444917509313424,""atr_pct"":0.044977700598495436},""_schema_version"":""1.0""}",,,,,,,,,,
20260602T213437Z-756d21,2026-06-02T21:34:37.658687+00:00,LSCC,ascending_triangle,candidate,66.81,100.0,78.9,44.5,46.0,19.8,66.7,55.0,84.0,95.4,15.0,22.09,3.56,6.44,2.38,5.34,2.2,5.04,4.77,False,,151.35,153.0,138.1069,165.79,"{""trend"":{""T1_ema_stack"":{""value"":[true,true,true],""score"":100.0},""T2_ema50_slope"":{""value"":0.5625261638186366,""score"":100},""T3_high_proximity"":{""value"":1.0,""score"":99.99999999999997},""T4_rs_1m"":{""value"":0.19723327994788642,""score"":100},""T5_rs_3m"":{""value"":0.5025900129981093,""score"":100},""T6_adr_healthy"":{""value"":4.928333436639038,""score"":100.0},""_score"":100.0},""geometry"":{""sub_flat_top_quality"":100,""sub_hl_slope"":100,""sub_compression"":15.5,""sub_duration"":100.0,""_score"":78.88},""compression"":{""VC1_atr_ratio"":{""value"":0.6671877449952386,""score"":83.20306375119036},""VC2_range_contraction"":{""value"":1.0627489550433902,""score"":0},""VC3_range_pct_rank"":{""score"":44.99999999999999},""_score"":44.53},""sr_quality"":{""SR1_touches"":{""value"":3,""score"":50.0},""SR2_tightness"":{""value"":1.4943948340381785,""score"":58.82614333923834},""SR3_recency"":{""value"":236,""score"":0.0},""SR4_price_location"":{""score"":30.0},""SR5_reaction"":{""value"":1.9555261665484232,""score"":97.77630832742116},""_score"":45.99,""_levels_found"":7,""_target_level"":128.0984},""volume"":{""V1_rvol_day"":{""value"":0.8333868086419715,""score"":22.2257872427981},""V2_rvol_sameslot"":{""value"":0.5410370171444464,""score"":2.735801142963094,""status"":""ok""},""V3_breakout_bar"":{""value"":0.8435074949241521,""score"":22.90049966161014},""V4_base_dryup"":{""value"":1.0449654518222895,""score"":45.50345481777105},""V5_bo_expansion"":{""value"":0.8333868086419716,""score"":0},""_score"":19.82},""readiness"":{""_distance_atr"":0.227,""BR1_atr_distance"":{""score"":84.8462931966744},""BR2_compression"":{""score"":61.086218997138445},""BR3_retest"":{""score"":50.0},""BR4_bo_age"":{""score"":50.0},""_score"":66.71},""risk"":{""R1_stop_clarity"":{""score"":42.053602793792486},""R2_stop_distance_pct"":{""value"":8.750016518004616,""score"":81.24958704988461},""R3_stop_distance_atr"":{""value"":1.8243892022950963,""score"":100.0},""R4_rr_potential"":{""value"":1.090375024069048,""score"":4.518751203452398},""_score"":55.0},""market"":{""M1_spy_regime"":{""score"":100.0},""M3_earnings_risk"":{""value"":null,""score"":80.0},""M4_vix"":{""value"":null,""score"":60.0},""_score"":84.0},""liquidity"":{""L1_price"":{""value"":151.35,""score"":100.0},""L2_dollar_vol"":{""value"":323947466.04913384,""score"":100.0},""L3_spread_proxy"":{""value"":0.046184340931615525,""score"":53.81565906838448},""L4_volume_zscore"":{""value"":-0.5774745576936406,""score"":100.0},""_score"":95.38},""pattern_structure"":{""top"":153.0,""top_touches"":4,""low_slope_per_bar"":0.5158117785445421,""lowest_low"":140.21,""structural_low"":140.21,""current_price"":151.25,""neckline_distance_pct"":0.011570247933884297,""base_bars"":48},""pattern_geometry_features"":{""top_touches"":4.0,""low_slope"":0.5158117785445421,""compression"":0.07729817500381553,""atr_pct"":0.04796134786917739},""_schema_version"":""1.0""}",,,,,,,,,,
20260602T213437Z-756d21,2026-06-02T21:34:37.658687+00:00,POWI,double_bottom,candidate,66.72,97.5,88.1,49.3,40.0,20.9,42.5,76.4,84.0,95.5,14.63,22.02,3.94,5.6,2.72,3.4,4.59,5.04,4.78,False,,84.19,89.0,79.0857,97.71,"{""trend"":{""T1_ema_stack"":{""value"":[true,true,true],""score"":100.0},""T2_ema50_slope"":{""value"":0.5812388315967022,""score"":100},""T3_high_proximity"":{""value"":0.9669231652693235,""score"":83.46158263466175},""T4_rs_1m"":{""value"":0.09424742862426938,""score"":100},""T5_rs_3m"":{""value"":0.6374854451761154,""score"":100},""T6_adr_healthy"":{""value"":6.543860851686277,""score"":100.0},""_score"":97.52},""geometry"":{""sub_low_similarity"":93.4,""sub_bounce_quality"":100,""sub_separation_fit"":100.0,""sub_right_bottom_reaction"":33.7,""sub_base_context"":100.0,""_score"":88.08},""compression"":{""VC1_atr_ratio"":{""value"":0.708776014349539,""score"":72.80599641261526},""VC2_range_contraction"":{""value"":0.8539355199850617,""score"":24.344080002489722},""VC3_range_pct_rank"":{""score"":46.666666666666664},""_score"":49.31},""sr_quality"":{""SR1_touches"":{""value"":2,""score"":25.0},""SR2_tightness"":{""value"":0.865000000000002,""score"":66.89882136843708},""SR3_recency"":{""value"":233,""score"":0.0},""SR4_price_location"":{""score"":30.0},""SR5_reaction"":{""value"":2.083652227154449,""score"":100},""_score"":40.03,""_levels_found"":6,""_target_level"":75.355},""volume"":{""V1_rvol_day"":{""value"":0.7858356024312338,""score"":19.05570682874892},""V2_rvol_sameslot"":{""value"":0.6880730550658243,""score"":12.538203671054951,""status"":""ok""},""V3_breakout_bar"":{""value"":1.0249682309567747,""score"":34.99788206378498},""V4_base_dryup"":{""value"":1.2062881835888624,""score"":29.371181641113765},""V5_bo_expansion"":{""value"":0.7858356024312338,""score"":0},""_score"":20.94},""readiness"":{""_distance_atr"":0.92,""BR1_atr_distance"":{""score"":38.64482881779677},""BR2_compression"":{""score"":38.16580065921371},""BR3_retest"":{""score"":50.0},""BR4_bo_age"":{""score"":50.0},""_score"":42.5},""risk"":{""R1_stop_clarity"":{""score"":53.912827185060245},""R2_stop_distance_pct"":{""value"":6.0628934552797205,""score"":100.0},""R3_stop_distance_atr"":{""value"":0.9766474054798712,""score"":73.83237027399356},""R4_rr_potential"":{""value"":2.6487211887899544,""score"":82.43605943949773},""_score"":76.43},""market"":{""M1_spy_regime"":{""score"":100.0},""M3_earnings_risk"":{""value"":null,""score"":80.0},""M4_vix"":{""value"":null,""score"":60.0},""_score"":84.0},""liquidity"":{""L1_price"":{""value"":84.19,""score"":100.0},""L2_dollar_vol"":{""value"":98453276.02947466,""score"":99.66150859244833},""L3_spread_proxy"":{""value"":0.04347309656728824,""score"":56.52690343271176},""L4_volume_zscore"":{""value"":-0.4388915534882902,""score"":100.0},""_score"":95.52},""pattern_structure"":{""left_low"":80.5571,""left_idx"":50,""right_low"":80.29,""right_idx"":68,""separation_bars"":18,""structural_low"":80.29,""current_price"":83.9,""neckline_distance_pct"":0.06078665077473175,""base_bars"":18},""pattern_geometry_features"":{""low_similarity_pct"":0.0033211664991162314,""bounce_pct"":0.10848175364304388,""right_bottom_reaction"":0.3367088607594942,""atr_pct"":0.06207863166646868},""_schema_version"":""1.0""}",,,,,,,,,,
20260602T213437Z-756d21,2026-06-02T21:34:37.658687+00:00,COHU,high_tight_pullback,candidate,66.47,100.0,69.0,23.7,52.5,58.6,60.4,73.1,84.0,87.0,12.0,24.14,2.37,4.2,8.2,5.43,0.73,5.04,4.35,False,,57.59,58.47,55.9776,65.9399,"{""trend"":{""T1_ema_stack"":{""value"":[true,true,true],""score"":100.0},""T2_ema50_slope"":{""value"":0.558952117866808,""score"":100},""T3_high_proximity"":{""value"":1.0,""score"":99.99999999999997},""T4_rs_1m"":{""value"":0.20920881804277647,""score"":100},""T5_rs_3m"":{""value"":0.83242728104752,""score"":100},""T6_adr_healthy"":{""value"":5.343090680260152,""score"":100.0},""_score"":100.0},""geometry"":{""sub_pole_impulse"":44.2,""sub_flag_tightness"":73.5,""sub_flag_shallowness"":61.7,""sub_flag_drift"":100,""sub_flag_duration"":100.0,""_score"":68.97},""compression"":{""VC1_atr_ratio"":{""value"":0.8631385876894856,""score"":34.2153530776286},""VC2_range_contraction"":{""value"":0.9565123041065563,""score"":7.247949315573951},""VC3_range_pct_rank"":{""score"":30.000000000000004},""_score"":23.72},""sr_quality"":{""SR1_touches"":{""value"":5,""score"":100},""SR2_tightness"":{""value"":0.7485252166760987,""score"":50.87012581650463},""SR3_recency"":{""value"":270,""score"":0.0},""SR4_price_location"":{""score"":30.0},""SR5_reaction"":{""value"":0.9791185143859081,""score"":48.95592571929541},""_score"":52.47,""_levels_found"":3,""_target_level"":31.3475},""volume"":{""V1_rvol_day"":{""value"":2.959514224705495,""score"":100},""V2_rvol_sameslot"":{""value"":0.9182903416267743,""score"":27.886022775118285,""status"":""ok""},""V3_breakout_bar"":{""value"":1.0702152495056068,""score"":38.01434996704045},""V4_base_dryup"":{""value"":1.0757075648931693,""score"":42.429243510683065},""V5_bo_expansion"":{""value"":2.9595142247054955,""score"":100},""_score"":58.57},""readiness"":{""_distance_atr"":0.289,""BR1_atr_distance"":{""score"":80.74690145445294},""BR2_compression"":{""score"":42.29255522737533},""BR3_retest"":{""score"":50.0},""BR4_bo_age"":{""score"":50.0},""_score"":60.37},""risk"":{""R1_stop_clarity"":{""score"":44.04896413016488},""R2_stop_distance_pct"":{""value"":2.7998784511199903,""score"":100.0},""R3_stop_distance_atr"":{""value"":0.5291703195983111,""score"":51.45851597991555},""R4_rr_potential"":{""value"":5.178393128469086,""score"":100.0},""_score"":73.14},""market"":{""M1_spy_regime"":{""score"":100.0},""M3_earnings_risk"":{""value"":null,""score"":80.0},""M4_vix"":{""value"":null,""score"":60.0},""_score"":84.0},""liquidity"":{""L1_price"":{""value"":57.59,""score"":100.0},""L2_dollar_vol"":{""value"":267907912.04800415,""score"":100.0},""L3_spread_proxy"":{""value"":0.05452335474908839,""score"":45.47664525091161},""L4_volume_zscore"":{""value"":3.405906987361264,""score"":70.0},""_score"":87.05},""pattern_structure"":{""pole_low"":51.0001,""pole_low_idx"":48,""peak_price"":58.47,""peak_idx"":55,""pole_gain"":0.14646834025815625,""flag_bars"":4,""flag_low"":56.83,""flag_high"":58.1899,""structural_low"":56.83,""current_price"":57.41,""neckline_distance_pct"":0.01846368228531619,""base_bars"":4},""pattern_geometry_features"":{""pole_gain"":0.14646834025815625,""pullback_pct"":0.028048571917222518,""flag_range_pct"":0.023258081067214012,""flag_drift_per_bar"":0.0011234976484933567,""atr_pct"":0.0529107235879245,""pole_atr_multiple"":2.7682165414873263},""_schema_version"":""1.0""}",,,,,,,,,,
20260602T213437Z-756d21,2026-06-02T21:34:37.658687+00:00,AMPX,high_tight_pullback,candidate,65.87,85.6,86.1,37.8,41.2,22.3,55.8,71.0,84.0,90.0,10.27,30.13,3.78,3.3,3.13,5.02,0.71,5.04,4.5,False,,22.91,24.225,22.6156,31.64,"{""trend"":{""T1_ema_stack"":{""value"":[true,true,true],""score"":100.0},""T2_ema50_slope"":{""value"":-0.03526965197589967,""score"":44.121724670683385},""T3_high_proximity"":{""value"":1.0,""score"":99.99999999999997},""T4_rs_1m"":{""value"":0.043741164166898994,""score"":93.741164166899},""T5_rs_3m"":{""value"":0.8534325288677176,""score"":100},""T6_adr_healthy"":{""value"":9.604531215385087,""score"":59.88671961537282},""_score"":85.57},""geometry"":{""sub_pole_impulse"":100.0,""sub_flag_tightness"":83.8,""sub_flag_shallowness"":76.3,""sub_flag_drift"":65.9,""sub_flag_duration"":100.0,""_score"":86.1},""compression"":{""VC1_atr_ratio"":{""value"":0.6743880007456604,""score"":81.4029998135849},""VC2_range_contraction"":{""value"":1.0379451478528858,""score"":0},""VC3_range_pct_rank"":{""score"":20.833333333333336},""_score"":37.77},""sr_quality"":{""SR1_touches"":{""value"":2,""score"":25.0},""SR2_tightness"":{""value"":0.22499999999999964,""score"":74.63757905627644},""SR3_recency"":{""value"":241,""score"":0.0},""SR4_price_location"":{""score"":30.0},""SR5_reaction"":{""value"":3.0068559052170087,""score"":100},""_score"":41.2,""_levels_found"":5,""_target_level"":22.575},""volume"":{""V1_rvol_day"":{""value"":0.9695729688794161,""score"":31.304864591961074},""V2_rvol_sameslot"":{""value"":1.089333930359691,""score"":39.28892869064606,""status"":""ok""},""V3_breakout_bar"":{""value"":0.8666547255544255,""score"":24.443648370295033},""V4_base_dryup"":{""value"":1.3943186090409347,""score"":10.568139095906531},""V5_bo_expansion"":{""value"":0.9695729688794161,""score"":0},""_score"":22.34},""readiness"":{""_distance_atr"":0.741,""BR1_atr_distance"":{""score"":50.590246605931014},""BR2_compression"":{""score"":72.07389557622389},""BR3_retest"":{""score"":50.0},""BR4_bo_age"":{""score"":50.0},""_score"":55.75},""risk"":{""R1_stop_clarity"":{""score"":61.178587675473715},""R2_stop_distance_pct"":{""value"":1.2850283718900024,""score"":82.12570929725005},""R3_stop_distance_atr"":{""value"":0.16592659390738257,""score"":33.29632969536913},""R4_rr_potential"":{""value"":29.65353260869571,""score"":100.0},""_score"":71.04},""market"":{""M1_spy_regime"":{""score"":100.0},""M3_earnings_risk"":{""value"":null,""score"":80.0},""M4_vix"":{""value"":null,""score"":60.0},""_score"":84.0},""liquidity"":{""L1_price"":{""value"":22.91,""score"":100.0},""L2_dollar_vol"":{""value"":242074167.0346536,""score"":100.0},""L3_spread_proxy"":{""value"":0.11021388040157146,""score"":0},""L4_volume_zscore"":{""value"":-0.05047483433796121,""score"":100.0},""_score"":90.0},""pattern_structure"":{""pole_low"":16.81,""pole_low_idx"":30,""peak_price"":24.225,""peak_idx"":55,""pole_gain"":0.44110648423557425,""flag_bars"":4,""flag_low"":22.96,""flag_high"":24.0,""structural_low"":22.96,""current_price"":23.3,""neckline_distance_pct"":0.039699570815450676,""base_bars"":4},""pattern_geometry_features"":{""pole_gain"":0.44110648423557425,""pullback_pct"":0.052218782249742024,""flag_range_pct"":0.04293085655314754,""flag_drift_per_bar"":-0.006811158798283274,""atr_pct"":0.07744559456257408,""pole_atr_multiple"":5.6956949808058015},""_schema_version"":""1.0""}",,,,,,,,,,
20260602T213437Z-756d21,2026-06-02T21:34:37.658687+00:00,OKLO,double_bottom,setup,65.84,60.6,88.7,48.6,64.5,40.3,57.5,38.0,84.0,90.0,9.1,22.17,3.89,9.02,5.23,4.6,2.28,5.04,4.5,False,,73.47,73.29,64.222,81.38,"{""trend"":{""T1_ema_stack"":{""value"":[true,true,false],""score"":66.66666666666666},""T2_ema50_slope"":{""value"":0.04292845642813437,""score"":57.15474273802239},""T3_high_proximity"":{""value"":0.9227581009796533,""score"":61.37905048982661},""T4_rs_1m"":{""value"":-0.010398844871738477,""score"":39.601155128261524},""T5_rs_3m"":{""value"":0.044190618951786886,""score"":72.09530947589344},""T6_adr_healthy"":{""value"":8.313945356089047,""score"":92.15136609777383},""_score"":60.65},""geometry"":{""sub_low_similarity"":85.9,""sub_bounce_quality"":100,""sub_separation_fit"":93.3,""sub_right_bottom_reaction"":59.5,""sub_base_context"":100.0,""_score"":88.69},""compression"":{""VC1_atr_ratio"":{""value"":0.41096986358179194,""score"":100},""VC2_range_contraction"":{""value"":0.9092439951782325,""score"":15.126000803627914},""VC3_range_pct_rank"":{""score"":13.33333333333333},""_score"":48.63},""sr_quality"":{""SR1_touches"":{""value"":4,""score"":75.0},""SR2_tightness"":{""value"":1.1279814659381566,""score"":60.28498975009414},""SR3_recency"":{""value"":228,""score"":0.0},""SR4_price_location"":{""score"":71.65197611600786},""SR5_reaction"":{""value"":2.0082640367279336,""score"":100},""_score"":64.46,""_levels_found"":8,""_target_level"":74.7163},""volume"":{""V1_rvol_day"":{""value"":1.5740020868191709,""score"":71.60013912127806},""V2_rvol_sameslot"":{""value"":1.7416131181527381,""score"":82.7742078768492,""status"":""ok""},""V3_breakout_bar"":{""value"":0.7189986210563561,""score"":14.599908070423743},""V4_base_dryup"":{""value"":1.5928387609557224,""score"":0},""V5_bo_expansion"":{""value"":1.5740020868191706,""score"":38.266805787944705},""_score"":40.26},""readiness"":{""_distance_atr"":-0.032,""BR1_atr_distance"":{""score"":100.0},""BR2_compression"":{""score"":0},""BR3_retest"":{""score"":50.0},""BR4_bo_age"":{""score"":50.0},""_score"":57.5},""risk"":{""R1_stop_clarity"":{""score"":65.56567532596566},""R2_stop_distance_pct"":{""value"":12.587450660133376,""score"":0.0},""R3_stop_distance_atr"":{""value"":1.6280605040157012,""score"":100.0},""R4_rr_potential"":{""value"":0.8553200692041543,""score"":0.0},""_score"":37.95},""market"":{""M1_spy_regime"":{""score"":100.0},""M3_earnings_risk"":{""value"":null,""score"":80.0},""M4_vix"":{""value"":null,""score"":60.0},""_score"":84.0},""liquidity"":{""L1_price"":{""value"":73.47,""score"":100.0},""L2_dollar_vol"":{""value"":1754211061.6658335,""score"":100.0},""L3_spread_proxy"":{""value"":0.11161018102626927,""score"":0},""L4_volume_zscore"":{""value"":1.7107310587464446,""score"":100.0},""_score"":90.0},""pattern_structure"":{""left_low"":65.2,""left_idx"":43,""right_low"":65.66,""right_idx"":74,""separation_bars"":31,""structural_low"":65.2,""current_price"":72.7883,""neckline_distance_pct"":0.006892591254363676,""base_bars"":31},""pattern_geometry_features"":{""low_similarity_pct"":0.007030414183096342,""bounce_pct"":0.12407975460122704,""right_bottom_reaction"":0.5948351648351644,""atr_pct"":0.07731561959205896},""_schema_version"":""1.0""}",,,,,,,,,,
20260602T213437Z-756d21,2026-06-02T21:34:37.658687+00:00,IREN,double_bottom,candidate,65.4,97.3,86.9,45.5,39.1,10.4,56.5,74.3,84.0,92.0,14.6,21.73,3.64,5.47,1.35,4.52,4.46,5.04,4.6,False,,66.6,69.57,62.7937,75.39,"{""trend"":{""T1_ema_stack"":{""value"":[true,true,true],""score"":100.0},""T2_ema50_slope"":{""value"":0.552042195956567,""score"":100},""T3_high_proximity"":{""value"":0.9817216981132074,""score"":90.86084905660368},""T4_rs_1m"":{""value"":0.4046002965092197,""score"":100},""T5_rs_3m"":{""value"":0.5978128261284961,""score"":100},""T6_adr_healthy"":{""value"":9.046570755805606,""score"":73.83573110485986},""_score"":97.32},""geometry"":{""sub_low_similarity"":84.1,""sub_bounce_quality"":87.6,""sub_separation_fit"":100.0,""sub_right_bottom_reaction"":61.0,""sub_base_context"":100.0,""_score"":86.9},""compression"":{""VC1_atr_ratio"":{""value"":0.7638695815235473,""score"":59.03260461911316},""VC2_range_contraction"":{""value"":0.8541518719334332,""score"":24.308021344427797},""VC3_range_pct_rank"":{""score"":53.333333333333336},""_score"":45.45},""sr_quality"":{""SR1_touches"":{""value"":2,""score"":25.0},""SR2_tightness"":{""value"":1.009999999999998,""score"":60.49771758382369},""SR3_recency"":{""value"":239,""score"":0.0},""SR4_price_location"":{""score"":30.0},""SR5_reaction"":{""value"":3.2198271286254663,""score"":100},""_score"":39.07,""_levels_found"":6,""_target_level"":64.6},""volume"":{""V1_rvol_day"":{""value"":0.862627433904176,""score"":24.175162260278395},""V2_rvol_sameslot"":{""value"":0.7684419151675298,""score"":17.89612767783532,""status"":""ok""},""V3_breakout_bar"":{""value"":0.6164512390812297,""score"":7.763415938748645},""V4_base_dryup"":{""value"":1.5494906996830236,""score"":0},""V5_bo_expansion"":{""value"":0.862627433904176,""score"":0},""_score"":10.36},""readiness"":{""_distance_atr"":0.581,""BR1_atr_distance"":{""score"":61.27994099800535},""BR2_compression"":{""score"":58.17132965344193},""BR3_retest"":{""score"":50.0},""BR4_bo_age"":{""score"":50.0},""_score"":56.55},""risk"":{""R1_stop_clarity"":{""score"":62.5999430094368},""R2_stop_distance_pct"":{""value"":5.715090090090088,""score"":100.0},""R3_stop_distance_atr"":{""value"":0.7443344675572836,""score"":62.21672337786418},""R4_rr_potential"":{""value"":2.309359605911329,""score"":65.46798029556643},""_score"":74.34},""market"":{""M1_spy_regime"":{""score"":100.0},""M3_earnings_risk"":{""value"":null,""score"":80.0},""M4_vix"":{""value"":null,""score"":60.0},""_score"":84.0},""liquidity"":{""L1_price"":{""value"":66.6,""score"":100.0},""L2_dollar_vol"":{""value"":3431871959.950449,""score"":100.0},""L3_spread_proxy"":{""value"":0.07972972972972955,""score"":20.270270270270444},""L4_volume_zscore"":{""value"":-0.3671705109029992,""score"":100.0},""_score"":92.03},""pattern_structure"":{""left_low"":63.75,""left_idx"":56,""right_low"":64.26,""right_idx"":74,""separation_bars"":18,""structural_low"":63.75,""current_price"":66.265,""neckline_distance_pct"":0.04987549988681797,""base_bars"":18},""pattern_geometry_features"":{""low_similarity_pct"":0.00796812749003992,""bounce_pct"":0.09129411764705872,""right_bottom_reaction"":0.6101506591337098,""atr_pct"":0.0767812097812098},""_schema_version"":""1.0""}",,,,,,,,,,
20260602T213437Z-756d21,2026-06-02T21:34:37.658687+00:00,PL,double_bottom,candidate,65.23,93.1,68.6,53.0,50.8,35.5,57.7,65.8,84.0,91.0,13.96,17.15,4.24,7.12,4.61,4.62,3.95,5.04,4.55,False,,48.09,51.475,43.3843,58.905,"{""trend"":{""T1_ema_stack"":{""value"":[true,true,true],""score"":100.0},""T2_ema50_slope"":{""value"":0.6980918850101331,""score"":100},""T3_high_proximity"":{""value"":0.935603112840467,""score"":67.8015564202335},""T4_rs_1m"":{""value"":0.2492452331031325,""score"":100},""T5_rs_3m"":{""value"":0.7843176256767743,""score"":100},""T6_adr_healthy"":{""value"":9.670913014931838,""score"":58.227174626704056},""_score"":93.08},""geometry"":{""sub_low_similarity"":33.7,""sub_bounce_quality"":100,""sub_separation_fit"":100.0,""sub_right_bottom_reaction"":23.2,""sub_base_context"":100.0,""_score"":68.59},""compression"":{""VC1_atr_ratio"":{""value"":0.4918745497761176,""score"":100},""VC2_range_contraction"":{""value"":0.9662911763344874,""score"":5.618137277585441},""VC3_range_pct_rank"":{""score"":44.166666666666664},""_score"":53.01},""sr_quality"":{""SR1_touches"":{""value"":4,""score"":75.0},""SR2_tightness"":{""value"":1.3020056643501987,""score"":38.89909813576429},""SR3_recency"":{""value"":232,""score"":0.0},""SR4_price_location"":{""score"":30.0},""SR5_reaction"":{""value"":2.271622629492755,""score"":100},""_score"":50.83,""_levels_found"":5,""_target_level"":37.0525},""volume"":{""V1_rvol_day"":{""value"":1.0378107604447313,""score"":35.85405069631542},""V2_rvol_sameslot"":{""value"":0.9676052961561131,""score"":31.17368641040754,""status"":""ok""},""V3_breakout_bar"":{""value"":0.6808205211514091,""score"":12.054701410093942},""V4_base_dryup"":{""value"":0.5675694768654014,""score"":93.24305231345986},""V5_bo_expansion"":{""value"":1.037810760444731,""score"":2.5207173629820723},""_score"":35.45},""readiness"":{""_distance_atr"":0.794,""BR1_atr_distance"":{""score"":47.04924397963093},""BR2_compression"":{""score"":85.53139465532766},""BR3_retest"":{""score"":50.0},""BR4_bo_age"":{""score"":50.0},""_score"":57.7},""risk"":{""R1_stop_clarity"":{""score"":68.9956507529478},""R2_stop_distance_pct"":{""value"":9.785142441255976,""score"":55.37143896860059},""R3_stop_distance_atr"":{""value"":1.1041464497909175,""score"":80.20732248954587},""R4_rr_potential"":{""value"":2.298288768348855,""score"":64.91443841744275},""_score"":65.77},""market"":{""M1_spy_regime"":{""score"":100.0},""M3_earnings_risk"":{""value"":null,""score"":80.0},""M4_vix"":{""value"":null,""score"":60.0},""_score"":84.0},""liquidity"":{""L1_price"":{""value"":48.09,""score"":100.0},""L2_dollar_vol"":{""value"":544353824.680195,""score"":100.0},""L3_spread_proxy"":{""value"":0.08962362237471412,""score"":10.376377625285883},""L4_volume_zscore"":{""value"":0.12791316018774648,""score"":100.0},""_score"":91.04},""pattern_structure"":{""left_low"":44.045,""left_idx"":42,""right_low"":45.53,""right_idx"":68,""separation_bars"":26,""structural_low"":44.045,""current_price"":48.53,""neckline_distance_pct"":0.0606841129198434,""base_bars"":26},""pattern_geometry_features"":{""low_similarity_pct"":0.03315657270443761,""bounce_pct"":0.16869111136337836,""right_bottom_reaction"":0.2318007662835251,""atr_pct"":0.08862178058996525},""_schema_version"":""1.0""}",,,,,,,,,,
20260602T213437Z-756d21,2026-06-02T21:34:37.658687+00:00,APP,double_bottom,candidate,65.22,97.6,70.5,58.8,57.7,13.3,66.3,66.0,84.0,82.5,14.65,17.63,4.7,8.08,1.73,5.31,3.96,5.04,4.12,False,,605.63,622.0,571.8122,663.48,"{""trend"":{""T1_ema_stack"":{""value"":[true,true,true],""score"":100.0},""T2_ema50_slope"":{""value"":0.2587211438827892,""score"":93.12019064713154},""T3_high_proximity"":{""value"":0.9868502525664005,""score"":93.42512628320021},""T4_rs_1m"":{""value"":0.2625801571045463,""score"":100},""T5_rs_3m"":{""value"":0.2634400740884473,""score"":100},""T6_adr_healthy"":{""value"":6.710844854801135,""score"":100.0},""_score"":97.64},""geometry"":{""sub_low_similarity"":64.2,""sub_bounce_quality"":59.2,""sub_separation_fit"":100.0,""sub_right_bottom_reaction"":29.5,""sub_base_context"":100.0,""_score"":70.53},""compression"":{""VC1_atr_ratio"":{""value"":0.5683651087582156,""score"":100},""VC2_range_contraction"":{""value"":1.1033460074168062,""score"":0},""VC3_range_pct_rank"":{""score"":75.0},""_score"":58.75},""sr_quality"":{""SR1_touches"":{""value"":5,""score"":100},""SR2_tightness"":{""value"":9.683416347632685,""score"":46.075321191756636},""SR3_recency"":{""value"":233,""score"":0.0},""SR4_price_location"":{""score"":30.0},""SR5_reaction"":{""value"":1.7777165832279906,""score"":88.88582916139953},""_score"":57.74,""_levels_found"":5,""_target_level"":509.894},""volume"":{""V1_rvol_day"":{""value"":0.49465853264974896,""score"":0},""V2_rvol_sameslot"":{""value"":0.4298181344972055,""score"":0,""status"":""ok""},""V3_breakout_bar"":{""value"":0.5849078289277158,""score"":5.660521928514384},""V4_base_dryup"":{""value"":0.9047727647869086,""score"":59.52272352130914},""V5_bo_expansion"":{""value"":0.49465853264974885,""score"":0},""_score"":13.32},""readiness"":{""_distance_atr"":0.456,""BR1_atr_distance"":{""score"":69.61310070741888},""BR2_compression"":{""score"":83.93216255648366},""BR3_retest"":{""score"":50.0},""BR4_bo_age"":{""score"":50.0},""_score"":66.33},""risk"":{""R1_stop_clarity"":{""score"":51.508300245582454},""R2_stop_distance_pct"":{""value"":5.583904364050664,""score"":100.0},""R3_stop_distance_atr"":{""value"":0.9416170582437238,""score"":72.08085291218619},""R4_rr_potential"":{""value"":1.7106375932201374,""score"":35.53187966100687},""_score"":65.95},""market"":{""M1_spy_regime"":{""score"":100.0},""M3_earnings_risk"":{""value"":null,""score"":80.0},""M4_vix"":{""value"":null,""score"":60.0},""_score"":84.0},""liquidity"":{""L1_price"":{""value"":605.63,""score"":47.185},""L2_dollar_vol"":{""value"":1642502406.6027691,""score"":100.0},""L3_spread_proxy"":{""value"":0.04293050212175751,""score"":57.069497878242494},""L4_volume_zscore"":{""value"":-1.1619360555120306,""score"":100.0},""_score"":82.5},""pattern_structure"":{""left_low"":580.52,""left_idx"":62,""right_low"":591.0,""right_idx"":74,""separation_bars"":12,""structural_low"":580.52,""current_price"":604.07,""neckline_distance_pct"":0.029681990497789905,""base_bars"":12},""pattern_geometry_features"":{""low_similarity_pct"":0.017891286533733983,""bounce_pct"":0.07145317990766901,""right_bottom_reaction"":0.2948076923076909,""atr_pct"":0.059301223519310456},""_schema_version"":""1.0""}",,,,,,,,,,
20260602T213437Z-756d21,2026-06-02T21:34:37.658687+00:00,TER,double_bottom,setup,65.06,91.4,84.8,38.5,34.2,28.2,67.4,58.8,84.0,93.1,13.71,21.19,3.08,4.79,3.67,5.39,3.52,5.04,4.65,False,,392.62,386.97,359.5693,408.895,"{""trend"":{""T1_ema_stack"":{""value"":[true,true,true],""score"":100.0},""T2_ema50_slope"":{""value"":0.17917104803186526,""score"":79.86184133864421},""T3_high_proximity"":{""value"":0.9391025641025641,""score"":69.55128205128203},""T4_rs_1m"":{""value"":0.0826384440545227,""score"":100},""T5_rs_3m"":{""value"":0.17410629795809318,""score"":100},""T6_adr_healthy"":{""value"":5.440606648005192,""score"":100.0},""_score"":91.41},""geometry"":{""sub_low_similarity"":96.0,""sub_bounce_quality"":42.9,""sub_separation_fit"":100.0,""sub_right_bottom_reaction"":82.6,""sub_base_context"":100.0,""_score"":84.77},""compression"":{""VC1_atr_ratio"":{""value"":0.6445179386047416,""score"":88.87051534881459},""VC2_range_contraction"":{""value"":1.0336811883487065,""score"":0},""VC3_range_pct_rank"":{""score"":11.66666666666667},""_score"":38.46},""sr_quality"":{""SR1_touches"":{""value"":2,""score"":25.0},""SR2_tightness"":{""value"":5.0,""score"":52.7418024749118},""SR3_recency"":{""value"":241,""score"":0.0},""SR4_price_location"":{""score"":30.0},""SR5_reaction"":{""value"":1.5073781860886042,""score"":75.3689093044302},""_score"":34.22,""_levels_found"":7,""_target_level"":378.0},""volume"":{""V1_rvol_day"":{""value"":0.9189704493115165,""score"":27.931363287434436},""V2_rvol_sameslot"":{""value"":1.052714873154904,""score"":36.84765821032694,""status"":""ok""},""V3_breakout_bar"":{""value"":0.9986407020413566,""score"":33.24271346942378},""V4_base_dryup"":{""value"":1.1507961548522214,""score"":34.92038451477785},""V5_bo_expansion"":{""value"":0.9189704493115165,""score"":0},""_score"":28.25},""readiness"":{""_distance_atr"":-0.267,""BR1_atr_distance"":{""score"":100.0},""BR2_compression"":{""score"":39.60063389344115},""BR3_retest"":{""score"":50.0},""BR4_bo_age"":{""score"":50.0},""_score"":67.4},""risk"":{""R1_stop_clarity"":{""score"":48.24589385336232},""R2_stop_distance_pct"":{""value"":8.417980490041264,""score"":89.5504877489684},""R3_stop_distance_atr"":{""value"":1.5619153274874948,""score"":100.0},""R4_rr_potential"":{""value"":0.492425646374848,""score"":0.0},""_score"":58.75},""market"":{""M1_spy_regime"":{""score"":100.0},""M3_earnings_risk"":{""value"":null,""score"":80.0},""M4_vix"":{""value"":null,""score"":60.0},""_score"":84.0},""liquidity"":{""L1_price"":{""value"":392.62,""score"":100.0},""L2_dollar_vol"":{""value"":1337732187.2303073,""score"":100.0},""L3_spread_proxy"":{""value"":0.06907442310631146,""score"":30.925576893688543},""L4_volume_zscore"":{""value"":-0.3618663888012757,""score"":100.0},""_score"":93.09},""pattern_structure"":{""left_low"":365.045,""left_idx"":51,""right_low"":365.78,""right_idx"":74,""separation_bars"":23,""structural_low"":365.045,""current_price"":389.4075,""neckline_distance_pct"":-0.006259509639644845,""base_bars"":23},""pattern_geometry_features"":{""low_similarity_pct"":0.002011425443847588,""bounce_pct"":0.06006108835896947,""right_bottom_reaction"":0.825629022820362,""atr_pct"":0.05389524221893943},""_schema_version"":""1.0""}",,,,,,,,,,
20260602T213437Z-756d21,2026-06-02T21:34:37.658687+00:00,CRWD,high_tight_pullback,candidate,65.0,98.7,84.5,10.0,52.9,26.1,60.0,73.8,84.0,70.7,11.85,29.57,1.0,4.23,3.65,5.4,0.74,5.04,3.53,False,,768.95,781.68,734.1993,930.27,"{""trend"":{""T1_ema_stack"":{""value"":[true,true,true],""score"":100.0},""T2_ema50_slope"":{""value"":0.738152637774791,""score"":100},""T3_high_proximity"":{""value"":0.9830983034378716,""score"":91.54915171893579},""T4_rs_1m"":{""value"":0.633619396702551,""score"":100},""T5_rs_3m"":{""value"":0.8480409333133252,""score"":100},""T6_adr_healthy"":{""value"":4.781990390966559,""score"":100.0},""_score"":98.73},""geometry"":{""sub_pole_impulse"":100.0,""sub_flag_tightness"":69.6,""sub_flag_shallowness"":60.4,""sub_flag_drift"":100,""sub_flag_duration"":100.0,""_score"":84.48},""compression"":{""VC1_atr_ratio"":{""value"":1.0782794881500775,""score"":0},""VC2_range_contraction"":{""value"":1.1824486009882658,""score"":0},""VC3_range_pct_rank"":{""score"":40.0},""_score"":10.0},""sr_quality"":{""SR1_touches"":{""value"":7,""score"":100},""SR2_tightness"":{""value"":8.52411489175006,""score"":51.08089912088111},""SR3_recency"":{""value"":247,""score"":0.0},""SR4_price_location"":{""score"":30.0},""SR5_reaction"":{""value"":1.0253122682660183,""score"":51.26561341330091},""_score"":52.85,""_levels_found"":3,""_target_level"":474.6998},""volume"":{""V1_rvol_day"":{""value"":1.1782579056797158,""score"":45.217193711981054},""V2_rvol_sameslot"":{""value"":0.7879645764261257,""score"":19.197638428408382,""status"":""ok""},""V3_breakout_bar"":{""value"":0.4917128466660713,""score"":0},""V4_base_dryup"":{""value"":0.9308210902330845,""score"":56.91789097669155},""V5_bo_expansion"":{""value"":1.1782579056797162,""score"":11.883860378647748},""_score"":26.05},""readiness"":{""_distance_atr"":0.365,""BR1_atr_distance"":{""score"":75.64790549714868},""BR2_compression"":{""score"":49.094978116432266},""BR3_retest"":{""score"":50.0},""BR4_bo_age"":{""score"":50.0},""_score"":60.03},""risk"":{""R1_stop_clarity"":{""score"":35.83500478993753},""R2_stop_distance_pct"":{""value"":4.519240522790826,""score"":100.0},""R3_stop_distance_atr"":{""value"":0.997155141917018,""score"":74.8577570958509},""R4_rr_potential"":{""value"":4.642208646156756,""score"":100.0},""_score"":73.77},""market"":{""M1_spy_regime"":{""score"":100.0},""M3_earnings_risk"":{""value"":null,""score"":80.0},""M4_vix"":{""value"":null,""score"":60.0},""_score"":84.0},""liquidity"":{""L1_price"":{""value"":768.95,""score"":0.0},""L2_dollar_vol"":{""value"":3153785250.236439,""score"":100.0},""L3_spread_proxy"":{""value"":0.04348787307367196,""score"":56.51212692632804},""L4_volume_zscore"":{""value"":0.6237311438013747,""score"":100.0},""_score"":70.65},""pattern_structure"":{""pole_low"":633.09,""pole_low_idx"":30,""peak_price"":781.68,""peak_idx"":53,""pole_gain"":0.2347059659764013,""flag_bars"":6,""flag_low"":745.38,""flag_high"":778.82,""structural_low"":745.38,""current_price"":764.89,""neckline_distance_pct"":0.021950868752369575,""base_bars"":6},""pattern_geometry_features"":{""pole_gain"":0.2347059659764013,""pullback_pct"":0.04643844028246848,""flag_range_pct"":0.042779654078395325,""flag_drift_per_bar"":0.0035327518616122262,""atr_pct"":0.04532133800265667,""pole_atr_multiple"":5.178707785781682},""_schema_version"":""1.0""}",,,,,,,,,,
20260602T213437Z-756d21,2026-06-02T21:34:37.658687+00:00,MPWR,double_bottom,candidate,64.64,82.7,81.5,39.9,59.8,35.2,38.7,67.2,84.0,70.7,12.41,20.38,3.19,8.37,4.58,3.1,4.03,5.04,3.54,False,,1624.99,1714.0899,1485.6164,1919.9398,"{""trend"":{""T1_ema_stack"":{""value"":[true,true,true],""score"":100.0},""T2_ema50_slope"":{""value"":0.4547382605525324,""score"":100},""T3_high_proximity"":{""value"":0.9771554678949838,""score"":88.57773394749185},""T4_rs_1m"":{""value"":-0.02779238559447328,""score"":22.20761440552672},""T5_rs_3m"":{""value"":0.396032114774733,""score"":100},""T6_adr_healthy"":{""value"":4.585275096419421,""score"":100.0},""_score"":82.73},""geometry"":{""sub_low_similarity"":89.7,""sub_bounce_quality"":100,""sub_separation_fit"":73.3,""sub_right_bottom_reaction"":24.2,""sub_base_context"":100.0,""_score"":81.53},""compression"":{""VC1_atr_ratio"":{""value"":0.6949072748775157,""score"":76.27318128062107},""VC2_range_contraction"":{""value"":1.1798513242035904,""score"":0},""VC3_range_pct_rank"":{""score"":37.5},""_score"":39.88},""sr_quality"":{""SR1_touches"":{""value"":3,""score"":50.0},""SR2_tightness"":{""value"":22.704652973931704,""score"":43.81251834313353},""SR3_recency"":{""value"":236,""score"":0.0},""SR4_price_location"":{""score"":92.98627259770461},""SR5_reaction"":{""value"":2.215692320917968,""score"":100},""_score"":59.82,""_levels_found"":4,""_target_level"":1653.04},""volume"":{""V1_rvol_day"":{""value"":1.024193831785272,""score"":34.94625545235146},""V2_rvol_sameslot"":{""value"":1.1301376287995855,""score"":42.0091752533057,""status"":""ok""},""V3_breakout_bar"":{""value"":1.2775447856856539,""score"":51.836319045710255},""V4_base_dryup"":{""value"":1.1681186897850264,""score"":33.188131021497355},""V5_bo_expansion"":{""value"":1.024193831785272,""score"":1.6129221190181269},""_score"":35.23},""readiness"":{""_distance_atr"":1.102,""BR1_atr_distance"":{""score"":26.501130221683283},""BR2_compression"":{""score"":42.46799569929442},""BR3_retest"":{""score"":50.0},""BR4_bo_age"":{""score"":50.0},""_score"":38.72},""risk"":{""R1_stop_clarity"":{""score"":44.013101126373776},""R2_stop_distance_pct"":{""value"":8.576889703936647,""score"":85.57775740158382},""R3_stop_distance_atr"":{""value"":1.724547739717197,""score"":100.0},""R4_rr_potential"":{""value"":2.116253006308222,""score"":55.81265031541109},""_score"":67.24},""market"":{""M1_spy_regime"":{""score"":100.0},""M3_earnings_risk"":{""value"":null,""score"":80.0},""M4_vix"":{""value"":null,""score"":60.0},""_score"":84.0},""liquidity"":{""L1_price"":{""value"":1624.99,""score"":0.0},""L2_dollar_vol"":{""value"":1125715159.1277168,""score"":100.0},""L3_spread_proxy"":{""value"":0.04291718718269036,""score"":57.082812817309645},""L4_volume_zscore"":{""value"":0.09181208340060881,""score"":100.0},""_score"":70.71},""pattern_structure"":{""left_low"":1516.005,""left_idx"":34,""right_low"":1508.24,""right_idx"":68,""separation_bars"":34,""structural_low"":1508.24,""current_price"":1609.85,""neckline_distance_pct"":0.0647513122340591,""base_bars"":34},""pattern_geometry_features"":{""low_similarity_pct"":0.005135165967043081,""bounce_pct"":0.13648351721211474,""right_bottom_reaction"":0.24210526315789546,""atr_pct"":0.049734139023273095},""_schema_version"":""1.0""}",,,,,,,,,,
20260602T213437Z-756d21,2026-06-02T21:34:37.658687+00:00,LSCC,double_bottom,candidate,64.53,100.0,77.9,44.5,46.0,10.7,70.1,54.1,84.0,95.4,15.0,19.48,3.56,6.44,1.39,5.61,3.25,5.04,4.77,False,,151.35,152.07,138.1069,163.93,"{""trend"":{""T1_ema_stack"":{""value"":[true,true,true],""score"":100.0},""T2_ema50_slope"":{""value"":0.5625261638186366,""score"":100},""T3_high_proximity"":{""value"":1.0,""score"":99.99999999999997},""T4_rs_1m"":{""value"":0.19723327994788642,""score"":100},""T5_rs_3m"":{""value"":0.5025900129981093,""score"":100},""T6_adr_healthy"":{""value"":4.928333436639038,""score"":100.0},""_score"":100.0},""geometry"":{""sub_low_similarity"":64.8,""sub_bounce_quality"":78.0,""sub_separation_fit"":100.0,""sub_right_bottom_reaction"":52.4,""sub_base_context"":100.0,""_score"":77.9},""compression"":{""VC1_atr_ratio"":{""value"":0.6671877449952386,""score"":83.20306375119036},""VC2_range_contraction"":{""value"":1.0627489550433902,""score"":0},""VC3_range_pct_rank"":{""score"":44.99999999999999},""_score"":44.53},""sr_quality"":{""SR1_touches"":{""value"":3,""score"":50.0},""SR2_tightness"":{""value"":1.4943948340381785,""score"":58.82614333923834},""SR3_recency"":{""value"":236,""score"":0.0},""SR4_price_location"":{""score"":30.0},""SR5_reaction"":{""value"":1.9555261665484232,""score"":97.77630832742116},""_score"":45.99,""_levels_found"":7,""_target_level"":128.0984},""volume"":{""V1_rvol_day"":{""value"":0.8333868086419715,""score"":22.2257872427981},""V2_rvol_sameslot"":{""value"":0.5410370171444464,""score"":2.735801142963094,""status"":""ok""},""V3_breakout_bar"":{""value"":0.8435074949241521,""score"":22.90049966161014},""V4_base_dryup"":{""value"":1.6082533166530775,""score"":0},""V5_bo_expansion"":{""value"":0.8333868086419716,""score"":0},""_score"":10.72},""readiness"":{""_distance_atr"":0.099,""BR1_atr_distance"":{""score"":93.38747339491249},""BR2_compression"":{""score"":61.086218997138445},""BR3_retest"":{""score"":50.0},""BR4_bo_age"":{""score"":50.0},""_score"":70.13},""risk"":{""R1_stop_clarity"":{""score"":42.053602793792486},""R2_stop_distance_pct"":{""value"":8.750016518004616,""score"":81.24958704988461},""R3_stop_distance_atr"":{""value"":1.8243892022950963,""score"":100.0},""R4_rr_potential"":{""value"":0.949925055594779,""score"":0.0},""_score"":54.09},""market"":{""M1_spy_regime"":{""score"":100.0},""M3_earnings_risk"":{""value"":null,""score"":80.0},""M4_vix"":{""value"":null,""score"":60.0},""_score"":84.0},""liquidity"":{""L1_price"":{""value"":151.35,""score"":100.0},""L2_dollar_vol"":{""value"":323947466.04913384,""score"":100.0},""L3_spread_proxy"":{""value"":0.046184340931615525,""score"":53.81565906838448},""L4_volume_zscore"":{""value"":-0.5774745576936406,""score"":100.0},""_score"":95.38},""pattern_structure"":{""left_low"":142.7,""left_idx"":43,""right_low"":140.21,""right_idx"":68,""separation_bars"":25,""structural_low"":140.21,""current_price"":151.25,""neckline_distance_pct"":0.0054214876033057404,""base_bars"":25},""pattern_geometry_features"":{""low_similarity_pct"":0.017602771199321205,""bounce_pct"":0.08458740460737454,""right_bottom_reaction"":0.5244698205546502,""atr_pct"":0.04796134786917739},""_schema_version"":""1.0""}",,,,,,,,,,
20260602T213437Z-756d21,2026-06-02T21:34:37.658687+00:00,VICR,double_bottom,candidate,64.47,96.7,75.0,65.7,43.6,16.0,43.0,77.0,84.0,93.7,14.5,18.75,5.26,6.11,2.08,3.44,4.62,5.04,4.69,False,,332.95,351.36,310.3144,387.68,"{""trend"":{""T1_ema_stack"":{""value"":[true,true,true],""score"":100.0},""T2_ema50_slope"":{""value"":0.7356230511671298,""score"":100},""T3_high_proximity"":{""value"":0.9627284293314828,""score"":81.3642146657414},""T4_rs_1m"":{""value"":0.18667735619467174,""score"":100},""T5_rs_3m"":{""value"":0.5320392671133667,""score"":100},""T6_adr_healthy"":{""value"":8.425639974351155,""score"":89.35900064122113},""_score"":96.67},""geometry"":{""sub_low_similarity"":32.5,""sub_bounce_quality"":100,""sub_separation_fit"":100.0,""sub_right_bottom_reaction"":68.2,""sub_base_context"":100.0,""_score"":74.98},""compression"":{""VC1_atr_ratio"":{""value"":0.6155168128144624,""score"":96.12079679638441},""VC2_range_contraction"":{""value"":0.8003486635600896,""score"":33.27522273998507},""VC3_range_pct_rank"":{""score"":62.5},""_score"":65.72},""sr_quality"":{""SR1_touches"":{""value"":2,""score"":25.0},""SR2_tightness"":{""value"":1.25,""score"":90.78530767331124},""SR3_recency"":{""value"":232,""score"":0.0},""SR4_price_location"":{""score"":30.0},""SR5_reaction"":{""value"":3.287249340622945,""score"":100},""_score"":43.62,""_levels_found"":5,""_target_level"":232.25},""volume"":{""V1_rvol_day"":{""value"":0.7520783119708586,""score"":16.805220798057242},""V2_rvol_sameslot"":{""value"":0.546670397192675,""score"":3.1113598128449977,""status"":""ok""},""V3_breakout_bar"":{""value"":0.6295128253900782,""score"":8.63418835933855},""V4_base_dryup"":{""value"":1.0080958382254925,""score"":49.19041617745074},""V5_bo_expansion"":{""value"":0.7520783119708584,""score"":0},""_score"":15.98},""readiness"":{""_distance_atr"":0.679,""BR1_atr_distance"":{""score"":54.762003804175954},""BR2_compression"":{""score"":14.184385275171223},""BR3_retest"":{""score"":50.0},""BR4_bo_age"":{""score"":50.0},""_score"":42.95},""risk"":{""R1_stop_clarity"":{""score"":65.16403995279981},""R2_stop_distance_pct"":{""value"":6.798498273013953,""score"":100.0},""R3_stop_distance_atr"":{""value"":0.8343203585199819,""score"":66.7160179259991},""R4_rr_potential"":{""value"":2.417872731449581,""score"":70.89363657247904},""_score"":76.99},""market"":{""M1_spy_regime"":{""score"":100.0},""M3_earnings_risk"":{""value"":null,""score"":80.0},""M4_vix"":{""value"":null,""score"":60.0},""_score"":84.0},""liquidity"":{""L1_price"":{""value"":332.95,""score"":100.0},""L2_dollar_vol"":{""value"":227924429.6035208,""score"":100.0},""L3_spread_proxy"":{""value"":0.06295239525454266,""score"":37.04760474545734},""L4_volume_zscore"":{""value"":-0.6134007166174275,""score"":100.0},""_score"":93.7},""pattern_structure"":{""left_low"":325.8501,""left_idx"":56,""right_low"":315.04,""right_idx"":74,""separation_bars"":18,""structural_low"":315.04,""current_price"":327.74,""neckline_distance_pct"":0.07206932324403492,""base_bars"":18},""pattern_geometry_features"":{""low_similarity_pct"":0.033734644988274824,""bounce_pct"":0.1152869476891823,""right_bottom_reaction"":0.6824552924117935,""atr_pct"":0.08148546542809945},""_schema_version"":""1.0""}",,,,,,,,,,
20260602T213437Z-756d21,2026-06-02T21:34:37.658687+00:00,IRDM,double_bottom,candidate,64.24,96.8,66.0,49.8,48.6,26.1,58.5,76.0,84.0,95.2,14.53,16.51,3.98,6.8,3.39,4.68,4.56,5.04,4.76,False,,49.6,52.25,46.9943,56.79,"{""trend"":{""T1_ema_stack"":{""value"":[true,true,true],""score"":100.0},""T2_ema50_slope"":{""value"":0.7606823932686205,""score"":100},""T3_high_proximity"":{""value"":0.9578988026264967,""score"":78.94940131324834},""T4_rs_1m"":{""value"":0.20359969145501822,""score"":100},""T5_rs_3m"":{""value"":0.950193778509449,""score"":100},""T6_adr_healthy"":{""value"":5.7147512805191205,""score"":100.0},""_score"":96.84},""geometry"":{""sub_low_similarity"":27.4,""sub_bounce_quality"":93.1,""sub_separation_fit"":100.0,""sub_right_bottom_reaction"":28.0,""sub_base_context"":100.0,""_score"":66.04},""compression"":{""VC1_atr_ratio"":{""value"":0.6346927801488438,""score"":91.32680496278905},""VC2_range_contraction"":{""value"":0.9804220778558463,""score"":3.26298702402561},""VC3_range_pct_rank"":{""score"":48.33333333333333},""_score"":49.76},""sr_quality"":{""SR1_touches"":{""value"":8,""score"":100},""SR2_tightness"":{""value"":1.0368346203710603,""score"":29.63491046533853},""SR3_recency"":{""value"":272,""score"":0.0},""SR4_price_location"":{""score"":30.0},""SR5_reaction"":{""value"":0.8815999001410637,""score"":44.079995007053185},""_score"":48.56,""_levels_found"":3,""_target_level"":23.7683},""volume"":{""V1_rvol_day"":{""value"":0.9972215120157052,""score"":33.148100801047015},""V2_rvol_sameslot"":{""value"":0.6180682478214988,""score"":7.871216521433255,""status"":""ok""},""V3_breakout_bar"":{""value"":0.7153300856208326,""score"":14.355339041388838},""V4_base_dryup"":{""value"":0.7862273231302772,""score"":71.37726768697227},""V5_bo_expansion"":{""value"":0.9972215120157052,""score"":0},""_score"":26.07},""readiness"":{""_distance_atr"":0.899,""BR1_atr_distance"":{""score"":40.05232091236813},""BR2_compression"":{""score"":100},""BR3_retest"":{""score"":50.0},""BR4_bo_age"":{""score"":50.0},""_score"":58.52},""risk"":{""R1_stop_clarity"":{""score"":51.43220014445586},""R2_stop_distance_pct"":{""value"":5.253326612903234,""score"":100.0},""R3_stop_distance_atr"":{""value"":0.884166056686915,""score"":69.20830283434574},""R4_rr_potential"":{""value"":2.7593882524513984,""score"":87.96941262256992},""_score"":75.98},""market"":{""M1_spy_regime"":{""score"":100.0},""M3_earnings_risk"":{""value"":null,""score"":80.0},""M4_vix"":{""value"":null,""score"":60.0},""_score"":84.0},""liquidity"":{""L1_price"":{""value"":49.6,""score"":100.0},""L2_dollar_vol"":{""value"":108047614.10559201,""score"":100.0},""L3_spread_proxy"":{""value"":0.04838709677419352,""score"":51.612903225806484},""L4_volume_zscore"":{""value"":-0.012735515819201031,""score"":100.0},""_score"":95.16},""pattern_structure"":{""left_low"":49.475,""left_idx"":50,""right_low"":47.71,""right_idx"":73,""separation_bars"":23,""structural_low"":47.71,""current_price"":49.81,""neckline_distance_pct"":0.04898614735996783,""base_bars"":23},""pattern_geometry_features"":{""low_similarity_pct"":0.03632247774862377,""bounce_pct"":0.09515824774680358,""right_bottom_reaction"":0.2800373383117773,""atr_pct"":0.059415610599078315},""_schema_version"":""1.0""}",,,,,,,,,,
20260602T213437Z-756d21,2026-06-02T21:34:37.658687+00:00,NBIS,high_tight_pullback,candidate,64.24,97.8,83.7,40.2,38.2,6.3,53.5,75.2,84.0,92.7,11.74,29.31,4.02,3.06,0.88,4.81,0.75,5.04,4.63,False,,260.58,278.8399,256.496,359.3698,"{""trend"":{""T1_ema_stack"":{""value"":[true,true,true],""score"":100.0},""T2_ema50_slope"":{""value"":0.8566708437142514,""score"":100},""T3_high_proximity"":{""value"":0.9851423386639446,""score"":92.57116933197229},""T4_rs_1m"":{""value"":0.6327043145707674,""score"":100},""T5_rs_3m"":{""value"":1.8856008445616759,""score"":100},""T6_adr_healthy"":{""value"":8.855691277693282,""score"":78.60771805766795},""_score"":97.82},""geometry"":{""sub_pole_impulse"":87.8,""sub_flag_tightness"":83.7,""sub_flag_shallowness"":67.4,""sub_flag_drift"":86.6,""sub_flag_duration"":100.0,""_score"":83.73},""compression"":{""VC1_atr_ratio"":{""value"":0.7772415710539589,""score"":55.689607236510284},""VC2_range_contraction"":{""value"":0.8958674102145594,""score"":17.355431630906768},""VC3_range_pct_rank"":{""score"":47.5},""_score"":40.23},""sr_quality"":{""SR1_touches"":{""value"":2,""score"":25.0},""SR2_tightness"":{""value"":3.459949999999992,""score"":70.49417489093535},""SR3_recency"":{""value"":230,""score"":0.0},""SR4_price_location"":{""score"":30.0},""SR5_reaction"":{""value"":1.6891454882358747,""score"":84.45727441179373},""_score"":38.24,""_levels_found"":6,""_target_level"":230.2699},""volume"":{""V1_rvol_day"":{""value"":0.7373735045052613,""score"":15.824900300350752},""V2_rvol_sameslot"":{""value"":0.5310696804098405,""score"":2.0713120273226986,""status"":""ok""},""V3_breakout_bar"":{""value"":0.3880899329304871,""score"":0},""V4_base_dryup"":{""value"":1.3650811150274498,""score"":13.491888497255019},""V5_bo_expansion"":{""value"":0.7373735045052612,""score"":0},""_score"":6.28},""readiness"":{""_distance_atr"":0.779,""BR1_atr_distance"":{""score"":48.09429655447707},""BR2_compression"":{""score"":66.93203222261},""BR3_retest"":{""score"":50.0},""BR4_bo_age"":{""score"":50.0},""_score"":53.47},""risk"":{""R1_stop_clarity"":{""score"":66.69008568020936},""R2_stop_distance_pct"":{""value"":1.5672845191495834,""score"":89.1821129787396},""R3_stop_distance_atr"":{""value"":0.1741393299327636,""score"":33.70696649663818},""R4_rr_potential"":{""value"":24.189293418510733,""score"":100.0},""_score"":75.15},""market"":{""M1_spy_regime"":{""score"":100.0},""M3_earnings_risk"":{""value"":null,""score"":80.0},""M4_vix"":{""value"":null,""score"":60.0},""_score"":84.0},""liquidity"":{""L1_price"":{""value"":260.58,""score"":100.0},""L2_dollar_vol"":{""value"":3633651972.530878,""score"":100.0},""L3_spread_proxy"":{""value"":0.07325926778724384,""score"":26.740732212756157},""L4_volume_zscore"":{""value"":-0.675082672416972,""score"":100.0},""_score"":92.67},""pattern_structure"":{""pole_low"":198.31,""pole_low_idx"":30,""peak_price"":278.8399,""peak_idx"":54,""pole_gain"":0.4060808834652816,""flag_bars"":5,""flag_low"":260.402,""flag_high"":271.4999,""structural_low"":260.402,""current_price"":262.13,""neckline_distance_pct"":0.06374661427535958,""base_bars"":5},""pattern_geometry_features"":{""pole_gain"":0.4060808834652816,""pullback_pct"":0.06612360713083032,""flag_range_pct"":0.03980025814096203,""flag_drift_per_bar"":-0.002689505207339948,""atr_pct"":0.09000175432825673,""pole_atr_multiple"":4.511921867480637},""_schema_version"":""1.0""}",,,,,,,,,,
20260602T213437Z-756d21,2026-06-02T21:34:37.658687+00:00,DIOD,double_bottom,breakout_confirmed,64.22,88.8,80.6,23.6,38.4,49.4,67.7,33.5,84.0,91.5,13.33,20.16,1.89,5.38,6.42,5.41,2.01,5.04,4.58,False,,114.13,114.0,97.6726,128.84,"{""trend"":{""T1_ema_stack"":{""value"":[true,true,true],""score"":100.0},""T2_ema50_slope"":{""value"":0.46735952835888606,""score"":100},""T3_high_proximity"":{""value"":0.9834554071520896,""score"":91.72770357604476},""T4_rs_1m"":{""value"":0.00040931292574875044,""score"":50.40931292574875},""T5_rs_3m"":{""value"":0.5923158526722474,""score"":100},""T6_adr_healthy"":{""value"":5.609414488453983,""score"":100.0},""_score"":88.84},""geometry"":{""sub_low_similarity"":68.2,""sub_bounce_quality"":100,""sub_separation_fit"":100.0,""sub_right_bottom_reaction"":34.4,""sub_base_context"":100.0,""_score"":80.62},""compression"":{""VC1_atr_ratio"":{""value"":0.7822133024340528,""score"":54.44667439148678},""VC2_range_contraction"":{""value"":1.0725778479352681,""score"":0},""VC3_range_pct_rank"":{""score"":7.499999999999996},""_score"":23.65},""sr_quality"":{""SR1_touches"":{""value"":2,""score"":25.0},""SR2_tightness"":{""value"":1.3699999999999974,""score"":56.71029868314002},""SR3_recency"":{""value"":270,""score"":0.0},""SR4_price_location"":{""score"":30.0},""SR5_reaction"":{""value"":1.9910892731595946,""score"":99.55446365797972},""_score"":38.44,""_levels_found"":4,""_target_level"":73.68},""volume"":{""V1_rvol_day"":{""value"":1.1436809737984883,""score"":42.91206491989922},""V2_rvol_sameslot"":{""value"":1.5446683268896584,""score"":69.64455512597722,""status"":""ok""},""V3_breakout_bar"":{""value"":2.5309576517015344,""score"":100},""V4_base_dryup"":{""value"":1.4786438552019832,""score"":2.1356144798016885},""V5_bo_expansion"":{""value"":1.1436809737984883,""score"":9.578731586565887},""_score"":49.38},""readiness"":{""_distance_atr"":-0.021,""BR1_atr_distance"":{""score"":100.0},""BR2_compression"":{""score"":40.589678548733836},""BR3_retest"":{""score"":50.0},""BR4_bo_age"":{""score"":50.0},""_score"":67.65},""risk"":{""R1_stop_clarity"":{""score"":53.000655665183935},""R2_stop_distance_pct"":{""value"":14.419872075703152,""score"":0.0},""R3_stop_distance_atr"":{""value"":2.6001311330368364,""score"":100.0},""R4_rr_potential"":{""value"":0.8938228395736874,""score"":0.0},""_score"":33.55},""market"":{""M1_spy_regime"":{""score"":100.0},""M3_earnings_risk"":{""value"":null,""score"":80.0},""M4_vix"":{""value"":null,""score"":60.0},""_score"":84.0},""liquidity"":{""L1_price"":{""value"":114.13,""score"":100.0},""L2_dollar_vol"":{""value"":107865176.86618707,""score"":100.0},""L3_spread_proxy"":{""value"":0.08466222728467532,""score"":15.33777271532469},""L4_volume_zscore"":{""value"":0.6694403890418759,""score"":100.0},""_score"":91.53},""pattern_structure"":{""left_low"":99.16,""left_idx"":43,""right_low"":100.75,""right_idx"":73,""separation_bars"":30,""structural_low"":99.16,""current_price"":110.91,""neckline_distance_pct"":0.02786042737354615,""base_bars"":30},""pattern_geometry_features"":{""low_similarity_pct"":0.015907158221199574,""bounce_pct"":0.14965711980637358,""right_bottom_reaction"":0.3442622950819689,""atr_pct"":0.0554582493647595},""_schema_version"":""1.0""}",,,,,,,,,,
20260602T213437Z-756d21,2026-06-02T21:34:37.658687+00:00,WULF,double_bottom,setup,64.04,99.3,77.0,65.0,36.0,13.3,69.5,43.3,84.0,94.6,14.89,19.25,5.2,5.04,1.73,5.56,2.6,5.04,4.73,False,,26.49,26.32,23.5809,28.7,"{""trend"":{""T1_ema_stack"":{""value"":[true,true,true],""score"":100.0},""T2_ema50_slope"":{""value"":0.5777500509519239,""score"":100},""T3_high_proximity"":{""value"":0.9906507105459985,""score"":95.32535527299923},""T4_rs_1m"":{""value"":0.18907156754667387,""score"":100},""T5_rs_3m"":{""value"":0.6806777224262284,""score"":100},""T6_adr_healthy"":{""value"":6.808690142744924,""score"":100.0},""_score"":99.3},""geometry"":{""sub_low_similarity"":40.7,""sub_bounce_quality"":99.2,""sub_separation_fit"":73.3,""sub_right_bottom_reaction"":92.9,""sub_base_context"":100.0,""_score"":76.98},""compression"":{""VC1_atr_ratio"":{""value"":0.5288966926875609,""score"":100},""VC2_range_contraction"":{""value"":0.9313075645824123,""score"":11.448739236264624},""VC3_range_pct_rank"":{""score"":84.16666666666667},""_score"":65.05},""sr_quality"":{""SR1_touches"":{""value"":2,""score"":25.0},""SR2_tightness"":{""value"":0.32750000000000057,""score"":62.54742835204594},""SR3_recency"":{""value"":237,""score"":0.0},""SR4_price_location"":{""score"":30.0},""SR5_reaction"":{""value"":1.5524233896823665,""score"":77.62116948411833},""_score"":36.03,""_levels_found"":8,""_target_level"":21.3075},""volume"":{""V1_rvol_day"":{""value"":0.8642338060522085,""score"":24.282253736813896},""V2_rvol_sameslot"":{""value"":0.678458019735861,""score"":11.897201315724065,""status"":""ok""},""V3_breakout_bar"":{""value"":0.6582715337260707,""score"":10.55143558173805},""V4_base_dryup"":{""value"":1.3299316113409303,""score"":17.00683886590697},""V5_bo_expansion"":{""value"":0.8642338060522087,""score"":0},""_score"":13.28},""readiness"":{""_distance_atr"":-0.097,""BR1_atr_distance"":{""score"":100.0},""BR2_compression"":{""score"":47.888317149725786},""BR3_retest"":{""score"":50.0},""BR4_bo_age"":{""score"":50.0},""_score"":69.47},""risk"":{""R1_stop_clarity"":{""score"":58.93368403425852},""R2_stop_distance_pct"":{""value"":10.981879954699883,""score"":25.453001132502926},""R3_stop_distance_atr"":{""value"":1.663408796657449,""score"":100.0},""R4_rr_potential"":{""value"":0.759685125983982,""score"":0.0},""_score"":43.26},""market"":{""M1_spy_regime"":{""score"":100.0},""M3_earnings_risk"":{""value"":null,""score"":80.0},""M4_vix"":{""value"":null,""score"":60.0},""_score"":84.0},""liquidity"":{""L1_price"":{""value"":26.49,""score"":100.0},""L2_dollar_vol"":{""value"":651477198.6214747,""score"":100.0},""L3_spread_proxy"":{""value"":0.053793884484711244,""score"":46.20611551528876},""L4_volume_zscore"":{""value"":-0.4867109454276865,""score"":100.0},""_score"":94.62},""pattern_structure"":{""left_low"":24.66,""left_idx"":62,""right_low"":23.94,""right_idx"":68,""separation_bars"":6,""structural_low"":23.94,""current_price"":26.14,""neckline_distance_pct"":0.006885998469778107,""base_bars"":6},""pattern_geometry_features"":{""low_similarity_pct"":0.029629629629629582,""bounce_pct"":0.09941520467836253,""right_bottom_reaction"":0.9292035398230072,""atr_pct"":0.06602033112225639},""_schema_version"":""1.0""}",,,,,,,,,,
20260602T213437Z-756d21,2026-06-02T21:34:37.658687+00:00,GLW,high_tight_pullback,candidate,63.86,97.2,72.8,52.0,41.8,13.9,65.0,75.7,84.0,92.2,11.66,25.46,5.2,3.35,1.94,5.85,0.76,5.04,4.61,False,,200.4,201.55,194.7247,230.67,"{""trend"":{""T1_ema_stack"":{""value"":[true,true,true],""score"":100.0},""T2_ema50_slope"":{""value"":0.579817785348882,""score"":100},""T3_high_proximity"":{""value"":0.9621663145765316,""score"":81.08315728826577},""T4_rs_1m"":{""value"":0.2122638943778281,""score"":100},""T5_rs_3m"":{""value"":0.24152670525607767,""score"":100},""T6_adr_healthy"":{""value"":6.4163562231528335,""score"":100.0},""_score"":97.16},""geometry"":{""sub_pole_impulse"":42.0,""sub_flag_tightness"":84.1,""sub_flag_shallowness"":77.3,""sub_flag_drift"":91.1,""sub_flag_duration"":100.0,""_score"":72.75},""compression"":{""VC1_atr_ratio"":{""value"":0.6139357083742164,""score"":96.5160729064459},""VC2_range_contraction"":{""value"":0.8317493675189116,""score"":28.041772080181403},""VC3_range_pct_rank"":{""score"":14.166666666666671},""_score"":51.96},""sr_quality"":{""SR1_touches"":{""value"":2,""score"":25.0},""SR2_tightness"":{""value"":1.1650000000000063,""score"":81.55445817210438},""SR3_recency"":{""value"":249,""score"":0.0},""SR4_price_location"":{""score"":30.0},""SR5_reaction"":{""value"":1.9458859147196232,""score"":97.29429573598117},""_score"":41.83,""_levels_found"":6,""_target_level"":177.915},""volume"":{""V1_rvol_day"":{""value"":1.1099868474721797,""score"":40.66578983147864},""V2_rvol_sameslot"":{""value"":0.8274522434433633,""score"":21.830149562890888,""status"":""ok""},""V3_breakout_bar"":{""value"":0.5163107458737684,""score"":1.0873830582512234},""V4_base_dryup"":{""value"":1.534945586791587,""score"":0},""V5_bo_expansion"":{""value"":1.1099868474721795,""score"":7.332456498145297},""_score"":13.87},""readiness"":{""_distance_atr"":0.091,""BR1_atr_distance"":{""score"":93.9306514729385},""BR2_compression"":{""score"":39.49571584557238},""BR3_retest"":{""score"":50.0},""BR4_bo_age"":{""score"":50.0},""_score"":64.95},""risk"":{""R1_stop_clarity"":{""score"":53.04934323805779},""R2_stop_distance_pct"":{""value"":2.831961826347306,""score"":100.0},""R3_stop_distance_atr"":{""value"":0.44928364346384914,""score"":47.46418217319246},""R4_rr_potential"":{""value"":5.333684330993965,""score"":100.0},""_score"":75.69},""market"":{""M1_spy_regime"":{""score"":100.0},""M3_earnings_risk"":{""value"":null,""score"":80.0},""M4_vix"":{""value"":null,""score"":60.0},""_score"":84.0},""liquidity"":{""L1_price"":{""value"":200.4,""score"":100.0},""L2_dollar_vol"":{""value"":3524607879.798059,""score"":100.0},""L3_spread_proxy"":{""value"":0.07759481037924157,""score"":22.405189620758435},""L4_volume_zscore"":{""value"":0.2936591047023191,""score"":100.0},""_score"":92.24},""pattern_structure"":{""pole_low"":172.43,""pole_low_idx"":48,""peak_price"":201.55,""peak_idx"":55,""pole_gain"":0.1688801252682248,""flag_bars"":4,""flag_low"":197.6901,""flag_high"":200.93,""structural_low"":197.6901,""current_price"":198.64,""neckline_distance_pct"":0.014649617398308624,""base_bars"":4},""pattern_geometry_features"":{""pole_gain"":0.1688801252682248,""pullback_pct"":0.0191510791366907,""flag_range_pct"":0.016074919374844978,""flag_drift_per_bar"":-0.001784635521546447,""atr_pct"":0.06303282720273735,""pole_atr_multiple"":2.6792408458063064},""_schema_version"":""1.0""}",,,,,,,,,,
20260602T213437Z-756d21,2026-06-02T21:34:37.658687+00:00,DDOG,high_tight_pullback,candidate,63.77,97.7,78.9,15.7,47.6,29.6,48.7,74.2,84.0,94.6,11.73,27.62,1.57,3.81,4.15,4.38,0.74,5.04,4.73,False,,269.13,278.34,256.4644,337.1899,"{""trend"":{""T1_ema_stack"":{""value"":[true,true,true],""score"":100.0},""T2_ema50_slope"":{""value"":0.9502061391364274,""score"":100},""T3_high_proximity"":{""value"":0.969872788208584,""score"":84.93639410429199},""T4_rs_1m"":{""value"":0.8611002951533615,""score"":100},""T5_rs_3m"":{""value"":1.2914183169962223,""score"":100},""T6_adr_healthy"":{""value"":5.217076716803983,""score"":100.0},""_score"":97.74},""geometry"":{""sub_pole_impulse"":100.0,""sub_flag_tightness"":60.8,""sub_flag_shallowness"":51.8,""sub_flag_drift"":89.1,""sub_flag_duration"":100.0,""_score"":78.92},""compression"":{""VC1_atr_ratio"":{""value"":0.9242098380408689,""score"":18.94754048978278},""VC2_range_contraction"":{""value"":1.059115029923827,""score"":0},""VC3_range_pct_rank"":{""score"":32.49999999999999},""_score"":15.7},""sr_quality"":{""SR1_touches"":{""value"":3,""score"":50.0},""SR2_tightness"":{""value"":1.1779739140669565,""score"":80.85580265097354},""SR3_recency"":{""value"":309,""score"":0.0},""SR4_price_location"":{""score"":30.0},""SR5_reaction"":{""value"":1.7326803205009889,""score"":86.63401602504945},""_score"":47.62,""_levels_found"":5,""_target_level"":144.2329},""volume"":{""V1_rvol_day"":{""value"":1.199093001988408,""score"":46.60620013256054},""V2_rvol_sameslot"":{""value"":1.1769899590165775,""score"":45.132663934438504,""status"":""ok""},""V3_breakout_bar"":{""value"":0.6494504006722926,""score"":9.96336004481951},""V4_base_dryup"":{""value"":1.1596502583940005,""score"":34.034974160599944},""V5_bo_expansion"":{""value"":1.1990930019884083,""score"":13.27286679922722},""_score"":29.64},""readiness"":{""_distance_atr"":0.748,""BR1_atr_distance"":{""score"":50.10697167427222},""BR2_compression"":{""score"":44.476546323223786},""BR3_retest"":{""score"":50.0},""BR4_bo_age"":{""score"":50.0},""_score"":48.66},""risk"":{""R1_stop_clarity"":{""score"":36.52777955128768},""R2_stop_distance_pct"":{""value"":4.706108572065544,""score"":100.0},""R3_stop_distance_atr"":{""value"":1.0291899754249556,""score"":76.45949877124778},""R4_rr_potential"":{""value"":5.373623727354911,""score"":100.0},""_score"":74.25},""market"":{""M1_spy_regime"":{""score"":100.0},""M3_earnings_risk"":{""value"":null,""score"":80.0},""M4_vix"":{""value"":null,""score"":60.0},""_score"":84.0},""liquidity"":{""L1_price"":{""value"":269.13,""score"":100.0},""L2_dollar_vol"":{""value"":2421131470.717793,""score"":100.0},""L3_spread_proxy"":{""value"":0.054285661204622235,""score"":45.71433879537776},""L4_volume_zscore"":{""value"":0.30184257388123914,""score"":100.0},""_score"":94.57},""pattern_structure"":{""pole_low"":219.4901,""pole_low_idx"":33,""peak_price"":278.34,""peak_idx"":51,""pole_gain"":0.26812097675476004,""flag_bars"":8,""flag_low"":260.37,""flag_high"":277.92,""structural_low"":260.37,""current_price"":271.46,""neckline_distance_pct"":0.02534443380240181,""base_bars"":8},""pattern_geometry_features"":{""pole_gain"":0.26812097675476004,""pullback_pct"":0.06456132787238619,""flag_range_pct"":0.0630523819788748,""flag_drift_per_bar"":-0.0021713757705248958,""atr_pct"":0.04572633512216612,""pole_atr_multiple"":5.863600833927029},""_schema_version"":""1.0""}",,,,,,,,,,
20260602T213437Z-756d21,2026-06-02T21:34:37.658687+00:00,VRT,double_bottom,candidate,62.81,74.6,74.9,62.3,42.7,27.2,64.5,56.8,84.0,95.8,11.2,18.72,4.98,5.97,3.54,5.16,3.41,5.04,4.79,False,,334.49,343.31,303.38,378.62,"{""trend"":{""T1_ema_stack"":{""value"":[true,true,true],""score"":100.0},""T2_ema50_slope"":{""value"":0.47968296268881305,""score"":100},""T3_high_proximity"":{""value"":0.8890572256332563,""score"":44.52861281662812},""T4_rs_1m"":{""value"":-0.0351831266688758,""score"":14.8168733311242},""T5_rs_3m"":{""value"":0.2519201735348129,""score"":100},""T6_adr_healthy"":{""value"":5.123165815505989,""score"":100.0},""_score"":74.64},""geometry"":{""sub_low_similarity"":59.3,""sub_bounce_quality"":100,""sub_separation_fit"":20.0,""sub_right_bottom_reaction"":93.9,""sub_base_context"":100.0,""_score"":74.88},""compression"":{""VC1_atr_ratio"":{""value"":0.3520339355871247,""score"":100},""VC2_range_contraction"":{""value"":0.8823179405277589,""score"":19.613676578706848},""VC3_range_pct_rank"":{""score"":61.66666666666667},""_score"":62.28},""sr_quality"":{""SR1_touches"":{""value"":3,""score"":50.0},""SR2_tightness"":{""value"":2.9463683487756054,""score"":67.8810547821349},""SR3_recency"":{""value"":226,""score"":0.0},""SR4_price_location"":{""score"":30.0},""SR5_reaction"":{""value"":1.3313088251039011,""score"":66.56544125519505},""_score"":42.67,""_levels_found"":7,""_target_level"":311.3367},""volume"":{""V1_rvol_day"":{""value"":0.8690194063518767,""score"":24.60129375679178},""V2_rvol_sameslot"":{""value"":0.7122567959992588,""score"":14.150453066617255,""status"":""ok""},""V3_breakout_bar"":{""value"":0.6006356209775273,""score"":6.709041398501821},""V4_base_dryup"":{""value"":0.6114023654367581,""score"":88.85976345632419},""V5_bo_expansion"":{""value"":0.8690194063518767,""score"":0},""_score"":27.2},""readiness"":{""_distance_atr"":0.481,""BR1_atr_distance"":{""score"":67.95047741408008},""BR2_compression"":{""score"":79.4296199985924},""BR3_retest"":{""score"":50.0},""BR4_bo_age"":{""score"":50.0},""_score"":64.54},""risk"":{""R1_stop_clarity"":{""score"":49.63646450784005},""R2_stop_distance_pct"":{""value"":9.300726479117467,""score"":67.48183802206333},""R3_stop_distance_atr"":{""value"":1.6956813735509688,""score"":100.0},""R4_rr_potential"":{""value"":1.4185149469623908,""score"":20.92574734811954},""_score"":56.8},""market"":{""M1_spy_regime"":{""score"":100.0},""M3_earnings_risk"":{""value"":null,""score"":80.0},""M4_vix"":{""value"":null,""score"":60.0},""_score"":84.0},""liquidity"":{""L1_price"":{""value"":334.49,""score"":100.0},""L2_dollar_vol"":{""value"":1687814875.1465876,""score"":100.0},""L3_spread_proxy"":{""value"":0.041705282669138054,""score"":58.29471733086195},""L4_volume_zscore"":{""value"":-0.5663495564346036,""score"":100.0},""_score"":95.83},""pattern_structure"":{""left_low"":314.34,""left_idx"":21,""right_low"":308.0,""right_idx"":63,""separation_bars"":42,""structural_low"":308.0,""current_price"":333.3645,""neckline_distance_pct"":0.029833710548063698,""base_bars"":42},""pattern_geometry_features"":{""low_similarity_pct"":0.02037471478612969,""bounce_pct"":0.11464285714285714,""right_bottom_reaction"":0.9393939393939397,""atr_pct"":0.0548494936854828},""_schema_version"":""1.0""}",,,,,,,,,,
20260602T213437Z-756d21,2026-06-02T21:34:37.658687+00:00,HPE,bull_flag,candidate,62.79,100.0,79.5,0.0,33.6,60.4,17.5,80.0,84.0,82.5,14.0,23.84,0.0,3.36,8.45,1.57,2.4,5.04,4.12,False,,56.15,64.25,52.6679,91.925,"{""trend"":{""T1_ema_stack"":{""value"":[true,true,true],""score"":100.0},""T2_ema50_slope"":{""value"":0.5101577336993928,""score"":100},""T3_high_proximity"":{""value"":1.0,""score"":99.99999999999997},""T4_rs_1m"":{""value"":0.9113414679961778,""score"":100},""T5_rs_3m"":{""value"":1.4782590896616359,""score"":100},""T6_adr_healthy"":{""value"":5.292471059870878,""score"":100.0},""_score"":100.0},""geometry"":{""sub_pole_impulse"":100.0,""sub_flag_tightness"":78.7,""sub_flag_shallowness"":55.7,""sub_flag_drift"":57.6,""sub_flag_duration"":100.0,""_score"":79.45},""compression"":{""VC1_atr_ratio"":{""value"":1.5956467974831625,""score"":0},""VC2_range_contraction"":{""value"":1.8394517613100496,""score"":0},""VC3_range_pct_rank"":{""score"":0.0},""_score"":0.0},""sr_quality"":{""SR1_touches"":{""value"":2,""score"":25.0},""SR2_tightness"":{""value"":0.4599999999999991,""score"":73.17745156634943},""SR3_recency"":{""value"":247,""score"":0.0},""SR4_price_location"":{""score"":30.0},""SR5_reaction"":{""value"":1.0109476814530822,""score"":50.54738407265411},""_score"":33.56,""_levels_found"":3,""_target_level"":26.885},""volume"":{""V1_rvol_day"":{""value"":4.661563369212834,""score"":100},""V2_rvol_sameslot"":{""value"":5.2529306957941015,""score"":100,""status"":""ok""},""V3_breakout_bar"":{""value"":0.8231108521191588,""score"":21.540723474610587},""V4_base_dryup"":{""value"":4.885716157949514,""score"":0},""V5_bo_expansion"":{""value"":4.661563369212834,""score"":100},""_score"":60.39},""readiness"":{""_distance_atr"":2.362,""BR1_atr_distance"":{""score"":0},""BR2_compression"":{""score"":0},""BR3_retest"":{""score"":50.0},""BR4_bo_age"":{""score"":50.0},""_score"":17.5},""risk"":{""R1_stop_clarity"":{""score"":53.232554410414075},""R2_stop_distance_pct"":{""value"":6.201335707925202,""score"":100.0},""R3_stop_distance_atr"":{""value"":1.0151897257977525,""score"":75.75948628988762},""R4_rr_potential"":{""value"":10.274120130382961,""score"":100.0},""_score"":80.0},""market"":{""M1_spy_regime"":{""score"":100.0},""M3_earnings_risk"":{""value"":null,""score"":80.0},""M4_vix"":{""value"":null,""score"":60.0},""_score"":84.0},""liquidity"":{""L1_price"":{""value"":56.15,""score"":100.0},""L2_dollar_vol"":{""value"":8563693132.284391,""score"":100.0},""L3_spread_proxy"":{""value"":0.1919857524487979,""score"":0},""L4_volume_zscore"":{""value"":3.078714281504136,""score"":70.0},""_score"":82.5},""pattern_structure"":{""pole_low"":36.575,""pole_low_idx"":36,""peak_price"":64.25,""peak_idx"":54,""pole_gain"":0.7566643882433355,""flag_bars"":5,""flag_low"":53.47,""flag_high"":59.67,""structural_low"":53.47,""current_price"":55.665,""neckline_distance_pct"":0.15422617443636039,""base_bars"":5},""pattern_geometry_features"":{""pole_gain"":0.7566643882433355,""pullback_pct"":0.1677821011673152,""flag_range_pct"":0.09649805447470822,""flag_drift_per_bar"":-0.008479295787299177,""atr_pct"":0.061085485307212826,""pole_atr_multiple"":12.386975145370423},""_schema_version"":""1.0""}",,,,,,,,,,
20260602T213437Z-756d21,2026-06-02T21:34:37.658687+00:00,ASX,double_bottom,candidate,62.67,97.5,79.8,1.7,41.6,41.9,33.3,71.1,84.0,94.5,14.63,19.95,0.13,5.82,5.44,2.67,4.27,5.04,4.72,False,,39.26,41.1,36.6519,44.99,"{""trend"":{""T1_ema_stack"":{""value"":[true,true,true],""score"":100.0},""T2_ema50_slope"":{""value"":0.6642782152503052,""score"":100},""T3_high_proximity"":{""value"":0.9669950738916255,""score"":83.49753694581274},""T4_rs_1m"":{""value"":0.18879155449227203,""score"":100},""T5_rs_3m"":{""value"":0.6432761033264218,""score"":100},""T6_adr_healthy"":{""value"":4.0466979529609235,""score"":100.0},""_score"":97.52},""geometry"":{""sub_low_similarity"":48.5,""sub_bounce_quality"":100,""sub_separation_fit"":100.0,""sub_right_bottom_reaction"":68.5,""sub_base_context"":100.0,""_score"":79.82},""compression"":{""VC1_atr_ratio"":{""value"":1.0635188438175556,""score"":0},""VC2_range_contraction"":{""value"":1.2854975426545066,""score"":0},""VC3_range_pct_rank"":{""score"":6.666666666666665},""_score"":1.67},""sr_quality"":{""SR1_touches"":{""value"":2,""score"":25.0},""SR2_tightness"":{""value"":0.23249999999999993,""score"":77.10584064821066},""SR3_recency"":{""value"":232,""score"":0.0},""SR4_price_location"":{""score"":30.0},""SR5_reaction"":{""value"":3.7886141120864285,""score"":100},""_score"":41.57,""_levels_found"":5,""_target_level"":29.6525},""volume"":{""V1_rvol_day"":{""value"":1.1407299521002,""score"":42.71533014001332},""V2_rvol_sameslot"":{""value"":1.4764514812750933,""score"":65.09676541833956,""status"":""ok""},""V3_breakout_bar"":{""value"":1.2773642056280563,""score"":51.824280375203756},""V4_base_dryup"":{""value"":1.2031420416262406,""score"":29.685795837375935},""V5_bo_expansion"":{""value"":1.1407299521002,""score"":9.381996806679993},""_score"":41.86},""readiness"":{""_distance_atr"":0.906,""BR1_atr_distance"":{""score"":39.605371745817266},""BR2_compression"":{""score"":0},""BR3_retest"":{""score"":50.0},""BR4_bo_age"":{""score"":50.0},""_score"":33.34},""risk"":{""R1_stop_clarity"":{""score"":45.03924713031756},""R2_stop_distance_pct"":{""value"":6.643275598573599,""score"":100.0},""R3_stop_distance_atr"":{""value"":1.2841161658789084,""score"":89.20580829394542},""R4_rr_potential"":{""value"":2.1969595307018444,""score"":59.847976535092215},""_score"":71.11},""market"":{""M1_spy_regime"":{""score"":100.0},""M3_earnings_risk"":{""value"":null,""score"":80.0},""M4_vix"":{""value"":null,""score"":60.0},""_score"":84.0},""liquidity"":{""L1_price"":{""value"":39.26,""score"":100.0},""L2_dollar_vol"":{""value"":411795355.2379079,""score"":100.0},""L3_spread_proxy"":{""value"":0.055527254202750884,""score"":44.47274579724912},""L4_volume_zscore"":{""value"":0.6579692200040147,""score"":100.0},""_score"":94.45},""pattern_structure"":{""left_low"":38.18,""left_idx"":51,""right_low"":37.21,""right_idx"":74,""separation_bars"":23,""structural_low"":37.21,""current_price"":39.03,""neckline_distance_pct"":0.05303612605687933,""base_bars"":23},""pattern_geometry_features"":{""low_similarity_pct"":0.025732855816421246,""bounce_pct"":0.10454178984144048,""right_bottom_reaction"":0.685483870967742,""atr_pct"":0.05173422603886179},""_schema_version"":""1.0""}",,,,,,,,,,
20260602T213437Z-756d21,2026-06-02T21:34:37.658687+00:00,TXN,double_bottom,candidate,62.45,94.6,77.9,14.1,40.3,41.3,27.8,75.5,84.0,96.9,14.19,19.48,1.12,5.64,5.37,2.22,4.53,5.04,4.85,False,,308.12,331.51,285.5811,373.09,"{""trend"":{""T1_ema_stack"":{""value"":[true,true,true],""score"":100.0},""T2_ema50_slope"":{""value"":0.7115189341662712,""score"":100},""T3_high_proximity"":{""value"":0.9483825294715135,""score"":74.19126473575672},""T4_rs_1m"":{""value"":0.04242761806199025,""score"":92.42761806199024},""T5_rs_3m"":{""value"":0.40383105421215104,""score"":100},""T6_adr_healthy"":{""value"":3.376309498302614,""score"":100.0},""_score"":94.61},""geometry"":{""sub_low_similarity"":86.1,""sub_bounce_quality"":100,""sub_separation_fit"":0.0,""sub_right_bottom_reaction"":80.6,""sub_base_context"":100.0,""_score"":77.92},""compression"":{""VC1_atr_ratio"":{""value"":0.9385248732734429,""score"":15.368781681639271},""VC2_range_contraction"":{""value"":1.1290026344500823,""score"":0},""VC3_range_pct_rank"":{""score"":31.666666666666664},""_score"":14.06},""sr_quality"":{""SR1_touches"":{""value"":2,""score"":25.0},""SR2_tightness"":{""value"":2.0600000000000023,""score"":68.40360992043384},""SR3_recency"":{""value"":232,""score"":0.0},""SR4_price_location"":{""score"":30.0},""SR5_reaction"":{""value"":2.4216869119842213,""score"":100},""_score"":40.26,""_levels_found"":6,""_target_level"":289.89},""volume"":{""V1_rvol_day"":{""value"":1.3793222458952326,""score"":58.62148305968217},""V2_rvol_sameslot"":{""value"":1.266726704068456,""score"":51.11511360456373,""status"":""ok""},""V3_breakout_bar"":{""value"":0.777829647124123,""score"":18.52197647494153},""V4_base_dryup"":{""value"":0.9517071479666802,""score"":54.82928520333198},""V5_bo_expansion"":{""value"":1.3793222458952326,""score"":25.288149726348834},""_score"":41.34},""readiness"":{""_distance_atr"":1.794,""BR1_atr_distance"":{""score"":0},""BR2_compression"":{""score"":41.13012580732691},""BR3_retest"":{""score"":50.0},""BR4_bo_age"":{""score"":50.0},""_score"":27.78},""risk"":{""R1_stop_clarity"":{""score"":33.29557250653923},""R2_stop_distance_pct"":{""value"":7.314990912631441,""score"":100.0},""R3_stop_distance_atr"":{""value"":1.7285180975335852,""score"":100.0},""R4_rr_potential"":{""value"":2.882565514365131,""score"":94.12827571825655},""_score"":75.48},""market"":{""M1_spy_regime"":{""score"":100.0},""M3_earnings_risk"":{""value"":null,""score"":80.0},""M4_vix"":{""value"":null,""score"":60.0},""_score"":84.0},""liquidity"":{""L1_price"":{""value"":308.12,""score"":100.0},""L2_dollar_vol"":{""value"":3444482184.14905,""score"":100.0},""L3_spread_proxy"":{""value"":0.03057250421913527,""score"":69.42749578086473},""L4_volume_zscore"":{""value"":1.2068273416094162,""score"":100.0},""_score"":96.94},""pattern_structure"":{""left_low"":291.95,""left_idx"":20,""right_low"":289.93,""right_idx"":69,""separation_bars"":49,""structural_low"":289.93,""current_price"":304.49,""neckline_distance_pct"":0.08873854642188571,""base_bars"":49},""pattern_geometry_features"":{""low_similarity_pct"":0.0069430123049425375,""bounce_pct"":0.14341392749974124,""right_bottom_reaction"":0.8059154191767568,""atr_pct"":0.042319434914040936},""_schema_version"":""1.0""}",,,,,,,,,,
20260602T213437Z-756d21,2026-06-02T21:34:37.658687+00:00,CRML,double_bottom,candidate,62.31,62.2,78.4,74.9,53.0,17.7,70.1,39.1,84.0,93.3,9.33,19.61,5.99,7.42,2.3,5.61,2.35,5.04,4.67,False,,12.01,12.12,10.5001,13.58,"{""trend"":{""T1_ema_stack"":{""value"":[true,true,true],""score"":100.0},""T2_ema50_slope"":{""value"":0.18004074589003416,""score"":80.00679098167237},""T3_high_proximity"":{""value"":0.8311418685121108,""score"":15.57093425605538},""T4_rs_1m"":{""value"":-0.08857271581590664,""score"":0},""T5_rs_3m"":{""value"":0.10903731592441468,""score"":100},""T6_adr_healthy"":{""value"":8.915524209377365,""score"":77.11189476556588},""_score"":62.19},""geometry"":{""sub_low_similarity"":39.0,""sub_bounce_quality"":100,""sub_separation_fit"":93.3,""sub_right_bottom_reaction"":84.9,""sub_base_context"":100.0,""_score"":78.43},""compression"":{""VC1_atr_ratio"":{""value"":0.3712810480286931,""score"":100},""VC2_range_contraction"":{""value"":0.763104210119516,""score"":39.482631646747336},""VC3_range_pct_rank"":{""score"":84.16666666666667},""_score"":74.86},""sr_quality"":{""SR1_touches"":{""value"":3,""score"":50.0},""SR2_tightness"":{""value"":0.1181599763033151,""score"":76.1270585517197},""SR3_recency"":{""value"":241,""score"":0.0},""SR4_price_location"":{""score"":46.44346847343912},""SR5_reaction"":{""value"":4.624979254908469,""score"":100},""_score"":53.03,""_levels_found"":6,""_target_level"":14.4367},""volume"":{""V1_rvol_day"":{""value"":0.8997414241494961,""score"":26.649428276633074},""V2_rvol_sameslot"":{""value"":1.099945547393279,""score"":39.99636982621861,""status"":""ok""},""V3_breakout_bar"":{""value"":0.7610653309099016,""score"":17.40435539399344},""V4_base_dryup"":{""value"":1.5750295111102892,""score"":0},""V5_bo_expansion"":{""value"":0.8997414241494961,""score"":0},""_score"":17.68},""readiness"":{""_distance_atr"":0.111,""BR1_atr_distance"":{""score"":92.59189774894715},""BR2_compression"":{""score"":62.14863591002068},""BR3_retest"":{""score"":50.0},""BR4_bo_age"":{""score"":50.0},""_score"":70.07},""risk"":{""R1_stop_clarity"":{""score"":67.69393954699927},""R2_stop_distance_pct"":{""value"":12.572023313905078,""score"":0.0},""R3_stop_distance_atr"":{""value"":1.5252945802997397,""score"":100.0},""R4_rr_potential"":{""value"":1.0398039605271863,""score"":1.9901980263593133},""_score"":39.09},""market"":{""M1_spy_regime"":{""score"":100.0},""M3_earnings_risk"":{""value"":null,""score"":80.0},""M4_vix"":{""value"":null,""score"":60.0},""_score"":84.0},""liquidity"":{""L1_price"":{""value"":12.01,""score"":100.0},""L2_dollar_vol"":{""value"":118547654.93592907,""score"":100.0},""L3_spread_proxy"":{""value"":0.0666111573688592,""score"":33.388842631140804},""L4_volume_zscore"":{""value"":-0.31712996315466735,""score"":100.0},""_score"":93.34},""pattern_structure"":{""left_low"":10.99,""left_idx"":37,""right_low"":10.66,""right_idx"":68,""separation_bars"":31,""structural_low"":10.66,""current_price"":11.97,""neckline_distance_pct"":0.012531328320801886,""base_bars"":31},""pattern_geometry_features"":{""low_similarity_pct"":0.030484988452655896,""bounce_pct"":0.13696060037523444,""right_bottom_reaction"":0.8493150684931514,""atr_pct"":0.08242357559176876},""_schema_version"":""1.0""}",,,,,,,,,,
20260602T213437Z-756d21,2026-06-02T21:34:37.658687+00:00,MCHP,double_bottom,candidate,61.85,81.3,81.2,31.9,43.0,26.9,48.6,60.6,84.0,94.7,12.19,20.3,2.55,6.01,3.49,3.89,3.63,5.04,4.74,False,,96.96,100.25,88.65,110.5,"{""trend"":{""T1_ema_stack"":{""value"":[true,true,true],""score"":100.0},""T2_ema50_slope"":{""value"":0.5190782790377548,""score"":100},""T3_high_proximity"":{""value"":0.9420909444228526,""score"":71.04547221142626},""T4_rs_1m"":{""value"":-0.021968481162802256,""score"":28.031518837197744},""T5_rs_3m"":{""value"":0.2417005254861495,""score"":100},""T6_adr_healthy"":{""value"":4.4030147774568995,""score"":100.0},""_score"":81.26},""geometry"":{""sub_low_similarity"":94.9,""sub_bounce_quality"":100,""sub_separation_fit"":0.0,""sub_right_bottom_reaction"":85.0,""sub_base_context"":100.0,""_score"":81.22},""compression"":{""VC1_atr_ratio"":{""value"":0.7060596845208973,""score"":73.48507886977568},""VC2_range_contraction"":{""value"":1.0981704679336746,""score"":0},""VC3_range_pct_rank"":{""score"":9.999999999999998},""_score"":31.89},""sr_quality"":{""SR1_touches"":{""value"":2,""score"":25.0},""SR2_tightness"":{""value"":0.30000000000000426,""score"":86.38631111168715},""SR3_recency"":{""value"":247,""score"":0.0},""SR4_price_location"":{""score"":30.0},""SR5_reaction"":{""value"":2.5468942961884897,""score"":100},""_score"":42.96,""_levels_found"":6,""_target_level"":83.65},""volume"":{""V1_rvol_day"":{""value"":1.1319837715571495,""score"":42.132251437143296},""V2_rvol_sameslot"":{""value"":0.8332574099961044,""score"":22.21716066640696,""status"":""ok""},""V3_breakout_bar"":{""value"":0.7794260933368845,""score"":18.628406222458967},""V4_base_dryup"":{""value"":1.098954940468057,""score"":40.104505953194305},""V5_bo_expansion"":{""value"":1.1319837715571495,""score"":8.798918103809966},""_score"":26.87},""readiness"":{""_distance_atr"":0.746,""BR1_atr_distance"":{""score"":50.234403952723675},""BR2_compression"":{""score"":44.06598819055382},""BR3_retest"":{""score"":50.0},""BR4_bo_age"":{""score"":50.0},""_score"":48.61},""risk"":{""R1_stop_clarity"":{""score"":38.738400002593345},""R2_stop_distance_pct"":{""value"":8.570544554455434,""score"":85.73638613861414},""R3_stop_distance_atr"":{""value"":1.885495911031299,""score"":100.0},""R4_rr_potential"":{""value"":1.6293622141997623,""score"":31.468110709988117},""_score"":60.57},""market"":{""M1_spy_regime"":{""score"":100.0},""M3_earnings_risk"":{""value"":null,""score"":80.0},""M4_vix"":{""value"":null,""score"":60.0},""_score"":84.0},""liquidity"":{""L1_price"":{""value"":96.96,""score"":100.0},""L2_dollar_vol"":{""value"":1299558505.9421453,""score"":100.0},""L3_spread_proxy"":{""value"":0.05301155115511552,""score"":46.98844884488448},""L4_volume_zscore"":{""value"":0.4510895920120114,""score"":100.0},""_score"":94.7},""pattern_structure"":{""left_low"":90.0,""left_idx"":20,""right_low"":90.23,""right_idx"":69,""separation_bars"":49,""structural_low"":90.0,""current_price"":95.91,""neckline_distance_pct"":0.045250755917005565,""base_bars"":49},""pattern_geometry_features"":{""low_similarity_pct"":0.0025522942906286853,""bounce_pct"":0.11388888888888889,""right_bottom_reaction"":0.850393700787403,""atr_pct"":0.04545512140499765},""_schema_version"":""1.0""}",,,,,,,,,,
20260602T213437Z-756d21,2026-06-02T21:34:37.658687+00:00,CRML,breakout_retest_hold,setup,61.77,62.2,65.2,74.9,53.0,17.7,79.7,62.9,84.0,93.3,8.71,14.35,4.49,7.42,2.3,14.35,3.14,4.2,2.8,False,,12.01,11.8299,11.682,12.2445,"{""trend"":{""T1_ema_stack"":{""value"":[true,true,true],""score"":100.0},""T2_ema50_slope"":{""value"":0.18004074589003416,""score"":80.00679098167237},""T3_high_proximity"":{""value"":0.8311418685121108,""score"":15.57093425605538},""T4_rs_1m"":{""value"":-0.08857271581590664,""score"":0},""T5_rs_3m"":{""value"":0.10903731592441468,""score"":100},""T6_adr_healthy"":{""value"":8.915524209377365,""score"":77.11189476556588},""_score"":62.19},""geometry"":{""sub_retest_depth"":67.4,""sub_retest_timing"":0.0,""sub_retest_freshness"":75.0,""sub_hold_quality"":100.0,""_score"":65.22},""compression"":{""VC1_atr_ratio"":{""value"":0.3712810480286931,""score"":100},""VC2_range_contraction"":{""value"":0.763104210119516,""score"":39.482631646747336},""VC3_range_pct_rank"":{""score"":84.16666666666667},""_score"":74.86},""sr_quality"":{""SR1_touches"":{""value"":3,""score"":50.0},""SR2_tightness"":{""value"":0.1181599763033151,""score"":76.1270585517197},""SR3_recency"":{""value"":241,""score"":0.0},""SR4_price_location"":{""score"":46.44346847343912},""SR5_reaction"":{""value"":4.624979254908469,""score"":100},""_score"":53.03,""_levels_found"":6,""_target_level"":14.4367},""volume"":{""V1_rvol_day"":{""value"":0.8997414241494961,""score"":26.649428276633074},""V2_rvol_sameslot"":{""value"":1.099945547393279,""score"":39.99636982621861,""status"":""ok""},""V3_breakout_bar"":{""value"":0.7610653309099016,""score"":17.40435539399344},""V4_base_dryup"":{""value"":1.7489839504435332,""score"":0},""V5_bo_expansion"":{""value"":0.8997414241494961,""score"":0},""_score"":17.68},""readiness"":{""_distance_atr"":-0.182,""BR1_atr_distance"":{""score"":100.0},""BR2_compression"":{""score"":62.14863591002068},""BR3_retest"":{""score"":98.48975733654675},""BR4_bo_age"":{""score"":30.0},""_score"":79.74},""risk"":{""R1_stop_clarity"":{""score"":76.15938002842972},""R2_stop_distance_pct"":{""value"":2.731057452123226,""score"":100.0},""R3_stop_distance_atr"":{""value"":0.33134420977436496,""score"":41.56721048871825},""R4_rr_potential"":{""value"":0.7150696864111519,""score"":0.0},""_score"":62.89},""market"":{""M1_spy_regime"":{""score"":100.0},""M3_earnings_risk"":{""value"":null,""score"":80.0},""M4_vix"":{""value"":null,""score"":60.0},""_score"":84.0},""liquidity"":{""L1_price"":{""value"":12.01,""score"":100.0},""L2_dollar_vol"":{""value"":118547654.93592907,""score"":100.0},""L3_spread_proxy"":{""value"":0.0666111573688592,""score"":33.388842631140804},""L4_volume_zscore"":{""value"":-0.31712996315466735,""score"":100.0},""_score"":93.34},""pattern_structure"":{""level"":11.8299,""level_idx"":38,""breakout_idx"":48,""bo_peak_idx"":74,""bo_peak_price"":12.6,""retest_idx"":79,""retest_low"":11.8,""structural_low"":11.8,""current_price"":11.97,""neckline_distance_pct"":-0.0117042606516291,""base_bars"":41,""bars_since_breakout"":31},""pattern_geometry_features"":{""retest_depth_atr"":0.07211024978466746,""bars_breakout_to_retest"":31.0,""bars_since_retest"":0.0,""current_above_level_atr"":0.33788113695090544,""bo_peak_excess_pct"":0.0650977607587553,""atr_pct"":0.08242357559176876},""_schema_version"":""1.0""}",,,,,,,,,,
20260602T213437Z-756d21,2026-06-02T21:34:37.658687+00:00,LUNR,double_bottom,candidate,61.54,84.9,80.9,26.4,44.4,4.0,62.4,84.7,84.0,92.3,12.74,20.23,2.11,6.21,0.52,4.99,5.08,5.04,4.61,False,,39.57,43.39,37.233,48.98,"{""trend"":{""T1_ema_stack"":{""value"":[true,true,true],""score"":100.0},""T2_ema50_slope"":{""value"":0.9592808941307364,""score"":100},""T3_high_proximity"":{""value"":0.8658643326039387,""score"":32.932166301969325},""T4_rs_1m"":{""value"":0.4904896877022451,""score"":100},""T5_rs_3m"":{""value"":1.0577029360186065,""score"":100},""T6_adr_healthy"":{""value"":13.616212795527433,""score"":0.0},""_score"":84.94},""geometry"":{""sub_low_similarity"":49.3,""sub_bounce_quality"":100,""sub_separation_fit"":93.3,""sub_right_bottom_reaction"":81.0,""sub_base_context"":100.0,""_score"":80.94},""compression"":{""VC1_atr_ratio"":{""value"":0.9196421818381841,""score"":20.089454540453964},""VC2_range_contraction"":{""value"":1.330768979924882,""score"":0},""VC3_range_pct_rank"":{""score"":73.33333333333334},""_score"":26.37},""sr_quality"":{""SR1_touches"":{""value"":2,""score"":25.0},""SR2_tightness"":{""value"":0.11499999999999844,""score"":95.82592283401698},""SR3_recency"":{""value"":232,""score"":0.0},""SR4_price_location"":{""score"":30.0},""SR5_reaction"":{""value"":2.087038582991543,""score"":100},""_score"":44.37,""_levels_found"":4,""_target_level"":31.035},""volume"":{""V1_rvol_day"":{""value"":0.5843117889880884,""score"":5.6207859325392295},""V2_rvol_sameslot"":{""value"":0.38996817936748246,""score"":0,""status"":""ok""},""V3_breakout_bar"":{""value"":0.5841323510027022,""score"":5.608823400180149},""V4_base_dryup"":{""value"":1.427793075133051,""score"":7.220692486694901},""V5_bo_expansion"":{""value"":0.5843117889880884,""score"":0},""_score"":3.97},""readiness"":{""_distance_atr"":0.693,""BR1_atr_distance"":{""score"":53.78268181433219},""BR2_compression"":{""score"":93.35214707740808},""BR3_retest"":{""score"":50.0},""BR4_bo_age"":{""score"":50.0},""_score"":62.35},""risk"":{""R1_stop_clarity"":{""score"":79.41998475554425},""R2_stop_distance_pct"":{""value"":5.905989385898416,""score"":100.0},""R3_stop_distance_atr"":{""value"":0.42412253638706465,""score"":46.20612681935323},""R4_rr_potential"":{""value"":4.026529738981596,""score"":100.0},""_score"":84.73},""market"":{""M1_spy_regime"":{""score"":100.0},""M3_earnings_risk"":{""value"":null,""score"":80.0},""M4_vix"":{""value"":null,""score"":60.0},""_score"":84.0},""liquidity"":{""L1_price"":{""value"":39.57,""score"":100.0},""L2_dollar_vol"":{""value"":401055669.65848416,""score"":100.0},""L3_spread_proxy"":{""value"":0.07707859489512249,""score"":22.921405104877508},""L4_volume_zscore"":{""value"":-0.7429628186610155,""score"":100.0},""_score"":92.29},""pattern_structure"":{""left_low"":38.77,""left_idx"":62,""right_low"":37.8,""right_idx"":71,""separation_bars"":9,""structural_low"":37.8,""current_price"":39.64,""neckline_distance_pct"":0.09460141271442987,""base_bars"":9},""pattern_geometry_features"":{""low_similarity_pct"":0.02533629358756709,""bounce_pct"":0.14788359788359798,""right_bottom_reaction"":0.8097727272727265,""atr_pct"":0.13925195855446043},""_schema_version"":""1.0""}",,,,,,,,,,
20260602T213437Z-756d21,2026-06-02T21:34:37.658687+00:00,ON,double_bottom,candidate,61.39,100.0,69.8,23.8,35.0,34.0,70.4,38.8,84.0,94.4,15.0,17.44,1.91,4.9,4.42,5.64,2.33,5.04,4.72,False,,128.64,129.0,114.0729,142.19,"{""trend"":{""T1_ema_stack"":{""value"":[true,true,true],""score"":100.0},""T2_ema50_slope"":{""value"":0.8280044074712843,""score"":100},""T3_high_proximity"":{""value"":1.0,""score"":99.99999999999997},""T4_rs_1m"":{""value"":0.1945615787250956,""score"":100},""T5_rs_3m"":{""value"":0.9119093256554591,""score"":100},""T6_adr_healthy"":{""value"":5.412285480420674,""score"":100.0},""_score"":100.0},""geometry"":{""sub_low_similarity"":28.3,""sub_bounce_quality"":100,""sub_separation_fit"":100.0,""sub_right_bottom_reaction"":41.7,""sub_base_context"":100.0,""_score"":69.75},""compression"":{""VC1_atr_ratio"":{""value"":0.8032705275915077,""score"":49.182368102123064},""VC2_range_contraction"":{""value"":1.0237363254878695,""score"":0},""VC3_range_pct_rank"":{""score"":16.666666666666664},""_score"":23.84},""sr_quality"":{""SR1_touches"":{""value"":2,""score"":25.0},""SR2_tightness"":{""value"":1.8200000000000003,""score"":51.16669062335295},""SR3_recency"":{""value"":242,""score"":0.0},""SR4_price_location"":{""score"":30.0},""SR5_reaction"":{""value"":1.6461118298117015,""score"":82.30559149058507},""_score"":35.02,""_levels_found"":5,""_target_level"":94.26},""volume"":{""V1_rvol_day"":{""value"":0.8252738199672385,""score"":21.684921331149233},""V2_rvol_sameslot"":{""value"":0.9810640132978273,""score"":32.070934219855154,""status"":""ok""},""V3_breakout_bar"":{""value"":1.1858992487974862,""score"":45.72661658649908},""V4_base_dryup"":{""value"":0.9091097367266062,""score"":59.089026327339376},""V5_bo_expansion"":{""value"":0.8252738199672386,""score"":0},""_score"":34.0},""readiness"":{""_distance_atr"":0.048,""BR1_atr_distance"":{""score"":96.7802213597814},""BR2_compression"":{""score"":56.922142412314216},""BR3_retest"":{""score"":50.0},""BR4_bo_age"":{""score"":50.0},""_score"":70.44},""risk"":{""R1_stop_clarity"":{""score"":53.38967945953715},""R2_stop_distance_pct"":{""value"":11.323966106965162,""score"":16.900847325870938},""R3_stop_distance_atr"":{""value"":1.9542916007857778,""score"":100.0},""R4_rr_potential"":{""value"":0.9301750857237021,""score"":0.0},""_score"":38.76},""market"":{""M1_spy_regime"":{""score"":100.0},""M3_earnings_risk"":{""value"":null,""score"":80.0},""M4_vix"":{""value"":null,""score"":60.0},""_score"":84.0},""liquidity"":{""L1_price"":{""value"":128.64,""score"":100.0},""L2_dollar_vol"":{""value"":1384222341.5203736,""score"":100.0},""L3_spread_proxy"":{""value"":0.05558146766169148,""score"":44.418532338308516},""L4_volume_zscore"":{""value"":-0.45231819412519675,""score"":100.0},""_score"":94.44},""pattern_structure"":{""left_low"":120.035,""left_idx"":50,""right_low"":115.81,""right_idx"":68,""separation_bars"":18,""structural_low"":115.81,""current_price"":128.06,""neckline_distance_pct"":0.007340309230048397,""base_bars"":18},""pattern_geometry_features"":{""low_similarity_pct"":0.03582861625219949,""bounce_pct"":0.11389344616181675,""right_bottom_reaction"":0.41699604743082974,""atr_pct"":0.05794409648187632},""_schema_version"":""1.0""}",,,,,,,,,,
20260602T213437Z-756d21,2026-06-02T21:34:37.658687+00:00,INTC,double_bottom,candidate,61.21,75.1,72.5,58.1,43.9,17.0,54.0,78.0,84.0,95.5,11.26,18.12,4.65,6.15,2.21,4.32,4.68,5.04,4.78,False,,107.93,113.3,102.6075,122.43,"{""trend"":{""T1_ema_stack"":{""value"":[false,true,true],""score"":66.66666666666666},""T2_ema50_slope"":{""value"":1.3889476359502562,""score"":100},""T3_high_proximity"":{""value"":0.8338226205191596,""score"":16.91131025957976},""T4_rs_1m"":{""value"":0.029410185124064014,""score"":79.41018512406401},""T5_rs_3m"":{""value"":1.3877034459495108,""score"":100},""T6_adr_healthy"":{""value"":7.348054714843882,""score"":100.0},""_score"":75.09},""geometry"":{""sub_low_similarity"":59.0,""sub_bounce_quality"":82.4,""sub_separation_fit"":73.3,""sub_right_bottom_reaction"":48.7,""sub_base_context"":100.0,""_score"":72.48},""compression"":{""VC1_atr_ratio"":{""value"":0.5069999468890233,""score"":100},""VC2_range_contraction"":{""value"":0.9675051754980438,""score"":5.4158040836593635},""VC3_range_pct_rank"":{""score"":65.0},""_score"":58.15},""sr_quality"":{""SR1_touches"":{""value"":4,""score"":75.0},""SR2_tightness"":{""value"":1.7040406942030477,""score"":60.55784171295063},""SR3_recency"":{""value"":270,""score"":0.0},""SR4_price_location"":{""score"":30.0},""SR5_reaction"":{""value"":0.6451439572984683,""score"":32.25719786492341},""_score"":43.92,""_levels_found"":3,""_target_level"":48.8688},""volume"":{""V1_rvol_day"":{""value"":0.7513340460448752,""score"":16.755603069658346},""V2_rvol_sameslot"":{""value"":0.676683824056638,""score"":11.778921603775865,""status"":""ok""},""V3_breakout_bar"":{""value"":0.49579963522015735,""score"":0},""V4_base_dryup"":{""value"":0.9367111558755439,""score"":56.32888441244561},""V5_bo_expansion"":{""value"":0.7513340460448753,""score"":0},""_score"":16.97},""readiness"":{""_distance_atr"":0.621,""BR1_atr_distance"":{""score"":58.568205809875096},""BR2_compression"":{""score"":52.44393602730748},""BR3_retest"":{""score"":50.0},""BR4_bo_age"":{""score"":50.0},""_score"":54.04},""risk"":{""R1_stop_clarity"":{""score"":63.832821222469356},""R2_stop_distance_pct"":{""value"":4.931483368850187,""score"":100.0},""R3_stop_distance_atr"":{""value"":0.6159854641526535,""score"":55.79927320763267},""R4_rr_potential"":{""value"":2.724258109364866,""score"":86.21290546824329},""_score"":77.95},""market"":{""M1_spy_regime"":{""score"":100.0},""M3_earnings_risk"":{""value"":null,""score"":80.0},""M4_vix"":{""value"":null,""score"":60.0},""_score"":84.0},""liquidity"":{""L1_price"":{""value"":107.93,""score"":100.0},""L2_dollar_vol"":{""value"":11368698651.832767,""score"":100.0},""L3_spread_proxy"":{""value"":0.04475122764754932,""score"":55.248772352450686},""L4_volume_zscore"":{""value"":-0.8775233550571683,""score"":100.0},""_score"":95.52},""pattern_structure"":{""left_low"":106.33,""left_idx"":68,""right_low"":104.17,""right_idx"":74,""separation_bars"":6,""structural_low"":104.17,""current_price"":107.2,""neckline_distance_pct"":0.05690298507462681,""base_bars"":6},""pattern_geometry_features"":{""low_similarity_pct"":0.02052256532066505,""bounce_pct"":0.08764519535374864,""right_bottom_reaction"":0.48667574931880214,""atr_pct"":0.0800584373469577},""_schema_version"":""1.0""}",,,,,,,,,,
20260602T213437Z-756d21,2026-06-02T21:34:37.658687+00:00,MU,high_tight_pullback,candidate,61.2,100.0,72.1,13.1,55.3,23.9,62.1,78.5,84.0,69.4,12.0,25.23,1.31,4.43,3.34,5.59,0.79,5.04,3.47,False,,1064.1,1072.84,1007.0837,1257.53,"{""trend"":{""T1_ema_stack"":{""value"":[true,true,true],""score"":100.0},""T2_ema50_slope"":{""value"":0.9487364931755001,""score"":100},""T3_high_proximity"":{""value"":1.0,""score"":99.99999999999997},""T4_rs_1m"":{""value"":0.908516945995101,""score"":100},""T5_rs_3m"":{""value"":1.6861503735368402,""score"":100},""T6_adr_healthy"":{""value"":6.691662189646077,""score"":100.0},""_score"":100.0},""geometry"":{""sub_pole_impulse"":62.7,""sub_flag_tightness"":69.3,""sub_flag_shallowness"":54.8,""sub_flag_drift"":100,""sub_flag_duration"":100.0,""_score"":72.09},""compression"":{""VC1_atr_ratio"":{""value"":1.021176917834451,""score"":0},""VC2_range_contraction"":{""value"":0.9608820632611224,""score"":6.519656123146275},""VC3_range_pct_rank"":{""score"":43.333333333333336},""_score"":13.12},""sr_quality"":{""SR1_touches"":{""value"":5,""score"":100},""SR2_tightness"":{""value"":13.824114857798305,""score"":56.18439863019058},""SR3_recency"":{""value"":253,""score"":0.0},""SR4_price_location"":{""score"":30.0},""SR5_reaction"":{""value"":1.253279017073105,""score"":62.66395085365525},""_score"":55.33,""_levels_found"":2,""_target_level"":447.68},""volume"":{""V1_rvol_day"":{""value"":0.840106349642747,""score"":22.6737566428498},""V2_rvol_sameslot"":{""value"":0.8755821716527741,""score"":25.03881144351827,""status"":""ok""},""V3_breakout_bar"":{""value"":0.8098889840093775,""score"":20.659265600625165},""V4_base_dryup"":{""value"":1.0419384581073847,""score"":45.80615418926153},""V5_bo_expansion"":{""value"":0.840106349642747,""score"":0},""_score"":23.87},""readiness"":{""_distance_atr"":0.139,""BR1_atr_distance"":{""score"":90.76617538961611},""BR2_compression"":{""score"":33.31350043485334},""BR3_retest"":{""score"":50.0},""BR4_bo_age"":{""score"":50.0},""_score"":62.13},""risk"":{""R1_stop_clarity"":{""score"":51.39152023836473},""R2_stop_distance_pct"":{""value"":5.358171224508975,""score"":100.0},""R3_stop_distance_atr"":{""value"":0.9035672439354069,""score"":70.17836219677034},""R4_rr_potential"":{""value"":3.3925386249195375,""score"":100.0},""_score"":78.51},""market"":{""M1_spy_regime"":{""score"":100.0},""M3_earnings_risk"":{""value"":null,""score"":80.0},""M4_vix"":{""value"":null,""score"":60.0},""_score"":84.0},""liquidity"":{""L1_price"":{""value"":1064.1,""score"":0.0},""L2_dollar_vol"":{""value"":50264143145.85382,""score"":100.0},""L3_spread_proxy"":{""value"":0.055783291044074736,""score"":44.21670895592526},""L4_volume_zscore"":{""value"":-0.7651328156178677,""score"":100.0},""_score"":69.42},""pattern_structure"":{""pole_low"":888.15,""pole_low_idx"":31,""peak_price"":1072.84,""peak_idx"":54,""pole_gain"":0.20794910769577205,""flag_bars"":5,""flag_low"":1022.42,""flag_high"":1063.5499,""structural_low"":1022.42,""current_price"":1059.2,""neckline_distance_pct"":0.012877643504531602,""base_bars"":5},""pattern_geometry_features"":{""pole_gain"":0.20794910769577205,""pullback_pct"":0.046996756273069575,""flag_range_pct"":0.038337403527087005,""flag_drift_per_bar"":0.005325245468277863,""atr_pct"":0.0593001933223247,""pole_atr_multiple"":3.506718883115101},""_schema_version"":""1.0""}",,,,,,,,,,
20260602T213437Z-756d21,2026-06-02T21:34:37.658687+00:00,IRDM,ascending_triangle,candidate,61.06,96.8,57.7,49.8,48.6,17.3,58.5,76.0,84.0,95.2,14.53,16.15,3.98,6.8,2.08,4.68,3.04,5.04,4.76,False,,49.6,52.25,46.9943,56.79,"{""trend"":{""T1_ema_stack"":{""value"":[true,true,true],""score"":100.0},""T2_ema50_slope"":{""value"":0.7606823932686205,""score"":100},""T3_high_proximity"":{""value"":0.9578988026264967,""score"":78.94940131324834},""T4_rs_1m"":{""value"":0.20359969145501822,""score"":100},""T5_rs_3m"":{""value"":0.950193778509449,""score"":100},""T6_adr_healthy"":{""value"":5.7147512805191205,""score"":100.0},""_score"":96.84},""geometry"":{""sub_flat_top_quality"":100,""sub_hl_slope"":42.3,""sub_compression"":0,""sub_duration"":100.0,""_score"":57.69},""compression"":{""VC1_atr_ratio"":{""value"":0.6346927801488438,""score"":91.32680496278905},""VC2_range_contraction"":{""value"":0.9804220778558463,""score"":3.26298702402561},""VC3_range_pct_rank"":{""score"":48.33333333333333},""_score"":49.76},""sr_quality"":{""SR1_touches"":{""value"":8,""score"":100},""SR2_tightness"":{""value"":1.0368346203710603,""score"":29.63491046533853},""SR3_recency"":{""value"":272,""score"":0.0},""SR4_price_location"":{""score"":30.0},""SR5_reaction"":{""value"":0.8815999001410637,""score"":44.079995007053185},""_score"":48.56,""_levels_found"":3,""_target_level"":23.7683},""volume"":{""V1_rvol_day"":{""value"":0.9972215120157052,""score"":33.148100801047015},""V2_rvol_sameslot"":{""value"":0.6180682478214988,""score"":7.871216521433255,""status"":""ok""},""V3_breakout_bar"":{""value"":0.7153300856208326,""score"":14.355339041388838},""V4_base_dryup"":{""value"":1.223242593265709,""score"":27.675740673429104},""V5_bo_expansion"":{""value"":0.9972215120157052,""score"":0},""_score"":17.33},""readiness"":{""_distance_atr"":0.899,""BR1_atr_distance"":{""score"":40.05232091236813},""BR2_compression"":{""score"":100},""BR3_retest"":{""score"":50.0},""BR4_bo_age"":{""score"":50.0},""_score"":58.52},""risk"":{""R1_stop_clarity"":{""score"":51.43220014445586},""R2_stop_distance_pct"":{""value"":5.253326612903234,""score"":100.0},""R3_stop_distance_atr"":{""value"":0.884166056686915,""score"":69.20830283434574},""R4_rr_potential"":{""value"":2.7593882524513984,""score"":87.96941262256992},""_score"":75.98},""market"":{""M1_spy_regime"":{""score"":100.0},""M3_earnings_risk"":{""value"":null,""score"":80.0},""M4_vix"":{""value"":null,""score"":60.0},""_score"":84.0},""liquidity"":{""L1_price"":{""value"":49.6,""score"":100.0},""L2_dollar_vol"":{""value"":108047614.10559201,""score"":100.0},""L3_spread_proxy"":{""value"":0.04838709677419352,""score"":51.612903225806484},""L4_volume_zscore"":{""value"":-0.012735515819201031,""score"":100.0},""_score"":95.16},""pattern_structure"":{""top"":52.25,""top_touches"":4,""low_slope_per_bar"":0.06052828618968391,""lowest_low"":47.71,""structural_low"":47.71,""current_price"":49.81,""neckline_distance_pct"":0.04898614735996783,""base_bars"":36},""pattern_geometry_features"":{""top_touches"":4.0,""low_slope"":0.06052828618968391,""compression"":-0.04236612783050919,""atr_pct"":0.059415610599078315},""_schema_version"":""1.0""}",,,,,,,,,,
20260602T213437Z-756d21,2026-06-02T21:34:37.658687+00:00,APP,ascending_triangle,candidate,60.95,97.6,55.0,58.8,57.7,8.4,66.3,66.0,84.0,82.5,14.65,15.4,4.7,8.08,1.01,5.31,2.64,5.04,4.12,False,,605.63,622.0,571.8122,663.48,"{""trend"":{""T1_ema_stack"":{""value"":[true,true,true],""score"":100.0},""T2_ema50_slope"":{""value"":0.2587211438827892,""score"":93.12019064713154},""T3_high_proximity"":{""value"":0.9868502525664005,""score"":93.42512628320021},""T4_rs_1m"":{""value"":0.2625801571045463,""score"":100},""T5_rs_3m"":{""value"":0.2634400740884473,""score"":100},""T6_adr_healthy"":{""value"":6.710844854801135,""score"":100.0},""_score"":97.64},""geometry"":{""sub_flat_top_quality"":33.3,""sub_hl_slope"":100,""sub_compression"":0,""sub_duration"":100.0,""_score"":54.99},""compression"":{""VC1_atr_ratio"":{""value"":0.5683651087582156,""score"":100},""VC2_range_contraction"":{""value"":1.1033460074168062,""score"":0},""VC3_range_pct_rank"":{""score"":75.0},""_score"":58.75},""sr_quality"":{""SR1_touches"":{""value"":5,""score"":100},""SR2_tightness"":{""value"":9.683416347632685,""score"":46.075321191756636},""SR3_recency"":{""value"":233,""score"":0.0},""SR4_price_location"":{""score"":30.0},""SR5_reaction"":{""value"":1.7777165832279906,""score"":88.88582916139953},""_score"":57.74,""_levels_found"":5,""_target_level"":509.894},""volume"":{""V1_rvol_day"":{""value"":0.49465853264974896,""score"":0},""V2_rvol_sameslot"":{""value"":0.4298181344972055,""score"":0,""status"":""ok""},""V3_breakout_bar"":{""value"":0.5849078289277158,""score"":5.660521928514384},""V4_base_dryup"":{""value"":1.1494133815196899,""score"":35.05866184803101},""V5_bo_expansion"":{""value"":0.49465853264974885,""score"":0},""_score"":8.43},""readiness"":{""_distance_atr"":0.456,""BR1_atr_distance"":{""score"":69.61310070741888},""BR2_compression"":{""score"":83.93216255648366},""BR3_retest"":{""score"":50.0},""BR4_bo_age"":{""score"":50.0},""_score"":66.33},""risk"":{""R1_stop_clarity"":{""score"":51.508300245582454},""R2_stop_distance_pct"":{""value"":5.583904364050664,""score"":100.0},""R3_stop_distance_atr"":{""value"":0.9416170582437238,""score"":72.08085291218619},""R4_rr_potential"":{""value"":1.7106375932201374,""score"":35.53187966100687},""_score"":65.95},""market"":{""M1_spy_regime"":{""score"":100.0},""M3_earnings_risk"":{""value"":null,""score"":80.0},""M4_vix"":{""value"":null,""score"":60.0},""_score"":84.0},""liquidity"":{""L1_price"":{""value"":605.63,""score"":47.185},""L2_dollar_vol"":{""value"":1642502406.6027691,""score"":100.0},""L3_spread_proxy"":{""value"":0.04293050212175751,""score"":57.069497878242494},""L4_volume_zscore"":{""value"":-1.1619360555120306,""score"":100.0},""_score"":82.5},""pattern_structure"":{""top"":622.0,""top_touches"":2,""low_slope_per_bar"":3.4823472453222437,""lowest_low"":580.52,""structural_low"":580.52,""current_price"":604.07,""neckline_distance_pct"":0.029681990497789905,""base_bars"":25},""pattern_geometry_features"":{""top_touches"":2.0,""low_slope"":3.4823472453222437,""compression"":-0.19507528973534782,""atr_pct"":0.059301223519310456},""_schema_version"":""1.0""}",,,,,,,,,,
20260602T213437Z-756d21,2026-06-02T21:34:37.658687+00:00,AMD,double_bottom,candidate,60.91,100.0,65.6,39.2,40.3,14.6,67.6,61.9,84.0,93.2,15.0,16.41,3.14,5.65,1.89,5.41,3.71,5.04,4.66,False,,521.54,527.1999,479.3604,567.7395,"{""trend"":{""T1_ema_stack"":{""value"":[true,true,true],""score"":100.0},""T2_ema50_slope"":{""value"":1.0694999607788047,""score"":100},""T3_high_proximity"":{""value"":1.0,""score"":99.99999999999997},""T4_rs_1m"":{""value"":0.39254559421458146,""score"":100},""T5_rs_3m"":{""value"":1.6148180256945759,""score"":100},""T6_adr_healthy"":{""value"":5.424759575606923,""score"":100.0},""_score"":100.0},""geometry"":{""sub_low_similarity"":41.0,""sub_bounce_quality"":76.1,""sub_separation_fit"":100.0,""sub_right_bottom_reaction"":20.7,""sub_base_context"":100.0,""_score"":65.62},""compression"":{""VC1_atr_ratio"":{""value"":0.7537475255336477,""score"":61.563118616588085},""VC2_range_contraction"":{""value"":0.9680502460319373,""score"":5.324958994677109},""VC3_range_pct_rank"":{""score"":50.83333333333333},""_score"":39.2},""sr_quality"":{""SR1_touches"":{""value"":2,""score"":25.0},""SR2_tightness"":{""value"":3.2150999999999783,""score"":76.8148534850942},""SR3_recency"":{""value"":308,""score"":0.0},""SR4_price_location"":{""score"":30.0},""SR5_reaction"":{""value"":1.8428517306805257,""score"":92.14258653402628},""_score"":40.34,""_levels_found"":3,""_target_level"":263.7449},""volume"":{""V1_rvol_day"":{""value"":0.6217069016424877,""score"":8.113793442832511},""V2_rvol_sameslot"":{""value"":0.5760817964181691,""score"":5.072119761211277,""status"":""ok""},""V3_breakout_bar"":{""value"":0.5979123241420682,""score"":6.527488276137879},""V4_base_dryup"":{""value"":0.9847051770578215,""score"":51.52948229421786},""V5_bo_expansion"":{""value"":0.6217069016424879,""score"":0},""_score"":14.57},""readiness"":{""_distance_atr"":0.204,""BR1_atr_distance"":{""score"":86.39486477769317},""BR2_compression"":{""score"":62.19220173124964},""BR3_retest"":{""score"":50.0},""BR4_bo_age"":{""score"":50.0},""_score"":67.61},""risk"":{""R1_stop_clarity"":{""score"":47.35798097187588},""R2_stop_distance_pct"":{""value"":8.087510929171298,""score"":97.81222677071754},""R3_stop_distance_atr"":{""value"":1.52085519933017,""score"":100.0},""R4_rr_potential"":{""value"":1.0953042482890034,""score"":4.76521241445017},""_score"":61.87},""market"":{""M1_spy_regime"":{""score"":100.0},""M3_earnings_risk"":{""value"":null,""score"":80.0},""M4_vix"":{""value"":null,""score"":60.0},""_score"":84.0},""liquidity"":{""L1_price"":{""value"":521.54,""score"":89.23000000000002},""L2_dollar_vol"":{""value"":12594686348.0415,""score"":100.0},""L3_spread_proxy"":{""value"":0.0407830655366798,""score"":59.2169344633202},""L4_volume_zscore"":{""value"":-0.945948805686188,""score"":100.0},""_score"":93.23},""pattern_structure"":{""left_low"":486.6603,""left_idx"":51,""right_low"":501.22,""right_idx"":74,""separation_bars"":23,""structural_low"":486.6603,""current_price"":517.08,""neckline_distance_pct"":0.019571246228823228,""base_bars"":23},""pattern_geometry_features"":{""low_similarity_pct"":0.029476648132369925,""bounce_pct"":0.0833016377132056,""right_bottom_reaction"":0.2071542979177785,""atr_pct"":0.05317738948936939},""_schema_version"":""1.0""}",,,,,,,,,,
20260602T213437Z-756d21,2026-06-02T21:34:37.658687+00:00,LRCX,bull_flag,candidate,60.91,100.0,59.4,49.2,40.7,23.5,60.4,68.3,84.0,95.6,14.0,17.82,4.43,4.07,3.29,5.43,2.05,5.04,4.78,False,,334.41,335.55,323.4356,364.065,"{""trend"":{""T1_ema_stack"":{""value"":[true,true,true],""score"":100.0},""T2_ema50_slope"":{""value"":0.4884385170270321,""score"":100},""T3_high_proximity"":{""value"":1.0,""score"":99.99999999999997},""T4_rs_1m"":{""value"":0.24861862906520038,""score"":100},""T5_rs_3m"":{""value"":0.422671954665077,""score"":100},""T6_adr_healthy"":{""value"":4.323398161013644,""score"":100.0},""_score"":100.0},""geometry"":{""sub_pole_impulse"":26.6,""sub_flag_tightness"":67.5,""sub_flag_shallowness"":53.9,""sub_flag_drift"":100,""sub_flag_duration"":87.5,""_score"":59.39},""compression"":{""VC1_atr_ratio"":{""value"":0.6070116602494712,""score"":98.2470849376322},""VC2_range_contraction"":{""value"":0.9936664311172634,""score"":1.0555948137894364},""VC3_range_pct_rank"":{""score"":38.33333333333333},""_score"":49.25},""sr_quality"":{""SR1_touches"":{""value"":2,""score"":25.0},""SR2_tightness"":{""value"":1.1699999999999875,""score"":84.44251638023532},""SR3_recency"":{""value"":249,""score"":0.0},""SR4_price_location"":{""score"":30.0},""SR5_reaction"":{""value"":1.737252337540407,""score"":86.86261687702034},""_score"":40.7,""_levels_found"":6,""_target_level"":274.67},""volume"":{""V1_rvol_day"":{""value"":0.9276605410480563,""score"":28.510702736537084},""V2_rvol_sameslot"":{""value"":0.8080071814113122,""score"":20.53381209408748,""status"":""ok""},""V3_breakout_bar"":{""value"":0.7327446389809853,""score"":15.51630926539902},""V4_base_dryup"":{""value"":1.0102362886615734,""score"":48.976371133842655},""V5_bo_expansion"":{""value"":0.9276605410480563,""score"":0},""_score"":23.48},""readiness"":{""_distance_atr"":0.076,""BR1_atr_distance"":{""score"":94.94714207221318},""BR2_compression"":{""score"":19.46501546221376},""BR3_retest"":{""score"":50.0},""BR4_bo_age"":{""score"":50.0},""_score"":60.35},""risk"":{""R1_stop_clarity"":{""score"":34.506783604236034},""R2_stop_distance_pct"":{""value"":3.281724529768853,""score"":100.0},""R3_stop_distance_atr"":{""value"":0.7296336820470167,""score"":61.48168410235084},""R4_rr_potential"":{""value"":2.7021941488452836,""score"":85.10970744226418},""_score"":68.32},""market"":{""M1_spy_regime"":{""score"":100.0},""M3_earnings_risk"":{""value"":null,""score"":80.0},""M4_vix"":{""value"":null,""score"":60.0},""_score"":84.0},""liquidity"":{""L1_price"":{""value"":334.41,""score"":100.0},""L2_dollar_vol"":{""value"":2878024206.914429,""score"":100.0},""L3_spread_proxy"":{""value"":0.04392811219760174,""score"":56.07188780239826},""L4_volume_zscore"":{""value"":-0.3912958692020822,""score"":100.0},""_score"":95.61},""pattern_structure"":{""pole_low"":307.035,""pole_low_idx"":48,""peak_price"":335.55,""peak_idx"":55,""pole_gain"":0.09287214812643504,""flag_bars"":4,""flag_low"":328.361,""flag_high"":334.44,""structural_low"":328.361,""current_price"":332.08,""neckline_distance_pct"":0.010449289327872884,""base_bars"":4},""pattern_geometry_features"":{""pole_gain"":0.09287214812643504,""pullback_pct"":0.021424526896140727,""flag_range_pct"":0.018116525108031613,""flag_drift_per_bar"":0.0020597446398458144,""atr_pct"":0.044977700598495436,""pole_atr_multiple"":2.064848733719877},""_schema_version"":""1.0""}",,,,,,,,,,
20260602T213437Z-756d21,2026-06-02T21:34:37.658687+00:00,VICR,bull_flag,candidate,60.74,96.7,64.1,65.7,43.6,18.0,32.6,83.8,84.0,93.7,13.53,19.24,5.91,4.36,2.52,2.93,2.51,5.04,4.69,False,,332.95,361.89,307.3003,467.1,"{""trend"":{""T1_ema_stack"":{""value"":[true,true,true],""score"":100.0},""T2_ema50_slope"":{""value"":0.7356230511671298,""score"":100},""T3_high_proximity"":{""value"":0.9627284293314828,""score"":81.3642146657414},""T4_rs_1m"":{""value"":0.18667735619467174,""score"":100},""T5_rs_3m"":{""value"":0.5320392671133667,""score"":100},""T6_adr_healthy"":{""value"":8.425639974351155,""score"":89.35900064122113},""_score"":96.67},""geometry"":{""sub_pole_impulse"":100.0,""sub_flag_tightness"":50.5,""sub_flag_shallowness"":32.7,""sub_flag_drift"":83.2,""sub_flag_duration"":25.0,""_score"":64.14},""compression"":{""VC1_atr_ratio"":{""value"":0.6155168128144624,""score"":96.12079679638441},""VC2_range_contraction"":{""value"":0.8003486635600896,""score"":33.27522273998507},""VC3_range_pct_rank"":{""score"":62.5},""_score"":65.72},""sr_quality"":{""SR1_touches"":{""value"":2,""score"":25.0},""SR2_tightness"":{""value"":1.25,""score"":90.78530767331124},""SR3_recency"":{""value"":232,""score"":0.0},""SR4_price_location"":{""score"":30.0},""SR5_reaction"":{""value"":3.287249340622945,""score"":100},""_score"":43.62,""_levels_found"":5,""_target_level"":232.25},""volume"":{""V1_rvol_day"":{""value"":0.7520783119708586,""score"":16.805220798057242},""V2_rvol_sameslot"":{""value"":0.546670397192675,""score"":3.1113598128449977,""status"":""ok""},""V3_breakout_bar"":{""value"":0.6295128253900782,""score"":8.63418835933855},""V4_base_dryup"":{""value"":0.9075071173303687,""score"":59.24928826696313},""V5_bo_expansion"":{""value"":0.7520783119708584,""score"":0},""_score"":17.99},""readiness"":{""_distance_atr"":1.067,""BR1_atr_distance"":{""score"":28.887147750834018},""BR2_compression"":{""score"":14.184385275171223},""BR3_retest"":{""score"":50.0},""BR4_bo_age"":{""score"":50.0},""_score"":32.6},""risk"":{""R1_stop_clarity"":{""score"":65.50240345503553},""R2_stop_distance_pct"":{""value"":7.703769334734945,""score"":100.0},""R3_stop_distance_atr"":{""value"":0.9454163750874737,""score"":72.27081875437369},""R4_rr_potential"":{""value"":5.230080663711466,""score"":100.0},""_score"":83.77},""market"":{""M1_spy_regime"":{""score"":100.0},""M3_earnings_risk"":{""value"":null,""score"":80.0},""M4_vix"":{""value"":null,""score"":60.0},""_score"":84.0},""liquidity"":{""L1_price"":{""value"":332.95,""score"":100.0},""L2_dollar_vol"":{""value"":227924429.6035208,""score"":100.0},""L3_spread_proxy"":{""value"":0.06295239525454266,""score"":37.04760474545734},""L4_volume_zscore"":{""value"":-0.6134007166174275,""score"":100.0},""_score"":93.7},""pattern_structure"":{""pole_low"":256.68,""pole_low_idx"":8,""peak_price"":361.89,""peak_idx"":33,""pole_gain"":0.4098877980364655,""flag_bars"":26,""flag_low"":311.98,""flag_high"":356.0,""structural_low"":311.98,""current_price"":327.74,""neckline_distance_pct"":0.10419844999084633,""base_bars"":26},""pattern_geometry_features"":{""pole_gain"":0.4098877980364655,""pullback_pct"":0.13791483599988938,""flag_range_pct"":0.12163917212412607,""flag_drift_per_bar"":-0.003358402193942561,""atr_pct"":0.08148546542809945,""pole_atr_multiple"":5.030195211907323},""_schema_version"":""1.0""}",,,,,,,,,,
20260602T213437Z-756d21,2026-06-02T21:34:37.658687+00:00,WULF,breakout_retest_hold,setup,60.73,99.3,52.1,65.0,36.0,19.6,76.5,61.3,84.0,94.6,13.9,11.46,3.9,5.04,2.55,13.76,3.06,4.2,2.84,False,,26.49,25.925,25.8043,26.5228,"{""trend"":{""T1_ema_stack"":{""value"":[true,true,true],""score"":100.0},""T2_ema50_slope"":{""value"":0.5777500509519239,""score"":100},""T3_high_proximity"":{""value"":0.9906507105459985,""score"":95.32535527299923},""T4_rs_1m"":{""value"":0.18907156754667387,""score"":100},""T5_rs_3m"":{""value"":0.6806777224262284,""score"":100},""T6_adr_healthy"":{""value"":6.808690142744924,""score"":100.0},""_score"":99.3},""geometry"":{""sub_retest_depth"":23.7,""sub_retest_timing"":0.0,""sub_retest_freshness"":75.0,""sub_hold_quality"":100.0,""_score"":52.11},""compression"":{""VC1_atr_ratio"":{""value"":0.5288966926875609,""score"":100},""VC2_range_contraction"":{""value"":0.9313075645824123,""score"":11.448739236264624},""VC3_range_pct_rank"":{""score"":84.16666666666667},""_score"":65.05},""sr_quality"":{""SR1_touches"":{""value"":2,""score"":25.0},""SR2_tightness"":{""value"":0.32750000000000057,""score"":62.54742835204594},""SR3_recency"":{""value"":237,""score"":0.0},""SR4_price_location"":{""score"":30.0},""SR5_reaction"":{""value"":1.5524233896823665,""score"":77.62116948411833},""_score"":36.03,""_levels_found"":8,""_target_level"":21.3075},""volume"":{""V1_rvol_day"":{""value"":0.8642338060522085,""score"":24.282253736813896},""V2_rvol_sameslot"":{""value"":0.678458019735861,""score"":11.897201315724065,""status"":""ok""},""V3_breakout_bar"":{""value"":0.6582715337260707,""score"":10.55143558173805},""V4_base_dryup"":{""value"":1.0137161559757428,""score"":48.628384402425716},""V5_bo_expansion"":{""value"":0.8642338060522087,""score"":0},""_score"":19.6},""readiness"":{""_distance_atr"":-0.323,""BR1_atr_distance"":{""score"":100.0},""BR2_compression"":{""score"":47.888317149725786},""BR3_retest"":{""score"":100},""BR4_bo_age"":{""score"":30.0},""_score"":76.47},""risk"":{""R1_stop_clarity"":{""score"":70.19232732812435},""R2_stop_distance_pct"":{""value"":2.5883352208380486,""score"":100.0},""R3_stop_distance_atr"":{""value"":0.3920512328308338,""score"":44.60256164154169},""R4_rr_potential"":{""value"":0.04788990634539085,""score"":0.0},""_score"":61.26},""market"":{""M1_spy_regime"":{""score"":100.0},""M3_earnings_risk"":{""value"":null,""score"":80.0},""M4_vix"":{""value"":null,""score"":60.0},""_score"":84.0},""liquidity"":{""L1_price"":{""value"":26.49,""score"":100.0},""L2_dollar_vol"":{""value"":651477198.6214747,""score"":100.0},""L3_spread_proxy"":{""value"":0.053793884484711244,""score"":46.20611551528876},""L4_volume_zscore"":{""value"":-0.4867109454276865,""score"":100.0},""_score"":94.62},""pattern_structure"":{""level"":25.925,""level_idx"":45,""breakout_idx"":54,""bo_peak_idx"":74,""bo_peak_price"":27.465,""retest_idx"":79,""retest_low"":26.065,""structural_low"":26.065,""current_price"":26.14,""neckline_distance_pct"":-0.008224942616679413,""base_bars"":34,""bars_since_breakout"":25},""pattern_geometry_features"":{""retest_depth_atr"":-0.23417804700288045,""bars_breakout_to_retest"":25.0,""bars_since_retest"":0.0,""current_above_level_atr"":0.35963057218299327,""bo_peak_excess_pct"":0.059402121504339406,""atr_pct"":0.06602033112225639},""_schema_version"":""1.0""}",,,,,,,,,,
20260602T213437Z-756d21,2026-06-02T21:34:37.658687+00:00,VRT,breakout_retest_hold,setup,60.69,74.6,61.7,62.3,42.7,15.6,83.9,55.1,84.0,95.8,10.45,13.57,3.74,5.97,2.02,15.1,2.76,4.2,2.87,False,,334.49,333.3235,329.175,338.5706,"{""trend"":{""T1_ema_stack"":{""value"":[true,true,true],""score"":100.0},""T2_ema50_slope"":{""value"":0.47968296268881305,""score"":100},""T3_high_proximity"":{""value"":0.8890572256332563,""score"":44.52861281662812},""T4_rs_1m"":{""value"":-0.0351831266688758,""score"":14.8168733311242},""T5_rs_3m"":{""value"":0.2519201735348129,""score"":100},""T6_adr_healthy"":{""value"":5.123165815505989,""score"":100.0},""_score"":74.64},""geometry"":{""sub_retest_depth"":79.6,""sub_retest_timing"":0.0,""sub_retest_freshness"":75.0,""sub_hold_quality"":76.0,""_score"":61.68},""compression"":{""VC1_atr_ratio"":{""value"":0.3520339355871247,""score"":100},""VC2_range_contraction"":{""value"":0.8823179405277589,""score"":19.613676578706848},""VC3_range_pct_rank"":{""score"":61.66666666666667},""_score"":62.28},""sr_quality"":{""SR1_touches"":{""value"":3,""score"":50.0},""SR2_tightness"":{""value"":2.9463683487756054,""score"":67.8810547821349},""SR3_recency"":{""value"":226,""score"":0.0},""SR4_price_location"":{""score"":30.0},""SR5_reaction"":{""value"":1.3313088251039011,""score"":66.56544125519505},""_score"":42.67,""_levels_found"":7,""_target_level"":311.3367},""volume"":{""V1_rvol_day"":{""value"":0.8690194063518767,""score"":24.60129375679178},""V2_rvol_sameslot"":{""value"":0.7122567959992588,""score"":14.150453066617255,""status"":""ok""},""V3_breakout_bar"":{""value"":0.6006356209775273,""score"":6.709041398501821},""V4_base_dryup"":{""value"":1.1939813442574005,""score"":30.601865574259946},""V5_bo_expansion"":{""value"":0.8690194063518767,""score"":0},""_score"":15.55},""readiness"":{""_distance_atr"":-0.064,""BR1_atr_distance"":{""score"":100.0},""BR2_compression"":{""score"":79.4296199985924},""BR3_retest"":{""score"":97.75571582912366},""BR4_bo_age"":{""score"":30.0},""_score"":83.91},""risk"":{""R1_stop_clarity"":{""score"":63.75351612306686},""R2_stop_distance_pct"":{""value"":1.5889862178241496,""score"":89.72465544560374},""R3_stop_distance_atr"":{""value"":0.2896993410615041,""score"":39.4849670530752},""R4_rr_potential"":{""value"":0.7677583658110508,""score"":0.0},""_score"":55.15},""market"":{""M1_spy_regime"":{""score"":100.0},""M3_earnings_risk"":{""value"":null,""score"":80.0},""M4_vix"":{""value"":null,""score"":60.0},""_score"":84.0},""liquidity"":{""L1_price"":{""value"":334.49,""score"":100.0},""L2_dollar_vol"":{""value"":1687814875.1465876,""score"":100.0},""L3_spread_proxy"":{""value"":0.041705282669138054,""score"":58.29471733086195},""L4_volume_zscore"":{""value"":-0.5663495564346036,""score"":100.0},""_score"":95.83},""pattern_structure"":{""level"":333.3235,""level_idx"":24,""breakout_idx"":44,""bo_peak_idx"":74,""bo_peak_price"":345.18,""retest_idx"":79,""retest_low"":332.5,""structural_low"":332.5,""current_price"":333.3645,""neckline_distance_pct"":-0.00012298850057518667,""base_bars"":55,""bars_since_breakout"":35},""pattern_geometry_features"":{""retest_depth_atr"":0.15694276741460791,""bars_breakout_to_retest"":35.0,""bars_since_retest"":0.0,""current_above_level_atr"":0.007813786841527913,""bo_peak_excess_pct"":0.035570549331205216,""atr_pct"":0.0548494936854828},""_schema_version"":""1.0""}",,,,,,,,,,
20260602T213437Z-756d21,2026-06-02T21:34:37.658687+00:00,VSAT,double_bottom,candidate,60.64,79.5,76.5,24.6,39.5,31.9,39.5,81.5,84.0,97.0,11.92,19.13,1.97,5.53,4.14,3.16,4.89,5.04,4.85,False,,72.61,89.785,68.7037,109.82,"{""trend"":{""T1_ema_stack"":{""value"":[false,true,true],""score"":66.66666666666666},""T2_ema50_slope"":{""value"":0.7917141618740022,""score"":100},""T3_high_proximity"":{""value"":0.8375821894105433,""score"":18.791094705271625},""T4_rs_1m"":{""value"":0.061011628101234505,""score"":100},""T5_rs_3m"":{""value"":0.468206291240425,""score"":100},""T6_adr_healthy"":{""value"":6.326896072887445,""score"":100.0},""_score"":79.49},""geometry"":{""sub_low_similarity"":63.9,""sub_bounce_quality"":100,""sub_separation_fit"":80.0,""sub_right_bottom_reaction"":35.7,""sub_base_context"":100.0,""_score"":76.53},""compression"":{""VC1_atr_ratio"":{""value"":1.0175173310656627,""score"":0},""VC2_range_contraction"":{""value"":1.6316163098015255,""score"":0},""VC3_range_pct_rank"":{""score"":98.33333333333333},""_score"":24.58},""sr_quality"":{""SR1_touches"":{""value"":2,""score"":25.0},""SR2_tightness"":{""value"":1.1099999999999994,""score"":63.55321020228675},""SR3_recency"":{""value"":232,""score"":0.0},""SR4_price_location"":{""score"":30.0},""SR5_reaction"":{""value"":2.350982116681325,""score"":100},""_score"":39.53,""_levels_found"":7,""_target_level"":66.09},""volume"":{""V1_rvol_day"":{""value"":1.1531700282880861,""score"":43.54466855253907},""V2_rvol_sameslot"":{""value"":1.0741501666420887,""score"":38.27667777613925,""status"":""ok""},""V3_breakout_bar"":{""value"":1.0230479468625029,""score"":34.86986312416686},""V4_base_dryup"":{""value"":1.2378029617867468,""score"":26.219703821325325},""V5_bo_expansion"":{""value"":1.153170028288086,""score"":10.211335219205726},""_score"":31.86},""readiness"":{""_distance_atr"":2.82,""BR1_atr_distance"":{""score"":0},""BR2_compression"":{""score"":87.97680885949259},""BR3_retest"":{""score"":50.0},""BR4_bo_age"":{""score"":50.0},""_score"":39.49},""risk"":{""R1_stop_clarity"":{""score"":65.64643799472294},""R2_stop_distance_pct"":{""value"":5.379768626910894,""score"":100.0},""R3_stop_distance_atr"":{""value"":0.641307534447376,""score"":57.065376722368796},""R4_rr_potential"":{""value"":9.525759999999998,""score"":100.0},""_score"":81.54},""market"":{""M1_spy_regime"":{""score"":100.0},""M3_earnings_risk"":{""value"":null,""score"":80.0},""M4_vix"":{""value"":null,""score"":60.0},""_score"":84.0},""liquidity"":{""L1_price"":{""value"":72.61,""score"":100.0},""L2_dollar_vol"":{""value"":199884664.32261837,""score"":100.0},""L3_spread_proxy"":{""value"":0.02974796859936643,""score"":70.25203140063357},""L4_volume_zscore"":{""value"":0.3455203641233955,""score"":100.0},""_score"":97.03},""pattern_structure"":{""left_low"":69.75,""left_idx"":37,""right_low"":71.02,""right_idx"":70,""separation_bars"":33,""structural_low"":69.75,""current_price"":73.79,""neckline_distance_pct"":0.21676378913131847,""base_bars"":33},""pattern_geometry_features"":{""low_similarity_pct"":0.018043617247993127,""bounce_pct"":0.2872401433691756,""right_bottom_reaction"":0.3566433566433585,""atr_pct"":0.08388750073779687},""_schema_version"":""1.0""}",,,,,,,,,,
20260602T213437Z-756d21,2026-06-02T21:34:37.658687+00:00,PL,ascending_triangle,candidate,60.58,93.1,48.9,53.0,50.8,35.5,57.7,77.9,84.0,91.0,13.96,13.68,4.24,7.12,4.25,4.62,3.12,5.04,4.55,False,,48.09,51.475,44.1083,58.17,"{""trend"":{""T1_ema_stack"":{""value"":[true,true,true],""score"":100.0},""T2_ema50_slope"":{""value"":0.6980918850101331,""score"":100},""T3_high_proximity"":{""value"":0.935603112840467,""score"":67.8015564202335},""T4_rs_1m"":{""value"":0.2492452331031325,""score"":100},""T5_rs_3m"":{""value"":0.7843176256767743,""score"":100},""T6_adr_healthy"":{""value"":9.670913014931838,""score"":58.227174626704056},""_score"":93.08},""geometry"":{""sub_flat_top_quality"":100,""sub_hl_slope"":12.9,""sub_compression"":0,""sub_duration"":100.0,""_score"":48.87},""compression"":{""VC1_atr_ratio"":{""value"":0.4918745497761176,""score"":100},""VC2_range_contraction"":{""value"":0.9662911763344874,""score"":5.618137277585441},""VC3_range_pct_rank"":{""score"":44.166666666666664},""_score"":53.01},""sr_quality"":{""SR1_touches"":{""value"":4,""score"":75.0},""SR2_tightness"":{""value"":1.3020056643501987,""score"":38.89909813576429},""SR3_recency"":{""value"":232,""score"":0.0},""SR4_price_location"":{""score"":30.0},""SR5_reaction"":{""value"":2.271622629492755,""score"":100},""_score"":50.83,""_levels_found"":5,""_target_level"":37.0525},""volume"":{""V1_rvol_day"":{""value"":1.0378107604447313,""score"":35.85405069631542},""V2_rvol_sameslot"":{""value"":0.9676052961561131,""score"":31.17368641040754,""status"":""ok""},""V3_breakout_bar"":{""value"":0.6808205211514091,""score"":12.054701410093942},""V4_base_dryup"":{""value"":0.5675694768654014,""score"":93.24305231345986},""V5_bo_expansion"":{""value"":1.037810760444731,""score"":2.5207173629820723},""_score"":35.45},""readiness"":{""_distance_atr"":0.794,""BR1_atr_distance"":{""score"":47.04924397963093},""BR2_compression"":{""score"":85.53139465532766},""BR3_retest"":{""score"":50.0},""BR4_bo_age"":{""score"":50.0},""_score"":57.7},""risk"":{""R1_stop_clarity"":{""score"":68.47826633481654},""R2_stop_distance_pct"":{""value"":8.279683925972142,""score"":93.00790185069646},""R3_stop_distance_atr"":{""value"":0.9342718991712136,""score"":71.71359495856068},""R4_rr_potential"":{""value"":2.531581987593236,""score"":76.57909937966181},""_score"":77.94},""market"":{""M1_spy_regime"":{""score"":100.0},""M3_earnings_risk"":{""value"":null,""score"":80.0},""M4_vix"":{""value"":null,""score"":60.0},""_score"":84.0},""liquidity"":{""L1_price"":{""value"":48.09,""score"":100.0},""L2_dollar_vol"":{""value"":544353824.680195,""score"":100.0},""L3_spread_proxy"":{""value"":0.08962362237471412,""score"":10.376377625285883},""L4_volume_zscore"":{""value"":0.12791316018774648,""score"":100.0},""_score"":91.04},""pattern_structure"":{""top"":51.475,""top_touches"":5,""low_slope_per_bar"":0.017354085603113047,""lowest_low"":44.78,""structural_low"":44.78,""current_price"":48.53,""neckline_distance_pct"":0.0606841129198434,""base_bars"":26},""pattern_geometry_features"":{""top_touches"":5.0,""low_slope"":0.017354085603113047,""compression"":-0.14741214026941485,""atr_pct"":0.08862178058996525},""_schema_version"":""1.0""}",,,,,,,,,,
20260602T213437Z-756d21,2026-06-02T21:34:37.658687+00:00,CRM,high_tight_pullback,candidate,60.45,48.9,78.7,31.9,54.8,31.7,49.6,73.6,84.0,95.7,5.87,27.54,3.19,4.38,4.44,4.46,0.74,5.04,4.79,False,,200.84,211.34,192.8236,251.03,"{""trend"":{""T1_ema_stack"":{""value"":[true,false,false],""score"":33.33333333333333},""T2_ema50_slope"":{""value"":-0.13901553368321073,""score"":26.830744386131546},""T3_high_proximity"":{""value"":0.958206106870229,""score"":79.10305343511448},""T4_rs_1m"":{""value"":0.03858377832189985,""score"":88.58377832189986},""T5_rs_3m"":{""value"":-0.09204034543852369,""score"":3.9798272807381565},""T6_adr_healthy"":{""value"":4.0436763862113105,""score"":100.0},""_score"":48.88},""geometry"":{""sub_pole_impulse"":96.0,""sub_flag_tightness"":70.6,""sub_flag_shallowness"":36.2,""sub_flag_drift"":100,""sub_flag_duration"":100.0,""_score"":78.69},""compression"":{""VC1_atr_ratio"":{""value"":0.7473689160737452,""score"":63.15777098156369},""VC2_range_contraction"":{""value"":1.3371653532154764,""score"":0},""VC3_range_pct_rank"":{""score"":26.66666666666667},""_score"":31.93},""sr_quality"":{""SR1_touches"":{""value"":3,""score"":50.0},""SR2_tightness"":{""value"":1.7074949162117223,""score"":64.39900512464614},""SR3_recency"":{""value"":279,""score"":0.0},""SR4_price_location"":{""score"":80.56144728633828},""SR5_reaction"":{""value"":1.3336947305505735,""score"":66.68473652752867},""_score"":54.8,""_levels_found"":7,""_target_level"":203.4367},""volume"":{""V1_rvol_day"":{""value"":1.2464183728297498,""score"":49.76122485531665},""V2_rvol_sameslot"":{""value"":1.5650023051856399,""score"":71.00015367904265,""status"":""ok""},""V3_breakout_bar"":{""value"":0.8073790827412425,""score"":20.491938849416165},""V4_base_dryup"":{""value"":1.7102598764697905,""score"":0},""V5_bo_expansion"":{""value"":1.2464183728297498,""score"":16.42789152198332},""_score"":31.74},""readiness"":{""_distance_atr"":1.095,""BR1_atr_distance"":{""score"":27.02556190317334},""BR2_compression"":{""score"":85.18635948821573},""BR3_retest"":{""score"":50.0},""BR4_bo_age"":{""score"":50.0},""_score"":49.61},""risk"":{""R1_stop_clarity"":{""score"":38.776531420708224},""R2_stop_distance_pct"":{""value"":3.991435968930494,""score"":100.0},""R3_stop_distance_atr"":{""value"":0.8357032650848594,""score"":66.78516325424297},""R4_rr_potential"":{""value"":6.2609151239958045,""score"":100.0},""_score"":73.59},""market"":{""M1_spy_regime"":{""score"":100.0},""M3_earnings_risk"":{""value"":null,""score"":80.0},""M4_vix"":{""value"":null,""score"":60.0},""_score"":84.0},""liquidity"":{""L1_price"":{""value"":200.84,""score"":100.0},""L2_dollar_vol"":{""value"":3853625760.7038474,""score"":100.0},""L3_spread_proxy"":{""value"":0.04296952798247359,""score"":57.030472017526414},""L4_volume_zscore"":{""value"":0.5938010240545865,""score"":100.0},""_score"":95.7},""pattern_structure"":{""pole_low"":171.65,""pole_low_idx"":36,""peak_price"":211.34,""peak_idx"":53,""pole_gain"":0.23122633265365566,""flag_bars"":6,""flag_low"":195.76,""flag_high"":204.39,""structural_low"":195.76,""current_price"":201.045,""neckline_distance_pct"":0.051207441120147315,""base_bars"":6},""pattern_geometry_features"":{""pole_gain"":0.23122633265365566,""pullback_pct"":0.07372007192202144,""flag_range_pct"":0.04083467398504777,""flag_drift_per_bar"":0.003345377545183526,""atr_pct"":0.047761402111133236,""pole_atr_multiple"":4.841280247921293},""_schema_version"":""1.0""}",,,,,,,,,,
20260602T213437Z-756d21,2026-06-02T21:34:37.658687+00:00,ON,bull_flag,candidate,60.39,100.0,63.1,23.8,35.0,28.4,65.2,74.1,84.0,94.4,14.0,18.92,2.15,3.5,3.98,5.86,2.22,5.04,4.72,False,,128.64,130.48,125.4102,145.15,"{""trend"":{""T1_ema_stack"":{""value"":[true,true,true],""score"":100.0},""T2_ema50_slope"":{""value"":0.8280044074712843,""score"":100},""T3_high_proximity"":{""value"":1.0,""score"":99.99999999999997},""T4_rs_1m"":{""value"":0.1945615787250956,""score"":100},""T5_rs_3m"":{""value"":0.9119093256554591,""score"":100},""T6_adr_healthy"":{""value"":5.412285480420674,""score"":100.0},""_score"":100.0},""geometry"":{""sub_pole_impulse"":29.7,""sub_flag_tightness"":72.2,""sub_flag_shallowness"":61.8,""sub_flag_drift"":100,""sub_flag_duration"":87.5,""_score"":63.07},""compression"":{""VC1_atr_ratio"":{""value"":0.8032705275915077,""score"":49.182368102123064},""VC2_range_contraction"":{""value"":1.0237363254878695,""score"":0},""VC3_range_pct_rank"":{""score"":16.666666666666664},""_score"":23.84},""sr_quality"":{""SR1_touches"":{""value"":2,""score"":25.0},""SR2_tightness"":{""value"":1.8200000000000003,""score"":51.16669062335295},""SR3_recency"":{""value"":242,""score"":0.0},""SR4_price_location"":{""score"":30.0},""SR5_reaction"":{""value"":1.6461118298117015,""score"":82.30559149058507},""_score"":35.02,""_levels_found"":5,""_target_level"":94.26},""volume"":{""V1_rvol_day"":{""value"":0.8252738199672385,""score"":21.684921331149233},""V2_rvol_sameslot"":{""value"":0.9810640132978273,""score"":32.070934219855154,""status"":""ok""},""V3_breakout_bar"":{""value"":1.1858992487974862,""score"":45.72661658649908},""V4_base_dryup"":{""value"":1.1879469960791864,""score"":31.205300392081355},""V5_bo_expansion"":{""value"":0.8252738199672386,""score"":0},""_score"":28.42},""readiness"":{""_distance_atr"":0.247,""BR1_atr_distance"":{""score"":83.54335361666104},""BR2_compression"":{""score"":56.922142412314216},""BR3_retest"":{""score"":50.0},""BR4_bo_age"":{""score"":50.0},""_score"":65.15},""risk"":{""R1_stop_clarity"":{""score"":48.75722294092269},""R2_stop_distance_pct"":{""value"":2.510727611940297,""score"":100.0},""R3_stop_distance_atr"":{""value"":0.4333017105074024,""score"":46.66508552537012},""R4_rr_potential"":{""value"":5.111771626726115,""score"":100.0},""_score"":74.06},""market"":{""M1_spy_regime"":{""score"":100.0},""M3_earnings_risk"":{""value"":null,""score"":80.0},""M4_vix"":{""value"":null,""score"":60.0},""_score"":84.0},""liquidity"":{""L1_price"":{""value"":128.64,""score"":100.0},""L2_dollar_vol"":{""value"":1384222341.5203736,""score"":100.0},""L3_spread_proxy"":{""value"":0.05558146766169148,""score"":44.418532338308516},""L4_volume_zscore"":{""value"":-0.45231819412519675,""score"":100.0},""_score"":94.44},""pattern_structure"":{""pole_low"":115.81,""pole_low_idx"":48,""peak_price"":130.48,""peak_idx"":55,""pole_gain"":0.1266729988774716,""flag_bars"":4,""flag_low"":127.32,""flag_high"":130.08,""structural_low"":127.32,""current_price"":128.06,""neckline_distance_pct"":0.018897391847571353,""base_bars"":4},""pattern_geometry_features"":{""pole_gain"":0.1266729988774716,""pullback_pct"":0.024218270999386855,""flag_range_pct"":0.021152667075414005,""flag_drift_per_bar"":0.0002772138060284753,""atr_pct"":0.05794409648187632,""pole_atr_multiple"":2.186124326178634},""_schema_version"":""1.0""}",,,,,,,,,,
20260602T213437Z-756d21,2026-06-02T21:34:37.658687+00:00,FLEX,double_bottom,setup,60.04,100.0,67.0,25.9,53.8,20.8,54.5,31.6,84.0,93.4,15.0,16.76,2.07,7.53,2.7,4.36,1.9,5.04,4.67,False,,159.43,154.25,137.0924,169.3199,"{""trend"":{""T1_ema_stack"":{""value"":[true,true,true],""score"":100.0},""T2_ema50_slope"":{""value"":1.0930168021631996,""score"":100},""T3_high_proximity"":{""value"":1.0,""score"":99.99999999999997},""T4_rs_1m"":{""value"":0.6845973445304625,""score"":100},""T5_rs_3m"":{""value"":1.4109526032822242,""score"":100},""T6_adr_healthy"":{""value"":5.527926438730223,""score"":100.0},""_score"":100.0},""geometry"":{""sub_low_similarity"":11.1,""sub_bounce_quality"":100,""sub_separation_fit"":100.0,""sub_right_bottom_reaction"":58.1,""sub_base_context"":100.0,""_score"":67.05},""compression"":{""VC1_atr_ratio"":{""value"":0.7763881815067493,""score"":55.90295462331268},""VC2_range_contraction"":{""value"":1.0897038500320364,""score"":0},""VC3_range_pct_rank"":{""score"":14.166666666666671},""_score"":25.9},""sr_quality"":{""SR1_touches"":{""value"":6,""score"":100},""SR2_tightness"":{""value"":1.5936619256709772,""score"":59.90600286914809},""SR3_recency"":{""value"":270,""score"":0.0},""SR4_price_location"":{""score"":30.0},""SR5_reaction"":{""value"":0.9744669113022355,""score"":48.72334556511178},""_score"":53.79,""_levels_found"":2,""_target_level"":67.765},""volume"":{""V1_rvol_day"":{""value"":0.7292228332212949,""score"":15.281522214752993},""V2_rvol_sameslot"":{""value"":0.7537046778540297,""score"":16.913645190268646,""status"":""ok""},""V3_breakout_bar"":{""value"":1.259765421394483,""score"":50.65102809296555},""V4_base_dryup"":{""value"":1.4170133022792957,""score"":8.29866977207044},""V5_bo_expansion"":{""value"":0.7292228332212949,""score"":0},""_score"":20.76},""readiness"":{""_distance_atr"":-0.652,""BR1_atr_distance"":{""score"":46.96794459399719},""BR2_compression"":{""score"":73.02676149612854},""BR3_retest"":{""score"":50.0},""BR4_bo_age"":{""score"":50.0},""_score"":54.54},""risk"":{""R1_stop_clarity"":{""score"":47.47675363089717},""R2_stop_distance_pct"":{""value"":14.010914821551781,""score"":0.0},""R3_stop_distance_atr"":{""value"":2.809892474760727,""score"":100.0},""R4_rr_potential"":{""value"":0.44274672909712265,""score"":0.0},""_score"":31.62},""market"":{""M1_spy_regime"":{""score"":100.0},""M3_earnings_risk"":{""value"":null,""score"":80.0},""M4_vix"":{""value"":null,""score"":60.0},""_score"":84.0},""liquidity"":{""L1_price"":{""value"":159.43,""score"":100.0},""L2_dollar_vol"":{""value"":876788951.0565001,""score"":100.0},""L3_spread_proxy"":{""value"":0.06582826318760587,""score"":34.17173681239413},""L4_volume_zscore"":{""value"":-0.5861086785163189,""score"":100.0},""_score"":93.42},""pattern_structure"":{""left_low"":139.1801,""left_idx"":50,""right_low"":145.51,""right_idx"":68,""separation_bars"":18,""structural_low"":139.1801,""current_price"":158.71,""neckline_distance_pct"":-0.028101568899250255,""base_bars"":18},""pattern_geometry_features"":{""low_similarity_pct"":0.0444687047424549,""bounce_pct"":0.10827625501059411,""right_bottom_reaction"":0.5805309734513271,""atr_pct"":0.04986281484932929},""_schema_version"":""1.0""}",,,,,,,,,,
20260602T213437Z-756d21,2026-06-02T21:34:37.658687+00:00,AMD,ascending_triangle,forming,59.95,100.0,60.5,39.2,40.3,13.6,67.6,61.9,84.0,93.2,15.0,16.95,3.14,5.65,1.63,5.41,2.47,5.04,4.66,False,,521.54,527.1999,479.3604,567.7395,"{""trend"":{""T1_ema_stack"":{""value"":[true,true,true],""score"":100.0},""T2_ema50_slope"":{""value"":1.0694999607788047,""score"":100},""T3_high_proximity"":{""value"":1.0,""score"":99.99999999999997},""T4_rs_1m"":{""value"":0.39254559421458146,""score"":100},""T5_rs_3m"":{""value"":1.6148180256945759,""score"":100},""T6_adr_healthy"":{""value"":5.424759575606923,""score"":100.0},""_score"":100.0},""geometry"":{""sub_flat_top_quality"":33.3,""sub_hl_slope"":100,""sub_compression"":22.2,""sub_duration"":100.0,""_score"":60.54},""compression"":{""VC1_atr_ratio"":{""value"":0.7537475255336477,""score"":61.563118616588085},""VC2_range_contraction"":{""value"":0.9680502460319373,""score"":5.324958994677109},""VC3_range_pct_rank"":{""score"":50.83333333333333},""_score"":39.2},""sr_quality"":{""SR1_touches"":{""value"":2,""score"":25.0},""SR2_tightness"":{""value"":3.2150999999999783,""score"":76.8148534850942},""SR3_recency"":{""value"":308,""score"":0.0},""SR4_price_location"":{""score"":30.0},""SR5_reaction"":{""value"":1.8428517306805257,""score"":92.14258653402628},""_score"":40.34,""_levels_found"":3,""_target_level"":263.7449},""volume"":{""V1_rvol_day"":{""value"":0.6217069016424877,""score"":8.113793442832511},""V2_rvol_sameslot"":{""value"":0.5760817964181691,""score"":5.072119761211277,""status"":""ok""},""V3_breakout_bar"":{""value"":0.5979123241420682,""score"":6.527488276137879},""V4_base_dryup"":{""value"":1.0351453099418213,""score"":46.48546900581787},""V5_bo_expansion"":{""value"":0.6217069016424879,""score"":0},""_score"":13.57},""readiness"":{""_distance_atr"":0.204,""BR1_atr_distance"":{""score"":86.39486477769317},""BR2_compression"":{""score"":62.19220173124964},""BR3_retest"":{""score"":50.0},""BR4_bo_age"":{""score"":50.0},""_score"":67.61},""risk"":{""R1_stop_clarity"":{""score"":47.35798097187588},""R2_stop_distance_pct"":{""value"":8.087510929171298,""score"":97.81222677071754},""R3_stop_distance_atr"":{""value"":1.52085519933017,""score"":100.0},""R4_rr_potential"":{""value"":1.0953042482890034,""score"":4.76521241445017},""_score"":61.87},""market"":{""M1_spy_regime"":{""score"":100.0},""M3_earnings_risk"":{""value"":null,""score"":80.0},""M4_vix"":{""value"":null,""score"":60.0},""_score"":84.0},""liquidity"":{""L1_price"":{""value"":521.54,""score"":89.23000000000002},""L2_dollar_vol"":{""value"":12594686348.0415,""score"":100.0},""L3_spread_proxy"":{""value"":0.0407830655366798,""score"":59.2169344633202},""L4_volume_zscore"":{""value"":-0.945948805686188,""score"":100.0},""_score"":93.23},""pattern_structure"":{""top"":527.1999,""top_touches"":2,""low_slope_per_bar"":1.8907455660377372,""lowest_low"":486.6603,""structural_low"":486.6603,""current_price"":517.08,""neckline_distance_pct"":0.019571246228823228,""base_bars"":54},""pattern_geometry_features"":{""top_touches"":2.0,""low_slope"":1.8907455660377372,""compression"":0.11091465662462219,""atr_pct"":0.05317738948936939},""_schema_version"":""1.0""}",,,,,,,,,,
20260602T213437Z-756d21,2026-06-02T21:34:37.658687+00:00,ASX,bull_flag,forming,59.79,97.5,70.0,1.7,41.6,40.4,33.3,80.3,84.0,94.5,13.65,21.0,0.15,4.16,5.66,3.0,2.41,5.04,4.72,False,,39.26,41.1,36.3662,50.17,"{""trend"":{""T1_ema_stack"":{""value"":[true,true,true],""score"":100.0},""T2_ema50_slope"":{""value"":0.6642782152503052,""score"":100},""T3_high_proximity"":{""value"":0.9669950738916255,""score"":83.49753694581274},""T4_rs_1m"":{""value"":0.18879155449227203,""score"":100},""T5_rs_3m"":{""value"":0.6432761033264218,""score"":100},""T6_adr_healthy"":{""value"":4.0466979529609235,""score"":100.0},""_score"":97.52},""geometry"":{""sub_pole_impulse"":100.0,""sub_flag_tightness"":40.4,""sub_flag_shallowness"":28.2,""sub_flag_drift"":95.0,""sub_flag_duration"":100.0,""_score"":69.99},""compression"":{""VC1_atr_ratio"":{""value"":1.0635188438175556,""score"":0},""VC2_range_contraction"":{""value"":1.2854975426545066,""score"":0},""VC3_range_pct_rank"":{""score"":6.666666666666665},""_score"":1.67},""sr_quality"":{""SR1_touches"":{""value"":2,""score"":25.0},""SR2_tightness"":{""value"":0.23249999999999993,""score"":77.10584064821066},""SR3_recency"":{""value"":232,""score"":0.0},""SR4_price_location"":{""score"":30.0},""SR5_reaction"":{""value"":3.7886141120864285,""score"":100},""_score"":41.57,""_levels_found"":5,""_target_level"":29.6525},""volume"":{""V1_rvol_day"":{""value"":1.1407299521002,""score"":42.71533014001332},""V2_rvol_sameslot"":{""value"":1.4764514812750933,""score"":65.09676541833956,""status"":""ok""},""V3_breakout_bar"":{""value"":1.2773642056280563,""score"":51.824280375203756},""V4_base_dryup"":{""value"":1.274677616369176,""score"":22.5322383630824},""V5_bo_expansion"":{""value"":1.1407299521002,""score"":9.381996806679993},""_score"":40.43},""readiness"":{""_distance_atr"":0.906,""BR1_atr_distance"":{""score"":39.605371745817266},""BR2_compression"":{""score"":0},""BR3_retest"":{""score"":50.0},""BR4_bo_age"":{""score"":50.0},""_score"":33.34},""risk"":{""R1_stop_clarity"":{""score"":45.46758946657638},""R2_stop_distance_pct"":{""value"":7.3708609271523144,""score"":100.0},""R3_stop_distance_atr"":{""value"":1.4247552329507087,""score"":96.23776164753544},""R4_rr_potential"":{""value"":3.770129241827358,""score"":100.0},""_score"":80.35},""market"":{""M1_spy_regime"":{""score"":100.0},""M3_earnings_risk"":{""value"":null,""score"":80.0},""M4_vix"":{""value"":null,""score"":60.0},""_score"":84.0},""liquidity"":{""L1_price"":{""value"":39.26,""score"":100.0},""L2_dollar_vol"":{""value"":411795355.2379079,""score"":100.0},""L3_spread_proxy"":{""value"":0.055527254202750884,""score"":44.47274579724912},""L4_volume_zscore"":{""value"":0.6579692200040147,""score"":100.0},""_score"":94.45},""pattern_structure"":{""pole_low"":32.03,""pole_low_idx"":14,""peak_price"":41.1,""peak_idx"":39,""pole_gain"":0.28317202622541365,""flag_bars"":20,""flag_low"":36.92,""flag_high"":41.08,""structural_low"":36.92,""current_price"":39.03,""neckline_distance_pct"":0.05303612605687933,""base_bars"":20},""pattern_geometry_features"":{""pole_gain"":0.28317202622541365,""pullback_pct"":0.10170316301703163,""flag_range_pct"":0.10121654501216536,""flag_drift_per_bar"":-0.0010029108127736742,""atr_pct"":0.05173422603886179,""pole_atr_multiple"":5.473591622163248},""_schema_version"":""1.0""}",,,,,,,,,,
20260602T213437Z-756d21,2026-06-02T21:34:37.658687+00:00,APH,double_bottom,forming,59.12,64.0,75.7,42.6,59.2,13.8,48.8,57.1,84.0,94.6,9.6,18.93,3.41,8.29,1.8,3.9,3.42,5.04,4.73,False,,148.4,151.615,136.0974,165.06,"{""trend"":{""T1_ema_stack"":{""value"":[true,true,true],""score"":100.0},""T2_ema50_slope"":{""value"":-0.18742617776260892,""score"":18.762303706231847},""T3_high_proximity"":{""value"":0.9711406321575813,""score"":85.57031607879063},""T4_rs_1m"":{""value"":-0.011139617407354585,""score"":38.860382592645415},""T5_rs_3m"":{""value"":0.028765574568511365,""score"":64.38278728425568},""T6_adr_healthy"":{""value"":4.24871041883992,""score"":100.0},""_score"":64.02},""geometry"":{""sub_low_similarity"":52.4,""sub_bounce_quality"":96.2,""sub_separation_fit"":100.0,""sub_right_bottom_reaction"":38.5,""sub_base_context"":100.0,""_score"":75.73},""compression"":{""VC1_atr_ratio"":{""value"":0.666815857899738,""score"":83.2960355250655},""VC2_range_contraction"":{""value"":0.9158730385161711,""score"":14.02116024730482},""VC3_range_pct_rank"":{""score"":17.500000000000004},""_score"":42.6},""sr_quality"":{""SR1_touches"":{""value"":4,""score"":75.0},""SR2_tightness"":{""value"":0.8111967405475642,""score"":72.84576994400015},""SR3_recency"":{""value"":246,""score"":0.0},""SR4_price_location"":{""score"":43.088297975835545},""SR5_reaction"":{""value"":2.8045550131924557,""score"":100},""_score"":59.2,""_levels_found"":6,""_target_level"":155.1762},""volume"":{""V1_rvol_day"":{""value"":0.9079293305938064,""score"":27.195288706253763},""V2_rvol_sameslot"":{""value"":0.6841564872785851,""score"":12.277099151905675,""status"":""ok""},""V3_breakout_bar"":{""value"":0.8554764527797377,""score"":23.698430185315846},""V4_base_dryup"":{""value"":1.6121589465813349,""score"":0},""V5_bo_expansion"":{""value"":0.9079293305938064,""score"":0},""_score"":13.82},""readiness"":{""_distance_atr"":0.538,""BR1_atr_distance"":{""score"":64.12672566907717},""BR2_compression"":{""score"":22.492330387834123},""BR3_retest"":{""score"":50.0},""BR4_bo_age"":{""score"":50.0},""_score"":48.77},""risk"":{""R1_stop_clarity"":{""score"":30.62287273914066},""R2_stop_distance_pct"":{""value"":8.29012803234503,""score"":92.74679919137424},""R3_stop_distance_atr"":{""value"":2.0590952618346576,""score"":100.0},""R4_rr_potential"":{""value"":1.354190797842723,""score"":17.70953989213615},""_score"":57.08},""market"":{""M1_spy_regime"":{""score"":100.0},""M3_earnings_risk"":{""value"":null,""score"":80.0},""M4_vix"":{""value"":null,""score"":60.0},""_score"":84.0},""liquidity"":{""L1_price"":{""value"":148.4,""score"":100.0},""L2_dollar_vol"":{""value"":1708848061.2938843,""score"":100.0},""L3_spread_proxy"":{""value"":0.054144204851752,""score"":45.855795148248006},""L4_volume_zscore"":{""value"":-0.28374017941816126,""score"":100.0},""_score"":94.59},""pattern_structure"":{""left_low"":138.17,""left_idx"":50,""right_low"":141.5,""right_idx"":74,""separation_bars"":24,""structural_low"":138.17,""current_price"":148.93,""neckline_distance_pct"":0.018028604042167475,""base_bars"":24},""pattern_geometry_features"":{""low_similarity_pct"":0.02381378052704983,""bounce_pct"":0.09730766447130364,""right_bottom_reaction"":0.385204081632651,""atr_pct"":0.04026102233346169},""_schema_version"":""1.0""}",,,,,,,,,,
20260602T213437Z-756d21,2026-06-02T21:34:37.658687+00:00,RKLB,double_bottom,forming,59.05,85.6,80.0,39.6,34.2,5.8,35.9,80.5,84.0,95.3,12.84,20.0,3.17,4.79,0.76,2.87,4.83,5.04,4.76,False,,123.32,150.85,119.9237,179.95,"{""trend"":{""T1_ema_stack"":{""value"":[true,true,true],""score"":100.0},""T2_ema50_slope"":{""value"":1.2765977296695086,""score"":100},""T3_high_proximity"":{""value"":0.8208746588564202,""score"":10.437329428210074},""T4_rs_1m"":{""value"":0.5107692442320901,""score"":100},""T5_rs_3m"":{""value"":0.6419757073083461,""score"":100},""T6_adr_healthy"":{""value"":8.786685056821863,""score"":80.33287357945342},""_score"":85.58},""geometry"":{""sub_low_similarity"":66.6,""sub_bounce_quality"":100,""sub_separation_fit"":40.0,""sub_right_bottom_reaction"":93.6,""sub_base_context"":100.0,""_score"":80.02},""compression"":{""VC1_atr_ratio"":{""value"":0.9184888372680942,""score"":20.37779068297646},""VC2_range_contraction"":{""value"":0.8682082614149781,""score"":21.965289764170322},""VC3_range_pct_rank"":{""score"":95.0},""_score"":39.59},""sr_quality"":{""SR1_touches"":{""value"":2,""score"":25.0},""SR2_tightness"":{""value"":1.6149999999999949,""score"":73.81431908543536},""SR3_recency"":{""value"":251,""score"":0.0},""SR4_price_location"":{""score"":30.0},""SR5_reaction"":{""value"":1.083098133184473,""score"":54.15490665922364},""_score"":34.2,""_levels_found"":4,""_target_level"":91.485},""volume"":{""V1_rvol_day"":{""value"":0.6156318268357001,""score"":7.7087884557133375},""V2_rvol_sameslot"":{""value"":0.4495855963461769,""score"":0,""status"":""ok""},""V3_breakout_bar"":{""value"":0.3524576092680801,""score"":0},""V4_base_dryup"":{""value"":1.2864651137158227,""score"":21.353488628417722},""V5_bo_expansion"":{""value"":0.6156318268357001,""score"":0},""_score"":5.81},""readiness"":{""_distance_atr"":2.232,""BR1_atr_distance"":{""score"":0},""BR2_compression"":{""score"":73.5285156349436},""BR3_retest"":{""score"":50.0},""BR4_bo_age"":{""score"":50.0},""_score"":35.88},""risk"":{""R1_stop_clarity"":{""score"":70.38910230945889},""R2_stop_distance_pct"":{""value"":2.7540139474537746,""score"":100.0},""R3_stop_distance_atr"":{""value"":0.2753347331457905,""score"":38.76673665728953},""R4_rr_potential"":{""value"":16.674273095325752,""score"":100.0},""_score"":80.45},""market"":{""M1_spy_regime"":{""score"":100.0},""M3_earnings_risk"":{""value"":null,""score"":80.0},""M4_vix"":{""value"":null,""score"":60.0},""_score"":84.0},""liquidity"":{""L1_price"":{""value"":123.32,""score"":100.0},""L2_dollar_vol"":{""value"":2381831460.615095,""score"":100.0},""L3_spread_proxy"":{""value"":0.047356470969834606,""score"":52.643529030165396},""L4_volume_zscore"":{""value"":-0.8488095634523786,""score"":100.0},""_score"":95.26},""pattern_structure"":{""left_low"":123.8,""left_idx"":32,""right_low"":121.75,""right_idx"":71,""separation_bars"":39,""structural_low"":121.75,""current_price"":123.775,""neckline_distance_pct"":0.21874368814380923,""base_bars"":39},""pattern_geometry_features"":{""low_similarity_pct"":0.01669721034412541,""bounce_pct"":0.2390143737166324,""right_bottom_reaction"":0.9358669833729225,""atr_pct"":0.10002421111162596},""_schema_version"":""1.0""}",,,,,,,,,,
20260602T213437Z-756d21,2026-06-02T21:34:37.658687+00:00,ESLT,breakout_retest_hold,setup,58.91,42.7,80.0,42.9,40.8,15.9,88.7,55.6,84.0,68.0,5.97,17.6,2.57,5.71,2.07,15.97,2.78,4.2,2.04,True,weak_retest_trend,849.15,840.4399,829.4022,848.8725,"{""trend"":{""T1_ema_stack"":{""value"":[true,true,true],""score"":100.0},""T2_ema50_slope"":{""value"":-0.14312039167243892,""score"":26.146601387926847},""T3_high_proximity"":{""value"":0.8371535890686462,""score"":18.576794534323092},""T4_rs_1m"":{""value"":-0.032436096113614976,""score"":17.56390388638502},""T5_rs_3m"":{""value"":-0.0847991747879222,""score"":7.600412606038901},""T6_adr_healthy"":{""value"":3.0280098749049373,""score"":100.0},""_score"":42.67},""geometry"":{""sub_retest_depth"":100.0,""sub_retest_timing"":0.0,""sub_retest_freshness"":100.0,""sub_hold_quality"":100.0,""_score"":80.0},""compression"":{""VC1_atr_ratio"":{""value"":0.8163344026964979,""score"":45.91639932587552},""VC2_range_contraction"":{""value"":0.9476237365521621,""score"":8.72937724130631},""VC3_range_pct_rank"":{""score"":85.83333333333334},""_score"":42.88},""sr_quality"":{""SR1_touches"":{""value"":2,""score"":25.0},""SR2_tightness"":{""value"":4.694999999999993,""score"":71.80450523083698},""SR3_recency"":{""value"":249,""score"":0.0},""SR4_price_location"":{""score"":30.0},""SR5_reaction"":{""value"":2.3659743478049178,""score"":100},""_score"":40.77,""_levels_found"":2,""_target_level"":805.305},""volume"":{""V1_rvol_day"":{""value"":0.4814689893155013,""score"":0},""V2_rvol_sameslot"":{""value"":0.2731862288679812,""score"":0,""status"":""ok""},""V3_breakout_bar"":{""value"":0.391065018854939,""score"":0},""V4_base_dryup"":{""value"":0.7046631552651298,""score"":79.53368447348703},""V5_bo_expansion"":{""value"":0.4814689893155014,""score"":0},""_score"":15.91},""readiness"":{""_distance_atr"":-0.262,""BR1_atr_distance"":{""score"":100.0},""BR2_compression"":{""score"":100},""BR3_retest"":{""score"":96.00653905556462},""BR4_bo_age"":{""score"":30.0},""_score"":88.7},""risk"":{""R1_stop_clarity"":{""score"":49.68770690583734},""R2_stop_distance_pct"":{""value"":2.325596184419712,""score"":100.0},""R3_stop_distance_atr"":{""value"":0.5929701721006154,""score"":54.64850860503076},""R4_rr_potential"":{""value"":-0.0140536450353228,""score"":0.0},""_score"":55.59},""market"":{""M1_spy_regime"":{""score"":100.0},""M3_earnings_risk"":{""value"":null,""score"":80.0},""M4_vix"":{""value"":null,""score"":60.0},""_score"":84.0},""liquidity"":{""L1_price"":{""value"":849.15,""score"":0.0},""L2_dollar_vol"":{""value"":55709536.653794244,""score"":87.29647731846919},""L3_spread_proxy"":{""value"":0.019101454395572075,""score"":80.89854560442792},""L4_volume_zscore"":{""value"":-1.26856297736592,""score"":100.0},""_score"":68.01},""pattern_structure"":{""level"":840.4399,""level_idx"":49,""breakout_idx"":56,""bo_peak_idx"":58,""bo_peak_price"":902.18,""retest_idx"":74,""retest_low"":837.78,""structural_low"":837.78,""current_price"":846.53,""neckline_distance_pct"":-0.0071941927633988245,""base_bars"":30,""bars_since_breakout"":23},""pattern_geometry_features"":{""retest_depth_atr"":0.31543165955139874,""bars_breakout_to_retest"":18.0,""bars_since_retest"":5.0,""current_above_level_atr"":0.7222114928508517,""bo_peak_excess_pct"":0.07346164788225784,""atr_pct"":0.03921944633709339},""_schema_version"":""1.0""}",,,,,,,,,,
20260602T213437Z-756d21,2026-06-02T21:34:37.658687+00:00,NXPI,double_bottom,forming,58.86,96.4,60.6,21.1,52.2,31.9,36.2,55.2,84.0,97.3,14.46,15.15,1.69,7.31,4.14,2.89,3.31,5.04,4.87,False,,323.62,339.95,293.0178,382.42,"{""trend"":{""T1_ema_stack"":{""value"":[true,true,true],""score"":100.0},""T2_ema50_slope"":{""value"":0.6888456090691752,""score"":100},""T3_high_proximity"":{""value"":0.9727958637689,""score"":86.39793188445},""T4_rs_1m"":{""value"":0.042118386871927704,""score"":92.1183868719277},""T5_rs_3m"":{""value"":0.38698820359655683,""score"":100},""T6_adr_healthy"":{""value"":3.974189190759155,""score"":100.0},""_score"":96.38},""geometry"":{""sub_low_similarity"":11.0,""sub_bounce_quality"":100,""sub_separation_fit"":40.0,""sub_right_bottom_reaction"":75.4,""sub_base_context"":100.0,""_score"":60.61},""compression"":{""VC1_atr_ratio"":{""value"":0.9580743303628013,""score"":10.48141740929967},""VC2_range_contraction"":{""value"":1.170086265442855,""score"":0},""VC3_range_pct_rank"":{""score"":67.5},""_score"":21.07},""sr_quality"":{""SR1_touches"":{""value"":4,""score"":75.0},""SR2_tightness"":{""value"":2.690469289919503,""score"":60.257898700774916},""SR3_recency"":{""value"":291,""score"":0.0},""SR4_price_location"":{""score"":30.0},""SR5_reaction"":{""value"":1.760016881643851,""score"":88.00084408219256},""_score"":52.24,""_levels_found"":5,""_target_level"":243.145},""volume"":{""V1_rvol_day"":{""value"":0.9844615724282821,""score"":32.29743816188548},""V2_rvol_sameslot"":{""value"":1.1109929138854302,""score"":40.73286092569535,""status"":""ok""},""V3_breakout_bar"":{""value"":1.4156105970342525,""score"":61.04070646895017},""V4_base_dryup"":{""value"":1.4001623837179753,""score"":9.983761628202473},""V5_bo_expansion"":{""value"":0.9844615724282821,""score"":0},""_score"":31.86},""readiness"":{""_distance_atr"":1.206,""BR1_atr_distance"":{""score"":19.5941371457713},""BR2_compression"":{""score"":43.28578642511342},""BR3_retest"":{""score"":50.0},""BR4_bo_age"":{""score"":50.0},""_score"":36.16},""risk"":{""R1_stop_clarity"":{""score"":34.086887710690874},""R2_stop_distance_pct"":{""value"":9.456214078239904,""score"":63.59464804400239},""R3_stop_distance_atr"":{""value"":2.260192556250164,""score"":100.0},""R4_rr_potential"":{""value"":1.9214304853899389,""score"":46.07152426949695},""_score"":55.22},""market"":{""M1_spy_regime"":{""score"":100.0},""M3_earnings_risk"":{""value"":null,""score"":80.0},""M4_vix"":{""value"":null,""score"":60.0},""_score"":84.0},""liquidity"":{""L1_price"":{""value"":323.62,""score"":100.0},""L2_dollar_vol"":{""value"":1250325676.0928595,""score"":100.0},""L3_spread_proxy"":{""value"":0.02652802669797905,""score"":73.47197330202096},""L4_volume_zscore"":{""value"":-0.05835492261946927,""score"":100.0},""_score"":97.35},""pattern_structure"":{""left_low"":297.48,""left_idx"":34,""right_low"":311.02,""right_idx"":73,""separation_bars"":39,""structural_low"":297.48,""current_price"":321.65,""neckline_distance_pct"":0.05689413959272505,""base_bars"":39},""pattern_geometry_features"":{""low_similarity_pct"":0.044502875924404155,""bounce_pct"":0.14276590022858668,""right_bottom_reaction"":0.7538071065989812,""atr_pct"":0.04183809052945693},""_schema_version"":""1.0""}",,,,,,,,,,
20260602T213437Z-756d21,2026-06-02T21:34:37.658687+00:00,POWI,high_tight_pullback,forming,58.63,97.5,60.4,49.3,40.0,22.9,42.5,79.9,84.0,95.5,11.7,21.15,4.93,3.2,3.21,3.82,0.8,5.04,4.78,False,,84.19,89.0,79.0857,107.92,"{""trend"":{""T1_ema_stack"":{""value"":[true,true,true],""score"":100.0},""T2_ema50_slope"":{""value"":0.5812388315967022,""score"":100},""T3_high_proximity"":{""value"":0.9669231652693235,""score"":83.46158263466175},""T4_rs_1m"":{""value"":0.09424742862426938,""score"":100},""T5_rs_3m"":{""value"":0.6374854451761154,""score"":100},""T6_adr_healthy"":{""value"":6.543860851686277,""score"":100.0},""_score"":97.52},""geometry"":{""sub_pole_impulse"":83.7,""sub_flag_tightness"":60.2,""sub_flag_shallowness"":27.5,""sub_flag_drift"":98.5,""sub_flag_duration"":0.0,""_score"":60.43},""compression"":{""VC1_atr_ratio"":{""value"":0.708776014349539,""score"":72.80599641261526},""VC2_range_contraction"":{""value"":0.8539355199850617,""score"":24.344080002489722},""VC3_range_pct_rank"":{""score"":46.666666666666664},""_score"":49.31},""sr_quality"":{""SR1_touches"":{""value"":2,""score"":25.0},""SR2_tightness"":{""value"":0.865000000000002,""score"":66.89882136843708},""SR3_recency"":{""value"":233,""score"":0.0},""SR4_price_location"":{""score"":30.0},""SR5_reaction"":{""value"":2.083652227154449,""score"":100},""_score"":40.03,""_levels_found"":6,""_target_level"":75.355},""volume"":{""V1_rvol_day"":{""value"":0.7858356024312338,""score"":19.05570682874892},""V2_rvol_sameslot"":{""value"":0.6880730550658243,""score"":12.538203671054951,""status"":""ok""},""V3_breakout_bar"":{""value"":1.0249682309567747,""score"":34.99788206378498},""V4_base_dryup"":{""value"":1.1083299422094972,""score"":39.16700577905028},""V5_bo_expansion"":{""value"":0.7858356024312338,""score"":0},""_score"":22.9},""readiness"":{""_distance_atr"":0.92,""BR1_atr_distance"":{""score"":38.64482881779677},""BR2_compression"":{""score"":38.16580065921371},""BR3_retest"":{""score"":50.0},""BR4_bo_age"":{""score"":50.0},""_score"":42.5},""risk"":{""R1_stop_clarity"":{""score"":53.912827185060245},""R2_stop_distance_pct"":{""value"":6.0628934552797205,""score"":100.0},""R3_stop_distance_atr"":{""value"":0.9766474054798712,""score"":73.83237027399356},""R4_rr_potential"":{""value"":4.648975873519649,""score"":100.0},""_score"":79.94},""market"":{""M1_spy_regime"":{""score"":100.0},""M3_earnings_risk"":{""value"":null,""score"":80.0},""M4_vix"":{""value"":null,""score"":60.0},""_score"":84.0},""liquidity"":{""L1_price"":{""value"":84.19,""score"":100.0},""L2_dollar_vol"":{""value"":98453276.02947466,""score"":99.66150859244833},""L3_spread_proxy"":{""value"":0.04347309656728824,""score"":56.52690343271176},""L4_volume_zscore"":{""value"":-0.4388915534882902,""score"":100.0},""_score"":95.52},""pattern_structure"":{""pole_low"":70.08,""pole_low_idx"":17,""peak_price"":89.0,""peak_idx"":42,""pole_gain"":0.2699771689497717,""flag_bars"":17,""flag_low"":80.29,""flag_high"":86.035,""structural_low"":80.29,""current_price"":83.9,""neckline_distance_pct"":0.06078665077473175,""base_bars"":17},""pattern_geometry_features"":{""pole_gain"":0.2699771689497717,""pullback_pct"":0.09786516853932577,""flag_range_pct"":0.0645505617977527,""flag_drift_per_bar"":-0.00029194126995253747,""atr_pct"":0.06207863166646868,""pole_atr_multiple"":4.348954893211634},""_schema_version"":""1.0""}",,,,,,,,,,
20260602T213437Z-756d21,2026-06-02T21:34:37.658687+00:00,ADI,double_bottom,forming,58.52,90.4,62.2,13.1,55.2,25.8,46.6,61.3,84.0,96.5,13.56,15.55,1.05,7.73,3.35,3.73,3.68,5.04,4.82,False,,423.2,433.5,393.9114,467.09,"{""trend"":{""T1_ema_stack"":{""value"":[true,true,true],""score"":100.0},""T2_ema50_slope"":{""value"":0.4072487991264535,""score"":100},""T3_high_proximity"":{""value"":0.9787460394551215,""score"":89.37301972756073},""T4_rs_1m"":{""value"":0.010138640498319251,""score"":60.13864049831925},""T5_rs_3m"":{""value"":0.13194151934742826,""score"":100},""T6_adr_healthy"":{""value"":3.262874245625284,""score"":100.0},""_score"":90.43},""geometry"":{""sub_low_similarity"":63.9,""sub_bounce_quality"":77.1,""sub_separation_fit"":0.0,""sub_right_bottom_reaction"":50.9,""sub_base_context"":100.0,""_score"":62.22},""compression"":{""VC1_atr_ratio"":{""value"":0.9206900437423808,""score"":19.82748906440479},""VC2_range_contraction"":{""value"":1.6290644488425223,""score"":0},""VC3_range_pct_rank"":{""score"":20.833333333333336},""_score"":13.14},""sr_quality"":{""SR1_touches"":{""value"":2,""score"":25.0},""SR2_tightness"":{""value"":1.1100000000000136,""score"":87.49684202734589},""SR3_recency"":{""value"":227,""score"":0.0},""SR4_price_location"":{""score"":78.37991473235427},""SR5_reaction"":{""value"":2.9213459641511754,""score"":100},""_score"":55.22,""_levels_found"":4,""_target_level"":434.61},""volume"":{""V1_rvol_day"":{""value"":0.9927423172778748,""score"":32.849487818524985},""V2_rvol_sameslot"":{""value"":0.7288849939770871,""score"":15.25899959847247,""status"":""ok""},""V3_breakout_bar"":{""value"":0.7526037721516511,""score"":16.84025147677674},""V4_base_dryup"":{""value"":0.90406835933017,""score"":59.59316406698299},""V5_bo_expansion"":{""value"":0.9927423172778745,""score"":0},""_score"":25.75},""readiness"":{""_distance_atr"":0.58,""BR1_atr_distance"":{""score"":61.326568432932156},""BR2_compression"":{""score"":18.428475536278672},""BR3_retest"":{""score"":50.0},""BR4_bo_age"":{""score"":50.0},""_score"":46.64},""risk"":{""R1_stop_clarity"":{""score"":32.43056885345888},""R2_stop_distance_pct"":{""value"":6.920758506616248,""score"":100.0},""R3_stop_distance_atr"":{""value"":1.6495523322332022,""score"":100.0},""R4_rr_potential"":{""value"":1.4985327080626811,""score"":24.926635403134057},""_score"":61.34},""market"":{""M1_spy_regime"":{""score"":100.0},""M3_earnings_risk"":{""value"":null,""score"":80.0},""M4_vix"":{""value"":null,""score"":60.0},""_score"":84.0},""liquidity"":{""L1_price"":{""value"":423.2,""score"":100.0},""L2_dollar_vol"":{""value"":2021258142.2823687,""score"":100.0},""L3_spread_proxy"":{""value"":0.03537334593572786,""score"":64.62665406427215},""L4_volume_zscore"":{""value"":-0.02103516334578892,""score"":100.0},""_score"":96.46},""pattern_structure"":{""left_low"":407.19,""left_idx"":20,""right_low"":399.91,""right_idx"":68,""separation_bars"":48,""structural_low"":399.91,""current_price"":419.7511,""neckline_distance_pct"":0.0327548873606287,""base_bars"":48},""pattern_geometry_features"":{""low_similarity_pct"":0.018039895923677295,""bounce_pct"":0.08399389862719105,""right_bottom_reaction"":0.50893362037322,""atr_pct"":0.041955374021064036},""_schema_version"":""1.0""}",,,,,,,,,,
20260602T213437Z-756d21,2026-06-02T21:34:37.658687+00:00,POWI,ascending_triangle,forming,58.15,97.5,55.0,49.3,40.0,19.1,42.5,76.4,84.0,95.5,14.63,15.4,3.94,5.6,2.3,3.4,3.06,5.04,4.78,False,,84.19,89.0,79.0857,97.71,"{""trend"":{""T1_ema_stack"":{""value"":[true,true,true],""score"":100.0},""T2_ema50_slope"":{""value"":0.5812388315967022,""score"":100},""T3_high_proximity"":{""value"":0.9669231652693235,""score"":83.46158263466175},""T4_rs_1m"":{""value"":0.09424742862426938,""score"":100},""T5_rs_3m"":{""value"":0.6374854451761154,""score"":100},""T6_adr_healthy"":{""value"":6.543860851686277,""score"":100.0},""_score"":97.52},""geometry"":{""sub_flat_top_quality"":33.3,""sub_hl_slope"":100,""sub_compression"":0,""sub_duration"":100.0,""_score"":54.99},""compression"":{""VC1_atr_ratio"":{""value"":0.708776014349539,""score"":72.80599641261526},""VC2_range_contraction"":{""value"":0.8539355199850617,""score"":24.344080002489722},""VC3_range_pct_rank"":{""score"":46.666666666666664},""_score"":49.31},""sr_quality"":{""SR1_touches"":{""value"":2,""score"":25.0},""SR2_tightness"":{""value"":0.865000000000002,""score"":66.89882136843708},""SR3_recency"":{""value"":233,""score"":0.0},""SR4_price_location"":{""score"":30.0},""SR5_reaction"":{""value"":2.083652227154449,""score"":100},""_score"":40.03,""_levels_found"":6,""_target_level"":75.355},""volume"":{""V1_rvol_day"":{""value"":0.7858356024312338,""score"":19.05570682874892},""V2_rvol_sameslot"":{""value"":0.6880730550658243,""score"":12.538203671054951,""status"":""ok""},""V3_breakout_bar"":{""value"":1.0249682309567747,""score"":34.99788206378498},""V4_base_dryup"":{""value"":1.2957314581549813,""score"":20.426854184501877},""V5_bo_expansion"":{""value"":0.7858356024312338,""score"":0},""_score"":19.15},""readiness"":{""_distance_atr"":0.92,""BR1_atr_distance"":{""score"":38.64482881779677},""BR2_compression"":{""score"":38.16580065921371},""BR3_retest"":{""score"":50.0},""BR4_bo_age"":{""score"":50.0},""_score"":42.5},""risk"":{""R1_stop_clarity"":{""score"":53.912827185060245},""R2_stop_distance_pct"":{""value"":6.0628934552797205,""score"":100.0},""R3_stop_distance_atr"":{""value"":0.9766474054798712,""score"":73.83237027399356},""R4_rr_potential"":{""value"":2.6487211887899544,""score"":82.43605943949773},""_score"":76.43},""market"":{""M1_spy_regime"":{""score"":100.0},""M3_earnings_risk"":{""value"":null,""score"":80.0},""M4_vix"":{""value"":null,""score"":60.0},""_score"":84.0},""liquidity"":{""L1_price"":{""value"":84.19,""score"":100.0},""L2_dollar_vol"":{""value"":98453276.02947466,""score"":99.66150859244833},""L3_spread_proxy"":{""value"":0.04347309656728824,""score"":56.52690343271176},""L4_volume_zscore"":{""value"":-0.4388915534882902,""score"":100.0},""_score"":95.52},""pattern_structure"":{""top"":89.0,""top_touches"":2,""low_slope_per_bar"":0.3802759007897338,""lowest_low"":80.29,""structural_low"":80.29,""current_price"":83.9,""neckline_distance_pct"":0.06078665077473175,""base_bars"":48},""pattern_geometry_features"":{""top_touches"":2.0,""low_slope"":0.3802759007897338,""compression"":-0.4232256593200723,""atr_pct"":0.06207863166646868},""_schema_version"":""1.0""}",,,,,,,,,,
20260602T213437Z-756d21,2026-06-02T21:34:37.658687+00:00,VOYG,double_bottom,forming,58.1,94.0,75.1,32.0,33.9,3.0,67.0,42.7,84.0,91.4,14.1,18.77,2.56,4.74,0.4,5.36,2.56,5.04,4.57,False,,49.95,51.39,43.4287,58.69,"{""trend"":{""T1_ema_stack"":{""value"":[true,true,true],""score"":100.0},""T2_ema50_slope"":{""value"":0.7010507178774383,""score"":100},""T3_high_proximity"":{""value"":0.9648445045393085,""score"":82.42225226965422},""T4_rs_1m"":{""value"":0.8238127494549876,""score"":100},""T5_rs_3m"":{""value"":0.6579498471891412,""score"":100},""T6_adr_healthy"":{""value"":10.706807066953122,""score"":32.32982332617196},""_score"":93.98},""geometry"":{""sub_low_similarity"":52.0,""sub_bounce_quality"":100,""sub_separation_fit"":100.0,""sub_right_bottom_reaction"":30.0,""sub_base_context"":100.0,""_score"":75.1},""compression"":{""VC1_atr_ratio"":{""value"":0.7672548807523233,""score"":58.18627981191917},""VC2_range_contraction"":{""value"":1.0271717585757854,""score"":0},""VC3_range_pct_rank"":{""score"":35.0},""_score"":32.02},""sr_quality"":{""SR1_touches"":{""value"":2,""score"":25.0},""SR2_tightness"":{""value"":0.9945000000000022,""score"":58.62407132243676},""SR3_recency"":{""value"":154,""score"":0.0},""SR4_price_location"":{""score"":30.0},""SR5_reaction"":{""value"":1.3426894502228826,""score"":67.13447251114412},""_score"":33.86,""_levels_found"":3,""_target_level"":34.9345},""volume"":{""V1_rvol_day"":{""value"":0.7165122664361377,""score"":14.434151095742518},""V2_rvol_sameslot"":{""value"":0.5113190954687744,""score"":0.7546063645849606,""status"":""ok""},""V3_breakout_bar"":{""value"":0.49691187229779776,""score"":0},""V4_base_dryup"":{""value"":1.8868764308867518,""score"":0},""V5_bo_expansion"":{""value"":0.7165122664361377,""score"":0},""_score"":3.04},""readiness"":{""_distance_atr"":0.3,""BR1_atr_distance"":{""score"":80.02971768202083},""BR2_compression"":{""score"":70.03131527863151},""BR3_retest"":{""score"":50.0},""BR4_bo_age"":{""score"":50.0},""_score"":67.02},""risk"":{""R1_stop_clarity"":{""score"":72.48469539375934},""R2_stop_distance_pct"":{""value"":13.055755755755753,""score"":0.0},""R3_stop_distance_atr"":{""value"":1.3565958395245168,""score"":92.82979197622583},""R4_rr_potential"":{""value"":1.34021329939353,""score"":17.010664969676505},""_score"":42.7},""market"":{""M1_spy_regime"":{""score"":100.0},""M3_earnings_risk"":{""value"":null,""score"":80.0},""M4_vix"":{""value"":null,""score"":60.0},""_score"":84.0},""liquidity"":{""L1_price"":{""value"":49.95,""score"":100.0},""L2_dollar_vol"":{""value"":101581122.58785675,""score"":100.0},""L3_spread_proxy"":{""value"":0.08588388388388393,""score"":14.11611611611606},""L4_volume_zscore"":{""value"":-0.9283967958833529,""score"":100.0},""_score"":91.41},""pattern_structure"":{""left_low"":45.16,""left_idx"":49,""right_low"":44.09,""right_idx"":68,""separation_bars"":19,""structural_low"":44.09,""current_price"":49.655,""neckline_distance_pct"":0.03494109354546369,""base_bars"":19},""pattern_geometry_features"":{""low_similarity_pct"":0.023977591036414413,""bounce_pct"":0.16557042413245626,""right_bottom_reaction"":0.29999999999999855,""atr_pct"":0.09623909623909623},""_schema_version"":""1.0""}",,,,,,,,,,
20260602T213437Z-756d21,2026-06-02T21:34:37.658687+00:00,SATS,double_bottom,forming,58.04,49.0,70.7,49.2,52.4,24.2,52.9,76.3,84.0,94.9,7.36,17.68,3.93,7.34,3.15,4.23,4.58,5.04,4.74,True,reversal_trend_cap,123.55,131.77,120.889,140.81,"{""trend"":{""T1_ema_stack"":{""value"":[false,true,true],""score"":66.66666666666666},""T2_ema50_slope"":{""value"":0.2699371038831592,""score"":94.98951731385986},""T3_high_proximity"":{""value"":0.8712976022566995,""score"":35.648801128349724},""T4_rs_1m"":{""value"":-0.051003065044729956,""score"":0},""T5_rs_3m"":{""value"":-0.059586660612307885,""score"":20.20666969384606},""T6_adr_healthy"":{""value"":6.091726732430978,""score"":100.0},""_score"":49.04},""geometry"":{""sub_low_similarity"":86.4,""sub_bounce_quality"":62.4,""sub_separation_fit"":100.0,""sub_right_bottom_reaction"":75.3,""sub_base_context"":30.0,""_score"":70.7},""compression"":{""VC1_atr_ratio"":{""value"":0.6249003226479217,""score"":93.77491933801957},""VC2_range_contraction"":{""value"":1.3389363027708105,""score"":0},""VC3_range_pct_rank"":{""score"":46.666666666666664},""_score"":49.18},""sr_quality"":{""SR1_touches"":{""value"":2,""score"":25.0},""SR2_tightness"":{""value"":0.17499999999999716,""score"":96.01286948087568},""SR3_recency"":{""value"":245,""score"":0.0},""SR4_price_location"":{""score"":82.10089025244194},""SR5_reaction"":{""value"":1.329121350351599,""score"":66.45606751757995},""_score"":52.4,""_levels_found"":5,""_target_level"":124.785},""volume"":{""V1_rvol_day"":{""value"":0.7010173588661229,""score"":13.401157257741527},""V2_rvol_sameslot"":{""value"":0.6868972991067319,""score"":12.459819940448796,""status"":""ok""},""V3_breakout_bar"":{""value"":0.8040680774545397,""score"":20.271205163635976},""V4_base_dryup"":{""value"":0.8016942737504593,""score"":69.83057262495407},""V5_bo_expansion"":{""value"":0.7010173588661229,""score"":0},""_score"":24.21},""readiness"":{""_distance_atr"":0.936,""BR1_atr_distance"":{""score"":37.57292787199511},""BR2_compression"":{""score"":81.33612570558448},""BR3_retest"":{""score"":50.0},""BR4_bo_age"":{""score"":50.0},""_score"":52.86},""risk"":{""R1_stop_clarity"":{""score"":58.05652611895955},""R2_stop_distance_pct"":{""value"":2.153743423715095,""score"":100.0},""R3_stop_distance_atr"":{""value"":0.3031301415675444,""score"":40.156507078377224},""R4_rr_potential"":{""value"":6.486405231214419,""score"":100.0},""_score"":76.34},""market"":{""M1_spy_regime"":{""score"":100.0},""M3_earnings_risk"":{""value"":null,""score"":80.0},""M4_vix"":{""value"":null,""score"":60.0},""_score"":84.0},""liquidity"":{""L1_price"":{""value"":123.55,""score"":100.0},""L2_dollar_vol"":{""value"":560476411.7557212,""score"":100.0},""L3_spread_proxy"":{""value"":0.05139619587211651,""score"":48.60380412788349},""L4_volume_zscore"":{""value"":-0.7899002286138467,""score"":100.0},""_score"":94.86},""pattern_structure"":{""left_low"":122.73,""left_idx"":39,""right_low"":123.57,""right_idx"":69,""separation_bars"":30,""structural_low"":122.73,""current_price"":123.35,""neckline_distance_pct"":0.06826104580462113,""base_bars"":30},""pattern_geometry_features"":{""low_similarity_pct"":0.006820950060901252,""bounce_pct"":0.07365762242320546,""right_bottom_reaction"":0.7525906735751272,""atr_pct"":0.07105012429901139},""_schema_version"":""1.0""}",,,,,,,,,,
20260602T213437Z-756d21,2026-06-02T21:34:37.658687+00:00,ON,ascending_triangle,forming,57.76,100.0,59.7,23.8,35.0,22.2,65.2,40.1,84.0,94.4,15.0,16.71,1.91,4.9,2.66,5.21,1.6,5.04,4.72,False,,128.64,130.48,114.0729,145.15,"{""trend"":{""T1_ema_stack"":{""value"":[true,true,true],""score"":100.0},""T2_ema50_slope"":{""value"":0.8280044074712843,""score"":100},""T3_high_proximity"":{""value"":1.0,""score"":99.99999999999997},""T4_rs_1m"":{""value"":0.1945615787250956,""score"":100},""T5_rs_3m"":{""value"":0.9119093256554591,""score"":100},""T6_adr_healthy"":{""value"":5.412285480420674,""score"":100.0},""_score"":100.0},""geometry"":{""sub_flat_top_quality"":66.7,""sub_hl_slope"":82.2,""sub_compression"":0,""sub_duration"":100.0,""_score"":59.67},""compression"":{""VC1_atr_ratio"":{""value"":0.8032705275915077,""score"":49.182368102123064},""VC2_range_contraction"":{""value"":1.0237363254878695,""score"":0},""VC3_range_pct_rank"":{""score"":16.666666666666664},""_score"":23.84},""sr_quality"":{""SR1_touches"":{""value"":2,""score"":25.0},""SR2_tightness"":{""value"":1.8200000000000003,""score"":51.16669062335295},""SR3_recency"":{""value"":242,""score"":0.0},""SR4_price_location"":{""score"":30.0},""SR5_reaction"":{""value"":1.6461118298117015,""score"":82.30559149058507},""_score"":35.02,""_levels_found"":5,""_target_level"":94.26},""volume"":{""V1_rvol_day"":{""value"":0.8252738199672385,""score"":21.684921331149233},""V2_rvol_sameslot"":{""value"":0.9810640132978273,""score"":32.070934219855154,""status"":""ok""},""V3_breakout_bar"":{""value"":1.1858992487974862,""score"":45.72661658649908},""V4_base_dryup"":{""value"":1.7334901959882647,""score"":0},""V5_bo_expansion"":{""value"":0.8252738199672386,""score"":0},""_score"":22.18},""readiness"":{""_distance_atr"":0.247,""BR1_atr_distance"":{""score"":83.54335361666104},""BR2_compression"":{""score"":56.922142412314216},""BR3_retest"":{""score"":50.0},""BR4_bo_age"":{""score"":50.0},""_score"":65.15},""risk"":{""R1_stop_clarity"":{""score"":53.38967945953715},""R2_stop_distance_pct"":{""value"":11.323966106965162,""score"":16.900847325870938},""R3_stop_distance_atr"":{""value"":1.9542916007857778,""score"":100.0},""R4_rr_potential"":{""value"":1.1333720048190628,""score"":6.668600240953138},""_score"":40.09},""market"":{""M1_spy_regime"":{""score"":100.0},""M3_earnings_risk"":{""value"":null,""score"":80.0},""M4_vix"":{""value"":null,""score"":60.0},""_score"":84.0},""liquidity"":{""L1_price"":{""value"":128.64,""score"":100.0},""L2_dollar_vol"":{""value"":1384222341.5203736,""score"":100.0},""L3_spread_proxy"":{""value"":0.05558146766169148,""score"":44.418532338308516},""L4_volume_zscore"":{""value"":-0.45231819412519675,""score"":100.0},""_score"":94.44},""pattern_structure"":{""top"":130.48,""top_touches"":3,""low_slope_per_bar"":0.2854979908151542,""lowest_low"":115.81,""structural_low"":115.81,""current_price"":128.06,""neckline_distance_pct"":0.018897391847571353,""base_bars"":34},""pattern_geometry_features"":{""top_touches"":3.0,""low_slope"":0.2854979908151542,""compression"":-0.11643792214989501,""atr_pct"":0.05794409648187632},""_schema_version"":""1.0""}",,,,,,,,,,
20260602T213437Z-756d21,2026-06-02T21:34:37.658687+00:00,ONTO,double_bottom,forming,57.71,69.3,54.3,44.4,44.9,61.3,51.0,35.4,84.0,93.9,10.39,13.57,3.55,6.29,7.97,4.08,2.12,5.04,4.69,False,,278.02,284.69,234.5482,331.26,"{""trend"":{""T1_ema_stack"":{""value"":[true,true,true],""score"":100.0},""T2_ema50_slope"":{""value"":0.1958184774094315,""score"":82.63641290157193},""T3_high_proximity"":{""value"":0.9030728253102058,""score"":51.53641265510289},""T4_rs_1m"":{""value"":-0.10487393037445092,""score"":0},""T5_rs_3m"":{""value"":0.22338253352952897,""score"":100},""T6_adr_healthy"":{""value"":5.008805882328253,""score"":100.0},""_score"":69.26},""geometry"":{""sub_low_similarity"":0.6,""sub_bounce_quality"":100,""sub_separation_fit"":0.0,""sub_right_bottom_reaction"":94.0,""sub_base_context"":100.0,""_score"":54.28},""compression"":{""VC1_atr_ratio"":{""value"":0.5190685833340656,""score"":100},""VC2_range_contraction"":{""value"":1.0227752067906084,""score"":0},""VC3_range_pct_rank"":{""score"":17.500000000000004},""_score"":44.38},""sr_quality"":{""SR1_touches"":{""value"":2,""score"":25.0},""SR2_tightness"":{""value"":3.1500000000000057,""score"":57.57575757575748},""SR3_recency"":{""value"":242,""score"":0.0},""SR4_price_location"":{""score"":55.08414469017985},""SR5_reaction"":{""value"":2.8353535353535357,""score"":100},""_score"":44.91,""_levels_found"":7,""_target_level"":312.85},""volume"":{""V1_rvol_day"":{""value"":1.470815718557632,""score"":64.72104790384213},""V2_rvol_sameslot"":{""value"":1.9570969968480476,""score"":97.13979978986984,""status"":""ok""},""V3_breakout_bar"":{""value"":1.4457155465050748,""score"":63.047703100338325},""V4_base_dryup"":{""value"":1.0763011998848502,""score"":42.36988001151498},""V5_bo_expansion"":{""value"":1.4708157185576323,""score"":31.38771457050882},""_score"":61.32},""readiness"":{""_distance_atr"":0.449,""BR1_atr_distance"":{""score"":70.05611672278332},""BR2_compression"":{""score"":21.96865054528585},""BR3_retest"":{""score"":50.0},""BR4_bo_age"":{""score"":50.0},""_score"":51.01},""risk"":{""R1_stop_clarity"":{""score"":51.89494949494953},""R2_stop_distance_pct"":{""value"":15.636213222070348,""score"":0.0},""R3_stop_distance_atr"":{""value"":2.9273939393939385,""score"":100.0},""R4_rr_potential"":{""value"":1.2247019907158214,""score"":11.235099535791072},""_score"":35.41},""market"":{""M1_spy_regime"":{""score"":100.0},""M3_earnings_risk"":{""value"":null,""score"":80.0},""M4_vix"":{""value"":null,""score"":60.0},""_score"":84.0},""liquidity"":{""L1_price"":{""value"":278.02,""score"":100.0},""L2_dollar_vol"":{""value"":547285127.319788,""score"":100.0},""L3_spread_proxy"":{""value"":0.06136249190705706,""score"":38.63750809294294},""L4_volume_zscore"":{""value"":0.6672122835176411,""score"":100.0},""_score"":93.86},""pattern_structure"":{""left_low"":238.12,""left_idx"":20,""right_low"":250.26,""right_idx"":69,""separation_bars"":49,""structural_low"":238.12,""current_price"":275.35,""neckline_distance_pct"":0.03392046486290167,""base_bars"":49},""pattern_geometry_features"":{""low_similarity_pct"":0.0497153855604242,""bounce_pct"":0.1955736603393247,""right_bottom_reaction"":0.9399538106235589,""atr_pct"":0.05341342349471259},""_schema_version"":""1.0""}",,,,,,,,,,
20260602T213437Z-756d21,2026-06-02T21:34:37.658687+00:00,VRT,bull_flag,forming,57.71,74.6,56.3,62.3,42.7,21.0,61.8,72.6,84.0,95.8,10.45,16.88,5.61,4.27,2.94,5.56,2.18,5.04,4.79,False,,334.49,345.18,327.5125,383.0599,"{""trend"":{""T1_ema_stack"":{""value"":[true,true,true],""score"":100.0},""T2_ema50_slope"":{""value"":0.47968296268881305,""score"":100},""T3_high_proximity"":{""value"":0.8890572256332563,""score"":44.52861281662812},""T4_rs_1m"":{""value"":-0.0351831266688758,""score"":14.8168733311242},""T5_rs_3m"":{""value"":0.2519201735348129,""score"":100},""T6_adr_healthy"":{""value"":5.123165815505989,""score"":100.0},""_score"":74.64},""geometry"":{""sub_pole_impulse"":31.2,""sub_flag_tightness"":65.3,""sub_flag_shallowness"":40.4,""sub_flag_drift"":83.3,""sub_flag_duration"":100.0,""_score"":56.26},""compression"":{""VC1_atr_ratio"":{""value"":0.3520339355871247,""score"":100},""VC2_range_contraction"":{""value"":0.8823179405277589,""score"":19.613676578706848},""VC3_range_pct_rank"":{""score"":61.66666666666667},""_score"":62.28},""sr_quality"":{""SR1_touches"":{""value"":3,""score"":50.0},""SR2_tightness"":{""value"":2.9463683487756054,""score"":67.8810547821349},""SR3_recency"":{""value"":226,""score"":0.0},""SR4_price_location"":{""score"":30.0},""SR5_reaction"":{""value"":1.3313088251039011,""score"":66.56544125519505},""_score"":42.67,""_levels_found"":7,""_target_level"":311.3367},""volume"":{""V1_rvol_day"":{""value"":0.8690194063518767,""score"":24.60129375679178},""V2_rvol_sameslot"":{""value"":0.7122567959992588,""score"":14.150453066617255,""status"":""ok""},""V3_breakout_bar"":{""value"":0.6006356209775273,""score"":6.709041398501821},""V4_base_dryup"":{""value"":0.9219619506664575,""score"":57.80380493335425},""V5_bo_expansion"":{""value"":0.8690194063518767,""score"":0},""_score"":20.99},""readiness"":{""_distance_atr"":0.583,""BR1_atr_distance"":{""score"":61.15539722862992},""BR2_compression"":{""score"":79.4296199985924},""BR3_retest"":{""score"":50.0},""BR4_bo_age"":{""score"":50.0},""_score"":61.82},""risk"":{""R1_stop_clarity"":{""score"":45.63027418459998},""R2_stop_distance_pct"":{""value"":2.0860115399563575,""score"":100.0},""R3_stop_distance_atr"":{""value"":0.38031555075383844,""score"":44.015777537691925},""R4_rr_potential"":{""value"":6.9609315657470265,""score"":100.0},""_score"":72.57},""market"":{""M1_spy_regime"":{""score"":100.0},""M3_earnings_risk"":{""value"":null,""score"":80.0},""M4_vix"":{""value"":null,""score"":60.0},""_score"":84.0},""liquidity"":{""L1_price"":{""value"":334.49,""score"":100.0},""L2_dollar_vol"":{""value"":1687814875.1465876,""score"":100.0},""L3_spread_proxy"":{""value"":0.041705282669138054,""score"":58.29471733086195},""L4_volume_zscore"":{""value"":-0.5663495564346036,""score"":100.0},""_score"":95.83},""pattern_structure"":{""pole_low"":307.3001,""pole_low_idx"":36,""peak_price"":345.18,""peak_idx"":54,""pole_gain"":0.12326680010842829,""flag_bars"":5,""flag_low"":332.5,""flag_high"":341.365,""structural_low"":332.5,""current_price"":333.3645,""neckline_distance_pct"":0.03544318606210315,""base_bars"":5},""pattern_geometry_features"":{""pole_gain"":0.12326680010842829,""pullback_pct"":0.036734457384553006,""flag_range_pct"":0.025682252737702093,""flag_drift_per_bar"":-0.0033493068398105963,""atr_pct"":0.0548494936854828,""pole_atr_multiple"":2.2473644116983658},""_schema_version"":""1.0""}",,,,,,,,,,
20260602T213437Z-756d21,2026-06-02T21:34:37.658687+00:00,MKSI,ascending_triangle,absent,57.65,99.4,33.9,70.7,52.6,28.6,56.5,61.5,84.0,95.7,14.91,9.48,5.65,7.36,3.43,4.52,2.46,5.04,4.79,False,,331.36,339.0,304.8181,368.54,"{""trend"":{""T1_ema_stack"":{""value"":[true,true,true],""score"":100.0},""T2_ema50_slope"":{""value"":0.5191631413003678,""score"":100},""T3_high_proximity"":{""value"":0.9917691778156894,""score"":95.88458890784469},""T4_rs_1m"":{""value"":0.13204803629044548,""score"":100},""T5_rs_3m"":{""value"":0.3083637131499717,""score"":100},""T6_adr_healthy"":{""value"":4.444041841272314,""score"":100.0},""_score"":99.38},""geometry"":{""sub_flat_top_quality"":33.3,""sub_hl_slope"":17.4,""sub_compression"":14.6,""sub_duration"":100.0,""_score"":33.86},""compression"":{""VC1_atr_ratio"":{""value"":0.5425145604126579,""score"":100},""VC2_range_contraction"":{""value"":0.6991268989139521,""score"":50.145516847674656},""VC3_range_pct_rank"":{""score"":52.5},""_score"":70.68},""sr_quality"":{""SR1_touches"":{""value"":4,""score"":75.0},""SR2_tightness"":{""value"":3.5844531922596055,""score"":50.60853612368501},""SR3_recency"":{""value"":246,""score"":0.0},""SR4_price_location"":{""score"":30.0},""SR5_reaction"":{""value"":2.054588403193859,""score"":100},""_score"":52.59,""_levels_found"":4,""_target_level"":264.9688},""volume"":{""V1_rvol_day"":{""value"":0.855017054767402,""score"":23.66780365116013},""V2_rvol_sameslot"":{""value"":0.8318985177789804,""score"":22.126567851932023,""status"":""ok""},""V3_breakout_bar"":{""value"":0.88953011063633,""score"":25.968674042422002},""V4_base_dryup"":{""value"":0.8519747983936413,""score"":64.80252016063586},""V5_bo_expansion"":{""value"":0.855017054767402,""score"":0},""_score"":28.61},""readiness"":{""_distance_atr"":0.526,""BR1_atr_distance"":{""score"":64.9085682180748},""BR2_compression"":{""score"":52.12680305223374},""BR3_retest"":{""score"":50.0},""BR4_bo_age"":{""score"":50.0},""_score"":56.5},""risk"":{""R1_stop_clarity"":{""score"":36.03759796262319},""R2_stop_distance_pct"":{""value"":8.009989135683261,""score"":99.75027160791848},""R3_stop_distance_atr"":{""value"":1.8286517144228087,""score"":100.0},""R4_rr_potential"":{""value"":1.4008040117700666,""score"":20.040200588503332},""_score"":61.55},""market"":{""M1_spy_regime"":{""score"":100.0},""M3_earnings_risk"":{""value"":null,""score"":80.0},""M4_vix"":{""value"":null,""score"":60.0},""_score"":84.0},""liquidity"":{""L1_price"":{""value"":331.36,""score"":100.0},""L2_dollar_vol"":{""value"":372912800.97365636,""score"":100.0},""L3_spread_proxy"":{""value"":0.042581784162240406,""score"":57.4182158377596},""L4_volume_zscore"":{""value"":-0.45003581003374105,""score"":100.0},""_score"":95.74},""pattern_structure"":{""top"":339.0,""top_touches"":2,""low_slope_per_bar"":0.1616511194029844,""lowest_low"":309.46,""structural_low"":309.46,""current_price"":329.41,""neckline_distance_pct"":0.029112655960656854,""base_bars"":40},""pattern_geometry_features"":{""top_touches"":2.0,""low_slope"":0.1616511194029844,""compression"":0.07278375814218752,""atr_pct"":0.04380270486997309},""_schema_version"":""1.0""}",,,,,,,,,,
20260602T213437Z-756d21,2026-06-02T21:34:37.658687+00:00,GFS,double_bottom,forming,57.65,95.5,72.8,3.3,43.8,8.1,37.9,82.3,84.0,93.2,14.33,18.2,0.27,6.13,1.05,3.03,4.94,5.04,4.66,False,,84.6,91.86,78.278,104.25,"{""trend"":{""T1_ema_stack"":{""value"":[true,true,true],""score"":100.0},""T2_ema50_slope"":{""value"":0.8150122832583666,""score"":100},""T3_high_proximity"":{""value"":0.9404179635393508,""score"":70.20898176967538},""T4_rs_1m"":{""value"":0.2493362910157142,""score"":100},""T5_rs_3m"":{""value"":0.6751408348415113,""score"":100},""T6_adr_healthy"":{""value"":5.947452492315012,""score"":100.0},""_score"":95.53},""geometry"":{""sub_low_similarity"":16.7,""sub_bounce_quality"":100,""sub_separation_fit"":100.0,""sub_right_bottom_reaction"":85.1,""sub_base_context"":100.0,""_score"":72.78},""compression"":{""VC1_atr_ratio"":{""value"":1.0993734613330544,""score"":0},""VC2_range_contraction"":{""value"":1.1497719972426503,""score"":0},""VC3_range_pct_rank"":{""score"":13.33333333333333},""_score"":3.33},""sr_quality"":{""SR1_touches"":{""value"":2,""score"":25.0},""SR2_tightness"":{""value"":0.23000000000000398,""score"":91.83257281565696},""SR3_recency"":{""value"":232,""score"":0.0},""SR4_price_location"":{""score"":30.0},""SR5_reaction"":{""value"":3.0326012240994906,""score"":100},""_score"":43.77,""_levels_found"":4,""_target_level"":65.28},""volume"":{""V1_rvol_day"":{""value"":0.8085926095970263,""score"":20.57284063980175},""V2_rvol_sameslot"":{""value"":0.6689175875463553,""score"":11.261172503090355,""status"":""ok""},""V3_breakout_bar"":{""value"":0.5369463469796424,""score"":2.4630897986428257},""V4_base_dryup"":{""value"":1.4444527285662505,""score"":5.554727143374947},""V5_bo_expansion"":{""value"":0.8085926095970262,""score"":0},""_score"":8.09},""readiness"":{""_distance_atr"":1.289,""BR1_atr_distance"":{""score"":14.064461799522533},""BR2_compression"":{""score"":59.119631989520386},""BR3_retest"":{""score"":50.0},""BR4_bo_age"":{""score"":50.0},""_score"":37.91},""risk"":{""R1_stop_clarity"":{""score"":57.66964532566999},""R2_stop_distance_pct"":{""value"":7.472872340425521,""score"":100.0},""R3_stop_distance_atr"":{""value"":1.1224974571907589,""score"":81.12487285953794},""R4_rr_potential"":{""value"":3.1081690274515443,""score"":100.0},""_score"":82.35},""market"":{""M1_spy_regime"":{""score"":100.0},""M3_earnings_risk"":{""value"":null,""score"":80.0},""M4_vix"":{""value"":null,""score"":60.0},""_score"":84.0},""liquidity"":{""L1_price"":{""value"":84.6,""score"":100.0},""L2_dollar_vol"":{""value"":486980749.1774394,""score"":100.0},""L3_spread_proxy"":{""value"":0.0677304964539006,""score"":32.2695035460994},""L4_volume_zscore"":{""value"":-0.2943083563088087,""score"":100.0},""_score"":93.23},""pattern_structure"":{""left_low"":82.85,""left_idx"":44,""right_low"":79.47,""right_idx"":73,""separation_bars"":29,""structural_low"":79.47,""current_price"":84.7,""neckline_distance_pct"":0.08453364817001176,""base_bars"":29},""pattern_geometry_features"":{""low_similarity_pct"":0.041646131099063524,""bounce_pct"":0.15590788976972444,""right_bottom_reaction"":0.8505747126436678,""atr_pct"":0.0665736237757514},""_schema_version"":""1.0""}",,,,,,,,,,
20260602T213437Z-756d21,2026-06-02T21:34:37.658687+00:00,LRCX,ascending_triangle,absent,57.64,100.0,47.9,49.2,40.7,25.6,60.4,46.8,84.0,95.6,15.0,13.4,3.94,5.7,3.07,4.83,1.87,5.04,4.78,False,,334.41,335.55,302.4295,364.065,"{""trend"":{""T1_ema_stack"":{""value"":[true,true,true],""score"":100.0},""T2_ema50_slope"":{""value"":0.4884385170270321,""score"":100},""T3_high_proximity"":{""value"":1.0,""score"":99.99999999999997},""T4_rs_1m"":{""value"":0.24861862906520038,""score"":100},""T5_rs_3m"":{""value"":0.422671954665077,""score"":100},""T6_adr_healthy"":{""value"":4.323398161013644,""score"":100.0},""_score"":100.0},""geometry"":{""sub_flat_top_quality"":33.3,""sub_hl_slope"":54.6,""sub_compression"":26.0,""sub_duration"":100.0,""_score"":47.87},""compression"":{""VC1_atr_ratio"":{""value"":0.6070116602494712,""score"":98.2470849376322},""VC2_range_contraction"":{""value"":0.9936664311172634,""score"":1.0555948137894364},""VC3_range_pct_rank"":{""score"":38.33333333333333},""_score"":49.25},""sr_quality"":{""SR1_touches"":{""value"":2,""score"":25.0},""SR2_tightness"":{""value"":1.1699999999999875,""score"":84.44251638023532},""SR3_recency"":{""value"":249,""score"":0.0},""SR4_price_location"":{""score"":30.0},""SR5_reaction"":{""value"":1.737252337540407,""score"":86.86261687702034},""_score"":40.7,""_levels_found"":6,""_target_level"":274.67},""volume"":{""V1_rvol_day"":{""value"":0.9276605410480563,""score"":28.510702736537084},""V2_rvol_sameslot"":{""value"":0.8080071814113122,""score"":20.53381209408748,""status"":""ok""},""V3_breakout_bar"":{""value"":0.7327446389809853,""score"":15.51630926539902},""V4_base_dryup"":{""value"":0.9033496514921654,""score"":59.665034850783464},""V5_bo_expansion"":{""value"":0.9276605410480563,""score"":0},""_score"":25.62},""readiness"":{""_distance_atr"":0.076,""BR1_atr_distance"":{""score"":94.94714207221318},""BR2_compression"":{""score"":19.46501546221376},""BR3_retest"":{""score"":50.0},""BR4_bo_age"":{""score"":50.0},""_score"":60.35},""risk"":{""R1_stop_clarity"":{""score"":38.76035918981413},""R2_stop_distance_pct"":{""value"":9.563268143895218,""score"":60.918296402619546},""R3_stop_distance_atr"":{""value"":2.1262243326452137,""score"":100.0},""R4_rr_potential"":{""value"":0.927283088692258,""score"":0.0},""_score"":46.84},""market"":{""M1_spy_regime"":{""score"":100.0},""M3_earnings_risk"":{""value"":null,""score"":80.0},""M4_vix"":{""value"":null,""score"":60.0},""_score"":84.0},""liquidity"":{""L1_price"":{""value"":334.41,""score"":100.0},""L2_dollar_vol"":{""value"":2878024206.914429,""score"":100.0},""L3_spread_proxy"":{""value"":0.04392811219760174,""score"":56.07188780239826},""L4_volume_zscore"":{""value"":-0.3912958692020822,""score"":100.0},""_score"":95.61},""pattern_structure"":{""top"":335.55,""top_touches"":2,""low_slope_per_bar"":0.5032891476709611,""lowest_low"":307.035,""structural_low"":307.035,""current_price"":332.08,""neckline_distance_pct"":0.010449289327872884,""base_bars"":38},""pattern_geometry_features"":{""top_touches"":2.0,""low_slope"":0.5032891476709611,""compression"":0.12976152820389797,""atr_pct"":0.044977700598495436},""_schema_version"":""1.0""}",,,,,,,,,,
20260602T213437Z-756d21,2026-06-02T21:34:37.658687+00:00,NOW,double_bottom,forming,57.55,69.8,82.4,4.8,37.6,25.4,37.9,79.8,84.0,93.2,10.47,20.61,0.39,5.26,3.3,3.03,4.79,5.04,4.66,False,,127.65,139.2,120.17,156.4,"{""trend"":{""T1_ema_stack"":{""value"":[true,true,false],""score"":66.66666666666666},""T2_ema50_slope"":{""value"":-0.019668942194964192,""score"":46.72184296750597},""T3_high_proximity"":{""value"":0.9395701457382599,""score"":69.78507286912993},""T4_rs_1m"":{""value"":0.3462784133954444,""score"":100},""T5_rs_3m"":{""value"":0.011276913061971205,""score"":55.6384565309856},""T6_adr_healthy"":{""value"":5.2451397849937065,""score"":100.0},""_score"":69.82},""geometry"":{""sub_low_similarity"":65.5,""sub_bounce_quality"":100,""sub_separation_fit"":86.7,""sub_right_bottom_reaction"":65.1,""sub_base_context"":100.0,""_score"":82.42},""compression"":{""VC1_atr_ratio"":{""value"":0.9725849108324839,""score"":6.853772291879029},""VC2_range_contraction"":{""value"":1.2504083793198946,""score"":0},""VC3_range_pct_rank"":{""score"":8.333333333333337},""_score"":4.82},""sr_quality"":{""SR1_touches"":{""value"":2,""score"":25.0},""SR2_tightness"":{""value"":1.4450000000000003,""score"":64.15487997731995},""SR3_recency"":{""value"":282,""score"":0.0},""SR4_price_location"":{""score"":30.0},""SR5_reaction"":{""value"":1.7246588024753156,""score"":86.23294012376577},""_score"":37.56,""_levels_found"":5,""_target_level"":125.225},""volume"":{""V1_rvol_day"":{""value"":1.2019592952432823,""score"":46.79728634955215},""V2_rvol_sameslot"":{""value"":1.0765531279911629,""score"":38.436875199410856,""status"":""ok""},""V3_breakout_bar"":{""value"":0.5388065315643017,""score"":2.58710210428678},""V4_base_dryup"":{""value"":1.2149608090814117,""score"":28.503919091858833},""V5_bo_expansion"":{""value"":1.2019592952432825,""score"":13.463953016218833},""_score"":25.41},""readiness"":{""_distance_atr"":1.433,""BR1_atr_distance"":{""score"":4.495700977634598},""BR2_compression"":{""score"":74.19419133977398},""BR3_retest"":{""score"":50.0},""BR4_bo_age"":{""score"":50.0},""_score"":37.85},""risk"":{""R1_stop_clarity"":{""score"":54.604450075083435},""R2_stop_distance_pct"":{""value"":5.859772816294559,""score"":100.0},""R3_stop_distance_atr"":{""value"":0.9277560476458372,""score"":71.38780238229185},""R4_rr_potential"":{""value"":3.8435828877005287,""score"":100.0},""_score"":79.82},""market"":{""M1_spy_regime"":{""score"":100.0},""M3_earnings_risk"":{""value"":null,""score"":80.0},""M4_vix"":{""value"":null,""score"":60.0},""_score"":84.0},""liquidity"":{""L1_price"":{""value"":127.65,""score"":100.0},""L2_dollar_vol"":{""value"":5222932246.705832,""score"":100.0},""L3_spread_proxy"":{""value"":0.06752761457109284,""score"":32.47238542890716},""L4_volume_zscore"":{""value"":0.4510108132595287,""score"":100.0},""_score"":93.25},""pattern_structure"":{""left_low"":122.0,""left_idx"":67,""right_low"":124.12,""right_idx"":75,""separation_bars"":8,""structural_low"":122.0,""current_price"":128.235,""neckline_distance_pct"":0.08550707685109349,""base_bars"":8},""pattern_geometry_features"":{""low_similarity_pct"":0.017227368763204978,""bounce_pct"":0.14098360655737696,""right_bottom_reaction"":0.6507936507936452,""atr_pct"":0.06316070729114208},""_schema_version"":""1.0""}",,,,,,,,,,
20260602T213437Z-756d21,2026-06-02T21:34:37.658687+00:00,DIOD,bull_flag,breakout_confirmed,57.54,88.8,49.0,23.6,38.4,54.7,67.7,35.6,84.0,91.5,12.44,14.69,2.13,3.84,7.66,6.09,1.07,5.04,4.58,False,,114.13,114.0,99.2387,132.46,"{""trend"":{""T1_ema_stack"":{""value"":[true,true,true],""score"":100.0},""T2_ema50_slope"":{""value"":0.46735952835888606,""score"":100},""T3_high_proximity"":{""value"":0.9834554071520896,""score"":91.72770357604476},""T4_rs_1m"":{""value"":0.00040931292574875044,""score"":50.40931292574875},""T5_rs_3m"":{""value"":0.5923158526722474,""score"":100},""T6_adr_healthy"":{""value"":5.609414488453983,""score"":100.0},""_score"":88.84},""geometry"":{""sub_pole_impulse"":62.1,""sub_flag_tightness"":21.4,""sub_flag_shallowness"":0,""sub_flag_drift"":100,""sub_flag_duration"":100.0,""_score"":48.98},""compression"":{""VC1_atr_ratio"":{""value"":0.7822133024340528,""score"":54.44667439148678},""VC2_range_contraction"":{""value"":1.0725778479352681,""score"":0},""VC3_range_pct_rank"":{""score"":7.499999999999996},""_score"":23.65},""sr_quality"":{""SR1_touches"":{""value"":2,""score"":25.0},""SR2_tightness"":{""value"":1.3699999999999974,""score"":56.71029868314002},""SR3_recency"":{""value"":270,""score"":0.0},""SR4_price_location"":{""score"":30.0},""SR5_reaction"":{""value"":1.9910892731595946,""score"":99.55446365797972},""_score"":38.44,""_levels_found"":4,""_target_level"":73.68},""volume"":{""V1_rvol_day"":{""value"":1.1436809737984883,""score"":42.91206491989922},""V2_rvol_sameslot"":{""value"":1.5446683268896584,""score"":69.64455512597722,""status"":""ok""},""V3_breakout_bar"":{""value"":2.5309576517015344,""score"":100},""V4_base_dryup"":{""value"":1.210389688190086,""score"":28.961031180991398},""V5_bo_expansion"":{""value"":1.1436809737984883,""score"":9.578731586565887},""_score"":54.74},""readiness"":{""_distance_atr"":-0.021,""BR1_atr_distance"":{""score"":100.0},""BR2_compression"":{""score"":40.589678548733836},""BR3_retest"":{""score"":50.0},""BR4_bo_age"":{""score"":50.0},""_score"":67.65},""risk"":{""R1_stop_clarity"":{""score"":52.24703568240515},""R2_stop_distance_pct"":{""value"":13.047621133794795,""score"":0.0},""R3_stop_distance_atr"":{""value"":2.352692572024425,""score"":100.0},""R4_rr_potential"":{""value"":1.2309242004532852,""score"":11.54621002266426},""_score"":35.6},""market"":{""M1_spy_regime"":{""score"":100.0},""M3_earnings_risk"":{""value"":null,""score"":80.0},""M4_vix"":{""value"":null,""score"":60.0},""_score"":84.0},""liquidity"":{""L1_price"":{""value"":114.13,""score"":100.0},""L2_dollar_vol"":{""value"":107865176.86618707,""score"":100.0},""L3_spread_proxy"":{""value"":0.08466222728467532,""score"":15.33777271532469},""L4_volume_zscore"":{""value"":0.6694403890418759,""score"":100.0},""_score"":91.53},""pattern_structure"":{""pole_low"":95.54,""pole_low_idx"":17,""peak_price"":114.0,""peak_idx"":42,""pole_gain"":0.19321750052334094,""flag_bars"":17,""flag_low"":100.75,""flag_high"":111.14,""structural_low"":100.75,""current_price"":110.91,""neckline_distance_pct"":0.02786042737354615,""base_bars"":17},""pattern_geometry_features"":{""pole_gain"":0.19321750052334094,""pullback_pct"":0.1162280701754386,""flag_range_pct"":0.091140350877193,""flag_drift_per_bar"":0.0025780486209450934,""atr_pct"":0.0554582493647595,""pole_atr_multiple"":3.4840173055682397},""_schema_version"":""1.0""}",,,,,,,,,,
20260602T213437Z-756d21,2026-06-02T21:34:37.658687+00:00,TER,bull_flag,forming,57.52,91.4,61.5,38.5,34.2,23.1,49.7,66.6,84.0,93.1,12.8,18.45,3.46,3.42,3.23,4.47,2.0,5.04,4.65,False,,392.62,406.65,354.7379,494.22,"{""trend"":{""T1_ema_stack"":{""value"":[true,true,true],""score"":100.0},""T2_ema50_slope"":{""value"":0.17917104803186526,""score"":79.86184133864421},""T3_high_proximity"":{""value"":0.9391025641025641,""score"":69.55128205128203},""T4_rs_1m"":{""value"":0.0826384440545227,""score"":100},""T5_rs_3m"":{""value"":0.17410629795809318,""score"":100},""T6_adr_healthy"":{""value"":5.440606648005192,""score"":100.0},""_score"":91.41},""geometry"":{""sub_pole_impulse"":100.0,""sub_flag_tightness"":52.6,""sub_flag_shallowness"":16.7,""sub_flag_drift"":100,""sub_flag_duration"":0.0,""_score"":61.49},""compression"":{""VC1_atr_ratio"":{""value"":0.6445179386047416,""score"":88.87051534881459},""VC2_range_contraction"":{""value"":1.0336811883487065,""score"":0},""VC3_range_pct_rank"":{""score"":11.66666666666667},""_score"":38.46},""sr_quality"":{""SR1_touches"":{""value"":2,""score"":25.0},""SR2_tightness"":{""value"":5.0,""score"":52.7418024749118},""SR3_recency"":{""value"":241,""score"":0.0},""SR4_price_location"":{""score"":30.0},""SR5_reaction"":{""value"":1.5073781860886042,""score"":75.3689093044302},""_score"":34.22,""_levels_found"":7,""_target_level"":378.0},""volume"":{""V1_rvol_day"":{""value"":0.9189704493115165,""score"":27.931363287434436},""V2_rvol_sameslot"":{""value"":1.052714873154904,""score"":36.84765821032694,""status"":""ok""},""V3_breakout_bar"":{""value"":0.9986407020413566,""score"":33.24271346942378},""V4_base_dryup"":{""value"":1.4105832982037296,""score"":8.941670179627039},""V5_bo_expansion"":{""value"":0.9189704493115165,""score"":0},""_score"":23.05},""readiness"":{""_distance_atr"":0.663,""BR1_atr_distance"":{""score"":55.797832581534266},""BR2_compression"":{""score"":39.60063389344115},""BR3_retest"":{""score"":50.0},""BR4_bo_age"":{""score"":50.0},""_score"":49.72},""risk"":{""R1_stop_clarity"":{""score"":48.94129822994404},""R2_stop_distance_pct"":{""value"":9.648540573582608,""score"":58.786485660434806},""R3_stop_distance_atr"":{""value"":1.790239764465145,""score"":100.0},""R4_rr_potential"":{""value"":2.6820054854403494,""score"":84.10027427201747},""_score"":66.59},""market"":{""M1_spy_regime"":{""score"":100.0},""M3_earnings_risk"":{""value"":null,""score"":80.0},""M4_vix"":{""value"":null,""score"":60.0},""_score"":84.0},""liquidity"":{""L1_price"":{""value"":392.62,""score"":100.0},""L2_dollar_vol"":{""value"":1337732187.2303073,""score"":100.0},""L3_spread_proxy"":{""value"":0.06907442310631146,""score"":30.925576893688543},""L4_volume_zscore"":{""value"":-0.3618663888012757,""score"":100.0},""_score"":93.09},""pattern_structure"":{""pole_low"":319.08,""pole_low_idx"":5,""peak_price"":406.65,""peak_idx"":30,""pole_gain"":0.274445280180519,""flag_bars"":29,""flag_low"":360.14,""flag_high"":391.88,""structural_low"":360.14,""current_price"":389.4075,""neckline_distance_pct"":0.04427880818936448,""base_bars"":29},""pattern_geometry_features"":{""pole_gain"":0.274445280180519,""pullback_pct"":0.11437353989917617,""flag_range_pct"":0.07805237919586872,""flag_drift_per_bar"":0.0007432126026754798,""atr_pct"":0.05389524221893943,""pole_atr_multiple"":5.092198659496434},""_schema_version"":""1.0""}",,,,,,,,,,
20260602T213437Z-756d21,2026-06-02T21:34:37.658687+00:00,AMD,high_tight_pullback,forming,57.45,100.0,56.4,39.2,40.3,14.6,67.6,75.0,84.0,93.2,12.0,19.73,3.92,3.23,2.04,6.08,0.75,5.04,4.66,False,,521.54,527.1999,479.498,621.8498,"{""trend"":{""T1_ema_stack"":{""value"":[true,true,true],""score"":100.0},""T2_ema50_slope"":{""value"":1.0694999607788047,""score"":100},""T3_high_proximity"":{""value"":1.0,""score"":99.99999999999997},""T4_rs_1m"":{""value"":0.39254559421458146,""score"":100},""T5_rs_3m"":{""value"":1.6148180256945759,""score"":100},""T6_adr_healthy"":{""value"":5.424759575606923,""score"":100.0},""_score"":100.0},""geometry"":{""sub_pole_impulse"":77.9,""sub_flag_tightness"":48.4,""sub_flag_shallowness"":30.0,""sub_flag_drift"":99.3,""sub_flag_duration"":0.0,""_score"":56.36},""compression"":{""VC1_atr_ratio"":{""value"":0.7537475255336477,""score"":61.563118616588085},""VC2_range_contraction"":{""value"":0.9680502460319373,""score"":5.324958994677109},""VC3_range_pct_rank"":{""score"":50.83333333333333},""_score"":39.2},""sr_quality"":{""SR1_touches"":{""value"":2,""score"":25.0},""SR2_tightness"":{""value"":3.2150999999999783,""score"":76.8148534850942},""SR3_recency"":{""value"":308,""score"":0.0},""SR4_price_location"":{""score"":30.0},""SR5_reaction"":{""value"":1.8428517306805257,""score"":92.14258653402628},""_score"":40.34,""_levels_found"":3,""_target_level"":263.7449},""volume"":{""V1_rvol_day"":{""value"":0.6217069016424877,""score"":8.113793442832511},""V2_rvol_sameslot"":{""value"":0.5760817964181691,""score"":5.072119761211277,""status"":""ok""},""V3_breakout_bar"":{""value"":0.5979123241420682,""score"":6.527488276137879},""V4_base_dryup"":{""value"":0.9840417712304049,""score"":51.59582287695951},""V5_bo_expansion"":{""value"":0.6217069016424879,""score"":0},""_score"":14.59},""readiness"":{""_distance_atr"":0.204,""BR1_atr_distance"":{""score"":86.39486477769317},""BR2_compression"":{""score"":62.19220173124964},""BR3_retest"":{""score"":50.0},""BR4_bo_age"":{""score"":50.0},""_score"":67.61},""risk"":{""R1_stop_clarity"":{""score"":47.34286963023118},""R2_stop_distance_pct"":{""value"":8.06112666334317,""score"":98.47183341642074},""R3_stop_distance_atr"":{""value"":1.5158936421568152,""score"":100.0},""R4_rr_potential"":{""value"":2.385942628799773,""score"":69.29713143998866},""_score"":74.97},""market"":{""M1_spy_regime"":{""score"":100.0},""M3_earnings_risk"":{""value"":null,""score"":80.0},""M4_vix"":{""value"":null,""score"":60.0},""_score"":84.0},""liquidity"":{""L1_price"":{""value"":521.54,""score"":89.23000000000002},""L2_dollar_vol"":{""value"":12594686348.0415,""score"":100.0},""L3_spread_proxy"":{""value"":0.0407830655366798,""score"":59.2169344633202},""L4_volume_zscore"":{""value"":-0.945948805686188,""score"":100.0},""_score"":93.23},""pattern_structure"":{""pole_low"":432.55,""pole_low_idx"":13,""peak_price"":527.1999,""peak_idx"":38,""pole_gain"":0.21881840249682105,""flag_bars"":21,""flag_low"":486.8,""flag_high"":522.5,""structural_low"":486.8,""current_price"":517.08,""neckline_distance_pct"":0.019571246228823228,""base_bars"":21},""pattern_geometry_features"":{""pole_gain"":0.21881840249682105,""pullback_pct"":0.07663108433821772,""flag_range_pct"":0.06771624956681516,""flag_drift_per_bar"":-0.00013437846287694933,""atr_pct"":0.05317738948936939,""pole_atr_multiple"":4.11487672858715},""_schema_version"":""1.0""}",,,,,,,,,,
20260602T213437Z-756d21,2026-06-02T21:34:37.658687+00:00,AMAT,double_bottom,extended,56.99,100.0,54.9,41.1,44.0,31.5,38.2,32.2,84.0,93.9,15.0,13.72,3.29,6.15,4.1,3.06,1.93,5.04,4.69,False,,490.05,463.8799,434.5032,486.6398,"{""trend"":{""T1_ema_stack"":{""value"":[true,true,true],""score"":100.0},""T2_ema50_slope"":{""value"":0.3751846807999774,""score"":100},""T3_high_proximity"":{""value"":1.0,""score"":99.99999999999997},""T4_rs_1m"":{""value"":0.20550281300184703,""score"":100},""T5_rs_3m"":{""value"":0.27840927055848286,""score"":100},""T6_adr_healthy"":{""value"":4.173886809001124,""score"":100.0},""_score"":100.0},""geometry"":{""sub_low_similarity"":37.8,""sub_bounce_quality"":30.9,""sub_separation_fit"":100.0,""sub_right_bottom_reaction"":15.9,""sub_base_context"":100.0,""_score"":54.9},""compression"":{""VC1_atr_ratio"":{""value"":0.6052048901007043,""score"":98.69877747482391},""VC2_range_contraction"":{""value"":1.0401745328221708,""score"":0},""VC3_range_pct_rank"":{""score"":6.666666666666665},""_score"":41.15},""sr_quality"":{""SR1_touches"":{""value"":2,""score"":25.0},""SR2_tightness"":{""value"":0.7100499999999954,""score"":93.01205335912744},""SR3_recency"":{""value"":232,""score"":0.0},""SR4_price_location"":{""score"":30.0},""SR5_reaction"":{""value"":2.7651252205986525,""score"":100},""_score"":43.95,""_levels_found"":6,""_target_level"":396.66},""volume"":{""V1_rvol_day"":{""value"":1.2942284305756784,""score"":52.948562038378554},""V2_rvol_sameslot"":{""value"":1.1185209260352904,""score"":41.234728402352694,""status"":""ok""},""V3_breakout_bar"":{""value"":0.9171810885019219,""score"":27.812072566794793},""V4_base_dryup"":{""value"":1.3604114522140205,""score"":13.958854778597953},""V5_bo_expansion"":{""value"":1.2942284305756784,""score"":19.615228705045226},""_score"":31.52},""readiness"":{""_distance_atr"":-1.288,""BR1_atr_distance"":{""score"":34.24473454175057},""BR2_compression"":{""score"":28.022696343068016},""BR3_retest"":{""score"":50.0},""BR4_bo_age"":{""score"":50.0},""_score"":38.2},""risk"":{""R1_stop_clarity"":{""score"":34.88086003334139},""R2_stop_distance_pct"":{""value"":11.334925007652284,""score"":16.626874808692893},""R3_stop_distance_atr"":{""value"":2.7333150797213057,""score"":100.0},""R4_rr_potential"":{""value"":-0.06139327558023097,""score"":0.0},""_score"":32.2},""market"":{""M1_spy_regime"":{""score"":100.0},""M3_earnings_risk"":{""value"":null,""score"":80.0},""M4_vix"":{""value"":null,""score"":60.0},""_score"":84.0},""liquidity"":{""L1_price"":{""value"":490.05,""score"":100.0},""L2_dollar_vol"":{""value"":5115364682.372436,""score"":100.0},""L3_spread_proxy"":{""value"":0.06134067952249771,""score"":38.65932047750229},""L4_volume_zscore"":{""value"":0.9641020060192914,""score"":100.0},""_score"":93.87},""pattern_structure"":{""left_low"":441.12,""left_idx"":50,""right_low"":455.0654,""right_idx"":73,""separation_bars"":23,""structural_low"":441.12,""current_price"":485.64,""neckline_distance_pct"":-0.04480705872662871,""base_bars"":23},""pattern_geometry_features"":{""low_similarity_pct"":0.03112168531199014,""bounce_pct"":0.05159571091766416,""right_bottom_reaction"":0.15900113988812858,""atr_pct"":0.041469514772545055},""_schema_version"":""1.0""}",,,,,,,,,,
20260602T213437Z-756d21,2026-06-02T21:34:37.658687+00:00,AEVA,bull_flag,forming,56.89,91.1,68.1,24.3,42.5,5.9,56.6,68.2,84.0,85.5,12.75,20.43,2.19,4.25,0.83,5.09,2.05,5.04,4.28,False,,27.76,29.8,24.8417,39.335,"{""trend"":{""T1_ema_stack"":{""value"":[true,true,true],""score"":100.0},""T2_ema50_slope"":{""value"":0.7816727046104597,""score"":100},""T3_high_proximity"":{""value"":0.9477637418914306,""score"":73.8818709457153},""T4_rs_1m"":{""value"":0.630459220000283,""score"":100},""T5_rs_3m"":{""value"":0.8706423588005487,""score"":100},""T6_adr_healthy"":{""value"":12.526401744148414,""score"":0.0},""_score"":91.08},""geometry"":{""sub_pole_impulse"":95.5,""sub_flag_tightness"":50.0,""sub_flag_shallowness"":34.7,""sub_flag_drift"":100,""sub_flag_duration"":50.0,""_score"":68.09},""compression"":{""VC1_atr_ratio"":{""value"":0.9902405492342198,""score"":2.4398626914450547},""VC2_range_contraction"":{""value"":0.867662866278293,""score"":22.056188953617827},""VC3_range_pct_rank"":{""score"":62.5},""_score"":24.32},""sr_quality"":{""SR1_touches"":{""value"":2,""score"":25.0},""SR2_tightness"":{""value"":0.23000000000000043,""score"":83.02104178036501},""SR3_recency"":{""value"":235,""score"":0.0},""SR4_price_location"":{""score"":30.0},""SR5_reaction"":{""value"":2.1574350172557897,""score"":100},""_score"":42.45,""_levels_found"":4,""_target_level"":22.39},""volume"":{""V1_rvol_day"":{""value"":0.5636013954866508,""score"":4.240093032443385},""V2_rvol_sameslot"":{""value"":0.4486612427694168,""score"":0,""status"":""ok""},""V3_breakout_bar"":{""value"":0.8037851462434819,""score"":20.25234308289879},""V4_base_dryup"":{""value"":2.2276949161180997,""score"":0},""V5_bo_expansion"":{""value"":0.5636013954866509,""score"":0},""_score"":5.91},""readiness"":{""_distance_atr"":0.753,""BR1_atr_distance"":{""score"":49.8013409158619},""BR2_compression"":{""score"":76.5766745863356},""BR3_retest"":{""score"":50.0},""BR4_bo_age"":{""score"":50.0},""_score"":56.56},""risk"":{""R1_stop_clarity"":{""score"":72.07330480657438},""R2_stop_distance_pct"":{""value"":10.512608069164273,""score"":37.18479827089318},""R3_stop_distance_atr"":{""value"":1.0771672559208851,""score"":78.85836279604426},""R4_rr_potential"":{""value"":3.966350272418871,""score"":100.0},""_score"":68.21},""market"":{""M1_spy_regime"":{""score"":100.0},""M3_earnings_risk"":{""value"":null,""score"":80.0},""M4_vix"":{""value"":null,""score"":60.0},""_score"":84.0},""liquidity"":{""L1_price"":{""value"":27.76,""score"":100.0},""L2_dollar_vol"":{""value"":46748921.39851729,""score"":83.4885797592761},""L3_spread_proxy"":{""value"":0.07889048991354458,""score"":21.109510086455415},""L4_volume_zscore"":{""value"":-1.0338888679590217,""score"":100.0},""_score"":85.51},""pattern_structure"":{""pole_low"":20.265,""pole_low_idx"":11,""peak_price"":29.8,""peak_idx"":35,""pole_gain"":0.47051566740685913,""flag_bars"":24,""flag_low"":25.22,""flag_high"":29.428,""structural_low"":25.22,""current_price"":27.57,""neckline_distance_pct"":0.08088501994922018,""base_bars"":24},""pattern_geometry_features"":{""pole_gain"":0.47051566740685913,""pullback_pct"":0.1536912751677853,""flag_range_pct"":0.14120805369127523,""flag_drift_per_bar"":0.0032674394032580953,""atr_pct"":0.09759494648003293,""pole_atr_multiple"":4.821106874658951},""_schema_version"":""1.0""}",,,,,,,,,,
20260602T213437Z-756d21,2026-06-02T21:34:37.658687+00:00,IREN,high_tight_pullback,forming,56.71,97.3,57.4,45.5,39.1,12.7,56.5,77.4,84.0,92.0,11.68,20.08,4.55,3.13,1.78,5.09,0.77,5.04,4.6,False,,66.6,69.57,65.1085,80.42,"{""trend"":{""T1_ema_stack"":{""value"":[true,true,true],""score"":100.0},""T2_ema50_slope"":{""value"":0.552042195956567,""score"":100},""T3_high_proximity"":{""value"":0.9817216981132074,""score"":90.86084905660368},""T4_rs_1m"":{""value"":0.4046002965092197,""score"":100},""T5_rs_3m"":{""value"":0.5978128261284961,""score"":100},""T6_adr_healthy"":{""value"":9.046570755805606,""score"":73.83573110485986},""_score"":97.32},""geometry"":{""sub_pole_impulse"":35.2,""sub_flag_tightness"":69.5,""sub_flag_shallowness"":46.0,""sub_flag_drift"":68.3,""sub_flag_duration"":100.0,""_score"":57.38},""compression"":{""VC1_atr_ratio"":{""value"":0.7638695815235473,""score"":59.03260461911316},""VC2_range_contraction"":{""value"":0.8541518719334332,""score"":24.308021344427797},""VC3_range_pct_rank"":{""score"":53.333333333333336},""_score"":45.45},""sr_quality"":{""SR1_touches"":{""value"":2,""score"":25.0},""SR2_tightness"":{""value"":1.009999999999998,""score"":60.49771758382369},""SR3_recency"":{""value"":239,""score"":0.0},""SR4_price_location"":{""score"":30.0},""SR5_reaction"":{""value"":3.2198271286254663,""score"":100},""_score"":39.07,""_levels_found"":6,""_target_level"":64.6},""volume"":{""V1_rvol_day"":{""value"":0.862627433904176,""score"":24.175162260278395},""V2_rvol_sameslot"":{""value"":0.7684419151675298,""score"":17.89612767783532,""status"":""ok""},""V3_breakout_bar"":{""value"":0.6164512390812297,""score"":7.763415938748645},""V4_base_dryup"":{""value"":1.383912842010831,""score"":11.60871579891689},""V5_bo_expansion"":{""value"":0.862627433904176,""score"":0},""_score"":12.68},""readiness"":{""_distance_atr"":0.581,""BR1_atr_distance"":{""score"":61.27994099800535},""BR2_compression"":{""score"":58.17132965344193},""BR3_retest"":{""score"":50.0},""BR4_bo_age"":{""score"":50.0},""_score"":56.55},""risk"":{""R1_stop_clarity"":{""score"":61.22127424194162},""R2_stop_distance_pct"":{""value"":2.239489489489493,""score"":100.0},""R3_stop_distance_atr"":{""value"":0.2916715555630057,""score"":39.58357777815029},""R4_rr_potential"":{""value"":9.265839758632232,""score"":100.0},""_score"":77.36},""market"":{""M1_spy_regime"":{""score"":100.0},""M3_earnings_risk"":{""value"":null,""score"":80.0},""M4_vix"":{""value"":null,""score"":60.0},""_score"":84.0},""liquidity"":{""L1_price"":{""value"":66.6,""score"":100.0},""L2_dollar_vol"":{""value"":3431871959.950449,""score"":100.0},""L3_spread_proxy"":{""value"":0.07972972972972955,""score"":20.270270270270444},""L4_volume_zscore"":{""value"":-0.3671705109029992,""score"":100.0},""_score"":92.03},""pattern_structure"":{""pole_low"":58.72,""pole_low_idx"":29,""peak_price"":69.57,""peak_idx"":54,""pole_gain"":0.18477520435967293,""flag_bars"":5,""flag_low"":66.1,""flag_high"":68.45,""structural_low"":66.1,""current_price"":66.265,""neckline_distance_pct"":0.04987549988681797,""base_bars"":5},""pattern_geometry_features"":{""pole_gain"":0.18477520435967293,""pullback_pct"":0.04987782089981312,""flag_range_pct"":0.03377892769872084,""flag_drift_per_bar"":-0.006335622123292917,""atr_pct"":0.0767812097812098,""pole_atr_multiple"":2.4065159286522713},""_schema_version"":""1.0""}",,,,,,,,,,
20260602T213437Z-756d21,2026-06-02T21:34:37.658687+00:00,MKSI,high_tight_pullback,absent,56.59,99.4,42.4,70.7,52.6,21.0,56.5,68.7,84.0,95.7,11.93,14.84,7.07,4.21,2.94,5.08,0.69,5.04,4.79,False,,331.36,339.0,304.8181,387.41,"{""trend"":{""T1_ema_stack"":{""value"":[true,true,true],""score"":100.0},""T2_ema50_slope"":{""value"":0.5191631413003678,""score"":100},""T3_high_proximity"":{""value"":0.9917691778156894,""score"":95.88458890784469},""T4_rs_1m"":{""value"":0.13204803629044548,""score"":100},""T5_rs_3m"":{""value"":0.3083637131499717,""score"":100},""T6_adr_healthy"":{""value"":4.444041841272314,""score"":100.0},""_score"":99.38},""geometry"":{""sub_pole_impulse"":70.1,""sub_flag_tightness"":26.1,""sub_flag_shallowness"":0,""sub_flag_drift"":99.0,""sub_flag_duration"":0.0,""_score"":42.41},""compression"":{""VC1_atr_ratio"":{""value"":0.5425145604126579,""score"":100},""VC2_range_contraction"":{""value"":0.6991268989139521,""score"":50.145516847674656},""VC3_range_pct_rank"":{""score"":52.5},""_score"":70.68},""sr_quality"":{""SR1_touches"":{""value"":4,""score"":75.0},""SR2_tightness"":{""value"":3.5844531922596055,""score"":50.60853612368501},""SR3_recency"":{""value"":246,""score"":0.0},""SR4_price_location"":{""score"":30.0},""SR5_reaction"":{""value"":2.054588403193859,""score"":100},""_score"":52.59,""_levels_found"":4,""_target_level"":264.9688},""volume"":{""V1_rvol_day"":{""value"":0.855017054767402,""score"":23.66780365116013},""V2_rvol_sameslot"":{""value"":0.8318985177789804,""score"":22.126567851932023,""status"":""ok""},""V3_breakout_bar"":{""value"":0.88953011063633,""score"":25.968674042422002},""V4_base_dryup"":{""value"":1.2316856175203912,""score"":26.831438247960875},""V5_bo_expansion"":{""value"":0.855017054767402,""score"":0},""_score"":21.02},""readiness"":{""_distance_atr"":0.526,""BR1_atr_distance"":{""score"":64.9085682180748},""BR2_compression"":{""score"":52.12680305223374},""BR3_retest"":{""score"":50.0},""BR4_bo_age"":{""score"":50.0},""_score"":56.5},""risk"":{""R1_stop_clarity"":{""score"":36.03759796262319},""R2_stop_distance_pct"":{""value"":8.009989135683261,""score"":99.75027160791848},""R3_stop_distance_atr"":{""value"":1.8286517144228087,""score"":100.0},""R4_rr_potential"":{""value"":2.1117553754629435,""score"":55.587768773147175},""_score"":68.66},""market"":{""M1_spy_regime"":{""score"":100.0},""M3_earnings_risk"":{""value"":null,""score"":80.0},""M4_vix"":{""value"":null,""score"":60.0},""_score"":84.0},""liquidity"":{""L1_price"":{""value"":331.36,""score"":100.0},""L2_dollar_vol"":{""value"":372912800.97365636,""score"":100.0},""L3_spread_proxy"":{""value"":0.042581784162240406,""score"":57.4182158377596},""L4_volume_zscore"":{""value"":-0.45003581003374105,""score"":100.0},""_score"":95.74},""pattern_structure"":{""pole_low"":290.59,""pole_low_idx"":5,""peak_price"":339.0,""peak_idx"":30,""pole_gain"":0.16659210571595728,""flag_bars"":29,""flag_low"":309.46,""flag_high"":334.49,""structural_low"":309.46,""current_price"":329.41,""neckline_distance_pct"":0.029112655960656854,""base_bars"":29},""pattern_geometry_features"":{""pole_gain"":0.16659210571595728,""pullback_pct"":0.08713864306784667,""flag_range_pct"":0.0738348082595871,""flag_drift_per_bar"":-0.0002041678337281156,""atr_pct"":0.04380270486997309,""pole_atr_multiple"":3.803237864202235},""_schema_version"":""1.0""}",,,,,,,,,,
20260602T213437Z-756d21,2026-06-02T21:34:37.658687+00:00,KLAC,double_bottom,forming,56.55,100.0,53.6,36.3,40.0,40.2,52.8,27.6,84.0,70.2,15.0,13.4,2.9,5.6,5.22,4.22,1.66,5.04,3.51,False,,2045.2,2060.08,1778.0432,2315.04,"{""trend"":{""T1_ema_stack"":{""value"":[true,true,true],""score"":100.0},""T2_ema50_slope"":{""value"":0.3164343876120452,""score"":100},""T3_high_proximity"":{""value"":1.0,""score"":99.99999999999997},""T4_rs_1m"":{""value"":0.1307510006824446,""score"":100},""T5_rs_3m"":{""value"":0.3024746263257323,""score"":100},""T6_adr_healthy"":{""value"":3.865404586253242,""score"":100.0},""_score"":100.0},""geometry"":{""sub_low_similarity"":12.4,""sub_bounce_quality"":100,""sub_separation_fit"":46.7,""sub_right_bottom_reaction"":19.3,""sub_base_context"":100.0,""_score"":53.62},""compression"":{""VC1_atr_ratio"":{""value"":0.6999325801128581,""score"":75.01685497178548},""VC2_range_contraction"":{""value"":1.0191008792187495,""score"":0},""VC3_range_pct_rank"":{""score"":25.0},""_score"":36.26},""sr_quality"":{""SR1_touches"":{""value"":2,""score"":25.0},""SR2_tightness"":{""value"":14.125,""score"":66.46813200788483},""SR3_recency"":{""value"":235,""score"":0.0},""SR4_price_location"":{""score"":30.0},""SR5_reaction"":{""value"":3.0516373810381747,""score"":100},""_score"":39.97,""_levels_found"":7,""_target_level"":1925.235},""volume"":{""V1_rvol_day"":{""value"":1.0354743683627599,""score"":35.69829122418399},""V2_rvol_sameslot"":{""value"":1.2479648936258287,""score"":49.86432624172192,""status"":""ok""},""V3_breakout_bar"":{""value"":1.3208608519689742,""score"":54.72405679793161},""V4_base_dryup"":{""value"":1.0493336236599233,""score"":45.06663763400767},""V5_bo_expansion"":{""value"":1.0354743683627599,""score"":2.3649578908506568},""_score"":40.16},""readiness"":{""_distance_atr"":0.177,""BR1_atr_distance"":{""score"":88.22526971745913},""BR2_compression"":{""score"":0},""BR3_retest"":{""score"":50.0},""BR4_bo_age"":{""score"":50.0},""_score"":52.79},""risk"":{""R1_stop_clarity"":{""score"":35.72136755759962},""R2_stop_distance_pct"":{""value"":13.06262468218268,""score"":0.0},""R3_stop_distance_atr"":{""value"":3.1710678055914747,""score"":100.0},""R4_rr_potential"":{""value"":1.0100435399735275,""score"":0.5021769986763736},""_score"":27.6},""market"":{""M1_spy_regime"":{""score"":100.0},""M3_earnings_risk"":{""value"":null,""score"":80.0},""M4_vix"":{""value"":null,""score"":60.0},""_score"":84.0},""liquidity"":{""L1_price"":{""value"":2045.2,""score"":0.0},""L2_dollar_vol"":{""value"":2168162259.2536592,""score"":100.0},""L3_spread_proxy"":{""value"":0.0476725992567964,""score"":52.3274007432036},""L4_volume_zscore"":{""value"":0.19800052852077415,""score"":100.0},""_score"":70.23},""pattern_structure"":{""left_low"":1805.12,""left_idx"":30,""right_low"":1886.0,""right_idx"":68,""separation_bars"":38,""structural_low"":1805.12,""current_price"":2033.955,""neckline_distance_pct"":0.012844433628079284,""base_bars"":38},""pattern_geometry_features"":{""low_similarity_pct"":0.04382409675112167,""bounce_pct"":0.14124268746676125,""right_bottom_reaction"":0.19326530612244955,""atr_pct"":0.04119314213070323},""_schema_version"":""1.0""}",,,,,,,,,,
20260602T213437Z-756d21,2026-06-02T21:34:37.658687+00:00,QCOM,double_bottom,forming,56.35,96.9,72.2,2.3,39.4,4.7,36.2,82.1,84.0,92.0,14.53,18.05,0.18,5.51,0.61,2.9,4.93,5.04,4.6,False,,240.84,259.92,222.6593,293.79,"{""trend"":{""T1_ema_stack"":{""value"":[true,true,true],""score"":100.0},""T2_ema50_slope"":{""value"":0.8816600949553394,""score"":100},""T3_high_proximity"":{""value"":0.9594454625129472,""score"":79.72273125647355},""T4_rs_1m"":{""value"":0.30659429656608506,""score"":100},""T5_rs_3m"":{""value"":0.6271020050593172,""score"":100},""T6_adr_healthy"":{""value"":8.069454242570853,""score"":98.26364393572868},""_score"":96.87},""geometry"":{""sub_low_similarity"":15.6,""sub_bounce_quality"":100,""sub_separation_fit"":100.0,""sub_right_bottom_reaction"":83.5,""sub_base_context"":100.0,""_score"":72.2},""compression"":{""VC1_atr_ratio"":{""value"":1.1510713884644113,""score"":0},""VC2_range_contraction"":{""value"":1.029281019900648,""score"":0},""VC3_range_pct_rank"":{""score"":9.166666666666668},""_score"":2.29},""sr_quality"":{""SR1_touches"":{""value"":2,""score"":25.0},""SR2_tightness"":{""value"":3.285000000000011,""score"":62.34573233211231},""SR3_recency"":{""value"":232,""score"":0.0},""SR4_price_location"":{""score"":30.0},""SR5_reaction"":{""value"":2.4776164250879433,""score"":100},""_score"":39.35,""_levels_found"":4,""_target_level"":187.735},""volume"":{""V1_rvol_day"":{""value"":0.6374446776982753,""score"":9.162978513218352},""V2_rvol_sameslot"":{""value"":0.6098010396166581,""score"":7.3200693077772065,""status"":""ok""},""V3_breakout_bar"":{""value"":0.586273991382894,""score"":5.751599425526269},""V4_base_dryup"":{""value"":2.38219167123019,""score"":0},""V5_bo_expansion"":{""value"":0.6374446776982755,""score"":0},""_score"":4.73},""readiness"":{""_distance_atr"":1.094,""BR1_atr_distance"":{""score"":27.09858679824505},""BR2_compression"":{""score"":31.450544642938418},""BR3_retest"":{""score"":50.0},""BR4_bo_age"":{""score"":50.0},""_score"":36.2},""risk"":{""R1_stop_clarity"":{""score"":61.13357440033801},""R2_stop_distance_pct"":{""value"":7.548891380169402,""score"":100.0},""R3_stop_distance_atr"":{""value"":1.0419829937639973,""score"":77.09914968819986},""R4_rr_potential"":{""value"":2.9124211047399062,""score"":95.62105523699532},""_score"":82.09},""market"":{""M1_spy_regime"":{""score"":100.0},""M3_earnings_risk"":{""value"":null,""score"":80.0},""M4_vix"":{""value"":null,""score"":60.0},""_score"":84.0},""liquidity"":{""L1_price"":{""value"":240.84,""score"":100.0},""L2_dollar_vol"":{""value"":4440308582.624319,""score"":100.0},""L3_spread_proxy"":{""value"":0.07945939212755357,""score"":20.54060787244643},""L4_volume_zscore"":{""value"":-1.182300651067499,""score"":100.0},""_score"":92.05},""pattern_structure"":{""left_low"":235.8001,""left_idx"":44,""right_low"":226.05,""right_idx"":74,""separation_bars"":30,""structural_low"":226.05,""current_price"":242.54,""neckline_distance_pct"":0.07165828316978652,""base_bars"":30},""pattern_geometry_features"":{""low_similarity_pct"":0.04222192438628886,""bounce_pct"":0.14983410749834108,""right_bottom_reaction"":0.8348458904109585,""atr_pct"":0.07244735687000262},""_schema_version"":""1.0""}",,,,,,,,,,
20260602T213437Z-756d21,2026-06-02T21:34:37.658687+00:00,PL,bull_flag,absent,55.63,93.1,39.5,53.0,50.8,25.8,57.7,82.6,84.0,91.0,13.03,11.86,4.77,5.08,3.62,5.19,2.48,5.04,4.55,False,,48.09,51.475,44.1083,61.2925,"{""trend"":{""T1_ema_stack"":{""value"":[true,true,true],""score"":100.0},""T2_ema50_slope"":{""value"":0.6980918850101331,""score"":100},""T3_high_proximity"":{""value"":0.935603112840467,""score"":67.8015564202335},""T4_rs_1m"":{""value"":0.2492452331031325,""score"":100},""T5_rs_3m"":{""value"":0.7843176256767743,""score"":100},""T6_adr_healthy"":{""value"":9.670913014931838,""score"":58.227174626704056},""_score"":93.08},""geometry"":{""sub_pole_impulse"":41.5,""sub_flag_tightness"":8.4,""sub_flag_shallowness"":0,""sub_flag_drift"":100,""sub_flag_duration"":100.0,""_score"":39.55},""compression"":{""VC1_atr_ratio"":{""value"":0.4918745497761176,""score"":100},""VC2_range_contraction"":{""value"":0.9662911763344874,""score"":5.618137277585441},""VC3_range_pct_rank"":{""score"":44.166666666666664},""_score"":53.01},""sr_quality"":{""SR1_touches"":{""value"":4,""score"":75.0},""SR2_tightness"":{""value"":1.3020056643501987,""score"":38.89909813576429},""SR3_recency"":{""value"":232,""score"":0.0},""SR4_price_location"":{""score"":30.0},""SR5_reaction"":{""value"":2.271622629492755,""score"":100},""_score"":50.83,""_levels_found"":5,""_target_level"":37.0525},""volume"":{""V1_rvol_day"":{""value"":1.0378107604447313,""score"":35.85405069631542},""V2_rvol_sameslot"":{""value"":0.9676052961561131,""score"":31.17368641040754,""status"":""ok""},""V3_breakout_bar"":{""value"":0.6808205211514091,""score"":12.054701410093942},""V4_base_dryup"":{""value"":1.0482102760901437,""score"":45.17897239098563},""V5_bo_expansion"":{""value"":1.037810760444731,""score"":2.5207173629820723},""_score"":25.83},""readiness"":{""_distance_atr"":0.794,""BR1_atr_distance"":{""score"":47.04924397963093},""BR2_compression"":{""score"":85.53139465532766},""BR3_retest"":{""score"":50.0},""BR4_bo_age"":{""score"":50.0},""_score"":57.7},""risk"":{""R1_stop_clarity"":{""score"":68.47826633481654},""R2_stop_distance_pct"":{""value"":8.279683925972142,""score"":93.00790185069646},""R3_stop_distance_atr"":{""value"":0.9342718991712136,""score"":71.71359495856068},""R4_rr_potential"":{""value"":3.315794761031717,""score"":100.0},""_score"":82.63},""market"":{""M1_spy_regime"":{""score"":100.0},""M3_earnings_risk"":{""value"":null,""score"":80.0},""M4_vix"":{""value"":null,""score"":60.0},""_score"":84.0},""liquidity"":{""L1_price"":{""value"":48.09,""score"":100.0},""L2_dollar_vol"":{""value"":544353824.680195,""score"":100.0},""L3_spread_proxy"":{""value"":0.08962362237471412,""score"":10.376377625285883},""L4_volume_zscore"":{""value"":0.12791316018774648,""score"":100.0},""_score"":91.04},""pattern_structure"":{""pole_low"":41.6575,""pole_low_idx"":17,""peak_price"":51.475,""peak_idx"":40,""pole_gain"":0.2356718478065175,""flag_bars"":19,""flag_low"":44.78,""flag_high"":51.445,""structural_low"":44.78,""current_price"":48.53,""neckline_distance_pct"":0.0606841129198434,""base_bars"":19},""pattern_geometry_features"":{""pole_gain"":0.2356718478065175,""pullback_pct"":0.13006313744536183,""flag_range_pct"":0.1294803302574065,""flag_drift_per_bar"":0.0005814272958307252,""atr_pct"":0.08862178058996525,""pole_atr_multiple"":2.6592993983829176},""_schema_version"":""1.0""}",,,,,,,,,,
20260602T213437Z-756d21,2026-06-02T21:34:37.658687+00:00,NXE,double_bottom,setup,55.55,37.6,72.3,47.0,58.2,47.5,35.4,29.1,84.0,82.8,5.64,18.08,3.76,8.15,6.17,2.83,1.75,5.04,4.14,True,reversal_trend_cap,12.44,12.025,10.64,13.248,"{""trend"":{""T1_ema_stack"":{""value"":[true,false,true],""score"":66.66666666666666},""T2_ema50_slope"":{""value"":-0.16290736759296018,""score"":22.848772067839967},""T3_high_proximity"":{""value"":0.949618320610687,""score"":74.80916030534345},""T4_rs_1m"":{""value"":-0.04916027276129631,""score"":0.8397272387036878},""T5_rs_3m"":{""value"":-0.11000039624783287,""score"":0},""T6_adr_healthy"":{""value"":4.795701394218814,""score"":100.0},""_score"":37.63},""geometry"":{""sub_low_similarity"":10.8,""sub_bounce_quality"":100,""sub_separation_fit"":100.0,""sub_right_bottom_reaction"":93.8,""sub_base_context"":100.0,""_score"":72.31},""compression"":{""VC1_atr_ratio"":{""value"":0.42971632870848864,""score"":100},""VC2_range_contraction"":{""value"":0.8914944467740236,""score"":18.084258870996074},""VC3_range_pct_rank"":{""score"":2.500000000000002},""_score"":46.95},""sr_quality"":{""SR1_touches"":{""value"":5,""score"":100},""SR2_tightness"":{""value"":0.1538180743605902,""score"":43.27793912687311},""SR3_recency"":{""value"":240,""score"":0.0},""SR4_price_location"":{""score"":26.818181818181657},""SR5_reaction"":{""value"":2.808112735414197,""score"":100},""_score"":58.2,""_levels_found"":6,""_target_level"":13.245},""volume"":{""V1_rvol_day"":{""value"":1.5061809046016723,""score"":67.07872697344483},""V2_rvol_sameslot"":{""value"":1.4406225095238285,""score"":62.70816730158857,""status"":""ok""},""V3_breakout_bar"":{""value"":1.0675061406780362,""score"":37.83374271186908},""V4_base_dryup"":{""value"":1.1508180289068342,""score"":34.91819710931658},""V5_bo_expansion"":{""value"":1.5061809046016723,""score"":33.74539364011149},""_score"":47.46},""readiness"":{""_distance_atr"":-0.765,""BR1_atr_distance"":{""score"":44.696430923218784},""BR2_compression"":{""score"":0},""BR3_retest"":{""score"":50.0},""BR4_bo_age"":{""score"":50.0},""_score"":35.38},""risk"":{""R1_stop_clarity"":{""score"":40.24970367443712},""R2_stop_distance_pct"":{""value"":14.469694533762055,""score"":0.0},""R3_stop_distance_atr"":{""value"":3.3189016199130763,""score"":100.0},""R4_rr_potential"":{""value"":0.4488814075320977,""score"":0.0},""_score"":29.09},""market"":{""M1_spy_regime"":{""score"":100.0},""M3_earnings_risk"":{""value"":null,""score"":80.0},""M4_vix"":{""value"":null,""score"":60.0},""_score"":84.0},""liquidity"":{""L1_price"":{""value"":12.44,""score"":100.0},""L2_dollar_vol"":{""value"":122286739.83642371,""score"":100.0},""L3_spread_proxy"":{""value"":0.09686495176848875,""score"":3.1350482315112487},""L4_volume_zscore"":{""value"":2.3886405557273003,""score"":70.0},""_score"":82.81},""pattern_structure"":{""left_low"":10.802,""left_idx"":50,""right_low"":11.295,""right_idx"":74,""separation_bars"":24,""structural_low"":10.802,""current_price"":12.41,""neckline_distance_pct"":-0.031023368251410135,""base_bars"":24},""pattern_geometry_features"":{""low_similarity_pct"":0.04462144182468211,""bounce_pct"":0.11321977411590453,""right_bottom_reaction"":0.9383561643835617,""atr_pct"":0.04359784106568674},""_schema_version"":""1.0""}",,,,,,,,,,
20260602T213437Z-756d21,2026-06-02T21:34:37.658687+00:00,SGML,double_bottom,forming,55.51,46.6,62.0,72.3,63.0,4.9,46.0,81.5,84.0,83.2,6.99,15.5,5.79,8.83,0.64,3.68,4.89,5.04,4.16,True,reversal_trend_cap,16.48,17.57,15.4645,19.44,"{""trend"":{""T1_ema_stack"":{""value"":[false,true,true],""score"":66.66666666666666},""T2_ema50_slope"":{""value"":0.003937442624533601,""score"":50.65624043742227},""T3_high_proximity"":{""value"":0.6968287526427062,""score"":0},""T4_rs_1m"":{""value"":-0.303893007883283,""score"":0},""T5_rs_3m"":{""value"":0.1904263981235117,""score"":100},""T6_adr_healthy"":{""value"":8.148783421652762,""score"":96.28041445868094},""_score"":46.61},""geometry"":{""sub_low_similarity"":62.1,""sub_bounce_quality"":100,""sub_separation_fit"":100.0,""sub_right_bottom_reaction"":15.9,""sub_base_context"":30.0,""_score"":62.01},""compression"":{""VC1_atr_ratio"":{""value"":0.2756057895723646,""score"":100},""VC2_range_contraction"":{""value"":0.8383920539011605,""score"":26.93465768313993},""VC3_range_pct_rank"":{""score"":91.66666666666666},""_score"":72.34},""sr_quality"":{""SR1_touches"":{""value"":3,""score"":50.0},""SR2_tightness"":{""value"":0.12970050972229077,""score"":81.15346470453599},""SR3_recency"":{""value"":290,""score"":0.0},""SR4_price_location"":{""score"":83.52217941811575},""SR5_reaction"":{""value"":3.5116125393975253,""score"":100},""_score"":63.05,""_levels_found"":5,""_target_level"":16.7833},""volume"":{""V1_rvol_day"":{""value"":0.41896662143287794,""score"":0},""V2_rvol_sameslot"":{""value"":0.3376971214683376,""score"":0,""status"":""ok""},""V3_breakout_bar"":{""value"":0.36745949639357905,""score"":0},""V4_base_dryup"":{""value"":1.2546214307268395,""score"":24.537856927316042},""V5_bo_expansion"":{""value"":0.41896662143287783,""score"":0},""_score"":4.91},""readiness"":{""_distance_atr"":0.792,""BR1_atr_distance"":{""score"":47.20472182147169},""BR2_compression"":{""score"":38.28517542413151},""BR3_retest"":{""score"":50.0},""BR4_bo_age"":{""score"":50.0},""_score"":45.95},""risk"":{""R1_stop_clarity"":{""score"":65.77994125400893},""R2_stop_distance_pct"":{""value"":6.162014563106803,""score"":100.0},""R3_stop_distance_atr"":{""value"":0.7378019035361775,""score"":61.89009517680888},""R4_rr_potential"":{""value"":2.9148202855736067,""score"":95.74101427868034},""_score"":81.45},""market"":{""M1_spy_regime"":{""score"":100.0},""M3_earnings_risk"":{""value"":null,""score"":80.0},""M4_vix"":{""value"":null,""score"":60.0},""_score"":84.0},""liquidity"":{""L1_price"":{""value"":16.48,""score"":100.0},""L2_dollar_vol"":{""value"":27603350.59567904,""score"":72.04809007589765},""L3_spread_proxy"":{""value"":0.05643203883495144,""score"":43.56796116504856},""L4_volume_zscore"":{""value"":-1.1601160428406596,""score"":100.0},""_score"":83.18},""pattern_structure"":{""left_low"":15.7,""left_idx"":62,""right_low"":16.0,""right_idx"":74,""separation_bars"":12,""structural_low"":15.7,""current_price"":16.49,""neckline_distance_pct"":0.06549423893268659,""base_bars"":12},""pattern_geometry_features"":{""low_similarity_pct"":0.018927444794952727,""bounce_pct"":0.11910828025477714,""right_bottom_reaction"":0.15942028985507134,""atr_pct"":0.08351855062413313},""_schema_version"":""1.0""}",,,,,,,,,,
20260602T213437Z-756d21,2026-06-02T21:34:37.658687+00:00,AEVA,inverse_head_shoulders,forming,55.43,91.1,60.8,24.3,42.5,17.8,68.3,52.7,84.0,85.5,10.93,17.02,1.95,5.94,2.49,5.47,3.16,4.2,4.28,False,,27.76,28.605,24.8417,31.99,"{""trend"":{""T1_ema_stack"":{""value"":[true,true,true],""score"":100.0},""T2_ema50_slope"":{""value"":0.7816727046104597,""score"":100},""T3_high_proximity"":{""value"":0.9477637418914306,""score"":73.8818709457153},""T4_rs_1m"":{""value"":0.630459220000283,""score"":100},""T5_rs_3m"":{""value"":0.8706423588005487,""score"":100},""T6_adr_healthy"":{""value"":12.526401744148414,""score"":0.0},""_score"":91.08},""geometry"":{""sub_head_depth"":61.4,""sub_shoulder_price_sym"":33.5,""sub_shoulder_time_sym"":33.3,""sub_right_shoulder_reaction"":92.2,""sub_base_context"":100.0,""_score"":60.77},""compression"":{""VC1_atr_ratio"":{""value"":0.9902405492342198,""score"":2.4398626914450547},""VC2_range_contraction"":{""value"":0.867662866278293,""score"":22.056188953617827},""VC3_range_pct_rank"":{""score"":62.5},""_score"":24.32},""sr_quality"":{""SR1_touches"":{""value"":2,""score"":25.0},""SR2_tightness"":{""value"":0.23000000000000043,""score"":83.02104178036501},""SR3_recency"":{""value"":235,""score"":0.0},""SR4_price_location"":{""score"":30.0},""SR5_reaction"":{""value"":2.1574350172557897,""score"":100},""_score"":42.45,""_levels_found"":4,""_target_level"":22.39},""volume"":{""V1_rvol_day"":{""value"":0.5636013954866508,""score"":4.240093032443385},""V2_rvol_sameslot"":{""value"":0.4486612427694168,""score"":0,""status"":""ok""},""V3_breakout_bar"":{""value"":0.8037851462434819,""score"":20.25234308289879},""V4_base_dryup"":{""value"":0.9058859399424543,""score"":59.41140600575457},""V5_bo_expansion"":{""value"":0.5636013954866509,""score"":0},""_score"":17.79},""readiness"":{""_distance_atr"":0.312,""BR1_atr_distance"":{""score"":79.2069279774036},""BR2_compression"":{""score"":76.5766745863356},""BR3_retest"":{""score"":50.0},""BR4_bo_age"":{""score"":50.0},""_score"":68.33},""risk"":{""R1_stop_clarity"":{""score"":72.07330480657438},""R2_stop_distance_pct"":{""value"":10.512608069164273,""score"":37.18479827089318},""R3_stop_distance_atr"":{""value"":1.0771672559208851,""score"":78.85836279604426},""R4_rr_potential"":{""value"":1.4494740088407625,""score"":22.473700442038126},""_score"":52.7},""market"":{""M1_spy_regime"":{""score"":100.0},""M3_earnings_risk"":{""value"":null,""score"":80.0},""M4_vix"":{""value"":null,""score"":60.0},""_score"":84.0},""liquidity"":{""L1_price"":{""value"":27.76,""score"":100.0},""L2_dollar_vol"":{""value"":46748921.39851729,""score"":83.4885797592761},""L3_spread_proxy"":{""value"":0.07889048991354458,""score"":21.109510086455415},""L4_volume_zscore"":{""value"":-1.0338888679590217,""score"":100.0},""_score"":85.51},""pattern_structure"":{""left_shoulder"":25.61,""left_shoulder_idx"":77,""head"":25.22,""head_idx"":81,""right_shoulder"":27.01,""right_shoulder_idx"":87,""left_to_head_bars"":4,""head_to_right_bars"":6,""structural_low"":25.22,""current_price"":27.57,""neckline_distance_pct"":0.03754080522306856,""base_bars"":10},""pattern_geometry_features"":{""head_depth_pct"":0.04142911440516926,""shoulder_price_asymmetry"":0.053211706575446674,""shoulder_time_asymmetry"":0.3333333333333333,""right_shoulder_reaction"":0.922073170731711,""atr_pct"":0.09759494648003293},""_schema_version"":""1.0""}",,,,,,,,,,
20260602T213437Z-756d21,2026-06-02T21:34:37.658687+00:00,TXN,vcp,absent,55.36,94.6,45.1,14.1,40.3,40.3,63.3,76.5,84.0,96.9,14.19,11.27,1.69,4.83,5.24,4.43,3.82,5.04,4.85,False,,308.12,310.29,287.5707,435.68,"{""trend"":{""T1_ema_stack"":{""value"":[true,true,true],""score"":100.0},""T2_ema50_slope"":{""value"":0.7115189341662712,""score"":100},""T3_high_proximity"":{""value"":0.9483825294715135,""score"":74.19126473575672},""T4_rs_1m"":{""value"":0.04242761806199025,""score"":92.42761806199024},""T5_rs_3m"":{""value"":0.40383105421215104,""score"":100},""T6_adr_healthy"":{""value"":3.376309498302614,""score"":100.0},""_score"":94.61},""geometry"":{""sub_contraction_count"":100.0,""sub_reduction_rate"":0,""sub_pivot_tightness"":58.4,""sub_volume_dryup"":8.7,""sub_base_depth"":0.0,""sub_base_duration"":100.0,""_score"":45.06},""compression"":{""VC1_atr_ratio"":{""value"":0.9385248732734429,""score"":15.368781681639271},""VC2_range_contraction"":{""value"":1.1290026344500823,""score"":0},""VC3_range_pct_rank"":{""score"":31.666666666666664},""_score"":14.06},""sr_quality"":{""SR1_touches"":{""value"":2,""score"":25.0},""SR2_tightness"":{""value"":2.0600000000000023,""score"":68.40360992043384},""SR3_recency"":{""value"":232,""score"":0.0},""SR4_price_location"":{""score"":30.0},""SR5_reaction"":{""value"":2.4216869119842213,""score"":100},""_score"":40.26,""_levels_found"":6,""_target_level"":289.89},""volume"":{""V1_rvol_day"":{""value"":1.3793222458952326,""score"":58.62148305968217},""V2_rvol_sameslot"":{""value"":1.266726704068456,""score"":51.11511360456373,""status"":""ok""},""V3_breakout_bar"":{""value"":0.777829647124123,""score"":18.52197647494153},""V4_base_dryup"":{""value"":1.0036441258739346,""score"":49.63558741260654},""V5_bo_expansion"":{""value"":1.3793222458952326,""score"":25.288149726348834},""_score"":40.3},""readiness"":{""_distance_atr"":0.166,""BR1_atr_distance"":{""score"":88.90547468079951},""BR2_compression"":{""score"":41.13012580732691},""BR3_retest"":{""score"":50.0},""BR4_bo_age"":{""score"":50.0},""_score"":63.34},""risk"":{""R1_stop_clarity"":{""score"":32.83082948740757},""R2_stop_distance_pct"":{""value"":6.669236011943408,""score"":100.0},""R3_stop_distance_atr"":{""value"":1.5759274729187507,""score"":100.0},""R4_rr_potential"":{""value"":6.2075258221102905,""score"":100.0},""_score"":76.49},""market"":{""M1_spy_regime"":{""score"":100.0},""M3_earnings_risk"":{""value"":null,""score"":80.0},""M4_vix"":{""value"":null,""score"":60.0},""_score"":84.0},""liquidity"":{""L1_price"":{""value"":308.12,""score"":100.0},""L2_dollar_vol"":{""value"":3444482184.14905,""score"":100.0},""L3_spread_proxy"":{""value"":0.03057250421913527,""score"":69.42749578086473},""L4_volume_zscore"":{""value"":1.2068273416094162,""score"":100.0},""_score"":96.94},""pattern_structure"":{""n_contractions"":5,""contractions_pct"":[5.55,15.39,5.87,7.05,5.91],""descending_strict"":false,""final_low"":291.95,""final_pivot"":310.29,""structural_low"":291.95,""dry_up_ratio"":0.956517897038933,""current_price"":308.12,""neckline_distance_pct"":0.007042710632221264,""base_bars"":73,""recent_base_height"":125.39000000000001},""pattern_geometry_features"":{""contraction_count"":5.0,""first_contraction_pct"":0.05549971594633578,""last_contraction_pct"":0.059105997615134326,""dry_up_ratio"":0.956517897038933,""near_monotone"":0.0,""base_depth_pct"":-0.27583795830966207},""_schema_version"":""1.0""}",,,,,,,,,,
20260602T213437Z-756d21,2026-06-02T21:34:37.658687+00:00,KLAC,high_tight_pullback,absent,55.21,100.0,48.9,36.3,40.0,38.6,52.8,55.2,84.0,70.2,12.0,17.13,3.63,3.2,5.4,4.75,0.55,5.04,3.51,False,,2045.2,2060.08,1857.71,2372.66,"{""trend"":{""T1_ema_stack"":{""value"":[true,true,true],""score"":100.0},""T2_ema50_slope"":{""value"":0.3164343876120452,""score"":100},""T3_high_proximity"":{""value"":1.0,""score"":99.99999999999997},""T4_rs_1m"":{""value"":0.1307510006824446,""score"":100},""T5_rs_3m"":{""value"":0.3024746263257323,""score"":100},""T6_adr_healthy"":{""value"":3.865404586253242,""score"":100.0},""_score"":100.0},""geometry"":{""sub_pole_impulse"":83.6,""sub_flag_tightness"":31.0,""sub_flag_shallowness"":5.5,""sub_flag_drift"":100,""sub_flag_duration"":0.0,""_score"":48.93},""compression"":{""VC1_atr_ratio"":{""value"":0.6999325801128581,""score"":75.01685497178548},""VC2_range_contraction"":{""value"":1.0191008792187495,""score"":0},""VC3_range_pct_rank"":{""score"":25.0},""_score"":36.26},""sr_quality"":{""SR1_touches"":{""value"":2,""score"":25.0},""SR2_tightness"":{""value"":14.125,""score"":66.46813200788483},""SR3_recency"":{""value"":235,""score"":0.0},""SR4_price_location"":{""score"":30.0},""SR5_reaction"":{""value"":3.0516373810381747,""score"":100},""_score"":39.97,""_levels_found"":7,""_target_level"":1925.235},""volume"":{""V1_rvol_day"":{""value"":1.0354743683627599,""score"":35.69829122418399},""V2_rvol_sameslot"":{""value"":1.2479648936258287,""score"":49.86432624172192,""status"":""ok""},""V3_breakout_bar"":{""value"":1.3208608519689742,""score"":54.72405679793161},""V4_base_dryup"":{""value"":1.1281025456228788,""score"":37.18974543771212},""V5_bo_expansion"":{""value"":1.0354743683627599,""score"":2.3649578908506568},""_score"":38.59},""readiness"":{""_distance_atr"":0.177,""BR1_atr_distance"":{""score"":88.22526971745913},""BR2_compression"":{""score"":0},""BR3_retest"":{""score"":50.0},""BR4_bo_age"":{""score"":50.0},""_score"":52.79},""risk"":{""R1_stop_clarity"":{""score"":32.84130651349122},""R2_stop_distance_pct"":{""value"":9.167318599647958,""score"":70.81703500880106},""R3_stop_distance_atr"":{""value"":2.2254477627758127,""score"":100.0},""R4_rr_potential"":{""value"":1.7465464824790644,""score"":37.32732412395322},""_score"":55.21},""market"":{""M1_spy_regime"":{""score"":100.0},""M3_earnings_risk"":{""value"":null,""score"":80.0},""M4_vix"":{""value"":null,""score"":60.0},""_score"":84.0},""liquidity"":{""L1_price"":{""value"":2045.2,""score"":0.0},""L2_dollar_vol"":{""value"":2168162259.2536592,""score"":100.0},""L3_spread_proxy"":{""value"":0.0476725992567964,""score"":52.3274007432036},""L4_volume_zscore"":{""value"":0.19800052852077415,""score"":100.0},""_score"":70.23},""pattern_structure"":{""pole_low"":1747.5,""pole_low_idx"":5,""peak_price"":2060.08,""peak_idx"":30,""pole_gain"":0.1788726752503576,""flag_bars"":29,""flag_low"":1886.0,""flag_high"":2038.62,""structural_low"":1886.0,""current_price"":2033.955,""neckline_distance_pct"":0.012844433628079284,""base_bars"":29},""pattern_geometry_features"":{""pole_gain"":0.1788726752503576,""pullback_pct"":0.0845015727544561,""flag_range_pct"":0.07408450157275441,""flag_drift_per_bar"":0.0007653384855657291,""atr_pct"":0.04119314213070323,""pole_atr_multiple"":4.342292575856582},""_schema_version"":""1.0""}",,,,,,,,,,
20260602T213437Z-756d21,2026-06-02T21:34:37.658687+00:00,ATI,double_bottom,retest_hold,55.0,90.0,65.5,59.9,59.0,34.4,57.5,48.0,84.0,96.2,13.5,16.38,4.79,8.26,4.47,4.6,2.88,5.04,4.81,True,risk_unclear,178.48,177.27,162.5251,189.5399,"{""trend"":{""T1_ema_stack"":{""value"":[true,true,true],""score"":100.0},""T2_ema50_slope"":{""value"":0.18587025083218145,""score"":80.97837513869692},""T3_high_proximity"":{""value"":0.9972063917756174,""score"":98.6031958878087},""T4_rs_1m"":{""value"":0.09554878476418027,""score"":100},""T5_rs_3m"":{""value"":0.02063210674594207,""score"":60.316053372971034},""T6_adr_healthy"":{""value"":4.116559818513879,""score"":100.0},""_score"":90.03},""geometry"":{""sub_low_similarity"":31.1,""sub_bounce_quality"":63.4,""sub_separation_fit"":100.0,""sub_right_bottom_reaction"":56.6,""sub_base_context"":100.0,""_score"":65.5},""compression"":{""VC1_atr_ratio"":{""value"":0.4627645669967399,""score"":100},""VC2_range_contraction"":{""value"":0.8156310303983603,""score"":30.72816160027329},""VC3_range_pct_rank"":{""score"":36.66666666666667},""_score"":59.92},""sr_quality"":{""SR1_touches"":{""value"":5,""score"":100},""SR2_tightness"":{""value"":1.9703066437486385,""score"":43.1339041477527},""SR3_recency"":{""value"":235,""score"":0.0},""SR4_price_location"":{""score"":30.0},""SR5_reaction"":{""value"":2.6933219536380513,""score"":100},""_score"":58.97,""_levels_found"":6,""_target_level"":165.9947},""volume"":{""V1_rvol_day"":{""value"":0.7818575936099948,""score"":18.790506240666325},""V2_rvol_sameslot"":{""value"":1.063114401977984,""score"":37.54096013186559,""status"":""ok""},""V3_breakout_bar"":{""value"":1.303721485164402,""score"":53.581432344293454},""V4_base_dryup"":{""value"":1.0130950347072838,""score"":48.69049652927162},""V5_bo_expansion"":{""value"":0.7818575936099948,""score"":0},""_score"":34.4},""readiness"":{""_distance_atr"":-0.175,""BR1_atr_distance"":{""score"":100.0},""BR2_compression"":{""score"":0},""BR3_retest"":{""score"":50.0},""BR4_bo_age"":{""score"":50.0},""_score"":57.5},""risk"":{""R1_stop_clarity"":{""score"":28.56763033307284},""R2_stop_distance_pct"":{""value"":8.939321772747634,""score"":76.51695568130914},""R3_stop_distance_atr"":{""value"":2.3024156186317737,""score"":100.0},""R4_rr_potential"":{""value"":0.693197635848773,""score"":0.0},""_score"":47.95},""market"":{""M1_spy_regime"":{""score"":100.0},""M3_earnings_risk"":{""value"":null,""score"":80.0},""M4_vix"":{""value"":null,""score"":60.0},""_score"":84.0},""liquidity"":{""L1_price"":{""value"":178.48,""score"":100.0},""L2_dollar_vol"":{""value"":252848752.26192585,""score"":100.0},""L3_spread_proxy"":{""value"":0.03793142088749445,""score"":62.068579112505546},""L4_volume_zscore"":{""value"":-0.6076250392315986,""score"":100.0},""_score"":96.21},""pattern_structure"":{""left_low"":165.0001,""left_idx"":50,""right_low"":170.785,""right_idx"":68,""separation_bars"":18,""structural_low"":165.0001,""current_price"":177.51,""neckline_distance_pct"":-0.0013520365049855259,""base_bars"":18},""pattern_geometry_features"":{""low_similarity_pct"":0.03445596603303716,""bounce_pct"":0.07436298523455444,""right_bottom_reaction"":0.5658405494177414,""atr_pct"":0.0388258388294807},""_schema_version"":""1.0""}",,,,,,,,,,
20260602T213437Z-756d21,2026-06-02T21:34:37.658687+00:00,ATI,bull_flag,forming,55.0,90.0,59.0,59.9,59.0,33.8,39.0,65.9,84.0,96.2,12.6,17.68,5.39,5.9,4.73,3.51,1.98,5.04,4.81,True,risk_unclear,178.48,183.3,174.7193,201.5999,"{""trend"":{""T1_ema_stack"":{""value"":[true,true,true],""score"":100.0},""T2_ema50_slope"":{""value"":0.18587025083218145,""score"":80.97837513869692},""T3_high_proximity"":{""value"":0.9972063917756174,""score"":98.6031958878087},""T4_rs_1m"":{""value"":0.09554878476418027,""score"":100},""T5_rs_3m"":{""value"":0.02063210674594207,""score"":60.316053372971034},""T6_adr_healthy"":{""value"":4.116559818513879,""score"":100.0},""_score"":90.03},""geometry"":{""sub_pole_impulse"":46.4,""sub_flag_tightness"":61.6,""sub_flag_shallowness"":41.8,""sub_flag_drift"":83.5,""sub_flag_duration"":87.5,""_score"":58.95},""compression"":{""VC1_atr_ratio"":{""value"":0.4627645669967399,""score"":100},""VC2_range_contraction"":{""value"":0.8156310303983603,""score"":30.72816160027329},""VC3_range_pct_rank"":{""score"":36.66666666666667},""_score"":59.92},""sr_quality"":{""SR1_touches"":{""value"":5,""score"":100},""SR2_tightness"":{""value"":1.9703066437486385,""score"":43.1339041477527},""SR3_recency"":{""value"":235,""score"":0.0},""SR4_price_location"":{""score"":30.0},""SR5_reaction"":{""value"":2.6933219536380513,""score"":100},""_score"":58.97,""_levels_found"":6,""_target_level"":165.9947},""volume"":{""V1_rvol_day"":{""value"":0.7818575936099948,""score"":18.790506240666325},""V2_rvol_sameslot"":{""value"":1.063114401977984,""score"":37.54096013186559,""status"":""ok""},""V3_breakout_bar"":{""value"":1.303721485164402,""score"":53.581432344293454},""V4_base_dryup"":{""value"":1.042789224700895,""score"":45.7210775299105},""V5_bo_expansion"":{""value"":0.7818575936099948,""score"":0},""_score"":33.81},""readiness"":{""_distance_atr"":0.696,""BR1_atr_distance"":{""score"":53.62911607735836},""BR2_compression"":{""score"":0},""BR3_retest"":{""score"":50.0},""BR4_bo_age"":{""score"":50.0},""_score"":38.95},""risk"":{""R1_stop_clarity"":{""score"":23.208084531345435},""R2_stop_distance_pct"":{""value"":2.107070820259965,""score"":100.0},""R3_stop_distance_atr"":{""value"":0.5426980803979573,""score"":52.13490401989787},""R4_rr_potential"":{""value"":6.147765043741888,""score"":100.0},""_score"":65.94},""market"":{""M1_spy_regime"":{""score"":100.0},""M3_earnings_risk"":{""value"":null,""score"":80.0},""M4_vix"":{""value"":null,""score"":60.0},""_score"":84.0},""liquidity"":{""L1_price"":{""value"":178.48,""score"":100.0},""L2_dollar_vol"":{""value"":252848752.26192585,""score"":100.0},""L3_spread_proxy"":{""value"":0.03793142088749445,""score"":62.068579112505546},""L4_volume_zscore"":{""value"":-0.6076250392315986,""score"":100.0},""_score"":96.21},""pattern_structure"":{""pole_low"":165.0001,""pole_low_idx"":30,""peak_price"":183.3,""peak_idx"":55,""pole_gain"":0.1109084176312621,""flag_bars"":4,""flag_low"":177.38,""flag_high"":182.062,""structural_low"":177.38,""current_price"":177.51,""neckline_distance_pct"":0.03261788068277855,""base_bars"":4},""pattern_geometry_features"":{""pole_gain"":0.1109084176312621,""pullback_pct"":0.03229678123295153,""flag_range_pct"":0.025542825968357972,""flag_drift_per_bar"":-0.0033012224663399674,""atr_pct"":0.0388258388294807,""pole_atr_multiple"":2.8565620466916646},""_schema_version"":""1.0""}",,,,,,,,,,
20260602T213437Z-756d21,2026-06-02T21:34:37.658687+00:00,JCI,base_on_base,setup,55.0,54.0,67.9,36.6,60.0,33.7,66.3,15.6,84.0,96.0,9.72,16.98,3.66,6.0,4.05,5.3,0.78,5.88,4.8,True,risk_unclear,141.99,141.45,124.0213,153.315,"{""trend"":{""T1_ema_stack"":{""value"":[true,true,true],""score"":100.0},""T2_ema50_slope"":{""value"":0.030989591223736856,""score"":55.16493187062281},""T3_high_proximity"":{""value"":0.9723344518249675,""score"":86.16722591248372},""T4_rs_1m"":{""value"":-0.07530539329643193,""score"":0},""T5_rs_3m"":{""value"":-0.09920680419103367,""score"":0.39659790448316556},""T6_adr_healthy"":{""value"":2.93663964228666,""score"":100.0},""_score"":54.02},""geometry"":{""sub_shallower_second"":0,""sub_second_base_depth"":100.0,""sub_rim_advance"":100,""sub_dry_up"":64.6,""sub_second_base_duration"":100.0,""_score"":67.92},""compression"":{""VC1_atr_ratio"":{""value"":0.654500616305339,""score"":86.37484592366526},""VC2_range_contraction"":{""value"":1.0608812924302626,""score"":0},""VC3_range_pct_rank"":{""score"":8.333333333333337},""_score"":36.63},""sr_quality"":{""SR1_touches"":{""value"":3,""score"":50.0},""SR2_tightness"":{""value"":0.8038380157441886,""score"":61.189275858187344},""SR3_recency"":{""value"":228,""score"":0.0},""SR4_price_location"":{""score"":86.52184552830231},""SR5_reaction"":{""value"":1.8886219979802095,""score"":94.43109989901048},""_score"":59.97,""_levels_found"":8,""_target_level"":142.5867},""volume"":{""V1_rvol_day"":{""value"":1.1128423743714826,""score"":40.85615829143217},""V2_rvol_sameslot"":{""value"":0.7612388168684359,""score"":17.41592112456239,""status"":""ok""},""V3_breakout_bar"":{""value"":0.7938088344039558,""score"":19.587255626930386},""V4_base_dryup"":{""value"":0.6971813279778529,""score"":80.2818672022147},""V5_bo_expansion"":{""value"":1.1128423743714824,""score"":7.522824958098824},""_score"":33.74},""readiness"":{""_distance_atr"":-0.13,""BR1_atr_distance"":{""score"":100.0},""BR2_compression"":{""score"":35.123070067069975},""BR3_retest"":{""score"":50.0},""BR4_bo_age"":{""score"":50.0},""_score"":66.28},""risk"":{""R1_stop_clarity"":{""score"":8.812630511666185},""R2_stop_distance_pct"":{""value"":12.654870061271929,""score"":0.0},""R3_stop_distance_atr"":{""value"":4.3377913503204715,""score"":83.11043248397642},""R4_rr_potential"":{""value"":0.630264377123489,""score"":0.0},""_score"":15.55},""market"":{""M1_spy_regime"":{""score"":100.0},""M3_earnings_risk"":{""value"":null,""score"":80.0},""M4_vix"":{""value"":null,""score"":60.0},""_score"":84.0},""liquidity"":{""L1_price"":{""value"":141.99,""score"":100.0},""L2_dollar_vol"":{""value"":604374841.9683213,""score"":100.0},""L3_spread_proxy"":{""value"":0.040143672089583894,""score"":59.856327910416105},""L4_volume_zscore"":{""value"":0.35749008696602275,""score"":100.0},""_score"":95.99},""pattern_structure"":{""first_base_low"":112.205,""first_base_top"":124.07,""first_base_bars"":35,""second_base_low"":125.91,""second_base_top"":141.45,""second_base_bars"":42,""structural_low"":125.91,""stacking_overlap_pct"":-0.014830337712581635,""current_price"":141.99,""neckline_distance_pct"":-0.003803084724276501,""base_bars"":42},""pattern_geometry_features"":{""first_base_depth_pct"":0.0956314983477069,""second_base_depth_pct"":0.10986214209968181,""second_dry_up_ratio"":0.6767976446974465,""rim_advance_pct"":0.14008221165471102,""atr_pct"":0.029173533347418838},""_schema_version"":""1.0""}",,,,,,,,,,
20260602T213437Z-756d21,2026-06-02T21:34:37.658687+00:00,JCI,double_bottom,setup,55.0,54.0,64.9,36.6,60.0,33.8,66.3,40.0,84.0,96.0,8.1,16.23,2.93,8.4,4.39,5.3,2.4,5.04,4.8,True,risk_unclear,141.99,141.45,129.3502,151.58,"{""trend"":{""T1_ema_stack"":{""value"":[true,true,true],""score"":100.0},""T2_ema50_slope"":{""value"":0.030989591223736856,""score"":55.16493187062281},""T3_high_proximity"":{""value"":0.9723344518249675,""score"":86.16722591248372},""T4_rs_1m"":{""value"":-0.07530539329643193,""score"":0},""T5_rs_3m"":{""value"":-0.09920680419103367,""score"":0.39659790448316556},""T6_adr_healthy"":{""value"":2.93663964228666,""score"":100.0},""_score"":54.02},""geometry"":{""sub_low_similarity"":65.5,""sub_bounce_quality"":67.3,""sub_separation_fit"":0.0,""sub_right_bottom_reaction"":78.7,""sub_base_context"":100.0,""_score"":64.91},""compression"":{""VC1_atr_ratio"":{""value"":0.654500616305339,""score"":86.37484592366526},""VC2_range_contraction"":{""value"":1.0608812924302626,""score"":0},""VC3_range_pct_rank"":{""score"":8.333333333333337},""_score"":36.63},""sr_quality"":{""SR1_touches"":{""value"":3,""score"":50.0},""SR2_tightness"":{""value"":0.8038380157441886,""score"":61.189275858187344},""SR3_recency"":{""value"":228,""score"":0.0},""SR4_price_location"":{""score"":86.52184552830231},""SR5_reaction"":{""value"":1.8886219979802095,""score"":94.43109989901048},""_score"":59.97,""_levels_found"":8,""_target_level"":142.5867},""volume"":{""V1_rvol_day"":{""value"":1.1128423743714826,""score"":40.85615829143217},""V2_rvol_sameslot"":{""value"":0.7612388168684359,""score"":17.41592112456239,""status"":""ok""},""V3_breakout_bar"":{""value"":0.7938088344039558,""score"":19.587255626930386},""V4_base_dryup"":{""value"":0.6945551503060517,""score"":80.54448496939483},""V5_bo_expansion"":{""value"":1.1128423743714824,""score"":7.522824958098824},""_score"":33.79},""readiness"":{""_distance_atr"":-0.13,""BR1_atr_distance"":{""score"":100.0},""BR2_compression"":{""score"":35.123070067069975},""BR3_retest"":{""score"":50.0},""BR4_bo_age"":{""score"":50.0},""_score"":66.28},""risk"":{""R1_stop_clarity"":{""score"":4.894564679469795},""R2_stop_distance_pct"":{""value"":8.901894499612654,""score"":77.45263750968365},""R3_stop_distance_atr"":{""value"":3.051359735415888,""score"":100.0},""R4_rr_potential"":{""value"":0.7587145366224124,""score"":0.0},""_score"":39.95},""market"":{""M1_spy_regime"":{""score"":100.0},""M3_earnings_risk"":{""value"":null,""score"":80.0},""M4_vix"":{""value"":null,""score"":60.0},""_score"":84.0},""liquidity"":{""L1_price"":{""value"":141.99,""score"":100.0},""L2_dollar_vol"":{""value"":604374841.9683213,""score"":100.0},""L3_spread_proxy"":{""value"":0.040143672089583894,""score"":59.856327910416105},""L4_volume_zscore"":{""value"":0.35749008696602275,""score"":100.0},""_score"":95.99},""pattern_structure"":{""left_low"":133.605,""left_idx"":21,""right_low"":131.32,""right_idx"":68,""separation_bars"":47,""structural_low"":131.32,""current_price"":141.565,""neckline_distance_pct"":-0.0008123476848091625,""base_bars"":47},""pattern_geometry_features"":{""low_similarity_pct"":0.01725016514107764,""bounce_pct"":0.0771398111483399,""right_bottom_reaction"":0.7869926494087498,""atr_pct"":0.029173533347418838},""_schema_version"":""1.0""}",,,,,,,,,,
20260602T213437Z-756d21,2026-06-02T21:34:37.658687+00:00,SBGSY,double_bottom,setup,55.0,75.3,52.5,62.4,41.2,38.1,48.7,27.9,84.0,89.3,11.3,13.12,5.0,5.76,4.95,3.9,1.67,5.04,4.46,True,risk_unclear,66.81,63.95,59.9372,67.05,"{""trend"":{""T1_ema_stack"":{""value"":[true,true,true],""score"":100.0},""T2_ema50_slope"":{""value"":0.08154085877849257,""score"":63.59014312974877},""T3_high_proximity"":{""value"":1.0,""score"":99.99999999999997},""T4_rs_1m"":{""value"":-0.0023776478352630637,""score"":47.62235216473694},""T5_rs_3m"":{""value"":0.007706819061358727,""score"":53.853409530679365},""T6_adr_healthy"":{""value"":2.303658378362804,""score"":100.0},""_score"":75.32},""geometry"":{""sub_low_similarity"":35.3,""sub_bounce_quality"":29.9,""sub_separation_fit"":66.7,""sub_right_bottom_reaction"":39.3,""sub_base_context"":100.0,""_score"":52.47},""compression"":{""VC1_atr_ratio"":{""value"":0.5875463294728649,""score"":100},""VC2_range_contraction"":{""value"":0.8545327165967992,""score"":24.244547233866804},""VC3_range_pct_rank"":{""score"":55.833333333333336},""_score"":62.44},""sr_quality"":{""SR1_touches"":{""value"":2,""score"":25.0},""SR2_tightness"":{""value"":0.2325000000000017,""score"":74.3900424078866},""SR3_recency"":{""value"":241,""score"":0.0},""SR4_price_location"":{""score"":30.0},""SR5_reaction"":{""value"":2.5128049787960567,""score"":100},""_score"":41.16,""_levels_found"":6,""_target_level"":66.7625},""volume"":{""V1_rvol_day"":{""value"":1.5420064723431972,""score"":69.46709815621315},""V2_rvol_sameslot"":{""value"":0.8916073373494717,""score"":26.10715582329812,""status"":""ok""},""V3_breakout_bar"":{""value"":0.530039316907148,""score"":2.0026211271432004},""V4_base_dryup"":{""value"":0.847649806414432,""score"":65.2350193585568},""V5_bo_expansion"":{""value"":1.5420064723431972,""score"":36.13376482287982},""_score"":38.08},""readiness"":{""_distance_atr"":-1.575,""BR1_atr_distance"":{""score"":28.496998402819884},""BR2_compression"":{""score"":79.15764789579093},""BR3_retest"":{""score"":50.0},""BR4_bo_age"":{""score"":50.0},""_score"":48.69},""risk"":{""R1_stop_clarity"":{""score"":0},""R2_stop_distance_pct"":{""value"":10.287007932944176,""score"":42.824801676395595},""R3_stop_distance_atr"":{""value"":3.7851792697031432,""score"":100.0},""R4_rr_potential"":{""value"":0.03492051944272802,""score"":0.0},""_score"":27.85},""market"":{""M1_spy_regime"":{""score"":100.0},""M3_earnings_risk"":{""value"":null,""score"":80.0},""M4_vix"":{""value"":null,""score"":60.0},""_score"":84.0},""liquidity"":{""L1_price"":{""value"":66.81,""score"":100.0},""L2_dollar_vol"":{""value"":35870957.1,""score"":77.73714822842233},""L3_spread_proxy"":{""value"":0.017959886244574157,""score"":82.04011375542584},""L4_volume_zscore"":{""value"":1.5295237442092409,""score"":100.0},""_score"":89.3},""pattern_structure"":{""left_low"":60.85,""left_idx"":32,""right_low"":62.85,""right_idx"":67,""separation_bars"":35,""structural_low"":60.85,""current_price"":66.81,""neckline_distance_pct"":-0.042807962879808405,""base_bars"":35},""pattern_geometry_features"":{""low_similarity_pct"":0.03233629749393695,""bounce_pct"":0.05094494658997537,""right_bottom_reaction"":0.3929974991068249,""atr_pct"":0.027177069301002867},""_schema_version"":""1.0""}",,,,,,,,,,
20260602T213437Z-756d21,2026-06-02T21:34:37.658687+00:00,SBGSY,vcp,setup,55.0,75.3,49.5,62.4,41.2,40.3,49.1,34.6,84.0,89.3,11.3,12.38,7.49,4.94,5.24,3.44,1.73,5.04,4.46,True,risk_unclear,66.81,64.04,60.5381,72.375,"{""trend"":{""T1_ema_stack"":{""value"":[true,true,true],""score"":100.0},""T2_ema50_slope"":{""value"":0.08154085877849257,""score"":63.59014312974877},""T3_high_proximity"":{""value"":1.0,""score"":99.99999999999997},""T4_rs_1m"":{""value"":-0.0023776478352630637,""score"":47.62235216473694},""T5_rs_3m"":{""value"":0.007706819061358727,""score"":53.853409530679365},""T6_adr_healthy"":{""value"":2.303658378362804,""score"":100.0},""_score"":75.32},""geometry"":{""sub_contraction_count"":100.0,""sub_reduction_rate"":1.4,""sub_pivot_tightness"":85.3,""sub_volume_dryup"":9.2,""sub_base_depth"":0.0,""sub_base_duration"":100.0,""_score"":49.53},""compression"":{""VC1_atr_ratio"":{""value"":0.5875463294728649,""score"":100},""VC2_range_contraction"":{""value"":0.8545327165967992,""score"":24.244547233866804},""VC3_range_pct_rank"":{""score"":55.833333333333336},""_score"":62.44},""sr_quality"":{""SR1_touches"":{""value"":2,""score"":25.0},""SR2_tightness"":{""value"":0.2325000000000017,""score"":74.3900424078866},""SR3_recency"":{""value"":241,""score"":0.0},""SR4_price_location"":{""score"":30.0},""SR5_reaction"":{""value"":2.5128049787960567,""score"":100},""_score"":41.16,""_levels_found"":6,""_target_level"":66.7625},""volume"":{""V1_rvol_day"":{""value"":1.5420064723431972,""score"":69.46709815621315},""V2_rvol_sameslot"":{""value"":0.8916073373494717,""score"":26.10715582329812,""status"":""ok""},""V3_breakout_bar"":{""value"":0.530039316907148,""score"":2.0026211271432004},""V4_base_dryup"":{""value"":0.7371979776156264,""score"":76.28020223843735},""V5_bo_expansion"":{""value"":1.5420064723431972,""score"":36.13376482287982},""_score"":40.29},""readiness"":{""_distance_atr"":-1.526,""BR1_atr_distance"":{""score"":29.488351599933978},""BR2_compression"":{""score"":79.15764789579093},""BR3_retest"":{""score"":50.0},""BR4_bo_age"":{""score"":50.0},""_score"":49.08},""risk"":{""R1_stop_clarity"":{""score"":0},""R2_stop_distance_pct"":{""value"":9.387666516988478,""score"":65.30833707528805},""R3_stop_distance_atr"":{""value"":3.454260064988708,""score"":100.0},""R4_rr_potential"":{""value"":0.8872909325722683,""score"":0.0},""_score"":34.59},""market"":{""M1_spy_regime"":{""score"":100.0},""M3_earnings_risk"":{""value"":null,""score"":80.0},""M4_vix"":{""value"":null,""score"":60.0},""_score"":84.0},""liquidity"":{""L1_price"":{""value"":66.81,""score"":100.0},""L2_dollar_vol"":{""value"":35870957.1,""score"":77.73714822842233},""L3_spread_proxy"":{""value"":0.017959886244574157,""score"":82.04011375542584},""L4_volume_zscore"":{""value"":1.5295237442092409,""score"":100.0},""_score"":89.3},""pattern_structure"":{""n_contractions"":5,""contractions_pct"":[7.95,5.95,8.0,12.44,4.03],""descending_strict"":false,""final_low"":61.46,""final_pivot"":64.04,""structural_low"":61.46,""dry_up_ratio"":0.9540208044670989,""current_price"":66.81,""neckline_distance_pct"":-0.041460859152821376,""base_bars"":49,""recent_base_height"":8.335000000000008},""pattern_geometry_features"":{""contraction_count"":5.0,""first_contraction_pct"":0.07947583390061257,""last_contraction_pct"":0.040287320424734624,""dry_up_ratio"":0.9540208044670989,""near_monotone"":0.0,""base_depth_pct"":-0.04594962559564335},""_schema_version"":""1.0""}",,,,,,,,,,
20260602T213437Z-756d21,2026-06-02T21:34:37.658687+00:00,HWM,cup_with_handle,forming,55.0,56.6,68.6,63.3,44.1,32.4,22.4,60.2,84.0,97.0,7.92,20.58,5.06,5.29,4.21,1.79,3.01,4.2,4.85,True,risk_unclear,250.72,263.475,245.2699,299.6649,"{""trend"":{""T1_ema_stack"":{""value"":[false,true,true],""score"":66.66666666666666},""T2_ema50_slope"":{""value"":0.2283166212345537,""score"":88.05277020575895},""T3_high_proximity"":{""value"":0.9164412603260472,""score"":58.22063016302359},""T4_rs_1m"":{""value"":-0.007202908139166908,""score"":42.79709186083309},""T5_rs_3m"":{""value"":-0.14784361911070254,""score"":0},""T6_adr_healthy"":{""value"":2.8221729737848062,""score"":100.0},""_score"":56.57},""geometry"":{""sub_cup_depth"":61.0,""sub_cup_duration"":100.0,""sub_rim_symmetry"":47.2,""sub_handle_shallowness"":54.2,""sub_handle_proportion"":80.3,""sub_u_shape"":87.3,""_score"":68.61},""compression"":{""VC1_atr_ratio"":{""value"":0.4374571142894877,""score"":100},""VC2_range_contraction"":{""value"":0.7690415723176167,""score"":38.49307128039722},""VC3_range_pct_rank"":{""score"":39.16666666666667},""_score"":63.26},""sr_quality"":{""SR1_touches"":{""value"":2,""score"":25.0},""SR2_tightness"":{""value"":1.5600000000000023,""score"":59.566787003610045},""SR3_recency"":{""value"":257,""score"":0.0},""SR4_price_location"":{""score"":50.54332378599388},""SR5_reaction"":{""value"":2.26853651763399,""score"":100},""_score"":44.07,""_levels_found"":6,""_target_level"":258.26},""volume"":{""V1_rvol_day"":{""value"":1.028604616264573,""score"":35.24030775097153},""V2_rvol_sameslot"":{""value"":1.155537505060436,""score"":43.7025003373624,""status"":""ok""},""V3_breakout_bar"":{""value"":1.272572215443219,""score"":51.50481436288127},""V4_base_dryup"":{""value"":1.3300971377089317,""score"":16.99028622910683},""V5_bo_expansion"":{""value"":1.028604616264573,""score"":1.9069744176382002},""_score"":32.35},""readiness"":{""_distance_atr"":1.653,""BR1_atr_distance"":{""score"":0},""BR2_compression"":{""score"":19.619255103720775},""BR3_retest"":{""score"":50.0},""BR4_bo_age"":{""score"":50.0},""_score"":22.4},""risk"":{""R1_stop_clarity"":{""score"":3.191613440711052},""R2_stop_distance_pct"":{""value"":2.1737695437141027,""score"":100.0},""R3_stop_distance_atr"":{""value"":0.706295010645191,""score"":60.314750532259545},""R4_rr_potential"":{""value"":8.980592010201695,""score"":100.0},""_score"":60.16},""market"":{""M1_spy_regime"":{""score"":100.0},""M3_earnings_risk"":{""value"":null,""score"":80.0},""M4_vix"":{""value"":null,""score"":60.0},""_score"":84.0},""liquidity"":{""L1_price"":{""value"":250.72,""score"":100.0},""L2_dollar_vol"":{""value"":704982322.8974818,""score"":100.0},""L3_spread_proxy"":{""value"":0.030173101467772804,""score"":69.8268985322272},""L4_volume_zscore"":{""value"":0.05729852944118281,""score"":100.0},""_score"":96.98},""pattern_structure"":{""left_rim"":256.7,""left_rim_idx"":104,""cup_bottom"":220.5101,""cup_bottom_idx"":135,""right_rim"":263.475,""right_rim_idx"":175,""handle_low"":249.005,""handle_bars"":4,""cup_bars"":71,""structural_low"":249.005,""current_price"":250.72,""neckline_distance_pct"":0.05087348436502881,""base_bars"":75},""pattern_geometry_features"":{""cup_depth_pct"":0.1409813011297234,""rim_symmetry_pct"":0.02639267627580847,""handle_depth_pct"":0.05491982161495408,""handle_to_cup_ratio"":0.056338028169014086,""cup_duration_bars"":71.0,""atr_pct"":0.03077707630595314,""u_shape_score"":0.43661971830985913},""_schema_version"":""1.0""}",,,,,,,,,,
20260602T213437Z-756d21,2026-06-02T21:34:37.658687+00:00,TDG,breakout_retest_hold,setup,55.0,48.8,65.2,69.6,51.5,31.0,83.7,50.0,84.0,72.9,6.83,14.35,4.18,7.21,4.03,15.07,2.5,4.2,2.19,True,risk_unclear;weak_retest_trend,1246.98,1234.0,1212.255,1253.0,"{""trend"":{""T1_ema_stack"":{""value"":[true,false,false],""score"":33.33333333333333},""T2_ema50_slope"":{""value"":-0.026920858181802135,""score"":45.51319030303298},""T3_high_proximity"":{""value"":0.9481872376665248,""score"":74.09361883326238},""T4_rs_1m"":{""value"":0.02614392170541957,""score"":76.14392170541957},""T5_rs_3m"":{""value"":-0.17630671658733377,""score"":0},""T6_adr_healthy"":{""value"":2.7408400645499227,""score"":100.0},""_score"":48.78},""geometry"":{""sub_retest_depth"":82.1,""sub_retest_timing"":0.0,""sub_retest_freshness"":100.0,""sub_hold_quality"":68.7,""_score"":65.24},""compression"":{""VC1_atr_ratio"":{""value"":0.3715352088651386,""score"":100},""VC2_range_contraction"":{""value"":0.7604649513960046,""score"":39.92250810066591},""VC3_range_pct_rank"":{""score"":62.5},""_score"":69.6},""sr_quality"":{""SR1_touches"":{""value"":4,""score"":75.0},""SR2_tightness"":{""value"":6.761095972547611,""score"":57.44536269849658},""SR3_recency"":{""value"":240,""score"":0.0},""SR4_price_location"":{""score"":21.51394422310773},""SR5_reaction"":{""value"":2.863593449698225,""score"":100},""_score"":51.5,""_levels_found"":5,""_target_level"":1267.1725},""volume"":{""V1_rvol_day"":{""value"":0.9423101521541639,""score"":29.48734347694426},""V2_rvol_sameslot"":{""value"":1.0092914651059426,""score"":33.95276434039617,""status"":""ok""},""V3_breakout_bar"":{""value"":1.1250178719000798,""score"":41.667858126671995},""V4_base_dryup"":{""value"":1.1049079795405221,""score"":39.50920204594779},""V5_bo_expansion"":{""value"":0.9423101521541639,""score"":0},""_score"":31.01},""readiness"":{""_distance_atr"":-0.408,""BR1_atr_distance"":{""score"":100.0},""BR2_compression"":{""score"":88.81997144445097},""BR3_retest"":{""score"":85.05164488103131},""BR4_bo_age"":{""score"":30.0},""_score"":83.72},""risk"":{""R1_stop_clarity"":{""score"":22.929428028727045},""R2_stop_distance_pct"":{""value"":2.784727902612723,""score"":100.0},""R3_stop_distance_atr"":{""value"":1.0928034347498727,""score"":79.64017173749363},""R4_rr_potential"":{""value"":0.17336213102951645,""score"":0.0},""_score"":49.97},""market"":{""M1_spy_regime"":{""score"":100.0},""M3_earnings_risk"":{""value"":null,""score"":80.0},""M4_vix"":{""value"":null,""score"":60.0},""_score"":84.0},""liquidity"":{""L1_price"":{""value"":1246.98,""score"":0.0},""L2_dollar_vol"":{""value"":495974161.89706975,""score"":100.0},""L3_spread_proxy"":{""value"":0.02095462637732771,""score"":79.04537362267229},""L4_volume_zscore"":{""value"":-0.2666816494068894,""score"":100.0},""_score"":72.9},""pattern_structure"":{""level"":1234.0,""level_idx"":44,""breakout_idx"":50,""bo_peak_idx"":64,""bo_peak_price"":1285.0,""retest_idx"":74,""retest_low"":1224.5,""structural_low"":1224.5,""current_price"":1244.55,""neckline_distance_pct"":-0.008476959543610104,""base_bars"":35,""bars_since_breakout"":29},""pattern_geometry_features"":{""retest_depth_atr"":1.1256171852122672,""bars_breakout_to_retest"":24.0,""bars_since_retest"":5.0,""current_above_level_atr"":1.2500275056830914,""bo_peak_excess_pct"":0.041329011345218804,""atr_pct"":0.02548242267604245},""_schema_version"":""1.0""}",,,,,,,,,,
20260602T213437Z-756d21,2026-06-02T21:34:37.658687+00:00,CARR,cup_with_handle,forming,55.0,63.6,72.7,41.5,54.0,31.8,36.3,59.2,84.0,94.7,8.91,21.82,3.32,6.48,4.14,2.9,2.96,4.2,4.74,True,risk_unclear,66.42,68.65,60.2032,83.21,"{""trend"":{""T1_ema_stack"":{""value"":[true,true,true],""score"":100.0},""T2_ema50_slope"":{""value"":0.15257334778608128,""score"":75.42889129768022},""T3_high_proximity"":{""value"":0.9782032400589101,""score"":89.10162002945505},""T4_rs_1m"":{""value"":-0.07175302834354602,""score"":0},""T5_rs_3m"":{""value"":-0.030646502674138043,""score"":34.676748662930976},""T6_adr_healthy"":{""value"":3.1732433236654067,""score"":100.0},""_score"":63.65},""geometry"":{""sub_cup_depth"":100.0,""sub_cup_duration"":100.0,""sub_rim_symmetry"":90.6,""sub_handle_shallowness"":8.6,""sub_handle_proportion"":39.1,""sub_u_shape"":93.1,""_score"":72.72},""compression"":{""VC1_atr_ratio"":{""value"":0.46335180320611574,""score"":100},""VC2_range_contraction"":{""value"":1.160964617749438,""score"":0},""VC3_range_pct_rank"":{""score"":5.833333333333335},""_score"":41.46},""sr_quality"":{""SR1_touches"":{""value"":2,""score"":25.0},""SR2_tightness"":{""value"":0.457499999999996,""score"":60.596739464780434},""SR3_recency"":{""value"":227,""score"":0.0},""SR4_price_location"":{""score"":89.55431754874652},""SR5_reaction"":{""value"":2.560135342971392,""score"":100},""_score"":53.98,""_levels_found"":6,""_target_level"":66.6075},""volume"":{""V1_rvol_day"":{""value"":1.2278308167282004,""score"":48.52205444854669},""V2_rvol_sameslot"":{""value"":0.9070497233585614,""score"":27.136648223904093,""status"":""ok""},""V3_breakout_bar"":{""value"":0.6735407302249184,""score"":11.569382014994563},""V4_base_dryup"":{""value"":0.9236713556521198,""score"":57.632864434788026},""V5_bo_expansion"":{""value"":1.2278308167282004,""score"":15.188721115213358},""_score"":31.83},""readiness"":{""_distance_atr"":0.96,""BR1_atr_distance"":{""score"":35.97867322875004},""BR2_compression"":{""score"":17.55803160913618},""BR3_retest"":{""score"":50.0},""BR4_bo_age"":{""score"":50.0},""_score"":36.28},""risk"":{""R1_stop_clarity"":{""score"":21.03844970778208},""R2_stop_distance_pct"":{""value"":9.359831376091549,""score"":66.00421559771128},""R3_stop_distance_atr"":{""value"":2.67718240541372,""score"":100.0},""R4_rr_potential"":{""value"":2.7007463646892274,""score"":85.03731823446137},""_score"":59.17},""market"":{""M1_spy_regime"":{""score"":100.0},""M3_earnings_risk"":{""value"":null,""score"":80.0},""M4_vix"":{""value"":null,""score"":60.0},""_score"":84.0},""liquidity"":{""L1_price"":{""value"":66.42,""score"":100.0},""L2_dollar_vol"":{""value"":541682578.0859766,""score"":100.0},""L3_spread_proxy"":{""value"":0.052996085516410656,""score"":47.00391448358934},""L4_volume_zscore"":{""value"":0.6256187188898823,""score"":100.0},""_score"":94.7},""pattern_structure"":{""left_rim"":68.33,""left_rim_idx"":104,""cup_bottom"":53.77,""cup_bottom_idx"":135,""right_rim"":68.65,""right_rim_idx"":162,""handle_low"":61.12,""handle_bars"":17,""cup_bars"":58,""structural_low"":61.12,""current_price"":66.42,""neckline_distance_pct"":0.03357422463113526,""base_bars"":75},""pattern_geometry_features"":{""cup_depth_pct"":0.2130835650519537,""rim_symmetry_pct"":0.004683155275867224,""handle_depth_pct"":0.10968681718863812,""handle_to_cup_ratio"":0.29310344827586204,""cup_duration_bars"":58.0,""atr_pct"":0.0349615004086549,""u_shape_score"":0.46551724137931033},""_schema_version"":""1.0""}",,,,,,,,,,
20260602T213437Z-756d21,2026-06-02T21:34:37.658687+00:00,CARR,double_bottom,setup,55.0,63.6,65.3,41.5,54.0,32.6,61.9,47.2,84.0,94.7,9.55,16.32,3.32,7.56,4.23,4.95,2.83,5.04,4.74,True,risk_unclear,66.42,66.15,60.6711,70.705,"{""trend"":{""T1_ema_stack"":{""value"":[true,true,true],""score"":100.0},""T2_ema50_slope"":{""value"":0.15257334778608128,""score"":75.42889129768022},""T3_high_proximity"":{""value"":0.9782032400589101,""score"":89.10162002945505},""T4_rs_1m"":{""value"":-0.07175302834354602,""score"":0},""T5_rs_3m"":{""value"":-0.030646502674138043,""score"":34.676748662930976},""T6_adr_healthy"":{""value"":3.1732433236654067,""score"":100.0},""_score"":63.65},""geometry"":{""sub_low_similarity"":65.4,""sub_bounce_quality"":62.8,""sub_separation_fit"":0.0,""sub_right_bottom_reaction"":87.2,""sub_base_context"":100.0,""_score"":65.26},""compression"":{""VC1_atr_ratio"":{""value"":0.46335180320611574,""score"":100},""VC2_range_contraction"":{""value"":1.160964617749438,""score"":0},""VC3_range_pct_rank"":{""score"":5.833333333333335},""_score"":41.46},""sr_quality"":{""SR1_touches"":{""value"":2,""score"":25.0},""SR2_tightness"":{""value"":0.457499999999996,""score"":60.596739464780434},""SR3_recency"":{""value"":227,""score"":0.0},""SR4_price_location"":{""score"":89.55431754874652},""SR5_reaction"":{""value"":2.560135342971392,""score"":100},""_score"":53.98,""_levels_found"":6,""_target_level"":66.6075},""volume"":{""V1_rvol_day"":{""value"":1.2278308167282004,""score"":48.52205444854669},""V2_rvol_sameslot"":{""value"":0.9070497233585614,""score"":27.136648223904093,""status"":""ok""},""V3_breakout_bar"":{""value"":0.6735407302249184,""score"":11.569382014994563},""V4_base_dryup"":{""value"":0.8865032833211649,""score"":61.34967166788351},""V5_bo_expansion"":{""value"":1.2278308167282004,""score"":15.188721115213358},""_score"":32.57},""readiness"":{""_distance_atr"":-0.116,""BR1_atr_distance"":{""score"":100.0},""BR2_compression"":{""score"":17.55803160913618},""BR3_retest"":{""score"":50.0},""BR4_bo_age"":{""score"":50.0},""_score"":61.89},""risk"":{""R1_stop_clarity"":{""score"":20.424792371577666},""R2_stop_distance_pct"":{""value"":8.655412526347495,""score"":83.61468684131262},""R3_stop_distance_atr"":{""value"":2.4756982466933266,""score"":100.0},""R4_rr_potential"":{""value"":0.7453567406080277,""score"":0.0},""_score"":47.23},""market"":{""M1_spy_regime"":{""score"":100.0},""M3_earnings_risk"":{""value"":null,""score"":80.0},""M4_vix"":{""value"":null,""score"":60.0},""_score"":84.0},""liquidity"":{""L1_price"":{""value"":66.42,""score"":100.0},""L2_dollar_vol"":{""value"":541682578.0859766,""score"":100.0},""L3_spread_proxy"":{""value"":0.052996085516410656,""score"":47.00391448358934},""L4_volume_zscore"":{""value"":0.6256187188898823,""score"":100.0},""_score"":94.7},""pattern_structure"":{""left_low"":61.595,""left_idx"":21,""right_low"":62.67,""right_idx"":68,""separation_bars"":47,""structural_low"":61.595,""current_price"":66.75,""neckline_distance_pct"":-0.008988764044943734,""base_bars"":47},""pattern_geometry_features"":{""low_similarity_pct"":0.01730173419707887,""bounce_pct"":0.07395080769542993,""right_bottom_reaction"":0.8721311475409874,""atr_pct"":0.0349615004086549},""_schema_version"":""1.0""}",,,,,,,,,,
20260602T213437Z-756d21,2026-06-02T21:34:37.658687+00:00,APH,high_tight_pullback,forming,55.0,64.0,67.4,42.6,59.2,13.8,48.8,75.1,84.0,94.6,7.68,23.59,4.26,4.74,1.93,4.39,0.75,5.04,4.73,True,risk_unclear,148.4,151.615,139.3775,179.45,"{""trend"":{""T1_ema_stack"":{""value"":[true,true,true],""score"":100.0},""T2_ema50_slope"":{""value"":-0.18742617776260892,""score"":18.762303706231847},""T3_high_proximity"":{""value"":0.9711406321575813,""score"":85.57031607879063},""T4_rs_1m"":{""value"":-0.011139617407354585,""score"":38.860382592645415},""T5_rs_3m"":{""value"":0.028765574568511365,""score"":64.38278728425568},""T6_adr_healthy"":{""value"":4.24871041883992,""score"":100.0},""_score"":64.02},""geometry"":{""sub_pole_impulse"":100.0,""sub_flag_tightness"":57.1,""sub_flag_shallowness"":40.7,""sub_flag_drift"":100,""sub_flag_duration"":0.0,""_score"":67.41},""compression"":{""VC1_atr_ratio"":{""value"":0.666815857899738,""score"":83.2960355250655},""VC2_range_contraction"":{""value"":0.9158730385161711,""score"":14.02116024730482},""VC3_range_pct_rank"":{""score"":17.500000000000004},""_score"":42.6},""sr_quality"":{""SR1_touches"":{""value"":4,""score"":75.0},""SR2_tightness"":{""value"":0.8111967405475642,""score"":72.84576994400015},""SR3_recency"":{""value"":246,""score"":0.0},""SR4_price_location"":{""score"":43.088297975835545},""SR5_reaction"":{""value"":2.8045550131924557,""score"":100},""_score"":59.2,""_levels_found"":6,""_target_level"":155.1762},""volume"":{""V1_rvol_day"":{""value"":0.9079293305938064,""score"":27.195288706253763},""V2_rvol_sameslot"":{""value"":0.6841564872785851,""score"":12.277099151905675,""status"":""ok""},""V3_breakout_bar"":{""value"":0.8554764527797377,""score"":23.698430185315846},""V4_base_dryup"":{""value"":1.6019021451902746,""score"":0},""V5_bo_expansion"":{""value"":0.9079293305938064,""score"":0},""_score"":13.82},""readiness"":{""_distance_atr"":0.538,""BR1_atr_distance"":{""score"":64.12672566907717},""BR2_compression"":{""score"":22.492330387834123},""BR3_retest"":{""score"":50.0},""BR4_bo_age"":{""score"":50.0},""_score"":48.77},""risk"":{""R1_stop_clarity"":{""score"":28.95083225438536},""R2_stop_distance_pct"":{""value"":6.079851752021568,""score"":100.0},""R3_stop_distance_atr"":{""value"":1.5101086360066147,""score"":100.0},""R4_rr_potential"":{""value"":3.441396508728178,""score"":100.0},""_score"":75.13},""market"":{""M1_spy_regime"":{""score"":100.0},""M3_earnings_risk"":{""value"":null,""score"":80.0},""M4_vix"":{""value"":null,""score"":60.0},""_score"":84.0},""liquidity"":{""L1_price"":{""value"":148.4,""score"":100.0},""L2_dollar_vol"":{""value"":1708848061.2938843,""score"":100.0},""L3_spread_proxy"":{""value"":0.054144204851752,""score"":45.855795148248006},""L4_volume_zscore"":{""value"":-0.28374017941816126,""score"":100.0},""_score"":94.59},""pattern_structure"":{""pole_low"":123.78,""pole_low_idx"":17,""peak_price"":151.615,""peak_idx"":42,""pole_gain"":0.22487477783163684,""flag_bars"":17,""flag_low"":141.5,""flag_high"":150.27,""structural_low"":141.5,""current_price"":148.93,""neckline_distance_pct"":0.018028604042167475,""base_bars"":17},""pattern_geometry_features"":{""pole_gain"":0.22487477783163684,""pullback_pct"":0.06671503479207208,""flag_range_pct"":0.0578438808824985,""flag_drift_per_bar"":0.0005970695536658486,""atr_pct"":0.04026102233346169,""pole_atr_multiple"":5.585421452269959},""_schema_version"":""1.0""}",,,,,,,,,,
20260602T213437Z-756d21,2026-06-02T21:34:37.658687+00:00,BHP,double_bottom,breakout_confirmed,55.0,98.0,58.8,51.2,49.9,54.5,29.4,33.8,84.0,98.0,14.69,14.71,4.09,6.99,7.09,2.35,2.03,5.04,4.9,True,risk_unclear,93.15,89.4,84.3062,93.21,"{""trend"":{""T1_ema_stack"":{""value"":[true,true,true],""score"":100.0},""T2_ema50_slope"":{""value"":0.3345286773747219,""score"":100},""T3_high_proximity"":{""value"":1.0,""score"":99.99999999999997},""T4_rs_1m"":{""value"":0.12421227470372798,""score"":100},""T5_rs_3m"":{""value"":0.07272665224875685,""score"":86.36332612437843},""T6_adr_healthy"":{""value"":2.1642130459669713,""score"":100.0},""_score"":97.95},""geometry"":{""sub_low_similarity"":37.9,""sub_bounce_quality"":20.7,""sub_separation_fit"":100.0,""sub_right_bottom_reaction"":55.5,""sub_base_context"":100.0,""_score"":58.83},""compression"":{""VC1_atr_ratio"":{""value"":0.6091501240851983,""score"":97.71246897870041},""VC2_range_contraction"":{""value"":1.1342485967259288,""score"":0},""VC3_range_pct_rank"":{""score"":48.33333333333333},""_score"":51.17},""sr_quality"":{""SR1_touches"":{""value"":3,""score"":50.0},""SR2_tightness"":{""value"":0.19686430746978026,""score"":83.92850717489695},""SR3_recency"":{""value"":232,""score"":0.0},""SR4_price_location"":{""score"":30.0},""SR5_reaction"":{""value"":1.978346648006687,""score"":98.91733240033435},""_score"":49.93,""_levels_found"":6,""_target_level"":81.0067},""volume"":{""V1_rvol_day"":{""value"":1.1787241539997302,""score"":45.248276933315346},""V2_rvol_sameslot"":{""value"":1.9732868670978478,""score"":98.21912447318985,""status"":""ok""},""V3_breakout_bar"":{""value"":1.5231702769688336,""score"":68.21135179792223},""V4_base_dryup"":{""value"":1.149846336895281,""score"":35.015366310471904},""V5_bo_expansion"":{""value"":1.1787241539997302,""score"":11.914943599982013},""_score"":54.54},""readiness"":{""_distance_atr"":-1.531,""BR1_atr_distance"":{""score"":29.385970027406852},""BR2_compression"":{""score"":0.5795900435746811},""BR3_retest"":{""score"":50.0},""BR4_bo_age"":{""score"":50.0},""_score"":29.4},""risk"":{""R1_stop_clarity"":{""score"":0},""R2_stop_distance_pct"":{""value"":9.494202898550727,""score"":62.64492753623183},""R3_stop_distance_atr"":{""value"":3.6099451863082406,""score"":100.0},""R4_rr_potential"":{""value"":0.006784375583032532,""score"":0.0},""_score"":33.79},""market"":{""M1_spy_regime"":{""score"":100.0},""M3_earnings_risk"":{""value"":null,""score"":80.0},""M4_vix"":{""value"":null,""score"":60.0},""_score"":84.0},""liquidity"":{""L1_price"":{""value"":93.15,""score"":100.0},""L2_dollar_vol"":{""value"":289344534.7470071,""score"":100.0},""L3_spread_proxy"":{""value"":0.019538378958668893,""score"":80.46162104133111},""L4_volume_zscore"":{""value"":0.6716249384360607,""score"":100.0},""_score"":98.05},""pattern_structure"":{""left_low"":85.59,""left_idx"":50,""right_low"":88.29,""right_idx"":68,""separation_bars"":18,""structural_low"":85.59,""current_price"":93.44,""neckline_distance_pct"":-0.04323630136986293,""base_bars"":18},""pattern_geometry_features"":{""low_similarity_pct"":0.031055900621118047,""bounce_pct"":0.04451454609183318,""right_bottom_reaction"":0.5550239234449811,""atr_pct"":0.026300130358101373},""_schema_version"":""1.0""}",,,,,,,,,,
20260602T213437Z-756d21,2026-06-02T21:34:37.658687+00:00,BHP,bull_flag,forming,55.0,98.0,78.2,51.2,49.9,55.4,51.7,59.8,84.0,98.0,13.71,23.45,4.61,4.99,7.75,4.65,1.79,5.04,4.9,True,risk_unclear,93.15,93.7,91.1913,101.81,"{""trend"":{""T1_ema_stack"":{""value"":[true,true,true],""score"":100.0},""T2_ema50_slope"":{""value"":0.3345286773747219,""score"":100},""T3_high_proximity"":{""value"":1.0,""score"":99.99999999999997},""T4_rs_1m"":{""value"":0.12421227470372798,""score"":100},""T5_rs_3m"":{""value"":0.07272665224875685,""score"":86.36332612437843},""T6_adr_healthy"":{""value"":2.1642130459669713,""score"":100.0},""_score"":97.95},""geometry"":{""sub_pole_impulse"":65.1,""sub_flag_tightness"":79.7,""sub_flag_shallowness"":74.8,""sub_flag_drift"":100,""sub_flag_duration"":87.5,""_score"":78.16},""compression"":{""VC1_atr_ratio"":{""value"":0.6091501240851983,""score"":97.71246897870041},""VC2_range_contraction"":{""value"":1.1342485967259288,""score"":0},""VC3_range_pct_rank"":{""score"":48.33333333333333},""_score"":51.17},""sr_quality"":{""SR1_touches"":{""value"":3,""score"":50.0},""SR2_tightness"":{""value"":0.19686430746978026,""score"":83.92850717489695},""SR3_recency"":{""value"":232,""score"":0.0},""SR4_price_location"":{""score"":30.0},""SR5_reaction"":{""value"":1.978346648006687,""score"":98.91733240033435},""_score"":49.93,""_levels_found"":6,""_target_level"":81.0067},""volume"":{""V1_rvol_day"":{""value"":1.1787241539997302,""score"":45.248276933315346},""V2_rvol_sameslot"":{""value"":1.9732868670978478,""score"":98.21912447318985,""status"":""ok""},""V3_breakout_bar"":{""value"":1.5231702769688336,""score"":68.21135179792223},""V4_base_dryup"":{""value"":1.1080787709014541,""score"":39.19212290985459},""V5_bo_expansion"":{""value"":1.1787241539997302,""score"":11.914943599982013},""_score"":55.37},""readiness"":{""_distance_atr"":0.225,""BR1_atr_distance"":{""score"":85.03314090228787},""BR2_compression"":{""score"":0.5795900435746811},""BR3_retest"":{""score"":50.0},""BR4_bo_age"":{""score"":50.0},""_score"":51.66},""risk"":{""R1_stop_clarity"":{""score"":0},""R2_stop_distance_pct"":{""value"":2.1027375201288323,""score"":100.0},""R3_stop_distance_atr"":{""value"":0.7995160067642457,""score"":64.97580033821228},""R4_rr_potential"":{""value"":4.421299841731742,""score"":100.0},""_score"":59.75},""market"":{""M1_spy_regime"":{""score"":100.0},""M3_earnings_risk"":{""value"":null,""score"":80.0},""M4_vix"":{""value"":null,""score"":60.0},""_score"":84.0},""liquidity"":{""L1_price"":{""value"":93.15,""score"":100.0},""L2_dollar_vol"":{""value"":289344534.7470071,""score"":100.0},""L3_spread_proxy"":{""value"":0.019538378958668893,""score"":80.46162104133111},""L4_volume_zscore"":{""value"":0.6716249384360607,""score"":100.0},""_score"":98.05},""pattern_structure"":{""pole_low"":85.59,""pole_low_idx"":30,""peak_price"":93.7,""peak_idx"":55,""pole_gain"":0.09475406005374458,""flag_bars"":4,""flag_low"":92.58,""flag_high"":93.66,""structural_low"":92.58,""current_price"":93.44,""neckline_distance_pct"":0.0027825342465753974,""base_bars"":4},""pattern_geometry_features"":{""pole_gain"":0.09475406005374458,""pullback_pct"":0.011953041622198554,""flag_range_pct"":0.01152614727854854,""flag_drift_per_bar"":0.0015093107876710677,""atr_pct"":0.026300130358101373,""pole_atr_multiple"":3.6027981140617036},""_schema_version"":""1.0""}",,,,,,,,,,
20260602T213437Z-756d21,2026-06-02T21:34:37.658687+00:00,BHP,vcp,breakout_confirmed,55.0,98.0,35.0,51.2,49.9,55.4,36.1,4.3,84.0,98.0,14.69,8.75,6.14,5.99,7.2,2.53,0.22,5.04,4.9,True,risk_unclear,93.15,91.45,79.7653,105.98,"{""trend"":{""T1_ema_stack"":{""value"":[true,true,true],""score"":100.0},""T2_ema50_slope"":{""value"":0.3345286773747219,""score"":100},""T3_high_proximity"":{""value"":1.0,""score"":99.99999999999997},""T4_rs_1m"":{""value"":0.12421227470372798,""score"":100},""T5_rs_3m"":{""value"":0.07272665224875685,""score"":86.36332612437843},""T6_adr_healthy"":{""value"":2.1642130459669713,""score"":100.0},""_score"":97.95},""geometry"":{""sub_contraction_count"":100.0,""sub_reduction_rate"":0,""sub_pivot_tightness"":0,""sub_volume_dryup"":0,""sub_base_depth"":0.0,""sub_base_duration"":100.0,""_score"":35.0},""compression"":{""VC1_atr_ratio"":{""value"":0.6091501240851983,""score"":97.71246897870041},""VC2_range_contraction"":{""value"":1.1342485967259288,""score"":0},""VC3_range_pct_rank"":{""score"":48.33333333333333},""_score"":51.17},""sr_quality"":{""SR1_touches"":{""value"":3,""score"":50.0},""SR2_tightness"":{""value"":0.19686430746978026,""score"":83.92850717489695},""SR3_recency"":{""value"":232,""score"":0.0},""SR4_price_location"":{""score"":30.0},""SR5_reaction"":{""value"":1.978346648006687,""score"":98.91733240033435},""_score"":49.93,""_levels_found"":6,""_target_level"":81.0067},""volume"":{""V1_rvol_day"":{""value"":1.1787241539997302,""score"":45.248276933315346},""V2_rvol_sameslot"":{""value"":1.9732868670978478,""score"":98.21912447318985,""status"":""ok""},""V3_breakout_bar"":{""value"":1.5231702769688336,""score"":68.21135179792223},""V4_base_dryup"":{""value"":1.1080787709014541,""score"":39.19212290985459},""V5_bo_expansion"":{""value"":1.1787241539997302,""score"":11.914943599982013},""_score"":55.37},""readiness"":{""_distance_atr"":-0.694,""BR1_atr_distance"":{""score"":46.12163974575775},""BR2_compression"":{""score"":0.5795900435746811},""BR3_retest"":{""score"":50.0},""BR4_bo_age"":{""score"":50.0},""_score"":36.09},""risk"":{""R1_stop_clarity"":{""score"":0.8350341127756451},""R2_stop_distance_pct"":{""value"":14.368974771873333,""score"":0.0},""R3_stop_distance_atr"":{""value"":5.463461426322238,""score"":26.82692868388812},""R4_rr_potential"":{""value"":0.9585571585466981,""score"":0.0},""_score"":4.32},""market"":{""M1_spy_regime"":{""score"":100.0},""M3_earnings_risk"":{""value"":null,""score"":80.0},""M4_vix"":{""value"":null,""score"":60.0},""_score"":84.0},""liquidity"":{""L1_price"":{""value"":93.15,""score"":100.0},""L2_dollar_vol"":{""value"":289344534.7470071,""score"":100.0},""L3_spread_proxy"":{""value"":0.019538378958668893,""score"":80.46162104133111},""L4_volume_zscore"":{""value"":0.6716249384360607,""score"":100.0},""_score"":98.05},""pattern_structure"":{""n_contractions"":5,""contractions_pct"":[5.14,17.06,4.6,4.78,11.45],""descending_strict"":false,""final_low"":80.98,""final_pivot"":91.45,""structural_low"":80.98,""dry_up_ratio"":1.0498588581805108,""current_price"":93.15,""neckline_distance_pct"":-0.018250134192163207,""base_bars"":67,""recent_base_height"":14.530000000000001},""pattern_geometry_features"":{""contraction_count"":5.0,""first_contraction_pct"":0.051437317008251195,""last_contraction_pct"":0.11448879168944777,""dry_up_ratio"":1.0498588581805108,""near_monotone"":0.0,""base_depth_pct"":-0.07772158637210545},""_schema_version"":""1.0""}",,,,,,,,,,
20260602T213437Z-756d21,2026-06-02T21:34:37.658687+00:00,NVT,bull_flag,forming,55.0,97.2,61.9,56.0,42.3,21.2,60.3,58.0,84.0,96.9,13.6,18.56,5.04,4.23,2.97,5.43,1.74,5.04,4.85,True,risk_unclear,173.39,178.0,171.39,193.73,"{""trend"":{""T1_ema_stack"":{""value"":[true,true,true],""score"":100.0},""T2_ema50_slope"":{""value"":0.602501578475077,""score"":100},""T3_high_proximity"":{""value"":0.9967233846861346,""score"":98.3616923430673},""T4_rs_1m"":{""value"":0.03704530226919012,""score"":87.04530226919012},""T5_rs_3m"":{""value"":0.4365051682691141,""score"":100},""T6_adr_healthy"":{""value"":3.7969948053148026,""score"":100.0},""_score"":97.16},""geometry"":{""sub_pole_impulse"":36.3,""sub_flag_tightness"":66.7,""sub_flag_shallowness"":53.6,""sub_flag_drift"":90.6,""sub_flag_duration"":100.0,""_score"":61.87},""compression"":{""VC1_atr_ratio"":{""value"":0.4181149121937773,""score"":100},""VC2_range_contraction"":{""value"":1.0173225714681067,""score"":0},""VC3_range_pct_rank"":{""score"":64.16666666666666},""_score"":56.04},""sr_quality"":{""SR1_touches"":{""value"":2,""score"":25.0},""SR2_tightness"":{""value"":0.6103999999999985,""score"":82.20296978153576},""SR3_recency"":{""value"":247,""score"":0.0},""SR4_price_location"":{""score"":30.0},""SR5_reaction"":{""value"":3.1861174167482327,""score"":100},""_score"":42.33,""_levels_found"":6,""_target_level"":135.3054},""volume"":{""V1_rvol_day"":{""value"":0.788258211541547,""score"":19.2172141027698},""V2_rvol_sameslot"":{""value"":0.7358444173801453,""score"":15.722961158676352,""status"":""ok""},""V3_breakout_bar"":{""value"":0.7570730860884843,""score"":17.13820573923229},""V4_base_dryup"":{""value"":1.0034434785543267,""score"":49.65565214456733},""V5_bo_expansion"":{""value"":0.7882582115415472,""score"":0},""_score"":21.2},""readiness"":{""_distance_atr"":0.672,""BR1_atr_distance"":{""score"":55.19642348890314},""BR2_compression"":{""score"":82.84985999028515},""BR3_retest"":{""score"":50.0},""BR4_bo_age"":{""score"":50.0},""_score"":60.29},""risk"":{""R1_stop_clarity"":{""score"":23.901951392214926},""R2_stop_distance_pct"":{""value"":1.153469058192514,""score"":78.83672645481286},""R3_stop_distance_atr"":{""value"":0.2915634046275275,""score"":39.578170231376376},""R4_rr_potential"":{""value"":10.170000000000002,""score"":100.0},""_score"":57.95},""market"":{""M1_spy_regime"":{""score"":100.0},""M3_earnings_risk"":{""value"":null,""score"":80.0},""M4_vix"":{""value"":null,""score"":60.0},""_score"":84.0},""liquidity"":{""L1_price"":{""value"":173.39,""score"":100.0},""L2_dollar_vol"":{""value"":270174255.26137316,""score"":100.0},""L3_spread_proxy"":{""value"":0.03062460349501126,""score"":69.37539650498874},""L4_volume_zscore"":{""value"":-0.8247187681391627,""score"":100.0},""_score"":96.94},""pattern_structure"":{""pole_low"":162.27,""pole_low_idx"":43,""peak_price"":178.0,""peak_idx"":54,""pole_gain"":0.09693720342638805,""flag_bars"":5,""flag_low"":174.0,""flag_high"":177.45,""structural_low"":174.0,""current_price"":174.5,""neckline_distance_pct"":0.02005730659025788,""base_bars"":5},""pattern_geometry_features"":{""pole_gain"":0.09693720342638805,""pullback_pct"":0.02247191011235955,""flag_range_pct"":0.019382022471910048,""flag_drift_per_bar"":-0.001873925501432792,""atr_pct"":0.03956151697659285,""pole_atr_multiple"":2.450290353722845},""_schema_version"":""1.0""}",,,,,,,,,,
20260602T213437Z-756d21,2026-06-02T21:34:37.658687+00:00,GLW,double_bottom,setup,55.0,97.2,64.9,52.0,41.8,23.1,67.4,35.9,84.0,92.2,14.57,16.22,4.16,5.86,3.0,5.39,2.15,5.04,4.61,True,stop_too_wide,200.4,199.93,167.253,230.06,"{""trend"":{""T1_ema_stack"":{""value"":[true,true,true],""score"":100.0},""T2_ema50_slope"":{""value"":0.579817785348882,""score"":100},""T3_high_proximity"":{""value"":0.9621663145765316,""score"":81.08315728826577},""T4_rs_1m"":{""value"":0.2122638943778281,""score"":100},""T5_rs_3m"":{""value"":0.24152670525607767,""score"":100},""T6_adr_healthy"":{""value"":6.4163562231528335,""score"":100.0},""_score"":97.16},""geometry"":{""sub_low_similarity"":69.3,""sub_bounce_quality"":100,""sub_separation_fit"":0.0,""sub_right_bottom_reaction"":27.2,""sub_base_context"":100.0,""_score"":64.87},""compression"":{""VC1_atr_ratio"":{""value"":0.6139357083742164,""score"":96.5160729064459},""VC2_range_contraction"":{""value"":0.8317493675189116,""score"":28.041772080181403},""VC3_range_pct_rank"":{""score"":14.166666666666671},""_score"":51.96},""sr_quality"":{""SR1_touches"":{""value"":2,""score"":25.0},""SR2_tightness"":{""value"":1.1650000000000063,""score"":81.55445817210438},""SR3_recency"":{""value"":249,""score"":0.0},""SR4_price_location"":{""score"":30.0},""SR5_reaction"":{""value"":1.9458859147196232,""score"":97.29429573598117},""_score"":41.83,""_levels_found"":6,""_target_level"":177.915},""volume"":{""V1_rvol_day"":{""value"":1.1099868474721797,""score"":40.66578983147864},""V2_rvol_sameslot"":{""value"":0.8274522434433633,""score"":21.830149562890888,""status"":""ok""},""V3_breakout_bar"":{""value"":0.5163107458737684,""score"":1.0873830582512234},""V4_base_dryup"":{""value"":1.0406571580914576,""score"":45.934284190854235},""V5_bo_expansion"":{""value"":1.1099868474721795,""score"":7.332456498145297},""_score"":23.06},""readiness"":{""_distance_atr"":-0.037,""BR1_atr_distance"":{""score"":100.0},""BR2_compression"":{""score"":39.49571584557238},""BR3_retest"":{""score"":50.0},""BR4_bo_age"":{""score"":50.0},""_score"":67.37},""risk"":{""R1_stop_clarity"":{""score"":59.67313730845507},""R2_stop_distance_pct"":{""value"":16.540419161676642,""score"":0.0},""R3_stop_distance_atr"":{""value"":2.624096029910956,""score"":100.0},""R4_rr_potential"":{""value"":0.8948019428605908,""score"":0.0},""_score"":35.89},""market"":{""M1_spy_regime"":{""score"":100.0},""M3_earnings_risk"":{""value"":null,""score"":80.0},""M4_vix"":{""value"":null,""score"":60.0},""_score"":84.0},""liquidity"":{""L1_price"":{""value"":200.4,""score"":100.0},""L2_dollar_vol"":{""value"":3524607879.798059,""score"":100.0},""L3_spread_proxy"":{""value"":0.07759481037924157,""score"":22.405189620758435},""L4_volume_zscore"":{""value"":0.2936591047023191,""score"":100.0},""_score"":92.24},""pattern_structure"":{""left_low"":169.8,""left_idx"":20,""right_low"":172.43,""right_idx"":68,""separation_bars"":48,""structural_low"":169.8,""current_price"":198.64,""neckline_distance_pct"":0.006494160289971912,""base_bars"":48},""pattern_geometry_features"":{""low_similarity_pct"":0.015369780556935367,""bounce_pct"":0.17744405182567724,""right_bottom_reaction"":0.27237354085603294,""atr_pct"":0.06303282720273735},""_schema_version"":""1.0""}",,,,,,,,,,
20260602T213437Z-756d21,2026-06-02T21:34:37.658687+00:00,GRMN,double_bottom,forming,55.0,35.6,64.0,57.9,48.4,44.0,66.9,43.3,84.0,97.9,5.34,15.99,4.63,6.77,5.72,5.35,2.6,5.04,4.89,True,risk_unclear;reversal_trend_cap,241.03,242.78,221.1719,261.02,"{""trend"":{""T1_ema_stack"":{""value"":[true,false,true],""score"":66.66666666666666},""T2_ema50_slope"":{""value"":-0.10831803261976576,""score"":31.94699456337237},""T3_high_proximity"":{""value"":0.9009793660287082,""score"":50.48968301435408},""T4_rs_1m"":{""value"":-0.05974064975957383,""score"":0},""T5_rs_3m"":{""value"":-0.1550065352911283,""score"":0},""T6_adr_healthy"":{""value"":2.4643904200576037,""score"":100.0},""_score"":35.63},""geometry"":{""sub_low_similarity"":53.0,""sub_bounce_quality"":73.2,""sub_separation_fit"":0.0,""sub_right_bottom_reaction"":89.6,""sub_base_context"":100.0,""_score"":63.98},""compression"":{""VC1_atr_ratio"":{""value"":0.43179103861298357,""score"":100},""VC2_range_contraction"":{""value"":0.9178786144647648,""score"":13.686897589205865},""VC3_range_pct_rank"":{""score"":52.5},""_score"":57.92},""sr_quality"":{""SR1_touches"":{""value"":2,""score"":25.0},""SR2_tightness"":{""value"":0.6230000000000047,""score"":79.1208344005916},""SR3_recency"":{""value"":240,""score"":0.0},""SR4_price_location"":{""score"":55.992539734025335},""SR5_reaction"":{""value"":3.1213179584283903,""score"":100},""_score"":48.37,""_levels_found"":7,""_target_level"":246.457},""volume"":{""V1_rvol_day"":{""value"":0.8015047707387701,""score"":20.100318049251342},""V2_rvol_sameslot"":{""value"":0.8459710421643647,""score"":23.06473614429098,""status"":""ok""},""V3_breakout_bar"":{""value"":1.735193774906383,""score"":82.34625166042554},""V4_base_dryup"":{""value"":0.7611352001496295,""score"":73.88647998503704},""V5_bo_expansion"":{""value"":0.8015047707387702,""score"":0},""_score"":44.0},""readiness"":{""_distance_atr"":0.293,""BR1_atr_distance"":{""score"":80.45021947620951},""BR2_compression"":{""score"":68.77048122444455},""BR3_retest"":{""score"":50.0},""BR4_bo_age"":{""score"":50.0},""_score"":66.87},""risk"":{""R1_stop_clarity"":{""score"":0},""R2_stop_distance_pct"":{""value"":8.238849935692654,""score"":94.02875160768365},""R3_stop_distance_atr"":{""value"":3.3276128281670054,""score"":100.0},""R4_rr_potential"":{""value"":1.0066421258831395,""score"":0.33210629415697523},""_score"":43.28},""market"":{""M1_spy_regime"":{""score"":100.0},""M3_earnings_risk"":{""value"":null,""score"":80.0},""M4_vix"":{""value"":null,""score"":60.0},""_score"":84.0},""liquidity"":{""L1_price"":{""value"":241.03,""score"":100.0},""L2_dollar_vol"":{""value"":159871014.51070905,""score"":100.0},""L3_spread_proxy"":{""value"":0.021449612081483698,""score"":78.55038791851631},""L4_volume_zscore"":{""value"":-0.5446352919081214,""score"":100.0},""_score"":97.86},""pattern_structure"":{""left_low"":224.54,""left_idx"":20,""right_low"":229.875,""right_idx"":69,""separation_bars"":49,""structural_low"":224.54,""current_price"":238.3,""neckline_distance_pct"":0.01879983214435581,""base_bars"":49},""pattern_geometry_features"":{""low_similarity_pct"":0.023480738972085025,""bounce_pct"":0.08123274249576917,""right_bottom_reaction"":0.8963068181818159,""atr_pct"":0.024759040072071647},""_schema_version"":""1.0""}",,,,,,,,,,
20260602T213437Z-756d21,2026-06-02T21:34:37.658687+00:00,UUUU,breakout_retest_hold,setup,55.0,26.5,82.1,51.5,37.4,28.8,77.8,61.7,84.0,90.0,3.71,18.07,3.09,5.24,3.75,14.01,3.09,4.2,2.7,True,trend_floor;weak_retest_trend,19.54,19.14,18.9486,19.7543,"{""trend"":{""T1_ema_stack"":{""value"":[true,false,true],""score"":66.66666666666666},""T2_ema50_slope"":{""value"":-0.22428620106366062,""score"":12.61896648938989},""T3_high_proximity"":{""value"":0.83078231292517,""score"":15.391156462584988},""T4_rs_1m"":{""value"":-0.15188306903861493,""score"":0},""T5_rs_3m"":{""value"":-0.18109711027306286,""score"":0},""T6_adr_healthy"":{""value"":7.560325616508365,""score"":100.0},""_score"":26.5},""geometry"":{""sub_retest_depth"":57.1,""sub_retest_timing"":100.0,""sub_retest_freshness"":75.0,""sub_hold_quality"":100.0,""_score"":82.13},""compression"":{""VC1_atr_ratio"":{""value"":0.37013474210970665,""score"":100},""VC2_range_contraction"":{""value"":0.8572564439251267,""score"":23.790592679145554},""VC3_range_pct_rank"":{""score"":12.5},""_score"":51.45},""sr_quality"":{""SR1_touches"":{""value"":3,""score"":50.0},""SR2_tightness"":{""value"":0.32484531703566244,""score"":49.06955105549835},""SR3_recency"":{""value"":250,""score"":0.0},""SR4_price_location"":{""score"":0.3173144393593543},""SR5_reaction"":{""value"":3.132224648636541,""score"":100},""_score"":37.44,""_levels_found"":4,""_target_level"":23.5532},""volume"":{""V1_rvol_day"":{""value"":1.3282537761426236,""score"":55.21691840950824},""V2_rvol_sameslot"":{""value"":0.9577091431577888,""score"":30.51394287718592,""status"":""ok""},""V3_breakout_bar"":{""value"":0.4028238702762395,""score"":0},""V4_base_dryup"":{""value"":1.0800017104060025,""score"":41.99982895939976},""V5_bo_expansion"":{""value"":1.3282537761426236,""score"":21.883585076174906},""_score"":28.83},""readiness"":{""_distance_atr"":-0.314,""BR1_atr_distance"":{""score"":100.0},""BR2_compression"":{""score"":17.372242331891183},""BR3_retest"":{""score"":100},""BR4_bo_age"":{""score"":90},""_score"":77.84},""risk"":{""R1_stop_clarity"":{""score"":69.9916008735089},""R2_stop_distance_pct"":{""value"":3.026612077789151,""score"":100.0},""R3_stop_distance_atr"":{""value"":0.4636093846239993,""score"":48.180469231199964},""R4_rr_potential"":{""value"":0.36238465626359084,""score"":0.0},""_score"":61.72},""market"":{""M1_spy_regime"":{""score"":100.0},""M3_earnings_risk"":{""value"":null,""score"":80.0},""M4_vix"":{""value"":null,""score"":60.0},""_score"":84.0},""liquidity"":{""L1_price"":{""value"":19.54,""score"":100.0},""L2_dollar_vol"":{""value"":289086615.9055711,""score"":100.0},""L3_spread_proxy"":{""value"":0.11412487205731835,""score"":0},""L4_volume_zscore"":{""value"":0.7924016931175288,""score"":100.0},""_score"":90.0},""pattern_structure"":{""level"":19.14,""level_idx"":44,""breakout_idx"":75,""bo_peak_idx"":75,""bo_peak_price"":19.75,""retest_idx"":79,""retest_low"":19.14,""structural_low"":19.14,""current_price"":19.395,""neckline_distance_pct"":-0.013147718484145348,""base_bars"":35,""bars_since_breakout"":4},""pattern_geometry_features"":{""retest_depth_atr"":0.0,""bars_breakout_to_retest"":4.0,""bars_since_retest"":0.0,""current_above_level_atr"":0.415096972233848,""bo_peak_excess_pct"":0.03187042842215253,""atr_pct"":0.06528366720280741},""_schema_version"":""1.0""}",,,,,,,,,,
20260602T213437Z-756d21,2026-06-02T21:34:37.658687+00:00,AOSL,double_bottom,breakout_confirmed,55.0,98.3,65.5,12.8,45.7,59.1,57.5,40.5,84.0,88.3,14.75,16.38,1.02,6.4,7.68,4.6,2.43,5.04,4.42,True,stop_too_wide,53.32,51.35,40.7692,61.31,"{""trend"":{""T1_ema_stack"":{""value"":[true,true,true],""score"":100.0},""T2_ema50_slope"":{""value"":0.6093800635896822,""score"":100},""T3_high_proximity"":{""value"":1.0,""score"":99.99999999999997},""T4_rs_1m"":{""value"":0.18369050791799757,""score"":100},""T5_rs_3m"":{""value"":1.4857721094025678,""score"":100},""T6_adr_healthy"":{""value"":9.349261978232812,""score"":66.26845054417969},""_score"":98.31},""geometry"":{""sub_low_similarity"":12.1,""sub_bounce_quality"":100,""sub_separation_fit"":100.0,""sub_right_bottom_reaction"":45.9,""sub_base_context"":100.0,""_score"":65.51},""compression"":{""VC1_atr_ratio"":{""value"":0.8828849158376189,""score"":29.278771040595288},""VC2_range_contraction"":{""value"":1.0597254851649325,""score"":0},""VC3_range_pct_rank"":{""score"":4.1666666666666625},""_score"":12.75},""sr_quality"":{""SR1_touches"":{""value"":3,""score"":50.0},""SR2_tightness"":{""value"":1.045636435648432,""score"":54.5381816121264},""SR3_recency"":{""value"":232,""score"":0.0},""SR4_price_location"":{""score"":30.0},""SR5_reaction"":{""value"":2.264461107427587,""score"":100},""_score"":45.68,""_levels_found"":3,""_target_level"":36.3033},""volume"":{""V1_rvol_day"":{""value"":1.3178640317581527,""score"":54.52426878387685},""V2_rvol_sameslot"":{""value"":2.197918385180524,""score"":100,""status"":""ok""},""V3_breakout_bar"":{""value"":2.1562659540233753,""score"":100},""V4_base_dryup"":{""value"":2.6906293252167197,""score"":0},""V5_bo_expansion"":{""value"":1.3178640317581527,""score"":21.190935450543513},""_score"":59.08},""readiness"":{""_distance_atr"":-0.428,""BR1_atr_distance"":{""score"":100.0},""BR2_compression"":{""score"":0},""BR3_retest"":{""score"":50.0},""BR4_bo_age"":{""score"":50.0},""_score"":57.5},""risk"":{""R1_stop_clarity"":{""score"":73.00689897190891},""R2_stop_distance_pct"":{""value"":23.538728432108023,""score"":0.0},""R3_stop_distance_atr"":{""value"":2.728407522255122,""score"":100.0},""R4_rr_potential"":{""value"":0.6366102694239836,""score"":0.0},""_score"":40.55},""market"":{""M1_spy_regime"":{""score"":100.0},""M3_earnings_risk"":{""value"":null,""score"":80.0},""M4_vix"":{""value"":null,""score"":60.0},""_score"":84.0},""liquidity"":{""L1_price"":{""value"":53.32,""score"":100.0},""L2_dollar_vol"":{""value"":82310136.20123976,""score"":95.77266601650871},""L3_spread_proxy"":{""value"":0.14784321080270071,""score"":0},""L4_volume_zscore"":{""value"":0.6442767678024047,""score"":100.0},""_score"":88.31},""pattern_structure"":{""left_low"":41.39,""left_idx"":43,""right_low"":43.25,""right_idx"":73,""separation_bars"":30,""structural_low"":41.39,""current_price"":52.43,""neckline_distance_pct"":-0.020598893763112688,""base_bars"":30},""pattern_geometry_features"":{""low_similarity_pct"":0.0439508506616257,""bounce_pct"":0.2406378352259,""right_bottom_reaction"":0.4589041095890442,""atr_pct"":0.08627277355053052},""_schema_version"":""1.0""}",,,,,,,,,,
20260602T213437Z-756d21,2026-06-02T21:34:37.658687+00:00,TT,cup_with_handle,forming,55.0,43.4,75.4,56.1,52.4,34.6,45.2,64.6,84.0,97.5,6.08,22.61,4.49,6.28,4.5,3.62,3.23,4.2,4.87,True,risk_unclear,458.92,466.82,434.3404,531.66,"{""trend"":{""T1_ema_stack"":{""value"":[false,true,true],""score"":66.66666666666666},""T2_ema50_slope"":{""value"":0.027104585563485353,""score"":54.51743092724756},""T3_high_proximity"":{""value"":0.9317415844398425,""score"":65.8707922199212},""T4_rs_1m"":{""value"":-0.11065866588652362,""score"":0},""T5_rs_3m"":{""value"":-0.08711192097241649,""score"":6.444039513791758},""T6_adr_healthy"":{""value"":2.4424550123924047,""score"":100.0},""_score"":43.42},""geometry"":{""sub_cup_depth"":58.6,""sub_cup_duration"":100.0,""sub_rim_symmetry"":95.0,""sub_handle_shallowness"":53.8,""sub_handle_proportion"":88.9,""sub_u_shape"":66.7,""_score"":75.38},""compression"":{""VC1_atr_ratio"":{""value"":0.39152712641624043,""score"":100},""VC2_range_contraction"":{""value"":0.884976531270928,""score"":19.170578121512},""VC3_range_pct_rank"":{""score"":37.5},""_score"":56.08},""sr_quality"":{""SR1_touches"":{""value"":3,""score"":50.0},""SR2_tightness"":{""value"":1.6509408092222901,""score"":70.8859406586583},""SR3_recency"":{""value"":227,""score"":0.0},""SR4_price_location"":{""score"":46.96842358026184},""SR5_reaction"":{""value"":3.173607966408168,""score"":100},""_score"":52.37,""_levels_found"":7,""_target_level"":466.2817},""volume"":{""V1_rvol_day"":{""value"":1.3163930941474224,""score"":54.426206276494824},""V2_rvol_sameslot"":{""value"":1.0264053364903813,""score"":35.093689099358755,""status"":""ok""},""V3_breakout_bar"":{""value"":0.8725054321488359,""score"":24.83369547658906},""V4_base_dryup"":{""value"":1.1348615850785349,""score"":36.51384149214651},""V5_bo_expansion"":{""value"":1.3163930941474224,""score"":21.0928729431615},""_score"":34.58},""readiness"":{""_distance_atr"":0.697,""BR1_atr_distance"":{""score"":53.561616198514606},""BR2_compression"":{""score"":25.19974469972963},""BR3_retest"":{""score"":50.0},""BR4_bo_age"":{""score"":50.0},""_score"":45.22},""risk"":{""R1_stop_clarity"":{""score"":0},""R2_stop_distance_pct"":{""value"":5.355970648479045,""score"":100.0},""R3_stop_distance_atr"":{""value"":2.1672870578617656,""score"":100.0},""R4_rr_potential"":{""value"":2.9593622082163544,""score"":97.96811041081772},""_score"":64.59},""market"":{""M1_spy_regime"":{""score"":100.0},""M3_earnings_risk"":{""value"":null,""score"":80.0},""M4_vix"":{""value"":null,""score"":60.0},""_score"":84.0},""liquidity"":{""L1_price"":{""value"":458.92,""score"":100.0},""L2_dollar_vol"":{""value"":872843703.2673297,""score"":100.0},""L3_spread_proxy"":{""value"":0.025472849298352647,""score"":74.52715070164736},""L4_volume_zscore"":{""value"":1.1256701421296016,""score"":100.0},""_score"":97.45},""pattern_structure"":{""left_rim"":467.98,""left_rim_idx"":115,""cup_bottom"":403.14,""cup_bottom_idx"":135,""right_rim"":466.82,""right_rim_idx"":175,""handle_low"":440.9547,""handle_bars"":4,""cup_bars"":60,""structural_low"":440.9547,""current_price"":458.92,""neckline_distance_pct"":0.017214329294866156,""base_bars"":64},""pattern_geometry_features"":{""cup_depth_pct"":0.13855292961237667,""rim_symmetry_pct"":0.002478738407624311,""handle_depth_pct"":0.0554074375562315,""handle_to_cup_ratio"":0.06666666666666667,""cup_duration_bars"":60.0,""atr_pct"":0.024712788410055926,""u_shape_score"":0.3333333333333333},""_schema_version"":""1.0""}",,,,,,,,,,
20260602T213437Z-756d21,2026-06-02T21:34:37.658687+00:00,NVT,double_bottom,setup,55.0,97.2,78.3,56.0,42.3,22.0,78.2,48.6,84.0,96.9,14.57,19.59,4.48,5.93,2.86,6.26,2.92,5.04,4.85,True,risk_unclear,173.39,170.989,157.9447,181.628,"{""trend"":{""T1_ema_stack"":{""value"":[true,true,true],""score"":100.0},""T2_ema50_slope"":{""value"":0.602501578475077,""score"":100},""T3_high_proximity"":{""value"":0.9967233846861346,""score"":98.3616923430673},""T4_rs_1m"":{""value"":0.03704530226919012,""score"":87.04530226919012},""T5_rs_3m"":{""value"":0.4365051682691141,""score"":100},""T6_adr_healthy"":{""value"":3.7969948053148026,""score"":100.0},""_score"":97.16},""geometry"":{""sub_low_similarity"":76.2,""sub_bounce_quality"":51.9,""sub_separation_fit"":93.3,""sub_right_bottom_reaction"":74.1,""sub_base_context"":100.0,""_score"":78.35},""compression"":{""VC1_atr_ratio"":{""value"":0.4181149121937773,""score"":100},""VC2_range_contraction"":{""value"":1.0173225714681067,""score"":0},""VC3_range_pct_rank"":{""score"":64.16666666666666},""_score"":56.04},""sr_quality"":{""SR1_touches"":{""value"":2,""score"":25.0},""SR2_tightness"":{""value"":0.6103999999999985,""score"":82.20296978153576},""SR3_recency"":{""value"":247,""score"":0.0},""SR4_price_location"":{""score"":30.0},""SR5_reaction"":{""value"":3.1861174167482327,""score"":100},""_score"":42.33,""_levels_found"":6,""_target_level"":135.3054},""volume"":{""V1_rvol_day"":{""value"":0.788258211541547,""score"":19.2172141027698},""V2_rvol_sameslot"":{""value"":0.7358444173801453,""score"":15.722961158676352,""status"":""ok""},""V3_breakout_bar"":{""value"":0.7570730860884843,""score"":17.13820573923229},""V4_base_dryup"":{""value"":0.9624877542155978,""score"":53.751224578440215},""V5_bo_expansion"":{""value"":0.7882582115415472,""score"":0},""_score"":22.02},""readiness"":{""_distance_atr"":-0.35,""BR1_atr_distance"":{""score"":100.0},""BR2_compression"":{""score"":82.84985999028515},""BR3_retest"":{""score"":50.0},""BR4_bo_age"":{""score"":50.0},""_score"":78.21},""risk"":{""R1_stop_clarity"":{""score"":29.871712101964093},""R2_stop_distance_pct"":{""value"":8.907808985523957,""score"":77.30477536190108},""R3_stop_distance_atr"":{""value"":2.251634837661658,""score"":100.0},""R4_rr_potential"":{""value"":0.5333678639063812,""score"":0.0},""_score"":48.65},""market"":{""M1_spy_regime"":{""score"":100.0},""M3_earnings_risk"":{""value"":null,""score"":80.0},""M4_vix"":{""value"":null,""score"":60.0},""_score"":84.0},""liquidity"":{""L1_price"":{""value"":173.39,""score"":100.0},""L2_dollar_vol"":{""value"":270174255.26137316,""score"":100.0},""L3_spread_proxy"":{""value"":0.03062460349501126,""score"":69.37539650498874},""L4_volume_zscore"":{""value"":-0.8247187681391627,""score"":100.0},""_score"":96.94},""pattern_structure"":{""left_low"":160.35,""left_idx"":32,""right_low"":162.27,""right_idx"":63,""separation_bars"":31,""structural_low"":160.35,""current_price"":174.5,""neckline_distance_pct"":-0.020120343839541522,""base_bars"":31},""pattern_geometry_features"":{""low_similarity_pct"":0.011902547889157622,""bounce_pct"":0.06634861241035242,""right_bottom_reaction"":0.7407681765991373,""atr_pct"":0.03956151697659285},""_schema_version"":""1.0""}",,,,,,,,,,
20260602T213437Z-756d21,2026-06-02T21:34:37.658687+00:00,GSAT,double_bottom,forming,55.0,79.5,70.2,62.0,56.7,33.9,28.2,60.1,84.0,98.8,11.92,17.55,4.96,7.93,4.4,2.26,3.61,5.04,4.94,True,risk_unclear,82.64,84.695,80.7306,87.43,"{""trend"":{""T1_ema_stack"":{""value"":[true,true,true],""score"":100.0},""T2_ema50_slope"":{""value"":0.36174172224466355,""score"":100},""T3_high_proximity"":{""value"":0.9787990050929763,""score"":89.39950254648815},""T4_rs_1m"":{""value"":-0.042501291461256585,""score"":7.498708538743415},""T5_rs_3m"":{""value"":0.25105979428527747,""score"":100},""T6_adr_healthy"":{""value"":1.1584164659438252,""score"":91.46041164859562},""_score"":79.48},""geometry"":{""sub_low_similarity"":83.4,""sub_bounce_quality"":4.8,""sub_separation_fit"":80.0,""sub_right_bottom_reaction"":81.6,""sub_base_context"":100.0,""_score"":70.22},""compression"":{""VC1_atr_ratio"":{""value"":0.20805271893669508,""score"":100},""VC2_range_contraction"":{""value"":0.9801281402571786,""score"":3.3119766238035586},""VC3_range_pct_rank"":{""score"":83.33333333333334},""_score"":61.99},""sr_quality"":{""SR1_touches"":{""value"":2,""score"":25.0},""SR2_tightness"":{""value"":0.07500000000000284,""score"":85.18518518518464},""SR3_recency"":{""value"":237,""score"":0.0},""SR4_price_location"":{""score"":85.51461245235087},""SR5_reaction"":{""value"":2.1037037037036974,""score"":100},""_score"":56.66,""_levels_found"":7,""_target_level"":82.925},""volume"":{""V1_rvol_day"":{""value"":1.0823361100546152,""score"":38.822407336974344},""V2_rvol_sameslot"":{""value"":1.0267772475796386,""score"":35.1184831719759,""status"":""ok""},""V3_breakout_bar"":{""value"":0.8946480441351173,""score"":26.309869609007823},""V4_base_dryup"":{""value"":0.9152236152682971,""score"":58.47763847317029},""V5_bo_expansion"":{""value"":1.0823361100546154,""score"":5.489074003641026},""_score"":33.88},""readiness"":{""_distance_atr"":2.03,""BR1_atr_distance"":{""score"":0},""BR2_compression"":{""score"":42.87834552653773},""BR3_retest"":{""score"":50.0},""BR4_bo_age"":{""score"":50.0},""_score"":28.22},""risk"":{""R1_stop_clarity"":{""score"":0},""R2_stop_distance_pct"":{""value"":2.310503388189745,""score"":100.0},""R3_stop_distance_atr"":{""value"":1.8858271604938306,""score"":100.0},""R4_rr_potential"":{""value"":2.508641458049638,""score"":75.4320729024819},""_score"":60.09},""market"":{""M1_spy_regime"":{""score"":100.0},""M3_earnings_risk"":{""value"":null,""score"":80.0},""M4_vix"":{""value"":null,""score"":60.0},""_score"":84.0},""liquidity"":{""L1_price"":{""value"":82.64,""score"":100.0},""L2_dollar_vol"":{""value"":110071453.08730799,""score"":100.0},""L3_spread_proxy"":{""value"":0.01216118102613758,""score"":87.83881897386242},""L4_volume_zscore"":{""value"":0.3438781779842218,""score"":100.0},""_score"":98.78},""pattern_structure"":{""left_low"":82.645,""left_idx"":41,""right_low"":81.96,""right_idx"":74,""separation_bars"":33,""structural_low"":81.96,""current_price"":82.71,""neckline_distance_pct"":0.023999516382541403,""base_bars"":33},""pattern_geometry_features"":{""low_similarity_pct"":0.00832295495276574,""bounce_pct"":0.033369936554416786,""right_bottom_reaction"":0.8160919540229934,""atr_pct"":0.012251936108422082},""_schema_version"":""1.0""}",,,,,,,,,,
20260602T213437Z-756d21,2026-06-02T21:34:37.658687+00:00,GSAT,base_on_base,forming,55.0,79.5,66.3,62.0,56.7,40.5,58.7,65.0,84.0,98.8,14.31,16.57,6.2,5.67,4.86,4.7,3.25,5.88,4.94,True,risk_unclear,82.64,83.0,79.5979,103.98,"{""trend"":{""T1_ema_stack"":{""value"":[true,true,true],""score"":100.0},""T2_ema50_slope"":{""value"":0.36174172224466355,""score"":100},""T3_high_proximity"":{""value"":0.9787990050929763,""score"":89.39950254648815},""T4_rs_1m"":{""value"":-0.042501291461256585,""score"":7.498708538743415},""T5_rs_3m"":{""value"":0.25105979428527747,""score"":100},""T6_adr_healthy"":{""value"":1.1584164659438252,""score"":91.46041164859562},""_score"":79.48},""geometry"":{""sub_shallower_second"":100,""sub_second_base_depth"":46.4,""sub_rim_advance"":100,""sub_dry_up"":0,""sub_second_base_duration"":80.0,""_score"":66.28},""compression"":{""VC1_atr_ratio"":{""value"":0.20805271893669508,""score"":100},""VC2_range_contraction"":{""value"":0.9801281402571786,""score"":3.3119766238035586},""VC3_range_pct_rank"":{""score"":83.33333333333334},""_score"":61.99},""sr_quality"":{""SR1_touches"":{""value"":2,""score"":25.0},""SR2_tightness"":{""value"":0.07500000000000284,""score"":85.18518518518464},""SR3_recency"":{""value"":237,""score"":0.0},""SR4_price_location"":{""score"":85.51461245235087},""SR5_reaction"":{""value"":2.1037037037036974,""score"":100},""_score"":56.66,""_levels_found"":7,""_target_level"":82.925},""volume"":{""V1_rvol_day"":{""value"":1.0823361100546152,""score"":38.822407336974344},""V2_rvol_sameslot"":{""value"":1.0267772475796386,""score"":35.1184831719759,""status"":""ok""},""V3_breakout_bar"":{""value"":0.8946480441351173,""score"":26.309869609007823},""V4_base_dryup"":{""value"":0.5866578817168844,""score"":91.33421182831157},""V5_bo_expansion"":{""value"":1.0823361100546154,""score"":5.489074003641026},""_score"":40.46},""readiness"":{""_distance_atr"":0.356,""BR1_atr_distance"":{""score"":76.29629629629636},""BR2_compression"":{""score"":42.87834552653773},""BR3_retest"":{""score"":50.0},""BR4_bo_age"":{""score"":50.0},""_score"":58.74},""risk"":{""R1_stop_clarity"":{""score"":0},""R2_stop_distance_pct"":{""value"":3.6812076476282583,""score"":100.0},""R3_stop_distance_atr"":{""value"":3.0045925925925827,""score"":100.0},""R4_rr_potential"":{""value"":7.014775734266903,""score"":100.0},""_score"":65.0},""market"":{""M1_spy_regime"":{""score"":100.0},""M3_earnings_risk"":{""value"":null,""score"":80.0},""M4_vix"":{""value"":null,""score"":60.0},""_score"":84.0},""liquidity"":{""L1_price"":{""value"":82.64,""score"":100.0},""L2_dollar_vol"":{""value"":110071453.08730799,""score"":100.0},""L3_spread_proxy"":{""value"":0.01216118102613758,""score"":87.83881897386242},""L4_volume_zscore"":{""value"":0.3438781779842218,""score"":100.0},""_score"":98.78},""pattern_structure"":{""first_base_low"":53.67,""first_base_top"":74.65,""first_base_bars"":69,""second_base_low"":80.81,""second_base_top"":83.0,""second_base_bars"":20,""structural_low"":80.81,""stacking_overlap_pct"":-0.08251841929002005,""current_price"":82.64,""neckline_distance_pct"":0.0043562439496611744,""base_bars"":20},""pattern_geometry_features"":{""first_base_depth_pct"":0.2810448760884126,""second_base_depth_pct"":0.026385542168674673,""second_dry_up_ratio"":3.049438040259204,""rim_advance_pct"":0.11185532484929664,""atr_pct"":0.012251936108422082},""_schema_version"":""1.0""}",,,,,,,,,,
20260602T213437Z-756d21,2026-06-02T21:34:37.658687+00:00,GSAT,vcp,forming,55.0,79.5,58.7,62.0,56.7,40.5,58.7,65.0,84.0,98.8,11.92,14.68,7.44,6.8,5.26,4.11,3.25,5.04,4.94,True,risk_unclear,82.64,83.0,79.5683,106.34,"{""trend"":{""T1_ema_stack"":{""value"":[true,true,true],""score"":100.0},""T2_ema50_slope"":{""value"":0.36174172224466355,""score"":100},""T3_high_proximity"":{""value"":0.9787990050929763,""score"":89.39950254648815},""T4_rs_1m"":{""value"":-0.042501291461256585,""score"":7.498708538743415},""T5_rs_3m"":{""value"":0.25105979428527747,""score"":100},""T6_adr_healthy"":{""value"":1.1584164659438252,""score"":91.46041164859562},""_score"":79.48},""geometry"":{""sub_contraction_count"":100.0,""sub_reduction_rate"":25.0,""sub_pivot_tightness"":100,""sub_volume_dryup"":16.3,""sub_base_depth"":0.0,""sub_base_duration"":100.0,""_score"":58.7},""compression"":{""VC1_atr_ratio"":{""value"":0.20805271893669508,""score"":100},""VC2_range_contraction"":{""value"":0.9801281402571786,""score"":3.3119766238035586},""VC3_range_pct_rank"":{""score"":83.33333333333334},""_score"":61.99},""sr_quality"":{""SR1_touches"":{""value"":2,""score"":25.0},""SR2_tightness"":{""value"":0.07500000000000284,""score"":85.18518518518464},""SR3_recency"":{""value"":237,""score"":0.0},""SR4_price_location"":{""score"":85.51461245235087},""SR5_reaction"":{""value"":2.1037037037036974,""score"":100},""_score"":56.66,""_levels_found"":7,""_target_level"":82.925},""volume"":{""V1_rvol_day"":{""value"":1.0823361100546152,""score"":38.822407336974344},""V2_rvol_sameslot"":{""value"":1.0267772475796386,""score"":35.1184831719759,""status"":""ok""},""V3_breakout_bar"":{""value"":0.8946480441351173,""score"":26.309869609007823},""V4_base_dryup"":{""value"":0.5866578817168844,""score"":91.33421182831157},""V5_bo_expansion"":{""value"":1.0823361100546154,""score"":5.489074003641026},""_score"":40.46},""readiness"":{""_distance_atr"":0.356,""BR1_atr_distance"":{""score"":76.29629629629636},""BR2_compression"":{""score"":42.87834552653773},""BR3_retest"":{""score"":50.0},""BR4_bo_age"":{""score"":50.0},""_score"":58.74},""risk"":{""R1_stop_clarity"":{""score"":0},""R2_stop_distance_pct"":{""value"":3.716965150048411,""score"":100.0},""R3_stop_distance_atr"":{""value"":3.0337777777777823,""score"":100.0},""R4_rr_potential"":{""value"":7.715597226291614,""score"":100.0},""_score"":65.0},""market"":{""M1_spy_regime"":{""score"":100.0},""M3_earnings_risk"":{""value"":null,""score"":80.0},""M4_vix"":{""value"":null,""score"":60.0},""_score"":84.0},""liquidity"":{""L1_price"":{""value"":82.64,""score"":100.0},""L2_dollar_vol"":{""value"":110071453.08730799,""score"":100.0},""L3_spread_proxy"":{""value"":0.01216118102613758,""score"":87.83881897386242},""L4_volume_zscore"":{""value"":0.3438781779842218,""score"":100.0},""_score"":98.78},""pattern_structure"":{""n_contractions"":5,""contractions_pct"":[21.81,13.87,20.08,2.03,2.67],""descending_strict"":false,""final_low"":80.78,""final_pivot"":83.0,""structural_low"":80.78,""dry_up_ratio"":0.9183124993362435,""current_price"":82.64,""neckline_distance_pct"":0.0043562439496611744,""base_bars"":77,""recent_base_height"":23.340000000000003},""pattern_geometry_features"":{""contraction_count"":5.0,""first_contraction_pct"":0.21813154831199072,""last_contraction_pct"":0.026746987951807216,""dry_up_ratio"":0.9183124993362435,""near_monotone"":0.0,""base_depth_pct"":-0.17549476135040748},""_schema_version"":""1.0""}",,,,,,,,,,
20260602T213437Z-756d21,2026-06-02T21:34:37.658687+00:00,SNPS,double_bottom,forming,55.0,82.0,52.2,20.3,54.7,56.0,31.0,61.6,84.0,94.4,12.31,13.06,1.63,7.65,7.28,2.48,3.7,5.04,4.72,True,risk_unclear,508.35,539.48,463.6789,608.22,"{""trend"":{""T1_ema_stack"":{""value"":[true,true,true],""score"":100.0},""T2_ema50_slope"":{""value"":0.32234534678705684,""score"":100},""T3_high_proximity"":{""value"":0.9509690212511226,""score"":75.48451062556127},""T4_rs_1m"":{""value"":-0.014478763754029789,""score"":35.521236245970215},""T5_rs_3m"":{""value"":0.08156161410522555,""score"":90.78080705261277},""T6_adr_healthy"":{""value"":3.421448340722176,""score"":100.0},""_score"":82.04},""geometry"":{""sub_low_similarity"":17.4,""sub_bounce_quality"":100,""sub_separation_fit"":0.0,""sub_right_bottom_reaction"":46.9,""sub_base_context"":100.0,""_score"":52.25},""compression"":{""VC1_atr_ratio"":{""value"":0.8468486500652842,""score"":38.28783748367895},""VC2_range_contraction"":{""value"":1.5693684090037083,""score"":0},""VC3_range_pct_rank"":{""score"":19.999999999999996},""_score"":20.32},""sr_quality"":{""SR1_touches"":{""value"":3,""score"":50.0},""SR2_tightness"":{""value"":3.980404781202833,""score"":60.01460413723554},""SR3_recency"":{""value"":238,""score"":0.0},""SR4_price_location"":{""score"":62.643528861640775},""SR5_reaction"":{""value"":2.8952978765718744,""score"":100},""_score"":54.66,""_levels_found"":7,""_target_level"":520.3333},""volume"":{""V1_rvol_day"":{""value"":1.1838108823176041,""score"":45.58739215450694},""V2_rvol_sameslot"":{""value"":1.8966819937290949,""score"":93.112132915273,""status"":""ok""},""V3_breakout_bar"":{""value"":1.2046188451255648,""score"":46.974589675037656},""V4_base_dryup"":{""value"":0.7646987092334049,""score"":73.5301290766595},""V5_bo_expansion"":{""value"":1.1838108823176043,""score"":12.254058821173624},""_score"":56.03},""readiness"":{""_distance_atr"":1.564,""BR1_atr_distance"":{""score"":0},""BR2_compression"":{""score"":53.99516098831677},""BR3_retest"":{""score"":50.0},""BR4_bo_age"":{""score"":50.0},""_score"":31.0},""risk"":{""R1_stop_clarity"":{""score"":29.067294849031327},""R2_stop_distance_pct"":{""value"":8.787469263302846,""score"":80.31326841742884},""R3_stop_distance_atr"":{""value"":2.24373112197068,""score"":100.0},""R4_rr_potential"":{""value"":2.2356736234388666,""score"":61.78368117194333},""_score"":61.62},""market"":{""M1_spy_regime"":{""score"":100.0},""M3_earnings_risk"":{""value"":null,""score"":80.0},""M4_vix"":{""value"":null,""score"":60.0},""_score"":84.0},""liquidity"":{""L1_price"":{""value"":508.35,""score"":95.82499999999999},""L2_dollar_vol"":{""value"":1191862962.7372265,""score"":100.0},""L3_spread_proxy"":{""value"":0.045421461591423296,""score"":54.578538408576705},""L4_volume_zscore"":{""value"":0.427475068766354,""score"":100.0},""_score"":94.41},""pattern_structure"":{""left_low"":490.58,""left_idx"":22,""right_low"":470.74,""right_idx"":68,""separation_bars"":46,""structural_low"":470.74,""current_price"":505.06,""neckline_distance_pct"":0.06815031877400708,""base_bars"":46},""pattern_geometry_features"":{""low_similarity_pct"":0.041276578038530305,""bounce_pct"":0.146025406806305,""right_bottom_reaction"":0.4687915006640107,""atr_pct"":0.0391645379308407},""_schema_version"":""1.0""}",,,,,,,,,,
20260602T213437Z-756d21,2026-06-02T21:34:37.658687+00:00,SNPS,vcp,absent,55.0,82.0,37.5,20.3,54.7,54.5,55.8,73.5,84.0,94.4,12.31,9.37,2.44,6.56,7.08,3.9,3.68,5.04,4.72,True,risk_unclear,508.35,519.71,466.6634,651.35,"{""trend"":{""T1_ema_stack"":{""value"":[true,true,true],""score"":100.0},""T2_ema50_slope"":{""value"":0.32234534678705684,""score"":100},""T3_high_proximity"":{""value"":0.9509690212511226,""score"":75.48451062556127},""T4_rs_1m"":{""value"":-0.014478763754029789,""score"":35.521236245970215},""T5_rs_3m"":{""value"":0.08156161410522555,""score"":90.78080705261277},""T6_adr_healthy"":{""value"":3.421448340722176,""score"":100.0},""_score"":82.04},""geometry"":{""sub_contraction_count"":100.0,""sub_reduction_rate"":0,""sub_pivot_tightness"":16.6,""sub_volume_dryup"":0,""sub_base_depth"":0.0,""sub_base_duration"":100.0,""_score"":37.49},""compression"":{""VC1_atr_ratio"":{""value"":0.8468486500652842,""score"":38.28783748367895},""VC2_range_contraction"":{""value"":1.5693684090037083,""score"":0},""VC3_range_pct_rank"":{""score"":19.999999999999996},""_score"":20.32},""sr_quality"":{""SR1_touches"":{""value"":3,""score"":50.0},""SR2_tightness"":{""value"":3.980404781202833,""score"":60.01460413723554},""SR3_recency"":{""value"":238,""score"":0.0},""SR4_price_location"":{""score"":62.643528861640775},""SR5_reaction"":{""value"":2.8952978765718744,""score"":100},""_score"":54.66,""_levels_found"":7,""_target_level"":520.3333},""volume"":{""V1_rvol_day"":{""value"":1.1838108823176041,""score"":45.58739215450694},""V2_rvol_sameslot"":{""value"":1.8966819937290949,""score"":93.112132915273,""status"":""ok""},""V3_breakout_bar"":{""value"":1.2046188451255648,""score"":46.974589675037656},""V4_base_dryup"":{""value"":0.8436100432418586,""score"":65.63899567581413},""V5_bo_expansion"":{""value"":1.1838108823176043,""score"":12.254058821173624},""_score"":54.45},""readiness"":{""_distance_atr"":0.571,""BR1_atr_distance"":{""score"":61.96081203046721},""BR2_compression"":{""score"":53.99516098831677},""BR3_retest"":{""score"":50.0},""BR4_bo_age"":{""score"":50.0},""_score"":55.78},""risk"":{""R1_stop_clarity"":{""score"":28.610724137794733},""R2_stop_distance_pct"":{""value"":8.200363922494358,""score"":94.99090193764106},""R3_stop_distance_atr"":{""value"":2.093823738448056,""score"":100.0},""R4_rr_potential"":{""value"":3.4303630307617174,""score"":100.0},""_score"":73.51},""market"":{""M1_spy_regime"":{""score"":100.0},""M3_earnings_risk"":{""value"":null,""score"":80.0},""M4_vix"":{""value"":null,""score"":60.0},""_score"":84.0},""liquidity"":{""L1_price"":{""value"":508.35,""score"":95.82499999999999},""L2_dollar_vol"":{""value"":1191862962.7372265,""score"":100.0},""L3_spread_proxy"":{""value"":0.045421461591423296,""score"":54.578538408576705},""L4_volume_zscore"":{""value"":0.427475068766354,""score"":100.0},""_score"":94.41},""pattern_structure"":{""n_contractions"":5,""contractions_pct"":[8.4,14.09,3.82,6.1,8.84],""descending_strict"":false,""final_low"":473.77,""final_pivot"":519.71,""structural_low"":473.77,""dry_up_ratio"":1.495944846701138,""current_price"":508.35,""neckline_distance_pct"":0.022346808301367194,""base_bars"":53,""recent_base_height"":131.64000000000004},""pattern_geometry_features"":{""contraction_count"":5.0,""first_contraction_pct"":0.08402760715641823,""last_contraction_pct"":0.08839545130938418,""dry_up_ratio"":1.495944846701138,""near_monotone"":0.0,""base_depth_pct"":-0.05820732170378147},""_schema_version"":""1.0""}",,,,,,,,,,
20260602T213437Z-756d21,2026-06-02T21:34:37.658687+00:00,SNPS,cup_with_handle,forming,55.0,82.0,64.9,20.3,54.7,47.8,55.8,67.3,84.0,94.4,11.49,19.46,1.63,6.56,6.22,4.46,3.37,4.2,4.72,True,risk_unclear,508.35,519.71,462.3295,675.41,"{""trend"":{""T1_ema_stack"":{""value"":[true,true,true],""score"":100.0},""T2_ema50_slope"":{""value"":0.32234534678705684,""score"":100},""T3_high_proximity"":{""value"":0.9509690212511226,""score"":75.48451062556127},""T4_rs_1m"":{""value"":-0.014478763754029789,""score"":35.521236245970215},""T5_rs_3m"":{""value"":0.08156161410522555,""score"":90.78080705261277},""T6_adr_healthy"":{""value"":3.421448340722176,""score"":100.0},""_score"":82.04},""geometry"":{""sub_cup_depth"":89.1,""sub_cup_duration"":92.0,""sub_rim_symmetry"":42.1,""sub_handle_shallowness"":19.3,""sub_handle_proportion"":100.0,""sub_u_shape"":73.2,""_score"":64.88},""compression"":{""VC1_atr_ratio"":{""value"":0.8468486500652842,""score"":38.28783748367895},""VC2_range_contraction"":{""value"":1.5693684090037083,""score"":0},""VC3_range_pct_rank"":{""score"":19.999999999999996},""_score"":20.32},""sr_quality"":{""SR1_touches"":{""value"":3,""score"":50.0},""SR2_tightness"":{""value"":3.980404781202833,""score"":60.01460413723554},""SR3_recency"":{""value"":238,""score"":0.0},""SR4_price_location"":{""score"":62.643528861640775},""SR5_reaction"":{""value"":2.8952978765718744,""score"":100},""_score"":54.66,""_levels_found"":7,""_target_level"":520.3333},""volume"":{""V1_rvol_day"":{""value"":1.1838108823176041,""score"":45.58739215450694},""V2_rvol_sameslot"":{""value"":1.8966819937290949,""score"":93.112132915273,""status"":""ok""},""V3_breakout_bar"":{""value"":1.2046188451255648,""score"":46.974589675037656},""V4_base_dryup"":{""value"":1.1745670430373674,""score"":32.54329569626326},""V5_bo_expansion"":{""value"":1.1838108823176043,""score"":12.254058821173624},""_score"":47.83},""readiness"":{""_distance_atr"":0.571,""BR1_atr_distance"":{""score"":61.96081203046721},""BR2_compression"":{""score"":53.99516098831677},""BR3_retest"":{""score"":50.0},""BR4_bo_age"":{""score"":50.0},""_score"":55.78},""risk"":{""R1_stop_clarity"":{""score"":29.27373111120768},""R2_stop_distance_pct"":{""value"":9.052926133569393,""score"":73.67684666076516},""R3_stop_distance_atr"":{""value"":2.311511028051867,""score"":100.0},""R4_rr_potential"":{""value"":3.6301174149374575,""score"":100.0},""_score"":67.35},""market"":{""M1_spy_regime"":{""score"":100.0},""M3_earnings_risk"":{""value"":null,""score"":80.0},""M4_vix"":{""value"":null,""score"":60.0},""_score"":84.0},""liquidity"":{""L1_price"":{""value"":508.35,""score"":95.82499999999999},""L2_dollar_vol"":{""value"":1191862962.7372265,""score"":100.0},""L3_spread_proxy"":{""value"":0.045421461591423296,""score"":54.578538408576705},""L4_volume_zscore"":{""value"":0.427475068766354,""score"":100.0},""_score"":94.41},""pattern_structure"":{""left_rim"":535.2,""left_rim_idx"":82,""cup_bottom"":379.5,""cup_bottom_idx"":134,""right_rim"":519.71,""right_rim_idx"":164,""handle_low"":469.37,""handle_bars"":15,""cup_bars"":82,""structural_low"":469.37,""current_price"":508.35,""neckline_distance_pct"":0.022346808301367194,""base_bars"":97},""pattern_geometry_features"":{""cup_depth_pct"":0.2909192825112108,""rim_symmetry_pct"":0.02894245142002991,""handle_depth_pct"":0.09686171133901604,""handle_to_cup_ratio"":0.18292682926829268,""cup_duration_bars"":82.0,""atr_pct"":0.0391645379308407,""u_shape_score"":0.36585365853658536},""_schema_version"":""1.0""}",,,,,,,,,,
20260602T213437Z-756d21,2026-06-02T21:34:37.658687+00:00,TSLA,double_bottom,forming,55.0,81.1,73.3,74.4,48.6,17.0,30.3,67.3,84.0,97.5,12.17,18.32,5.95,6.81,2.21,2.42,4.04,5.04,4.87,True,risk_unclear,423.74,445.6,407.4452,477.55,"{""trend"":{""T1_ema_stack"":{""value"":[true,true,true],""score"":100.0},""T2_ema50_slope"":{""value"":0.2691174690185125,""score"":94.85291150308542},""T3_high_proximity"":{""value"":0.9516473151121791,""score"":75.82365755608956},""T4_rs_1m"":{""value"":0.03022635139392227,""score"":80.22635139392227},""T5_rs_3m"":{""value"":-0.03668795836082106,""score"":31.65602081958947},""T6_adr_healthy"":{""value"":3.4424648846009993,""score"":100.0},""_score"":81.14},""geometry"":{""sub_low_similarity"":43.8,""sub_bounce_quality"":67.5,""sub_separation_fit"":93.3,""sub_right_bottom_reaction"":84.2,""sub_base_context"":100.0,""_score"":73.27},""compression"":{""VC1_atr_ratio"":{""value"":0.5153337791217217,""score"":100},""VC2_range_contraction"":{""value"":0.7107072157375531,""score"":48.21546404374114},""VC3_range_pct_rank"":{""score"":70.0},""_score"":74.38},""sr_quality"":{""SR1_touches"":{""value"":4,""score"":75.0},""SR2_tightness"":{""value"":3.4317151324082733,""score"":52.80317122283431},""SR3_recency"":{""value"":227,""score"":0.0},""SR4_price_location"":{""score"":12.920158075423203},""SR5_reaction"":{""value"":3.0816182851155087,""score"":100},""_score"":48.65,""_levels_found"":6,""_target_level"":451.4325},""volume"":{""V1_rvol_day"":{""value"":0.7338909098910767,""score"":15.592727326071785},""V2_rvol_sameslot"":{""value"":0.5258376340847188,""score"":1.722508938981256,""status"":""ok""},""V3_breakout_bar"":{""value"":0.5009365269816213,""score"":0.062435132108085156},""V4_base_dryup"":{""value"":0.8226476838559559,""score"":67.73523161440441},""V5_bo_expansion"":{""value"":0.7338909098910769,""score"":0},""_score"":17.03},""readiness"":{""_distance_atr"":1.503,""BR1_atr_distance"":{""score"":0},""BR2_compression"":{""score"":51.10450619571982},""BR3_retest"":{""score"":50.0},""BR4_bo_age"":{""score"":50.0},""_score"":30.28},""risk"":{""R1_stop_clarity"":{""score"":14.665258607986814},""R2_stop_distance_pct"":{""value"":3.845459479869737,""score"":100.0},""R3_stop_distance_atr"":{""value"":1.1205191807063226,""score"":81.02595903531613},""R4_rr_potential"":{""value"":3.3022906150754068,""score"":100.0},""_score"":67.29},""market"":{""M1_spy_regime"":{""score"":100.0},""M3_earnings_risk"":{""value"":null,""score"":80.0},""M4_vix"":{""value"":null,""score"":60.0},""_score"":84.0},""liquidity"":{""L1_price"":{""value"":423.74,""score"":100.0},""L2_dollar_vol"":{""value"":15853001677.504145,""score"":100.0},""L3_spread_proxy"":{""value"":0.025416529003634395,""score"":74.5834709963656},""L4_volume_zscore"":{""value"":-1.2122281730295466,""score"":100.0},""_score"":97.46},""pattern_structure"":{""left_low"":425.44,""left_idx"":43,""right_low"":413.65,""right_idx"":74,""separation_bars"":31,""structural_low"":413.65,""current_price"":420.4,""neckline_distance_pct"":0.05994291151284502,""base_bars"":31},""pattern_geometry_features"":{""low_similarity_pct"":0.028101872266383873,""bounce_pct"":0.0772392118941135,""right_bottom_reaction"":0.8416320885200582,""atr_pct"":0.03431855113310724},""_schema_version"":""1.0""}",,,,,,,,,,
20260602T213437Z-756d21,2026-06-02T21:34:37.658687+00:00,WULF,ascending_triangle,forming,55.0,99.3,55.0,65.0,36.0,21.4,54.6,40.1,84.0,94.6,14.89,15.4,5.2,5.04,2.57,4.37,1.61,5.04,4.73,True,stop_too_wide,26.49,27.465,21.5518,33.05,"{""trend"":{""T1_ema_stack"":{""value"":[true,true,true],""score"":100.0},""T2_ema50_slope"":{""value"":0.5777500509519239,""score"":100},""T3_high_proximity"":{""value"":0.9906507105459985,""score"":95.32535527299923},""T4_rs_1m"":{""value"":0.18907156754667387,""score"":100},""T5_rs_3m"":{""value"":0.6806777224262284,""score"":100},""T6_adr_healthy"":{""value"":6.808690142744924,""score"":100.0},""_score"":99.3},""geometry"":{""sub_flat_top_quality"":33.3,""sub_hl_slope"":100,""sub_compression"":0,""sub_duration"":100.0,""_score"":54.99},""compression"":{""VC1_atr_ratio"":{""value"":0.5288966926875609,""score"":100},""VC2_range_contraction"":{""value"":0.9313075645824123,""score"":11.448739236264624},""VC3_range_pct_rank"":{""score"":84.16666666666667},""_score"":65.05},""sr_quality"":{""SR1_touches"":{""value"":2,""score"":25.0},""SR2_tightness"":{""value"":0.32750000000000057,""score"":62.54742835204594},""SR3_recency"":{""value"":237,""score"":0.0},""SR4_price_location"":{""score"":30.0},""SR5_reaction"":{""value"":1.5524233896823665,""score"":77.62116948411833},""_score"":36.03,""_levels_found"":8,""_target_level"":21.3075},""volume"":{""V1_rvol_day"":{""value"":0.8642338060522085,""score"":24.282253736813896},""V2_rvol_sameslot"":{""value"":0.678458019735861,""score"":11.897201315724065,""status"":""ok""},""V3_breakout_bar"":{""value"":0.6582715337260707,""score"":10.55143558173805},""V4_base_dryup"":{""value"":0.9214825166346883,""score"":57.85174833653117},""V5_bo_expansion"":{""value"":0.8642338060522087,""score"":0},""_score"":21.44},""readiness"":{""_distance_atr"":0.558,""BR1_atr_distance"":{""score"":62.83332584554179},""BR2_compression"":{""score"":47.888317149725786},""BR3_retest"":{""score"":50.0},""BR4_bo_age"":{""score"":50.0},""_score"":54.61},""risk"":{""R1_stop_clarity"":{""score"":62.4673770538673},""R2_stop_distance_pct"":{""value"":18.641751604379007,""score"":0.0},""R3_stop_distance_atr"":{""value"":2.823638004762234,""score"":100.0},""R4_rr_potential"":{""value"":1.3284192620793003,""score"":16.420963103965015},""_score"":40.15},""market"":{""M1_spy_regime"":{""score"":100.0},""M3_earnings_risk"":{""value"":null,""score"":80.0},""M4_vix"":{""value"":null,""score"":60.0},""_score"":84.0},""liquidity"":{""L1_price"":{""value"":26.49,""score"":100.0},""L2_dollar_vol"":{""value"":651477198.6214747,""score"":100.0},""L3_spread_proxy"":{""value"":0.053793884484711244,""score"":46.20611551528876},""L4_volume_zscore"":{""value"":-0.4867109454276865,""score"":100.0},""_score"":94.62},""pattern_structure"":{""top"":27.465,""top_touches"":2,""low_slope_per_bar"":0.0967533659730723,""lowest_low"":21.88,""structural_low"":21.88,""current_price"":26.14,""neckline_distance_pct"":0.05068859984697778,""base_bars"":47},""pattern_geometry_features"":{""top_touches"":2.0,""low_slope"":0.0967533659730723,""compression"":-0.10374673984228733,""atr_pct"":0.06602033112225639},""_schema_version"":""1.0""}",,,,,,,,,,
20260602T213437Z-756d21,2026-06-02T21:34:37.658687+00:00,TSLA,cup_with_handle,forming,55.0,81.1,51.6,74.4,48.6,17.9,30.3,67.3,84.0,97.5,11.36,15.49,5.95,5.84,2.33,2.42,3.36,4.2,4.87,True,risk_unclear,423.74,445.6,407.4452,567.23,"{""trend"":{""T1_ema_stack"":{""value"":[true,true,true],""score"":100.0},""T2_ema50_slope"":{""value"":0.2691174690185125,""score"":94.85291150308542},""T3_high_proximity"":{""value"":0.9516473151121791,""score"":75.82365755608956},""T4_rs_1m"":{""value"":0.03022635139392227,""score"":80.22635139392227},""T5_rs_3m"":{""value"":-0.03668795836082106,""score"":31.65602081958947},""T6_adr_healthy"":{""value"":3.4424648846009993,""score"":100.0},""_score"":81.14},""geometry"":{""sub_cup_depth"":100.0,""sub_cup_duration"":0.0,""sub_rim_symmetry"":42.2,""sub_handle_shallowness"":40.2,""sub_handle_proportion"":61.8,""sub_u_shape"":59.8,""_score"":51.63},""compression"":{""VC1_atr_ratio"":{""value"":0.5153337791217217,""score"":100},""VC2_range_contraction"":{""value"":0.7107072157375531,""score"":48.21546404374114},""VC3_range_pct_rank"":{""score"":70.0},""_score"":74.38},""sr_quality"":{""SR1_touches"":{""value"":4,""score"":75.0},""SR2_tightness"":{""value"":3.4317151324082733,""score"":52.80317122283431},""SR3_recency"":{""value"":227,""score"":0.0},""SR4_price_location"":{""score"":12.920158075423203},""SR5_reaction"":{""value"":3.0816182851155087,""score"":100},""_score"":48.65,""_levels_found"":6,""_target_level"":451.4325},""volume"":{""V1_rvol_day"":{""value"":0.7338909098910767,""score"":15.592727326071785},""V2_rvol_sameslot"":{""value"":0.5258376340847188,""score"":1.722508938981256,""status"":""ok""},""V3_breakout_bar"":{""value"":0.5009365269816213,""score"":0.062435132108085156},""V4_base_dryup"":{""value"":0.7778795785092356,""score"":72.21204214907644},""V5_bo_expansion"":{""value"":0.7338909098910769,""score"":0},""_score"":17.92},""readiness"":{""_distance_atr"":1.503,""BR1_atr_distance"":{""score"":0},""BR2_compression"":{""score"":51.10450619571982},""BR3_retest"":{""score"":50.0},""BR4_bo_age"":{""score"":50.0},""_score"":30.28},""risk"":{""R1_stop_clarity"":{""score"":14.665258607986814},""R2_stop_distance_pct"":{""value"":3.845459479869737,""score"":100.0},""R3_stop_distance_atr"":{""value"":1.1205191807063226,""score"":81.02595903531613},""R4_rr_potential"":{""value"":8.805903742002782,""score"":100.0},""_score"":67.29},""market"":{""M1_spy_regime"":{""score"":100.0},""M3_earnings_risk"":{""value"":null,""score"":80.0},""M4_vix"":{""value"":null,""score"":60.0},""_score"":84.0},""liquidity"":{""L1_price"":{""value"":423.74,""score"":100.0},""L2_dollar_vol"":{""value"":15853001677.504145,""score"":100.0},""L3_spread_proxy"":{""value"":0.025416529003634395,""score"":74.5834709963656},""L4_volume_zscore"":{""value"":-1.2122281730295466,""score"":100.0},""_score"":97.46},""pattern_structure"":{""left_rim"":458.87,""left_rim_idx"":58,""cup_bottom"":337.24,""cup_bottom_idx"":140,""right_rim"":445.6,""right_rim_idx"":175,""handle_low"":413.65,""handle_bars"":4,""cup_bars"":117,""structural_low"":413.65,""current_price"":423.74,""neckline_distance_pct"":0.05158823807051497,""base_bars"":121},""pattern_geometry_features"":{""cup_depth_pct"":0.2650641793972149,""rim_symmetry_pct"":0.028918865909734744,""handle_depth_pct"":0.07170107719928197,""handle_to_cup_ratio"":0.03418803418803419,""cup_duration_bars"":117.0,""atr_pct"":0.03431855113310724,""u_shape_score"":0.29914529914529914},""_schema_version"":""1.0""}",,,,,,,,,,
20260602T213437Z-756d21,2026-06-02T21:34:37.658687+00:00,SIRI,double_bottom,forming,55.0,87.8,70.7,51.6,43.6,22.7,33.1,59.9,84.0,97.0,13.17,17.66,4.13,6.11,2.96,2.65,3.6,5.04,4.85,True,risk_unclear,28.77,30.11,28.1513,31.64,"{""trend"":{""T1_ema_stack"":{""value"":[true,true,true],""score"":100.0},""T2_ema50_slope"":{""value"":0.3344363440883417,""score"":100},""T3_high_proximity"":{""value"":0.9631737529293605,""score"":81.58687646468022},""T4_rs_1m"":{""value"":0.002936624535782917,""score"":52.93662453578292},""T5_rs_3m"":{""value"":0.17888956118992305,""score"":100},""T6_adr_healthy"":{""value"":2.9369667263140435,""score"":100.0},""_score"":87.83},""geometry"":{""sub_low_similarity"":95.1,""sub_bounce_quality"":33.6,""sub_separation_fit"":93.3,""sub_right_bottom_reaction"":9.4,""sub_base_context"":100.0,""_score"":70.66},""compression"":{""VC1_atr_ratio"":{""value"":0.6637012701323796,""score"":84.0746824669051},""VC2_range_contraction"":{""value"":0.8455719292873987,""score"":25.738011785433557},""VC3_range_pct_rank"":{""score"":35.83333333333333},""_score"":51.6},""sr_quality"":{""SR1_touches"":{""value"":2,""score"":25.0},""SR2_tightness"":{""value"":0.03999999999999915,""score"":90.90709814650957},""SR3_recency"":{""value"":238,""score"":0.0},""SR4_price_location"":{""score"":30.0},""SR5_reaction"":{""value"":2.054427512523037,""score"":100},""_score"":43.64,""_levels_found"":6,""_target_level"":27.52},""volume"":{""V1_rvol_day"":{""value"":0.9438200529405527,""score"":29.588003529370184},""V2_rvol_sameslot"":{""value"":0.9966060878925762,""score"":33.10707252617175,""status"":""ok""},""V3_breakout_bar"":{""value"":1.1118323330721132,""score"":40.788822204807545},""V4_base_dryup"":{""value"":1.5076189869770573,""score"":0},""V5_bo_expansion"":{""value"":0.9438200529405527,""score"":0},""_score"":22.74},""readiness"":{""_distance_atr"":1.523,""BR1_atr_distance"":{""score"":0},""BR2_compression"":{""score"":62.39116394152765},""BR3_retest"":{""score"":50.0},""BR4_bo_age"":{""score"":50.0},""_score"":33.1},""risk"":{""R1_stop_clarity"":{""score"":2.5468243852144212},""R2_stop_distance_pct"":{""value"":2.150503997219327,""score"":100.0},""R3_stop_distance_atr"":{""value"":0.7032222970943317,""score"":60.16111485471658},""R4_rr_potential"":{""value"":4.638758687570711,""score"":100.0},""_score"":59.92},""market"":{""M1_spy_regime"":{""score"":100.0},""M3_earnings_risk"":{""value"":null,""score"":80.0},""M4_vix"":{""value"":null,""score"":60.0},""_score"":84.0},""liquidity"":{""L1_price"":{""value"":28.77,""score"":100.0},""L2_dollar_vol"":{""value"":115691831.85173732,""score"":100.0},""L3_spread_proxy"":{""value"":0.029520333680917606,""score"":70.4796663190824},""L4_volume_zscore"":{""value"":-0.15772069480807735,""score"":100.0},""_score"":97.05},""pattern_structure"":{""left_low"":28.65,""left_idx"":43,""right_low"":28.58,""right_idx"":74,""separation_bars"":31,""structural_low"":28.58,""current_price"":28.635,""neckline_distance_pct"":0.05151038938362137,""base_bars"":31},""pattern_geometry_features"":{""low_similarity_pct"":0.0024462694391053745,""bounce_pct"":0.05353393981805463,""right_bottom_reaction"":0.0938321030902072,""atr_pct"":0.030580714037439775},""_schema_version"":""1.0""}",,,,,,,,,,
20260602T213437Z-756d21,2026-06-02T21:34:37.658687+00:00,SIRI,high_tight_pullback,forming,55.0,87.8,62.8,51.6,43.6,30.2,34.9,60.4,84.0,97.0,10.54,21.99,5.16,3.49,4.22,3.14,0.6,5.04,4.85,True,risk_unclear,28.77,30.03,28.1021,34.135,"{""trend"":{""T1_ema_stack"":{""value"":[true,true,true],""score"":100.0},""T2_ema50_slope"":{""value"":0.3344363440883417,""score"":100},""T3_high_proximity"":{""value"":0.9631737529293605,""score"":81.58687646468022},""T4_rs_1m"":{""value"":0.002936624535782917,""score"":52.93662453578292},""T5_rs_3m"":{""value"":0.17888956118992305,""score"":100},""T6_adr_healthy"":{""value"":2.9369667263140435,""score"":100.0},""_score"":87.83},""geometry"":{""sub_pole_impulse"":100.0,""sub_flag_tightness"":47.4,""sub_flag_shallowness"":36.9,""sub_flag_drift"":90.7,""sub_flag_duration"":0.0,""_score"":62.84},""compression"":{""VC1_atr_ratio"":{""value"":0.6637012701323796,""score"":84.0746824669051},""VC2_range_contraction"":{""value"":0.8455719292873987,""score"":25.738011785433557},""VC3_range_pct_rank"":{""score"":35.83333333333333},""_score"":51.6},""sr_quality"":{""SR1_touches"":{""value"":2,""score"":25.0},""SR2_tightness"":{""value"":0.03999999999999915,""score"":90.90709814650957},""SR3_recency"":{""value"":238,""score"":0.0},""SR4_price_location"":{""score"":30.0},""SR5_reaction"":{""value"":2.054427512523037,""score"":100},""_score"":43.64,""_levels_found"":6,""_target_level"":27.52},""volume"":{""V1_rvol_day"":{""value"":0.9438200529405527,""score"":29.588003529370184},""V2_rvol_sameslot"":{""value"":0.9966060878925762,""score"":33.10707252617175,""status"":""ok""},""V3_breakout_bar"":{""value"":1.1118323330721132,""score"":40.788822204807545},""V4_base_dryup"":{""value"":1.128426080116224,""score"":37.1573919883776},""V5_bo_expansion"":{""value"":0.9438200529405527,""score"":0},""_score"":30.17},""readiness"":{""_distance_atr"":1.432,""BR1_atr_distance"":{""score"":4.52453053834833},""BR2_compression"":{""score"":62.39116394152765},""BR3_retest"":{""score"":50.0},""BR4_bo_age"":{""score"":50.0},""_score"":34.91},""risk"":{""R1_stop_clarity"":{""score"":2.7173162949673753},""R2_stop_distance_pct"":{""value"":2.321689259645456,""score"":100.0},""R3_stop_distance_atr"":{""value"":0.7592004741298801,""score"":62.960023706494006},""R4_rr_potential"":{""value"":8.03203832622206,""score"":100.0},""_score"":60.4},""market"":{""M1_spy_regime"":{""score"":100.0},""M3_earnings_risk"":{""value"":null,""score"":80.0},""M4_vix"":{""value"":null,""score"":60.0},""_score"":84.0},""liquidity"":{""L1_price"":{""value"":28.77,""score"":100.0},""L2_dollar_vol"":{""value"":115691831.85173732,""score"":100.0},""L3_spread_proxy"":{""value"":0.029520333680917606,""score"":70.4796663190824},""L4_volume_zscore"":{""value"":-0.15772069480807735,""score"":100.0},""_score"":97.05},""pattern_structure"":{""pole_low"":25.925,""pole_low_idx"":6,""peak_price"":30.03,""peak_idx"":31,""pole_gain"":0.1583413693346191,""flag_bars"":28,""flag_low"":28.53,""flag_high"":30.03,""structural_low"":28.53,""current_price"":28.635,""neckline_distance_pct"":0.04871660555264535,""base_bars"":28},""pattern_geometry_features"":{""pole_gain"":0.1583413693346191,""pullback_pct"":0.049950049950049945,""flag_range_pct"":0.049950049950049945,""flag_drift_per_bar"":-0.0018556040396324805,""atr_pct"":0.030580714037439775,""pole_atr_multiple"":5.177817926055054},""_schema_version"":""1.0""}",,,,,,,,,,
20260602T213437Z-756d21,2026-06-02T21:34:37.658687+00:00,TSLA,ascending_triangle,forming,55.0,81.1,55.8,74.4,48.6,13.6,30.3,67.3,84.0,97.5,12.17,15.63,5.95,6.81,1.64,2.42,2.69,5.04,4.87,True,risk_unclear,423.74,445.6,407.4452,477.55,"{""trend"":{""T1_ema_stack"":{""value"":[true,true,true],""score"":100.0},""T2_ema50_slope"":{""value"":0.2691174690185125,""score"":94.85291150308542},""T3_high_proximity"":{""value"":0.9516473151121791,""score"":75.82365755608956},""T4_rs_1m"":{""value"":0.03022635139392227,""score"":80.22635139392227},""T5_rs_3m"":{""value"":-0.03668795836082106,""score"":31.65602081958947},""T6_adr_healthy"":{""value"":3.4424648846009993,""score"":100.0},""_score"":81.14},""geometry"":{""sub_flat_top_quality"":66.7,""sub_hl_slope"":37.9,""sub_compression"":37.7,""sub_duration"":100.0,""_score"":55.81},""compression"":{""VC1_atr_ratio"":{""value"":0.5153337791217217,""score"":100},""VC2_range_contraction"":{""value"":0.7107072157375531,""score"":48.21546404374114},""VC3_range_pct_rank"":{""score"":70.0},""_score"":74.38},""sr_quality"":{""SR1_touches"":{""value"":4,""score"":75.0},""SR2_tightness"":{""value"":3.4317151324082733,""score"":52.80317122283431},""SR3_recency"":{""value"":227,""score"":0.0},""SR4_price_location"":{""score"":12.920158075423203},""SR5_reaction"":{""value"":3.0816182851155087,""score"":100},""_score"":48.65,""_levels_found"":6,""_target_level"":451.4325},""volume"":{""V1_rvol_day"":{""value"":0.7338909098910767,""score"":15.592727326071785},""V2_rvol_sameslot"":{""value"":0.5258376340847188,""score"":1.722508938981256,""status"":""ok""},""V3_breakout_bar"":{""value"":0.5009365269816213,""score"":0.062435132108085156},""V4_base_dryup"":{""value"":0.9922122820356288,""score"":50.77877179643712},""V5_bo_expansion"":{""value"":0.7338909098910769,""score"":0},""_score"":13.63},""readiness"":{""_distance_atr"":1.503,""BR1_atr_distance"":{""score"":0},""BR2_compression"":{""score"":51.10450619571982},""BR3_retest"":{""score"":50.0},""BR4_bo_age"":{""score"":50.0},""_score"":30.28},""risk"":{""R1_stop_clarity"":{""score"":14.665258607986814},""R2_stop_distance_pct"":{""value"":3.845459479869737,""score"":100.0},""R3_stop_distance_atr"":{""value"":1.1205191807063226,""score"":81.02595903531613},""R4_rr_potential"":{""value"":3.3022906150754068,""score"":100.0},""_score"":67.29},""market"":{""M1_spy_regime"":{""score"":100.0},""M3_earnings_risk"":{""value"":null,""score"":80.0},""M4_vix"":{""value"":null,""score"":60.0},""_score"":84.0},""liquidity"":{""L1_price"":{""value"":423.74,""score"":100.0},""L2_dollar_vol"":{""value"":15853001677.504145,""score"":100.0},""L3_spread_proxy"":{""value"":0.025416529003634395,""score"":74.5834709963656},""L4_volume_zscore"":{""value"":-1.2122281730295466,""score"":100.0},""_score"":97.46},""pattern_structure"":{""top"":445.6,""top_touches"":3,""low_slope_per_bar"":0.4706513363833352,""lowest_low"":413.65,""structural_low"":413.65,""current_price"":420.4,""neckline_distance_pct"":0.05994291151284502,""base_bars"":53},""pattern_geometry_features"":{""top_touches"":3.0,""low_slope"":0.4706513363833352,""compression"":0.18868142205498561,""atr_pct"":0.03431855113310724},""_schema_version"":""1.0""}",,,,,,,,,,
20260602T213437Z-756d21,2026-06-02T21:34:37.658687+00:00,ASTS,double_bottom,forming,55.0,88.8,93.3,13.3,46.2,4.6,45.3,56.7,84.0,91.6,13.32,23.32,1.07,6.47,0.6,3.63,3.4,5.04,4.58,True,stop_too_wide,118.17,133.12,99.6918,165.03,"{""trend"":{""T1_ema_stack"":{""value"":[true,true,true],""score"":100.0},""T2_ema50_slope"":{""value"":0.3144822414346732,""score"":100},""T3_high_proximity"":{""value"":0.887895409121647,""score"":43.947704560823475},""T4_rs_1m"":{""value"":0.6129419944888588,""score"":100},""T5_rs_3m"":{""value"":0.1585594812860276,""score"":100},""T6_adr_healthy"":{""value"":10.206717218299815,""score"":44.83206954250463},""_score"":88.83},""geometry"":{""sub_low_similarity"":77.8,""sub_bounce_quality"":100,""sub_separation_fit"":100.0,""sub_right_bottom_reaction"":99.7,""sub_base_context"":100.0,""_score"":93.3},""compression"":{""VC1_atr_ratio"":{""value"":1.0563188158445984,""score"":0},""VC2_range_contraction"":{""value"":1.1562636919865752,""score"":0},""VC3_range_pct_rank"":{""score"":53.333333333333336},""_score"":13.33},""sr_quality"":{""SR1_touches"":{""value"":2,""score"":25.0},""SR2_tightness"":{""value"":1.984950000000012,""score"":67.5028168248199},""SR3_recency"":{""value"":226,""score"":0.0},""SR4_price_location"":{""score"":54.2230232287929},""SR5_reaction"":{""value"":3.1548437985123887,""score"":100},""_score"":46.18,""_levels_found"":5,""_target_level"":131.875},""volume"":{""V1_rvol_day"":{""value"":0.7743950819206217,""score"":18.29300546137478},""V2_rvol_sameslot"":{""value"":0.5725857989360773,""score"":4.839053262405154,""status"":""ok""},""V3_breakout_bar"":{""value"":0.49581676862533747,""score"":0},""V4_base_dryup"":{""value"":1.5827600020211274,""score"":0},""V5_bo_expansion"":{""value"":0.7743950819206215,""score"":0},""_score"":4.63},""readiness"":{""_distance_atr"":1.224,""BR1_atr_distance"":{""score"":18.413916644593968},""BR2_compression"":{""score"":81.8468337676891},""BR3_retest"":{""score"":50.0},""BR4_bo_age"":{""score"":50.0},""_score"":45.33},""risk"":{""R1_stop_clarity"":{""score"":75.14516807103476},""R2_stop_distance_pct"":{""value"":15.636921384446149,""score"":0.0},""R3_stop_distance_atr"":{""value"":1.5126018924619034,""score"":100.0},""R4_rr_potential"":{""value"":2.5359681569854122,""score"":76.79840784927062},""_score"":56.66},""market"":{""M1_spy_regime"":{""score"":100.0},""M3_earnings_risk"":{""value"":null,""score"":80.0},""M4_vix"":{""value"":null,""score"":60.0},""_score"":84.0},""liquidity"":{""L1_price"":{""value"":118.17,""score"":100.0},""L2_dollar_vol"":{""value"":2512931482.853614,""score"":100.0},""L3_spread_proxy"":{""value"":0.08411610391808409,""score"":15.883896081915907},""L4_volume_zscore"":{""value"":-0.5968379128692535,""score"":100.0},""_score"":91.59},""pattern_structure"":{""left_low"":102.34,""left_idx"":42,""right_low"":101.21,""right_idx"":71,""separation_bars"":29,""structural_low"":101.21,""current_price"":117.77,""neckline_distance_pct"":0.13033879595822373,""base_bars"":29},""pattern_geometry_features"":{""low_similarity_pct"":0.011102923114713923,""bounce_pct"":0.3152850508843001,""right_bottom_reaction"":0.9974293059125987,""atr_pct"":0.10337763996179836},""_schema_version"":""1.0""}",,,,,,,,,,
20260602T213437Z-756d21,2026-06-02T21:34:37.658687+00:00,TT,double_bottom,forming,55.0,43.4,61.5,56.1,52.4,39.9,45.2,48.7,84.0,97.5,6.51,15.37,4.49,7.33,5.18,3.62,2.92,5.04,4.87,True,risk_unclear;reversal_trend_cap,458.92,466.82,434.3404,492.6853,"{""trend"":{""T1_ema_stack"":{""value"":[false,true,true],""score"":66.66666666666666},""T2_ema50_slope"":{""value"":0.027104585563485353,""score"":54.51743092724756},""T3_high_proximity"":{""value"":0.9317415844398425,""score"":65.8707922199212},""T4_rs_1m"":{""value"":-0.11065866588652362,""score"":0},""T5_rs_3m"":{""value"":-0.08711192097241649,""score"":6.444039513791758},""T6_adr_healthy"":{""value"":2.4424550123924047,""score"":100.0},""_score"":43.42},""geometry"":{""sub_low_similarity"":75.2,""sub_bounce_quality"":40.9,""sub_separation_fit"":0.0,""sub_right_bottom_reaction"":71.6,""sub_base_context"":100.0,""_score"":61.48},""compression"":{""VC1_atr_ratio"":{""value"":0.39152712641624043,""score"":100},""VC2_range_contraction"":{""value"":0.884976531270928,""score"":19.170578121512},""VC3_range_pct_rank"":{""score"":37.5},""_score"":56.08},""sr_quality"":{""SR1_touches"":{""value"":3,""score"":50.0},""SR2_tightness"":{""value"":1.6509408092222901,""score"":70.8859406586583},""SR3_recency"":{""value"":227,""score"":0.0},""SR4_price_location"":{""score"":46.96842358026184},""SR5_reaction"":{""value"":3.173607966408168,""score"":100},""_score"":52.37,""_levels_found"":7,""_target_level"":466.2817},""volume"":{""V1_rvol_day"":{""value"":1.3163930941474224,""score"":54.426206276494824},""V2_rvol_sameslot"":{""value"":1.0264053364903813,""score"":35.093689099358755,""status"":""ok""},""V3_breakout_bar"":{""value"":0.8725054321488359,""score"":24.83369547658906},""V4_base_dryup"":{""value"":0.8696047020831463,""score"":63.03952979168537},""V5_bo_expansion"":{""value"":1.3163930941474224,""score"":21.0928729431615},""_score"":39.88},""readiness"":{""_distance_atr"":0.697,""BR1_atr_distance"":{""score"":53.561616198514606},""BR2_compression"":{""score"":25.19974469972963},""BR3_retest"":{""score"":50.0},""BR4_bo_age"":{""score"":50.0},""_score"":45.22},""risk"":{""R1_stop_clarity"":{""score"":0},""R2_stop_distance_pct"":{""value"":5.355970648479045,""score"":100.0},""R3_stop_distance_atr"":{""value"":2.1672870578617656,""score"":100.0},""R4_rr_potential"":{""value"":1.3737112011147579,""score"":18.685560055737895},""_score"":48.74},""market"":{""M1_spy_regime"":{""score"":100.0},""M3_earnings_risk"":{""value"":null,""score"":80.0},""M4_vix"":{""value"":null,""score"":60.0},""_score"":84.0},""liquidity"":{""L1_price"":{""value"":458.92,""score"":100.0},""L2_dollar_vol"":{""value"":872843703.2673297,""score"":100.0},""L3_spread_proxy"":{""value"":0.025472849298352647,""score"":74.52715070164736},""L4_volume_zscore"":{""value"":1.1256701421296016,""score"":100.0},""_score"":97.45},""pattern_structure"":{""left_low"":446.46,""left_idx"":21,""right_low"":440.9547,""right_idx"":68,""separation_bars"":47,""structural_low"":440.9547,""current_price"":457.72,""neckline_distance_pct"":0.019881150048064244,""base_bars"":47},""pattern_geometry_features"":{""low_similarity_pct"":0.012407502377411546,""bounce_pct"":0.05865749928507393,""right_bottom_reaction"":0.7158699070370491,""atr_pct"":0.024712788410055926},""_schema_version"":""1.0""}",,,,,,,,,,
20260602T213437Z-756d21,2026-06-02T21:34:37.658687+00:00,HON,ascending_triangle,absent,55.0,71.5,41.6,43.3,61.6,45.6,46.8,51.8,84.0,97.0,10.72,11.64,3.47,8.63,5.48,3.75,2.07,5.04,4.85,True,risk_unclear,235.23,239.94,228.3624,248.04,"{""trend"":{""T1_ema_stack"":{""value"":[true,true,true],""score"":100.0},""T2_ema50_slope"":{""value"":-0.007590000471400254,""score"":48.73499992143329},""T3_high_proximity"":{""value"":0.9563361385534821,""score"":78.16806927674102},""T4_rs_1m"":{""value"":0.052957906465159965,""score"":100},""T5_rs_3m"":{""value"":-0.15182248832125322,""score"":0},""T6_adr_healthy"":{""value"":2.168351995245837,""score"":100.0},""_score"":71.47},""geometry"":{""sub_flat_top_quality"":33.3,""sub_hl_slope"":55.3,""sub_compression"":0,""sub_duration"":100.0,""_score"":41.58},""compression"":{""VC1_atr_ratio"":{""value"":0.5026366988214063,""score"":100},""VC2_range_contraction"":{""value"":1.0486349185546011,""score"":0},""VC3_range_pct_rank"":{""score"":13.33333333333333},""_score"":43.33},""sr_quality"":{""SR1_touches"":{""value"":4,""score"":75.0},""SR2_tightness"":{""value"":1.4146112540199867,""score"":48.49738630741073},""SR3_recency"":{""value"":254,""score"":0.0},""SR4_price_location"":{""score"":67.458617332035},""SR5_reaction"":{""value"":2.3628538364518183,""score"":100},""_score"":61.64,""_levels_found"":6,""_target_level"":238.015},""volume"":{""V1_rvol_day"":{""value"":1.0512793783107337,""score"":36.75195855404891},""V2_rvol_sameslot"":{""value"":1.5244451527829792,""score"":68.29634351886527,""status"":""ok""},""V3_breakout_bar"":{""value"":1.2353212921467067,""score"":49.021419476447115},""V4_base_dryup"":{""value"":0.9067373524265765,""score"":59.32626475734235},""V5_bo_expansion"":{""value"":1.0512793783107335,""score"":3.4186252207155654},""_score"":45.64},""readiness"":{""_distance_atr"":0.857,""BR1_atr_distance"":{""score"":42.840053571196265},""BR2_compression"":{""score"":48.834578928622385},""BR3_retest"":{""score"":50.0},""BR4_bo_age"":{""score"":50.0},""_score"":46.84},""risk"":{""R1_stop_clarity"":{""score"":0},""R2_stop_distance_pct"":{""value"":2.919525570718013,""score"":100.0},""R3_stop_distance_atr"":{""value"":1.2501644843772317,""score"":87.50822421886159},""R4_rr_potential"":{""value"":1.8652804473178455,""score"":43.264022365892274},""_score"":51.78},""market"":{""M1_spy_regime"":{""score"":100.0},""M3_earnings_risk"":{""value"":null,""score"":80.0},""M4_vix"":{""value"":null,""score"":60.0},""_score"":84.0},""liquidity"":{""L1_price"":{""value"":235.23,""score"":100.0},""L2_dollar_vol"":{""value"":1100118875.906758,""score"":100.0},""L3_spread_proxy"":{""value"":0.029481783786081718,""score"":70.51821621391828},""L4_volume_zscore"":{""value"":0.24352362193558172,""score"":100.0},""_score"":97.05},""pattern_structure"":{""top"":239.94,""top_touches"":2,""low_slope_per_bar"":0.38463597577759556,""lowest_low"":231.84,""structural_low"":231.84,""current_price"":236.0,""neckline_distance_pct"":0.016694915254237278,""base_bars"":49},""pattern_geometry_features"":{""top_touches"":2.0,""low_slope"":0.38463597577759556,""compression"":-0.2202988174628262,""atr_pct"":0.0233531315854999},""_schema_version"":""1.0""}",,,,,,,,,,
20260602T213437Z-756d21,2026-06-02T21:34:37.658687+00:00,NVDA,double_bottom,forming,55.0,95.9,64.6,45.4,44.3,27.7,49.4,57.2,84.0,95.1,14.38,16.16,3.63,6.2,3.6,3.95,3.43,5.04,4.75,True,risk_unclear,222.82,227.3999,205.6483,246.0198,"{""trend"":{""T1_ema_stack"":{""value"":[true,true,true],""score"":100.0},""T2_ema50_slope"":{""value"":0.3632243809586207,""score"":100},""T3_high_proximity"":{""value"":0.9451938576397726,""score"":72.59692881988627},""T4_rs_1m"":{""value"":0.0687949138607109,""score"":100},""T5_rs_3m"":{""value"":0.12107223819657253,""score"":100},""T6_adr_healthy"":{""value"":3.356583865638607,""score"":100.0},""_score"":95.89},""geometry"":{""sub_low_similarity"":14.4,""sub_bounce_quality"":84.5,""sub_separation_fit"":93.3,""sub_right_bottom_reaction"":62.7,""sub_base_context"":100.0,""_score"":64.62},""compression"":{""VC1_atr_ratio"":{""value"":0.5477040329301086,""score"":100},""VC2_range_contraction"":{""value"":0.9319466469100655,""score"":11.34222551498909},""VC3_range_pct_rank"":{""score"":5.833333333333335},""_score"":45.43},""sr_quality"":{""SR1_touches"":{""value"":2,""score"":25.0},""SR2_tightness"":{""value"":0.2046500000000009,""score"":95.09122885468571},""SR3_recency"":{""value"":250,""score"":0.0},""SR4_price_location"":{""score"":30.0},""SR5_reaction"":{""value"":2.554186059062535,""score"":100},""_score"":44.26,""_levels_found"":4,""_target_level"":197.4253},""volume"":{""V1_rvol_day"":{""value"":1.1040924397035707,""score"":40.272829313571386},""V2_rvol_sameslot"":{""value"":0.9774039370464557,""score"":31.826929136430376,""status"":""ok""},""V3_breakout_bar"":{""value"":0.6087857966610762,""score"":7.25238644407175},""V4_base_dryup"":{""value"":0.9785881699567281,""score"":52.14118300432718},""V5_bo_expansion"":{""value"":1.1040924397035705,""score"":6.939495980238035},""_score"":27.7},""readiness"":{""_distance_atr"":0.549,""BR1_atr_distance"":{""score"":63.38190248648129},""BR2_compression"":{""score"":26.275843366126505},""BR3_retest"":{""score"":50.0},""BR4_bo_age"":{""score"":50.0},""_score"":49.42},""risk"":{""R1_stop_clarity"":{""score"":24.8824891483966},""R2_stop_distance_pct"":{""value"":7.706534422403728,""score"":100.0},""R3_stop_distance_atr"":{""value"":2.059417187295206,""score"":100.0},""R4_rr_potential"":{""value"":1.3510485275191173,""score"":17.552426375955864},""_score"":57.22},""market"":{""M1_spy_regime"":{""score"":100.0},""M3_earnings_risk"":{""value"":null,""score"":80.0},""M4_vix"":{""value"":null,""score"":60.0},""_score"":84.0},""liquidity"":{""L1_price"":{""value"":222.82,""score"":100.0},""L2_dollar_vol"":{""value"":42748074643.312294,""score"":100.0},""L3_spread_proxy"":{""value"":0.04905304730275562,""score"":50.94695269724438},""L4_volume_zscore"":{""value"":0.4938051988090601,""score"":100.0},""_score"":95.09},""pattern_structure"":{""left_low"":217.91,""left_idx"":20,""right_low"":208.78,""right_idx"":51,""separation_bars"":31,""structural_low"":208.78,""current_price"":222.63,""neckline_distance_pct"":0.021425234694335923,""base_bars"":31},""pattern_geometry_features"":{""low_similarity_pct"":0.042794534673885,""bounce_pct"":0.0891843088418431,""right_bottom_reaction"":0.6273291925465839,""atr_pct"":0.03742094836318874},""_schema_version"":""1.0""}",,,,,,,,,,
20260602T213437Z-756d21,2026-06-02T21:34:37.658687+00:00,NVDA,bull_flag,forming,55.0,95.9,55.1,45.4,44.3,24.5,33.8,63.9,84.0,95.1,13.42,16.53,4.09,4.43,3.43,3.04,1.92,5.04,4.75,True,risk_unclear,222.82,232.28,218.5715,255.78,"{""trend"":{""T1_ema_stack"":{""value"":[true,true,true],""score"":100.0},""T2_ema50_slope"":{""value"":0.3632243809586207,""score"":100},""T3_high_proximity"":{""value"":0.9451938576397726,""score"":72.59692881988627},""T4_rs_1m"":{""value"":0.0687949138607109,""score"":100},""T5_rs_3m"":{""value"":0.12107223819657253,""score"":100},""T6_adr_healthy"":{""value"":3.356583865638607,""score"":100.0},""_score"":95.89},""geometry"":{""sub_pole_impulse"":50.2,""sub_flag_tightness"":55.1,""sub_flag_shallowness"":20.6,""sub_flag_drift"":80.9,""sub_flag_duration"":100.0,""_score"":55.09},""compression"":{""VC1_atr_ratio"":{""value"":0.5477040329301086,""score"":100},""VC2_range_contraction"":{""value"":0.9319466469100655,""score"":11.34222551498909},""VC3_range_pct_rank"":{""score"":5.833333333333335},""_score"":45.43},""sr_quality"":{""SR1_touches"":{""value"":2,""score"":25.0},""SR2_tightness"":{""value"":0.2046500000000009,""score"":95.09122885468571},""SR3_recency"":{""value"":250,""score"":0.0},""SR4_price_location"":{""score"":30.0},""SR5_reaction"":{""value"":2.554186059062535,""score"":100},""_score"":44.26,""_levels_found"":4,""_target_level"":197.4253},""volume"":{""V1_rvol_day"":{""value"":1.1040924397035707,""score"":40.272829313571386},""V2_rvol_sameslot"":{""value"":0.9774039370464557,""score"":31.826929136430376,""status"":""ok""},""V3_breakout_bar"":{""value"":0.6087857966610762,""score"":7.25238644407175},""V4_base_dryup"":{""value"":1.1390726619490246,""score"":36.092733805097545},""V5_bo_expansion"":{""value"":1.1040924397035705,""score"":6.939495980238035},""_score"":24.49},""readiness"":{""_distance_atr"":1.135,""BR1_atr_distance"":{""score"":24.36358818360955},""BR2_compression"":{""score"":26.275843366126505},""BR3_retest"":{""score"":50.0},""BR4_bo_age"":{""score"":50.0},""_score"":33.81},""risk"":{""R1_stop_clarity"":{""score"":20.162009493386464},""R2_stop_distance_pct"":{""value"":1.9066959877928276,""score"":97.66739969482069},""R3_stop_distance_atr"":{""value"":0.5095263672335089,""score"":50.476318361675446},""R4_rr_potential"":{""value"":7.758032246675338,""score"":100.0},""_score"":63.93},""market"":{""M1_spy_regime"":{""score"":100.0},""M3_earnings_risk"":{""value"":null,""score"":80.0},""M4_vix"":{""value"":null,""score"":60.0},""_score"":84.0},""liquidity"":{""L1_price"":{""value"":222.82,""score"":100.0},""L2_dollar_vol"":{""value"":42748074643.312294,""score"":100.0},""L3_spread_proxy"":{""value"":0.04905304730275562,""score"":50.94695269724438},""L4_volume_zscore"":{""value"":0.4938051988090601,""score"":100.0},""_score"":95.09},""pattern_structure"":{""pole_low"":208.78,""pole_low_idx"":31,""peak_price"":232.28,""peak_idx"":54,""pole_gain"":0.11255867420250981,""flag_bars"":5,""flag_low"":221.9,""flag_high"":228.95,""structural_low"":221.9,""current_price"":222.63,""neckline_distance_pct"":0.043345461078920205,""base_bars"":5},""pattern_geometry_features"":{""pole_gain"":0.11255867420250981,""pullback_pct"":0.044687446185638004,""flag_range_pct"":0.03035130015498529,""flag_drift_per_bar"":-0.0038126038718951797,""atr_pct"":0.03742094836318874,""pole_atr_multiple"":3.00790544136061},""_schema_version"":""1.0""}",,,,,,,,,,
20260602T213437Z-756d21,2026-06-02T21:34:37.658687+00:00,TSEM,double_bottom,forming,55.0,96.4,62.5,43.5,48.4,15.9,44.7,52.5,84.0,90.9,14.46,15.63,3.48,6.77,2.06,3.58,3.15,5.04,4.54,True,stop_too_wide,274.71,302.86,232.1744,370.01,"{""trend"":{""T1_ema_stack"":{""value"":[true,true,true],""score"":100.0},""T2_ema50_slope"":{""value"":0.8425576820331481,""score"":100},""T3_high_proximity"":{""value"":0.9521020344504905,""score"":76.0510172252452},""T4_rs_1m"":{""value"":0.2060730134354285,""score"":100},""T5_rs_3m"":{""value"":1.0719282908438177,""score"":100},""T6_adr_healthy"":{""value"":7.796268539395166,""score"":100.0},""_score"":96.41},""geometry"":{""sub_low_similarity"":55.8,""sub_bounce_quality"":100,""sub_separation_fit"":0.0,""sub_right_bottom_reaction"":38.5,""sub_base_context"":100.0,""_score"":62.51},""compression"":{""VC1_atr_ratio"":{""value"":0.5936847618646617,""score"":100},""VC2_range_contraction"":{""value"":1.0320249408987525,""score"":0},""VC3_range_pct_rank"":{""score"":14.166666666666671},""_score"":43.54},""sr_quality"":{""SR1_touches"":{""value"":3,""score"":50.0},""SR2_tightness"":{""value"":2.8574580778493854,""score"":77.01475054137713},""SR3_recency"":{""value"":232,""score"":0.0},""SR4_price_location"":{""score"":30.0},""SR5_reaction"":{""value"":1.9119128120106896,""score"":95.59564060053448},""_score"":48.39,""_levels_found"":4,""_target_level"":232.37},""volume"":{""V1_rvol_day"":{""value"":0.9313126421343457,""score"":28.754176142289715},""V2_rvol_sameslot"":{""value"":0.6257474881890869,""score"":8.383165879272457,""status"":""ok""},""V3_breakout_bar"":{""value"":0.44893836107514545,""score"":0},""V4_base_dryup"":{""value"":1.0776796428362896,""score"":42.232035716371044},""V5_bo_expansion"":{""value"":0.931312642134346,""score"":0},""_score"":15.87},""readiness"":{""_distance_atr"":1.132,""BR1_atr_distance"":{""score"":24.520937300187967},""BR2_compression"":{""score"":69.54023055984517},""BR3_retest"":{""score"":50.0},""BR4_bo_age"":{""score"":50.0},""_score"":44.69},""risk"":{""R1_stop_clarity"":{""score"":71.55940873521239},""R2_stop_distance_pct"":{""value"":15.48383750136507,""score"":0.0},""R3_stop_distance_atr"":{""value"":1.7107731758404552,""score"":100.0},""R4_rr_potential"":{""value"":2.240473579221196,""score"":62.0236789610598},""_score"":52.45},""market"":{""M1_spy_regime"":{""score"":100.0},""M3_earnings_risk"":{""value"":null,""score"":80.0},""M4_vix"":{""value"":null,""score"":60.0},""_score"":84.0},""liquidity"":{""L1_price"":{""value"":274.71,""score"":100.0},""L2_dollar_vol"":{""value"":633551717.0186356,""score"":100.0},""L3_spread_proxy"":{""value"":0.09108004805067163,""score"":8.919951949328365},""L4_volume_zscore"":{""value"":-0.157288770858179,""score"":100.0},""_score"":90.89},""pattern_structure"":{""left_low"":235.71,""left_idx"":20,""right_low"":240.975,""right_idx"":68,""separation_bars"":48,""structural_low"":235.71,""current_price"":274.81,""neckline_distance_pct"":0.10207052145118449,""base_bars"":48},""pattern_geometry_features"":{""low_similarity_pct"":0.022090059473236986,""bounce_pct"":0.28488396758728946,""right_bottom_reaction"":0.38544698544698686,""atr_pct"":0.09050783423558352},""_schema_version"":""1.0""}",,,,,,,,,,
20260602T213437Z-756d21,2026-06-02T21:34:37.658687+00:00,HON,double_bottom,forming,55.0,71.5,72.9,43.3,61.6,39.5,46.8,50.8,84.0,97.0,10.72,18.23,3.47,8.63,5.14,3.75,3.05,5.04,4.85,True,risk_unclear,235.23,239.94,224.8853,251.57,"{""trend"":{""T1_ema_stack"":{""value"":[true,true,true],""score"":100.0},""T2_ema50_slope"":{""value"":-0.007590000471400254,""score"":48.73499992143329},""T3_high_proximity"":{""value"":0.9563361385534821,""score"":78.16806927674102},""T4_rs_1m"":{""value"":0.052957906465159965,""score"":100},""T5_rs_3m"":{""value"":-0.15182248832125322,""score"":0},""T6_adr_healthy"":{""value"":2.168351995245837,""score"":100.0},""_score"":71.47},""geometry"":{""sub_low_similarity"":67.3,""sub_bounce_quality"":29.9,""sub_separation_fit"":100.0,""sub_right_bottom_reaction"":78.3,""sub_base_context"":100.0,""_score"":72.91},""compression"":{""VC1_atr_ratio"":{""value"":0.5026366988214063,""score"":100},""VC2_range_contraction"":{""value"":1.0486349185546011,""score"":0},""VC3_range_pct_rank"":{""score"":13.33333333333333},""_score"":43.33},""sr_quality"":{""SR1_touches"":{""value"":4,""score"":75.0},""SR2_tightness"":{""value"":1.4146112540199867,""score"":48.49738630741073},""SR3_recency"":{""value"":254,""score"":0.0},""SR4_price_location"":{""score"":67.458617332035},""SR5_reaction"":{""value"":2.3628538364518183,""score"":100},""_score"":61.64,""_levels_found"":6,""_target_level"":238.015},""volume"":{""V1_rvol_day"":{""value"":1.0512793783107337,""score"":36.75195855404891},""V2_rvol_sameslot"":{""value"":1.5244451527829792,""score"":68.29634351886527,""status"":""ok""},""V3_breakout_bar"":{""value"":1.2353212921467067,""score"":49.021419476447115},""V4_base_dryup"":{""value"":1.2133562053075757,""score"":28.664379469242434},""V5_bo_expansion"":{""value"":1.0512793783107335,""score"":3.4186252207155654},""_score"":39.51},""readiness"":{""_distance_atr"":0.857,""BR1_atr_distance"":{""score"":42.840053571196265},""BR2_compression"":{""score"":48.834578928622385},""BR3_retest"":{""score"":50.0},""BR4_bo_age"":{""score"":50.0},""_score"":46.84},""risk"":{""R1_stop_clarity"":{""score"":0},""R2_stop_distance_pct"":{""value"":4.397674616332951,""score"":100.0},""R3_stop_distance_atr"":{""value"":1.8831198720532598,""score"":100.0},""R4_rr_potential"":{""value"":1.5795604491210433,""score"":28.978022456052166},""_score"":50.8},""market"":{""M1_spy_regime"":{""score"":100.0},""M3_earnings_risk"":{""value"":null,""score"":80.0},""M4_vix"":{""value"":null,""score"":60.0},""_score"":84.0},""liquidity"":{""L1_price"":{""value"":235.23,""score"":100.0},""L2_dollar_vol"":{""value"":1100118875.906758,""score"":100.0},""L3_spread_proxy"":{""value"":0.029481783786081718,""score"":70.51821621391828},""L4_volume_zscore"":{""value"":0.24352362193558172,""score"":100.0},""_score"":97.05},""pattern_structure"":{""left_low"":228.31,""left_idx"":56,""right_low"":232.075,""right_idx"":75,""separation_bars"":19,""structural_low"":228.31,""current_price"":236.0,""neckline_distance_pct"":0.016694915254237278,""base_bars"":19},""pattern_geometry_features"":{""low_similarity_pct"":0.01635587606025386,""bounce_pct"":0.050939512066926526,""right_bottom_reaction"":0.7827586206896593,""atr_pct"":0.0233531315854999},""_schema_version"":""1.0""}",,,,,,,,,,
20260602T213437Z-756d21,2026-06-02T21:34:37.658687+00:00,MSFT,cup_with_handle,setup,55.0,64.2,78.0,25.3,39.4,28.3,52.2,47.9,84.0,97.0,8.98,23.39,2.02,4.73,3.68,4.18,2.4,4.2,4.85,True,risk_unclear,441.31,432.7,403.4363,500.1,"{""trend"":{""T1_ema_stack"":{""value"":[true,true,false],""score"":66.66666666666666},""T2_ema50_slope"":{""value"":0.0825452854734344,""score"":63.757547578905736},""T3_high_proximity"":{""value"":0.9582862850690524,""score"":79.1431425345262},""T4_rs_1m"":{""value"":0.010827676019540933,""score"":60.82767601954093},""T5_rs_3m"":{""value"":-0.023932101387233118,""score"":38.03394930638344},""T6_adr_healthy"":{""value"":2.446801070561517,""score"":100.0},""_score"":64.16},""geometry"":{""sub_cup_depth"":79.1,""sub_cup_duration"":100.0,""sub_rim_symmetry"":57.4,""sub_handle_shallowness"":55.5,""sub_handle_proportion"":100.0,""sub_u_shape"":97.1,""_score"":77.97},""compression"":{""VC1_atr_ratio"":{""value"":0.7890178452711759,""score"":52.74553868220602},""VC2_range_contraction"":{""value"":1.1664449820186276,""score"":0},""VC3_range_pct_rank"":{""score"":16.666666666666664},""_score"":25.26},""sr_quality"":{""SR1_touches"":{""value"":2,""score"":25.0},""SR2_tightness"":{""value"":0.6899999999999977,""score"":89.33715400251342},""SR3_recency"":{""value"":325,""score"":0.0},""SR4_price_location"":{""score"":28.8564812533872},""SR5_reaction"":{""value"":1.5036158196455776,""score"":75.18079098227888},""_score"":39.39,""_levels_found"":6,""_target_level"":470.19},""volume"":{""V1_rvol_day"":{""value"":1.012143166142247,""score"":34.142877742816474},""V2_rvol_sameslot"":{""value"":1.196939939532965,""score"":46.462662635531,""status"":""ok""},""V3_breakout_bar"":{""value"":0.6644038253253963,""score"":10.960255021693088},""V4_base_dryup"":{""value"":1.034702760811375,""score"":46.5297239188625},""V5_bo_expansion"":{""value"":1.012143166142247,""score"":0.8095444094831391},""_score"":28.29},""readiness"":{""_distance_atr"":-0.665,""BR1_atr_distance"":{""score"":46.69462260313624},""BR2_compression"":{""score"":64.04407646273208},""BR3_retest"":{""score"":50.0},""BR4_bo_age"":{""score"":50.0},""_score"":52.19},""risk"":{""R1_stop_clarity"":{""score"":5.058946442378556},""R2_stop_distance_pct"":{""value"":8.582107815367891,""score"":85.44730461580272},""R3_stop_distance_atr"":{""value"":2.9263871772102132,""score"":100.0},""R4_rr_potential"":{""value"":1.5522645001676614,""score"":27.61322500838307},""_score"":47.93},""market"":{""M1_spy_regime"":{""score"":100.0},""M3_earnings_risk"":{""value"":null,""score"":80.0},""M4_vix"":{""value"":null,""score"":60.0},""_score"":84.0},""liquidity"":{""L1_price"":{""value"":441.31,""score"":100.0},""L2_dollar_vol"":{""value"":16303981427.419336,""score"":100.0},""L3_spread_proxy"":{""value"":0.029616369445514476,""score"":70.38363055448552},""L4_volume_zscore"":{""value"":0.03412271301332284,""score"":100.0},""_score"":97.04},""pattern_structure"":{""left_rim"":423.68,""left_rim_idx"":102,""cup_bottom"":356.28,""cup_bottom_idx"":135,""right_rim"":432.7,""right_rim_idx"":170,""handle_low"":409.58,""handle_bars"":9,""cup_bars"":68,""structural_low"":409.58,""current_price"":441.31,""neckline_distance_pct"":-0.0195100949445968,""base_bars"":77},""pattern_geometry_features"":{""cup_depth_pct"":0.159082326283988,""rim_symmetry_pct"":0.021289652567975787,""handle_depth_pct"":0.05343193898775134,""handle_to_cup_ratio"":0.1323529411764706,""cup_duration_bars"":68.0,""atr_pct"":0.029326631425269558,""u_shape_score"":0.4852941176470588},""_schema_version"":""1.0""}",,,,,,,,,,
20260602T213437Z-756d21,2026-06-02T21:34:37.658687+00:00,TSM,double_bottom,forming,55.0,99.2,56.9,58.0,46.3,23.3,66.5,51.5,84.0,97.2,14.88,14.22,4.64,6.48,3.03,5.32,3.09,5.04,4.86,True,risk_unclear,446.69,449.39,410.9912,481.53,"{""trend"":{""T1_ema_stack"":{""value"":[true,true,true],""score"":100.0},""T2_ema50_slope"":{""value"":0.27666104266731134,""score"":96.11017377788522},""T3_high_proximity"":{""value"":1.0,""score"":99.99999999999997},""T4_rs_1m"":{""value"":0.06926123689432173,""score"":100},""T5_rs_3m"":{""value"":0.14847203297664224,""score"":100},""T6_adr_healthy"":{""value"":3.3297100374007176,""score"":100.0},""_score"":99.22},""geometry"":{""sub_low_similarity"":12.1,""sub_bounce_quality"":67.2,""sub_separation_fit"":93.3,""sub_right_bottom_reaction"":38.9,""sub_base_context"":100.0,""_score"":56.9},""compression"":{""VC1_atr_ratio"":{""value"":0.5653027187441456,""score"":100},""VC2_range_contraction"":{""value"":0.9089189765313582,""score"":15.180170578106964},""VC3_range_pct_rank"":{""score"":50.83333333333333},""_score"":58.02},""sr_quality"":{""SR1_touches"":{""value"":3,""score"":50.0},""SR2_tightness"":{""value"":3.161079281230112,""score"":58.81651882289187},""SR3_recency"":{""value"":235,""score"":0.0},""SR4_price_location"":{""score"":30.0},""SR5_reaction"":{""value"":2.1841940695189956,""score"":100},""_score"":46.32,""_levels_found"":6,""_target_level"":418.8233},""volume"":{""V1_rvol_day"":{""value"":0.76170682369071,""score"":17.447121579380664},""V2_rvol_sameslot"":{""value"":0.7882616119493036,""score"":19.217440796620235,""status"":""ok""},""V3_breakout_bar"":{""value"":0.5472714911741834,""score"":3.1514327449455593},""V4_base_dryup"":{""value"":0.739086024739844,""score"":76.0913975260156},""V5_bo_expansion"":{""value"":0.7617068236907099,""score"":0},""_score"":23.34},""readiness"":{""_distance_atr"":0.176,""BR1_atr_distance"":{""score"":88.27453228412116},""BR2_compression"":{""score"":54.7958386895512},""BR3_retest"":{""score"":50.0},""BR4_bo_age"":{""score"":50.0},""_score"":66.51},""risk"":{""R1_stop_clarity"":{""score"":18.459143259158637},""R2_stop_distance_pct"":{""value"":7.99183997850859,""score"":100.0},""R3_stop_distance_atr"":{""value"":2.325469670123509,""score"":100.0},""R4_rr_potential"":{""value"":0.9759445358731036,""score"":0.0},""_score"":51.46},""market"":{""M1_spy_regime"":{""score"":100.0},""M3_earnings_risk"":{""value"":null,""score"":80.0},""M4_vix"":{""value"":null,""score"":60.0},""_score"":84.0},""liquidity"":{""L1_price"":{""value"":446.69,""score"":100.0},""L2_dollar_vol"":{""value"":4529647686.312568,""score"":100.0},""L3_spread_proxy"":{""value"":0.027692583223264466,""score"":72.30741677673554},""L4_volume_zscore"":{""value"":-0.890999221113625,""score"":100.0},""_score"":97.23},""pattern_structure"":{""left_low"":417.25,""left_idx"":65,""right_low"":436.01,""right_idx"":74,""separation_bars"":9,""structural_low"":417.25,""current_price"":445.8,""neckline_distance_pct"":0.008052938537460688,""base_bars"":9},""pattern_geometry_features"":{""low_similarity_pct"":0.0439725288892014,""bounce_pct"":0.0770281605751947,""right_bottom_reaction"":0.38938053097344844,""atr_pct"":0.034366562940741904},""_schema_version"":""1.0""}",,,,,,,,,,
20260602T213437Z-756d21,2026-06-02T21:34:37.658687+00:00,TSM,ascending_triangle,absent,55.0,99.2,47.1,58.0,46.3,18.8,66.5,47.5,84.0,97.2,14.88,13.2,4.64,6.48,2.26,5.32,1.9,5.04,4.86,True,risk_unclear,446.69,449.39,408.4894,484.07,"{""trend"":{""T1_ema_stack"":{""value"":[true,true,true],""score"":100.0},""T2_ema50_slope"":{""value"":0.27666104266731134,""score"":96.11017377788522},""T3_high_proximity"":{""value"":1.0,""score"":99.99999999999997},""T4_rs_1m"":{""value"":0.06926123689432173,""score"":100},""T5_rs_3m"":{""value"":0.14847203297664224,""score"":100},""T6_adr_healthy"":{""value"":3.3297100374007176,""score"":100.0},""_score"":99.22},""geometry"":{""sub_flat_top_quality"":33.3,""sub_hl_slope"":64.8,""sub_compression"":10.9,""sub_duration"":100.0,""_score"":47.15},""compression"":{""VC1_atr_ratio"":{""value"":0.5653027187441456,""score"":100},""VC2_range_contraction"":{""value"":0.9089189765313582,""score"":15.180170578106964},""VC3_range_pct_rank"":{""score"":50.83333333333333},""_score"":58.02},""sr_quality"":{""SR1_touches"":{""value"":3,""score"":50.0},""SR2_tightness"":{""value"":3.161079281230112,""score"":58.81651882289187},""SR3_recency"":{""value"":235,""score"":0.0},""SR4_price_location"":{""score"":30.0},""SR5_reaction"":{""value"":2.1841940695189956,""score"":100},""_score"":46.32,""_levels_found"":6,""_target_level"":418.8233},""volume"":{""V1_rvol_day"":{""value"":0.76170682369071,""score"":17.447121579380664},""V2_rvol_sameslot"":{""value"":0.7882616119493036,""score"":19.217440796620235,""status"":""ok""},""V3_breakout_bar"":{""value"":0.5472714911741834,""score"":3.1514327449455593},""V4_base_dryup"":{""value"":0.964305301276154,""score"":53.5694698723846},""V5_bo_expansion"":{""value"":0.7617068236907099,""score"":0},""_score"":18.83},""readiness"":{""_distance_atr"":0.176,""BR1_atr_distance"":{""score"":88.27453228412116},""BR2_compression"":{""score"":54.7958386895512},""BR3_retest"":{""score"":50.0},""BR4_bo_age"":{""score"":50.0},""_score"":66.51},""risk"":{""R1_stop_clarity"":{""score"":18.955521392464732},""R2_stop_distance_pct"":{""value"":8.551937585350018,""score"":86.20156036624955},""R3_stop_distance_atr"":{""value"":2.4884471572254934,""score"":100.0},""R4_rr_potential"":{""value"":0.9785173812487483,""score"":0.0},""_score"":47.49},""market"":{""M1_spy_regime"":{""score"":100.0},""M3_earnings_risk"":{""value"":null,""score"":80.0},""M4_vix"":{""value"":null,""score"":60.0},""_score"":84.0},""liquidity"":{""L1_price"":{""value"":446.69,""score"":100.0},""L2_dollar_vol"":{""value"":4529647686.312568,""score"":100.0},""L3_spread_proxy"":{""value"":0.027692583223264466,""score"":72.30741677673554},""L4_volume_zscore"":{""value"":-0.890999221113625,""score"":100.0},""_score"":97.23},""pattern_structure"":{""top"":449.39,""top_touches"":2,""low_slope_per_bar"":0.8056991150442452,""lowest_low"":414.71,""structural_low"":414.71,""current_price"":445.8,""neckline_distance_pct"":0.008052938537460688,""base_bars"":42},""pattern_geometry_features"":{""top_touches"":2.0,""low_slope"":0.8056991150442452,""compression"":0.054417871061680834,""atr_pct"":0.034366562940741904},""_schema_version"":""1.0""}",,,,,,,,,,
20260602T213437Z-756d21,2026-06-02T21:34:37.658687+00:00,TSM,bull_flag,forming,55.0,99.2,59.1,58.0,46.3,22.3,66.5,61.7,84.0,97.2,13.89,17.72,5.22,4.63,3.12,5.99,1.85,5.04,4.86,True,risk_unclear,446.69,449.39,429.4699,488.71,"{""trend"":{""T1_ema_stack"":{""value"":[true,true,true],""score"":100.0},""T2_ema50_slope"":{""value"":0.27666104266731134,""score"":96.11017377788522},""T3_high_proximity"":{""value"":1.0,""score"":99.99999999999997},""T4_rs_1m"":{""value"":0.06926123689432173,""score"":100},""T5_rs_3m"":{""value"":0.14847203297664224,""score"":100},""T6_adr_healthy"":{""value"":3.3297100374007176,""score"":100.0},""_score"":99.22},""geometry"":{""sub_pole_impulse"":44.8,""sub_flag_tightness"":52.2,""sub_flag_shallowness"":37.9,""sub_flag_drift"":100,""sub_flag_duration"":100.0,""_score"":59.07},""compression"":{""VC1_atr_ratio"":{""value"":0.5653027187441456,""score"":100},""VC2_range_contraction"":{""value"":0.9089189765313582,""score"":15.180170578106964},""VC3_range_pct_rank"":{""score"":50.83333333333333},""_score"":58.02},""sr_quality"":{""SR1_touches"":{""value"":3,""score"":50.0},""SR2_tightness"":{""value"":3.161079281230112,""score"":58.81651882289187},""SR3_recency"":{""value"":235,""score"":0.0},""SR4_price_location"":{""score"":30.0},""SR5_reaction"":{""value"":2.1841940695189956,""score"":100},""_score"":46.32,""_levels_found"":6,""_target_level"":418.8233},""volume"":{""V1_rvol_day"":{""value"":0.76170682369071,""score"":17.447121579380664},""V2_rvol_sameslot"":{""value"":0.7882616119493036,""score"":19.217440796620235,""status"":""ok""},""V3_breakout_bar"":{""value"":0.5472714911741834,""score"":3.1514327449455593},""V4_base_dryup"":{""value"":0.7902123620669069,""score"":70.97876379330931},""V5_bo_expansion"":{""value"":0.7617068236907099,""score"":0},""_score"":22.32},""readiness"":{""_distance_atr"":0.176,""BR1_atr_distance"":{""score"":88.27453228412116},""BR2_compression"":{""score"":54.7958386895512},""BR3_retest"":{""score"":50.0},""BR4_bo_age"":{""score"":50.0},""_score"":66.51},""risk"":{""R1_stop_clarity"":{""score"":14.792980353327664},""R2_stop_distance_pct"":{""value"":3.8550560791600414,""score"":100.0},""R3_stop_distance_atr"":{""value"":1.1217461827088429,""score"":81.08730913544214},""R4_rr_potential"":{""value"":2.4401645746407556,""score"":72.00822873203778},""_score"":61.74},""market"":{""M1_spy_regime"":{""score"":100.0},""M3_earnings_risk"":{""value"":null,""score"":80.0},""M4_vix"":{""value"":null,""score"":60.0},""_score"":84.0},""liquidity"":{""L1_price"":{""value"":446.69,""score"":100.0},""L2_dollar_vol"":{""value"":4529647686.312568,""score"":100.0},""L3_spread_proxy"":{""value"":0.027692583223264466,""score"":72.30741677673554},""L4_volume_zscore"":{""value"":-0.890999221113625,""score"":100.0},""_score"":97.23},""pattern_structure"":{""pole_low"":410.07,""pole_low_idx"":26,""peak_price"":449.39,""peak_idx"":51,""pole_gain"":0.09588606823225301,""flag_bars"":8,""flag_low"":436.01,""flag_high"":448.38,""structural_low"":436.01,""current_price"":445.8,""neckline_distance_pct"":0.008052938537460688,""base_bars"":8},""pattern_geometry_features"":{""pole_gain"":0.09588606823225301,""pullback_pct"":0.02977369322859876,""flag_range_pct"":0.02752620218518437,""flag_drift_per_bar"":0.001730302933196623,""atr_pct"":0.034366562940741904,""pole_atr_multiple"":2.7900977004185403},""_schema_version"":""1.0""}",,,,,,,,,,
20260602T213437Z-756d21,2026-06-02T21:34:37.658687+00:00,ASML,bull_flag,forming,55.0,99.5,60.4,48.3,39.4,24.0,62.8,60.5,84.0,71.4,13.93,18.11,4.35,3.94,3.36,5.66,1.81,5.04,3.57,True,risk_unclear,1705.37,1705.39,1651.1752,1830.78,"{""trend"":{""T1_ema_stack"":{""value"":[true,true,true],""score"":100.0},""T2_ema50_slope"":{""value"":0.28462206138201707,""score"":97.43701023033617},""T3_high_proximity"":{""value"":1.0,""score"":99.99999999999997},""T4_rs_1m"":{""value"":0.14105003230205426,""score"":100},""T5_rs_3m"":{""value"":0.1366095401643832,""score"":100},""T6_adr_healthy"":{""value"":3.398565704138478,""score"":100.0},""_score"":99.49},""geometry"":{""sub_pole_impulse"":28.6,""sub_flag_tightness"":66.5,""sub_flag_shallowness"":57.0,""sub_flag_drift"":100,""sub_flag_duration"":87.5,""_score"":60.35},""compression"":{""VC1_atr_ratio"":{""value"":0.5731693906714734,""score"":100},""VC2_range_contraction"":{""value"":0.9678397390455256,""score"":5.360043492412407},""VC3_range_pct_rank"":{""score"":25.83333333333333},""_score"":48.33},""sr_quality"":{""SR1_touches"":{""value"":2,""score"":25.0},""SR2_tightness"":{""value"":11.745000000000005,""score"":62.819857086069874},""SR3_recency"":{""value"":226,""score"":0.0},""SR4_price_location"":{""score"":30.0},""SR5_reaction"":{""value"":2.5669873434207906,""score"":100},""_score"":39.42,""_levels_found"":5,""_target_level"":1591.745},""volume"":{""V1_rvol_day"":{""value"":0.9131787142583335,""score"":27.545247617222234},""V2_rvol_sameslot"":{""value"":0.740047803985196,""score"":16.0031869323464,""status"":""ok""},""V3_breakout_bar"":{""value"":0.691743060260028,""score"":12.782870684001866},""V4_base_dryup"":{""value"":0.8967880187417885,""score"":60.321198125821155},""V5_bo_expansion"":{""value"":0.9131787142583335,""score"":0},""_score"":23.97},""readiness"":{""_distance_atr"":0.0,""BR1_atr_distance"":{""score"":99.97889590298605},""BR2_compression"":{""score"":21.397161188752364},""BR3_retest"":{""score"":50.0},""BR4_bo_age"":{""score"":50.0},""_score"":62.84},""risk"":{""R1_stop_clarity"":{""score"":20.401255211392836},""R2_stop_distance_pct"":{""value"":3.1778910148530812,""score"":100.0},""R3_stop_distance_atr"":{""value"":0.8577992376295698,""score"":67.88996188147848},""R4_rr_potential"":{""value"":2.314059651479484,""score"":65.7029825739742},""_score"":60.46},""market"":{""M1_spy_regime"":{""score"":100.0},""M3_earnings_risk"":{""value"":null,""score"":80.0},""M4_vix"":{""value"":null,""score"":60.0},""_score"":84.0},""liquidity"":{""L1_price"":{""value"":1705.37,""score"":0.0},""L2_dollar_vol"":{""value"":2515986388.4432616,""score"":100.0},""L3_spread_proxy"":{""value"":0.035611040419381144,""score"":64.38895958061886},""L4_volume_zscore"":{""value"":-0.3743632186421202,""score"":100.0},""_score"":71.44},""pattern_structure"":{""pole_low"":1580.0,""pole_low_idx"":36,""peak_price"":1705.39,""peak_idx"":55,""pole_gain"":0.07936075949367095,""flag_bars"":4,""flag_low"":1676.32,""flag_high"":1703.52,""structural_low"":1676.32,""current_price"":1694.435,""neckline_distance_pct"":0.0064652819376371205,""base_bars"":4},""pattern_geometry_features"":{""pole_gain"":0.07936075949367095,""pullback_pct"":0.01704595429784399,""flag_range_pct"":0.015949430921959225,""flag_drift_per_bar"":0.0013148925748111614,""atr_pct"":0.03704702540462521,""pole_atr_multiple"":2.142162795174454},""_schema_version"":""1.0""}",,,,,,,,,,
20260602T213437Z-756d21,2026-06-02T21:34:37.658687+00:00,ASML,vcp,setup,55.0,99.5,56.0,48.3,39.4,19.9,40.3,53.2,84.0,71.4,14.92,14.01,5.8,4.73,2.59,2.82,2.66,5.04,3.57,True,risk_unclear,1705.37,1653.53,1556.3,1928.76,"{""trend"":{""T1_ema_stack"":{""value"":[true,true,true],""score"":100.0},""T2_ema50_slope"":{""value"":0.28462206138201707,""score"":97.43701023033617},""T3_high_proximity"":{""value"":1.0,""score"":99.99999999999997},""T4_rs_1m"":{""value"":0.14105003230205426,""score"":100},""T5_rs_3m"":{""value"":0.1366095401643832,""score"":100},""T6_adr_healthy"":{""value"":3.398565704138478,""score"":100.0},""_score"":99.49},""geometry"":{""sub_contraction_count"":100.0,""sub_reduction_rate"":12.5,""sub_pivot_tightness"":79.3,""sub_volume_dryup"":40.0,""sub_base_depth"":0.0,""sub_base_duration"":100.0,""_score"":56.02},""compression"":{""VC1_atr_ratio"":{""value"":0.5731693906714734,""score"":100},""VC2_range_contraction"":{""value"":0.9678397390455256,""score"":5.360043492412407},""VC3_range_pct_rank"":{""score"":25.83333333333333},""_score"":48.33},""sr_quality"":{""SR1_touches"":{""value"":2,""score"":25.0},""SR2_tightness"":{""value"":11.745000000000005,""score"":62.819857086069874},""SR3_recency"":{""value"":226,""score"":0.0},""SR4_price_location"":{""score"":30.0},""SR5_reaction"":{""value"":2.5669873434207906,""score"":100},""_score"":39.42,""_levels_found"":5,""_target_level"":1591.745},""volume"":{""V1_rvol_day"":{""value"":0.9131787142583335,""score"":27.545247617222234},""V2_rvol_sameslot"":{""value"":0.740047803985196,""score"":16.0031869323464,""status"":""ok""},""V3_breakout_bar"":{""value"":0.691743060260028,""score"":12.782870684001866},""V4_base_dryup"":{""value"":1.1000887750650383,""score"":39.991122493496164},""V5_bo_expansion"":{""value"":0.9131787142583335,""score"":0},""_score"":19.9},""readiness"":{""_distance_atr"":-0.821,""BR1_atr_distance"":{""score"":43.589454162127424},""BR2_compression"":{""score"":21.397161188752364},""BR3_retest"":{""score"":50.0},""BR4_bo_age"":{""score"":50.0},""_score"":40.29},""risk"":{""R1_stop_clarity"":{""score"":24.97493511620729},""R2_stop_distance_pct"":{""value"":8.741211584582814,""score"":81.46971038542965},""R3_stop_distance_atr"":{""value"":2.3594908063769946,""score"":100.0},""R4_rr_potential"":{""value"":1.4985577245589334,""score"":24.927886227946672},""_score"":53.17},""market"":{""M1_spy_regime"":{""score"":100.0},""M3_earnings_risk"":{""value"":null,""score"":80.0},""M4_vix"":{""value"":null,""score"":60.0},""_score"":84.0},""liquidity"":{""L1_price"":{""value"":1705.37,""score"":0.0},""L2_dollar_vol"":{""value"":2515986388.4432616,""score"":100.0},""L3_spread_proxy"":{""value"":0.035611040419381144,""score"":64.38895958061886},""L4_volume_zscore"":{""value"":-0.3743632186421202,""score"":100.0},""_score"":71.44},""pattern_structure"":{""n_contractions"":5,""contractions_pct"":[8.19,8.19,6.88,10.11,4.45],""descending_strict"":false,""final_low"":1580.0,""final_pivot"":1653.53,""structural_low"":1580.0,""dry_up_ratio"":0.7999429326316583,""current_price"":1705.37,""neckline_distance_pct"":-0.030398095427971596,""base_bars"":39,""recent_base_height"":275.23},""pattern_geometry_features"":{""contraction_count"":5.0,""first_contraction_pct"":0.08191770343215087,""last_contraction_pct"":0.04446850072269628,""dry_up_ratio"":0.7999429326316583,""near_monotone"":0.0,""base_depth_pct"":-0.1402014837052218},""_schema_version"":""1.0""}",,,,,,,,,,
20260602T213437Z-756d21,2026-06-02T21:34:37.658687+00:00,ASML,double_bottom,setup,55.0,99.5,68.1,48.3,39.4,24.6,40.4,50.5,84.0,71.4,14.92,17.03,3.87,5.52,3.2,3.23,3.03,5.04,3.57,True,risk_unclear,1705.37,1654.2,1561.8258,1722.79,"{""trend"":{""T1_ema_stack"":{""value"":[true,true,true],""score"":100.0},""T2_ema50_slope"":{""value"":0.28462206138201707,""score"":97.43701023033617},""T3_high_proximity"":{""value"":1.0,""score"":99.99999999999997},""T4_rs_1m"":{""value"":0.14105003230205426,""score"":100},""T5_rs_3m"":{""value"":0.1366095401643832,""score"":100},""T6_adr_healthy"":{""value"":3.398565704138478,""score"":100.0},""_score"":99.49},""geometry"":{""sub_low_similarity"":76.6,""sub_bounce_quality"":18.9,""sub_separation_fit"":100.0,""sub_right_bottom_reaction"":42.5,""sub_base_context"":100.0,""_score"":68.13},""compression"":{""VC1_atr_ratio"":{""value"":0.5731693906714734,""score"":100},""VC2_range_contraction"":{""value"":0.9678397390455256,""score"":5.360043492412407},""VC3_range_pct_rank"":{""score"":25.83333333333333},""_score"":48.33},""sr_quality"":{""SR1_touches"":{""value"":2,""score"":25.0},""SR2_tightness"":{""value"":11.745000000000005,""score"":62.819857086069874},""SR3_recency"":{""value"":226,""score"":0.0},""SR4_price_location"":{""score"":30.0},""SR5_reaction"":{""value"":2.5669873434207906,""score"":100},""_score"":39.42,""_levels_found"":5,""_target_level"":1591.745},""volume"":{""V1_rvol_day"":{""value"":0.9131787142583335,""score"":27.545247617222234},""V2_rvol_sameslot"":{""value"":0.740047803985196,""score"":16.0031869323464,""status"":""ok""},""V3_breakout_bar"":{""value"":0.691743060260028,""score"":12.782870684001866},""V4_base_dryup"":{""value"":0.8644648772447274,""score"":63.553512275527254},""V5_bo_expansion"":{""value"":0.9131787142583335,""score"":0},""_score"":24.62},""readiness"":{""_distance_atr"":-0.81,""BR1_atr_distance"":{""score"":43.80155033711539},""BR2_compression"":{""score"":21.397161188752364},""BR3_retest"":{""score"":50.0},""BR4_bo_age"":{""score"":50.0},""_score"":40.37},""risk"":{""R1_stop_clarity"":{""score"":24.708548651651824},""R2_stop_distance_pct"":{""value"":8.417185126981238,""score"":89.57037182546905},""R3_stop_distance_atr"":{""value"":2.272027250514525,""score"":100.0},""R4_rr_potential"":{""value"":0.12135639104763452,""score"":0.0},""_score"":50.52},""market"":{""M1_spy_regime"":{""score"":100.0},""M3_earnings_risk"":{""value"":null,""score"":80.0},""M4_vix"":{""value"":null,""score"":60.0},""_score"":84.0},""liquidity"":{""L1_price"":{""value"":1705.37,""score"":0.0},""L2_dollar_vol"":{""value"":2515986388.4432616,""score"":100.0},""L3_spread_proxy"":{""value"":0.035611040419381144,""score"":64.38895958061886},""L4_volume_zscore"":{""value"":-0.3743632186421202,""score"":100.0},""_score"":71.44},""pattern_structure"":{""left_low"":1604.25,""left_idx"":46,""right_low"":1585.61,""right_idx"":68,""separation_bars"":22,""structural_low"":1585.61,""current_price"":1694.435,""neckline_distance_pct"":-0.02374537825292791,""base_bars"":22},""pattern_geometry_features"":{""low_similarity_pct"":0.011687033286727381,""bounce_pct"":0.04325779983728669,""right_bottom_reaction"":0.4252472367655635,""atr_pct"":0.03704702540462521},""_schema_version"":""1.0""}",,,,,,,,,,
20260602T213437Z-756d21,2026-06-02T21:34:37.658687+00:00,AVGO,high_tight_pullback,forming,55.0,100.0,80.7,49.2,43.0,51.0,46.7,68.7,84.0,88.7,12.0,28.25,4.92,3.44,7.15,4.2,0.69,5.04,4.43,True,risk_unclear,481.57,488.82,463.4021,563.63,"{""trend"":{""T1_ema_stack"":{""value"":[true,true,true],""score"":100.0},""T2_ema50_slope"":{""value"":0.32773407896480244,""score"":100},""T3_high_proximity"":{""value"":1.0,""score"":99.99999999999997},""T4_rs_1m"":{""value"":0.08910467038911185,""score"":100},""T5_rs_3m"":{""value"":0.4179714146722495,""score"":100},""T6_adr_healthy"":{""value"":3.749068211909713,""score"":100.0},""_score"":100.0},""geometry"":{""sub_pole_impulse"":97.0,""sub_flag_tightness"":71.1,""sub_flag_shallowness"":58.4,""sub_flag_drift"":81.1,""sub_flag_duration"":100.0,""_score"":80.72},""compression"":{""VC1_atr_ratio"":{""value"":0.5898245589372211,""score"":100},""VC2_range_contraction"":{""value"":1.0538058746656085,""score"":0},""VC3_range_pct_rank"":{""score"":36.66666666666667},""_score"":49.17},""sr_quality"":{""SR1_touches"":{""value"":3,""score"":50.0},""SR2_tightness"":{""value"":5.398166355346976,""score"":39.47032239409103},""SR3_recency"":{""value"":235,""score"":0.0},""SR4_price_location"":{""score"":30.0},""SR5_reaction"":{""value"":1.9443354290977535,""score"":97.21677145488768},""_score"":43.0,""_levels_found"":7,""_target_level"":436.45},""volume"":{""V1_rvol_day"":{""value"":1.7671448145153092,""score"":84.47632096768729},""V2_rvol_sameslot"":{""value"":2.1247011828344604,""score"":100,""status"":""ok""},""V3_breakout_bar"":{""value"":0.8883505255662657,""score"":25.890035037751048},""V4_base_dryup"":{""value"":1.6154491265368813,""score"":0},""V5_bo_expansion"":{""value"":1.767144814515309,""score"":51.14298763435393},""_score"":51.04},""readiness"":{""_distance_atr"":0.406,""BR1_atr_distance"":{""score"":72.90189953679601},""BR2_compression"":{""score"":0},""BR3_retest"":{""score"":50.0},""BR4_bo_age"":{""score"":50.0},""_score"":46.66},""risk"":{""R1_stop_clarity"":{""score"":20.871098474229868},""R2_stop_distance_pct"":{""value"":3.7726363768507203,""score"":100.0},""R3_stop_distance_atr"":{""value"":1.018583116415042,""score"":75.9291558207521},""R4_rr_potential"":{""value"":4.516761307108667,""score"":100.0},""_score"":68.69},""market"":{""M1_spy_regime"":{""score"":100.0},""M3_earnings_risk"":{""value"":null,""score"":80.0},""M4_vix"":{""value"":null,""score"":60.0},""_score"":84.0},""liquidity"":{""L1_price"":{""value"":481.57,""score"":100.0},""L2_dollar_vol"":{""value"":18431169379.556316,""score"":100.0},""L3_spread_proxy"":{""value"":0.038127375044126485,""score"":61.87262495587351},""L4_volume_zscore"":{""value"":2.3084661534907402,""score"":70.0},""_score"":88.69},""pattern_structure"":{""pole_low"":414.01,""pole_low_idx"":36,""peak_price"":488.82,""peak_idx"":54,""pole_gain"":0.18069611845124514,""flag_bars"":5,""flag_low"":470.459,""flag_high"":485.75,""structural_low"":470.459,""current_price"":476.56,""neckline_distance_pct"":0.025726036595601794,""base_bars"":5},""pattern_geometry_features"":{""pole_gain"":0.18069611845124514,""pullback_pct"":0.037561883719978706,""flag_range_pct"":0.03128145329569166,""flag_drift_per_bar"":-0.003786679536679704,""atr_pct"":0.03703808080118897,""pole_atr_multiple"":4.878657709646893},""_schema_version"":""1.0""}",,,,,,,,,,
20260602T213437Z-756d21,2026-06-02T21:34:37.658687+00:00,CRS,bull_flag,forming,55.0,95.6,70.6,71.0,45.9,29.7,51.3,63.3,84.0,97.3,13.39,21.19,6.39,4.59,4.16,4.61,1.9,5.04,4.86,True,risk_unclear,487.25,495.58,478.4539,546.97,"{""trend"":{""T1_ema_stack"":{""value"":[true,true,true],""score"":100.0},""T2_ema50_slope"":{""value"":0.1719614971540181,""score"":78.66024952566968},""T3_high_proximity"":{""value"":1.0,""score"":99.99999999999997},""T4_rs_1m"":{""value"":0.08068964454079586,""score"":100},""T5_rs_3m"":{""value"":0.09837203056223953,""score"":99.18601528111977},""T6_adr_healthy"":{""value"":4.180745868021571,""score"":100.0},""_score"":95.61},""geometry"":{""sub_pole_impulse"":51.0,""sub_flag_tightness"":79.6,""sub_flag_shallowness"":65.7,""sub_flag_drift"":90.3,""sub_flag_duration"":87.5,""_score"":70.63},""compression"":{""VC1_atr_ratio"":{""value"":0.4952004987946958,""score"":100},""VC2_range_contraction"":{""value"":0.8285774853271181,""score"":28.570419112146993},""VC3_range_pct_rank"":{""score"":84.16666666666667},""_score"":71.04},""sr_quality"":{""SR1_touches"":{""value"":3,""score"":50.0},""SR2_tightness"":{""value"":4.082942838471078,""score"":55.959635851312875},""SR3_recency"":{""value"":235,""score"":0.0},""SR4_price_location"":{""score"":30.0},""SR5_reaction"":{""value"":2.385957613194883,""score"":100},""_score"":45.89,""_levels_found"":6,""_target_level"":444.3367},""volume"":{""V1_rvol_day"":{""value"":0.7300222889013285,""score"":15.334819260088564},""V2_rvol_sameslot"":{""value"":0.8822197479807887,""score"":25.481316532052585,""status"":""ok""},""V3_breakout_bar"":{""value"":0.9758432593769868,""score"":31.722883958465786},""V4_base_dryup"":{""value"":0.820432109390172,""score"":67.9567890609828},""V5_bo_expansion"":{""value"":0.7300222889013286,""score"":0},""_score"":29.69},""readiness"":{""_distance_atr"":0.449,""BR1_atr_distance"":{""score"":70.04968818879847},""BR2_compression"":{""score"":22.983249681829392},""BR3_retest"":{""score"":50.0},""BR4_bo_age"":{""score"":50.0},""_score"":51.27},""risk"":{""R1_stop_clarity"":{""score"":21.409015526675788},""R2_stop_distance_pct"":{""value"":1.8052539763981579,""score"":95.13134940995394},""R3_stop_distance_atr"":{""value"":0.4743924448784712,""score"":48.71962224392357},""R4_rr_potential"":{""value"":6.7893725628403345,""score"":100.0},""_score"":63.34},""market"":{""M1_spy_regime"":{""score"":100.0},""M3_earnings_risk"":{""value"":null,""score"":80.0},""M4_vix"":{""value"":null,""score"":60.0},""_score"":84.0},""liquidity"":{""L1_price"":{""value"":487.25,""score"":100.0},""L2_dollar_vol"":{""value"":209117437.0093975,""score"":100.0},""L3_spread_proxy"":{""value"":0.02715238583889166,""score"":72.84761416110834},""L4_volume_zscore"":{""value"":-1.1731813944689296,""score"":100.0},""_score"":97.28},""pattern_structure"":{""pole_low"":444.19,""pole_low_idx"":30,""peak_price"":495.58,""peak_idx"":55,""pole_gain"":0.11569373466309459,""flag_bars"":4,""flag_low"":485.74,""flag_high"":492.76,""structural_low"":485.74,""current_price"":486.18,""neckline_distance_pct"":0.019334402896046685,""base_bars"":4},""pattern_geometry_features"":{""pole_gain"":0.11569373466309459,""pullback_pct"":0.01985552282174417,""flag_range_pct"":0.01416522054965895,""flag_drift_per_bar"":-0.0019457813978361568,""atr_pct"":0.038054020376749965,""pole_atr_multiple"":3.040249979310478},""_schema_version"":""1.0""}",,,,,,,,,,
20260602T213437Z-756d21,2026-06-02T21:34:37.658687+00:00,ETN,bull_flag,forming,55.0,65.8,64.7,56.1,42.6,16.4,72.9,58.2,84.0,96.4,9.21,19.39,5.05,4.26,2.3,6.56,1.75,5.04,4.82,True,risk_unclear,417.62,417.9495,406.3223,446.899,"{""trend"":{""T1_ema_stack"":{""value"":[true,true,true],""score"":100.0},""T2_ema50_slope"":{""value"":0.04819692494279371,""score"":58.03282082379896},""T3_high_proximity"":{""value"":0.9644580956559895,""score"":82.22904782799473},""T4_rs_1m"":{""value"":-0.07264150744210185,""score"":0},""T5_rs_3m"":{""value"":0.05806868007317911,""score"":79.03434003658955},""T6_adr_healthy"":{""value"":3.485516399274323,""score"":100.0},""_score"":65.8},""geometry"":{""sub_pole_impulse"":33.9,""sub_flag_tightness"":70.9,""sub_flag_shallowness"":65.0,""sub_flag_drift"":100,""sub_flag_duration"":87.5,""_score"":64.65},""compression"":{""VC1_atr_ratio"":{""value"":0.46075845392216397,""score"":100},""VC2_range_contraction"":{""value"":0.8455640015839218,""score"":25.739333069346376},""VC3_range_pct_rank"":{""score"":28.333333333333332},""_score"":56.09},""sr_quality"":{""SR1_touches"":{""value"":2,""score"":25.0},""SR2_tightness"":{""value"":1.545000000000016,""score"":76.55738157982415},""SR3_recency"":{""value"":244,""score"":0.0},""SR4_price_location"":{""score"":34.50775115764058},""SR5_reaction"":{""value"":2.9534664566260087,""score"":100},""_score"":42.61,""_levels_found"":9,""_target_level"":433.885},""volume"":{""V1_rvol_day"":{""value"":0.7028058738342976,""score"":13.520391588953174},""V2_rvol_sameslot"":{""value"":0.6741830513651564,""score"":11.612203424343763,""status"":""ok""},""V3_breakout_bar"":{""value"":0.8721872510273463,""score"":24.812483401823084},""V4_base_dryup"":{""value"":1.2389212015504831,""score"":26.107879844951682},""V5_bo_expansion"":{""value"":0.7028058738342974,""score"":0},""_score"":16.45},""readiness"":{""_distance_atr"":0.025,""BR1_atr_distance"":{""score"":98.33347513064773},""BR2_compression"":{""score"":64.25267496572083},""BR3_retest"":{""score"":50.0},""BR4_bo_age"":{""score"":50.0},""_score"":72.9},""risk"":{""R1_stop_clarity"":{""score"":6.113451218381826},""R2_stop_distance_pct"":{""value"":2.7052463962453985,""score"":100.0},""R3_stop_distance_atr"":{""value"":0.857108407749831,""score"":67.85542038749155},""R4_rr_potential"":{""value"":2.591600908153458,""score"":79.5800454076729},""_score"":58.23},""market"":{""M1_spy_regime"":{""score"":100.0},""M3_earnings_risk"":{""value"":null,""score"":80.0},""M4_vix"":{""value"":null,""score"":60.0},""_score"":84.0},""liquidity"":{""L1_price"":{""value"":417.62,""score"":100.0},""L2_dollar_vol"":{""value"":865027509.4524838,""score"":100.0},""L3_spread_proxy"":{""value"":0.03574996408218005,""score"":64.25003591781996},""L4_volume_zscore"":{""value"":-0.8252620570810218,""score"":100.0},""_score"":96.43},""pattern_structure"":{""pole_low"":389.0,""pole_low_idx"":36,""peak_price"":417.9495,""peak_idx"":55,""pole_gain"":0.0744203084832905,""flag_bars"":4,""flag_low"":412.51,""flag_high"":417.94,""structural_low"":412.51,""current_price"":417.605,""neckline_distance_pct"":0.0008249422300977772,""base_bars"":4},""pattern_geometry_features"":{""pole_gain"":0.0744203084832905,""pullback_pct"":0.013014730248510907,""flag_range_pct"":0.012992000229692838,""flag_drift_per_bar"":0.0025167323188180716,""atr_pct"":0.03156247648237974,""pole_atr_multiple"":2.3578729167477346},""_schema_version"":""1.0""}",,,,,,,,,,
20260602T213437Z-756d21,2026-06-02T21:34:37.658687+00:00,GE,vcp,setup,55.0,70.9,67.8,60.4,58.2,27.3,45.6,19.8,84.0,97.4,10.64,16.96,7.24,6.99,3.55,3.19,0.99,5.04,4.87,True,risk_unclear,317.72,310.0,277.0904,389.57,"{""trend"":{""T1_ema_stack"":{""value"":[true,true,true],""score"":100.0},""T2_ema50_slope"":{""value"":0.02406037936006494,""score"":54.01006322667749},""T3_high_proximity"":{""value"":0.9349930843706779,""score"":67.49654218533891},""T4_rs_1m"":{""value"":0.05492482600600357,""score"":100},""T5_rs_3m"":{""value"":-0.16561396674703044,""score"":0},""T6_adr_healthy"":{""value"":2.7656837623186576,""score"":100.0},""_score"":70.93},""geometry"":{""sub_contraction_count"":100.0,""sub_reduction_rate"":58.3,""sub_pivot_tightness"":10.7,""sub_volume_dryup"":44.4,""sub_base_depth"":100.0,""sub_base_duration"":100.0,""_score"":67.84},""compression"":{""VC1_atr_ratio"":{""value"":0.49899433200762905,""score"":100},""VC2_range_contraction"":{""value"":0.879748606876845,""score"":20.041898853859173},""VC3_range_pct_rank"":{""score"":53.333333333333336},""_score"":60.35},""sr_quality"":{""SR1_touches"":{""value"":2,""score"":25.0},""SR2_tightness"":{""value"":0.5375499999999818,""score"":87.84609173126657},""SR3_recency"":{""value"":257,""score"":0.0},""SR4_price_location"":{""score"":90.22715266772369},""SR5_reaction"":{""value"":2.616803940568471,""score"":100},""_score"":58.23,""_levels_found"":5,""_target_level"":318.6024},""volume"":{""V1_rvol_day"":{""value"":0.9101193744570537,""score"":27.34129163047025},""V2_rvol_sameslot"":{""value"":0.984159990972938,""score"":32.2773327315292,""status"":""ok""},""V3_breakout_bar"":{""value"":0.9787517523338293,""score"":31.91678348892195},""V4_base_dryup"":{""value"":1.1316510489858005,""score"":36.83489510141995},""V5_bo_expansion"":{""value"":0.9101193744570538,""score"":0},""_score"":27.27},""readiness"":{""_distance_atr"":-0.873,""BR1_atr_distance"":{""score"":42.54521963824284},""BR2_compression"":{""score"":44.40448468285239},""BR3_retest"":{""score"":50.0},""BR4_bo_age"":{""score"":50.0},""_score"":45.62},""risk"":{""R1_stop_clarity"":{""score"":4.594476744186082},""R2_stop_distance_pct"":{""value"":12.78787926476143,""score"":0.0},""R3_stop_distance_atr"":{""value"":4.593145187338501,""score"":70.34274063307495},""R4_rr_potential"":{""value"":1.768412969346276,""score"":38.420648467313804},""_score"":19.84},""market"":{""M1_spy_regime"":{""score"":100.0},""M3_earnings_risk"":{""value"":null,""score"":80.0},""M4_vix"":{""value"":null,""score"":60.0},""_score"":84.0},""liquidity"":{""L1_price"":{""value"":317.72,""score"":100.0},""L2_dollar_vol"":{""value"":1533432823.250073,""score"":100.0},""L3_spread_proxy"":{""value"":0.026343950648369467,""score"":73.65604935163053},""L4_volume_zscore"":{""value"":-0.31754218980305693,""score"":100.0},""_score"":97.37},""pattern_structure"":{""n_contractions"":3,""contractions_pct"":[18.99,15.74,9.25],""descending_strict"":true,""final_low"":281.31,""final_pivot"":310.0,""structural_low"":281.31,""dry_up_ratio"":0.7780485346288765,""current_price"":317.72,""neckline_distance_pct"":-0.024298124134458098,""base_bars"":56,""recent_base_height"":79.57},""pattern_geometry_features"":{""contraction_count"":3.0,""first_contraction_pct"":0.18993916437098254,""last_contraction_pct"":0.09254838709677418,""dry_up_ratio"":0.7780485346288765,""near_monotone"":1.0,""base_depth_pct"":0.19275137741046836},""_schema_version"":""1.0""}",,,,,,,,,,
20260602T213437Z-756d21,2026-06-02T21:34:37.658687+00:00,GE,ascending_triangle,forming,55.0,70.9,58.4,60.4,58.2,29.5,42.4,56.2,84.0,97.4,10.64,16.35,4.83,8.15,3.54,3.39,2.25,5.04,4.87,True,risk_unclear,317.72,326.4,309.5756,338.51,"{""trend"":{""T1_ema_stack"":{""value"":[true,true,true],""score"":100.0},""T2_ema50_slope"":{""value"":0.02406037936006494,""score"":54.01006322667749},""T3_high_proximity"":{""value"":0.9349930843706779,""score"":67.49654218533891},""T4_rs_1m"":{""value"":0.05492482600600357,""score"":100},""T5_rs_3m"":{""value"":-0.16561396674703044,""score"":0},""T6_adr_healthy"":{""value"":2.7656837623186576,""score"":100.0},""_score"":70.93},""geometry"":{""sub_flat_top_quality"":66.7,""sub_hl_slope"":77.9,""sub_compression"":0,""sub_duration"":100.0,""_score"":58.38},""compression"":{""VC1_atr_ratio"":{""value"":0.49899433200762905,""score"":100},""VC2_range_contraction"":{""value"":0.879748606876845,""score"":20.041898853859173},""VC3_range_pct_rank"":{""score"":53.333333333333336},""_score"":60.35},""sr_quality"":{""SR1_touches"":{""value"":2,""score"":25.0},""SR2_tightness"":{""value"":0.5375499999999818,""score"":87.84609173126657},""SR3_recency"":{""value"":257,""score"":0.0},""SR4_price_location"":{""score"":90.22715266772369},""SR5_reaction"":{""value"":2.616803940568471,""score"":100},""_score"":58.23,""_levels_found"":5,""_target_level"":318.6024},""volume"":{""V1_rvol_day"":{""value"":0.9101193744570537,""score"":27.34129163047025},""V2_rvol_sameslot"":{""value"":0.984159990972938,""score"":32.2773327315292,""status"":""ok""},""V3_breakout_bar"":{""value"":0.9787517523338293,""score"":31.91678348892195},""V4_base_dryup"":{""value"":1.0180948676067099,""score"":48.190513239329015},""V5_bo_expansion"":{""value"":0.9101193744570538,""score"":0},""_score"":29.54},""readiness"":{""_distance_atr"":0.981,""BR1_atr_distance"":{""score"":34.58225667528035},""BR2_compression"":{""score"":44.40448468285239},""BR3_retest"":{""score"":50.0},""BR4_bo_age"":{""score"":50.0},""_score"":42.43},""risk"":{""R1_stop_clarity"":{""score"":0},""R2_stop_distance_pct"":{""value"":2.5633734105501795,""score"":100.0},""R3_stop_distance_atr"":{""value"":0.9207114018087884,""score"":71.03557009043942},""R4_rr_potential"":{""value"":2.5526899015881965,""score"":77.63449507940983},""_score"":56.18},""market"":{""M1_spy_regime"":{""score"":100.0},""M3_earnings_risk"":{""value"":null,""score"":80.0},""M4_vix"":{""value"":null,""score"":60.0},""_score"":84.0},""liquidity"":{""L1_price"":{""value"":317.72,""score"":100.0},""L2_dollar_vol"":{""value"":1533432823.250073,""score"":100.0},""L3_spread_proxy"":{""value"":0.026343950648369467,""score"":73.65604935163053},""L4_volume_zscore"":{""value"":-0.31754218980305693,""score"":100.0},""_score"":97.37},""pattern_structure"":{""top"":326.4,""top_touches"":3,""low_slope_per_bar"":0.7342210189515129,""lowest_low"":314.29,""structural_low"":314.29,""current_price"":316.86,""neckline_distance_pct"":0.030107934103389394,""base_bars"":48},""pattern_geometry_features"":{""top_touches"":3.0,""low_slope"":0.7342210189515129,""compression"":-0.0760209732366901,""atr_pct"":0.027841225877232444},""_schema_version"":""1.0""}",,,,,,,,,,
20260602T213437Z-756d21,2026-06-02T21:34:37.658687+00:00,CRS,double_bottom,breakout_confirmed,55.0,95.6,67.7,71.0,45.9,29.1,41.9,38.3,84.0,97.3,14.34,16.93,5.68,6.42,3.78,3.35,2.3,5.04,4.86,True,risk_unclear,487.25,474.94,437.5272,505.69,"{""trend"":{""T1_ema_stack"":{""value"":[true,true,true],""score"":100.0},""T2_ema50_slope"":{""value"":0.1719614971540181,""score"":78.66024952566968},""T3_high_proximity"":{""value"":1.0,""score"":99.99999999999997},""T4_rs_1m"":{""value"":0.08068964454079586,""score"":100},""T5_rs_3m"":{""value"":0.09837203056223953,""score"":99.18601528111977},""T6_adr_healthy"":{""value"":4.180745868021571,""score"":100.0},""_score"":95.61},""geometry"":{""sub_low_similarity"":26.5,""sub_bounce_quality"":56.0,""sub_separation_fit"":100.0,""sub_right_bottom_reaction"":90.5,""sub_base_context"":100.0,""_score"":67.72},""compression"":{""VC1_atr_ratio"":{""value"":0.4952004987946958,""score"":100},""VC2_range_contraction"":{""value"":0.8285774853271181,""score"":28.570419112146993},""VC3_range_pct_rank"":{""score"":84.16666666666667},""_score"":71.04},""sr_quality"":{""SR1_touches"":{""value"":3,""score"":50.0},""SR2_tightness"":{""value"":4.082942838471078,""score"":55.959635851312875},""SR3_recency"":{""value"":235,""score"":0.0},""SR4_price_location"":{""score"":30.0},""SR5_reaction"":{""value"":2.385957613194883,""score"":100},""_score"":45.89,""_levels_found"":6,""_target_level"":444.3367},""volume"":{""V1_rvol_day"":{""value"":0.7300222889013285,""score"":15.334819260088564},""V2_rvol_sameslot"":{""value"":0.8822197479807887,""score"":25.481316532052585,""status"":""ok""},""V3_breakout_bar"":{""value"":0.9758432593769868,""score"":31.722883958465786},""V4_base_dryup"":{""value"":0.8516097482169227,""score"":64.83902517830774},""V5_bo_expansion"":{""value"":0.7300222889013286,""score"":0},""_score"":29.06},""readiness"":{""_distance_atr"":-0.664,""BR1_atr_distance"":{""score"":46.72190858118037},""BR2_compression"":{""score"":22.983249681829392},""BR3_retest"":{""score"":50.0},""BR4_bo_age"":{""score"":50.0},""_score"":41.93},""risk"":{""R1_stop_clarity"":{""score"":28.13165604396245},""R2_stop_distance_pct"":{""value"":10.204792201128782,""score"":44.88019497178044},""R3_stop_distance_atr"":{""value"":2.6816594147207766,""score"":100.0},""R4_rr_potential"":{""value"":0.3708556528839356,""score"":0.0},""_score"":38.31},""market"":{""M1_spy_regime"":{""score"":100.0},""M3_earnings_risk"":{""value"":null,""score"":80.0},""M4_vix"":{""value"":null,""score"":60.0},""_score"":84.0},""liquidity"":{""L1_price"":{""value"":487.25,""score"":100.0},""L2_dollar_vol"":{""value"":209117437.0093975,""score"":100.0},""L3_spread_proxy"":{""value"":0.02715238583889166,""score"":72.84761416110834},""L4_volume_zscore"":{""value"":-1.1731813944689296,""score"":100.0},""_score"":97.28},""pattern_structure"":{""left_low"":444.19,""left_idx"":50,""right_low"":460.83,""right_idx"":68,""separation_bars"":18,""structural_low"":444.19,""current_price"":486.18,""neckline_distance_pct"":-0.0231190094203793,""base_bars"":18},""pattern_geometry_features"":{""low_similarity_pct"":0.03677266800733683,""bounce_pct"":0.06922713253337535,""right_bottom_reaction"":0.9050318922749842,""atr_pct"":0.038054020376749965},""_schema_version"":""1.0""}",,,,,,,,,,
20260602T213437Z-756d21,2026-06-02T21:34:37.658687+00:00,GE,double_bottom,forming,55.0,70.9,76.8,60.4,58.2,32.8,43.9,55.0,84.0,97.4,10.64,19.21,4.83,8.15,4.26,3.51,3.3,5.04,4.87,True,risk_unclear,317.72,325.92,309.5756,337.55,"{""trend"":{""T1_ema_stack"":{""value"":[true,true,true],""score"":100.0},""T2_ema50_slope"":{""value"":0.02406037936006494,""score"":54.01006322667749},""T3_high_proximity"":{""value"":0.9349930843706779,""score"":67.49654218533891},""T4_rs_1m"":{""value"":0.05492482600600357,""score"":100},""T5_rs_3m"":{""value"":-0.16561396674703044,""score"":0},""T6_adr_healthy"":{""value"":2.7656837623186576,""score"":100.0},""_score"":70.93},""geometry"":{""sub_low_similarity"":96.0,""sub_bounce_quality"":10.0,""sub_separation_fit"":100.0,""sub_right_bottom_reaction"":73.6,""sub_base_context"":100.0,""_score"":76.84},""compression"":{""VC1_atr_ratio"":{""value"":0.49899433200762905,""score"":100},""VC2_range_contraction"":{""value"":0.879748606876845,""score"":20.041898853859173},""VC3_range_pct_rank"":{""score"":53.333333333333336},""_score"":60.35},""sr_quality"":{""SR1_touches"":{""value"":2,""score"":25.0},""SR2_tightness"":{""value"":0.5375499999999818,""score"":87.84609173126657},""SR3_recency"":{""value"":257,""score"":0.0},""SR4_price_location"":{""score"":90.22715266772369},""SR5_reaction"":{""value"":2.616803940568471,""score"":100},""_score"":58.23,""_levels_found"":5,""_target_level"":318.6024},""volume"":{""V1_rvol_day"":{""value"":0.9101193744570537,""score"":27.34129163047025},""V2_rvol_sameslot"":{""value"":0.984159990972938,""score"":32.2773327315292,""status"":""ok""},""V3_breakout_bar"":{""value"":0.9787517523338293,""score"":31.91678348892195},""V4_base_dryup"":{""value"":0.8578024889522325,""score"":64.21975110477675},""V5_bo_expansion"":{""value"":0.9101193744570538,""score"":0},""_score"":32.75},""readiness"":{""_distance_atr"":0.927,""BR1_atr_distance"":{""score"":38.19982773471159},""BR2_compression"":{""score"":44.40448468285239},""BR3_retest"":{""score"":50.0},""BR4_bo_age"":{""score"":50.0},""_score"":43.88},""risk"":{""R1_stop_clarity"":{""score"":0},""R2_stop_distance_pct"":{""value"":2.5633734105501795,""score"":100.0},""R3_stop_distance_atr"":{""value"":0.9207114018087884,""score"":71.03557009043942},""R4_rr_potential"":{""value"":2.434816774819342,""score"":71.7408387409671},""_score"":55.0},""market"":{""M1_spy_regime"":{""score"":100.0},""M3_earnings_risk"":{""value"":null,""score"":80.0},""M4_vix"":{""value"":null,""score"":60.0},""_score"":84.0},""liquidity"":{""L1_price"":{""value"":317.72,""score"":100.0},""L2_dollar_vol"":{""value"":1533432823.250073,""score"":100.0},""L3_spread_proxy"":{""value"":0.026343950648369467,""score"":73.65604935163053},""L4_volume_zscore"":{""value"":-0.31754218980305693,""score"":100.0},""_score"":97.37},""pattern_structure"":{""left_low"":314.29,""left_idx"":56,""right_low"":314.92,""right_idx"":69,""separation_bars"":13,""structural_low"":314.29,""current_price"":316.86,""neckline_distance_pct"":0.028593069494413943,""base_bars"":13},""pattern_geometry_features"":{""low_similarity_pct"":0.002002511085329208,""bounce_pct"":0.03700404085398834,""right_bottom_reaction"":0.7357421183138437,""atr_pct"":0.027841225877232444},""_schema_version"":""1.0""}",,,,,,,,,,
20260602T213437Z-756d21,2026-06-02T21:34:37.658687+00:00,GD,vcp,forming,55.0,32.6,61.2,78.9,60.0,30.9,25.2,65.0,84.0,98.7,4.89,15.31,9.47,7.2,4.02,1.76,3.25,5.04,4.93,True,risk_unclear,337.61,353.57,328.2907,387.03,"{""trend"":{""T1_ema_stack"":{""value"":[false,false,true],""score"":33.33333333333333},""T2_ema50_slope"":{""value"":0.0023554833043396115,""score"":50.39258055072327},""T3_high_proximity"":{""value"":0.9221293564951383,""score"":61.06467824756911},""T4_rs_1m"":{""value"":-0.07780393103875183,""score"":0},""T5_rs_3m"":{""value"":-0.1907531184835134,""score"":0},""T6_adr_healthy"":{""value"":1.6468851973979257,""score"":100.0},""_score"":32.57},""geometry"":{""sub_contraction_count"":100.0,""sub_reduction_rate"":4.1,""sub_pivot_tightness"":60.9,""sub_volume_dryup"":85.3,""sub_base_depth"":32.8,""sub_base_duration"":100.0,""_score"":61.23},""compression"":{""VC1_atr_ratio"":{""value"":0.4031574854726234,""score"":100},""VC2_range_contraction"":{""value"":0.6863533043053052,""score"":52.27444928244914},""VC3_range_pct_rank"":{""score"":82.5},""_score"":78.92},""sr_quality"":{""SR1_touches"":{""value"":3,""score"":50.0},""SR2_tightness"":{""value"":1.206988907249026,""score"":59.47162947459821},""SR3_recency"":{""value"":267,""score"":0.0},""SR4_price_location"":{""score"":84.26078366809341},""SR5_reaction"":{""value"":3.4109733302539045,""score"":100},""_score"":59.99,""_levels_found"":7,""_target_level"":338.4067},""volume"":{""V1_rvol_day"":{""value"":0.8184698898002517,""score"":21.231325986683448},""V2_rvol_sameslot"":{""value"":0.7177166692948026,""score"":14.514444619653508,""status"":""ok""},""V3_breakout_bar"":{""value"":0.9469948896404642,""score"":29.79965930936428},""V4_base_dryup"":{""value"":0.6839220398910753,""score"":81.60779601089247},""V5_bo_expansion"":{""value"":0.8184698898002519,""score"":0},""_score"":30.92},""readiness"":{""_distance_atr"":2.68,""BR1_atr_distance"":{""score"":0},""BR2_compression"":{""score"":30.643538095158295},""BR3_retest"":{""score"":50.0},""BR4_bo_age"":{""score"":50.0},""_score"":25.16},""risk"":{""R1_stop_clarity"":{""score"":0},""R2_stop_distance_pct"":{""value"":2.760389206480846,""score"":100.0},""R3_stop_distance_atr"":{""value"":1.5646294161756364,""score"":100.0},""R4_rr_potential"":{""value"":5.30294494787727,""score"":100.0},""_score"":65.0},""market"":{""M1_spy_regime"":{""score"":100.0},""M3_earnings_risk"":{""value"":null,""score"":80.0},""M4_vix"":{""value"":null,""score"":60.0},""_score"":84.0},""liquidity"":{""L1_price"":{""value"":337.61,""score"":100.0},""L2_dollar_vol"":{""value"":299169568.9717826,""score"":100.0},""L3_spread_proxy"":{""value"":0.01337341903379652,""score"":86.62658096620348},""L4_volume_zscore"":{""value"":-0.5871611633921806,""score"":100.0},""_score"":98.66},""pattern_structure"":{""n_contractions"":5,""contractions_pct"":[6.41,5.35,4.84,5.22,5.74],""descending_strict"":false,""final_low"":333.29,""final_pivot"":353.57,""structural_low"":333.29,""dry_up_ratio"":0.5732660045070588,""current_price"":337.61,""neckline_distance_pct"":0.047273481235745325,""base_bars"":67,""recent_base_height"":33.45999999999998},""pattern_geometry_features"":{""contraction_count"":5.0,""first_contraction_pct"":0.06406692902551127,""last_contraction_pct"":0.05735780750629288,""dry_up_ratio"":0.5732660045070588,""near_monotone"":0.0,""base_depth_pct"":0.08278063681646802},""_schema_version"":""1.0""}",,,,,,,,,,
20260602T213437Z-756d21,2026-06-02T21:34:37.658687+00:00,ETN,cup_with_handle,setup,55.0,65.8,80.0,56.1,42.6,16.4,52.7,55.2,84.0,96.4,9.21,23.98,4.49,5.11,2.14,4.22,2.76,4.2,4.82,True,risk_unclear,417.62,409.65,383.165,479.85,"{""trend"":{""T1_ema_stack"":{""value"":[true,true,true],""score"":100.0},""T2_ema50_slope"":{""value"":0.04819692494279371,""score"":58.03282082379896},""T3_high_proximity"":{""value"":0.9644580956559895,""score"":82.22904782799473},""T4_rs_1m"":{""value"":-0.07264150744210185,""score"":0},""T5_rs_3m"":{""value"":0.05806868007317911,""score"":79.03434003658955},""T6_adr_healthy"":{""value"":3.485516399274323,""score"":100.0},""_score"":65.8},""geometry"":{""sub_cup_depth"":91.9,""sub_cup_duration"":100.0,""sub_rim_symmetry"":94.1,""sub_handle_shallowness"":58.0,""sub_handle_proportion"":92.9,""sub_u_shape"":45.7,""_score"":79.95},""compression"":{""VC1_atr_ratio"":{""value"":0.46075845392216397,""score"":100},""VC2_range_contraction"":{""value"":0.8455640015839218,""score"":25.739333069346376},""VC3_range_pct_rank"":{""score"":28.333333333333332},""_score"":56.09},""sr_quality"":{""SR1_touches"":{""value"":2,""score"":25.0},""SR2_tightness"":{""value"":1.545000000000016,""score"":76.55738157982415},""SR3_recency"":{""value"":244,""score"":0.0},""SR4_price_location"":{""score"":34.50775115764058},""SR5_reaction"":{""value"":2.9534664566260087,""score"":100},""_score"":42.61,""_levels_found"":9,""_target_level"":433.885},""volume"":{""V1_rvol_day"":{""value"":0.7028058738342976,""score"":13.520391588953174},""V2_rvol_sameslot"":{""value"":0.6741830513651564,""score"":11.612203424343763,""status"":""ok""},""V3_breakout_bar"":{""value"":0.8721872510273463,""score"":24.812483401823084},""V4_base_dryup"":{""value"":1.2389212015504831,""score"":26.107879844951682},""V5_bo_expansion"":{""value"":0.7028058738342974,""score"":0},""_score"":16.45},""readiness"":{""_distance_atr"":-0.605,""BR1_atr_distance"":{""score"":47.90694700266665},""BR2_compression"":{""score"":64.25267496572083},""BR3_retest"":{""score"":50.0},""BR4_bo_age"":{""score"":50.0},""_score"":52.73},""risk"":{""R1_stop_clarity"":{""score"":11.464285772346784},""R2_stop_distance_pct"":{""value"":8.250323260380247,""score"":93.74191849049383},""R3_stop_distance_atr"":{""value"":2.613965752968124,""score"":100.0},""R4_rr_potential"":{""value"":1.8061239297634593,""score"":40.306196488172965},""_score"":55.2},""market"":{""M1_spy_regime"":{""score"":100.0},""M3_earnings_risk"":{""value"":null,""score"":80.0},""M4_vix"":{""value"":null,""score"":60.0},""_score"":84.0},""liquidity"":{""L1_price"":{""value"":417.62,""score"":100.0},""L2_dollar_vol"":{""value"":865027509.4524838,""score"":100.0},""L3_spread_proxy"":{""value"":0.03574996408218005,""score"":64.25003591781996},""L4_volume_zscore"":{""value"":-0.8252620570810218,""score"":100.0},""_score"":96.43},""pattern_structure"":{""left_rim"":408.45,""left_rim_idx"":104,""cup_bottom"":338.25,""cup_bottom_idx"":120,""right_rim"":409.65,""right_rim_idx"":174,""handle_low"":389.0,""handle_bars"":5,""cup_bars"":70,""structural_low"":389.0,""current_price"":417.62,""neckline_distance_pct"":-0.019084335041425284,""base_bars"":75},""pattern_geometry_features"":{""cup_depth_pct"":0.1718692618435549,""rim_symmetry_pct"":0.0029379360998897995,""handle_depth_pct"":0.05040888563407782,""handle_to_cup_ratio"":0.07142857142857142,""cup_duration_bars"":70.0,""atr_pct"":0.03156247648237974,""u_shape_score"":0.22857142857142856},""_schema_version"":""1.0""}",,,,,,,,,,
20260602T213437Z-756d21,2026-06-02T21:34:37.658687+00:00,LFVN,bull_flag,forming,54.97,80.2,63.4,0.0,51.5,55.0,17.5,60.1,84.0,69.2,11.23,19.0,0.0,5.16,7.7,1.57,1.8,5.04,3.46,True,stop_too_wide,8.62,11.71,7.3875,16.89,"{""trend"":{""T1_ema_stack"":{""value"":[true,true,false],""score"":66.66666666666666},""T2_ema50_slope"":{""value"":0.3639144290041364,""score"":100},""T3_high_proximity"":{""value"":0.914103923647932,""score"":57.05196182396599},""T4_rs_1m"":{""value"":0.5334701803249802,""score"":100},""T5_rs_3m"":{""value"":0.6793604451761153,""score"":100},""T6_adr_healthy"":{""value"":12.271718004149408,""score"":0.0},""_score"":80.22},""geometry"":{""sub_pole_impulse"":100.0,""sub_flag_tightness"":62.9,""sub_flag_shallowness"":9.4,""sub_flag_drift"":38.3,""sub_flag_duration"":100.0,""_score"":63.35},""compression"":{""VC1_atr_ratio"":{""value"":1.10246092706215,""score"":0},""VC2_range_contraction"":{""value"":1.9399894797836101,""score"":0},""VC3_range_pct_rank"":{""score"":0.0},""_score"":0.0},""sr_quality"":{""SR1_touches"":{""value"":5,""score"":100},""SR2_tightness"":{""value"":0.2688611567333593,""score"":47.66656432415894},""SR3_recency"":{""value"":241,""score"":0.0},""SR4_price_location"":{""score"":30.0},""SR5_reaction"":{""value"":0.9194419147856434,""score"":45.97209573928217},""_score"":51.55,""_levels_found"":3,""_target_level"":6.168},""volume"":{""V1_rvol_day"":{""value"":5.289580564103825,""score"":100},""V2_rvol_sameslot"":{""value"":3.9566017195553953,""score"":100,""status"":""ok""},""V3_breakout_bar"":{""value"":0.44922012245252124,""score"":0},""V4_base_dryup"":{""value"":7.7665454428045475,""score"":0},""V5_bo_expansion"":{""value"":5.289580564103825,""score"":100},""_score"":55.0},""readiness"":{""_distance_atr"":3.007,""BR1_atr_distance"":{""score"":0},""BR2_compression"":{""score"":0},""BR3_retest"":{""score"":50.0},""BR4_bo_age"":{""score"":50.0},""_score"":17.5},""risk"":{""R1_stop_clarity"":{""score"":78.10203755326769},""R2_stop_distance_pct"":{""value"":14.29814385150811,""score"":0.0},""R3_stop_distance_atr"":{""value"":1.1995217206932258,""score"":84.9760860346613},""R4_rr_potential"":{""value"":6.709939148073029,""score"":100.0},""_score"":60.08},""market"":{""M1_spy_regime"":{""score"":100.0},""M3_earnings_risk"":{""value"":null,""score"":80.0},""M4_vix"":{""value"":null,""score"":60.0},""_score"":84.0},""liquidity"":{""L1_price"":{""value"":8.62,""score"":99.31},""L2_dollar_vol"":{""value"":21956755.882365618,""score"":67.0784086685361},""L3_spread_proxy"":{""value"":0.4883990719257542,""score"":0},""L4_volume_zscore"":{""value"":3.3868343957550584,""score"":70.0},""_score"":69.16},""pattern_structure"":{""pole_low"":6.53,""pole_low_idx"":29,""peak_price"":11.71,""peak_idx"":54,""pole_gain"":0.7932618683001532,""flag_bars"":5,""flag_low"":7.5,""flag_high"":9.57,""structural_low"":7.5,""current_price"":8.95,""neckline_distance_pct"":0.3083798882681566,""base_bars"":5},""pattern_geometry_features"":{""pole_gain"":0.7932618683001532,""pullback_pct"":0.35952177625960724,""flag_range_pct"":0.17677198975234842,""flag_drift_per_bar"":-0.012346368715083935,""atr_pct"":0.11919870732515746,""pole_atr_multiple"":6.654953615698578},""_schema_version"":""1.0""}",,,,,,,,,,
20260602T213437Z-756d21,2026-06-02T21:34:37.658687+00:00,ETN,double_bottom,setup,54.7,65.8,62.6,56.1,42.6,14.5,50.8,48.5,84.0,96.4,9.87,15.65,4.49,5.97,1.89,4.07,2.91,5.04,4.82,True,risk_unclear,417.62,406.54,389.3705,417.78,"{""trend"":{""T1_ema_stack"":{""value"":[true,true,true],""score"":100.0},""T2_ema50_slope"":{""value"":0.04819692494279371,""score"":58.03282082379896},""T3_high_proximity"":{""value"":0.9644580956559895,""score"":82.22904782799473},""T4_rs_1m"":{""value"":-0.07264150744210185,""score"":0},""T5_rs_3m"":{""value"":0.05806868007317911,""score"":79.03434003658955},""T6_adr_healthy"":{""value"":3.485516399274323,""score"":100.0},""_score"":65.8},""geometry"":{""sub_low_similarity"":90.2,""sub_bounce_quality"":0,""sub_separation_fit"":100.0,""sub_right_bottom_reaction"":3.7,""sub_base_context"":100.0,""_score"":62.62},""compression"":{""VC1_atr_ratio"":{""value"":0.46075845392216397,""score"":100},""VC2_range_contraction"":{""value"":0.8455640015839218,""score"":25.739333069346376},""VC3_range_pct_rank"":{""score"":28.333333333333332},""_score"":56.09},""sr_quality"":{""SR1_touches"":{""value"":2,""score"":25.0},""SR2_tightness"":{""value"":1.545000000000016,""score"":76.55738157982415},""SR3_recency"":{""value"":244,""score"":0.0},""SR4_price_location"":{""score"":34.50775115764058},""SR5_reaction"":{""value"":2.9534664566260087,""score"":100},""_score"":42.61,""_levels_found"":9,""_target_level"":433.885},""volume"":{""V1_rvol_day"":{""value"":0.7028058738342976,""score"":13.520391588953174},""V2_rvol_sameslot"":{""value"":0.6741830513651564,""score"":11.612203424343763,""status"":""ok""},""V3_breakout_bar"":{""value"":0.8721872510273463,""score"":24.812483401823084},""V4_base_dryup"":{""value"":1.3358712575496148,""score"":16.412874245038523},""V5_bo_expansion"":{""value"":0.7028058738342974,""score"":0},""_score"":14.51},""readiness"":{""_distance_atr"":-0.841,""BR1_atr_distance"":{""score"":43.18807688701972},""BR2_compression"":{""score"":64.25267496572083},""BR3_retest"":{""score"":50.0},""BR4_bo_age"":{""score"":50.0},""_score"":50.84},""risk"":{""R1_stop_clarity"":{""score"":10.03041687868496},""R2_stop_distance_pct"":{""value"":6.764403045831141,""score"":100.0},""R3_stop_distance_atr"":{""value"":2.1431787995493568,""score"":100.0},""R4_rr_potential"":{""value"":0.005663817058709887,""score"":0.0},""_score"":48.51},""market"":{""M1_spy_regime"":{""score"":100.0},""M3_earnings_risk"":{""value"":null,""score"":80.0},""M4_vix"":{""value"":null,""score"":60.0},""_score"":84.0},""liquidity"":{""L1_price"":{""value"":417.62,""score"":100.0},""L2_dollar_vol"":{""value"":865027509.4524838,""score"":100.0},""L3_spread_proxy"":{""value"":0.03574996408218005,""score"":64.25003591781996},""L4_volume_zscore"":{""value"":-0.8252620570810218,""score"":100.0},""_score"":96.43},""pattern_structure"":{""left_low"":395.3,""left_idx"":50,""right_low"":397.25,""right_idx"":73,""separation_bars"":23,""structural_low"":395.3,""current_price"":417.605,""neckline_distance_pct"":-0.026496330264244913,""base_bars"":23},""pattern_geometry_features"":{""low_similarity_pct"":0.004920825184530916,""bounce_pct"":0.028434100683025574,""right_bottom_reaction"":0.03709949409781232,""atr_pct"":0.03156247648237974},""_schema_version"":""1.0""}",,,,,,,,,,
20260602T213437Z-756d21,2026-06-02T21:34:37.658687+00:00,TSEM,ascending_triangle,absent,54.66,96.4,42.5,43.5,48.4,15.9,58.4,47.1,84.0,90.9,14.46,11.89,3.48,6.77,1.9,4.67,1.88,5.04,4.54,False,,274.71,290.074,237.3604,339.173,"{""trend"":{""T1_ema_stack"":{""value"":[true,true,true],""score"":100.0},""T2_ema50_slope"":{""value"":0.8425576820331481,""score"":100},""T3_high_proximity"":{""value"":0.9521020344504905,""score"":76.0510172252452},""T4_rs_1m"":{""value"":0.2060730134354285,""score"":100},""T5_rs_3m"":{""value"":1.0719282908438177,""score"":100},""T6_adr_healthy"":{""value"":7.796268539395166,""score"":100.0},""_score"":96.41},""geometry"":{""sub_flat_top_quality"":33.3,""sub_hl_slope"":40.9,""sub_compression"":20.9,""sub_duration"":100.0,""_score"":42.48},""compression"":{""VC1_atr_ratio"":{""value"":0.5936847618646617,""score"":100},""VC2_range_contraction"":{""value"":1.0320249408987525,""score"":0},""VC3_range_pct_rank"":{""score"":14.166666666666671},""_score"":43.54},""sr_quality"":{""SR1_touches"":{""value"":3,""score"":50.0},""SR2_tightness"":{""value"":2.8574580778493854,""score"":77.01475054137713},""SR3_recency"":{""value"":232,""score"":0.0},""SR4_price_location"":{""score"":30.0},""SR5_reaction"":{""value"":1.9119128120106896,""score"":95.59564060053448},""_score"":48.39,""_levels_found"":4,""_target_level"":232.37},""volume"":{""V1_rvol_day"":{""value"":0.9313126421343457,""score"":28.754176142289715},""V2_rvol_sameslot"":{""value"":0.6257474881890869,""score"":8.383165879272457,""status"":""ok""},""V3_breakout_bar"":{""value"":0.44893836107514545,""score"":0},""V4_base_dryup"":{""value"":1.0776796428362896,""score"":42.232035716371044},""V5_bo_expansion"":{""value"":0.931312642134346,""score"":0},""_score"":15.87},""readiness"":{""_distance_atr"":0.618,""BR1_atr_distance"":{""score"":58.80425153392848},""BR2_compression"":{""score"":69.54023055984517},""BR3_retest"":{""score"":50.0},""BR4_bo_age"":{""score"":50.0},""_score"":58.41},""risk"":{""R1_stop_clarity"":{""score"":70.92413779630832},""R2_stop_distance_pct"":{""value"":13.59601943868078,""score"":0.0},""R3_stop_distance_atr"":{""value"":1.502192550900246,""score"":100.0},""R4_rr_potential"":{""value"":1.7259343299966214,""score"":36.29671649983107},""_score"":47.08},""market"":{""M1_spy_regime"":{""score"":100.0},""M3_earnings_risk"":{""value"":null,""score"":80.0},""M4_vix"":{""value"":null,""score"":60.0},""_score"":84.0},""liquidity"":{""L1_price"":{""value"":274.71,""score"":100.0},""L2_dollar_vol"":{""value"":633551717.0186356,""score"":100.0},""L3_spread_proxy"":{""value"":0.09108004805067163,""score"":8.919951949328365},""L4_volume_zscore"":{""value"":-0.157288770858179,""score"":100.0},""_score"":90.89},""pattern_structure"":{""top"":290.074,""top_touches"":2,""low_slope_per_bar"":0.29575339296730646,""lowest_low"":240.975,""structural_low"":240.975,""current_price"":274.81,""neckline_distance_pct"":0.05554383028274084,""base_bars"":48},""pattern_geometry_features"":{""top_touches"":2.0,""low_slope"":0.29575339296730646,""compression"":0.10462212171145024,""atr_pct"":0.09050783423558352},""_schema_version"":""1.0""}",,,,,,,,,,
20260602T213437Z-756d21,2026-06-02T21:34:37.658687+00:00,WULF,high_tight_pullback,absent,54.6,99.3,43.6,65.0,36.0,18.5,54.6,76.6,84.0,94.6,11.92,15.26,6.5,2.88,2.59,4.91,0.77,5.04,4.73,False,,26.49,27.465,25.674,30.99,"{""trend"":{""T1_ema_stack"":{""value"":[true,true,true],""score"":100.0},""T2_ema50_slope"":{""value"":0.5777500509519239,""score"":100},""T3_high_proximity"":{""value"":0.9906507105459985,""score"":95.32535527299923},""T4_rs_1m"":{""value"":0.18907156754667387,""score"":100},""T5_rs_3m"":{""value"":0.6806777224262284,""score"":100},""T6_adr_healthy"":{""value"":6.808690142744924,""score"":100.0},""_score"":99.3},""geometry"":{""sub_pole_impulse"":30.8,""sub_flag_tightness"":45.0,""sub_flag_shallowness"":30.8,""sub_flag_drift"":46.3,""sub_flag_duration"":100.0,""_score"":43.59},""compression"":{""VC1_atr_ratio"":{""value"":0.5288966926875609,""score"":100},""VC2_range_contraction"":{""value"":0.9313075645824123,""score"":11.448739236264624},""VC3_range_pct_rank"":{""score"":84.16666666666667},""_score"":65.05},""sr_quality"":{""SR1_touches"":{""value"":2,""score"":25.0},""SR2_tightness"":{""value"":0.32750000000000057,""score"":62.54742835204594},""SR3_recency"":{""value"":237,""score"":0.0},""SR4_price_location"":{""score"":30.0},""SR5_reaction"":{""value"":1.5524233896823665,""score"":77.62116948411833},""_score"":36.03,""_levels_found"":8,""_target_level"":21.3075},""volume"":{""V1_rvol_day"":{""value"":0.8642338060522085,""score"":24.282253736813896},""V2_rvol_sameslot"":{""value"":0.678458019735861,""score"":11.897201315724065,""status"":""ok""},""V3_breakout_bar"":{""value"":0.6582715337260707,""score"":10.55143558173805},""V4_base_dryup"":{""value"":1.0675083060545953,""score"":43.249169394540466},""V5_bo_expansion"":{""value"":0.8642338060522087,""score"":0},""_score"":18.52},""readiness"":{""_distance_atr"":0.558,""BR1_atr_distance"":{""score"":62.83332584554179},""BR2_compression"":{""score"":47.888317149725786},""BR3_retest"":{""score"":50.0},""BR4_bo_age"":{""score"":50.0},""_score"":54.61},""risk"":{""R1_stop_clarity"":{""score"":55.28849099218673},""R2_stop_distance_pct"":{""value"":3.0803133257833073,""score"":100.0},""R3_stop_distance_atr"":{""value"":0.4665704145105219,""score"":48.32852072552609},""R4_rr_potential"":{""value"":5.51487484297927,""score"":100.0},""_score"":76.6},""market"":{""M1_spy_regime"":{""score"":100.0},""M3_earnings_risk"":{""value"":null,""score"":80.0},""M4_vix"":{""value"":null,""score"":60.0},""_score"":84.0},""liquidity"":{""L1_price"":{""value"":26.49,""score"":100.0},""L2_dollar_vol"":{""value"":651477198.6214747,""score"":100.0},""L3_spread_proxy"":{""value"":0.053793884484711244,""score"":46.20611551528876},""L4_volume_zscore"":{""value"":-0.4867109454276865,""score"":100.0},""_score"":94.62},""pattern_structure"":{""pole_low"":23.94,""pole_low_idx"":48,""peak_price"":27.465,""peak_idx"":54,""pole_gain"":0.14724310776942348,""flag_bars"":5,""flag_low"":26.065,""flag_high"":27.4,""structural_low"":26.065,""current_price"":26.14,""neckline_distance_pct"":0.05068859984697778,""base_bars"":5},""pattern_geometry_features"":{""pole_gain"":0.14724310776942348,""pullback_pct"":0.05097396686692149,""flag_range_pct"":0.04860731840524294,""flag_drift_per_bar"":-0.010749808722264791,""atr_pct"":0.06602033112225639,""pole_atr_multiple"":2.23026914991927},""_schema_version"":""1.0""}",,,,,,,,,,
20260602T213437Z-756d21,2026-06-02T21:34:37.658687+00:00,MPWR,ascending_triangle,absent,54.46,82.7,41.2,39.9,59.8,38.3,38.7,67.2,84.0,70.7,12.41,11.53,3.19,8.37,4.59,3.1,2.69,5.04,3.54,False,,1624.99,1714.0899,1485.6164,1919.9398,"{""trend"":{""T1_ema_stack"":{""value"":[true,true,true],""score"":100.0},""T2_ema50_slope"":{""value"":0.4547382605525324,""score"":100},""T3_high_proximity"":{""value"":0.9771554678949838,""score"":88.57773394749185},""T4_rs_1m"":{""value"":-0.02779238559447328,""score"":22.20761440552672},""T5_rs_3m"":{""value"":0.396032114774733,""score"":100},""T6_adr_healthy"":{""value"":4.585275096419421,""score"":100.0},""_score"":82.73},""geometry"":{""sub_flat_top_quality"":33.3,""sub_hl_slope"":54.0,""sub_compression"":0,""sub_duration"":100.0,""_score"":41.19},""compression"":{""VC1_atr_ratio"":{""value"":0.6949072748775157,""score"":76.27318128062107},""VC2_range_contraction"":{""value"":1.1798513242035904,""score"":0},""VC3_range_pct_rank"":{""score"":37.5},""_score"":39.88},""sr_quality"":{""SR1_touches"":{""value"":3,""score"":50.0},""SR2_tightness"":{""value"":22.704652973931704,""score"":43.81251834313353},""SR3_recency"":{""value"":236,""score"":0.0},""SR4_price_location"":{""score"":92.98627259770461},""SR5_reaction"":{""value"":2.215692320917968,""score"":100},""_score"":59.82,""_levels_found"":4,""_target_level"":1653.04},""volume"":{""V1_rvol_day"":{""value"":1.024193831785272,""score"":34.94625545235146},""V2_rvol_sameslot"":{""value"":1.1301376287995855,""score"":42.0091752533057,""status"":""ok""},""V3_breakout_bar"":{""value"":1.2775447856856539,""score"":51.836319045710255},""V4_base_dryup"":{""value"":1.0154208367925177,""score"":48.457916320748225},""V5_bo_expansion"":{""value"":1.024193831785272,""score"":1.6129221190181269},""_score"":38.28},""readiness"":{""_distance_atr"":1.102,""BR1_atr_distance"":{""score"":26.501130221683283},""BR2_compression"":{""score"":42.46799569929442},""BR3_retest"":{""score"":50.0},""BR4_bo_age"":{""score"":50.0},""_score"":38.72},""risk"":{""R1_stop_clarity"":{""score"":44.013101126373776},""R2_stop_distance_pct"":{""value"":8.576889703936647,""score"":85.57775740158382},""R3_stop_distance_atr"":{""value"":1.724547739717197,""score"":100.0},""R4_rr_potential"":{""value"":2.116253006308222,""score"":55.81265031541109},""_score"":67.24},""market"":{""M1_spy_regime"":{""score"":100.0},""M3_earnings_risk"":{""value"":null,""score"":80.0},""M4_vix"":{""value"":null,""score"":60.0},""_score"":84.0},""liquidity"":{""L1_price"":{""value"":1624.99,""score"":0.0},""L2_dollar_vol"":{""value"":1125715159.1277168,""score"":100.0},""L3_spread_proxy"":{""value"":0.04291718718269036,""score"":57.082812817309645},""L4_volume_zscore"":{""value"":0.09181208340060881,""score"":100.0},""_score"":70.71},""pattern_structure"":{""top"":1714.0899,""top_touches"":2,""low_slope_per_bar"":2.441810610302347,""lowest_low"":1508.24,""structural_low"":1508.24,""current_price"":1609.85,""neckline_distance_pct"":0.0647513122340591,""base_bars"":48},""pattern_geometry_features"":{""top_touches"":2.0,""low_slope"":2.441810610302347,""compression"":-0.011790830788314777,""atr_pct"":0.049734139023273095},""_schema_version"":""1.0""}",,,,,,,,,,
20260602T213437Z-756d21,2026-06-02T21:34:37.658687+00:00,VOYG,high_tight_pullback,forming,54.33,94.0,58.7,32.0,33.9,3.0,63.9,80.8,84.0,91.4,11.28,20.54,3.2,2.71,0.43,5.75,0.81,5.04,4.57,False,,49.95,51.9499,48.2163,59.8098,"{""trend"":{""T1_ema_stack"":{""value"":[true,true,true],""score"":100.0},""T2_ema50_slope"":{""value"":0.7010507178774383,""score"":100},""T3_high_proximity"":{""value"":0.9648445045393085,""score"":82.42225226965422},""T4_rs_1m"":{""value"":0.8238127494549876,""score"":100},""T5_rs_3m"":{""value"":0.6579498471891412,""score"":100},""T6_adr_healthy"":{""value"":10.706807066953122,""score"":32.32982332617196},""_score"":93.98},""geometry"":{""sub_pole_impulse"":21.3,""sub_flag_tightness"":81.1,""sub_flag_shallowness"":35.2,""sub_flag_drift"":100,""sub_flag_duration"":100.0,""_score"":58.7},""compression"":{""VC1_atr_ratio"":{""value"":0.7672548807523233,""score"":58.18627981191917},""VC2_range_contraction"":{""value"":1.0271717585757854,""score"":0},""VC3_range_pct_rank"":{""score"":35.0},""_score"":32.02},""sr_quality"":{""SR1_touches"":{""value"":2,""score"":25.0},""SR2_tightness"":{""value"":0.9945000000000022,""score"":58.62407132243676},""SR3_recency"":{""value"":154,""score"":0.0},""SR4_price_location"":{""score"":30.0},""SR5_reaction"":{""value"":1.3426894502228826,""score"":67.13447251114412},""_score"":33.86,""_levels_found"":3,""_target_level"":34.9345},""volume"":{""V1_rvol_day"":{""value"":0.7165122664361377,""score"":14.434151095742518},""V2_rvol_sameslot"":{""value"":0.5113190954687744,""score"":0.7546063645849606,""status"":""ok""},""V3_breakout_bar"":{""value"":0.49691187229779776,""score"":0},""V4_base_dryup"":{""value"":2.047585975618302,""score"":0},""V5_bo_expansion"":{""value"":0.7165122664361377,""score"":0},""_score"":3.04},""readiness"":{""_distance_atr"":0.416,""BR1_atr_distance"":{""score"":72.26488360574547},""BR2_compression"":{""score"":70.03131527863151},""BR3_retest"":{""score"":50.0},""BR4_bo_age"":{""score"":50.0},""_score"":63.91},""risk"":{""R1_stop_clarity"":{""score"":69.45133432392267},""R2_stop_distance_pct"":{""value"":3.4707887887887945,""score"":100.0},""R3_stop_distance_atr"":{""value"":0.36064228826151623,""score"":43.03211441307582},""R4_rr_potential"":{""value"":5.687277601881325,""score"":100.0},""_score"":80.76},""market"":{""M1_spy_regime"":{""score"":100.0},""M3_earnings_risk"":{""value"":null,""score"":80.0},""M4_vix"":{""value"":null,""score"":60.0},""_score"":84.0},""liquidity"":{""L1_price"":{""value"":49.95,""score"":100.0},""L2_dollar_vol"":{""value"":101581122.58785675,""score"":100.0},""L3_spread_proxy"":{""value"":0.08588388388388393,""score"":14.11611611611606},""L4_volume_zscore"":{""value"":-0.9283967958833529,""score"":100.0},""_score"":91.41},""pattern_structure"":{""pole_low"":44.09,""pole_low_idx"":48,""peak_price"":51.9499,""peak_idx"":55,""pole_gain"":0.17826944885461546,""flag_bars"":4,""flag_low"":48.9506,""flag_high"":50.0,""structural_low"":48.9506,""current_price"":49.655,""neckline_distance_pct"":0.04621689658644645,""base_bars"":4},""pattern_geometry_features"":{""pole_gain"":0.17826944885461546,""pullback_pct"":0.05773447109619072,""flag_range_pct"":0.020200231376768744,""flag_drift_per_bar"":0.00068975933944216,""atr_pct"":0.09623909623909623,""pole_atr_multiple"":1.8523599641015247},""_schema_version"":""1.0""}",,,,,,,,,,
20260602T213437Z-756d21,2026-06-02T21:34:37.658687+00:00,TRMB,breakout_retest_hold,setup,54.32,6.5,94.5,46.2,46.3,24.1,57.1,57.3,84.0,96.5,0.9,20.79,2.77,6.48,3.14,10.27,2.86,4.2,2.9,True,trend_floor;weak_retest_trend,57.74,56.5384,55.4103,57.6752,"{""trend"":{""T1_ema_stack"":{""value"":[false,false,false],""score"":0.0},""T2_ema50_slope"":{""value"":-0.5688713302720786,""score"":0},""T3_high_proximity"":{""value"":0.819472040874255,""score"":9.736020437127458},""T4_rs_1m"":{""value"":-0.2101015085665644,""score"":0},""T5_rs_3m"":{""value"":-0.28159723749209353,""score"":0},""T6_adr_healthy"":{""value"":3.846278058912677,""score"":100.0},""_score"":6.46},""geometry"":{""sub_retest_depth"":100.0,""sub_retest_timing"":100.0,""sub_retest_freshness"":100.0,""sub_hold_quality"":81.7,""_score"":94.51},""compression"":{""VC1_atr_ratio"":{""value"":0.37140586997316605,""score"":100},""VC2_range_contraction"":{""value"":1.1170226807624941,""score"":0},""VC3_range_pct_rank"":{""score"":25.0},""_score"":46.25},""sr_quality"":{""SR1_touches"":{""value"":2,""score"":25.0},""SR2_tightness"":{""value"":0.030000000000001137,""score"":96.82362016547414},""SR3_recency"":{""value"":262,""score"":0.0},""SR4_price_location"":{""score"":37.02943189596168},""SR5_reaction"":{""value"":2.690658418162843,""score"":100},""_score"":46.28,""_levels_found"":7,""_target_level"":63.49},""volume"":{""V1_rvol_day"":{""value"":0.9561146766514175,""score"":30.4076451100945},""V2_rvol_sameslot"":{""value"":1.005345931515504,""score"":33.68972876770027,""status"":""ok""},""V3_breakout_bar"":{""value"":1.0953106840370237,""score"":39.68737893580158},""V4_base_dryup"":{""value"":1.4294475777996825,""score"":7.055242220031758},""V5_bo_expansion"":{""value"":0.9561146766514175,""score"":0},""_score"":24.15},""readiness"":{""_distance_atr"":-0.636,""BR1_atr_distance"":{""score"":47.277539969446266},""BR2_compression"":{""score"":66.64699688399072},""BR3_retest"":{""score"":84.95454751712967},""BR4_bo_age"":{""score"":30},""_score"":57.06},""risk"":{""R1_stop_clarity"":{""score"":40.7393402205316},""R2_stop_distance_pct"":{""value"":4.034811222722554,""score"":100.0},""R3_stop_distance_atr"":{""value"":1.2333353500824353,""score"":86.66676750412176},""R4_rr_potential"":{""value"":-0.027814740095287383,""score"":0.0},""_score"":57.26},""market"":{""M1_spy_regime"":{""score"":100.0},""M3_earnings_risk"":{""value"":null,""score"":80.0},""M4_vix"":{""value"":null,""score"":60.0},""_score"":84.0},""liquidity"":{""L1_price"":{""value"":57.74,""score"":100.0},""L2_dollar_vol"":{""value"":164362354.69365212,""score"":100.0},""L3_spread_proxy"":{""value"":0.034464842396951884,""score"":65.53515760304812},""L4_volume_zscore"":{""value"":-0.12917571452834134,""score"":100.0},""_score"":96.55},""pattern_structure"":{""level"":56.5384,""level_idx"":49,""breakout_idx"":69,""bo_peak_idx"":73,""bo_peak_price"":58.3,""retest_idx"":74,""retest_low"":55.97,""structural_low"":55.97,""current_price"":57.25,""neckline_distance_pct"":-0.012429694323144055,""base_bars"":30,""bars_since_breakout"":10},""pattern_geometry_features"":{""retest_depth_atr"":0.9157192174913761,""bars_breakout_to_retest"":5.0,""bars_since_retest"":5.0,""current_above_level_atr"":1.1464211737629415,""bo_peak_excess_pct"":0.031157584933425676,""atr_pct"":0.032714632094611326},""_schema_version"":""1.0""}",,,,,,,,,,
20260602T213437Z-756d21,2026-06-02T21:34:37.658687+00:00,TTWO,double_bottom,forming,54.28,46.0,61.2,49.2,49.0,27.9,45.5,68.8,84.0,97.0,6.89,15.31,3.93,6.86,3.62,3.64,4.13,5.04,4.85,True,reversal_trend_cap,222.38,231.02,214.0996,244.68,"{""trend"":{""T1_ema_stack"":{""value"":[false,true,false],""score"":33.33333333333333},""T2_ema50_slope"":{""value"":0.24405930891763516,""score"":90.67655148627253},""T3_high_proximity"":{""value"":0.9172578782379145,""score"":58.62893911895723},""T4_rs_1m"":{""value"":-0.0246127337781612,""score"":25.3872662218388},""T5_rs_3m"":{""value"":-0.09191633436776847,""score"":4.041832816115765},""T6_adr_healthy"":{""value"":3.4287457435007997,""score"":100.0},""_score"":45.95},""geometry"":{""sub_low_similarity"":70.8,""sub_bounce_quality"":46.9,""sub_separation_fit"":60.0,""sub_right_bottom_reaction"":10.8,""sub_base_context"":100.0,""_score"":61.24},""compression"":{""VC1_atr_ratio"":{""value"":0.570568781927498,""score"":100},""VC2_range_contraction"":{""value"":1.4158125834639437,""score"":0},""VC3_range_pct_rank"":{""score"":36.66666666666667},""_score"":49.17},""sr_quality"":{""SR1_touches"":{""value"":4,""score"":75.0},""SR2_tightness"":{""value"":1.517015986031457,""score"":69.18305215676399},""SR3_recency"":{""value"":229,""score"":0.0},""SR4_price_location"":{""score"":4.581009851964443},""SR5_reaction"":{""value"":2.6520146958639605,""score"":100},""_score"":49.02,""_levels_found"":5,""_target_level"":248.0},""volume"":{""V1_rvol_day"":{""value"":0.9527575630229744,""score"":30.18383753486496},""V2_rvol_sameslot"":{""value"":1.0438394863036233,""score"":36.255965753574884,""status"":""ok""},""V3_breakout_bar"":{""value"":0.9696015362912677,""score"":31.30676908608451},""V4_base_dryup"":{""value"":1.1615072516817788,""score"":33.849274831822115},""V5_bo_expansion"":{""value"":0.9527575630229745,""score"":0},""_score"":27.88},""readiness"":{""_distance_atr"":0.878,""BR1_atr_distance"":{""score"":41.49513874227595},""BR2_compression"":{""score"":45.55745259271786},""BR3_retest"":{""score"":50.0},""BR4_bo_age"":{""score"":50.0},""_score"":45.49},""risk"":{""R1_stop_clarity"":{""score"":33.767621651151586},""R2_stop_distance_pct"":{""value"":3.7235362892346373,""score"":100.0},""R3_stop_distance_atr"":{""value"":0.8410480089556538,""score"":67.05240044778269},""R4_rr_potential"":{""value"":2.6931066132070973,""score"":84.65533066035486},""_score"":68.81},""market"":{""M1_spy_regime"":{""score"":100.0},""M3_earnings_risk"":{""value"":null,""score"":80.0},""M4_vix"":{""value"":null,""score"":60.0},""_score"":84.0},""liquidity"":{""L1_price"":{""value"":222.38,""score"":100.0},""L2_dollar_vol"":{""value"":596294726.3236762,""score"":100.0},""L3_spread_proxy"":{""value"":0.029858800251821145,""score"":70.14119974817885},""L4_volume_zscore"":{""value"":-0.08499875313003212,""score"":100.0},""_score"":97.01},""pattern_structure"":{""left_low"":220.56,""left_idx"":39,""right_low"":217.36,""right_idx"":75,""separation_bars"":36,""structural_low"":217.36,""current_price"":220.76,""neckline_distance_pct"":0.04647581083529634,""base_bars"":36},""pattern_geometry_features"":{""low_similarity_pct"":0.014614541468761365,""bounce_pct"":0.06284504968715493,""right_bottom_reaction"":0.10789473684209817,""atr_pct"":0.04427257718448471},""_schema_version"":""1.0""}",,,,,,,,,,
20260602T213437Z-756d21,2026-06-02T21:34:37.658687+00:00,SIRI,vcp,setup,54.27,87.8,45.2,51.6,43.6,32.9,45.4,20.4,84.0,97.0,13.17,11.3,6.19,5.24,4.28,3.18,1.02,5.04,4.85,True,risk_unclear,28.77,27.48,25.1273,33.09,"{""trend"":{""T1_ema_stack"":{""value"":[true,true,true],""score"":100.0},""T2_ema50_slope"":{""value"":0.3344363440883417,""score"":100},""T3_high_proximity"":{""value"":0.9631737529293605,""score"":81.58687646468022},""T4_rs_1m"":{""value"":0.002936624535782917,""score"":52.93662453578292},""T5_rs_3m"":{""value"":0.17888956118992305,""score"":100},""T6_adr_healthy"":{""value"":2.9369667263140435,""score"":100.0},""_score"":87.83},""geometry"":{""sub_contraction_count"":100.0,""sub_reduction_rate"":0,""sub_pivot_tightness"":40.4,""sub_volume_dryup"":27.6,""sub_base_depth"":0.0,""sub_base_duration"":100.0,""_score"":45.2},""compression"":{""VC1_atr_ratio"":{""value"":0.6637012701323796,""score"":84.0746824669051},""VC2_range_contraction"":{""value"":0.8455719292873987,""score"":25.738011785433557},""VC3_range_pct_rank"":{""score"":35.83333333333333},""_score"":51.6},""sr_quality"":{""SR1_touches"":{""value"":2,""score"":25.0},""SR2_tightness"":{""value"":0.03999999999999915,""score"":90.90709814650957},""SR3_recency"":{""value"":238,""score"":0.0},""SR4_price_location"":{""score"":30.0},""SR5_reaction"":{""value"":2.054427512523037,""score"":100},""_score"":43.64,""_levels_found"":6,""_target_level"":27.52},""volume"":{""V1_rvol_day"":{""value"":0.9438200529405527,""score"":29.588003529370184},""V2_rvol_sameslot"":{""value"":0.9966060878925762,""score"":33.10707252617175,""status"":""ok""},""V3_breakout_bar"":{""value"":1.1118323330721132,""score"":40.788822204807545},""V4_base_dryup"":{""value"":0.9904939434088544,""score"":50.95060565911456},""V5_bo_expansion"":{""value"":0.9438200529405527,""score"":0},""_score"":32.93},""readiness"":{""_distance_atr"":-1.466,""BR1_atr_distance"":{""score"":30.675391522492752},""BR2_compression"":{""score"":62.39116394152765},""BR3_retest"":{""score"":50.0},""BR4_bo_age"":{""score"":50.0},""_score"":45.37},""risk"":{""R1_stop_clarity"":{""score"":13.015027644044935},""R2_stop_distance_pct"":{""value"":12.661279110184218,""score"":0.0},""R3_stop_distance_atr"":{""value"":4.140282367077202,""score"":92.98588164613987},""R4_rr_potential"":{""value"":1.1859497893017457,""score"":9.297489465087283},""_score"":20.36},""market"":{""M1_spy_regime"":{""score"":100.0},""M3_earnings_risk"":{""value"":null,""score"":80.0},""M4_vix"":{""value"":null,""score"":60.0},""_score"":84.0},""liquidity"":{""L1_price"":{""value"":28.77,""score"":100.0},""L2_dollar_vol"":{""value"":115691831.85173732,""score"":100.0},""L3_spread_proxy"":{""value"":0.029520333680917606,""score"":70.4796663190824},""L4_volume_zscore"":{""value"":-0.15772069480807735,""score"":100.0},""_score"":97.05},""pattern_structure"":{""n_contractions"":5,""contractions_pct"":[6.93,4.53,4.54,9.52,7.17],""descending_strict"":false,""final_low"":25.51,""final_pivot"":27.48,""structural_low"":25.51,""dry_up_ratio"":0.861916269669609,""current_price"":28.77,""neckline_distance_pct"":-0.04483837330552656,""base_bars"":50,""recent_base_height"":5.609999999999999},""pattern_geometry_features"":{""contraction_count"":5.0,""first_contraction_pct"":0.0693310013117621,""last_contraction_pct"":0.071688500727802,""dry_up_ratio"":0.861916269669609,""near_monotone"":0.0,""base_depth_pct"":-0.11543506777437693},""_schema_version"":""1.0""}",,,,,,,,,,
20260602T213437Z-756d21,2026-06-02T21:34:37.658687+00:00,GRMN,ascending_triangle,forming,54.2,35.6,54.0,57.9,48.4,43.6,66.9,45.0,84.0,97.9,5.34,15.13,4.63,6.77,5.23,5.35,1.8,5.04,4.89,True,risk_unclear,241.03,242.78,226.4269,255.685,"{""trend"":{""T1_ema_stack"":{""value"":[true,false,true],""score"":66.66666666666666},""T2_ema50_slope"":{""value"":-0.10831803261976576,""score"":31.94699456337237},""T3_high_proximity"":{""value"":0.9009793660287082,""score"":50.48968301435408},""T4_rs_1m"":{""value"":-0.05974064975957383,""score"":0},""T5_rs_3m"":{""value"":-0.1550065352911283,""score"":0},""T6_adr_healthy"":{""value"":2.4643904200576037,""score"":100.0},""_score"":35.63},""geometry"":{""sub_flat_top_quality"":100,""sub_hl_slope"":13.9,""sub_compression"":19.5,""sub_duration"":100.0,""_score"":54.05},""compression"":{""VC1_atr_ratio"":{""value"":0.43179103861298357,""score"":100},""VC2_range_contraction"":{""value"":0.9178786144647648,""score"":13.686897589205865},""VC3_range_pct_rank"":{""score"":52.5},""_score"":57.92},""sr_quality"":{""SR1_touches"":{""value"":2,""score"":25.0},""SR2_tightness"":{""value"":0.6230000000000047,""score"":79.1208344005916},""SR3_recency"":{""value"":240,""score"":0.0},""SR4_price_location"":{""score"":55.992539734025335},""SR5_reaction"":{""value"":3.1213179584283903,""score"":100},""_score"":48.37,""_levels_found"":7,""_target_level"":246.457},""volume"":{""V1_rvol_day"":{""value"":0.8015047707387701,""score"":20.100318049251342},""V2_rvol_sameslot"":{""value"":0.8459710421643647,""score"":23.06473614429098,""status"":""ok""},""V3_breakout_bar"":{""value"":1.735193774906383,""score"":82.34625166042554},""V4_base_dryup"":{""value"":0.7828543850076858,""score"":71.71456149923142},""V5_bo_expansion"":{""value"":0.8015047707387702,""score"":0},""_score"":43.56},""readiness"":{""_distance_atr"":0.293,""BR1_atr_distance"":{""score"":80.45021947620951},""BR2_compression"":{""score"":68.77048122444455},""BR3_retest"":{""score"":50.0},""BR4_bo_age"":{""score"":50.0},""_score"":66.87},""risk"":{""R1_stop_clarity"":{""score"":0},""R2_stop_distance_pct"":{""value"":6.058633780027385,""score"":100.0},""R3_stop_distance_atr"":{""value"":2.447039046098383,""score"":100.0},""R4_rr_potential"":{""value"":1.003552321848919,""score"":0.17761609244595356},""_score"":45.04},""market"":{""M1_spy_regime"":{""score"":100.0},""M3_earnings_risk"":{""value"":null,""score"":80.0},""M4_vix"":{""value"":null,""score"":60.0},""_score"":84.0},""liquidity"":{""L1_price"":{""value"":241.03,""score"":100.0},""L2_dollar_vol"":{""value"":159871014.51070905,""score"":100.0},""L3_spread_proxy"":{""value"":0.021449612081483698,""score"":78.55038791851631},""L4_volume_zscore"":{""value"":-0.5446352919081214,""score"":100.0},""_score"":97.86},""pattern_structure"":{""top"":242.78,""top_touches"":4,""low_slope_per_bar"":0.09618168389955467,""lowest_low"":229.875,""structural_low"":229.875,""current_price"":238.3,""neckline_distance_pct"":0.01879983214435581,""base_bars"":43},""pattern_geometry_features"":{""top_touches"":4.0,""low_slope"":0.09618168389955467,""compression"":0.0973930883923314,""atr_pct"":0.024759040072071647},""_schema_version"":""1.0""}",,,,,,,,,,
20260602T213437Z-756d21,2026-06-02T21:34:37.658687+00:00,CRML,high_tight_pullback,absent,54.18,62.2,43.9,74.9,53.0,28.6,57.1,79.2,84.0,93.3,7.46,15.35,7.49,4.24,4.0,5.14,0.79,5.04,4.67,False,,12.01,12.6,11.623,14.54,"{""trend"":{""T1_ema_stack"":{""value"":[true,true,true],""score"":100.0},""T2_ema50_slope"":{""value"":0.18004074589003416,""score"":80.00679098167237},""T3_high_proximity"":{""value"":0.8311418685121108,""score"":15.57093425605538},""T4_rs_1m"":{""value"":-0.08857271581590664,""score"":0},""T5_rs_3m"":{""value"":0.10903731592441468,""score"":100},""T6_adr_healthy"":{""value"":8.915524209377365,""score"":77.11189476556588},""_score"":62.19},""geometry"":{""sub_pole_impulse"":30.2,""sub_flag_tightness"":49.5,""sub_flag_shallowness"":30.2,""sub_flag_drift"":42.6,""sub_flag_duration"":100.0,""_score"":43.86},""compression"":{""VC1_atr_ratio"":{""value"":0.3712810480286931,""score"":100},""VC2_range_contraction"":{""value"":0.763104210119516,""score"":39.482631646747336},""VC3_range_pct_rank"":{""score"":84.16666666666667},""_score"":74.86},""sr_quality"":{""SR1_touches"":{""value"":3,""score"":50.0},""SR2_tightness"":{""value"":0.1181599763033151,""score"":76.1270585517197},""SR3_recency"":{""value"":241,""score"":0.0},""SR4_price_location"":{""score"":46.44346847343912},""SR5_reaction"":{""value"":4.624979254908469,""score"":100},""_score"":53.03,""_levels_found"":6,""_target_level"":14.4367},""volume"":{""V1_rvol_day"":{""value"":0.8997414241494961,""score"":26.649428276633074},""V2_rvol_sameslot"":{""value"":1.099945547393279,""score"":39.99636982621861,""status"":""ok""},""V3_breakout_bar"":{""value"":0.7610653309099016,""score"":17.40435539399344},""V4_base_dryup"":{""value"":0.956342049011957,""score"":54.365795098804305},""V5_bo_expansion"":{""value"":0.8997414241494961,""score"":0},""_score"":28.55},""readiness"":{""_distance_atr"":0.596,""BR1_atr_distance"":{""score"":60.26563338071633},""BR2_compression"":{""score"":62.14863591002068},""BR3_retest"":{""score"":50.0},""BR4_bo_age"":{""score"":50.0},""_score"":57.14},""risk"":{""R1_stop_clarity"":{""score"":64.23907004264477},""R2_stop_distance_pct"":{""value"":3.222314737718557,""score"":100.0},""R3_stop_distance_atr"":{""value"":0.39094575970328976,""score"":44.54728798516449},""R4_rr_potential"":{""value"":6.537467700258419,""score"":100.0},""_score"":79.17},""market"":{""M1_spy_regime"":{""score"":100.0},""M3_earnings_risk"":{""value"":null,""score"":80.0},""M4_vix"":{""value"":null,""score"":60.0},""_score"":84.0},""liquidity"":{""L1_price"":{""value"":12.01,""score"":100.0},""L2_dollar_vol"":{""value"":118547654.93592907,""score"":100.0},""L3_spread_proxy"":{""value"":0.0666111573688592,""score"":33.388842631140804},""L4_volume_zscore"":{""value"":-0.31712996315466735,""score"":100.0},""_score"":93.34},""pattern_structure"":{""pole_low"":10.66,""pole_low_idx"":48,""peak_price"":12.6,""peak_idx"":54,""pole_gain"":0.18198874296435266,""flag_bars"":5,""flag_low"":11.8,""flag_high"":12.495,""structural_low"":11.8,""current_price"":11.97,""neckline_distance_pct"":0.052631578947368335,""base_bars"":5},""pattern_geometry_features"":{""pole_gain"":0.18198874296435266,""pullback_pct"":0.0634920634920634,""flag_range_pct"":0.05515873015873004,""flag_drift_per_bar"":-0.011487050960735311,""atr_pct"":0.08242357559176876,""pole_atr_multiple"":2.2079695239832207},""_schema_version"":""1.0""}",,,,,,,,,,
20260602T213437Z-756d21,2026-06-02T21:34:37.658687+00:00,INTU,breakout_retest_hold,setup,54.09,5.0,80.0,5.2,51.7,26.0,81.4,63.1,84.0,94.7,0.7,17.6,0.31,7.24,3.39,14.65,3.15,4.2,2.84,True,trend_floor;weak_retest_trend,322.14,319.0,312.345,326.0,"{""trend"":{""T1_ema_stack"":{""value"":[false,false,false],""score"":0.0},""T2_ema50_slope"":{""value"":-0.571104378929827,""score"":0},""T3_high_proximity"":{""value"":0.6694931105430513,""score"":0},""T4_rs_1m"":{""value"":-0.24671930944125064,""score"":0},""T5_rs_3m"":{""value"":-0.3731014793652484,""score"":0},""T6_adr_healthy"":{""value"":4.5490553018899424,""score"":100.0},""_score"":5.0},""geometry"":{""sub_retest_depth"":100.0,""sub_retest_timing"":0.0,""sub_retest_freshness"":100.0,""sub_hold_quality"":100.0,""_score"":80.0},""compression"":{""VC1_atr_ratio"":{""value"":1.0956733538029593,""score"":0},""VC2_range_contraction"":{""value"":1.4008607789941085,""score"":0},""VC3_range_pct_rank"":{""score"":20.833333333333336},""_score"":5.21},""sr_quality"":{""SR1_touches"":{""value"":2,""score"":25.0},""SR2_tightness"":{""value"":3.447499999999991,""score"":73.41476627550328},""SR3_recency"":{""value"":259,""score"":0.0},""SR4_price_location"":{""score"":72.91834149783402},""SR5_reaction"":{""value"":2.7669656782511964,""score"":100},""_score"":51.74,""_levels_found"":6,""_target_level"":345.5525},""volume"":{""V1_rvol_day"":{""value"":1.2441794575997678,""score"":49.61196383998452},""V2_rvol_sameslot"":{""value"":1.237807004703293,""score"":49.1871336468862,""status"":""ok""},""V3_breakout_bar"":{""value"":0.7305330522704938,""score"":15.368870151366254},""V4_base_dryup"":{""value"":1.667363571153599,""score"":0},""V5_bo_expansion"":{""value"":1.2441794575997678,""score"":16.278630506651183},""_score"":26.04},""readiness"":{""_distance_atr"":-0.121,""BR1_atr_distance"":{""score"":100.0},""BR2_compression"":{""score"":72.90094669647227},""BR3_retest"":{""score"":93.25247875012772},""BR4_bo_age"":{""score"":30.0},""_score"":81.38},""risk"":{""R1_stop_clarity"":{""score"":75.67036623617457},""R2_stop_distance_pct"":{""value"":3.0406034643322832,""score"":100.0},""R3_stop_distance_atr"":{""value"":0.3776684036714234,""score"":43.88342018357116},""R4_rr_potential"":{""value"":0.394078611536499,""score"":0.0},""_score"":63.07},""market"":{""M1_spy_regime"":{""score"":100.0},""M3_earnings_risk"":{""value"":null,""score"":80.0},""M4_vix"":{""value"":null,""score"":60.0},""_score"":84.0},""liquidity"":{""L1_price"":{""value"":322.14,""score"":100.0},""L2_dollar_vol"":{""value"":2369337197.3114133,""score"":100.0},""L3_spread_proxy"":{""value"":0.052554789842925456,""score"":47.44521015707454},""L4_volume_zscore"":{""value"":0.28946887817472516,""score"":100.0},""_score"":94.74},""pattern_structure"":{""level"":319.0,""level_idx"":56,""breakout_idx"":62,""bo_peak_idx"":71,""bo_peak_price"":363.175,""retest_idx"":75,""retest_low"":315.5,""structural_low"":315.5,""current_price"":323.955,""neckline_distance_pct"":-0.015295334228519345,""base_bars"":23,""bars_since_breakout"":17},""pattern_geometry_features"":{""retest_depth_atr"":0.5573628773574165,""bars_breakout_to_retest"":13.0,""bars_since_retest"":4.0,""current_above_level_atr"":0.7890665878017115,""bo_peak_excess_pct"":0.13847962382445145,""atr_pct"":0.08050987148444774},""_schema_version"":""1.0""}",,,,,,,,,,
20260602T213437Z-756d21,2026-06-02T21:34:37.658687+00:00,LUNR,bull_flag,forming,54.04,84.9,60.7,26.4,44.4,4.8,47.5,84.7,84.0,92.3,11.89,18.2,2.37,4.44,0.67,4.27,2.54,5.04,4.61,False,,39.57,46.47,37.233,61.59,"{""trend"":{""T1_ema_stack"":{""value"":[true,true,true],""score"":100.0},""T2_ema50_slope"":{""value"":0.9592808941307364,""score"":100},""T3_high_proximity"":{""value"":0.8658643326039387,""score"":32.932166301969325},""T4_rs_1m"":{""value"":0.4904896877022451,""score"":100},""T5_rs_3m"":{""value"":1.0577029360186065,""score"":100},""T6_adr_healthy"":{""value"":13.616212795527433,""score"":0.0},""_score"":84.94},""geometry"":{""sub_pole_impulse"":61.6,""sub_flag_tightness"":58.4,""sub_flag_shallowness"":22.6,""sub_flag_drift"":87.2,""sub_flag_duration"":100.0,""_score"":60.68},""compression"":{""VC1_atr_ratio"":{""value"":0.9196421818381841,""score"":20.089454540453964},""VC2_range_contraction"":{""value"":1.330768979924882,""score"":0},""VC3_range_pct_rank"":{""score"":73.33333333333334},""_score"":26.37},""sr_quality"":{""SR1_touches"":{""value"":2,""score"":25.0},""SR2_tightness"":{""value"":0.11499999999999844,""score"":95.82592283401698},""SR3_recency"":{""value"":232,""score"":0.0},""SR4_price_location"":{""score"":30.0},""SR5_reaction"":{""value"":2.087038582991543,""score"":100},""_score"":44.37,""_levels_found"":4,""_target_level"":31.035},""volume"":{""V1_rvol_day"":{""value"":0.5843117889880884,""score"":5.6207859325392295},""V2_rvol_sameslot"":{""value"":0.38996817936748246,""score"":0,""status"":""ok""},""V3_breakout_bar"":{""value"":0.5841323510027022,""score"":5.608823400180149},""V4_base_dryup"":{""value"":1.3870311084637146,""score"":11.296889153628541},""V5_bo_expansion"":{""value"":0.5843117889880884,""score"":0},""_score"":4.79},""readiness"":{""_distance_atr"":1.252,""BR1_atr_distance"":{""score"":16.51845668033829},""BR2_compression"":{""score"":93.35214707740808},""BR3_retest"":{""score"":50.0},""BR4_bo_age"":{""score"":50.0},""_score"":47.45},""risk"":{""R1_stop_clarity"":{""score"":79.41998475554425},""R2_stop_distance_pct"":{""value"":5.905989385898416,""score"":100.0},""R3_stop_distance_atr"":{""value"":0.42412253638706465,""score"":46.20612681935323},""R4_rr_potential"":{""value"":9.422336328626429,""score"":100.0},""_score"":84.73},""market"":{""M1_spy_regime"":{""score"":100.0},""M3_earnings_risk"":{""value"":null,""score"":80.0},""M4_vix"":{""value"":null,""score"":60.0},""_score"":84.0},""liquidity"":{""L1_price"":{""value"":39.57,""score"":100.0},""L2_dollar_vol"":{""value"":401055669.65848416,""score"":100.0},""L3_spread_proxy"":{""value"":0.07707859489512249,""score"":22.921405104877508},""L4_volume_zscore"":{""value"":-0.7429628186610155,""score"":100.0},""_score"":92.29},""pattern_structure"":{""pole_low"":31.35,""pole_low_idx"":29,""peak_price"":46.47,""peak_idx"":41,""pole_gain"":0.4822966507177032,""flag_bars"":18,""flag_low"":37.8,""flag_high"":43.39,""structural_low"":37.8,""current_price"":39.64,""neckline_distance_pct"":0.1723007063572149,""base_bars"":18},""pattern_geometry_features"":{""pole_gain"":0.4822966507177032,""pullback_pct"":0.18657198192382185,""flag_range_pct"":0.1202926619324296,""flag_drift_per_bar"":-0.0025597795015823146,""atr_pct"":0.13925195855446043,""pole_atr_multiple"":3.463481991379536},""_schema_version"":""1.0""}",,,,,,,,,,
20260602T213437Z-756d21,2026-06-02T21:34:37.658687+00:00,AEVA,ascending_triangle,forming,54.0,91.1,55.0,24.3,42.5,6.5,56.6,60.9,84.0,85.5,13.66,15.4,1.95,5.94,0.78,4.52,2.44,5.04,4.28,False,,27.76,29.8,24.8417,34.38,"{""trend"":{""T1_ema_stack"":{""value"":[true,true,true],""score"":100.0},""T2_ema50_slope"":{""value"":0.7816727046104597,""score"":100},""T3_high_proximity"":{""value"":0.9477637418914306,""score"":73.8818709457153},""T4_rs_1m"":{""value"":0.630459220000283,""score"":100},""T5_rs_3m"":{""value"":0.8706423588005487,""score"":100},""T6_adr_healthy"":{""value"":12.526401744148414,""score"":0.0},""_score"":91.08},""geometry"":{""sub_flat_top_quality"":33.3,""sub_hl_slope"":100,""sub_compression"":0,""sub_duration"":100.0,""_score"":54.99},""compression"":{""VC1_atr_ratio"":{""value"":0.9902405492342198,""score"":2.4398626914450547},""VC2_range_contraction"":{""value"":0.867662866278293,""score"":22.056188953617827},""VC3_range_pct_rank"":{""score"":62.5},""_score"":24.32},""sr_quality"":{""SR1_touches"":{""value"":2,""score"":25.0},""SR2_tightness"":{""value"":0.23000000000000043,""score"":83.02104178036501},""SR3_recency"":{""value"":235,""score"":0.0},""SR4_price_location"":{""score"":30.0},""SR5_reaction"":{""value"":2.1574350172557897,""score"":100},""_score"":42.45,""_levels_found"":4,""_target_level"":22.39},""volume"":{""V1_rvol_day"":{""value"":0.5636013954866508,""score"":4.240093032443385},""V2_rvol_sameslot"":{""value"":0.4486612427694168,""score"":0,""status"":""ok""},""V3_breakout_bar"":{""value"":0.8037851462434819,""score"":20.25234308289879},""V4_base_dryup"":{""value"":1.470722905692857,""score"":2.9277094307143017},""V5_bo_expansion"":{""value"":0.5636013954866509,""score"":0},""_score"":6.5},""readiness"":{""_distance_atr"":0.753,""BR1_atr_distance"":{""score"":49.8013409158619},""BR2_compression"":{""score"":76.5766745863356},""BR3_retest"":{""score"":50.0},""BR4_bo_age"":{""score"":50.0},""_score"":56.56},""risk"":{""R1_stop_clarity"":{""score"":72.07330480657438},""R2_stop_distance_pct"":{""value"":10.512608069164273,""score"":37.18479827089318},""R3_stop_distance_atr"":{""value"":1.0771672559208851,""score"":78.85836279604426},""R4_rr_potential"":{""value"":2.2684439570983095,""score"":63.422197854915474},""_score"":60.89},""market"":{""M1_spy_regime"":{""score"":100.0},""M3_earnings_risk"":{""value"":null,""score"":80.0},""M4_vix"":{""value"":null,""score"":60.0},""_score"":84.0},""liquidity"":{""L1_price"":{""value"":27.76,""score"":100.0},""L2_dollar_vol"":{""value"":46748921.39851729,""score"":83.4885797592761},""L3_spread_proxy"":{""value"":0.07889048991354458,""score"":21.109510086455415},""L4_volume_zscore"":{""value"":-1.0338888679590217,""score"":100.0},""_score"":85.51},""pattern_structure"":{""top"":29.8,""top_touches"":2,""low_slope_per_bar"":0.16984504132231382,""lowest_low"":25.22,""structural_low"":25.22,""current_price"":27.57,""neckline_distance_pct"":0.08088501994922018,""base_bars"":36},""pattern_geometry_features"":{""top_touches"":2.0,""low_slope"":0.16984504132231382,""compression"":-0.15423404625282622,""atr_pct"":0.09759494648003293},""_schema_version"":""1.0""}",,,,,,,,,,
20260602T213437Z-756d21,2026-06-02T21:34:37.658687+00:00,NVDA,cup_with_handle,setup,53.93,95.9,49.0,45.4,44.3,23.8,42.3,29.0,84.0,95.1,13.42,14.69,3.63,5.31,3.09,3.39,1.45,4.2,4.75,True,risk_unclear,222.82,216.825,191.8189,264.7449,"{""trend"":{""T1_ema_stack"":{""value"":[true,true,true],""score"":100.0},""T2_ema50_slope"":{""value"":0.3632243809586207,""score"":100},""T3_high_proximity"":{""value"":0.9451938576397726,""score"":72.59692881988627},""T4_rs_1m"":{""value"":0.0687949138607109,""score"":100},""T5_rs_3m"":{""value"":0.12107223819657253,""score"":100},""T6_adr_healthy"":{""value"":3.356583865638607,""score"":100.0},""_score"":95.89},""geometry"":{""sub_cup_depth"":100.0,""sub_cup_duration"":0.0,""sub_rim_symmetry"":56.3,""sub_handle_shallowness"":15.1,""sub_handle_proportion"":100.0,""sub_u_shape"":31.1,""_score"":48.95},""compression"":{""VC1_atr_ratio"":{""value"":0.5477040329301086,""score"":100},""VC2_range_contraction"":{""value"":0.9319466469100655,""score"":11.34222551498909},""VC3_range_pct_rank"":{""score"":5.833333333333335},""_score"":45.43},""sr_quality"":{""SR1_touches"":{""value"":2,""score"":25.0},""SR2_tightness"":{""value"":0.2046500000000009,""score"":95.09122885468571},""SR3_recency"":{""value"":250,""score"":0.0},""SR4_price_location"":{""score"":30.0},""SR5_reaction"":{""value"":2.554186059062535,""score"":100},""_score"":44.26,""_levels_found"":4,""_target_level"":197.4253},""volume"":{""V1_rvol_day"":{""value"":1.1040924397035707,""score"":40.272829313571386},""V2_rvol_sameslot"":{""value"":0.9774039370464557,""score"":31.826929136430376,""status"":""ok""},""V3_breakout_bar"":{""value"":0.6087857966610762,""score"":7.25238644407175},""V4_base_dryup"":{""value"":1.175636892398084,""score"":32.4363107601916},""V5_bo_expansion"":{""value"":1.1040924397035705,""score"":6.939495980238035},""_score"":23.76},""readiness"":{""_distance_atr"":-0.719,""BR1_atr_distance"":{""score"":45.62028682327926},""BR2_compression"":{""score"":26.275843366126505},""BR3_retest"":{""score"":50.0},""BR4_bo_age"":{""score"":50.0},""_score"":42.32},""risk"":{""R1_stop_clarity"":{""score"":29.933978047508162},""R2_stop_distance_pct"":{""value"":13.913068844807459,""score"":0.0},""R3_stop_distance_atr"":{""value"":3.7179893758368365,""score"":100.0},""R4_rr_potential"":{""value"":1.3523681417756146,""score"":17.618407088780728},""_score"":29.0},""market"":{""M1_spy_regime"":{""score"":100.0},""M3_earnings_risk"":{""value"":null,""score"":80.0},""M4_vix"":{""value"":null,""score"":60.0},""_score"":84.0},""liquidity"":{""L1_price"":{""value"":222.82,""score"":100.0},""L2_dollar_vol"":{""value"":42748074643.312294,""score"":100.0},""L3_spread_proxy"":{""value"":0.04905304730275562,""score"":50.94695269724438},""L4_volume_zscore"":{""value"":0.4938051988090601,""score"":100.0},""_score"":95.09},""pattern_structure"":{""left_rim"":212.1899,""left_rim_idx"":32,""cup_bottom"":164.27,""cup_bottom_idx"":135,""right_rim"":216.825,""right_rim_idx"":154,""handle_low"":194.74,""handle_bars"":25,""cup_bars"":122,""structural_low"":194.74,""current_price"":222.82,""neckline_distance_pct"":-0.026905125213176576,""base_bars"":147},""pattern_geometry_features"":{""cup_depth_pct"":0.2258349714100435,""rim_symmetry_pct"":0.021844112278671106,""handle_depth_pct"":0.10185633575464074,""handle_to_cup_ratio"":0.20491803278688525,""cup_duration_bars"":122.0,""atr_pct"":0.03742094836318874,""u_shape_score"":0.1557377049180328},""_schema_version"":""1.0""}",,,,,,,,,,
20260602T213437Z-756d21,2026-06-02T21:34:37.658687+00:00,VRT,vcp,absent,53.93,74.6,35.0,62.3,42.7,26.8,64.5,71.0,84.0,95.8,11.2,8.75,7.47,5.12,3.49,4.52,3.55,5.04,4.79,False,,334.49,343.31,302.6906,429.365,"{""trend"":{""T1_ema_stack"":{""value"":[true,true,true],""score"":100.0},""T2_ema50_slope"":{""value"":0.47968296268881305,""score"":100},""T3_high_proximity"":{""value"":0.8890572256332563,""score"":44.52861281662812},""T4_rs_1m"":{""value"":-0.0351831266688758,""score"":14.8168733311242},""T5_rs_3m"":{""value"":0.2519201735348129,""score"":100},""T6_adr_healthy"":{""value"":5.123165815505989,""score"":100.0},""_score"":74.64},""geometry"":{""sub_contraction_count"":100.0,""sub_reduction_rate"":0,""sub_pivot_tightness"":0,""sub_volume_dryup"":0,""sub_base_depth"":0.0,""sub_base_duration"":100.0,""_score"":35.0},""compression"":{""VC1_atr_ratio"":{""value"":0.3520339355871247,""score"":100},""VC2_range_contraction"":{""value"":0.8823179405277589,""score"":19.613676578706848},""VC3_range_pct_rank"":{""score"":61.66666666666667},""_score"":62.28},""sr_quality"":{""SR1_touches"":{""value"":3,""score"":50.0},""SR2_tightness"":{""value"":2.9463683487756054,""score"":67.8810547821349},""SR3_recency"":{""value"":226,""score"":0.0},""SR4_price_location"":{""score"":30.0},""SR5_reaction"":{""value"":1.3313088251039011,""score"":66.56544125519505},""_score"":42.67,""_levels_found"":7,""_target_level"":311.3367},""volume"":{""V1_rvol_day"":{""value"":0.8690194063518767,""score"":24.60129375679178},""V2_rvol_sameslot"":{""value"":0.7122567959992588,""score"":14.150453066617255,""status"":""ok""},""V3_breakout_bar"":{""value"":0.6006356209775273,""score"":6.709041398501821},""V4_base_dryup"":{""value"":0.6294631667809594,""score"":87.05368332190406},""V5_bo_expansion"":{""value"":0.8690194063518767,""score"":0},""_score"":26.84},""readiness"":{""_distance_atr"":0.481,""BR1_atr_distance"":{""score"":67.95047741408008},""BR2_compression"":{""score"":79.4296199985924},""BR3_retest"":{""score"":50.0},""BR4_bo_age"":{""score"":50.0},""_score"":64.54},""risk"":{""R1_stop_clarity"":{""score"":49.75091073670662},""R2_stop_distance_pct"":{""value"":9.506831743848858,""score"":62.32920640377855},""R3_stop_distance_atr"":{""value"":1.733257885362224,""score"":100.0},""R4_rr_potential"":{""value"":2.98354671863871,""score"":99.17733593193549},""_score"":70.95},""market"":{""M1_spy_regime"":{""score"":100.0},""M3_earnings_risk"":{""value"":null,""score"":80.0},""M4_vix"":{""value"":null,""score"":60.0},""_score"":84.0},""liquidity"":{""L1_price"":{""value"":334.49,""score"":100.0},""L2_dollar_vol"":{""value"":1687814875.1465876,""score"":100.0},""L3_spread_proxy"":{""value"":0.041705282669138054,""score"":58.29471733086195},""L4_volume_zscore"":{""value"":-0.5663495564346036,""score"":100.0},""_score"":95.83},""pattern_structure"":{""n_contractions"":5,""contractions_pct"":[17.85,6.33,11.02,17.29,10.49],""descending_strict"":false,""final_low"":307.3001,""final_pivot"":343.31,""structural_low"":307.3001,""dry_up_ratio"":1.0223658556885535,""current_price"":334.49,""neckline_distance_pct"":0.026368501300487287,""base_bars"":44,""recent_base_height"":86.055},""pattern_geometry_features"":{""contraction_count"":5.0,""first_contraction_pct"":0.1785144477929446,""last_contraction_pct"":0.1048903323526842,""dry_up_ratio"":1.0223658556885535,""near_monotone"":0.0,""base_depth_pct"":-0.08952348874313056},""_schema_version"":""1.0""}",,,,,,,,,,
20260602T213437Z-756d21,2026-06-02T21:34:37.658687+00:00,NOW,bull_flag,forming,53.91,69.8,72.5,4.8,37.6,19.7,37.9,77.6,84.0,93.2,9.77,21.75,0.43,3.76,2.76,3.41,2.33,5.04,4.66,False,,127.65,139.2,122.2582,179.85,"{""trend"":{""T1_ema_stack"":{""value"":[true,true,false],""score"":66.66666666666666},""T2_ema50_slope"":{""value"":-0.019668942194964192,""score"":46.72184296750597},""T3_high_proximity"":{""value"":0.9395701457382599,""score"":69.78507286912993},""T4_rs_1m"":{""value"":0.3462784133954444,""score"":100},""T5_rs_3m"":{""value"":0.011276913061971205,""score"":55.6384565309856},""T6_adr_healthy"":{""value"":5.2451397849937065,""score"":100.0},""_score"":69.82},""geometry"":{""sub_pole_impulse"":100.0,""sub_flag_tightness"":60.4,""sub_flag_shallowness"":47.5,""sub_flag_drift"":52.6,""sub_flag_duration"":100.0,""_score"":72.49},""compression"":{""VC1_atr_ratio"":{""value"":0.9725849108324839,""score"":6.853772291879029},""VC2_range_contraction"":{""value"":1.2504083793198946,""score"":0},""VC3_range_pct_rank"":{""score"":8.333333333333337},""_score"":4.82},""sr_quality"":{""SR1_touches"":{""value"":2,""score"":25.0},""SR2_tightness"":{""value"":1.4450000000000003,""score"":64.15487997731995},""SR3_recency"":{""value"":282,""score"":0.0},""SR4_price_location"":{""score"":30.0},""SR5_reaction"":{""value"":1.7246588024753156,""score"":86.23294012376577},""_score"":37.56,""_levels_found"":5,""_target_level"":125.225},""volume"":{""V1_rvol_day"":{""value"":1.2019592952432823,""score"":46.79728634955215},""V2_rvol_sameslot"":{""value"":1.0765531279911629,""score"":38.436875199410856,""status"":""ok""},""V3_breakout_bar"":{""value"":0.5388065315643017,""score"":2.58710210428678},""V4_base_dryup"":{""value"":1.694229791018548,""score"":0},""V5_bo_expansion"":{""value"":1.2019592952432825,""score"":13.463953016218833},""_score"":19.71},""readiness"":{""_distance_atr"":1.433,""BR1_atr_distance"":{""score"":4.495700977634598},""BR2_compression"":{""score"":74.19419133977398},""BR3_retest"":{""score"":50.0},""BR4_bo_age"":{""score"":50.0},""_score"":37.85},""risk"":{""R1_stop_clarity"":{""score"":53.81560937147003},""R2_stop_distance_pct"":{""value"":4.22389345867607,""score"":100.0},""R3_stop_distance_atr"":{""value"":0.6687533499594687,""score"":58.437667497973436},""R4_rr_potential"":{""value"":9.681368003264202,""score"":100.0},""_score"":77.6},""market"":{""M1_spy_regime"":{""score"":100.0},""M3_earnings_risk"":{""value"":null,""score"":80.0},""M4_vix"":{""value"":null,""score"":60.0},""_score"":84.0},""liquidity"":{""L1_price"":{""value"":127.65,""score"":100.0},""L2_dollar_vol"":{""value"":5222932246.705832,""score"":100.0},""L3_spread_proxy"":{""value"":0.06752761457109284,""score"":32.47238542890716},""L4_volume_zscore"":{""value"":0.4510108132595287,""score"":100.0},""_score"":93.25},""pattern_structure"":{""pole_low"":98.55,""pole_low_idx"":30,""peak_price"":139.2,""peak_idx"":48,""pole_gain"":0.41248097412480966,""flag_bars"":11,""flag_low"":124.12,""flag_high"":137.75,""structural_low"":124.12,""current_price"":128.235,""neckline_distance_pct"":0.08550707685109349,""base_bars"":11},""pattern_geometry_features"":{""pole_gain"":0.41248097412480966,""pullback_pct"":0.10833333333333323,""flag_range_pct"":0.09791666666666664,""flag_drift_per_bar"":-0.009470893281865306,""atr_pct"":0.06316070729114208,""pole_atr_multiple"":6.530657933000343},""_schema_version"":""1.0""}",,,,,,,,,,
20260602T213437Z-756d21,2026-06-02T21:34:37.658687+00:00,SMR,double_bottom,setup,53.8,58.8,64.5,46.2,34.3,45.6,37.3,38.0,84.0,82.5,8.82,16.13,3.7,4.8,5.92,2.98,2.28,5.04,4.12,True,stop_too_wide,13.95,13.4,11.8003,14.82,"{""trend"":{""T1_ema_stack"":{""value"":[true,false,false],""score"":33.33333333333333},""T2_ema50_slope"":{""value"":-0.17956658062582093,""score"":20.072236562363177},""T3_high_proximity"":{""value"":1.0,""score"":99.99999999999997},""T4_rs_1m"":{""value"":0.09508710503091233,""score"":100},""T5_rs_3m"":{""value"":-0.003144875387864454,""score"":48.42756230606777},""T6_adr_healthy"":{""value"":8.635182556279899,""score"":84.12043609300252},""_score"":58.82},""geometry"":{""sub_low_similarity"":13.4,""sub_bounce_quality"":100,""sub_separation_fit"":73.3,""sub_right_bottom_reaction"":63.4,""sub_base_context"":100.0,""_score"":64.53},""compression"":{""VC1_atr_ratio"":{""value"":0.4286812516510366,""score"":100},""VC2_range_contraction"":{""value"":0.9286981853153397,""score"":11.883635780776725},""VC3_range_pct_rank"":{""score"":8.333333333333337},""_score"":46.24},""sr_quality"":{""SR1_touches"":{""value"":2,""score"":25.0},""SR2_tightness"":{""value"":0.11249999999999893,""score"":78.45417236662126},""SR3_recency"":{""value"":309,""score"":0.0},""SR4_price_location"":{""score"":0.009405346939721672},""SR5_reaction"":{""value"":4.4121067031463745,""score"":100},""_score"":34.27,""_levels_found"":4,""_target_level"":21.0375},""volume"":{""V1_rvol_day"":{""value"":1.820662993859355,""score"":88.04419959062368},""V2_rvol_sameslot"":{""value"":1.636906821425616,""score"":75.79378809504107,""status"":""ok""},""V3_breakout_bar"":{""value"":0.7159722539436584,""score"":14.398150262910558},""V4_base_dryup"":{""value"":1.449993937215355,""score"":5.0006062784645025},""V5_bo_expansion"":{""value"":1.820662993859355,""score"":54.710866257290334},""_score"":45.57},""readiness"":{""_distance_atr"":-0.527,""BR1_atr_distance"":{""score"":49.466484268125875},""BR2_compression"":{""score"":0},""BR3_retest"":{""score"":50.0},""BR4_bo_age"":{""score"":50.0},""_score"":37.29},""risk"":{""R1_stop_clarity"":{""score"":65.5841313269493},""R2_stop_distance_pct"":{""value"":15.410035842293905,""score"":0.0},""R3_stop_distance_atr"":{""value"":2.058536251709986,""score"":100.0},""R4_rr_potential"":{""value"":0.40470763362329687,""score"":0.0},""_score"":37.95},""market"":{""M1_spy_regime"":{""score"":100.0},""M3_earnings_risk"":{""value"":null,""score"":80.0},""M4_vix"":{""value"":null,""score"":60.0},""_score"":84.0},""liquidity"":{""L1_price"":{""value"":13.95,""score"":100.0},""L2_dollar_vol"":{""value"":889530305.2017764,""score"":100.0},""L3_spread_proxy"":{""value"":0.12831541218638,""score"":0},""L4_volume_zscore"":{""value"":2.5943035677135535,""score"":70.0},""_score"":82.5},""pattern_structure"":{""left_low"":11.98,""left_idx"":68,""right_low"":12.51,""right_idx"":74,""separation_bars"":6,""structural_low"":11.98,""current_price"":14.04,""neckline_distance_pct"":-0.0455840455840455,""base_bars"":6},""pattern_geometry_features"":{""low_similarity_pct"":0.043282972641894596,""bounce_pct"":0.11853088480801334,""right_bottom_reaction"":0.6336619718309845,""atr_pct"":0.07485919098822325},""_schema_version"":""1.0""}",,,,,,,,,,
20260602T213437Z-756d21,2026-06-02T21:34:37.658687+00:00,VOYG,ascending_triangle,forming,53.71,94.0,55.0,32.0,33.9,3.5,63.9,44.4,84.0,91.4,14.1,15.4,2.56,4.74,0.42,5.11,1.78,5.04,4.57,False,,49.95,51.9499,43.4287,59.8098,"{""trend"":{""T1_ema_stack"":{""value"":[true,true,true],""score"":100.0},""T2_ema50_slope"":{""value"":0.7010507178774383,""score"":100},""T3_high_proximity"":{""value"":0.9648445045393085,""score"":82.42225226965422},""T4_rs_1m"":{""value"":0.8238127494549876,""score"":100},""T5_rs_3m"":{""value"":0.6579498471891412,""score"":100},""T6_adr_healthy"":{""value"":10.706807066953122,""score"":32.32982332617196},""_score"":93.98},""geometry"":{""sub_flat_top_quality"":33.3,""sub_hl_slope"":100,""sub_compression"":0,""sub_duration"":100.0,""_score"":54.99},""compression"":{""VC1_atr_ratio"":{""value"":0.7672548807523233,""score"":58.18627981191917},""VC2_range_contraction"":{""value"":1.0271717585757854,""score"":0},""VC3_range_pct_rank"":{""score"":35.0},""_score"":32.02},""sr_quality"":{""SR1_touches"":{""value"":2,""score"":25.0},""SR2_tightness"":{""value"":0.9945000000000022,""score"":58.62407132243676},""SR3_recency"":{""value"":154,""score"":0.0},""SR4_price_location"":{""score"":30.0},""SR5_reaction"":{""value"":1.3426894502228826,""score"":67.13447251114412},""_score"":33.86,""_levels_found"":3,""_target_level"":34.9345},""volume"":{""V1_rvol_day"":{""value"":0.7165122664361377,""score"":14.434151095742518},""V2_rvol_sameslot"":{""value"":0.5113190954687744,""score"":0.7546063645849606,""status"":""ok""},""V3_breakout_bar"":{""value"":0.49691187229779776,""score"":0},""V4_base_dryup"":{""value"":1.4784586725505902,""score"":2.1541327449409806},""V5_bo_expansion"":{""value"":0.7165122664361377,""score"":0},""_score"":3.47},""readiness"":{""_distance_atr"":0.416,""BR1_atr_distance"":{""score"":72.26488360574547},""BR2_compression"":{""score"":70.03131527863151},""BR3_retest"":{""score"":50.0},""BR4_bo_age"":{""score"":50.0},""_score"":63.91},""risk"":{""R1_stop_clarity"":{""score"":72.48469539375934},""R2_stop_distance_pct"":{""value"":13.055755755755753,""score"":0.0},""R3_stop_distance_atr"":{""value"":1.3565958395245168,""score"":92.82979197622583},""R4_rr_potential"":{""value"":1.5119262115972913,""score"":25.596310579864568},""_score"":44.41},""market"":{""M1_spy_regime"":{""score"":100.0},""M3_earnings_risk"":{""value"":null,""score"":80.0},""M4_vix"":{""value"":null,""score"":60.0},""_score"":84.0},""liquidity"":{""L1_price"":{""value"":49.95,""score"":100.0},""L2_dollar_vol"":{""value"":101581122.58785675,""score"":100.0},""L3_spread_proxy"":{""value"":0.08588388388388393,""score"":14.11611611611606},""L4_volume_zscore"":{""value"":-0.9283967958833529,""score"":100.0},""_score"":91.41},""pattern_structure"":{""top"":51.9499,""top_touches"":2,""low_slope_per_bar"":0.1994224844398336,""lowest_low"":44.09,""structural_low"":44.09,""current_price"":49.655,""neckline_distance_pct"":0.04621689658644645,""base_bars"":36},""pattern_geometry_features"":{""top_touches"":2.0,""low_slope"":0.1994224844398336,""compression"":-0.29230589517950367,""atr_pct"":0.09623909623909623},""_schema_version"":""1.0""}",,,,,,,,,,
20260602T213437Z-756d21,2026-06-02T21:34:37.658687+00:00,TDG,double_bottom,forming,53.35,48.8,53.6,69.6,51.5,32.9,47.8,51.2,84.0,72.9,7.32,13.4,5.57,7.21,4.28,3.82,3.07,5.04,3.65,True,risk_unclear;reversal_trend_cap,1246.98,1285.0,1152.125,1400.33,"{""trend"":{""T1_ema_stack"":{""value"":[true,false,false],""score"":33.33333333333333},""T2_ema50_slope"":{""value"":-0.026920858181802135,""score"":45.51319030303298},""T3_high_proximity"":{""value"":0.9481872376665248,""score"":74.09361883326238},""T4_rs_1m"":{""value"":0.02614392170541957,""score"":76.14392170541957},""T5_rs_3m"":{""value"":-0.17630671658733377,""score"":0},""T6_adr_healthy"":{""value"":2.7408400645499227,""score"":100.0},""_score"":48.78},""geometry"":{""sub_low_similarity"":8.4,""sub_bounce_quality"":98.0,""sub_separation_fit"":0.0,""sub_right_bottom_reaction"":76.5,""sub_base_context"":100.0,""_score"":53.59},""compression"":{""VC1_atr_ratio"":{""value"":0.3715352088651386,""score"":100},""VC2_range_contraction"":{""value"":0.7604649513960046,""score"":39.92250810066591},""VC3_range_pct_rank"":{""score"":62.5},""_score"":69.6},""sr_quality"":{""SR1_touches"":{""value"":4,""score"":75.0},""SR2_tightness"":{""value"":6.761095972547611,""score"":57.44536269849658},""SR3_recency"":{""value"":240,""score"":0.0},""SR4_price_location"":{""score"":21.51394422310773},""SR5_reaction"":{""value"":2.863593449698225,""score"":100},""_score"":51.5,""_levels_found"":5,""_target_level"":1267.1725},""volume"":{""V1_rvol_day"":{""value"":0.9423101521541639,""score"":29.48734347694426},""V2_rvol_sameslot"":{""value"":1.0092914651059426,""score"":33.95276434039617,""status"":""ok""},""V3_breakout_bar"":{""value"":1.1250178719000798,""score"":41.667858126671995},""V4_base_dryup"":{""value"":1.0107197202499185,""score"":48.92802797500815},""V5_bo_expansion"":{""value"":0.9423101521541639,""score"":0},""_score"":32.89},""readiness"":{""_distance_atr"":1.196,""BR1_atr_distance"":{""score"":20.233479070429595},""BR2_compression"":{""score"":88.81997144445097},""BR3_retest"":{""score"":50.0},""BR4_bo_age"":{""score"":50.0},""_score"":47.8},""risk"":{""R1_stop_clarity"":{""score"":0},""R2_stop_distance_pct"":{""value"":7.6067819852764185,""score"":100.0},""R3_stop_distance_atr"":{""value"":2.98510941521585,""score"":100.0},""R4_rr_potential"":{""value"":1.6166772354239451,""score"":30.833861771197256},""_score"":51.17},""market"":{""M1_spy_regime"":{""score"":100.0},""M3_earnings_risk"":{""value"":null,""score"":80.0},""M4_vix"":{""value"":null,""score"":60.0},""_score"":84.0},""liquidity"":{""L1_price"":{""value"":1246.98,""score"":0.0},""L2_dollar_vol"":{""value"":495974161.89706975,""score"":100.0},""L3_spread_proxy"":{""value"":0.02095462637732771,""score"":79.04537362267229},""L4_volume_zscore"":{""value"":-0.2666816494068894,""score"":100.0},""_score"":72.9},""pattern_structure"":{""left_low"":1169.67,""left_idx"":26,""right_low"":1224.5,""right_idx"":74,""separation_bars"":48,""structural_low"":1169.67,""current_price"":1244.55,""neckline_distance_pct"":0.03250170744445787,""base_bars"":48},""pattern_geometry_features"":{""low_similarity_pct"":0.04580292961652675,""bounce_pct"":0.09860045995879173,""right_bottom_reaction"":0.7650210486031354,""atr_pct"":0.02548242267604245},""_schema_version"":""1.0""}",,,,,,,,,,
20260602T213437Z-756d21,2026-06-02T21:34:37.658687+00:00,UUUU,double_bottom,setup,53.23,26.5,77.3,51.5,37.4,29.2,61.8,38.0,84.0,90.0,3.97,19.33,4.12,5.24,3.8,4.95,2.28,5.04,4.5,True,reversal_trend_cap,19.54,19.14,17.2572,20.76,"{""trend"":{""T1_ema_stack"":{""value"":[true,false,true],""score"":66.66666666666666},""T2_ema50_slope"":{""value"":-0.22428620106366062,""score"":12.61896648938989},""T3_high_proximity"":{""value"":0.83078231292517,""score"":15.391156462584988},""T4_rs_1m"":{""value"":-0.15188306903861493,""score"":0},""T5_rs_3m"":{""value"":-0.18109711027306286,""score"":0},""T6_adr_healthy"":{""value"":7.560325616508365,""score"":100.0},""_score"":26.5},""geometry"":{""sub_low_similarity"":43.7,""sub_bounce_quality"":89.2,""sub_separation_fit"":93.3,""sub_right_bottom_reaction"":82.5,""sub_base_context"":100.0,""_score"":77.32},""compression"":{""VC1_atr_ratio"":{""value"":0.37013474210970665,""score"":100},""VC2_range_contraction"":{""value"":0.8572564439251267,""score"":23.790592679145554},""VC3_range_pct_rank"":{""score"":12.5},""_score"":51.45},""sr_quality"":{""SR1_touches"":{""value"":3,""score"":50.0},""SR2_tightness"":{""value"":0.32484531703566244,""score"":49.06955105549835},""SR3_recency"":{""value"":250,""score"":0.0},""SR4_price_location"":{""score"":0.3173144393593543},""SR5_reaction"":{""value"":3.132224648636541,""score"":100},""_score"":37.44,""_levels_found"":4,""_target_level"":23.5532},""volume"":{""V1_rvol_day"":{""value"":1.3282537761426236,""score"":55.21691840950824},""V2_rvol_sameslot"":{""value"":0.9577091431577888,""score"":30.51394287718592,""status"":""ok""},""V3_breakout_bar"":{""value"":0.4028238702762395,""score"":0},""V4_base_dryup"":{""value"":1.0598109350386267,""score"":44.01890649613733},""V5_bo_expansion"":{""value"":1.3282537761426236,""score"":21.883585076174906},""_score"":29.23},""readiness"":{""_distance_atr"":-0.314,""BR1_atr_distance"":{""score"":100.0},""BR2_compression"":{""score"":17.372242331891183},""BR3_retest"":{""score"":50.0},""BR4_bo_age"":{""score"":50.0},""_score"":61.84},""risk"":{""R1_stop_clarity"":{""score"":58.79724508651121},""R2_stop_distance_pct"":{""value"":11.682702149437043,""score"":7.932446264073922},""R3_stop_distance_atr"":{""value"":1.7895290889747455,""score"":100.0},""R4_rr_potential"":{""value"":0.5344314000350462,""score"":0.0},""_score"":37.96},""market"":{""M1_spy_regime"":{""score"":100.0},""M3_earnings_risk"":{""value"":null,""score"":80.0},""M4_vix"":{""value"":null,""score"":60.0},""_score"":84.0},""liquidity"":{""L1_price"":{""value"":19.54,""score"":100.0},""L2_dollar_vol"":{""value"":289086615.9055711,""score"":100.0},""L3_spread_proxy"":{""value"":0.11412487205731835,""score"":0},""L4_volume_zscore"":{""value"":0.7924016931175288,""score"":100.0},""_score"":90.0},""pattern_structure"":{""left_low"":18.02,""left_idx"":43,""right_low"":17.52,""right_idx"":74,""separation_bars"":31,""structural_low"":17.52,""current_price"":19.395,""neckline_distance_pct"":-0.013147718484145348,""base_bars"":31},""pattern_geometry_features"":{""low_similarity_pct"":0.028137310073157007,""bounce_pct"":0.0924657534246576,""right_bottom_reaction"":0.8250000000000022,""atr_pct"":0.06528366720280741},""_schema_version"":""1.0""}",,,,,,,,,,
20260602T213437Z-756d21,2026-06-02T21:34:37.658687+00:00,FLY,double_bottom,forming,53.15,71.7,62.7,33.1,52.5,3.2,35.0,64.1,84.0,92.1,10.75,15.69,2.65,7.36,0.41,2.8,3.85,5.04,4.61,False,,43.37,62.17,38.5234,85.23,"{""trend"":{""T1_ema_stack"":{""value"":[false,true,true],""score"":66.66666666666666},""T2_ema50_slope"":{""value"":0.8857673309196807,""score"":100},""T3_high_proximity"":{""value"":0.7374596157116136,""score"":0},""T4_rs_1m"":{""value"":0.22912929525736336,""score"":100},""T5_rs_3m"":{""value"":0.9626258654381799,""score"":100},""T6_adr_healthy"":{""value"":12.096816897432113,""score"":0.0},""_score"":71.67},""geometry"":{""sub_low_similarity"":67.5,""sub_bounce_quality"":100,""sub_separation_fit"":0.0,""sub_right_bottom_reaction"":16.6,""sub_base_context"":100.0,""_score"":62.74},""compression"":{""VC1_atr_ratio"":{""value"":0.8372091234494439,""score"":40.697719137639034},""VC2_range_contraction"":{""value"":1.0496666657750338,""score"":0},""VC3_range_pct_rank"":{""score"":67.5},""_score"":33.15},""sr_quality"":{""SR1_touches"":{""value"":2,""score"":25.0},""SR2_tightness"":{""value"":0.7070499999999988,""score"":76.0923487883992},""SR3_recency"":{""value"":96,""score"":0.0},""SR4_price_location"":{""score"":74.5173718091477},""SR5_reaction"":{""value"":2.3462922574926517,""score"":100},""_score"":52.54,""_levels_found"":5,""_target_level"":47.0029},""volume"":{""V1_rvol_day"":{""value"":0.64270231632177,""score"":9.513487754784666},""V2_rvol_sameslot"":{""value"":0.5968122955958697,""score"":6.454153039724646,""status"":""ok""},""V3_breakout_bar"":{""value"":0.4103607708561286,""score"":0},""V4_base_dryup"":{""value"":2.1050874719066757,""score"":0},""V5_bo_expansion"":{""value"":0.64270231632177,""score"":0},""_score"":3.19},""readiness"":{""_distance_atr"":3.178,""BR1_atr_distance"":{""score"":0},""BR2_compression"":{""score"":69.87713176698726},""BR3_retest"":{""score"":50.0},""BR4_bo_age"":{""score"":50.0},""_score"":34.97},""risk"":{""R1_stop_clarity"":{""score"":80.16346286219418},""R2_stop_distance_pct"":{""value"":11.175121051418024,""score"":20.62197371454939},""R3_stop_distance_atr"":{""value"":0.819404693760732,""score"":65.9702346880366},""R4_rr_potential"":{""value"":8.636893524393145,""score"":100.0},""_score"":64.14},""market"":{""M1_spy_regime"":{""score"":100.0},""M3_earnings_risk"":{""value"":null,""score"":80.0},""M4_vix"":{""value"":null,""score"":60.0},""_score"":84.0},""liquidity"":{""L1_price"":{""value"":43.37,""score"":100.0},""L2_dollar_vol"":{""value"":267810674.4328511,""score"":100.0},""L3_spread_proxy"":{""value"":0.07862347244639153,""score"":21.37652755360847},""L4_volume_zscore"":{""value"":-0.7300876265043785,""score"":100.0},""_score"":92.14},""pattern_structure"":{""left_low"":39.11,""left_idx"":20,""right_low"":39.75,""right_idx"":69,""separation_bars"":49,""structural_low"":39.11,""current_price"":44.01,""neckline_distance_pct"":0.4126334923880937,""base_bars"":49},""pattern_geometry_features"":{""low_similarity_pct"":0.01623129596753742,""bounce_pct"":0.5896190232677065,""right_bottom_reaction"":0.1655172413793103,""atr_pct"":0.1363809743403933},""_schema_version"":""1.0""}",,,,,,,,,,
20260602T213437Z-756d21,2026-06-02T21:34:37.658687+00:00,ASTS,bull_flag,forming,53.14,88.8,62.3,13.3,46.2,4.6,45.3,61.3,84.0,91.6,12.44,18.7,1.2,4.62,0.65,4.08,1.84,5.04,4.58,True,stop_too_wide,118.17,133.12,99.6918,174.02,"{""trend"":{""T1_ema_stack"":{""value"":[true,true,true],""score"":100.0},""T2_ema50_slope"":{""value"":0.3144822414346732,""score"":100},""T3_high_proximity"":{""value"":0.887895409121647,""score"":43.947704560823475},""T4_rs_1m"":{""value"":0.6129419944888588,""score"":100},""T5_rs_3m"":{""value"":0.1585594812860276,""score"":100},""T6_adr_healthy"":{""value"":10.206717218299815,""score"":44.83206954250463},""_score"":88.83},""geometry"":{""sub_pole_impulse"":82.3,""sub_flag_tightness"":50.6,""sub_flag_shallowness"":0,""sub_flag_drift"":100,""sub_flag_duration"":100.0,""_score"":62.34},""compression"":{""VC1_atr_ratio"":{""value"":1.0563188158445984,""score"":0},""VC2_range_contraction"":{""value"":1.1562636919865752,""score"":0},""VC3_range_pct_rank"":{""score"":53.333333333333336},""_score"":13.33},""sr_quality"":{""SR1_touches"":{""value"":2,""score"":25.0},""SR2_tightness"":{""value"":1.984950000000012,""score"":67.5028168248199},""SR3_recency"":{""value"":226,""score"":0.0},""SR4_price_location"":{""score"":54.2230232287929},""SR5_reaction"":{""value"":3.1548437985123887,""score"":100},""_score"":46.18,""_levels_found"":5,""_target_level"":131.875},""volume"":{""V1_rvol_day"":{""value"":0.7743950819206217,""score"":18.29300546137478},""V2_rvol_sameslot"":{""value"":0.5725857989360773,""score"":4.839053262405154,""status"":""ok""},""V3_breakout_bar"":{""value"":0.49581676862533747,""score"":0},""V4_base_dryup"":{""value"":1.5288716061933891,""score"":0},""V5_bo_expansion"":{""value"":0.7743950819206215,""score"":0},""_score"":4.63},""readiness"":{""_distance_atr"":1.224,""BR1_atr_distance"":{""score"":18.413916644593968},""BR2_compression"":{""score"":81.8468337676891},""BR3_retest"":{""score"":50.0},""BR4_bo_age"":{""score"":50.0},""_score"":45.33},""risk"":{""R1_stop_clarity"":{""score"":75.14516807103476},""R2_stop_distance_pct"":{""value"":15.636921384446149,""score"":0.0},""R3_stop_distance_atr"":{""value"":1.5126018924619034,""score"":100.0},""R4_rr_potential"":{""value"":3.022488723167631,""score"":100.0},""_score"":61.3},""market"":{""M1_spy_regime"":{""score"":100.0},""M3_earnings_risk"":{""value"":null,""score"":80.0},""M4_vix"":{""value"":null,""score"":60.0},""_score"":84.0},""liquidity"":{""L1_price"":{""value"":118.17,""score"":100.0},""L2_dollar_vol"":{""value"":2512931482.853614,""score"":100.0},""L3_spread_proxy"":{""value"":0.08411610391808409,""score"":15.883896081915907},""L4_volume_zscore"":{""value"":-0.5968379128692535,""score"":100.0},""_score"":91.59},""pattern_structure"":{""pole_low"":92.22,""pole_low_idx"":16,""peak_price"":133.12,""peak_idx"":41,""pole_gain"":0.4435046627629582,""flag_bars"":18,""flag_low"":101.21,""flag_high"":118.7099,""structural_low"":101.21,""current_price"":117.77,""neckline_distance_pct"":0.13033879595822373,""base_bars"":18},""pattern_geometry_features"":{""pole_gain"":0.4435046627629582,""pullback_pct"":0.23970853365384623,""flag_range_pct"":0.13145958533653854,""flag_drift_per_bar"":0.004135179614495839,""atr_pct"":0.10337763996179836,""pole_atr_multiple"":4.290141107176065},""_schema_version"":""1.0""}",,,,,,,,,,
20260602T213437Z-756d21,2026-06-02T21:34:37.658687+00:00,ADBE,high_tight_pullback,forming,53.02,38.6,68.2,26.3,41.2,27.3,47.6,67.2,84.0,95.4,4.63,23.87,2.63,3.29,3.83,4.28,0.67,5.04,4.77,True,risk_unclear,262.11,275.34,256.1492,314.02,"{""trend"":{""T1_ema_stack"":{""value"":[true,false,false],""score"":33.33333333333333},""T2_ema50_slope"":{""value"":-0.06962353507683774,""score"":38.39607748719371},""T3_high_proximity"":{""value"":0.9241590861011213,""score"":62.07954305056062},""T4_rs_1m"":{""value"":-0.008535936667402266,""score"":41.46406333259773},""T5_rs_3m"":{""value"":-0.14924162501097638,""score"":0},""T6_adr_healthy"":{""value"":3.436797154809464,""score"":100.0},""_score"":38.62},""geometry"":{""sub_pole_impulse"":76.3,""sub_flag_tightness"":55.6,""sub_flag_shallowness"":32.0,""sub_flag_drift"":100,""sub_flag_duration"":100.0,""_score"":68.19},""compression"":{""VC1_atr_ratio"":{""value"":0.7723612918727716,""score"":56.90967703180711},""VC2_range_contraction"":{""value"":1.1606484070296497,""score"":0},""VC3_range_pct_rank"":{""score"":14.166666666666671},""_score"":26.31},""sr_quality"":{""SR1_touches"":{""value"":2,""score"":25.0},""SR2_tightness"":{""value"":2.0190000000000055,""score"":61.8098246543211},""SR3_recency"":{""value"":232,""score"":0.0},""SR4_price_location"":{""score"":37.621662091340205},""SR5_reaction"":{""value"":2.4901167079652704,""score"":100},""_score"":41.18,""_levels_found"":5,""_target_level"":267.109},""volume"":{""V1_rvol_day"":{""value"":1.2215223829321442,""score"":48.10149219547628},""V2_rvol_sameslot"":{""value"":1.0290688708685265,""score"":35.27125805790177,""status"":""ok""},""V3_breakout_bar"":{""value"":0.5936852219424046,""score"":6.245681462826972},""V4_base_dryup"":{""value"":1.15607765521965,""score"":34.39223447803501},""V5_bo_expansion"":{""value"":1.2215223829321444,""score"":14.768158862142963},""_score"":27.33},""readiness"":{""_distance_atr"":1.251,""BR1_atr_distance"":{""score"":16.583123687744944},""BR2_compression"":{""score"":93.76176899246158},""BR3_retest"":{""score"":50.0},""BR4_bo_age"":{""score"":50.0},""_score"":47.57},""risk"":{""R1_stop_clarity"":{""score"":26.215786785707195},""R2_stop_distance_pct"":{""value"":2.2741406279806258,""score"":100.0},""R3_stop_distance_atr"":{""value"":0.5637495980479336,""score"":53.187479902396674},""R4_rr_potential"":{""value"":8.708635658264448,""score"":100.0},""_score"":67.15},""market"":{""M1_spy_regime"":{""score"":100.0},""M3_earnings_risk"":{""value"":null,""score"":80.0},""M4_vix"":{""value"":null,""score"":60.0},""_score"":84.0},""liquidity"":{""L1_price"":{""value"":262.11,""score"":100.0},""L2_dollar_vol"":{""value"":1565325696.8774278,""score"":100.0},""L3_spread_proxy"":{""value"":0.045706001297165164,""score"":54.293998702834834},""L4_volume_zscore"":{""value"":0.5579231445026693,""score"":100.0},""_score"":95.43},""pattern_structure"":{""pole_low"":236.66,""pole_low_idx"":36,""peak_price"":275.34,""peak_idx"":53,""pole_gain"":0.16344122369644207,""flag_bars"":6,""flag_low"":260.05,""flag_high"":272.03,""structural_low"":260.05,""current_price"":261.86,""neckline_distance_pct"":0.05147788894829283,""base_bars"":6},""pattern_geometry_features"":{""pole_gain"":0.16344122369644207,""pullback_pct"":0.055531343066753704,""flag_range_pct"":0.04350984237669776,""flag_drift_per_bar"":7.637668983421577e-05,""atr_pct"":0.04033955209644804,""pole_atr_multiple"":4.0516370460849345},""_schema_version"":""1.0""}",,,,,,,,,,
20260602T213437Z-756d21,2026-06-02T21:34:37.658687+00:00,ROP,breakout_retest_hold,setup,53.01,22.3,66.6,42.4,71.0,24.2,54.3,55.1,84.0,96.6,3.12,14.65,2.54,9.94,3.14,9.77,2.76,4.2,2.9,True,trend_floor;weak_retest_trend,336.5,329.24,325.9476,332.9366,"{""trend"":{""T1_ema_stack"":{""value"":[true,false,false],""score"":33.33333333333333},""T2_ema50_slope"":{""value"":-0.29241133045525725,""score"":1.2647782574571238},""T3_high_proximity"":{""value"":0.9156462585034013,""score"":57.823129251700635},""T4_rs_1m"":{""value"":-0.11463992989566985,""score"":0},""T5_rs_3m"":{""value"":-0.1712481690560943,""score"":0},""T6_adr_healthy"":{""value"":2.9469719702946096,""score"":100.0},""_score"":22.26},""geometry"":{""sub_retest_depth"":57.1,""sub_retest_timing"":100.0,""sub_retest_freshness"":100.0,""sub_hold_quality"":31.6,""_score"":66.61},""compression"":{""VC1_atr_ratio"":{""value"":0.6263776826625924,""score"":93.4055793343519},""VC2_range_contraction"":{""value"":1.0473394393167612,""score"":0},""VC3_range_pct_rank"":{""score"":19.999999999999996},""_score"":42.36},""sr_quality"":{""SR1_touches"":{""value"":7,""score"":100},""SR2_tightness"":{""value"":2.8914527628152373,""score"":47.89333582269298},""SR3_recency"":{""value"":232,""score"":0.0},""SR4_price_location"":{""score"":75.90128957039374},""SR5_reaction"":{""value"":1.9777943541717484,""score"":98.88971770858743},""_score"":70.99,""_levels_found"":4,""_target_level"":343.8142},""volume"":{""V1_rvol_day"":{""value"":0.9059173750168755,""score"":27.06115833445837},""V2_rvol_sameslot"":{""value"":0.5856801544028549,""score"":5.712010293523662,""status"":""ok""},""V3_breakout_bar"":{""value"":0.5825486893785833,""score"":5.5032459585722195},""V4_base_dryup"":{""value"":0.6873781603553024,""score"":81.26218396446976},""V5_bo_expansion"":{""value"":0.9059173750168755,""score"":0},""_score"":24.18},""readiness"":{""_distance_atr"":-0.654,""BR1_atr_distance"":{""score"":46.9168057388935},""BR2_compression"":{""score"":43.95945914636174},""BR3_retest"":{""score"":100},""BR4_bo_age"":{""score"":30.0},""_score"":54.26},""risk"":{""R1_stop_clarity"":{""score"":40.667894235169534},""R2_stop_distance_pct"":{""value"":3.135928677563143,""score"":100.0},""R3_stop_distance_atr"":{""value"":0.9508202418794773,""score"":72.54101209397386},""R4_rr_potential"":{""value"":-0.33769095182138625,""score"":0.0},""_score"":55.11},""market"":{""M1_spy_regime"":{""score"":100.0},""M3_earnings_risk"":{""value"":null,""score"":80.0},""M4_vix"":{""value"":null,""score"":60.0},""_score"":84.0},""liquidity"":{""L1_price"":{""value"":336.5,""score"":100.0},""L2_dollar_vol"":{""value"":346751232.3678795,""score"":100.0},""L3_spread_proxy"":{""value"":0.03393759286775636,""score"":66.06240713224364},""L4_volume_zscore"":{""value"":-0.4015874035524352,""score"":100.0},""_score"":96.61},""pattern_structure"":{""level"":329.24,""level_idx"":38,""breakout_idx"":68,""bo_peak_idx"":73,""bo_peak_price"":347.08,""retest_idx"":75,""retest_low"":329.24,""structural_low"":329.24,""current_price"":334.96,""neckline_distance_pct"":-0.01707666587055162,""base_bars"":41,""bars_since_breakout"":11},""pattern_geometry_features"":{""retest_depth_atr"":0.0,""bars_breakout_to_retest"":7.0,""bars_since_retest"":4.0,""current_above_level_atr"":1.5473887814313292,""bo_peak_excess_pct"":0.054185396671121294,""atr_pct"":0.03298129908724264},""_schema_version"":""1.0""}",,,,,,,,,,
20260602T213437Z-756d21,2026-06-02T21:34:37.658687+00:00,TMUS,vcp,forming,52.84,13.9,64.4,71.0,57.8,31.4,27.9,65.0,84.0,97.9,2.08,16.09,8.53,6.93,4.08,1.95,3.25,5.04,4.9,True,risk_unclear;trend_floor,188.83,196.235,182.3235,230.575,"{""trend"":{""T1_ema_stack"":{""value"":[false,false,false],""score"":0.0},""T2_ema50_slope"":{""value"":-0.15096567326764485,""score"":24.839054455392525},""T3_high_proximity"":{""value"":0.8522363135803585,""score"":26.118156790179203},""T4_rs_1m"":{""value"":-0.09088326580503325,""score"":0},""T5_rs_3m"":{""value"":-0.2523810014597393,""score"":0},""T6_adr_healthy"":{""value"":2.1789957352536717,""score"":100.0},""_score"":13.89},""geometry"":{""sub_contraction_count"":100.0,""sub_reduction_rate"":0,""sub_pivot_tightness"":61.9,""sub_volume_dryup"":67.2,""sub_base_depth"":100.0,""sub_base_duration"":100.0,""_score"":64.36},""compression"":{""VC1_atr_ratio"":{""value"":0.2453111963131383,""score"":100},""VC2_range_contraction"":{""value"":0.6926657709748782,""score"":51.22237150418696},""VC3_range_pct_rank"":{""score"":52.5},""_score"":71.05},""sr_quality"":{""SR1_touches"":{""value"":6,""score"":100},""SR2_tightness"":{""value"":0.7606726738004185,""score"":64.88817199734301},""SR3_recency"":{""value"":227,""score"":0.0},""SR4_price_location"":{""score"":12.209925026776059},""SR5_reaction"":{""value"":1.9956808440487983,""score"":99.78404220243992},""_score"":57.75,""_levels_found"":8,""_target_level"":194.9775},""volume"":{""V1_rvol_day"":{""value"":1.0061165994886596,""score"":33.741106632577306},""V2_rvol_sameslot"":{""value"":0.8386527556599407,""score"":22.57685037732938,""status"":""ok""},""V3_breakout_bar"":{""value"":0.9914461744219796,""score"":32.76307829479864},""V4_base_dryup"":{""value"":0.9082498928132997,""score"":59.17501071867003},""V5_bo_expansion"":{""value"":1.0061165994886596,""score"":0.4077732992439742},""_score"":31.35},""readiness"":{""_distance_atr"":1.709,""BR1_atr_distance"":{""score"":0},""BR2_compression"":{""score"":41.48423133672541},""BR3_retest"":{""score"":50.0},""BR4_bo_age"":{""score"":50.0},""_score"":27.87},""risk"":{""R1_stop_clarity"":{""score"":0},""R2_stop_distance_pct"":{""value"":3.4456918921781585,""score"":100.0},""R3_stop_distance_atr"":{""value"":1.5016650181338653,""score"":100.0},""R4_rr_potential"":{""value"":6.415891800507169,""score"":100.0},""_score"":65.0},""market"":{""M1_spy_regime"":{""score"":100.0},""M3_earnings_risk"":{""value"":null,""score"":80.0},""M4_vix"":{""value"":null,""score"":60.0},""_score"":84.0},""liquidity"":{""L1_price"":{""value"":188.83,""score"":100.0},""L2_dollar_vol"":{""value"":868313000.9960126,""score"":100.0},""L3_spread_proxy"":{""value"":0.021024201662871358,""score"":78.97579833712864},""L4_volume_zscore"":{""value"":0.02108538158823164,""score"":100.0},""_score"":97.9},""pattern_structure"":{""n_contractions"":5,""contractions_pct"":[5.6,7.02,13.2,11.98,5.67],""descending_strict"":false,""final_low"":185.1,""final_pivot"":196.235,""structural_low"":185.1,""dry_up_ratio"":0.6638557960520524,""current_price"":188.83,""neckline_distance_pct"":0.039215167081501884,""base_bars"":57,""recent_base_height"":34.34},""pattern_geometry_features"":{""contraction_count"":5.0,""first_contraction_pct"":0.05597330367074533,""last_contraction_pct"":0.05674319056233607,""dry_up_ratio"":0.6638557960520524,""near_monotone"":0.0,""base_depth_pct"":0.1764182424916574},""_schema_version"":""1.0""}",,,,,,,,,,
20260602T213437Z-756d21,2026-06-02T21:34:37.658687+00:00,NVDA,vcp,absent,52.78,95.9,35.0,45.4,44.3,28.6,24.1,73.7,84.0,95.1,14.38,8.75,5.45,5.31,3.71,1.68,3.69,5.04,4.75,True,risk_unclear,222.82,236.54,205.6483,308.81,"{""trend"":{""T1_ema_stack"":{""value"":[true,true,true],""score"":100.0},""T2_ema50_slope"":{""value"":0.3632243809586207,""score"":100},""T3_high_proximity"":{""value"":0.9451938576397726,""score"":72.59692881988627},""T4_rs_1m"":{""value"":0.0687949138607109,""score"":100},""T5_rs_3m"":{""value"":0.12107223819657253,""score"":100},""T6_adr_healthy"":{""value"":3.356583865638607,""score"":100.0},""_score"":95.89},""geometry"":{""sub_contraction_count"":100.0,""sub_reduction_rate"":0,""sub_pivot_tightness"":0,""sub_volume_dryup"":0,""sub_base_depth"":0.0,""sub_base_duration"":100.0,""_score"":35.0},""compression"":{""VC1_atr_ratio"":{""value"":0.5477040329301086,""score"":100},""VC2_range_contraction"":{""value"":0.9319466469100655,""score"":11.34222551498909},""VC3_range_pct_rank"":{""score"":5.833333333333335},""_score"":45.43},""sr_quality"":{""SR1_touches"":{""value"":2,""score"":25.0},""SR2_tightness"":{""value"":0.2046500000000009,""score"":95.09122885468571},""SR3_recency"":{""value"":250,""score"":0.0},""SR4_price_location"":{""score"":30.0},""SR5_reaction"":{""value"":2.554186059062535,""score"":100},""_score"":44.26,""_levels_found"":4,""_target_level"":197.4253},""volume"":{""V1_rvol_day"":{""value"":1.1040924397035707,""score"":40.272829313571386},""V2_rvol_sameslot"":{""value"":0.9774039370464557,""score"":31.826929136430376,""status"":""ok""},""V3_breakout_bar"":{""value"":0.6087857966610762,""score"":7.25238644407175},""V4_base_dryup"":{""value"":0.9353826453923273,""score"":56.46173546076727},""V5_bo_expansion"":{""value"":1.1040924397035705,""score"":6.939495980238035},""_score"":28.57},""readiness"":{""_distance_atr"":1.645,""BR1_atr_distance"":{""score"":0},""BR2_compression"":{""score"":26.275843366126505},""BR3_retest"":{""score"":50.0},""BR4_bo_age"":{""score"":50.0},""_score"":24.07},""risk"":{""R1_stop_clarity"":{""score"":24.8824891483966},""R2_stop_distance_pct"":{""value"":7.706534422403728,""score"":100.0},""R3_stop_distance_atr"":{""value"":2.059417187295206,""score"":100.0},""R4_rr_potential"":{""value"":5.007657948834421,""score"":100.0},""_score"":73.71},""market"":{""M1_spy_regime"":{""score"":100.0},""M3_earnings_risk"":{""value"":null,""score"":80.0},""M4_vix"":{""value"":null,""score"":60.0},""_score"":84.0},""liquidity"":{""L1_price"":{""value"":222.82,""score"":100.0},""L2_dollar_vol"":{""value"":42748074643.312294,""score"":100.0},""L3_spread_proxy"":{""value"":0.04905304730275562,""score"":50.94695269724438},""L4_volume_zscore"":{""value"":0.4938051988090601,""score"":100.0},""_score"":95.09},""pattern_structure"":{""n_contractions"":5,""contractions_pct"":[4.95,9.09,9.35,10.19,11.74],""descending_strict"":false,""final_low"":208.78,""final_pivot"":236.54,""structural_low"":208.78,""dry_up_ratio"":1.2209392656819897,""current_price"":222.82,""neckline_distance_pct"":0.061574364958262275,""base_bars"":58,""recent_base_height"":72.26999999999998},""pattern_geometry_features"":{""contraction_count"":5.0,""first_contraction_pct"":0.049485652409312325,""last_contraction_pct"":0.11735858628561761,""dry_up_ratio"":1.2209392656819897,""near_monotone"":0.0,""base_depth_pct"":-0.13037357877639422},""_schema_version"":""1.0""}",,,,,,,,,,
20260602T213437Z-756d21,2026-06-02T21:34:37.658687+00:00,BELFB,double_bottom,forming,52.78,63.4,53.7,60.3,54.0,5.5,31.0,77.0,84.0,91.9,9.5,13.44,4.82,7.56,0.72,2.48,4.62,5.04,4.6,False,,269.22,287.38,248.7322,322.24,"{""trend"":{""T1_ema_stack"":{""value"":[false,true,true],""score"":66.66666666666666},""T2_ema50_slope"":{""value"":0.3574828766876224,""score"":100},""T3_high_proximity"":{""value"":0.889307303537806,""score"":44.65365176890296},""T4_rs_1m"":{""value"":-0.10471201803496433,""score"":0},""T5_rs_3m"":{""value"":0.1436254034411908,""score"":100},""T6_adr_healthy"":{""value"":4.994163081239146,""score"":100.0},""_score"":63.36},""geometry"":{""sub_low_similarity"":18.1,""sub_bounce_quality"":100,""sub_separation_fit"":0.0,""sub_right_bottom_reaction"":55.4,""sub_base_context"":100.0,""_score"":53.74},""compression"":{""VC1_atr_ratio"":{""value"":0.33839966679136574,""score"":100},""VC2_range_contraction"":{""value"":0.8449626603442606,""score"":25.839556609289904},""VC3_range_pct_rank"":{""score"":44.99999999999999},""_score"":60.29},""sr_quality"":{""SR1_touches"":{""value"":2,""score"":25.0},""SR2_tightness"":{""value"":0.5750500000000045,""score"":92.13934700740198},""SR3_recency"":{""value"":240,""score"":0.0},""SR4_price_location"":{""score"":70.73777840753472},""SR5_reaction"":{""value"":2.2547792032041327,""score"":100},""_score"":54.01,""_levels_found"":7,""_target_level"":278.995},""volume"":{""V1_rvol_day"":{""value"":0.7366072645754494,""score"":15.773817638363298},""V2_rvol_sameslot"":{""value"":0.5966640085154155,""score"":6.44426723436103,""status"":""ok""},""V3_breakout_bar"":{""value"":0.4510417650602525,""score"":0},""V4_base_dryup"":{""value"":1.445440921675789,""score"":5.45590783242109},""V5_bo_expansion"":{""value"":0.7366072645754494,""score"":0},""_score"":5.53},""readiness"":{""_distance_atr"":1.241,""BR1_atr_distance"":{""score"":17.253886128407004},""BR2_compression"":{""score"":26.392915879076494},""BR3_retest"":{""score"":50.0},""BR4_bo_age"":{""score"":50.0},""_score"":31.0},""risk"":{""R1_stop_clarity"":{""score"":48.222621675745444},""R2_stop_distance_pct"":{""value"":7.610058688061816,""score"":100.0},""R3_stop_distance_atr"":{""value"":1.4002911606099349,""score"":95.01455803049674},""R4_rr_potential"":{""value"":2.587881568543227,""score"":79.39407842716135},""_score"":77.01},""market"":{""M1_spy_regime"":{""score"":100.0},""M3_earnings_risk"":{""value"":null,""score"":80.0},""M4_vix"":{""value"":null,""score"":60.0},""_score"":84.0},""liquidity"":{""L1_price"":{""value"":269.22,""score"":100.0},""L2_dollar_vol"":{""value"":67388364.27344953,""score"":91.42924574065341},""L3_spread_proxy"":{""value"":0.04657900601738362,""score"":53.42099398261638},""L4_volume_zscore"":{""value"":-0.42093834375041417,""score"":100.0},""_score"":91.91},""pattern_structure"":{""left_low"":252.52,""left_idx"":14,""right_low"":263.08,""right_idx"":63,""separation_bars"":49,""structural_low"":252.52,""current_price"":271.28,""neckline_distance_pct"":0.0593482748451785,""base_bars"":49},""pattern_geometry_features"":{""low_similarity_pct"":0.04096198603568647,""bounce_pct"":0.13804847140820523,""right_bottom_reaction"":0.5543130990415387,""atr_pct"":0.0543462595646683},""_schema_version"":""1.0""}",,,,,,,,,,
20260602T213437Z-756d21,2026-06-02T21:34:37.658687+00:00,HWM,double_bottom,absent,52.69,56.6,48.9,63.3,44.1,42.1,22.4,60.1,84.0,97.0,8.49,12.21,5.06,6.17,5.47,1.79,3.61,5.04,4.85,True,risk_unclear,250.72,263.475,245.2945,277.92,"{""trend"":{""T1_ema_stack"":{""value"":[false,true,true],""score"":66.66666666666666},""T2_ema50_slope"":{""value"":0.2283166212345537,""score"":88.05277020575895},""T3_high_proximity"":{""value"":0.9164412603260472,""score"":58.22063016302359},""T4_rs_1m"":{""value"":-0.007202908139166908,""score"":42.79709186083309},""T5_rs_3m"":{""value"":-0.14784361911070254,""score"":0},""T6_adr_healthy"":{""value"":2.8221729737848062,""score"":100.0},""_score"":56.57},""geometry"":{""sub_low_similarity"":85.4,""sub_bounce_quality"":40.0,""sub_separation_fit"":0.0,""sub_right_bottom_reaction"":61.6,""sub_base_context"":30.0,""_score"":48.86},""compression"":{""VC1_atr_ratio"":{""value"":0.4374571142894877,""score"":100},""VC2_range_contraction"":{""value"":0.7690415723176167,""score"":38.49307128039722},""VC3_range_pct_rank"":{""score"":39.16666666666667},""_score"":63.26},""sr_quality"":{""SR1_touches"":{""value"":2,""score"":25.0},""SR2_tightness"":{""value"":1.5600000000000023,""score"":59.566787003610045},""SR3_recency"":{""value"":257,""score"":0.0},""SR4_price_location"":{""score"":50.54332378599388},""SR5_reaction"":{""value"":2.26853651763399,""score"":100},""_score"":44.07,""_levels_found"":6,""_target_level"":258.26},""volume"":{""V1_rvol_day"":{""value"":1.028604616264573,""score"":35.24030775097153},""V2_rvol_sameslot"":{""value"":1.155537505060436,""score"":43.7025003373624,""status"":""ok""},""V3_breakout_bar"":{""value"":1.272572215443219,""score"":51.50481436288127},""V4_base_dryup"":{""value"":0.8429121695982378,""score"":65.70878304017623},""V5_bo_expansion"":{""value"":1.028604616264573,""score"":1.9069744176382002},""_score"":42.09},""readiness"":{""_distance_atr"":1.653,""BR1_atr_distance"":{""score"":0},""BR2_compression"":{""score"":19.619255103720775},""BR3_retest"":{""score"":50.0},""BR4_bo_age"":{""score"":50.0},""_score"":22.4},""risk"":{""R1_stop_clarity"":{""score"":3.181893918355641},""R2_stop_distance_pct"":{""value"":2.163947830248888,""score"":100.0},""R3_stop_distance_atr"":{""value"":0.7031037674720001,""score"":60.15518837360001},""R4_rr_potential"":{""value"":5.013409025979414,""score"":100.0},""_score"":60.14},""market"":{""M1_spy_regime"":{""score"":100.0},""M3_earnings_risk"":{""value"":null,""score"":80.0},""M4_vix"":{""value"":null,""score"":60.0},""_score"":84.0},""liquidity"":{""L1_price"":{""value"":250.72,""score"":100.0},""L2_dollar_vol"":{""value"":704982322.8974818,""score"":100.0},""L3_spread_proxy"":{""value"":0.030173101467772804,""score"":69.8268985322272},""L4_volume_zscore"":{""value"":0.05729852944118281,""score"":100.0},""_score"":96.98},""pattern_structure"":{""left_low"":250.85,""left_idx"":21,""right_low"":249.03,""right_idx"":68,""separation_bars"":47,""structural_low"":249.03,""current_price"":251.08,""neckline_distance_pct"":0.0493667357017684,""base_bars"":47},""pattern_geometry_features"":{""low_similarity_pct"":0.007281747619428636,""bounce_pct"":0.0580050596313698,""right_bottom_reaction"":0.6160714285714275,""atr_pct"":0.03077707630595314},""_schema_version"":""1.0""}",,,,,,,,,,
20260602T213437Z-756d21,2026-06-02T21:34:37.658687+00:00,TDG,vcp,absent,52.67,48.8,46.3,69.6,51.5,30.6,66.9,38.1,84.0,72.9,7.32,11.57,8.35,6.18,3.98,4.68,1.91,5.04,3.65,True,risk_unclear,1246.98,1262.26,1126.249,1437.11,"{""trend"":{""T1_ema_stack"":{""value"":[true,false,false],""score"":33.33333333333333},""T2_ema50_slope"":{""value"":-0.026920858181802135,""score"":45.51319030303298},""T3_high_proximity"":{""value"":0.9481872376665248,""score"":74.09361883326238},""T4_rs_1m"":{""value"":0.02614392170541957,""score"":76.14392170541957},""T5_rs_3m"":{""value"":-0.17630671658733377,""score"":0},""T6_adr_healthy"":{""value"":2.7408400645499227,""score"":100.0},""_score"":48.78},""geometry"":{""sub_contraction_count"":100.0,""sub_reduction_rate"":0,""sub_pivot_tightness"":8.3,""sub_volume_dryup"":2.4,""sub_base_depth"":96.6,""sub_base_duration"":100.0,""_score"":46.27},""compression"":{""VC1_atr_ratio"":{""value"":0.3715352088651386,""score"":100},""VC2_range_contraction"":{""value"":0.7604649513960046,""score"":39.92250810066591},""VC3_range_pct_rank"":{""score"":62.5},""_score"":69.6},""sr_quality"":{""SR1_touches"":{""value"":4,""score"":75.0},""SR2_tightness"":{""value"":6.761095972547611,""score"":57.44536269849658},""SR3_recency"":{""value"":240,""score"":0.0},""SR4_price_location"":{""score"":21.51394422310773},""SR5_reaction"":{""value"":2.863593449698225,""score"":100},""_score"":51.5,""_levels_found"":5,""_target_level"":1267.1725},""volume"":{""V1_rvol_day"":{""value"":0.9423101521541639,""score"":29.48734347694426},""V2_rvol_sameslot"":{""value"":1.0092914651059426,""score"":33.95276434039617,""status"":""ok""},""V3_breakout_bar"":{""value"":1.1250178719000798,""score"":41.667858126671995},""V4_base_dryup"":{""value"":1.1248489227583627,""score"":37.515107724163734},""V5_bo_expansion"":{""value"":0.9423101521541639,""score"":0},""_score"":30.61},""readiness"":{""_distance_atr"":0.481,""BR1_atr_distance"":{""score"":67.94233456591704},""BR2_compression"":{""score"":88.81997144445097},""BR3_retest"":{""score"":50.0},""BR4_bo_age"":{""score"":50.0},""_score"":66.88},""risk"":{""R1_stop_clarity"":{""score"":0},""R2_stop_distance_pct"":{""value"":9.681871401305555,""score"":57.95321496736112},""R3_stop_distance_atr"":{""value"":3.799431288143596,""score"":100.0},""R4_rr_potential"":{""value"":1.574823367652052,""score"":28.7411683826026},""_score"":38.13},""market"":{""M1_spy_regime"":{""score"":100.0},""M3_earnings_risk"":{""value"":null,""score"":80.0},""M4_vix"":{""value"":null,""score"":60.0},""_score"":84.0},""liquidity"":{""L1_price"":{""value"":1246.98,""score"":0.0},""L2_dollar_vol"":{""value"":495974161.89706975,""score"":100.0},""L3_spread_proxy"":{""value"":0.02095462637732771,""score"":79.04537362267229},""L4_volume_zscore"":{""value"":-0.2666816494068894,""score"":100.0},""_score"":72.9},""pattern_structure"":{""n_contractions"":5,""contractions_pct"":[4.55,6.43,10.07,13.42,9.42],""descending_strict"":false,""final_low"":1143.4,""final_pivot"":1262.26,""structural_low"":1143.4,""dry_up_ratio"":0.9879508923614708,""current_price"":1246.98,""neckline_distance_pct"":0.012253604708976866,""base_bars"":64,""recent_base_height"":174.8499999999999},""pattern_geometry_features"":{""contraction_count"":5.0,""first_contraction_pct"":0.04554309128770067,""last_contraction_pct"":0.09416443521936836,""dry_up_ratio"":0.9879508923614708,""near_monotone"":0.0,""base_depth_pct"":0.14660815178044964},""_schema_version"":""1.0""}",,,,,,,,,,
20260602T213437Z-756d21,2026-06-02T21:34:37.658687+00:00,SATS,vcp,absent,52.46,49.0,45.6,49.2,52.4,20.7,73.5,78.0,84.0,94.9,7.36,11.39,5.9,6.29,2.69,5.15,3.9,5.04,4.74,False,,123.55,124.96,114.7919,146.08,"{""trend"":{""T1_ema_stack"":{""value"":[false,true,true],""score"":66.66666666666666},""T2_ema50_slope"":{""value"":0.2699371038831592,""score"":94.98951731385986},""T3_high_proximity"":{""value"":0.8712976022566995,""score"":35.648801128349724},""T4_rs_1m"":{""value"":-0.051003065044729956,""score"":0},""T5_rs_3m"":{""value"":-0.059586660612307885,""score"":20.20666969384606},""T6_adr_healthy"":{""value"":6.091726732430978,""score"":100.0},""_score"":49.04},""geometry"":{""sub_contraction_count"":100.0,""sub_reduction_rate"":14.3,""sub_pivot_tightness"":46.6,""sub_volume_dryup"":0,""sub_base_depth"":0.0,""sub_base_duration"":100.0,""_score"":45.56},""compression"":{""VC1_atr_ratio"":{""value"":0.6249003226479217,""score"":93.77491933801957},""VC2_range_contraction"":{""value"":1.3389363027708105,""score"":0},""VC3_range_pct_rank"":{""score"":46.666666666666664},""_score"":49.18},""sr_quality"":{""SR1_touches"":{""value"":2,""score"":25.0},""SR2_tightness"":{""value"":0.17499999999999716,""score"":96.01286948087568},""SR3_recency"":{""value"":245,""score"":0.0},""SR4_price_location"":{""score"":82.10089025244194},""SR5_reaction"":{""value"":1.329121350351599,""score"":66.45606751757995},""_score"":52.4,""_levels_found"":5,""_target_level"":124.785},""volume"":{""V1_rvol_day"":{""value"":0.7010173588661229,""score"":13.401157257741527},""V2_rvol_sameslot"":{""value"":0.6868972991067319,""score"":12.459819940448796,""status"":""ok""},""V3_breakout_bar"":{""value"":0.8040680774545397,""score"":20.271205163635976},""V4_base_dryup"":{""value"":0.9764965404268148,""score"":52.350345957318524},""V5_bo_expansion"":{""value"":0.7010173588661229,""score"":0},""_score"":20.71},""readiness"":{""_distance_atr"":0.161,""BR1_atr_distance"":{""score"":89.29170660578022},""BR2_compression"":{""score"":81.33612570558448},""BR3_retest"":{""score"":50.0},""BR4_bo_age"":{""score"":50.0},""_score"":73.55},""risk"":{""R1_stop_clarity"":{""score"":60.171983654392086},""R2_stop_distance_pct"":{""value"":7.088709024686361,""score"":100.0},""R3_stop_distance_atr"":{""value"":0.9977053657012386,""score"":74.88526828506193},""R4_rr_potential"":{""value"":2.5724757652915575,""score"":78.62378826457788},""_score"":78.02},""market"":{""M1_spy_regime"":{""score"":100.0},""M3_earnings_risk"":{""value"":null,""score"":80.0},""M4_vix"":{""value"":null,""score"":60.0},""_score"":84.0},""liquidity"":{""L1_price"":{""value"":123.55,""score"":100.0},""L2_dollar_vol"":{""value"":560476411.7557212,""score"":100.0},""L3_spread_proxy"":{""value"":0.05139619587211651,""score"":48.60380412788349},""L4_volume_zscore"":{""value"":-0.7899002286138467,""score"":100.0},""_score"":94.86},""pattern_structure"":{""n_contractions"":5,""contractions_pct"":[13.76,10.57,9.62,15.37,6.74],""descending_strict"":false,""final_low"":116.54,""final_pivot"":124.96,""structural_low"":116.54,""dry_up_ratio"":1.4075591057011996,""current_price"":123.55,""neckline_distance_pct"":0.011412383650343963,""base_bars"":45,""recent_base_height"":21.120000000000005},""pattern_geometry_features"":{""contraction_count"":5.0,""first_contraction_pct"":0.1376192042091417,""last_contraction_pct"":0.06738156209987187,""dry_up_ratio"":1.4075591057011996,""near_monotone"":0.0,""base_depth_pct"":0.04192699769812557},""_schema_version"":""1.0""}",,,,,,,,,,
20260602T213437Z-756d21,2026-06-02T21:34:37.658687+00:00,MOD,bull_flag,absent,52.45,100.0,41.8,34.5,38.2,11.4,70.0,44.8,84.0,94.5,14.0,12.53,3.1,3.82,1.59,6.3,1.34,5.04,4.73,True,stop_too_wide,306.89,314.3,253.3814,390.5905,"{""trend"":{""T1_ema_stack"":{""value"":[true,true,true],""score"":100.0},""T2_ema50_slope"":{""value"":0.3929465669030226,""score"":100},""T3_high_proximity"":{""value"":1.0,""score"":99.99999999999997},""T4_rs_1m"":{""value"":0.09612624409365678,""score"":100},""T5_rs_3m"":{""value"":0.32893969662047606,""score"":100},""T6_adr_healthy"":{""value"":7.068411952323555,""score"":100.0},""_score"":100.0},""geometry"":{""sub_pole_impulse"":73.8,""sub_flag_tightness"":18.5,""sub_flag_shallowness"":0,""sub_flag_drift"":100,""sub_flag_duration"":0.0,""_score"":41.77},""compression"":{""VC1_atr_ratio"":{""value"":0.780493293114366,""score"":54.8766767214085},""VC2_range_contraction"":{""value"":1.388970262332093,""score"":0},""VC3_range_pct_rank"":{""score"":50.0},""_score"":34.45},""sr_quality"":{""SR1_touches"":{""value"":2,""score"":25.0},""SR2_tightness"":{""value"":3.3774999999999977,""score"":72.87186726291},""SR3_recency"":{""value"":235,""score"":0.0},""SR4_price_location"":{""score"":30.0},""SR5_reaction"":{""value"":1.6342119689080667,""score"":81.71059844540333},""_score"":38.19,""_levels_found"":6,""_target_level"":290.6775},""volume"":{""V1_rvol_day"":{""value"":0.7635037293622409,""score"":17.566915290816056},""V2_rvol_sameslot"":{""value"":0.6255292904934372,""score"":8.368619366229147,""status"":""ok""},""V3_breakout_bar"":{""value"":0.5771047651384754,""score"":5.140317675898362},""V4_base_dryup"":{""value"":1.2555635241012406,""score"":24.443647589875937},""V5_bo_expansion"":{""value"":0.7635037293622409,""score"":0},""_score"":11.36},""readiness"":{""_distance_atr"":0.298,""BR1_atr_distance"":{""score"":80.1609214328312},""BR2_compression"":{""score"":81.86813399915007},""BR3_retest"":{""score"":50.0},""BR4_bo_age"":{""score"":50.0},""_score"":70.03},""risk"":{""R1_stop_clarity"":{""score"":69.00766455089993},""R2_stop_distance_pct"":{""value"":17.43575874091693,""score"":0.0},""R3_stop_distance_atr"":{""value"":2.14890955348017,""score"":100.0},""R4_rr_potential"":{""value"":1.564243878554103,""score"":28.212193927705155},""_score"":44.8},""market"":{""M1_spy_regime"":{""score"":100.0},""M3_earnings_risk"":{""value"":null,""score"":80.0},""M4_vix"":{""value"":null,""score"":60.0},""_score"":84.0},""liquidity"":{""L1_price"":{""value"":306.89,""score"":100.0},""L2_dollar_vol"":{""value"":328302709.44959337,""score"":100.0},""L3_spread_proxy"":{""value"":0.0546124018377922,""score"":45.3875981622078},""L4_volume_zscore"":{""value"":-0.4842500346947409,""score"":100.0},""_score"":94.54},""pattern_structure"":{""pole_low"":238.0095,""pole_low_idx"":5,""peak_price"":314.3,""peak_idx"":30,""pole_gain"":0.3205355248424958,""flag_bars"":29,""flag_low"":257.24,""flag_high"":306.5,""structural_low"":257.24,""current_price"":304.995,""neckline_distance_pct"":0.030508696863883036,""base_bars"":29},""pattern_geometry_features"":{""pole_gain"":0.3205355248424958,""pullback_pct"":0.18154629335030226,""flag_range_pct"":0.15672923958001905,""flag_drift_per_bar"":0.004036555553644291,""atr_pct"":0.08113770406334521,""pole_atr_multiple"":3.950512632108123},""_schema_version"":""1.0""}",,,,,,,,,,
20260602T213437Z-756d21,2026-06-02T21:34:37.658687+00:00,WWD,vcp,absent,52.4,23.9,48.0,70.9,49.5,61.0,20.9,61.1,84.0,97.5,3.59,12.01,8.5,5.94,7.93,1.46,3.06,5.04,4.87,True,risk_unclear;trend_floor,344.7,387.19,337.2049,455.4099,"{""trend"":{""T1_ema_stack"":{""value"":[false,false,true],""score"":33.33333333333333},""T2_ema50_slope"":{""value"":-0.10544103139530701,""score"":32.42649476744883},""T3_high_proximity"":{""value"":0.8548047117172969,""score"":27.40235585864842},""T4_rs_1m"":{""value"":-0.10439386242168347,""score"":0},""T5_rs_3m"":{""value"":-0.22244861178000042,""score"":0},""T6_adr_healthy"":{""value"":2.983429642187286,""score"":100.0},""_score"":23.93},""geometry"":{""sub_contraction_count"":100.0,""sub_reduction_rate"":0,""sub_pivot_tightness"":0,""sub_volume_dryup"":30.9,""sub_base_depth"":83.8,""sub_base_duration"":100.0,""_score"":48.02},""compression"":{""VC1_atr_ratio"":{""value"":0.39462616547350954,""score"":100},""VC2_range_contraction"":{""value"":0.749588055308962,""score"":41.735324115173},""VC3_range_pct_rank"":{""score"":65.0},""_score"":70.86},""sr_quality"":{""SR1_touches"":{""value"":3,""score"":50.0},""SR2_tightness"":{""value"":2.4820029993714505,""score"":54.78050130597324},""SR3_recency"":{""value"":245,""score"":0.0},""SR4_price_location"":{""score"":45.01378303875476},""SR5_reaction"":{""value"":2.6798563218577818,""score"":100},""_score"":49.47,""_levels_found"":7,""_target_level"":350.3517},""volume"":{""V1_rvol_day"":{""value"":1.1809440384209289,""score"":45.396269228061925},""V2_rvol_sameslot"":{""value"":1.9401365630014327,""score"":96.0091042000955,""status"":""ok""},""V3_breakout_bar"":{""value"":1.8606748173554353,""score"":90.71165449036235},""V4_base_dryup"":{""value"":1.0871763050721786,""score"":41.282369492782145},""V5_bo_expansion"":{""value"":1.1809440384209289,""score"":12.062935894728593},""_score"":61.02},""readiness"":{""_distance_atr"":3.871,""BR1_atr_distance"":{""score"":0},""BR2_compression"":{""score"":13.675881349533958},""BR3_retest"":{""score"":50.0},""BR4_bo_age"":{""score"":50.0},""_score"":20.92},""risk"":{""R1_stop_clarity"":{""score"":6.4438488581591145},""R2_stop_distance_pct"":{""value"":2.1743835219031147,""score"":100.0},""R3_stop_distance_atr"":{""value"":0.682764413958065,""score"":59.13822069790324},""R4_rr_potential"":{""value"":14.770970367306576,""score"":100.0},""_score"":61.13},""market"":{""M1_spy_regime"":{""score"":100.0},""M3_earnings_risk"":{""value"":null,""score"":80.0},""M4_vix"":{""value"":null,""score"":60.0},""_score"":84.0},""liquidity"":{""L1_price"":{""value"":344.7,""score"":100.0},""L2_dollar_vol"":{""value"":272220258.1103037,""score"":100.0},""L3_spread_proxy"":{""value"":0.025326370757180045,""score"":74.67362924281996},""L4_volume_zscore"":{""value"":0.583023037160832,""score"":100.0},""_score"":97.47},""pattern_structure"":{""n_contractions"":5,""contractions_pct"":[10.66,6.99,9.62,8.85,11.58],""descending_strict"":false,""final_low"":342.34,""final_pivot"":387.19,""structural_low"":342.34,""dry_up_ratio"":0.8453439668756211,""current_price"":344.7,""neckline_distance_pct"":0.12326660864519876,""base_bars"":49,""recent_base_height"":68.21990000000005},""pattern_geometry_features"":{""contraction_count"":5.0,""first_contraction_pct"":0.10657894736842106,""last_contraction_pct"":0.11583460316640415,""dry_up_ratio"":0.8453439668756211,""near_monotone"":0.0,""base_depth_pct"":0.133755060728745},""_schema_version"":""1.0""}",,,,,,,,,,
20260602T213437Z-756d21,2026-06-02T21:34:37.658687+00:00,NXPI,breakout_retest_hold,breakout_confirmed,52.24,96.4,30.0,21.1,52.2,35.2,48.1,64.2,84.0,97.3,13.49,6.6,1.26,7.31,4.58,8.67,3.21,4.2,2.92,False,,323.62,309.4,302.5737,316.94,"{""trend"":{""T1_ema_stack"":{""value"":[true,true,true],""score"":100.0},""T2_ema50_slope"":{""value"":0.6888456090691752,""score"":100},""T3_high_proximity"":{""value"":0.9727958637689,""score"":86.39793188445},""T4_rs_1m"":{""value"":0.042118386871927704,""score"":92.1183868719277},""T5_rs_3m"":{""value"":0.38698820359655683,""score"":100},""T6_adr_healthy"":{""value"":3.974189190759155,""score"":100.0},""_score"":96.38},""geometry"":{""sub_retest_depth"":100.0,""sub_retest_timing"":0.0,""sub_retest_freshness"":0.0,""sub_hold_quality"":0.0,""_score"":30.0},""compression"":{""VC1_atr_ratio"":{""value"":0.9580743303628013,""score"":10.48141740929967},""VC2_range_contraction"":{""value"":1.170086265442855,""score"":0},""VC3_range_pct_rank"":{""score"":67.5},""_score"":21.07},""sr_quality"":{""SR1_touches"":{""value"":4,""score"":75.0},""SR2_tightness"":{""value"":2.690469289919503,""score"":60.257898700774916},""SR3_recency"":{""value"":291,""score"":0.0},""SR4_price_location"":{""score"":30.0},""SR5_reaction"":{""value"":1.760016881643851,""score"":88.00084408219256},""_score"":52.24,""_levels_found"":5,""_target_level"":243.145},""volume"":{""V1_rvol_day"":{""value"":0.9844615724282821,""score"":32.29743816188548},""V2_rvol_sameslot"":{""value"":1.1109929138854302,""score"":40.73286092569535,""status"":""ok""},""V3_breakout_bar"":{""value"":1.4156105970342525,""score"":61.04070646895017},""V4_base_dryup"":{""value"":1.2334169376154231,""score"":26.658306238457683},""V5_bo_expansion"":{""value"":0.9844615724282821,""score"":0},""_score"":35.2},""readiness"":{""_distance_atr"":-1.05,""BR1_atr_distance"":{""score"":38.995014639550476},""BR2_compression"":{""score"":43.28578642511342},""BR3_retest"":{""score"":86.07791933739554},""BR4_bo_age"":{""score"":30.0},""_score"":48.14},""risk"":{""R1_stop_clarity"":{""score"":54.854052913402114},""R2_stop_distance_pct"":{""value"":6.503399048266495,""score"":100.0},""R3_stop_distance_atr"":{""value"":1.5544206167075545,""score"":100.0},""R4_rr_potential"":{""value"":-0.31739545668360014,""score"":0.0},""_score"":64.2},""market"":{""M1_spy_regime"":{""score"":100.0},""M3_earnings_risk"":{""value"":null,""score"":80.0},""M4_vix"":{""value"":null,""score"":60.0},""_score"":84.0},""liquidity"":{""L1_price"":{""value"":323.62,""score"":100.0},""L2_dollar_vol"":{""value"":1250325676.0928595,""score"":100.0},""L3_spread_proxy"":{""value"":0.02652802669797905,""score"":73.47197330202096},""L4_volume_zscore"":{""value"":-0.05835492261946927,""score"":100.0},""_score"":97.35},""pattern_structure"":{""level"":309.4,""level_idx"":31,""breakout_idx"":39,""bo_peak_idx"":50,""bo_peak_price"":339.95,""retest_idx"":68,""retest_low"":305.63,""structural_low"":305.63,""current_price"":321.65,""neckline_distance_pct"":-0.03808487486398259,""base_bars"":48,""bars_since_breakout"":40},""pattern_geometry_features"":{""retest_depth_atr"":0.9033030977237666,""bars_breakout_to_retest"":29.0,""bars_since_retest"":11.0,""current_above_level_atr"":2.9351360602430225,""bo_peak_excess_pct"":0.09873949579831937,""atr_pct"":0.04183809052945693},""_schema_version"":""1.0""}",,,,,,,,,,
20260602T213437Z-756d21,2026-06-02T21:34:37.658687+00:00,MSFT,bull_flag,forming,52.12,64.2,62.4,25.3,39.4,25.8,33.5,55.8,84.0,97.0,8.98,18.73,2.27,3.94,3.61,3.02,1.67,5.04,4.85,True,risk_unclear,441.31,466.32,433.8236,523.06,"{""trend"":{""T1_ema_stack"":{""value"":[true,true,false],""score"":66.66666666666666},""T2_ema50_slope"":{""value"":0.0825452854734344,""score"":63.757547578905736},""T3_high_proximity"":{""value"":0.9582862850690524,""score"":79.1431425345262},""T4_rs_1m"":{""value"":0.010827676019540933,""score"":60.82767601954093},""T5_rs_3m"":{""value"":-0.023932101387233118,""score"":38.03394930638344},""T6_adr_healthy"":{""value"":2.446801070561517,""score"":100.0},""_score"":64.16},""geometry"":{""sub_pole_impulse"":93.1,""sub_flag_tightness"":38.9,""sub_flag_shallowness"":19.8,""sub_flag_drift"":72.1,""sub_flag_duration"":100.0,""_score"":62.43},""compression"":{""VC1_atr_ratio"":{""value"":0.7890178452711759,""score"":52.74553868220602},""VC2_range_contraction"":{""value"":1.1664449820186276,""score"":0},""VC3_range_pct_rank"":{""score"":16.666666666666664},""_score"":25.26},""sr_quality"":{""SR1_touches"":{""value"":2,""score"":25.0},""SR2_tightness"":{""value"":0.6899999999999977,""score"":89.33715400251342},""SR3_recency"":{""value"":325,""score"":0.0},""SR4_price_location"":{""score"":28.8564812533872},""SR5_reaction"":{""value"":1.5036158196455776,""score"":75.18079098227888},""_score"":39.39,""_levels_found"":6,""_target_level"":470.19},""volume"":{""V1_rvol_day"":{""value"":1.012143166142247,""score"":34.142877742816474},""V2_rvol_sameslot"":{""value"":1.196939939532965,""score"":46.462662635531,""status"":""ok""},""V3_breakout_bar"":{""value"":0.6644038253253963,""score"":10.960255021693088},""V4_base_dryup"":{""value"":1.1598395518076974,""score"":34.01604481923026},""V5_bo_expansion"":{""value"":1.012143166142247,""score"":0.8095444094831391},""_score"":25.79},""readiness"":{""_distance_atr"":1.932,""BR1_atr_distance"":{""score"":0},""BR2_compression"":{""score"":64.04407646273208},""BR3_retest"":{""score"":50.0},""BR4_bo_age"":{""score"":50.0},""_score"":33.51},""risk"":{""R1_stop_clarity"":{""score"":0},""R2_stop_distance_pct"":{""value"":1.6964152183272507,""score"":92.41038045818127},""R3_stop_distance_atr"":{""value"":0.5784555320136493,""score"":53.92277660068247},""R4_rr_potential"":{""value"":10.919728309145196,""score"":100.0},""_score"":55.81},""market"":{""M1_spy_regime"":{""score"":100.0},""M3_earnings_risk"":{""value"":null,""score"":80.0},""M4_vix"":{""value"":null,""score"":60.0},""_score"":84.0},""liquidity"":{""L1_price"":{""value"":441.31,""score"":100.0},""L2_dollar_vol"":{""value"":16303981427.419336,""score"":100.0},""L3_spread_proxy"":{""value"":0.029616369445514476,""score"":70.38363055448552},""L4_volume_zscore"":{""value"":0.03412271301332284,""score"":100.0},""_score"":97.04},""pattern_structure"":{""pole_low"":409.58,""pole_low_idx"":30,""peak_price"":466.32,""peak_idx"":48,""pole_gain"":0.13853215489037554,""flag_bars"":11,""flag_low"":440.43,""flag_high"":464.12,""structural_low"":440.43,""current_price"":441.69,""neckline_distance_pct"":0.055763091761189966,""base_bars"":11},""pattern_geometry_features"":{""pole_gain"":0.13853215489037554,""pullback_pct"":0.05551981471950589,""flag_range_pct"":0.050802024360953844,""flag_drift_per_bar"":-0.0055746790735582835,""atr_pct"":0.029326631425269558,""pole_atr_multiple"":4.723766356984596},""_schema_version"":""1.0""}",,,,,,,,,,
20260602T213437Z-756d21,2026-06-02T21:34:37.658687+00:00,CARR,bull_flag,forming,52.05,63.6,57.1,41.5,54.0,24.1,22.7,55.7,84.0,94.7,8.91,17.13,3.73,5.4,3.38,2.05,1.67,5.04,4.74,True,risk_unclear,66.42,69.83,65.5911,77.34,"{""trend"":{""T1_ema_stack"":{""value"":[true,true,true],""score"":100.0},""T2_ema50_slope"":{""value"":0.15257334778608128,""score"":75.42889129768022},""T3_high_proximity"":{""value"":0.9782032400589101,""score"":89.10162002945505},""T4_rs_1m"":{""value"":-0.07175302834354602,""score"":0},""T5_rs_3m"":{""value"":-0.030646502674138043,""score"":34.676748662930976},""T6_adr_healthy"":{""value"":3.1732433236654067,""score"":100.0},""_score"":63.65},""geometry"":{""sub_pole_impulse"":61.2,""sub_flag_tightness"":53.3,""sub_flag_shallowness"":23.0,""sub_flag_drift"":72.2,""sub_flag_duration"":100.0,""_score"":57.11},""compression"":{""VC1_atr_ratio"":{""value"":0.46335180320611574,""score"":100},""VC2_range_contraction"":{""value"":1.160964617749438,""score"":0},""VC3_range_pct_rank"":{""score"":5.833333333333335},""_score"":41.46},""sr_quality"":{""SR1_touches"":{""value"":2,""score"":25.0},""SR2_tightness"":{""value"":0.457499999999996,""score"":60.596739464780434},""SR3_recency"":{""value"":227,""score"":0.0},""SR4_price_location"":{""score"":89.55431754874652},""SR5_reaction"":{""value"":2.560135342971392,""score"":100},""_score"":53.98,""_levels_found"":6,""_target_level"":66.6075},""volume"":{""V1_rvol_day"":{""value"":1.2278308167282004,""score"":48.52205444854669},""V2_rvol_sameslot"":{""value"":0.9070497233585614,""score"":27.136648223904093,""status"":""ok""},""V3_breakout_bar"":{""value"":0.6735407302249184,""score"":11.569382014994563},""V4_base_dryup"":{""value"":1.307743282328506,""score"":19.225671767149393},""V5_bo_expansion"":{""value"":1.2278308167282004,""score"":15.188721115213358},""_score"":24.15},""readiness"":{""_distance_atr"":1.468,""BR1_atr_distance"":{""score"":2.1019173587615683},""BR2_compression"":{""score"":17.55803160913618},""BR3_retest"":{""score"":50.0},""BR4_bo_age"":{""score"":50.0},""_score"":22.73},""risk"":{""R1_stop_clarity"":{""score"":13.971701015071943},""R2_stop_distance_pct"":{""value"":1.247892201144238,""score"":81.19730502860595},""R3_stop_distance_atr"":{""value"":0.35693325130729103,""score"":42.846662565364554},""R4_rr_potential"":{""value"":13.174880859021494,""score"":100.0},""_score"":55.68},""market"":{""M1_spy_regime"":{""score"":100.0},""M3_earnings_risk"":{""value"":null,""score"":80.0},""M4_vix"":{""value"":null,""score"":60.0},""_score"":84.0},""liquidity"":{""L1_price"":{""value"":66.42,""score"":100.0},""L2_dollar_vol"":{""value"":541682578.0859766,""score"":100.0},""L3_spread_proxy"":{""value"":0.052996085516410656,""score"":47.00391448358934},""L4_volume_zscore"":{""value"":0.6256187188898823,""score"":100.0},""_score"":94.7},""pattern_structure"":{""pole_low"":62.32,""pole_low_idx"":36,""peak_price"":69.83,""peak_idx"":54,""pole_gain"":0.1205070603337612,""flag_bars"":5,""flag_low"":66.59,""flag_high"":68.95,""structural_low"":66.59,""current_price"":66.75,""neckline_distance_pct"":0.04614232209737825,""base_bars"":5},""pattern_geometry_features"":{""pole_gain"":0.1205070603337612,""pullback_pct"":0.046398396104825934,""flag_range_pct"":0.03379636259487326,""flag_drift_per_bar"":-0.005558052434457091,""atr_pct"":0.0349615004086549,""pole_atr_multiple"":3.446850361831984},""_schema_version"":""1.0""}",,,,,,,,,,
20260602T213437Z-756d21,2026-06-02T21:34:37.658687+00:00,UUUU,high_tight_pullback,forming,52.0,26.5,60.9,51.5,37.4,27.7,57.5,77.0,84.0,90.0,3.18,21.31,5.15,3.0,3.88,5.17,0.77,5.04,4.5,True,trend_floor,19.54,19.75,18.8529,22.24,"{""trend"":{""T1_ema_stack"":{""value"":[true,false,true],""score"":66.66666666666666},""T2_ema50_slope"":{""value"":-0.22428620106366062,""score"":12.61896648938989},""T3_high_proximity"":{""value"":0.83078231292517,""score"":15.391156462584988},""T4_rs_1m"":{""value"":-0.15188306903861493,""score"":0},""T5_rs_3m"":{""value"":-0.18109711027306286,""score"":0},""T6_adr_healthy"":{""value"":7.560325616508365,""score"":100.0},""_score"":26.5},""geometry"":{""sub_pole_impulse"":30.2,""sub_flag_tightness"":64.3,""sub_flag_shallowness"":57.2,""sub_flag_drift"":95.5,""sub_flag_duration"":100.0,""_score"":60.9},""compression"":{""VC1_atr_ratio"":{""value"":0.37013474210970665,""score"":100},""VC2_range_contraction"":{""value"":0.8572564439251267,""score"":23.790592679145554},""VC3_range_pct_rank"":{""score"":12.5},""_score"":51.45},""sr_quality"":{""SR1_touches"":{""value"":3,""score"":50.0},""SR2_tightness"":{""value"":0.32484531703566244,""score"":49.06955105549835},""SR3_recency"":{""value"":250,""score"":0.0},""SR4_price_location"":{""score"":0.3173144393593543},""SR5_reaction"":{""value"":3.132224648636541,""score"":100},""_score"":37.44,""_levels_found"":4,""_target_level"":23.5532},""volume"":{""V1_rvol_day"":{""value"":1.3282537761426236,""score"":55.21691840950824},""V2_rvol_sameslot"":{""value"":0.9577091431577888,""score"":30.51394287718592,""status"":""ok""},""V3_breakout_bar"":{""value"":0.4028238702762395,""score"":0},""V4_base_dryup"":{""value"":1.13528857001884,""score"":36.471142998116},""V5_bo_expansion"":{""value"":1.3282537761426236,""score"":21.883585076174906},""_score"":27.72},""readiness"":{""_distance_atr"":0.165,""BR1_atr_distance"":{""score"":89.02514138529588},""BR2_compression"":{""score"":17.372242331891183},""BR3_retest"":{""score"":50.0},""BR4_bo_age"":{""score"":50.0},""_score"":57.45},""risk"":{""R1_stop_clarity"":{""score"":54.98740131026391},""R2_stop_distance_pct"":{""value"":3.5163766632548485,""score"":100.0},""R3_stop_distance_atr"":{""value"":0.5386303824402243,""score"":51.93151912201122},""R4_rr_potential"":{""value"":3.9295590161548675,""score"":100.0},""_score"":77.04},""market"":{""M1_spy_regime"":{""score"":100.0},""M3_earnings_risk"":{""value"":null,""score"":80.0},""M4_vix"":{""value"":null,""score"":60.0},""_score"":84.0},""liquidity"":{""L1_price"":{""value"":19.54,""score"":100.0},""L2_dollar_vol"":{""value"":289086615.9055711,""score"":100.0},""L3_spread_proxy"":{""value"":0.11412487205731835,""score"":0},""L4_volume_zscore"":{""value"":0.7924016931175288,""score"":100.0},""_score"":90.0},""pattern_structure"":{""pole_low"":17.26,""pole_low_idx"":48,""peak_price"":19.75,""peak_idx"":55,""pole_gain"":0.14426419466975657,""flag_bars"":4,""flag_low"":19.14,""flag_high"":19.75,""structural_low"":19.14,""current_price"":19.395,""neckline_distance_pct"":0.018303686517143616,""base_bars"":4},""pattern_geometry_features"":{""pole_gain"":0.14426419466975657,""pullback_pct"":0.03088607594936706,""flag_range_pct"":0.03088607594936706,""flag_drift_per_bar"":-0.0009007476153647604,""atr_pct"":0.06528366720280741,""pole_atr_multiple"":2.209805313503478},""_schema_version"":""1.0""}",,,,,,,,,,
20260602T213437Z-756d21,2026-06-02T21:34:37.658687+00:00,LMT,vcp,forming,51.87,13.3,62.8,80.6,39.1,27.5,44.2,65.0,84.0,97.0,2.0,15.7,9.67,4.69,3.58,3.09,3.25,5.04,4.85,True,risk_unclear;trend_floor,513.43,524.5,492.8053,662.11,"{""trend"":{""T1_ema_stack"":{""value"":[false,false,true],""score"":33.33333333333333},""T2_ema50_slope"":{""value"":-0.3186407490946265,""score"":0},""T3_high_proximity"":{""value"":0.7642943269273709,""score"":0},""T4_rs_1m"":{""value"":-0.05271967263520483,""score"":0},""T5_rs_3m"":{""value"":-0.3476579380209538,""score"":0},""T6_adr_healthy"":{""value"":1.955431987732839,""score"":100.0},""_score"":13.33},""geometry"":{""sub_contraction_count"":100.0,""sub_reduction_rate"":0,""sub_pivot_tightness"":77.0,""sub_volume_dryup"":41.6,""sub_base_depth"":100.0,""sub_base_duration"":100.0,""_score"":62.79},""compression"":{""VC1_atr_ratio"":{""value"":0.376940317255084,""score"":100},""VC2_range_contraction"":{""value"":0.6975550477954003,""score"":50.407492034099945},""VC3_range_pct_rank"":{""score"":91.66666666666666},""_score"":80.56},""sr_quality"":{""SR1_touches"":{""value"":2,""score"":25.0},""SR2_tightness"":{""value"":0.5600000000000023,""score"":88.77472709987052},""SR3_recency"":{""value"":267,""score"":0.0},""SR4_price_location"":{""score"":13.184192900200879},""SR5_reaction"":{""value"":4.675025485951224,""score"":100},""_score"":39.11,""_levels_found"":4,""_target_level"":594.44},""volume"":{""V1_rvol_day"":{""value"":0.820975161383675,""score"":21.398344092245},""V2_rvol_sameslot"":{""value"":0.7570554046769116,""score"":17.13702697846077,""status"":""ok""},""V3_breakout_bar"":{""value"":0.8453020453479807,""score"":23.02013635653205},""V4_base_dryup"":{""value"":0.7962390968168025,""score"":70.37609031831975},""V5_bo_expansion"":{""value"":0.820975161383675,""score"":0},""_score"":27.54},""readiness"":{""_distance_atr"":1.109,""BR1_atr_distance"":{""score"":26.033469640218243},""BR2_compression"":{""score"":65.15605083219239},""BR3_retest"":{""score"":50.0},""BR4_bo_age"":{""score"":50.0},""_score"":44.2},""risk"":{""R1_stop_clarity"":{""score"":0},""R2_stop_distance_pct"":{""value"":4.017032506865585,""score"":100.0},""R3_stop_distance_atr"":{""value"":2.067118970711198,""score"":100.0},""R4_rr_potential"":{""value"":7.208849604720571,""score"":100.0},""_score"":65.0},""market"":{""M1_spy_regime"":{""score"":100.0},""M3_earnings_risk"":{""value"":null,""score"":80.0},""M4_vix"":{""value"":null,""score"":60.0},""_score"":84.0},""liquidity"":{""L1_price"":{""value"":513.43,""score"":93.28500000000003},""L2_dollar_vol"":{""value"":553083451.0458959,""score"":100.0},""L3_spread_proxy"":{""value"":0.012874199014471328,""score"":87.12580098552867},""L4_volume_zscore"":{""value"":-0.6542676348695062,""score"":100.0},""_score"":97.03},""pattern_structure"":{""n_contractions"":5,""contractions_pct"":[5.33,10.51,6.17,5.08,4.61],""descending_strict"":false,""final_low"":500.31,""final_pivot"":524.5,""structural_low"":500.31,""dry_up_ratio"":0.7922210571564804,""current_price"":513.43,""neckline_distance_pct"":0.021560874900181236,""base_bars"":53,""recent_base_height"":137.60999999999996},""pattern_geometry_features"":{""contraction_count"":5.0,""first_contraction_pct"":0.05332586786114227,""last_contraction_pct"":0.04612011439466158,""dry_up_ratio"":0.7922210571564804,""near_monotone"":0.0,""base_depth_pct"":0.25298992161254197},""_schema_version"":""1.0""}",,,,,,,,,,
20260602T213437Z-756d21,2026-06-02T21:34:37.658687+00:00,TEM,double_bottom,forming,51.6,18.9,54.2,51.2,77.2,15.4,48.2,77.7,84.0,94.8,2.83,13.56,4.1,10.81,2.0,3.86,4.66,5.04,4.74,True,reversal_trend_cap,49.62,53.41,45.5268,60.5999,"{""trend"":{""T1_ema_stack"":{""value"":[true,false,false],""score"":33.33333333333333},""T2_ema50_slope"":{""value"":-0.3328380000540527,""score"":0},""T3_high_proximity"":{""value"":0.8738992603029235,""score"":36.94963015146174},""T4_rs_1m"":{""value"":-0.1518249812353748,""score"":0},""T5_rs_3m"":{""value"":-0.15110323835177042,""score"":0},""T6_adr_healthy"":{""value"":6.134947824588579,""score"":100.0},""_score"":18.88},""geometry"":{""sub_low_similarity"":7.8,""sub_bounce_quality"":100,""sub_separation_fit"":100.0,""sub_right_bottom_reaction"":72.6,""sub_base_context"":30.0,""_score"":54.23},""compression"":{""VC1_atr_ratio"":{""value"":0.4435619272127092,""score"":100},""VC2_range_contraction"":{""value"":1.1647307045336834,""score"":0},""VC3_range_pct_rank"":{""score"":44.99999999999999},""_score"":51.25},""sr_quality"":{""SR1_touches"":{""value"":8,""score"":100},""SR2_tightness"":{""value"":0.7277165382207559,""score"":50.59737550538086},""SR3_recency"":{""value"":246,""score"":0.0},""SR4_price_location"":{""score"":98.51821472512967},""SR5_reaction"":{""value"":2.512521548118677,""score"":100},""_score"":77.22,""_levels_found"":4,""_target_level"":49.7308},""volume"":{""V1_rvol_day"":{""value"":0.8863473064873408,""score"":25.756487099156054},""V2_rvol_sameslot"":{""value"":0.8612633835730759,""score"":24.08422557153839,""status"":""ok""},""V3_breakout_bar"":{""value"":0.5405755353711694,""score"":2.705035691411295},""V4_base_dryup"":{""value"":1.2625576586412317,""score"":23.744234135876823},""V5_bo_expansion"":{""value"":0.8863473064873408,""score"":0},""_score"":15.39},""readiness"":{""_distance_atr"":1.286,""BR1_atr_distance"":{""score"":14.235861080198205},""BR2_compression"":{""score"":100},""BR3_retest"":{""score"":50.0},""BR4_bo_age"":{""score"":50.0},""_score"":48.19},""risk"":{""R1_stop_clarity"":{""score"":52.93371544118154},""R2_stop_distance_pct"":{""value"":8.249096130592502,""score"":93.77259673518745},""R3_stop_distance_atr"":{""value"":1.389379559654648,""score"":94.46897798273241},""R4_rr_potential"":{""value"":2.6824723874453764,""score"":84.12361937226882},""_score"":77.65},""market"":{""M1_spy_regime"":{""score"":100.0},""M3_earnings_risk"":{""value"":null,""score"":80.0},""M4_vix"":{""value"":null,""score"":60.0},""_score"":84.0},""liquidity"":{""L1_price"":{""value"":49.62,""score"":100.0},""L2_dollar_vol"":{""value"":313658413.24725956,""score"":100.0},""L3_spread_proxy"":{""value"":0.05159209995969372,""score"":48.40790004030628},""L4_volume_zscore"":{""value"":-0.29579038326461843,""score"":100.0},""_score"":94.84},""pattern_structure"":{""left_low"":46.2201,""left_idx"":44,""right_low"":48.4,""right_idx"":68,""separation_bars"":24,""structural_low"":46.2201,""current_price"":49.93,""neckline_distance_pct"":0.0696975766072501,""base_bars"":24},""pattern_geometry_features"":{""low_similarity_pct"":0.0460768906395152,""bounce_pct"":0.15555786335382213,""right_bottom_reaction"":0.7260981912144701,""atr_pct"":0.059372516842287094},""_schema_version"":""1.0""}",,,,,,,,,,
20260602T213437Z-756d21,2026-06-02T21:34:37.658687+00:00,ESLT,double_bottom,forming,51.53,42.7,74.7,42.9,40.8,8.5,42.5,73.1,84.0,68.0,6.4,18.66,3.43,5.71,1.1,3.4,4.38,5.04,3.4,True,risk_unclear;reversal_trend_cap,849.15,902.18,798.776,993.4199,"{""trend"":{""T1_ema_stack"":{""value"":[true,true,true],""score"":100.0},""T2_ema50_slope"":{""value"":-0.14312039167243892,""score"":26.146601387926847},""T3_high_proximity"":{""value"":0.8371535890686462,""score"":18.576794534323092},""T4_rs_1m"":{""value"":-0.032436096113614976,""score"":17.56390388638502},""T5_rs_3m"":{""value"":-0.0847991747879222,""score"":7.600412606038901},""T6_adr_healthy"":{""value"":3.0280098749049373,""score"":100.0},""_score"":42.67},""geometry"":{""sub_low_similarity"":34.9,""sub_bounce_quality"":100,""sub_separation_fit"":100.0,""sub_right_bottom_reaction"":61.2,""sub_base_context"":100.0,""_score"":74.65},""compression"":{""VC1_atr_ratio"":{""value"":0.8163344026964979,""score"":45.91639932587552},""VC2_range_contraction"":{""value"":0.9476237365521621,""score"":8.72937724130631},""VC3_range_pct_rank"":{""score"":85.83333333333334},""_score"":42.88},""sr_quality"":{""SR1_touches"":{""value"":2,""score"":25.0},""SR2_tightness"":{""value"":4.694999999999993,""score"":71.80450523083698},""SR3_recency"":{""value"":249,""score"":0.0},""SR4_price_location"":{""score"":30.0},""SR5_reaction"":{""value"":2.3659743478049178,""score"":100},""_score"":40.77,""_levels_found"":2,""_target_level"":805.305},""volume"":{""V1_rvol_day"":{""value"":0.4814689893155013,""score"":0},""V2_rvol_sameslot"":{""value"":0.2731862288679812,""score"":0,""status"":""ok""},""V3_breakout_bar"":{""value"":0.391065018854939,""score"":0},""V4_base_dryup"":{""value"":1.0767059276424986,""score"":42.32940723575014},""V5_bo_expansion"":{""value"":0.4814689893155014,""score"":0},""_score"":8.47},""readiness"":{""_distance_atr"":1.592,""BR1_atr_distance"":{""score"":0},""BR2_compression"":{""score"":100},""BR3_retest"":{""score"":50.0},""BR4_bo_age"":{""score"":50.0},""_score"":42.5},""risk"":{""R1_stop_clarity"":{""score"":26.949337547429394},""R2_stop_distance_pct"":{""value"":5.932285403050105,""score"":100.0},""R3_stop_distance_atr"":{""value"":1.5125877484505443,""score"":100.0},""R4_rr_potential"":{""value"":2.863975378251418,""score"":93.19876891257091},""_score"":73.07},""market"":{""M1_spy_regime"":{""score"":100.0},""M3_earnings_risk"":{""value"":null,""score"":80.0},""M4_vix"":{""value"":null,""score"":60.0},""_score"":84.0},""liquidity"":{""L1_price"":{""value"":849.15,""score"":0.0},""L2_dollar_vol"":{""value"":55709536.653794244,""score"":87.29647731846919},""L3_spread_proxy"":{""value"":0.019101454395572075,""score"":80.89854560442792},""L4_volume_zscore"":{""value"":-1.26856297736592,""score"":100.0},""_score"":68.01},""pattern_structure"":{""left_low"":810.9401,""left_idx"":51,""right_low"":837.78,""right_idx"":74,""separation_bars"":23,""structural_low"":810.9401,""current_price"":846.53,""neckline_distance_pct"":0.06573895786327712,""base_bars"":23},""pattern_geometry_features"":{""low_similarity_pct"":0.03255846762588743,""bounce_pct"":0.11251126932803042,""right_bottom_reaction"":0.6122071516646145,""atr_pct"":0.03921944633709339},""_schema_version"":""1.0""}",,,,,,,,,,
20260602T213437Z-756d21,2026-06-02T21:34:37.658687+00:00,WWD,double_bottom,absent,51.38,23.9,47.7,70.9,49.5,61.0,20.9,62.4,84.0,97.5,3.59,11.93,5.67,6.93,7.93,1.67,3.75,5.04,4.87,True,risk_unclear;reversal_trend_cap,344.7,363.9499,335.5501,387.2398,"{""trend"":{""T1_ema_stack"":{""value"":[false,false,true],""score"":33.33333333333333},""T2_ema50_slope"":{""value"":-0.10544103139530701,""score"":32.42649476744883},""T3_high_proximity"":{""value"":0.8548047117172969,""score"":27.40235585864842},""T4_rs_1m"":{""value"":-0.10439386242168347,""score"":0},""T5_rs_3m"":{""value"":-0.22244861178000042,""score"":0},""T6_adr_healthy"":{""value"":2.983429642187286,""score"":100.0},""_score"":23.93},""geometry"":{""sub_low_similarity"":69.0,""sub_bounce_quality"":54.8,""sub_separation_fit"":0.0,""sub_right_bottom_reaction"":67.1,""sub_base_context"":30.0,""_score"":47.73},""compression"":{""VC1_atr_ratio"":{""value"":0.39462616547350954,""score"":100},""VC2_range_contraction"":{""value"":0.749588055308962,""score"":41.735324115173},""VC3_range_pct_rank"":{""score"":65.0},""_score"":70.86},""sr_quality"":{""SR1_touches"":{""value"":3,""score"":50.0},""SR2_tightness"":{""value"":2.4820029993714505,""score"":54.78050130597324},""SR3_recency"":{""value"":245,""score"":0.0},""SR4_price_location"":{""score"":45.01378303875476},""SR5_reaction"":{""value"":2.6798563218577818,""score"":100},""_score"":49.47,""_levels_found"":7,""_target_level"":350.3517},""volume"":{""V1_rvol_day"":{""value"":1.1809440384209289,""score"":45.396269228061925},""V2_rvol_sameslot"":{""value"":1.9401365630014327,""score"":96.0091042000955,""status"":""ok""},""V3_breakout_bar"":{""value"":1.8606748173554353,""score"":90.71165449036235},""V4_base_dryup"":{""value"":1.087656936431316,""score"":41.2343063568684},""V5_bo_expansion"":{""value"":1.1809440384209289,""score"":12.062935894728593},""_score"":61.02},""readiness"":{""_distance_atr"":1.754,""BR1_atr_distance"":{""score"":0},""BR2_compression"":{""score"":13.675881349533958},""BR3_retest"":{""score"":50.0},""BR4_bo_age"":{""score"":50.0},""_score"":20.92},""risk"":{""R1_stop_clarity"":{""score"":6.902966501199785},""R2_stop_distance_pct"":{""value"":2.6544531476646203,""score"":100.0},""R3_stop_distance_atr"":{""value"":0.8335080400895027,""score"":66.67540200447513},""R4_rr_potential"":{""value"":4.649209280975778,""score"":100.0},""_score"":62.42},""market"":{""M1_spy_regime"":{""score"":100.0},""M3_earnings_risk"":{""value"":null,""score"":80.0},""M4_vix"":{""value"":null,""score"":60.0},""_score"":84.0},""liquidity"":{""L1_price"":{""value"":344.7,""score"":100.0},""L2_dollar_vol"":{""value"":272220258.1103037,""score"":100.0},""L3_spread_proxy"":{""value"":0.025326370757180045,""score"":74.67362924281996},""L4_volume_zscore"":{""value"":0.583023037160832,""score"":100.0},""_score"":97.47},""pattern_structure"":{""left_low"":345.99,""left_idx"":26,""right_low"":340.66,""right_idx"":74,""separation_bars"":48,""structural_low"":340.66,""current_price"":344.4399,""neckline_distance_pct"":0.05664268280184726,""base_bars"":48},""pattern_geometry_features"":{""low_similarity_pct"":0.01552464865652074,""bounce_pct"":0.06836699348323838,""right_bottom_reaction"":0.6713576158940355,""atr_pct"":0.03184676115877158},""_schema_version"":""1.0""}",,,,,,,,,,
20260602T213437Z-756d21,2026-06-02T21:34:37.658687+00:00,CW,cup_with_handle,forming,51.17,50.2,55.0,65.9,52.6,14.7,35.0,70.3,84.0,72.6,7.03,16.51,5.27,6.32,1.91,2.8,3.52,4.2,3.63,True,risk_unclear,721.12,760.721,675.3505,865.191,"{""trend"":{""T1_ema_stack"":{""value"":[false,true,true],""score"":66.66666666666666},""T2_ema50_slope"":{""value"":0.12857440921891533,""score"":71.42906820315255},""T3_high_proximity"":{""value"":0.9602130492676432,""score"":80.10652463382156},""T4_rs_1m"":{""value"":-0.04281685073951391,""score"":7.18314926048609},""T5_rs_3m"":{""value"":-0.08922178771419165,""score"":5.389106142904176},""T6_adr_healthy"":{""value"":3.00072551141518,""score"":100.0},""_score"":50.21},""geometry"":{""sub_cup_depth"":63.1,""sub_cup_duration"":100.0,""sub_rim_symmetry"":16.2,""sub_handle_shallowness"":17.7,""sub_handle_proportion"":91.0,""sub_u_shape"":76.9,""_score"":55.03},""compression"":{""VC1_atr_ratio"":{""value"":0.40276043256185945,""score"":100},""VC2_range_contraction"":{""value"":0.9027042039243501,""score"":16.215966012608312},""VC3_range_pct_rank"":{""score"":80.83333333333333},""_score"":65.88},""sr_quality"":{""SR1_touches"":{""value"":4,""score"":75.0},""SR2_tightness"":{""value"":5.358953819718464,""score"":55.799148816652036},""SR3_recency"":{""value"":226,""score"":0.0},""SR4_price_location"":{""score"":27.046591316640907},""SR5_reaction"":{""value"":2.0990017812814914,""score"":100},""_score"":52.63,""_levels_found"":6,""_target_level"":754.3274},""volume"":{""V1_rvol_day"":{""value"":0.8080322737594348,""score"":20.53548491729565},""V2_rvol_sameslot"":{""value"":0.7355930841592747,""score"":15.706205610618316,""status"":""ok""},""V3_breakout_bar"":{""value"":0.7631642987866277,""score"":17.544286585775183},""V4_base_dryup"":{""value"":1.3489583835260213,""score"":15.104161647397873},""V5_bo_expansion"":{""value"":0.8080322737594348,""score"":0},""_score"":14.66},""readiness"":{""_distance_atr"":1.633,""BR1_atr_distance"":{""score"":0},""BR2_compression"":{""score"":69.83995238746779},""BR3_retest"":{""score"":50.0},""BR4_bo_age"":{""score"":50.0},""_score"":34.96},""risk"":{""R1_stop_clarity"":{""score"":15.172853823863534},""R2_stop_distance_pct"":{""value"":6.3470053527845645,""score"":100.0},""R3_stop_distance_atr"":{""value"":1.8875437551016332,""score"":100.0},""R4_rr_potential"":{""value"":3.1477495123665777,""score"":100.0},""_score"":70.31},""market"":{""M1_spy_regime"":{""score"":100.0},""M3_earnings_risk"":{""value"":null,""score"":80.0},""M4_vix"":{""value"":null,""score"":60.0},""_score"":84.0},""liquidity"":{""L1_price"":{""value"":721.12,""score"":0.0},""L2_dollar_vol"":{""value"":175258527.57035664,""score"":100.0},""L3_spread_proxy"":{""value"":0.023799783669846936,""score"":76.20021633015307},""L4_volume_zscore"":{""value"":-0.3930788549641231,""score"":100.0},""_score"":72.62},""pattern_structure"":{""left_rim"":730.12,""left_rim_idx"":115,""cup_bottom"":625.65,""cup_bottom_idx"":135,""right_rim"":760.721,""right_rim_idx"":167,""handle_low"":685.635,""handle_bars"":12,""cup_bars"":52,""structural_low"":685.635,""current_price"":721.12,""neckline_distance_pct"":0.05491596405591302,""base_bars"":64},""pattern_geometry_features"":{""cup_depth_pct"":0.1430860680436093,""rim_symmetry_pct"":0.04191228839094943,""handle_depth_pct"":0.0987037297511177,""handle_to_cup_ratio"":0.23076923076923078,""cup_duration_bars"":52.0,""atr_pct"":0.03362573892991855,""u_shape_score"":0.38461538461538464},""_schema_version"":""1.0""}",,,,,,,,,,
20260602T213437Z-756d21,2026-06-02T21:34:37.658687+00:00,NXPI,ascending_triangle,absent,51.15,96.4,29.7,21.1,52.2,31.9,36.2,68.7,84.0,97.3,14.46,8.32,1.69,7.31,3.82,2.89,2.75,5.04,4.87,False,,323.62,339.95,301.0455,374.27,"{""trend"":{""T1_ema_stack"":{""value"":[true,true,true],""score"":100.0},""T2_ema50_slope"":{""value"":0.6888456090691752,""score"":100},""T3_high_proximity"":{""value"":0.9727958637689,""score"":86.39793188445},""T4_rs_1m"":{""value"":0.042118386871927704,""score"":92.1183868719277},""T5_rs_3m"":{""value"":0.38698820359655683,""score"":100},""T6_adr_healthy"":{""value"":3.974189190759155,""score"":100.0},""_score"":96.38},""geometry"":{""sub_flat_top_quality"":33.3,""sub_hl_slope"":15.8,""sub_compression"":0,""sub_duration"":100.0,""_score"":29.73},""compression"":{""VC1_atr_ratio"":{""value"":0.9580743303628013,""score"":10.48141740929967},""VC2_range_contraction"":{""value"":1.170086265442855,""score"":0},""VC3_range_pct_rank"":{""score"":67.5},""_score"":21.07},""sr_quality"":{""SR1_touches"":{""value"":4,""score"":75.0},""SR2_tightness"":{""value"":2.690469289919503,""score"":60.257898700774916},""SR3_recency"":{""value"":291,""score"":0.0},""SR4_price_location"":{""score"":30.0},""SR5_reaction"":{""value"":1.760016881643851,""score"":88.00084408219256},""_score"":52.24,""_levels_found"":5,""_target_level"":243.145},""volume"":{""V1_rvol_day"":{""value"":0.9844615724282821,""score"":32.29743816188548},""V2_rvol_sameslot"":{""value"":1.1109929138854302,""score"":40.73286092569535,""status"":""ok""},""V3_breakout_bar"":{""value"":1.4156105970342525,""score"":61.04070646895017},""V4_base_dryup"":{""value"":1.4001623837179753,""score"":9.983761628202473},""V5_bo_expansion"":{""value"":0.9844615724282821,""score"":0},""_score"":31.86},""readiness"":{""_distance_atr"":1.206,""BR1_atr_distance"":{""score"":19.5941371457713},""BR2_compression"":{""score"":43.28578642511342},""BR3_retest"":{""score"":50.0},""BR4_bo_age"":{""score"":50.0},""_score"":36.16},""risk"":{""R1_stop_clarity"":{""score"":32.28107937010358},""R2_stop_distance_pct"":{""value"":6.9756041035782745,""score"":100.0},""R3_stop_distance_atr"":{""value"":1.6672854844240472,""score"":100.0},""R4_rr_potential"":{""value"":2.2436870001262466,""score"":62.18435000631233},""_score"":68.74},""market"":{""M1_spy_regime"":{""score"":100.0},""M3_earnings_risk"":{""value"":null,""score"":80.0},""M4_vix"":{""value"":null,""score"":60.0},""_score"":84.0},""liquidity"":{""L1_price"":{""value"":323.62,""score"":100.0},""L2_dollar_vol"":{""value"":1250325676.0928595,""score"":100.0},""L3_spread_proxy"":{""value"":0.02652802669797905,""score"":73.47197330202096},""L4_volume_zscore"":{""value"":-0.05835492261946927,""score"":100.0},""_score"":97.35},""pattern_structure"":{""top"":339.95,""top_touches"":2,""low_slope_per_bar"":0.14444164567590126,""lowest_low"":305.63,""structural_low"":305.63,""current_price"":321.65,""neckline_distance_pct"":0.05689413959272505,""base_bars"":39},""pattern_geometry_features"":{""top_touches"":2.0,""low_slope"":0.14444164567590126,""compression"":-0.10283846839288868,""atr_pct"":0.04183809052945693},""_schema_version"":""1.0""}",,,,,,,,,,
20260602T213437Z-756d21,2026-06-02T21:34:37.658687+00:00,IRDM,high_tight_pullback,absent,51.14,96.8,32.1,49.8,48.6,25.6,58.5,78.4,84.0,95.2,11.62,11.23,4.98,3.88,3.58,5.27,0.78,5.04,4.76,False,,49.6,52.25,46.9943,59.575,"{""trend"":{""T1_ema_stack"":{""value"":[true,true,true],""score"":100.0},""T2_ema50_slope"":{""value"":0.7606823932686205,""score"":100},""T3_high_proximity"":{""value"":0.9578988026264967,""score"":78.94940131324834},""T4_rs_1m"":{""value"":0.20359969145501822,""score"":100},""T5_rs_3m"":{""value"":0.950193778509449,""score"":100},""T6_adr_healthy"":{""value"":5.7147512805191205,""score"":100.0},""_score"":96.84},""geometry"":{""sub_pole_impulse"":43.6,""sub_flag_tightness"":20.0,""sub_flag_shallowness"":0,""sub_flag_drift"":93.4,""sub_flag_duration"":0.0,""_score"":32.09},""compression"":{""VC1_atr_ratio"":{""value"":0.6346927801488438,""score"":91.32680496278905},""VC2_range_contraction"":{""value"":0.9804220778558463,""score"":3.26298702402561},""VC3_range_pct_rank"":{""score"":48.33333333333333},""_score"":49.76},""sr_quality"":{""SR1_touches"":{""value"":8,""score"":100},""SR2_tightness"":{""value"":1.0368346203710603,""score"":29.63491046533853},""SR3_recency"":{""value"":272,""score"":0.0},""SR4_price_location"":{""score"":30.0},""SR5_reaction"":{""value"":0.8815999001410637,""score"":44.079995007053185},""_score"":48.56,""_levels_found"":3,""_target_level"":23.7683},""volume"":{""V1_rvol_day"":{""value"":0.9972215120157052,""score"":33.148100801047015},""V2_rvol_sameslot"":{""value"":0.6180682478214988,""score"":7.871216521433255,""status"":""ok""},""V3_breakout_bar"":{""value"":0.7153300856208326,""score"":14.355339041388838},""V4_base_dryup"":{""value"":0.8112177584133443,""score"":68.87822415866557},""V5_bo_expansion"":{""value"":0.9972215120157052,""score"":0},""_score"":25.57},""readiness"":{""_distance_atr"":0.899,""BR1_atr_distance"":{""score"":40.05232091236813},""BR2_compression"":{""score"":100},""BR3_retest"":{""score"":50.0},""BR4_bo_age"":{""score"":50.0},""_score"":58.52},""risk"":{""R1_stop_clarity"":{""score"":51.43220014445586},""R2_stop_distance_pct"":{""value"":5.253326612903234,""score"":100.0},""R3_stop_distance_atr"":{""value"":0.884166056686915,""score"":69.20830283434574},""R4_rr_potential"":{""value"":3.8282194462034367,""score"":100.0},""_score"":78.38},""market"":{""M1_spy_regime"":{""score"":100.0},""M3_earnings_risk"":{""value"":null,""score"":80.0},""M4_vix"":{""value"":null,""score"":60.0},""_score"":84.0},""liquidity"":{""L1_price"":{""value"":49.6,""score"":100.0},""L2_dollar_vol"":{""value"":108047614.10559201,""score"":100.0},""L3_spread_proxy"":{""value"":0.04838709677419352,""score"":51.612903225806484},""L4_volume_zscore"":{""value"":-0.012735515819201031,""score"":100.0},""_score"":95.16},""pattern_structure"":{""pole_low"":44.925,""pole_low_idx"":17,""peak_price"":52.25,""peak_idx"":41,""pole_gain"":0.1630495269894269,""flag_bars"":18,""flag_low"":47.71,""flag_high"":51.8,""structural_low"":47.71,""current_price"":49.81,""neckline_distance_pct"":0.04898614735996783,""base_bars"":18},""pattern_geometry_features"":{""pole_gain"":0.1630495269894269,""pullback_pct"":0.08688995215311003,""flag_range_pct"":0.07827751196172242,""flag_drift_per_bar"":-0.0013207049533324373,""atr_pct"":0.059415610599078315,""pole_atr_multiple"":2.7442203378106194},""_schema_version"":""1.0""}",,,,,,,,,,
20260602T213437Z-756d21,2026-06-02T21:34:37.658687+00:00,GD,double_bottom,forming,51.08,32.6,50.1,78.9,60.0,24.9,25.2,62.4,84.0,98.7,4.89,12.52,6.31,8.4,3.24,2.01,3.74,5.04,4.93,True,risk_unclear;reversal_trend_cap,337.61,351.36,330.7384,366.945,"{""trend"":{""T1_ema_stack"":{""value"":[false,false,true],""score"":33.33333333333333},""T2_ema50_slope"":{""value"":0.0023554833043396115,""score"":50.39258055072327},""T3_high_proximity"":{""value"":0.9221293564951383,""score"":61.06467824756911},""T4_rs_1m"":{""value"":-0.07780393103875183,""score"":0},""T5_rs_3m"":{""value"":-0.1907531184835134,""score"":0},""T6_adr_healthy"":{""value"":1.6468851973979257,""score"":100.0},""_score"":32.57},""geometry"":{""sub_low_similarity"":90.0,""sub_bounce_quality"":23.5,""sub_separation_fit"":0.0,""sub_right_bottom_reaction"":82.4,""sub_base_context"":30.0,""_score"":50.06},""compression"":{""VC1_atr_ratio"":{""value"":0.4031574854726234,""score"":100},""VC2_range_contraction"":{""value"":0.6863533043053052,""score"":52.27444928244914},""VC3_range_pct_rank"":{""score"":82.5},""_score"":78.92},""sr_quality"":{""SR1_touches"":{""value"":3,""score"":50.0},""SR2_tightness"":{""value"":1.206988907249026,""score"":59.47162947459821},""SR3_recency"":{""value"":267,""score"":0.0},""SR4_price_location"":{""score"":84.26078366809341},""SR5_reaction"":{""value"":3.4109733302539045,""score"":100},""_score"":59.99,""_levels_found"":7,""_target_level"":338.4067},""volume"":{""V1_rvol_day"":{""value"":0.8184698898002517,""score"":21.231325986683448},""V2_rvol_sameslot"":{""value"":0.7177166692948026,""score"":14.514444619653508,""status"":""ok""},""V3_breakout_bar"":{""value"":0.9469948896404642,""score"":29.79965930936428},""V4_base_dryup"":{""value"":0.985086801483027,""score"":51.491319851697305},""V5_bo_expansion"":{""value"":0.8184698898002519,""score"":0},""_score"":24.9},""readiness"":{""_distance_atr"":2.308,""BR1_atr_distance"":{""score"":0},""BR2_compression"":{""score"":30.643538095158295},""BR3_retest"":{""score"":50.0},""BR4_bo_age"":{""score"":50.0},""_score"":25.16},""risk"":{""R1_stop_clarity"":{""score"":0},""R2_stop_distance_pct"":{""value"":2.035373655993617,""score"":100.0},""R3_stop_distance_atr"":{""value"":1.153679882387506,""score"":82.6839941193753},""R4_rr_potential"":{""value"":4.2690047841667464,""score"":100.0},""_score"":62.4},""market"":{""M1_spy_regime"":{""score"":100.0},""M3_earnings_risk"":{""value"":null,""score"":80.0},""M4_vix"":{""value"":null,""score"":60.0},""_score"":84.0},""liquidity"":{""L1_price"":{""value"":337.61,""score"":100.0},""L2_dollar_vol"":{""value"":299169568.9717826,""score"":100.0},""L3_spread_proxy"":{""value"":0.01337341903379652,""score"":86.62658096620348},""L4_volume_zscore"":{""value"":-0.5871611633921806,""score"":100.0},""_score"":98.66},""pattern_structure"":{""left_low"":337.46,""left_idx"":26,""right_low"":335.775,""right_idx"":74,""separation_bars"":48,""structural_low"":335.775,""current_price"":338.115,""neckline_distance_pct"":0.03917306241959098,""base_bars"":48},""pattern_geometry_features"":{""low_similarity_pct"":0.005005681522796654,""bounce_pct"":0.0464150100513738,""right_bottom_reaction"":0.8239202657807291,""atr_pct"":0.01764244732933604},""_schema_version"":""1.0""}",,,,,,,,,,
20260602T213437Z-756d21,2026-06-02T21:34:37.658687+00:00,OMER,double_bottom,forming,51.07,21.1,52.8,57.0,62.3,30.7,46.1,75.2,84.0,83.7,3.17,13.2,4.56,8.73,3.99,3.69,4.51,5.04,4.18,True,reversal_trend_cap,10.26,11.175,10.0864,12.11,"{""trend"":{""T1_ema_stack"":{""value"":[false,false,true],""score"":33.33333333333333},""T2_ema50_slope"":{""value"":-0.06612758821648554,""score"":38.97873529725241},""T3_high_proximity"":{""value"":0.6812749003984063,""score"":0},""T4_rs_1m"":{""value"":-0.37273189901878656,""score"":0},""T5_rs_3m"":{""value"":-0.23502958918814576,""score"":0},""T6_adr_healthy"":{""value"":5.766706441689525,""score"":100.0},""_score"":21.13},""geometry"":{""sub_low_similarity"":40.4,""sub_bounce_quality"":87.6,""sub_separation_fit"":100.0,""sub_right_bottom_reaction"":14.5,""sub_base_context"":30.0,""_score"":52.81},""compression"":{""VC1_atr_ratio"":{""value"":0.46876398084755583,""score"":100},""VC2_range_contraction"":{""value"":0.989885614896283,""score"":1.6857308506194972},""VC3_range_pct_rank"":{""score"":65.83333333333333},""_score"":57.05},""sr_quality"":{""SR1_touches"":{""value"":3,""score"":50.0},""SR2_tightness"":{""value"":0.0659966329107447,""score"":84.22588758236716},""SR3_recency"":{""value"":227,""score"":0.0},""SR4_price_location"":{""score"":88.23529411764703},""SR5_reaction"":{""value"":1.6849882200293638,""score"":84.24941100146819},""_score"":62.33,""_levels_found"":7,""_target_level"":10.5033},""volume"":{""V1_rvol_day"":{""value"":1.4358666010743786,""score"":62.3911067382919},""V2_rvol_sameslot"":{""value"":0.8524614294736569,""score"":23.497428631577126,""status"":""ok""},""V3_breakout_bar"":{""value"":1.0496857126312655,""score"":36.6457141754177},""V4_base_dryup"":{""value"":1.5440972930430956,""score"":0},""V5_bo_expansion"":{""value"":1.4358666010743786,""score"":29.05777340495857},""_score"":30.7},""readiness"":{""_distance_atr"":1.093,""BR1_atr_distance"":{""score"":27.100761429985937},""BR2_compression"":{""score"":70.91084057944849},""BR3_retest"":{""score"":50.0},""BR4_bo_age"":{""score"":50.0},""_score"":46.07},""risk"":{""R1_stop_clarity"":{""score"":63.28746542834685},""R2_stop_distance_pct"":{""value"":1.6920077972709593,""score"":92.30019493177399},""R3_stop_distance_atr"":{""value"":0.2074640625533518,""score"":35.37320312766759},""R4_rr_potential"":{""value"":10.656682027649753,""score"":100.0},""_score"":75.15},""market"":{""M1_spy_regime"":{""score"":100.0},""M3_earnings_risk"":{""value"":null,""score"":80.0},""M4_vix"":{""value"":null,""score"":60.0},""_score"":84.0},""liquidity"":{""L1_price"":{""value"":10.26,""score"":100.0},""L2_dollar_vol"":{""value"":25021189.664810643,""score"":69.915397747046},""L3_spread_proxy"":{""value"":0.042884990253411255,""score"":57.11500974658875},""L4_volume_zscore"":{""value"":0.7024514408373627,""score"":100.0},""_score"":83.68},""pattern_structure"":{""left_low"":10.55,""left_idx"":55,""right_low"":10.24,""right_idx"":74,""separation_bars"":19,""structural_low"":10.24,""current_price"":10.405,""neckline_distance_pct"":0.07400288322921686,""base_bars"":19},""pattern_geometry_features"":{""low_similarity_pct"":0.02982202982202987,""bounce_pct"":0.09130859375000004,""right_bottom_reaction"":0.14457831325301354,""atr_pct"":0.0815566694514063},""_schema_version"":""1.0""}",,,,,,,,,,
20260602T213437Z-756d21,2026-06-02T21:34:37.658687+00:00,CW,double_bottom,absent,50.95,50.2,48.9,65.9,52.6,24.7,35.0,64.4,84.0,72.6,7.53,12.23,5.27,7.37,3.21,2.8,3.86,5.04,3.63,True,risk_unclear,721.12,758.4487,675.3505,831.2624,"{""trend"":{""T1_ema_stack"":{""value"":[false,true,true],""score"":66.66666666666666},""T2_ema50_slope"":{""value"":0.12857440921891533,""score"":71.42906820315255},""T3_high_proximity"":{""value"":0.9602130492676432,""score"":80.10652463382156},""T4_rs_1m"":{""value"":-0.04281685073951391,""score"":7.18314926048609},""T5_rs_3m"":{""value"":-0.08922178771419165,""score"":5.389106142904176},""T6_adr_healthy"":{""value"":3.00072551141518,""score"":100.0},""_score"":50.21},""geometry"":{""sub_low_similarity"":21.0,""sub_bounce_quality"":100,""sub_separation_fit"":0.0,""sub_right_bottom_reaction"":17.5,""sub_base_context"":100.0,""_score"":48.92},""compression"":{""VC1_atr_ratio"":{""value"":0.40276043256185945,""score"":100},""VC2_range_contraction"":{""value"":0.9027042039243501,""score"":16.215966012608312},""VC3_range_pct_rank"":{""score"":80.83333333333333},""_score"":65.88},""sr_quality"":{""SR1_touches"":{""value"":4,""score"":75.0},""SR2_tightness"":{""value"":5.358953819718464,""score"":55.799148816652036},""SR3_recency"":{""value"":226,""score"":0.0},""SR4_price_location"":{""score"":27.046591316640907},""SR5_reaction"":{""value"":2.0990017812814914,""score"":100},""_score"":52.63,""_levels_found"":6,""_target_level"":754.3274},""volume"":{""V1_rvol_day"":{""value"":0.8080322737594348,""score"":20.53548491729565},""V2_rvol_sameslot"":{""value"":0.7355930841592747,""score"":15.706205610618316,""status"":""ok""},""V3_breakout_bar"":{""value"":0.7631642987866277,""score"":17.544286585775183},""V4_base_dryup"":{""value"":0.845365671359287,""score"":65.46343286407131},""V5_bo_expansion"":{""value"":0.8080322737594348,""score"":0},""_score"":24.73},""readiness"":{""_distance_atr"":1.539,""BR1_atr_distance"":{""score"":0},""BR2_compression"":{""score"":69.83995238746779},""BR3_retest"":{""score"":50.0},""BR4_bo_age"":{""score"":50.0},""_score"":34.96},""risk"":{""R1_stop_clarity"":{""score"":15.172853823863534},""R2_stop_distance_pct"":{""value"":6.3470053527845645,""score"":100.0},""R3_stop_distance_atr"":{""value"":1.8875437551016332,""score"":100.0},""R4_rr_potential"":{""value"":2.406457134960434,""score"":70.3228567480217},""_score"":64.38},""market"":{""M1_spy_regime"":{""score"":100.0},""M3_earnings_risk"":{""value"":null,""score"":80.0},""M4_vix"":{""value"":null,""score"":60.0},""_score"":84.0},""liquidity"":{""L1_price"":{""value"":721.12,""score"":0.0},""L2_dollar_vol"":{""value"":175258527.57035664,""score"":100.0},""L3_spread_proxy"":{""value"":0.023799783669846936,""score"":76.20021633015307},""L4_volume_zscore"":{""value"":-0.3930788549641231,""score"":100.0},""_score"":72.62},""pattern_structure"":{""left_low"":685.635,""left_idx"":21,""right_low"":713.27,""right_idx"":70,""separation_bars"":49,""structural_low"":685.635,""current_price"":717.29,""neckline_distance_pct"":0.05738083620293057,""base_bars"":49},""pattern_geometry_features"":{""low_similarity_pct"":0.03950947348104409,""bounce_pct"":0.10619892508404624,""right_bottom_reaction"":0.17502668089647658,""atr_pct"":0.03362573892991855},""_schema_version"":""1.0""}",,,,,,,,,,
20260602T213437Z-756d21,2026-06-02T21:34:37.658687+00:00,HWM,base_on_base,absent,50.89,56.6,49.8,63.3,44.1,32.4,22.4,22.6,84.0,97.0,10.18,12.44,6.33,4.41,3.88,1.79,1.13,5.88,4.85,True,risk_unclear,250.72,263.475,217.2024,301.515,"{""trend"":{""T1_ema_stack"":{""value"":[false,true,true],""score"":66.66666666666666},""T2_ema50_slope"":{""value"":0.2283166212345537,""score"":88.05277020575895},""T3_high_proximity"":{""value"":0.9164412603260472,""score"":58.22063016302359},""T4_rs_1m"":{""value"":-0.007202908139166908,""score"":42.79709186083309},""T5_rs_3m"":{""value"":-0.14784361911070254,""score"":0},""T6_adr_healthy"":{""value"":2.8221729737848062,""score"":100.0},""_score"":56.57},""geometry"":{""sub_shallower_second"":5.5,""sub_second_base_depth"":100.0,""sub_rim_advance"":100,""sub_dry_up"":0,""sub_second_base_duration"":56.0,""_score"":49.77},""compression"":{""VC1_atr_ratio"":{""value"":0.4374571142894877,""score"":100},""VC2_range_contraction"":{""value"":0.7690415723176167,""score"":38.49307128039722},""VC3_range_pct_rank"":{""score"":39.16666666666667},""_score"":63.26},""sr_quality"":{""SR1_touches"":{""value"":2,""score"":25.0},""SR2_tightness"":{""value"":1.5600000000000023,""score"":59.566787003610045},""SR3_recency"":{""value"":257,""score"":0.0},""SR4_price_location"":{""score"":50.54332378599388},""SR5_reaction"":{""value"":2.26853651763399,""score"":100},""_score"":44.07,""_levels_found"":6,""_target_level"":258.26},""volume"":{""V1_rvol_day"":{""value"":1.028604616264573,""score"":35.24030775097153},""V2_rvol_sameslot"":{""value"":1.155537505060436,""score"":43.7025003373624,""status"":""ok""},""V3_breakout_bar"":{""value"":1.272572215443219,""score"":51.50481436288127},""V4_base_dryup"":{""value"":1.3300971377089317,""score"":16.99028622910683},""V5_bo_expansion"":{""value"":1.028604616264573,""score"":1.9069744176382002},""_score"":32.35},""readiness"":{""_distance_atr"":1.653,""BR1_atr_distance"":{""score"":0},""BR2_compression"":{""score"":19.619255103720775},""BR3_retest"":{""score"":50.0},""BR4_bo_age"":{""score"":50.0},""_score"":22.4},""risk"":{""R1_stop_clarity"":{""score"":14.269886142738358},""R2_stop_distance_pct"":{""value"":13.368519264518186,""score"":0.0},""R3_stop_distance_atr"":{""value"":4.34366121447746,""score"":82.81693927612702},""R4_rr_potential"":{""value"":1.515474661089131,""score"":25.77373305445655},""_score"":22.57},""market"":{""M1_spy_regime"":{""score"":100.0},""M3_earnings_risk"":{""value"":null,""score"":80.0},""M4_vix"":{""value"":null,""score"":60.0},""_score"":84.0},""liquidity"":{""L1_price"":{""value"":250.72,""score"":100.0},""L2_dollar_vol"":{""value"":704982322.8974818,""score"":100.0},""L3_spread_proxy"":{""value"":0.030173101467772804,""score"":69.8268985322272},""L4_volume_zscore"":{""value"":0.05729852944118281,""score"":100.0},""_score"":96.98},""pattern_structure"":{""first_base_low"":188.83,""first_base_top"":226.87,""first_base_bars"":20,""second_base_low"":220.5101,""second_base_top"":263.475,""second_base_bars"":71,""structural_low"":220.5101,""stacking_overlap_pct"":0.028033234892229076,""current_price"":250.72,""neckline_distance_pct"":0.05087348436502881,""base_bars"":71},""pattern_geometry_features"":{""first_base_depth_pct"":0.16767311676290383,""second_base_depth_pct"":0.16307012050479183,""second_dry_up_ratio"":1.1404782749273106,""rim_advance_pct"":0.1613479084938512,""atr_pct"":0.03077707630595314},""_schema_version"":""1.0""}",,,,,,,,,,
20260602T213437Z-756d21,2026-06-02T21:34:37.658687+00:00,ROP,vcp,forming,50.85,22.3,52.0,42.4,71.0,25.6,60.1,70.2,84.0,96.6,3.34,12.99,5.08,8.52,3.33,4.21,3.51,5.04,4.83,True,risk_unclear;trend_floor,336.5,340.0,310.7774,418.04,"{""trend"":{""T1_ema_stack"":{""value"":[true,false,false],""score"":33.33333333333333},""T2_ema50_slope"":{""value"":-0.29241133045525725,""score"":1.2647782574571238},""T3_high_proximity"":{""value"":0.9156462585034013,""score"":57.823129251700635},""T4_rs_1m"":{""value"":-0.11463992989566985,""score"":0},""T5_rs_3m"":{""value"":-0.1712481690560943,""score"":0},""T6_adr_healthy"":{""value"":2.9469719702946096,""score"":100.0},""_score"":22.26},""geometry"":{""sub_contraction_count"":100.0,""sub_reduction_rate"":0,""sub_pivot_tightness"":40.0,""sub_volume_dryup"":24.1,""sub_base_depth"":73.6,""sub_base_duration"":100.0,""_score"":51.98},""compression"":{""VC1_atr_ratio"":{""value"":0.6263776826625924,""score"":93.4055793343519},""VC2_range_contraction"":{""value"":1.0473394393167612,""score"":0},""VC3_range_pct_rank"":{""score"":19.999999999999996},""_score"":42.36},""sr_quality"":{""SR1_touches"":{""value"":7,""score"":100},""SR2_tightness"":{""value"":2.8914527628152373,""score"":47.89333582269298},""SR3_recency"":{""value"":232,""score"":0.0},""SR4_price_location"":{""score"":75.90128957039374},""SR5_reaction"":{""value"":1.9777943541717484,""score"":98.88971770858743},""_score"":70.99,""_levels_found"":4,""_target_level"":343.8142},""volume"":{""V1_rvol_day"":{""value"":0.9059173750168755,""score"":27.06115833445837},""V2_rvol_sameslot"":{""value"":0.5856801544028549,""score"":5.712010293523662,""status"":""ok""},""V3_breakout_bar"":{""value"":0.5825486893785833,""score"":5.5032459585722195},""V4_base_dryup"":{""value"":0.6139660987860003,""score"":88.60339012139997},""V5_bo_expansion"":{""value"":0.9059173750168755,""score"":0},""_score"":25.65},""readiness"":{""_distance_atr"":0.315,""BR1_atr_distance"":{""score"":78.97558314330908},""BR2_compression"":{""score"":43.95945914636174},""BR3_retest"":{""score"":50.0},""BR4_bo_age"":{""score"":50.0},""_score"":60.08},""risk"":{""R1_stop_clarity"":{""score"":14.713251625584746},""R2_stop_distance_pct"":{""value"":7.6441753343239185,""score"":100.0},""R3_stop_distance_atr"":{""value"":2.317730212537544,""score"":100.0},""R4_rr_potential"":{""value"":3.169968879567232,""score"":100.0},""_score"":70.15},""market"":{""M1_spy_regime"":{""score"":100.0},""M3_earnings_risk"":{""value"":null,""score"":80.0},""M4_vix"":{""value"":null,""score"":60.0},""_score"":84.0},""liquidity"":{""L1_price"":{""value"":336.5,""score"":100.0},""L2_dollar_vol"":{""value"":346751232.3678795,""score"":100.0},""L3_spread_proxy"":{""value"":0.03393759286775636,""score"":66.06240713224364},""L4_volume_zscore"":{""value"":-0.4015874035524352,""score"":100.0},""_score"":96.61},""pattern_structure"":{""n_contractions"":5,""contractions_pct"":[5.44,5.88,9.32,15.85,7.2],""descending_strict"":false,""final_low"":315.51,""final_pivot"":340.0,""structural_low"":315.51,""dry_up_ratio"":0.8794994211906559,""current_price"":336.5,""neckline_distance_pct"":0.010401188707280832,""base_bars"":46,""recent_base_height"":78.04000000000002},""pattern_geometry_features"":{""contraction_count"":5.0,""first_contraction_pct"":0.054428333333333336,""last_contraction_pct"":0.07202941176470591,""dry_up_ratio"":0.8794994211906559,""near_monotone"":0.0,""base_depth_pct"":0.12358333333333336},""_schema_version"":""1.0""}",,,,,,,,,,
20260602T213437Z-756d21,2026-06-02T21:34:37.658687+00:00,RTX,vcp,forming,50.84,18.1,59.5,74.8,52.6,21.5,27.9,65.0,84.0,98.4,2.72,14.87,8.98,6.31,2.79,1.95,3.25,5.04,4.92,True,risk_unclear;trend_floor,174.26,179.93,168.2183,222.15,"{""trend"":{""T1_ema_stack"":{""value"":[false,false,true],""score"":33.33333333333333},""T2_ema50_slope"":{""value"":-0.22473340701904804,""score"":12.54443216349199},""T3_high_proximity"":{""value"":0.8307589626239512,""score"":15.379481311975585},""T4_rs_1m"":{""value"":-0.05245498609458821,""score"":0},""T5_rs_3m"":{""value"":-0.27268051937937565,""score"":0},""T6_adr_healthy"":{""value"":2.12048278770089,""score"":100.0},""_score"":18.15},""geometry"":{""sub_contraction_count"":100.0,""sub_reduction_rate"":0,""sub_pivot_tightness"":70.1,""sub_volume_dryup"":26.3,""sub_base_depth"":100.0,""sub_base_duration"":100.0,""_score"":59.46},""compression"":{""VC1_atr_ratio"":{""value"":0.389378367722834,""score"":100},""VC2_range_contraction"":{""value"":0.7419375469765381,""score"":43.010408837243645},""VC3_range_pct_rank"":{""score"":79.16666666666666},""_score"":74.85},""sr_quality"":{""SR1_touches"":{""value"":4,""score"":75.0},""SR2_tightness"":{""value"":0.9392431567490899,""score"":51.08281442996896},""SR3_recency"":{""value"":226,""score"":0.0},""SR4_price_location"":{""score"":29.744936416466043},""SR5_reaction"":{""value"":2.553390660176323,""score"":100},""_score"":52.6,""_levels_found"":6,""_target_level"":181.4835},""volume"":{""V1_rvol_day"":{""value"":0.7538632084399685,""score"":16.924213895997898},""V2_rvol_sameslot"":{""value"":0.6224064572430612,""score"":8.160430482870746,""status"":""ok""},""V3_breakout_bar"":{""value"":0.7345754395677159,""score"":15.638362637847724},""V4_base_dryup"":{""value"":0.8735473462915945,""score"":62.645265370840555},""V5_bo_expansion"":{""value"":0.7538632084399685,""score"":0},""_score"":21.46},""readiness"":{""_distance_atr"":1.477,""BR1_atr_distance"":{""score"":1.5659788809544608},""BR2_compression"":{""score"":39.12307013794927},""BR3_retest"":{""score"":50.0},""BR4_bo_age"":{""score"":50.0},""_score"":27.91},""risk"":{""R1_stop_clarity"":{""score"":0},""R2_stop_distance_pct"":{""value"":3.4670607138758127,""score"":100.0},""R3_stop_distance_atr"":{""value"":1.5733037708860715,""score"":100.0},""R4_rr_potential"":{""value"":7.926576956816803,""score"":100.0},""_score"":65.0},""market"":{""M1_spy_regime"":{""score"":100.0},""M3_earnings_risk"":{""value"":null,""score"":80.0},""M4_vix"":{""value"":null,""score"":60.0},""_score"":84.0},""liquidity"":{""L1_price"":{""value"":174.26,""score"":100.0},""L2_dollar_vol"":{""value"":762148030.6210899,""score"":100.0},""L3_spread_proxy"":{""value"":0.01583840238723741,""score"":84.16159761276259},""L4_volume_zscore"":{""value"":-1.2360872036588402,""score"":100.0},""_score"":98.42},""pattern_structure"":{""n_contractions"":5,""contractions_pct"":[6.83,6.72,12.88,16.42,5.09],""descending_strict"":false,""final_low"":170.78,""final_pivot"":179.93,""structural_low"":170.78,""dry_up_ratio"":0.8683412607218045,""current_price"":174.26,""neckline_distance_pct"":0.03253758751291183,""base_bars"":60,""recent_base_height"":42.22},""pattern_geometry_features"":{""contraction_count"":5.0,""first_contraction_pct"":0.06825327722149657,""last_contraction_pct"":0.05085310954259993,""dry_up_ratio"":0.8683412607218045,""near_monotone"":0.0,""base_depth_pct"":0.1738983214821264},""_schema_version"":""1.0""}",,,,,,,,,,
20260602T213437Z-756d21,2026-06-02T21:34:37.658687+00:00,CARR,vcp,absent,50.77,63.6,37.9,41.5,54.0,31.2,54.5,53.2,84.0,94.7,9.55,9.47,4.98,6.48,4.05,3.81,2.66,5.04,4.74,True,risk_unclear,66.42,67.065,60.2032,79.48,"{""trend"":{""T1_ema_stack"":{""value"":[true,true,true],""score"":100.0},""T2_ema50_slope"":{""value"":0.15257334778608128,""score"":75.42889129768022},""T3_high_proximity"":{""value"":0.9782032400589101,""score"":89.10162002945505},""T4_rs_1m"":{""value"":-0.07175302834354602,""score"":0},""T5_rs_3m"":{""value"":-0.030646502674138043,""score"":34.676748662930976},""T6_adr_healthy"":{""value"":3.1732433236654067,""score"":100.0},""_score"":63.65},""geometry"":{""sub_contraction_count"":100.0,""sub_reduction_rate"":0,""sub_pivot_tightness"":16.3,""sub_volume_dryup"":0,""sub_base_depth"":4.4,""sub_base_duration"":100.0,""_score"":37.89},""compression"":{""VC1_atr_ratio"":{""value"":0.46335180320611574,""score"":100},""VC2_range_contraction"":{""value"":1.160964617749438,""score"":0},""VC3_range_pct_rank"":{""score"":5.833333333333335},""_score"":41.46},""sr_quality"":{""SR1_touches"":{""value"":2,""score"":25.0},""SR2_tightness"":{""value"":0.457499999999996,""score"":60.596739464780434},""SR3_recency"":{""value"":227,""score"":0.0},""SR4_price_location"":{""score"":89.55431754874652},""SR5_reaction"":{""value"":2.560135342971392,""score"":100},""_score"":53.98,""_levels_found"":6,""_target_level"":66.6075},""volume"":{""V1_rvol_day"":{""value"":1.2278308167282004,""score"":48.52205444854669},""V2_rvol_sameslot"":{""value"":0.9070497233585614,""score"":27.136648223904093,""status"":""ok""},""V3_breakout_bar"":{""value"":0.6735407302249184,""score"":11.569382014994563},""V4_base_dryup"":{""value"":0.9558925426699048,""score"":54.41074573300953},""V5_bo_expansion"":{""value"":1.2278308167282004,""score"":15.188721115213358},""_score"":31.18},""readiness"":{""_distance_atr"":0.278,""BR1_atr_distance"":{""score"":81.48262073208255},""BR2_compression"":{""score"":17.55803160913618},""BR3_retest"":{""score"":50.0},""BR4_bo_age"":{""score"":50.0},""_score"":54.48},""risk"":{""R1_stop_clarity"":{""score"":21.03844970778208},""R2_stop_distance_pct"":{""value"":9.359831376091549,""score"":66.00421559771128},""R3_stop_distance_atr"":{""value"":2.67718240541372,""score"":100.0},""R4_rr_potential"":{""value"":2.100759233045936,""score"":55.037961652296794},""_score"":53.17},""market"":{""M1_spy_regime"":{""score"":100.0},""M3_earnings_risk"":{""value"":null,""score"":80.0},""M4_vix"":{""value"":null,""score"":60.0},""_score"":84.0},""liquidity"":{""L1_price"":{""value"":66.42,""score"":100.0},""L2_dollar_vol"":{""value"":541682578.0859766,""score"":100.0},""L3_spread_proxy"":{""value"":0.052996085516410656,""score"":47.00391448358934},""L4_volume_zscore"":{""value"":0.6256187188898823,""score"":100.0},""_score"":94.7},""pattern_structure"":{""n_contractions"":5,""contractions_pct"":[14.55,10.68,5.43,11.22,8.86],""descending_strict"":false,""final_low"":61.12,""final_pivot"":67.065,""structural_low"":61.12,""dry_up_ratio"":1.2794328810803586,""current_price"":66.42,""neckline_distance_pct"":0.0097109304426377,""base_bars"":58,""recent_base_height"":12.415},""pattern_geometry_features"":{""contraction_count"":5.0,""first_contraction_pct"":0.14550939893246703,""last_contraction_pct"":0.08864534406918662,""dry_up_ratio"":1.2794328810803586,""near_monotone"":0.0,""base_depth_pct"":0.05438230061112412},""_schema_version"":""1.0""}",,,,,,,,,,
20260602T213437Z-756d21,2026-06-02T21:34:37.658687+00:00,PLTR,high_tight_pullback,forming,50.63,41.1,68.5,33.1,46.8,8.1,34.4,70.4,84.0,93.6,4.93,23.99,3.31,3.74,1.13,3.09,0.7,5.04,4.68,False,,152.17,163.7,147.553,195.77,"{""trend"":{""T1_ema_stack"":{""value"":[true,false,false],""score"":33.33333333333333},""T2_ema50_slope"":{""value"":-0.14730262352110157,""score"":25.44956274648307},""T3_high_proximity"":{""value"":0.9460954986321809,""score"":73.04774931609043},""T4_rs_1m"":{""value"":0.00221587011844937,""score"":52.215870118449374},""T5_rs_3m"":{""value"":-0.08284973912855342,""score"":8.575130435723288},""T6_adr_healthy"":{""value"":4.30314474708748,""score"":100.0},""_score"":41.11},""geometry"":{""sub_pole_impulse"":100.0,""sub_flag_tightness"":45.6,""sub_flag_shallowness"":30.3,""sub_flag_drift"":73.9,""sub_flag_duration"":100.0,""_score"":68.55},""compression"":{""VC1_atr_ratio"":{""value"":0.7025813107580836,""score"":74.3546723104791},""VC2_range_contraction"":{""value"":1.229755644341427,""score"":0},""VC3_range_pct_rank"":{""score"":13.33333333333333},""_score"":33.08},""sr_quality"":{""SR1_touches"":{""value"":2,""score"":25.0},""SR2_tightness"":{""value"":0.23499999999999943,""score"":92.97865960691166},""SR3_recency"":{""value"":261,""score"":0.0},""SR4_price_location"":{""score"":41.37620868000897},""SR5_reaction"":{""value"":3.081920261902397,""score"":100},""_score"":46.79,""_levels_found"":6,""_target_level"":156.515},""volume"":{""V1_rvol_day"":{""value"":0.9508401446959749,""score"":30.056009646398323},""V2_rvol_sameslot"":{""value"":0.48322800585363285,""score"":0,""status"":""ok""},""V3_breakout_bar"":{""value"":0.3143664626301936,""score"":0},""V4_base_dryup"":{""value"":1.3959186054055357,""score"":10.408139459446431},""V5_bo_expansion"":{""value"":0.9508401446959752,""score"":0},""_score"":8.09},""readiness"":{""_distance_atr"":1.722,""BR1_atr_distance"":{""score"":0},""BR2_compression"":{""score"":67.49517915424457},""BR3_retest"":{""score"":50.0},""BR4_bo_age"":{""score"":50.0},""_score"":34.37},""risk"":{""R1_stop_clarity"":{""score"":32.86403462438457},""R2_stop_distance_pct"":{""value"":3.0341065913123417,""score"":100.0},""R3_stop_distance_atr"":{""value"":0.6897346509550819,""score"":59.486732547754094},""R4_rr_potential"":{""value"":9.443361490145135,""score"":100.0},""_score"":70.43},""market"":{""M1_spy_regime"":{""score"":100.0},""M3_earnings_risk"":{""value"":null,""score"":80.0},""M4_vix"":{""value"":null,""score"":60.0},""_score"":84.0},""liquidity"":{""L1_price"":{""value"":152.17,""score"":100.0},""L2_dollar_vol"":{""value"":6494527964.353545,""score"":100.0},""L3_spread_proxy"":{""value"":0.06407307616481567,""score"":35.926923835184326},""L4_volume_zscore"":{""value"":-0.11855801307233581,""score"":100.0},""_score"":93.59},""pattern_structure"":{""pole_low"":131.63,""pole_low_idx"":30,""peak_price"":163.7,""peak_idx"":52,""pole_gain"":0.24363746866215905,""flag_bars"":7,""flag_low"":149.8,""flag_high"":162.82,""structural_low"":149.8,""current_price"":152.4,""neckline_distance_pct"":0.07414698162729648,""base_bars"":7},""pattern_geometry_features"":{""pole_gain"":0.24363746866215905,""pullback_pct"":0.08491142333536944,""flag_range_pct"":0.07953573610262665,""flag_drift_per_bar"":-0.005229424446944112,""atr_pct"":0.04398947605591493,""pole_atr_multiple"":5.538539907874146},""_schema_version"":""1.0""}",,,,,,,,,,
20260602T213437Z-756d21,2026-06-02T21:34:37.658687+00:00,MCHP,ascending_triangle,absent,50.57,81.3,37.4,31.9,43.0,26.6,48.6,62.4,84.0,94.7,12.19,10.46,2.55,6.01,3.2,3.89,2.5,5.04,4.74,False,,96.96,100.25,88.8766,110.27,"{""trend"":{""T1_ema_stack"":{""value"":[true,true,true],""score"":100.0},""T2_ema50_slope"":{""value"":0.5190782790377548,""score"":100},""T3_high_proximity"":{""value"":0.9420909444228526,""score"":71.04547221142626},""T4_rs_1m"":{""value"":-0.021968481162802256,""score"":28.031518837197744},""T5_rs_3m"":{""value"":0.2417005254861495,""score"":100},""T6_adr_healthy"":{""value"":4.4030147774568995,""score"":100.0},""_score"":81.26},""geometry"":{""sub_flat_top_quality"":66.7,""sub_hl_slope"":7.8,""sub_compression"":0,""sub_duration"":100.0,""_score"":37.35},""compression"":{""VC1_atr_ratio"":{""value"":0.7060596845208973,""score"":73.48507886977568},""VC2_range_contraction"":{""value"":1.0981704679336746,""score"":0},""VC3_range_pct_rank"":{""score"":9.999999999999998},""_score"":31.89},""sr_quality"":{""SR1_touches"":{""value"":2,""score"":25.0},""SR2_tightness"":{""value"":0.30000000000000426,""score"":86.38631111168715},""SR3_recency"":{""value"":247,""score"":0.0},""SR4_price_location"":{""score"":30.0},""SR5_reaction"":{""value"":2.5468942961884897,""score"":100},""_score"":42.96,""_levels_found"":6,""_target_level"":83.65},""volume"":{""V1_rvol_day"":{""value"":1.1319837715571495,""score"":42.132251437143296},""V2_rvol_sameslot"":{""value"":0.8332574099961044,""score"":22.21716066640696,""status"":""ok""},""V3_breakout_bar"":{""value"":0.7794260933368845,""score"":18.628406222458967},""V4_base_dryup"":{""value"":1.1095967856602824,""score"":39.040321433971755},""V5_bo_expansion"":{""value"":1.1319837715571495,""score"":8.798918103809966},""_score"":26.65},""readiness"":{""_distance_atr"":0.746,""BR1_atr_distance"":{""score"":50.234403952723675},""BR2_compression"":{""score"":44.06598819055382},""BR3_retest"":{""score"":50.0},""BR4_bo_age"":{""score"":50.0},""_score"":48.61},""risk"":{""R1_stop_clarity"":{""score"":38.58184258037771},""R2_stop_distance_pct"":{""value"":8.33689150165015,""score"":91.57771245874625},""R3_stop_distance_atr"":{""value"":1.8340928907371776,""score"":100.0},""R4_rr_potential"":{""value"":1.646574173156267,""score"":32.32870865781335},""_score"":62.44},""market"":{""M1_spy_regime"":{""score"":100.0},""M3_earnings_risk"":{""value"":null,""score"":80.0},""M4_vix"":{""value"":null,""score"":60.0},""_score"":84.0},""liquidity"":{""L1_price"":{""value"":96.96,""score"":100.0},""L2_dollar_vol"":{""value"":1299558505.9421453,""score"":100.0},""L3_spread_proxy"":{""value"":0.05301155115511552,""score"":46.98844884488448},""L4_volume_zscore"":{""value"":0.4510895920120114,""score"":100.0},""_score"":94.7},""pattern_structure"":{""top"":100.25,""top_touches"":3,""low_slope_per_bar"":0.021039527027026616,""lowest_low"":90.23,""structural_low"":90.23,""current_price"":95.91,""neckline_distance_pct"":0.045250755917005565,""base_bars"":43},""pattern_geometry_features"":{""top_touches"":3.0,""low_slope"":0.021039527027026616,""compression"":-0.12641697050049805,""atr_pct"":0.04545512140499765},""_schema_version"":""1.0""}",,,,,,,,,,
20260602T213437Z-756d21,2026-06-02T21:34:37.658687+00:00,WDAY,bull_flag,forming,50.53,51.7,68.3,14.0,31.5,15.3,46.0,77.8,84.0,94.5,7.24,20.49,1.26,3.15,2.14,4.14,2.33,5.04,4.73,False,,148.88,158.64,141.6923,195.5653,"{""trend"":{""T1_ema_stack"":{""value"":[true,false,false],""score"":33.33333333333333},""T2_ema50_slope"":{""value"":-0.12373226749511608,""score"":29.377955417480653},""T3_high_proximity"":{""value"":0.9468930865610888,""score"":73.44654328054439},""T4_rs_1m"":{""value"":0.11864600461557329,""score"":100},""T5_rs_3m"":{""value"":-0.07977627928596953,""score"":10.111860357015232},""T6_adr_healthy"":{""value"":5.307363266976989,""score"":100.0},""_score"":51.74},""geometry"":{""sub_pole_impulse"":100.0,""sub_flag_tightness"":49.8,""sub_flag_shallowness"":38.5,""sub_flag_drift"":54.4,""sub_flag_duration"":100.0,""_score"":68.31},""compression"":{""VC1_atr_ratio"":{""value"":0.9241939042744014,""score"":18.95152393139965},""VC2_range_contraction"":{""value"":1.21011783326528,""score"":0},""VC3_range_pct_rank"":{""score"":25.83333333333333},""_score"":14.04},""sr_quality"":{""SR1_touches"":{""value"":2,""score"":25.0},""SR2_tightness"":{""value"":0.46000000000000796,""score"":89.59690427132678},""SR3_recency"":{""value"":332,""score"":0.0},""SR4_price_location"":{""score"":17.94245326016735},""SR5_reaction"":{""value"":0.8073706902470171,""score"":40.368534512350855},""_score"":31.48,""_levels_found"":4,""_target_level"":214.09},""volume"":{""V1_rvol_day"":{""value"":0.944753901143769,""score"":29.650260076251268},""V2_rvol_sameslot"":{""value"":0.96585286184211,""score"":31.05685745614067,""status"":""ok""},""V3_breakout_bar"":{""value"":0.6900483381117378,""score"":12.66988920744919},""V4_base_dryup"":{""value"":1.5898538555560693,""score"":0},""V5_bo_expansion"":{""value"":0.9447539011437689,""score"":0},""_score"":15.31},""readiness"":{""_distance_atr"":1.104,""BR1_atr_distance"":{""score"":26.424482382718224},""BR2_compression"":{""score"":71.55319146008048},""BR3_retest"":{""score"":50.0},""BR4_bo_age"":{""score"":50.0},""_score"":45.96},""risk"":{""R1_stop_clarity"":{""score"":51.20156563359957},""R2_stop_distance_pct"":{""value"":4.827881515314343,""score"":100.0},""R3_stop_distance_atr"":{""value"":0.8127701230844526,""score"":65.63850615422263},""R4_rr_potential"":{""value"":6.49512016973323,""score"":100.0},""_score"":77.77},""market"":{""M1_spy_regime"":{""score"":100.0},""M3_earnings_risk"":{""value"":null,""score"":80.0},""M4_vix"":{""value"":null,""score"":60.0},""_score"":84.0},""liquidity"":{""L1_price"":{""value"":148.88,""score"":100.0},""L2_dollar_vol"":{""value"":803341163.9338222,""score"":100.0},""L3_spread_proxy"":{""value"":0.054809242342826414,""score"":45.190757657173585},""L4_volume_zscore"":{""value"":-0.12917358873653778,""score"":100.0},""_score"":94.52},""pattern_structure"":{""pole_low"":121.7147,""pole_low_idx"":30,""peak_price"":158.64,""peak_idx"":49,""pole_gain"":0.3033758453169584,""flag_bars"":10,""flag_low"":143.85,""flag_high"":158.35,""structural_low"":143.85,""current_price"":148.63,""neckline_distance_pct"":0.06734844916907752,""base_bars"":10},""pattern_geometry_features"":{""pole_gain"":0.3033758453169584,""pullback_pct"":0.09322995461422083,""flag_range_pct"":0.09140191628845185,""flag_drift_per_bar"":-0.009118041751022985,""atr_pct"":0.05940033200276349,""pole_atr_multiple"":5.107308917109156},""_schema_version"":""1.0""}",,,,,,,,,,
20260602T213437Z-756d21,2026-06-02T21:34:37.658687+00:00,SATS,ascending_triangle,absent,50.5,49.0,43.1,49.2,52.4,21.9,52.9,79.4,84.0,94.9,7.36,12.06,3.93,7.34,2.63,4.23,3.18,5.04,4.74,False,,123.55,131.77,117.7567,143.99,"{""trend"":{""T1_ema_stack"":{""value"":[false,true,true],""score"":66.66666666666666},""T2_ema50_slope"":{""value"":0.2699371038831592,""score"":94.98951731385986},""T3_high_proximity"":{""value"":0.8712976022566995,""score"":35.648801128349724},""T4_rs_1m"":{""value"":-0.051003065044729956,""score"":0},""T5_rs_3m"":{""value"":-0.059586660612307885,""score"":20.20666969384606},""T6_adr_healthy"":{""value"":6.091726732430978,""score"":100.0},""_score"":49.04},""geometry"":{""sub_flat_top_quality"":66.7,""sub_hl_slope"":24.7,""sub_compression"":2.6,""sub_duration"":100.0,""_score"":43.07},""compression"":{""VC1_atr_ratio"":{""value"":0.6249003226479217,""score"":93.77491933801957},""VC2_range_contraction"":{""value"":1.3389363027708105,""score"":0},""VC3_range_pct_rank"":{""score"":46.666666666666664},""_score"":49.18},""sr_quality"":{""SR1_touches"":{""value"":2,""score"":25.0},""SR2_tightness"":{""value"":0.17499999999999716,""score"":96.01286948087568},""SR3_recency"":{""value"":245,""score"":0.0},""SR4_price_location"":{""score"":82.10089025244194},""SR5_reaction"":{""value"":1.329121350351599,""score"":66.45606751757995},""_score"":52.4,""_levels_found"":5,""_target_level"":124.785},""volume"":{""V1_rvol_day"":{""value"":0.7010173588661229,""score"":13.401157257741527},""V2_rvol_sameslot"":{""value"":0.6868972991067319,""score"":12.459819940448796,""status"":""ok""},""V3_breakout_bar"":{""value"":0.8040680774545397,""score"":20.271205163635976},""V4_base_dryup"":{""value"":0.9162422319607623,""score"":58.37577680392377},""V5_bo_expansion"":{""value"":0.7010173588661229,""score"":0},""_score"":21.92},""readiness"":{""_distance_atr"":0.936,""BR1_atr_distance"":{""score"":37.57292787199511},""BR2_compression"":{""score"":81.33612570558448},""BR3_retest"":{""score"":50.0},""BR4_bo_age"":{""score"":50.0},""_score"":52.86},""risk"":{""R1_stop_clarity"":{""score"":59.143303980458164},""R2_stop_distance_pct"":{""value"":4.688992310805343,""score"":100.0},""R3_stop_distance_atr"":{""value"":0.6599555394262113,""score"":57.997776971310564},""R4_rr_potential"":{""value"":3.528244077158764,""score"":100.0},""_score"":79.4},""market"":{""M1_spy_regime"":{""score"":100.0},""M3_earnings_risk"":{""value"":null,""score"":80.0},""M4_vix"":{""value"":null,""score"":60.0},""_score"":84.0},""liquidity"":{""L1_price"":{""value"":123.55,""score"":100.0},""L2_dollar_vol"":{""value"":560476411.7557212,""score"":100.0},""L3_spread_proxy"":{""value"":0.05139619587211651,""score"":48.60380412788349},""L4_volume_zscore"":{""value"":-0.7899002286138467,""score"":100.0},""_score"":94.86},""pattern_structure"":{""top"":131.77,""top_touches"":3,""low_slope_per_bar"":0.08849630977131066,""lowest_low"":119.55,""structural_low"":119.55,""current_price"":123.35,""neckline_distance_pct"":0.06826104580462113,""base_bars"":25},""pattern_geometry_features"":{""top_touches"":3.0,""low_slope"":0.08849630977131066,""compression"":0.013229050475083381,""atr_pct"":0.07105012429901139},""_schema_version"":""1.0""}",,,,,,,,,,
20260602T213437Z-756d21,2026-06-02T21:34:37.658687+00:00,VSAT,vcp,absent,50.45,79.5,35.0,24.6,39.5,26.6,68.4,78.8,84.0,97.0,11.92,8.75,2.95,4.74,3.46,4.79,3.94,5.04,4.85,False,,72.61,75.14,66.192,104.22,"{""trend"":{""T1_ema_stack"":{""value"":[false,true,true],""score"":66.66666666666666},""T2_ema50_slope"":{""value"":0.7917141618740022,""score"":100},""T3_high_proximity"":{""value"":0.8375821894105433,""score"":18.791094705271625},""T4_rs_1m"":{""value"":0.061011628101234505,""score"":100},""T5_rs_3m"":{""value"":0.468206291240425,""score"":100},""T6_adr_healthy"":{""value"":6.326896072887445,""score"":100.0},""_score"":79.49},""geometry"":{""sub_contraction_count"":100.0,""sub_reduction_rate"":0,""sub_pivot_tightness"":0,""sub_volume_dryup"":0,""sub_base_depth"":0.0,""sub_base_duration"":100.0,""_score"":35.0},""compression"":{""VC1_atr_ratio"":{""value"":1.0175173310656627,""score"":0},""VC2_range_contraction"":{""value"":1.6316163098015255,""score"":0},""VC3_range_pct_rank"":{""score"":98.33333333333333},""_score"":24.58},""sr_quality"":{""SR1_touches"":{""value"":2,""score"":25.0},""SR2_tightness"":{""value"":1.1099999999999994,""score"":63.55321020228675},""SR3_recency"":{""value"":232,""score"":0.0},""SR4_price_location"":{""score"":30.0},""SR5_reaction"":{""value"":2.350982116681325,""score"":100},""_score"":39.53,""_levels_found"":7,""_target_level"":66.09},""volume"":{""V1_rvol_day"":{""value"":1.1531700282880861,""score"":43.54466855253907},""V2_rvol_sameslot"":{""value"":1.0741501666420887,""score"":38.27667777613925,""status"":""ok""},""V3_breakout_bar"":{""value"":1.0230479468625029,""score"":34.86986312416686},""V4_base_dryup"":{""value"":1.6138574235246717,""score"":0},""V5_bo_expansion"":{""value"":1.153170028288086,""score"":10.211335219205726},""_score"":26.61},""readiness"":{""_distance_atr"":0.415,""BR1_atr_distance"":{""score"":72.30919573927488},""BR2_compression"":{""score"":87.97680885949259},""BR3_retest"":{""score"":50.0},""BR4_bo_age"":{""score"":50.0},""_score"":68.42},""risk"":{""R1_stop_clarity"":{""score"":66.90237467018486},""R2_stop_distance_pct"":{""value"":8.839002892163602,""score"":79.02492769590994},""R3_stop_distance_atr"":{""value"":1.053673409557313,""score"":77.68367047786565},""R4_rr_potential"":{""value"":4.925210345902157,""score"":100.0},""_score"":78.78},""market"":{""M1_spy_regime"":{""score"":100.0},""M3_earnings_risk"":{""value"":null,""score"":80.0},""M4_vix"":{""value"":null,""score"":60.0},""_score"":84.0},""liquidity"":{""L1_price"":{""value"":72.61,""score"":100.0},""L2_dollar_vol"":{""value"":199884664.32261837,""score"":100.0},""L3_spread_proxy"":{""value"":0.02974796859936643,""score"":70.25203140063357},""L4_volume_zscore"":{""value"":0.3455203641233955,""score"":100.0},""_score"":97.03},""pattern_structure"":{""n_contractions"":5,""contractions_pct"":[10.81,12.32,12.6,12.87,10.57],""descending_strict"":false,""final_low"":67.2,""final_pivot"":75.14,""structural_low"":67.2,""dry_up_ratio"":2.0846964581177962,""current_price"":72.61,""neckline_distance_pct"":0.034843685442776495,""base_bars"":65,""recent_base_height"":29.08},""pattern_geometry_features"":{""contraction_count"":5.0,""first_contraction_pct"":0.10808080808080811,""last_contraction_pct"":0.10566941708810218,""dry_up_ratio"":2.0846964581177962,""near_monotone"":0.0,""base_depth_pct"":-0.35757575757575766},""_schema_version"":""1.0""}",,,,,,,,,,
20260602T213437Z-756d21,2026-06-02T21:34:37.658687+00:00,SGML,bull_flag,absent,50.37,46.6,48.7,72.3,63.0,4.7,46.0,81.6,84.0,83.2,6.53,14.6,6.51,6.3,0.65,4.14,2.45,5.04,4.16,False,,16.48,17.57,15.5827,20.86,"{""trend"":{""T1_ema_stack"":{""value"":[false,true,true],""score"":66.66666666666666},""T2_ema50_slope"":{""value"":0.003937442624533601,""score"":50.65624043742227},""T3_high_proximity"":{""value"":0.6968287526427062,""score"":0},""T4_rs_1m"":{""value"":-0.303893007883283,""score"":0},""T5_rs_3m"":{""value"":0.1904263981235117,""score"":100},""T6_adr_healthy"":{""value"":8.148783421652762,""score"":96.28041445868094},""_score"":46.61},""geometry"":{""sub_pole_impulse"":44.0,""sub_flag_tightness"":35.8,""sub_flag_shallowness"":13.5,""sub_flag_drift"":92.1,""sub_flag_duration"":100.0,""_score"":48.66},""compression"":{""VC1_atr_ratio"":{""value"":0.2756057895723646,""score"":100},""VC2_range_contraction"":{""value"":0.8383920539011605,""score"":26.93465768313993},""VC3_range_pct_rank"":{""score"":91.66666666666666},""_score"":72.34},""sr_quality"":{""SR1_touches"":{""value"":3,""score"":50.0},""SR2_tightness"":{""value"":0.12970050972229077,""score"":81.15346470453599},""SR3_recency"":{""value"":290,""score"":0.0},""SR4_price_location"":{""score"":83.52217941811575},""SR5_reaction"":{""value"":3.5116125393975253,""score"":100},""_score"":63.05,""_levels_found"":5,""_target_level"":16.7833},""volume"":{""V1_rvol_day"":{""value"":0.41896662143287794,""score"":0},""V2_rvol_sameslot"":{""value"":0.3376971214683376,""score"":0,""status"":""ok""},""V3_breakout_bar"":{""value"":0.36745949639357905,""score"":0},""V4_base_dryup"":{""value"":1.2670793186844118,""score"":23.29206813155882},""V5_bo_expansion"":{""value"":0.41896662143287783,""score"":0},""_score"":4.66},""readiness"":{""_distance_atr"":0.792,""BR1_atr_distance"":{""score"":47.20472182147169},""BR2_compression"":{""score"":38.28517542413151},""BR3_retest"":{""score"":50.0},""BR4_bo_age"":{""score"":50.0},""_score"":45.95},""risk"":{""R1_stop_clarity"":{""score"":65.5183866648677},""R2_stop_distance_pct"":{""value"":5.444781553398055,""score"":100.0},""R3_stop_distance_atr"":{""value"":0.6519248134347719,""score"":57.5962406717386},""R4_rr_potential"":{""value"":4.881310598462054,""score"":100.0},""_score"":81.57},""market"":{""M1_spy_regime"":{""score"":100.0},""M3_earnings_risk"":{""value"":null,""score"":80.0},""M4_vix"":{""value"":null,""score"":60.0},""_score"":84.0},""liquidity"":{""L1_price"":{""value"":16.48,""score"":100.0},""L2_dollar_vol"":{""value"":27603350.59567904,""score"":72.04809007589765},""L3_spread_proxy"":{""value"":0.05643203883495144,""score"":43.56796116504856},""L4_volume_zscore"":{""value"":-1.1601160428406596,""score"":100.0},""_score"":83.18},""pattern_structure"":{""pole_low"":14.28,""pole_low_idx"":30,""peak_price"":17.57,""peak_idx"":43,""pole_gain"":0.23039215686274517,""flag_bars"":16,""flag_low"":15.82,""flag_high"":17.38,""structural_low"":15.82,""current_price"":16.49,""neckline_distance_pct"":0.06549423893268659,""base_bars"":16},""pattern_geometry_features"":{""pole_gain"":0.23039215686274517,""pullback_pct"":0.099601593625498,""flag_range_pct"":0.08878770631758671,""flag_drift_per_bar"":-0.0015829558020903597,""atr_pct"":0.08351855062413313,""pole_atr_multiple"":2.7585746536670874},""_schema_version"":""1.0""}",,,,,,,,,,
20260602T213437Z-756d21,2026-06-02T21:34:37.658687+00:00,PH,vcp,forming,50.34,17.7,60.7,55.3,65.7,39.9,22.3,51.2,84.0,72.9,2.66,15.18,6.63,7.88,5.19,1.56,2.56,5.04,3.65,True,risk_unclear;trend_floor,836.32,894.31,826.5627,1084.16,"{""trend"":{""T1_ema_stack"":{""value"":[false,false,true],""score"":33.33333333333333},""T2_ema50_slope"":{""value"":-0.2568395268773714,""score"":7.193412187104769},""T3_high_proximity"":{""value"":0.8393079362530609,""score"":19.65396812653042},""T4_rs_1m"":{""value"":-0.10604538345990278,""score"":0},""T5_rs_3m"":{""value"":-0.27056879477924534,""score"":0},""T6_adr_healthy"":{""value"":2.230098049512772,""score"":100.0},""_score"":17.72},""geometry"":{""sub_contraction_count"":100.0,""sub_reduction_rate"":30.0,""sub_pivot_tightness"":54.7,""sub_volume_dryup"":0,""sub_base_depth"":100.0,""sub_base_duration"":100.0,""_score"":60.7},""compression"":{""VC1_atr_ratio"":{""value"":0.30848227588162364,""score"":100},""VC2_range_contraction"":{""value"":0.9773202405628195,""score"":3.779959906196747},""VC3_range_pct_rank"":{""score"":55.833333333333336},""_score"":55.28},""sr_quality"":{""SR1_touches"":{""value"":4,""score"":75.0},""SR2_tightness"":{""value"":1.5787396080418037,""score"":83.93773263273559},""SR3_recency"":{""value"":238,""score"":0.0},""SR4_price_location"":{""score"":62.26296145030464},""SR5_reaction"":{""value"":2.2964233649844976,""score"":100},""_score"":65.66,""_levels_found"":7,""_target_level"":861.0475},""volume"":{""V1_rvol_day"":{""value"":1.3158917361346225,""score"":54.39278240897484},""V2_rvol_sameslot"":{""value"":1.4235560484230338,""score"":61.57040322820225,""status"":""ok""},""V3_breakout_bar"":{""value"":0.855279770377898,""score"":23.685318025193205},""V4_base_dryup"":{""value"":1.1181565664603883,""score"":38.18434335396117},""V5_bo_expansion"":{""value"":1.3158917361346227,""score"":21.059449075641513},""_score"":39.91},""readiness"":{""_distance_atr"":2.95,""BR1_atr_distance"":{""score"":0},""BR2_compression"":{""score"":19.279118119576705},""BR3_retest"":{""score"":50.0},""BR4_bo_age"":{""score"":50.0},""_score"":22.32},""risk"":{""R1_stop_clarity"":{""score"":0},""R2_stop_distance_pct"":{""value"":1.1666885881002622,""score"":79.16721470250656},""R3_stop_distance_atr"":{""value"":0.4963565792323255,""score"":49.81782896161627},""R4_rr_potential"":{""value"":25.40059955417735,""score"":100.0},""_score"":51.22},""market"":{""M1_spy_regime"":{""score"":100.0},""M3_earnings_risk"":{""value"":null,""score"":80.0},""M4_vix"":{""value"":null,""score"":60.0},""_score"":84.0},""liquidity"":{""L1_price"":{""value"":836.32,""score"":0.0},""L2_dollar_vol"":{""value"":876606664.0659306,""score"":100.0},""L3_spread_proxy"":{""value"":0.02060216185192273,""score"":79.39783814807727},""L4_volume_zscore"":{""value"":1.0731665000365218,""score"":100.0},""_score"":72.94},""pattern_structure"":{""n_contractions"":5,""contractions_pct"":[13.04,8.65,7.79,5.4,6.17],""descending_strict"":false,""final_low"":839.15,""final_pivot"":894.31,""structural_low"":839.15,""dry_up_ratio"":1.0956529658143612,""current_price"":836.32,""neckline_distance_pct"":0.06933948727759696,""base_bars"":58,""recent_base_height"":189.85000000000002},""pattern_geometry_features"":{""contraction_count"":5.0,""first_contraction_pct"":0.13040107830254316,""last_contraction_pct"":0.061678836197739006,""dry_up_ratio"":1.0956529658143612,""near_monotone"":0.0,""base_depth_pct"":0.189195717708897},""_schema_version"":""1.0""}",,,,,,,,,,
20260602T213437Z-756d21,2026-06-02T21:34:37.658687+00:00,ETN,vcp,absent,50.32,65.8,39.0,56.1,42.6,23.7,37.5,65.9,84.0,96.4,9.87,9.75,6.73,5.11,3.08,2.63,3.29,5.04,4.82,True,risk_unclear,417.62,435.43,382.4361,528.86,"{""trend"":{""T1_ema_stack"":{""value"":[true,true,true],""score"":100.0},""T2_ema50_slope"":{""value"":0.04819692494279371,""score"":58.03282082379896},""T3_high_proximity"":{""value"":0.9644580956559895,""score"":82.22904782799473},""T4_rs_1m"":{""value"":-0.07264150744210185,""score"":0},""T5_rs_3m"":{""value"":0.05806868007317911,""score"":79.03434003658955},""T6_adr_healthy"":{""value"":3.485516399274323,""score"":100.0},""_score"":65.8},""geometry"":{""sub_contraction_count"":100.0,""sub_reduction_rate"":0,""sub_pivot_tightness"":0,""sub_volume_dryup"":26.7,""sub_base_depth"":0.0,""sub_base_duration"":100.0,""_score"":39.0},""compression"":{""VC1_atr_ratio"":{""value"":0.46075845392216397,""score"":100},""VC2_range_contraction"":{""value"":0.8455640015839218,""score"":25.739333069346376},""VC3_range_pct_rank"":{""score"":28.333333333333332},""_score"":56.09},""sr_quality"":{""SR1_touches"":{""value"":2,""score"":25.0},""SR2_tightness"":{""value"":1.545000000000016,""score"":76.55738157982415},""SR3_recency"":{""value"":244,""score"":0.0},""SR4_price_location"":{""score"":34.50775115764058},""SR5_reaction"":{""value"":2.9534664566260087,""score"":100},""_score"":42.61,""_levels_found"":9,""_target_level"":433.885},""volume"":{""V1_rvol_day"":{""value"":0.7028058738342976,""score"":13.520391588953174},""V2_rvol_sameslot"":{""value"":0.6741830513651564,""score"":11.612203424343763,""status"":""ok""},""V3_breakout_bar"":{""value"":0.8721872510273463,""score"":24.812483401823084},""V4_base_dryup"":{""value"":0.8777822843197685,""score"":62.22177156802316},""V5_bo_expansion"":{""value"":0.7028058738342974,""score"":0},""_score"":23.67},""readiness"":{""_distance_atr"":1.351,""BR1_atr_distance"":{""score"":9.921675498742673},""BR2_compression"":{""score"":64.25267496572083},""BR3_retest"":{""score"":50.0},""BR4_bo_age"":{""score"":50.0},""_score"":37.53},""risk"":{""R1_stop_clarity"":{""score"":11.632708467792696},""R2_stop_distance_pct"":{""value"":8.42485992050189,""score"":89.37850198745276},""R3_stop_distance_atr"":{""value"":2.669264537972869,""score"":100.0},""R4_rr_potential"":{""value"":3.161673379017108,""score"":100.0},""_score"":65.88},""market"":{""M1_spy_regime"":{""score"":100.0},""M3_earnings_risk"":{""value"":null,""score"":80.0},""M4_vix"":{""value"":null,""score"":60.0},""_score"":84.0},""liquidity"":{""L1_price"":{""value"":417.62,""score"":100.0},""L2_dollar_vol"":{""value"":865027509.4524838,""score"":100.0},""L3_spread_proxy"":{""value"":0.03574996408218005,""score"":64.25003591781996},""L4_volume_zscore"":{""value"":-0.8252620570810218,""score"":100.0},""_score"":96.43},""pattern_structure"":{""n_contractions"":5,""contractions_pct"":[10.53,5.28,10.11,7.1,10.83],""descending_strict"":false,""final_low"":388.26,""final_pivot"":435.43,""structural_low"":388.26,""dry_up_ratio"":0.8663401620583204,""current_price"":417.62,""neckline_distance_pct"":0.042646424979646574,""base_bars"":45,""recent_base_height"":93.43},""pattern_geometry_features"":{""contraction_count"":5.0,""first_contraction_pct"":0.10532441082339247,""last_contraction_pct"":0.10832969708104635,""dry_up_ratio"":0.8663401620583204,""near_monotone"":0.0,""base_depth_pct"":-0.026952680720501488},""_schema_version"":""1.0""}",,,,,,,,,,
20260602T213437Z-756d21,2026-06-02T21:34:37.658687+00:00,NXPI,bull_flag,absent,50.27,96.4,33.6,21.1,52.2,30.0,36.2,73.6,84.0,97.3,13.49,10.09,1.9,5.22,4.2,3.25,2.21,5.04,4.87,False,,323.62,339.95,301.0455,385.29,"{""trend"":{""T1_ema_stack"":{""value"":[true,true,true],""score"":100.0},""T2_ema50_slope"":{""value"":0.6888456090691752,""score"":100},""T3_high_proximity"":{""value"":0.9727958637689,""score"":86.39793188445},""T4_rs_1m"":{""value"":0.042118386871927704,""score"":92.1183868719277},""T5_rs_3m"":{""value"":0.38698820359655683,""score"":100},""T6_adr_healthy"":{""value"":3.974189190759155,""score"":100.0},""_score"":96.38},""geometry"":{""sub_pole_impulse"":67.0,""sub_flag_tightness"":0,""sub_flag_shallowness"":0,""sub_flag_drift"":90.3,""sub_flag_duration"":0.0,""_score"":33.64},""compression"":{""VC1_atr_ratio"":{""value"":0.9580743303628013,""score"":10.48141740929967},""VC2_range_contraction"":{""value"":1.170086265442855,""score"":0},""VC3_range_pct_rank"":{""score"":67.5},""_score"":21.07},""sr_quality"":{""SR1_touches"":{""value"":4,""score"":75.0},""SR2_tightness"":{""value"":2.690469289919503,""score"":60.257898700774916},""SR3_recency"":{""value"":291,""score"":0.0},""SR4_price_location"":{""score"":30.0},""SR5_reaction"":{""value"":1.760016881643851,""score"":88.00084408219256},""_score"":52.24,""_levels_found"":5,""_target_level"":243.145},""volume"":{""V1_rvol_day"":{""value"":0.9844615724282821,""score"":32.29743816188548},""V2_rvol_sameslot"":{""value"":1.1109929138854302,""score"":40.73286092569535,""status"":""ok""},""V3_breakout_bar"":{""value"":1.4156105970342525,""score"":61.04070646895017},""V4_base_dryup"":{""value"":1.494175782675075,""score"":0.5824217324925058},""V5_bo_expansion"":{""value"":0.9844615724282821,""score"":0},""_score"":29.98},""readiness"":{""_distance_atr"":1.206,""BR1_atr_distance"":{""score"":19.5941371457713},""BR2_compression"":{""score"":43.28578642511342},""BR3_retest"":{""score"":50.0},""BR4_bo_age"":{""score"":50.0},""_score"":36.16},""risk"":{""R1_stop_clarity"":{""score"":32.28107937010358},""R2_stop_distance_pct"":{""value"":6.9756041035782745,""score"":100.0},""R3_stop_distance_atr"":{""value"":1.6672854844240472,""score"":100.0},""R4_rr_potential"":{""value"":2.7318495024241973,""score"":86.59247512120987},""_score"":73.62},""market"":{""M1_spy_regime"":{""score"":100.0},""M3_earnings_risk"":{""value"":null,""score"":80.0},""M4_vix"":{""value"":null,""score"":60.0},""_score"":84.0},""liquidity"":{""L1_price"":{""value"":323.62,""score"":100.0},""L2_dollar_vol"":{""value"":1250325676.0928595,""score"":100.0},""L3_spread_proxy"":{""value"":0.02652802669797905,""score"":73.47197330202096},""L4_volume_zscore"":{""value"":-0.05835492261946927,""score"":100.0},""_score"":97.35},""pattern_structure"":{""pole_low"":294.61,""pole_low_idx"":6,""peak_price"":339.95,""peak_idx"":30,""pole_gain"":0.15389837412172014,""flag_bars"":29,""flag_low"":305.63,""flag_high"":338.29,""structural_low"":305.63,""current_price"":321.65,""neckline_distance_pct"":0.05689413959272505,""base_bars"":29},""pattern_geometry_features"":{""pole_gain"":0.15389837412172014,""pullback_pct"":0.10095602294455065,""flag_range_pct"":0.09607295190469195,""flag_drift_per_bar"":-0.0019457553761814907,""atr_pct"":0.04183809052945693,""pole_atr_multiple"":3.6784272937447984},""_schema_version"":""1.0""}",,,,,,,,,,
20260602T213437Z-756d21,2026-06-02T21:34:37.658687+00:00,EA,ascending_triangle,absent,50.21,44.1,48.6,48.8,44.5,37.6,47.6,37.9,84.0,99.5,6.61,13.62,3.9,6.23,4.52,3.8,1.51,5.04,4.98,True,risk_unclear,202.01,202.46,197.3546,204.56,"{""trend"":{""T1_ema_stack"":{""value"":[true,false,true],""score"":66.66666666666666},""T2_ema50_slope"":{""value"":-0.01533863219411551,""score"":47.44356130098075},""T3_high_proximity"":{""value"":0.9894690438871473,""score"":94.73452194357363},""T4_rs_1m"":{""value"":-0.05440266264644722,""score"":0},""T5_rs_3m"":{""value"":-0.11254683706885693,""score"":0},""T6_adr_healthy"":{""value"":0.4556088399333467,""score"":73.89022099833366},""_score"":44.06},""geometry"":{""sub_flat_top_quality"":100,""sub_hl_slope"":1.7,""sub_compression"":12.5,""sub_duration"":100.0,""_score"":48.64},""compression"":{""VC1_atr_ratio"":{""value"":0.40330938449743126,""score"":100},""VC2_range_contraction"":{""value"":1.0045304279495868,""score"":0},""VC3_range_pct_rank"":{""score"":35.0},""_score"":48.75},""sr_quality"":{""SR1_touches"":{""value"":4,""score"":75.0},""SR2_tightness"":{""value"":0.27372431386341817,""score"":41.77184586381225},""SR3_recency"":{""value"":247,""score"":0.0},""SR4_price_location"":{""score"":2.9991431019700676},""SR5_reaction"":{""value"":2.4224121557454934,""score"":100},""_score"":44.52,""_levels_found"":6,""_target_level"":203.425},""volume"":{""V1_rvol_day"":{""value"":0.837905310927543,""score"":22.527020728502865},""V2_rvol_sameslot"":{""value"":1.0896751558682318,""score"":39.31167705788212,""status"":""ok""},""V3_breakout_bar"":{""value"":0.9739886672773617,""score"":31.599244485157445},""V4_base_dryup"":{""value"":0.6306523286748204,""score"":86.93476713251796},""V5_bo_expansion"":{""value"":0.8379053109275431,""score"":0},""_score"":37.65},""readiness"":{""_distance_atr"":0.479,""BR1_atr_distance"":{""score"":68.09116809116686},""BR2_compression"":{""score"":11.286684456890535},""BR3_retest"":{""score"":50.0},""BR4_bo_age"":{""score"":50.0},""_score"":47.56},""risk"":{""R1_stop_clarity"":{""score"":0},""R2_stop_distance_pct"":{""value"":2.304539379238645,""score"":100.0},""R3_stop_distance_atr"":{""value"":4.951612535612523,""score"":52.419373219373846},""R4_rr_potential"":{""value"":0.5477509988400608,""score"":0.0},""_score"":37.86},""market"":{""M1_spy_regime"":{""score"":100.0},""M3_earnings_risk"":{""value"":null,""score"":80.0},""M4_vix"":{""value"":null,""score"":60.0},""_score"":84.0},""liquidity"":{""L1_price"":{""value"":202.01,""score"":100.0},""L2_dollar_vol"":{""value"":345993995.9018013,""score"":100.0},""L3_spread_proxy"":{""value"":0.00475223998811944,""score"":95.24776001188056},""L4_volume_zscore"":{""value"":-0.3720746165417025,""score"":100.0},""_score"":99.52},""pattern_structure"":{""top"":202.46,""top_touches"":5,""low_slope_per_bar"":0.010194672131147426,""lowest_low"":200.36,""structural_low"":200.36,""current_price"":202.28,""neckline_distance_pct"":0.000889855645639741,""base_bars"":44},""pattern_geometry_features"":{""top_touches"":5.0,""low_slope"":0.010194672131147426,""compression"":0.06266290457271895,""atr_pct"":0.004654118961578986},""_schema_version"":""1.0""}",,,,,,,,,,
20260602T213437Z-756d21,2026-06-02T21:34:37.658687+00:00,MSFT,vcp,breakout_confirmed,50.17,64.2,52.7,25.3,39.4,29.4,52.2,45.1,84.0,97.0,9.62,13.16,3.03,4.73,3.82,3.65,2.26,5.04,4.85,True,risk_unclear,441.31,432.7,405.1306,467.39,"{""trend"":{""T1_ema_stack"":{""value"":[true,true,false],""score"":66.66666666666666},""T2_ema50_slope"":{""value"":0.0825452854734344,""score"":63.757547578905736},""T3_high_proximity"":{""value"":0.9582862850690524,""score"":79.1431425345262},""T4_rs_1m"":{""value"":0.010827676019540933,""score"":60.82767601954093},""T5_rs_3m"":{""value"":-0.023932101387233118,""score"":38.03394930638344},""T6_adr_healthy"":{""value"":2.446801070561517,""score"":100.0},""_score"":64.16},""geometry"":{""sub_contraction_count"":100.0,""sub_reduction_rate"":27.4,""sub_pivot_tightness"":72.1,""sub_volume_dryup"":0,""sub_base_depth"":0.0,""sub_base_duration"":100.0,""_score"":52.66},""compression"":{""VC1_atr_ratio"":{""value"":0.7890178452711759,""score"":52.74553868220602},""VC2_range_contraction"":{""value"":1.1664449820186276,""score"":0},""VC3_range_pct_rank"":{""score"":16.666666666666664},""_score"":25.26},""sr_quality"":{""SR1_touches"":{""value"":2,""score"":25.0},""SR2_tightness"":{""value"":0.6899999999999977,""score"":89.33715400251342},""SR3_recency"":{""value"":325,""score"":0.0},""SR4_price_location"":{""score"":28.8564812533872},""SR5_reaction"":{""value"":1.5036158196455776,""score"":75.18079098227888},""_score"":39.39,""_levels_found"":6,""_target_level"":470.19},""volume"":{""V1_rvol_day"":{""value"":1.012143166142247,""score"":34.142877742816474},""V2_rvol_sameslot"":{""value"":1.196939939532965,""score"":46.462662635531,""status"":""ok""},""V3_breakout_bar"":{""value"":0.6644038253253963,""score"":10.960255021693088},""V4_base_dryup"":{""value"":0.981064937381257,""score"":51.8935062618743},""V5_bo_expansion"":{""value"":1.012143166142247,""score"":0.8095444094831391},""_score"":29.36},""readiness"":{""_distance_atr"":-0.665,""BR1_atr_distance"":{""score"":46.69462260313624},""BR2_compression"":{""score"":64.04407646273208},""BR3_retest"":{""score"":50.0},""BR4_bo_age"":{""score"":50.0},""_score"":52.19},""risk"":{""R1_stop_clarity"":{""score"":4.66022554237253},""R2_stop_distance_pct"":{""value"":8.198183023271632,""score"":95.0454244182092},""R3_stop_distance_atr"":{""value"":2.7954738150415714,""score"":100.0},""R4_rr_potential"":{""value"":0.7208521677728681,""score"":0.0},""_score"":45.14},""market"":{""M1_spy_regime"":{""score"":100.0},""M3_earnings_risk"":{""value"":null,""score"":80.0},""M4_vix"":{""value"":null,""score"":60.0},""_score"":84.0},""liquidity"":{""L1_price"":{""value"":441.31,""score"":100.0},""L2_dollar_vol"":{""value"":16303981427.419336,""score"":100.0},""L3_spread_proxy"":{""value"":0.029616369445514476,""score"":70.38363055448552},""L4_volume_zscore"":{""value"":0.03412271301332284,""score"":100.0},""_score"":97.04},""pattern_structure"":{""n_contractions"":5,""contractions_pct"":[13.74,5.14,7.42,6.33,4.95],""descending_strict"":false,""final_low"":411.3001,""final_pivot"":432.7,""structural_low"":411.3001,""dry_up_ratio"":1.1251278528095734,""current_price"":441.31,""neckline_distance_pct"":-0.0195100949445968,""base_bars"":52,""recent_base_height"":34.69},""pattern_geometry_features"":{""contraction_count"":5.0,""first_contraction_pct"":0.13744098777387734,""last_contraction_pct"":0.04945666743702335,""dry_up_ratio"":1.1251278528095734,""near_monotone"":0.0,""base_depth_pct"":0.004236533107372049},""_schema_version"":""1.0""}",,,,,,,,,,
20260602T213437Z-756d21,2026-06-02T21:34:37.658687+00:00,MPWR,bull_flag,absent,50.12,82.7,33.6,39.9,59.8,32.5,40.9,69.1,84.0,70.7,11.58,10.09,3.59,5.98,4.55,3.68,2.07,5.04,3.54,False,,1624.99,1707.62,1485.6164,1945.86,"{""trend"":{""T1_ema_stack"":{""value"":[true,true,true],""score"":100.0},""T2_ema50_slope"":{""value"":0.4547382605525324,""score"":100},""T3_high_proximity"":{""value"":0.9771554678949838,""score"":88.57773394749185},""T4_rs_1m"":{""value"":-0.02779238559447328,""score"":22.20761440552672},""T5_rs_3m"":{""value"":0.396032114774733,""score"":100},""T6_adr_healthy"":{""value"":4.585275096419421,""score"":100.0},""_score"":82.73},""geometry"":{""sub_pole_impulse"":56.5,""sub_flag_tightness"":10.5,""sub_flag_shallowness"":0,""sub_flag_drift"":93.8,""sub_flag_duration"":0.0,""_score"":33.64},""compression"":{""VC1_atr_ratio"":{""value"":0.6949072748775157,""score"":76.27318128062107},""VC2_range_contraction"":{""value"":1.1798513242035904,""score"":0},""VC3_range_pct_rank"":{""score"":37.5},""_score"":39.88},""sr_quality"":{""SR1_touches"":{""value"":3,""score"":50.0},""SR2_tightness"":{""value"":22.704652973931704,""score"":43.81251834313353},""SR3_recency"":{""value"":236,""score"":0.0},""SR4_price_location"":{""score"":92.98627259770461},""SR5_reaction"":{""value"":2.215692320917968,""score"":100},""_score"":59.82,""_levels_found"":4,""_target_level"":1653.04},""volume"":{""V1_rvol_day"":{""value"":1.024193831785272,""score"":34.94625545235146},""V2_rvol_sameslot"":{""value"":1.1301376287995855,""score"":42.0091752533057,""status"":""ok""},""V3_breakout_bar"":{""value"":1.2775447856856539,""score"":51.836319045710255},""V4_base_dryup"":{""value"":1.3029958228333032,""score"":19.700417716669676},""V5_bo_expansion"":{""value"":1.024193831785272,""score"":1.6129221190181269},""_score"":32.53},""readiness"":{""_distance_atr"":1.022,""BR1_atr_distance"":{""score"":31.838177037434306},""BR2_compression"":{""score"":42.46799569929442},""BR3_retest"":{""score"":50.0},""BR4_bo_age"":{""score"":50.0},""_score"":40.85},""risk"":{""R1_stop_clarity"":{""score"":44.013101126373776},""R2_stop_distance_pct"":{""value"":8.576889703936647,""score"":85.57775740158382},""R3_stop_distance_atr"":{""value"":1.724547739717197,""score"":100.0},""R4_rr_potential"":{""value"":2.302229403559924,""score"":65.11147017799618},""_score"":69.1},""market"":{""M1_spy_regime"":{""score"":100.0},""M3_earnings_risk"":{""value"":null,""score"":80.0},""M4_vix"":{""value"":null,""score"":60.0},""_score"":84.0},""liquidity"":{""L1_price"":{""value"":1624.99,""score"":0.0},""L2_dollar_vol"":{""value"":1125715159.1277168,""score"":100.0},""L3_spread_proxy"":{""value"":0.04291718718269036,""score"":57.082812817309645},""L4_volume_zscore"":{""value"":0.09181208340060881,""score"":100.0},""_score"":70.71},""pattern_structure"":{""pole_low"":1469.38,""pole_low_idx"":5,""peak_price"":1707.62,""peak_idx"":30,""pole_gain"":0.1621364112755038,""flag_bars"":29,""flag_low"":1508.24,""flag_high"":1657.0,""structural_low"":1508.24,""current_price"":1609.85,""neckline_distance_pct"":0.06073236636953753,""base_bars"":29},""pattern_geometry_features"":{""pole_gain"":0.1621364112755038,""pullback_pct"":0.11675899790351477,""flag_range_pct"":0.08711540038181798,""flag_drift_per_bar"":-0.0012423747217522297,""atr_pct"":0.049734139023273095,""pole_atr_multiple"":3.260062694553374},""_schema_version"":""1.0""}",,,,,,,,,,
20260602T213437Z-756d21,2026-06-02T21:34:37.658687+00:00,ADI,bull_flag,absent,50.08,90.4,40.3,13.1,55.2,18.0,46.6,67.7,84.0,96.5,12.66,12.1,1.18,5.52,2.53,4.2,2.03,5.04,4.82,False,,423.2,433.5,393.9114,485.78,"{""trend"":{""T1_ema_stack"":{""value"":[true,true,true],""score"":100.0},""T2_ema50_slope"":{""value"":0.4072487991264535,""score"":100},""T3_high_proximity"":{""value"":0.9787460394551215,""score"":89.37301972756073},""T4_rs_1m"":{""value"":0.010138640498319251,""score"":60.13864049831925},""T5_rs_3m"":{""value"":0.13194151934742826,""score"":100},""T6_adr_healthy"":{""value"":3.262874245625284,""score"":100.0},""_score"":90.43},""geometry"":{""sub_pole_impulse"":56.7,""sub_flag_tightness"":34.0,""sub_flag_shallowness"":0,""sub_flag_drift"":98.8,""sub_flag_duration"":0.0,""_score"":40.33},""compression"":{""VC1_atr_ratio"":{""value"":0.9206900437423808,""score"":19.82748906440479},""VC2_range_contraction"":{""value"":1.6290644488425223,""score"":0},""VC3_range_pct_rank"":{""score"":20.833333333333336},""_score"":13.14},""sr_quality"":{""SR1_touches"":{""value"":2,""score"":25.0},""SR2_tightness"":{""value"":1.1100000000000136,""score"":87.49684202734589},""SR3_recency"":{""value"":227,""score"":0.0},""SR4_price_location"":{""score"":78.37991473235427},""SR5_reaction"":{""value"":2.9213459641511754,""score"":100},""_score"":55.22,""_levels_found"":4,""_target_level"":434.61},""volume"":{""V1_rvol_day"":{""value"":0.9927423172778748,""score"":32.849487818524985},""V2_rvol_sameslot"":{""value"":0.7288849939770871,""score"":15.25899959847247,""status"":""ok""},""V3_breakout_bar"":{""value"":0.7526037721516511,""score"":16.84025147677674},""V4_base_dryup"":{""value"":1.289411249572223,""score"":21.0588750427777},""V5_bo_expansion"":{""value"":0.9927423172778745,""score"":0},""_score"":18.04},""readiness"":{""_distance_atr"":0.58,""BR1_atr_distance"":{""score"":61.326568432932156},""BR2_compression"":{""score"":18.428475536278672},""BR3_retest"":{""score"":50.0},""BR4_bo_age"":{""score"":50.0},""_score"":46.64},""risk"":{""R1_stop_clarity"":{""score"":32.43056885345888},""R2_stop_distance_pct"":{""value"":6.920758506616248,""score"":100.0},""R3_stop_distance_atr"":{""value"":1.6495523322332022,""score"":100.0},""R4_rr_potential"":{""value"":2.1366638612568374,""score"":56.83319306284187},""_score"":67.72},""market"":{""M1_spy_regime"":{""score"":100.0},""M3_earnings_risk"":{""value"":null,""score"":80.0},""M4_vix"":{""value"":null,""score"":60.0},""_score"":84.0},""liquidity"":{""L1_price"":{""value"":423.2,""score"":100.0},""L2_dollar_vol"":{""value"":2021258142.2823687,""score"":100.0},""L3_spread_proxy"":{""value"":0.03537334593572786,""score"":64.62665406427215},""L4_volume_zscore"":{""value"":-0.02103516334578892,""score"":100.0},""_score"":96.46},""pattern_structure"":{""pole_low"":381.22,""pole_low_idx"":15,""peak_price"":433.5,""peak_idx"":30,""pole_gain"":0.13713866009128578,""flag_bars"":29,""flag_low"":399.91,""flag_high"":423.45,""structural_low"":399.91,""current_price"":419.7511,""neckline_distance_pct"":0.0327548873606287,""base_bars"":29},""pattern_geometry_features"":{""pole_gain"":0.13713866009128578,""pullback_pct"":0.07748558246828137,""flag_range_pct"":0.05430219146482114,""flag_drift_per_bar"":-0.00023710058538761286,""atr_pct"":0.041955374021064036,""pole_atr_multiple"":3.2686792405290963},""_schema_version"":""1.0""}",,,,,,,,,,
20260602T213437Z-756d21,2026-06-02T21:34:37.658687+00:00,TT,vcp,absent,50.06,43.4,41.8,56.1,52.4,40.5,23.8,65.0,84.0,97.5,6.51,10.44,6.73,6.28,5.27,1.67,3.25,5.04,4.87,True,risk_unclear,458.92,481.98,437.4237,582.31,"{""trend"":{""T1_ema_stack"":{""value"":[false,true,true],""score"":66.66666666666666},""T2_ema50_slope"":{""value"":0.027104585563485353,""score"":54.51743092724756},""T3_high_proximity"":{""value"":0.9317415844398425,""score"":65.8707922199212},""T4_rs_1m"":{""value"":-0.11065866588652362,""score"":0},""T5_rs_3m"":{""value"":-0.08711192097241649,""score"":6.444039513791758},""T6_adr_healthy"":{""value"":2.4424550123924047,""score"":100.0},""_score"":43.42},""geometry"":{""sub_contraction_count"":100.0,""sub_reduction_rate"":8.2,""sub_pivot_tightness"":30.6,""sub_volume_dryup"":0,""sub_base_depth"":1.1,""sub_base_duration"":100.0,""_score"":41.75},""compression"":{""VC1_atr_ratio"":{""value"":0.39152712641624043,""score"":100},""VC2_range_contraction"":{""value"":0.884976531270928,""score"":19.170578121512},""VC3_range_pct_rank"":{""score"":37.5},""_score"":56.08},""sr_quality"":{""SR1_touches"":{""value"":3,""score"":50.0},""SR2_tightness"":{""value"":1.6509408092222901,""score"":70.8859406586583},""SR3_recency"":{""value"":227,""score"":0.0},""SR4_price_location"":{""score"":46.96842358026184},""SR5_reaction"":{""value"":3.173607966408168,""score"":100},""_score"":52.37,""_levels_found"":7,""_target_level"":466.2817},""volume"":{""V1_rvol_day"":{""value"":1.3163930941474224,""score"":54.426206276494824},""V2_rvol_sameslot"":{""value"":1.0264053364903813,""score"":35.093689099358755,""status"":""ok""},""V3_breakout_bar"":{""value"":0.8725054321488359,""score"":24.83369547658906},""V4_base_dryup"":{""value"":0.8373123216458734,""score"":66.26876783541266},""V5_bo_expansion"":{""value"":1.3163930941474224,""score"":21.0928729431615},""_score"":40.53},""readiness"":{""_distance_atr"":2.033,""BR1_atr_distance"":{""score"":0},""BR2_compression"":{""score"":25.19974469972963},""BR3_retest"":{""score"":50.0},""BR4_bo_age"":{""score"":50.0},""_score"":23.8},""risk"":{""R1_stop_clarity"":{""score"":0},""R2_stop_distance_pct"":{""value"":4.6841007147215254,""score"":100.0},""R3_stop_distance_atr"":{""value"":1.895415700162556,""score"":100.0},""R4_rr_potential"":{""value"":5.740064266948571,""score"":100.0},""_score"":65.0},""market"":{""M1_spy_regime"":{""score"":100.0},""M3_earnings_risk"":{""value"":null,""score"":80.0},""M4_vix"":{""value"":null,""score"":60.0},""_score"":84.0},""liquidity"":{""L1_price"":{""value"":458.92,""score"":100.0},""L2_dollar_vol"":{""value"":872843703.2673297,""score"":100.0},""L3_spread_proxy"":{""value"":0.025472849298352647,""score"":74.52715070164736},""L4_volume_zscore"":{""value"":1.1256701421296016,""score"":100.0},""_score"":97.45},""pattern_structure"":{""n_contractions"":5,""contractions_pct"":[11.55,5.92,7.75,7.83,7.86],""descending_strict"":false,""final_low"":444.085,""final_pivot"":481.98,""structural_low"":444.085,""dry_up_ratio"":1.1631967647474784,""current_price"":458.92,""neckline_distance_pct"":0.050248409308812,""base_bars"":58,""recent_base_height"":100.33000000000004},""pattern_geometry_features"":{""contraction_count"":5.0,""first_contraction_pct"":0.11549638873456132,""last_contraction_pct"":0.07862359434001419,""dry_up_ratio"":1.1631967647474784,""near_monotone"":0.0,""base_depth_pct"":0.051059874353604935},""_schema_version"":""1.0""}",,,,,,,,,,
20260602T213437Z-756d21,2026-06-02T21:34:37.658687+00:00,SGML,breakout_retest_hold,setup,50.06,46.6,26.1,72.3,63.0,10.3,74.0,65.2,84.0,83.2,6.53,5.75,4.34,8.83,1.34,13.32,3.26,4.2,2.5,True,weak_retest_trend,16.48,15.83,15.6618,16.2192,"{""trend"":{""T1_ema_stack"":{""value"":[false,true,true],""score"":66.66666666666666},""T2_ema50_slope"":{""value"":0.003937442624533601,""score"":50.65624043742227},""T3_high_proximity"":{""value"":0.6968287526427062,""score"":0},""T4_rs_1m"":{""value"":-0.303893007883283,""score"":0},""T5_rs_3m"":{""value"":0.1904263981235117,""score"":100},""T6_adr_healthy"":{""value"":8.148783421652762,""score"":96.28041445868094},""_score"":46.61},""geometry"":{""sub_retest_depth"":60.8,""sub_retest_timing"":20.0,""sub_retest_freshness"":0.0,""sub_hold_quality"":13.0,""_score"":26.14},""compression"":{""VC1_atr_ratio"":{""value"":0.2756057895723646,""score"":100},""VC2_range_contraction"":{""value"":0.8383920539011605,""score"":26.93465768313993},""VC3_range_pct_rank"":{""score"":91.66666666666666},""_score"":72.34},""sr_quality"":{""SR1_touches"":{""value"":3,""score"":50.0},""SR2_tightness"":{""value"":0.12970050972229077,""score"":81.15346470453599},""SR3_recency"":{""value"":290,""score"":0.0},""SR4_price_location"":{""score"":83.52217941811575},""SR5_reaction"":{""value"":3.5116125393975253,""score"":100},""_score"":63.05,""_levels_found"":5,""_target_level"":16.7833},""volume"":{""V1_rvol_day"":{""value"":0.41896662143287794,""score"":0},""V2_rvol_sameslot"":{""value"":0.3376971214683376,""score"":0,""status"":""ok""},""V3_breakout_bar"":{""value"":0.36745949639357905,""score"":0},""V4_base_dryup"":{""value"":0.9833465617134038,""score"":51.665343828659616},""V5_bo_expansion"":{""value"":0.41896662143287783,""score"":0},""_score"":10.33},""readiness"":{""_distance_atr"":-0.472,""BR1_atr_distance"":{""score"":100.0},""BR2_compression"":{""score"":38.28517542413151},""BR3_retest"":{""score"":99.63672973730371},""BR4_bo_age"":{""score"":30.0},""_score"":74.0},""risk"":{""R1_stop_clarity"":{""score"":77.0122577765783},""R2_stop_distance_pct"":{""value"":4.964805825242724,""score"":100.0},""R3_stop_distance_atr"":{""value"":0.594455457876219,""score"":54.722772893810955},""R4_rr_potential"":{""value"":-0.3187659321856338,""score"":0.0},""_score"":65.16},""market"":{""M1_spy_regime"":{""score"":100.0},""M3_earnings_risk"":{""value"":null,""score"":80.0},""M4_vix"":{""value"":null,""score"":60.0},""_score"":84.0},""liquidity"":{""L1_price"":{""value"":16.48,""score"":100.0},""L2_dollar_vol"":{""value"":27603350.59567904,""score"":72.04809007589765},""L3_spread_proxy"":{""value"":0.05643203883495144,""score"":43.56796116504856},""L4_volume_zscore"":{""value"":-1.1601160428406596,""score"":100.0},""_score"":83.18},""pattern_structure"":{""level"":15.83,""level_idx"":36,""breakout_idx"":57,""bo_peak_idx"":63,""bo_peak_price"":17.57,""retest_idx"":69,""retest_low"":15.82,""structural_low"":15.82,""current_price"":16.49,""neckline_distance_pct"":-0.04002425712553053,""base_bars"":43,""bars_since_breakout"":22},""pattern_geometry_features"":{""retest_depth_atr"":0.025694673861174806,""bars_breakout_to_retest"":12.0,""bars_since_retest"":10.0,""current_above_level_atr"":1.695848474837569,""bo_peak_excess_pct"":0.10991787744788378,""atr_pct"":0.08351855062413313},""_schema_version"":""1.0""}",,,,,,,,,,
20260602T213437Z-756d21,2026-06-02T21:34:37.658687+00:00,AVGO,cup_with_handle,extended,50.0,100.0,45.9,49.2,43.0,61.3,18.1,17.7,84.0,88.7,14.0,13.76,3.93,5.16,7.97,1.44,0.89,4.2,4.43,True,stop_too_wide;price_extended_above_trigger,481.57,429.31,388.7302,553.96,"{""trend"":{""T1_ema_stack"":{""value"":[true,true,true],""score"":100.0},""T2_ema50_slope"":{""value"":0.32773407896480244,""score"":100},""T3_high_proximity"":{""value"":1.0,""score"":99.99999999999997},""T4_rs_1m"":{""value"":0.08910467038911185,""score"":100},""T5_rs_3m"":{""value"":0.4179714146722495,""score"":100},""T6_adr_healthy"":{""value"":3.749068211909713,""score"":100.0},""_score"":100.0},""geometry"":{""sub_cup_depth"":79.4,""sub_cup_duration"":56.0,""sub_rim_symmetry"":29.1,""sub_handle_shallowness"":32.7,""sub_handle_proportion"":36.1,""sub_u_shape"":37.4,""_score"":45.86},""compression"":{""VC1_atr_ratio"":{""value"":0.5898245589372211,""score"":100},""VC2_range_contraction"":{""value"":1.0538058746656085,""score"":0},""VC3_range_pct_rank"":{""score"":36.66666666666667},""_score"":49.17},""sr_quality"":{""SR1_touches"":{""value"":3,""score"":50.0},""SR2_tightness"":{""value"":5.398166355346976,""score"":39.47032239409103},""SR3_recency"":{""value"":235,""score"":0.0},""SR4_price_location"":{""score"":30.0},""SR5_reaction"":{""value"":1.9443354290977535,""score"":97.21677145488768},""_score"":43.0,""_levels_found"":7,""_target_level"":436.45},""volume"":{""V1_rvol_day"":{""value"":1.7671448145153092,""score"":84.47632096768729},""V2_rvol_sameslot"":{""value"":2.1247011828344604,""score"":100,""status"":""ok""},""V3_breakout_bar"":{""value"":0.8883505255662657,""score"":25.890035037751048},""V4_base_dryup"":{""value"":0.9857454711014316,""score"":51.425452889856835},""V5_bo_expansion"":{""value"":1.767144814515309,""score"":51.14298763435393},""_score"":61.32},""readiness"":{""_distance_atr"":-2.93,""BR1_atr_distance"":{""score"":1.400824956950082},""BR2_compression"":{""score"":0},""BR3_retest"":{""score"":50.0},""BR4_bo_age"":{""score"":50.0},""_score"":18.06},""risk"":{""R1_stop_clarity"":{""score"":33.62180128949558},""R2_stop_distance_pct"":{""value"":19.278557634404144,""score"":0.0},""R3_stop_distance_atr"":{""value"":5.20506387409395,""score"":39.74680629530249},""R4_rr_potential"":{""value"":0.7797306649360862,""score"":0.0},""_score"":17.73},""market"":{""M1_spy_regime"":{""score"":100.0},""M3_earnings_risk"":{""value"":null,""score"":80.0},""M4_vix"":{""value"":null,""score"":60.0},""_score"":84.0},""liquidity"":{""L1_price"":{""value"":481.57,""score"":100.0},""L2_dollar_vol"":{""value"":18431169379.556316,""score"":100.0},""L3_spread_proxy"":{""value"":0.038127375044126485,""score"":61.87262495587351},""L4_volume_zscore"":{""value"":2.3084661534907402,""score"":70.0},""_score"":88.69},""pattern_structure"":{""left_rim"":414.61,""left_rim_idx"":61,""cup_bottom"":289.96,""cup_bottom_idx"":135,""right_rim"":429.31,""right_rim_idx"":152,""handle_low"":394.65,""handle_bars"":27,""cup_bars"":91,""structural_low"":394.65,""current_price"":481.57,""neckline_distance_pct"":-0.10852004900637496,""base_bars"":118},""pattern_geometry_features"":{""cup_depth_pct"":0.3006439786787584,""rim_symmetry_pct"":0.03545500590916762,""handle_depth_pct"":0.0807342013929329,""handle_to_cup_ratio"":0.2967032967032967,""cup_duration_bars"":91.0,""atr_pct"":0.03703808080118897,""u_shape_score"":0.18681318681318682},""_schema_version"":""1.0""}",,,,,,,,,,
20260602T213437Z-756d21,2026-06-02T21:34:37.658687+00:00,POWI,base_on_base,extended,50.0,97.5,56.6,49.3,40.0,20.9,36.2,37.0,84.0,95.5,17.55,14.15,4.93,4.0,2.51,2.9,1.85,5.88,4.78,True,stop_too_wide;price_extended_above_trigger,84.19,74.49,63.8772,82.12,"{""trend"":{""T1_ema_stack"":{""value"":[true,true,true],""score"":100.0},""T2_ema50_slope"":{""value"":0.5812388315967022,""score"":100},""T3_high_proximity"":{""value"":0.9669231652693235,""score"":83.46158263466175},""T4_rs_1m"":{""value"":0.09424742862426938,""score"":100},""T5_rs_3m"":{""value"":0.6374854451761154,""score"":100},""T6_adr_healthy"":{""value"":6.543860851686277,""score"":100.0},""_score"":97.52},""geometry"":{""sub_shallower_second"":23.3,""sub_second_base_depth"":100.0,""sub_rim_advance"":100,""sub_dry_up"":0,""sub_second_base_duration"":72.0,""_score"":56.62},""compression"":{""VC1_atr_ratio"":{""value"":0.708776014349539,""score"":72.80599641261526},""VC2_range_contraction"":{""value"":0.8539355199850617,""score"":24.344080002489722},""VC3_range_pct_rank"":{""score"":46.666666666666664},""_score"":49.31},""sr_quality"":{""SR1_touches"":{""value"":2,""score"":25.0},""SR2_tightness"":{""value"":0.865000000000002,""score"":66.89882136843708},""SR3_recency"":{""value"":233,""score"":0.0},""SR4_price_location"":{""score"":30.0},""SR5_reaction"":{""value"":2.083652227154449,""score"":100},""_score"":40.03,""_levels_found"":6,""_target_level"":75.355},""volume"":{""V1_rvol_day"":{""value"":0.7858356024312338,""score"":19.05570682874892},""V2_rvol_sameslot"":{""value"":0.6880730550658243,""score"":12.538203671054951,""status"":""ok""},""V3_breakout_bar"":{""value"":1.0249682309567747,""score"":34.99788206378498},""V4_base_dryup"":{""value"":1.2062881835888624,""score"":29.371181641113765},""V5_bo_expansion"":{""value"":0.7858356024312338,""score"":0},""_score"":20.94},""readiness"":{""_distance_atr"":-1.856,""BR1_atr_distance"":{""score"":22.88075922240928},""BR2_compression"":{""score"":38.16580065921371},""BR3_retest"":{""score"":50.0},""BR4_bo_age"":{""score"":50.0},""_score"":36.19},""risk"":{""R1_stop_clarity"":{""score"":62.77552426144199},""R2_stop_distance_pct"":{""value"":24.12727164746407,""score"":0.0},""R3_stop_distance_atr"":{""value"":3.886566278891782,""score"":100.0},""R4_rr_potential"":{""value"":-0.10190643807460867,""score"":0.0},""_score"":36.97},""market"":{""M1_spy_regime"":{""score"":100.0},""M3_earnings_risk"":{""value"":null,""score"":80.0},""M4_vix"":{""value"":null,""score"":60.0},""_score"":84.0},""liquidity"":{""L1_price"":{""value"":84.19,""score"":100.0},""L2_dollar_vol"":{""value"":98453276.02947466,""score"":99.66150859244833},""L3_spread_proxy"":{""value"":0.04347309656728824,""score"":56.52690343271176},""L4_volume_zscore"":{""value"":-0.4388915534882902,""score"":100.0},""_score"":95.52},""pattern_structure"":{""first_base_low"":44.45,""first_base_top"":52.08,""first_base_bars"":20,""second_base_low"":64.85,""second_base_top"":74.49,""second_base_bars"":18,""structural_low"":64.85,""stacking_overlap_pct"":-0.24519969278033787,""current_price"":84.19,""neckline_distance_pct"":-0.11521558379855093,""base_bars"":18},""pattern_geometry_features"":{""first_base_depth_pct"":0.14650537634408595,""second_base_depth_pct"":0.12941334407302996,""second_dry_up_ratio"":2.2228064245930566,""rim_advance_pct"":0.43029953917050684,""atr_pct"":0.06207863166646868},""_schema_version"":""1.0""}",,,,,,,,,,
20260602T213437Z-756d21,2026-06-02T21:34:37.658687+00:00,DIOD,breakout_retest_hold,extended,50.0,88.8,50.0,23.6,38.4,51.9,41.4,38.9,84.0,91.5,12.44,11.0,1.42,5.38,6.74,7.44,1.94,4.2,2.75,True,price_extended_above_trigger,114.13,101.94,99.7425,104.32,"{""trend"":{""T1_ema_stack"":{""value"":[true,true,true],""score"":100.0},""T2_ema50_slope"":{""value"":0.46735952835888606,""score"":100},""T3_high_proximity"":{""value"":0.9834554071520896,""score"":91.72770357604476},""T4_rs_1m"":{""value"":0.00040931292574875044,""score"":50.40931292574875},""T5_rs_3m"":{""value"":0.5923158526722474,""score"":100},""T6_adr_healthy"":{""value"":5.609414488453983,""score"":100.0},""_score"":88.84},""geometry"":{""sub_retest_depth"":100.0,""sub_retest_timing"":0.0,""sub_retest_freshness"":100.0,""sub_hold_quality"":0.0,""_score"":50.0},""compression"":{""VC1_atr_ratio"":{""value"":0.7822133024340528,""score"":54.44667439148678},""VC2_range_contraction"":{""value"":1.0725778479352681,""score"":0},""VC3_range_pct_rank"":{""score"":7.499999999999996},""_score"":23.65},""sr_quality"":{""SR1_touches"":{""value"":2,""score"":25.0},""SR2_tightness"":{""value"":1.3699999999999974,""score"":56.71029868314002},""SR3_recency"":{""value"":270,""score"":0.0},""SR4_price_location"":{""score"":30.0},""SR5_reaction"":{""value"":1.9910892731595946,""score"":99.55446365797972},""_score"":38.44,""_levels_found"":4,""_target_level"":73.68},""volume"":{""V1_rvol_day"":{""value"":1.1436809737984883,""score"":42.91206491989922},""V2_rvol_sameslot"":{""value"":1.5446683268896584,""score"":69.64455512597722,""status"":""ok""},""V3_breakout_bar"":{""value"":2.5309576517015344,""score"":100},""V4_base_dryup"":{""value"":1.3550645900093359,""score"":14.493540999066411},""V5_bo_expansion"":{""value"":1.1436809737984883,""score"":9.578731586565887},""_score"":51.85},""readiness"":{""_distance_atr"":-1.926,""BR1_atr_distance"":{""score"":21.481645324633277},""BR2_compression"":{""score"":40.589678548733836},""BR3_retest"":{""score"":90.59949916659427},""BR4_bo_age"":{""score"":30.0},""_score"":41.36},""risk"":{""R1_stop_clarity"":{""score"":68.16469045493662},""R2_stop_distance_pct"":{""value"":12.606238499956193,""score"":0.0},""R3_stop_distance_atr"":{""value"":2.2731042981617677,""score"":100.0},""R4_rr_potential"":{""value"":-0.6818418766290183,""score"":0.0},""_score"":38.86},""market"":{""M1_spy_regime"":{""score"":100.0},""M3_earnings_risk"":{""value"":null,""score"":80.0},""M4_vix"":{""value"":null,""score"":60.0},""_score"":84.0},""liquidity"":{""L1_price"":{""value"":114.13,""score"":100.0},""L2_dollar_vol"":{""value"":107865176.86618707,""score"":100.0},""L3_spread_proxy"":{""value"":0.08466222728467532,""score"":15.33777271532469},""L4_volume_zscore"":{""value"":0.6694403890418759,""score"":100.0},""_score"":91.53},""pattern_structure"":{""level"":101.94,""level_idx"":14,""breakout_idx"":44,""bo_peak_idx"":62,""bo_peak_price"":114.0,""retest_idx"":73,""retest_low"":100.75,""structural_low"":100.75,""current_price"":110.91,""neckline_distance_pct"":-0.08087638625912902,""base_bars"":65,""bars_since_breakout"":35},""pattern_geometry_features"":{""retest_depth_atr"":0.6795867003332663,""bars_breakout_to_retest"":29.0,""bars_since_retest"":6.0,""current_above_level_atr"":5.122598909234798,""bo_peak_excess_pct"":0.11830488522660391,""atr_pct"":0.0554582493647595},""_schema_version"":""1.0""}",,,,,,,,,,
20260602T213437Z-756d21,2026-06-02T21:34:37.658687+00:00,HON,base_on_base,extended,50.0,71.5,55.6,43.3,61.6,40.4,33.0,3.3,84.0,97.0,12.86,13.9,4.33,6.16,4.84,2.64,0.17,5.88,4.85,True,risk_unclear;price_extended_above_trigger,235.23,221.035,204.7126,236.735,"{""trend"":{""T1_ema_stack"":{""value"":[true,true,true],""score"":100.0},""T2_ema50_slope"":{""value"":-0.007590000471400254,""score"":48.73499992143329},""T3_high_proximity"":{""value"":0.9563361385534821,""score"":78.16806927674102},""T4_rs_1m"":{""value"":0.052957906465159965,""score"":100},""T5_rs_3m"":{""value"":-0.15182248832125322,""score"":0},""T6_adr_healthy"":{""value"":2.168351995245837,""score"":100.0},""_score"":71.47},""geometry"":{""sub_shallower_second"":45.9,""sub_second_base_depth"":79.7,""sub_rim_advance"":91.7,""sub_dry_up"":19.2,""sub_second_base_duration"":40.0,""_score"":55.59},""compression"":{""VC1_atr_ratio"":{""value"":0.5026366988214063,""score"":100},""VC2_range_contraction"":{""value"":1.0486349185546011,""score"":0},""VC3_range_pct_rank"":{""score"":13.33333333333333},""_score"":43.33},""sr_quality"":{""SR1_touches"":{""value"":4,""score"":75.0},""SR2_tightness"":{""value"":1.4146112540199867,""score"":48.49738630741073},""SR3_recency"":{""value"":254,""score"":0.0},""SR4_price_location"":{""score"":67.458617332035},""SR5_reaction"":{""value"":2.3628538364518183,""score"":100},""_score"":61.64,""_levels_found"":6,""_target_level"":238.015},""volume"":{""V1_rvol_day"":{""value"":1.0512793783107337,""score"":36.75195855404891},""V2_rvol_sameslot"":{""value"":1.5244451527829792,""score"":68.29634351886527,""status"":""ok""},""V3_breakout_bar"":{""value"":1.2353212921467067,""score"":49.021419476447115},""V4_base_dryup"":{""value"":1.1705171754352155,""score"":32.94828245647845},""V5_bo_expansion"":{""value"":1.0512793783107335,""score"":3.4186252207155654},""_score"":40.37},""readiness"":{""_distance_atr"":-2.584,""BR1_atr_distance"":{""score"":8.319398754339673},""BR2_compression"":{""score"":48.834578928622385},""BR3_retest"":{""score"":50.0},""BR4_bo_age"":{""score"":50.0},""_score"":33.04},""risk"":{""R1_stop_clarity"":{""score"":0},""R2_stop_distance_pct"":{""value"":12.97345151553797,""score"":0.0},""R3_stop_distance_atr"":{""value"":5.555336965425769,""score"":22.23315172871154},""R4_rr_potential"":{""value"":0.04931604704849276,""score"":0.0},""_score"":3.33},""market"":{""M1_spy_regime"":{""score"":100.0},""M3_earnings_risk"":{""value"":null,""score"":80.0},""M4_vix"":{""value"":null,""score"":60.0},""_score"":84.0},""liquidity"":{""L1_price"":{""value"":235.23,""score"":100.0},""L2_dollar_vol"":{""value"":1100118875.906758,""score"":100.0},""L3_spread_proxy"":{""value"":0.029481783786081718,""score"":70.51821621391828},""L4_volume_zscore"":{""value"":0.24352362193558172,""score"":100.0},""_score"":97.05},""pattern_structure"":{""first_base_low"":186.76,""first_base_top"":202.46,""first_base_bars"":53,""second_base_low"":207.83,""second_base_top"":221.035,""second_base_bars"":75,""structural_low"":207.83,""stacking_overlap_pct"":-0.026523757779314455,""current_price"":235.23,""neckline_distance_pct"":-0.06034519406538279,""base_bars"":75},""pattern_geometry_features"":{""first_base_depth_pct"":0.07754618196186909,""second_base_depth_pct"":0.05974166987128728,""second_dry_up_ratio"":0.9040487239710578,""rim_advance_pct"":0.09174651783068255,""atr_pct"":0.0233531315854999},""_schema_version"":""1.0""}",,,,,,,,,,
20260602T213437Z-756d21,2026-06-02T21:34:37.658687+00:00,AVGO,double_bottom,extended,50.0,100.0,62.0,49.2,43.0,59.0,26.7,25.5,84.0,88.7,15.0,15.51,3.93,6.02,7.67,2.14,1.53,5.04,4.43,True,risk_unclear;price_extended_above_trigger,481.57,448.58,410.2427,480.67,"{""trend"":{""T1_ema_stack"":{""value"":[true,true,true],""score"":100.0},""T2_ema50_slope"":{""value"":0.32773407896480244,""score"":100},""T3_high_proximity"":{""value"":1.0,""score"":99.99999999999997},""T4_rs_1m"":{""value"":0.08910467038911185,""score"":100},""T5_rs_3m"":{""value"":0.4179714146722495,""score"":100},""T6_adr_healthy"":{""value"":3.749068211909713,""score"":100.0},""_score"":100.0},""geometry"":{""sub_low_similarity"":17.1,""sub_bounce_quality"":67.2,""sub_separation_fit"":100.0,""sub_right_bottom_reaction"":56.5,""sub_base_context"":100.0,""_score"":62.05},""compression"":{""VC1_atr_ratio"":{""value"":0.5898245589372211,""score"":100},""VC2_range_contraction"":{""value"":1.0538058746656085,""score"":0},""VC3_range_pct_rank"":{""score"":36.66666666666667},""_score"":49.17},""sr_quality"":{""SR1_touches"":{""value"":3,""score"":50.0},""SR2_tightness"":{""value"":5.398166355346976,""score"":39.47032239409103},""SR3_recency"":{""value"":235,""score"":0.0},""SR4_price_location"":{""score"":30.0},""SR5_reaction"":{""value"":1.9443354290977535,""score"":97.21677145488768},""_score"":43.0,""_levels_found"":7,""_target_level"":436.45},""volume"":{""V1_rvol_day"":{""value"":1.7671448145153092,""score"":84.47632096768729},""V2_rvol_sameslot"":{""value"":2.1247011828344604,""score"":100,""status"":""ok""},""V3_breakout_bar"":{""value"":0.8883505255662657,""score"":25.890035037751048},""V4_base_dryup"":{""value"":1.1007104407568549,""score"":39.928955924314515},""V5_bo_expansion"":{""value"":1.767144814515309,""score"":51.14298763435393},""_score"":59.03},""readiness"":{""_distance_atr"":-1.85,""BR1_atr_distance"":{""score"":23.008289615954503},""BR2_compression"":{""score"":0},""BR3_retest"":{""score"":50.0},""BR4_bo_age"":{""score"":50.0},""_score"":26.7},""risk"":{""R1_stop_clarity"":{""score"":29.948420167394374},""R2_stop_distance_pct"":{""value"":14.811418900679021,""score"":0.0},""R3_stop_distance_atr"":{""value"":3.9989704056705757,""score"":100.0},""R4_rr_potential"":{""value"":-0.012617880798880578,""score"":0.0},""_score"":25.48},""market"":{""M1_spy_regime"":{""score"":100.0},""M3_earnings_risk"":{""value"":null,""score"":80.0},""M4_vix"":{""value"":null,""score"":60.0},""_score"":84.0},""liquidity"":{""L1_price"":{""value"":481.57,""score"":100.0},""L2_dollar_vol"":{""value"":18431169379.556316,""score"":100.0},""L3_spread_proxy"":{""value"":0.038127375044126485,""score"":61.87262495587351},""L4_volume_zscore"":{""value"":2.3084661534907402,""score"":70.0},""_score"":88.69},""pattern_structure"":{""left_low"":416.49,""left_idx"":50,""right_low"":434.11,""right_idx"":66,""separation_bars"":16,""structural_low"":416.49,""current_price"":476.56,""neckline_distance_pct"":-0.058712439147221795,""base_bars"":16},""pattern_geometry_features"":{""low_similarity_pct"":0.04142957912062075,""bounce_pct"":0.07704866863550139,""right_bottom_reaction"":0.5646067415730308,""atr_pct"":0.03703808080118897},""_schema_version"":""1.0""}",,,,,,,,,,
20260602T213437Z-756d21,2026-06-02T21:34:37.658687+00:00,ASML,cup_with_handle,extended,50.0,99.5,66.1,48.3,39.4,24.0,34.0,22.1,84.0,71.4,13.93,19.84,3.87,4.73,3.12,2.72,1.11,4.2,3.57,True,stop_too_wide;price_extended_above_trigger,1705.37,1603.49,1419.6909,1902.6,"{""trend"":{""T1_ema_stack"":{""value"":[true,true,true],""score"":100.0},""T2_ema50_slope"":{""value"":0.28462206138201707,""score"":97.43701023033617},""T3_high_proximity"":{""value"":1.0,""score"":99.99999999999997},""T4_rs_1m"":{""value"":0.14105003230205426,""score"":100},""T5_rs_3m"":{""value"":0.1366095401643832,""score"":100},""T6_adr_healthy"":{""value"":3.398565704138478,""score"":100.0},""_score"":99.49},""geometry"":{""sub_cup_depth"":100.0,""sub_cup_duration"":100.0,""sub_rim_symmetry"":27.3,""sub_handle_shallowness"":15.7,""sub_handle_proportion"":100.0,""sub_u_shape"":83.6,""_score"":66.14},""compression"":{""VC1_atr_ratio"":{""value"":0.5731693906714734,""score"":100},""VC2_range_contraction"":{""value"":0.9678397390455256,""score"":5.360043492412407},""VC3_range_pct_rank"":{""score"":25.83333333333333},""_score"":48.33},""sr_quality"":{""SR1_touches"":{""value"":2,""score"":25.0},""SR2_tightness"":{""value"":11.745000000000005,""score"":62.819857086069874},""SR3_recency"":{""value"":226,""score"":0.0},""SR4_price_location"":{""score"":30.0},""SR5_reaction"":{""value"":2.5669873434207906,""score"":100},""_score"":39.42,""_levels_found"":5,""_target_level"":1591.745},""volume"":{""V1_rvol_day"":{""value"":0.9131787142583335,""score"":27.545247617222234},""V2_rvol_sameslot"":{""value"":0.740047803985196,""score"":16.0031869323464,""status"":""ok""},""V3_breakout_bar"":{""value"":0.691743060260028,""score"":12.782870684001866},""V4_base_dryup"":{""value"":0.8967880187417885,""score"":60.321198125821155},""V5_bo_expansion"":{""value"":0.9131787142583335,""score"":0},""_score"":23.97},""readiness"":{""_distance_atr"":-1.613,""BR1_atr_distance"":{""score"":27.748718943625413},""BR2_compression"":{""score"":21.397161188752364},""BR3_retest"":{""score"":50.0},""BR4_bo_age"":{""score"":50.0},""_score"":33.95},""risk"":{""R1_stop_clarity"":{""score"":31.560492859052033},""R2_stop_distance_pct"":{""value"":16.751734755507595,""score"":0.0},""R3_stop_distance_atr"":{""value"":4.52174893194426,""score"":73.912553402787},""R4_rr_potential"":{""value"":0.6903901206143372,""score"":0.0},""_score"":22.13},""market"":{""M1_spy_regime"":{""score"":100.0},""M3_earnings_risk"":{""value"":null,""score"":80.0},""M4_vix"":{""value"":null,""score"":60.0},""_score"":84.0},""liquidity"":{""L1_price"":{""value"":1705.37,""score"":0.0},""L2_dollar_vol"":{""value"":2515986388.4432616,""score"":100.0},""L3_spread_proxy"":{""value"":0.035611040419381144,""score"":64.38895958061886},""L4_volume_zscore"":{""value"":-0.3743632186421202,""score"":100.0},""_score"":71.44},""pattern_structure"":{""left_rim"":1547.22,""left_rim_idx"":112,""cup_bottom"":1248.11,""cup_bottom_idx"":135,""right_rim"":1603.49,""right_rim_idx"":167,""handle_low"":1441.3106,""handle_bars"":12,""cup_bars"":55,""structural_low"":1441.3106,""current_price"":1705.37,""neckline_distance_pct"":-0.05974070143136087,""base_bars"":67},""pattern_geometry_features"":{""cup_depth_pct"":0.19332092397978318,""rim_symmetry_pct"":0.03636845438916249,""handle_depth_pct"":0.10114151008113552,""handle_to_cup_ratio"":0.21818181818181817,""cup_duration_bars"":55.0,""atr_pct"":0.03704702540462521,""u_shape_score"":0.41818181818181815},""_schema_version"":""1.0""}",,,,,,,,,,
20260602T213437Z-756d21,2026-06-02T21:34:37.658687+00:00,UEC,double_bottom,extended,50.0,47.2,81.1,41.5,38.0,67.0,32.5,36.2,84.0,90.0,7.08,20.28,3.32,5.32,8.71,2.6,2.17,5.04,4.5,True,stop_too_wide;price_extended_above_trigger;reversal_trend_cap,15.44,14.33,12.8543,15.61,"{""trend"":{""T1_ema_stack"":{""value"":[true,false,true],""score"":66.66666666666666},""T2_ema50_slope"":{""value"":-0.11976451442134248,""score"":30.03924759644292},""T3_high_proximity"":{""value"":0.9374620522161506,""score"":68.7310261080753},""T4_rs_1m"":{""value"":-0.020539597275291976,""score"":29.460402724708025},""T5_rs_3m"":{""value"":-0.056033327717657455,""score"":21.98333614117127},""T6_adr_healthy"":{""value"":7.127303796704402,""score"":100.0},""_score"":47.17},""geometry"":{""sub_low_similarity"":44.1,""sub_bounce_quality"":97.3,""sub_separation_fit"":93.3,""sub_right_bottom_reaction"":96.2,""sub_base_context"":100.0,""_score"":81.11},""compression"":{""VC1_atr_ratio"":{""value"":0.4563983784895414,""score"":100},""VC2_range_contraction"":{""value"":0.9889165473484877,""score"":1.8472421085853896},""VC3_range_pct_rank"":{""score"":3.3333333333333326},""_score"":41.48},""sr_quality"":{""SR1_touches"":{""value"":2,""score"":25.0},""SR2_tightness"":{""value"":0.005950000000000345,""score"":98.79927062537381},""SR3_recency"":{""value"":238,""score"":0.0},""SR4_price_location"":{""score"":2.789303022907217},""SR5_reaction"":{""value"":3.5709086191612185,""score"":100},""_score"":38.02,""_levels_found"":7,""_target_level"":16.834},""volume"":{""V1_rvol_day"":{""value"":1.4573580406931015,""score"":63.8238693795401},""V2_rvol_sameslot"":{""value"":2.257226478839203,""score"":100,""status"":""ok""},""V3_breakout_bar"":{""value"":1.6003956249494518,""score"":73.35970832996345},""V4_base_dryup"":{""value"":0.9347022993511023,""score"":56.529770064889775},""V5_bo_expansion"":{""value"":1.457358040693102,""score"":30.490536046206795},""_score"":66.98},""readiness"":{""_distance_atr"":-1.12,""BR1_atr_distance"":{""score"":37.59983855739502},""BR2_compression"":{""score"":0},""BR3_retest"":{""score"":50.0},""BR4_bo_age"":{""score"":50.0},""_score"":32.54},""risk"":{""R1_stop_clarity"":{""score"":60.49701259108167},""R2_stop_distance_pct"":{""value"":16.747085492227974,""score"":0.0},""R3_stop_distance_atr"":{""value"":2.609063849108822,""score"":100.0},""R4_rr_potential"":{""value"":0.06574494827419511,""score"":0.0},""_score"":36.17},""market"":{""M1_spy_regime"":{""score"":100.0},""M3_earnings_risk"":{""value"":null,""score"":80.0},""M4_vix"":{""value"":null,""score"":60.0},""_score"":84.0},""liquidity"":{""L1_price"":{""value"":15.44,""score"":100.0},""L2_dollar_vol"":{""value"":205763966.25565097,""score"":100.0},""L3_spread_proxy"":{""value"":0.1340673575129534,""score"":0},""L4_volume_zscore"":{""value"":1.7201314034662663,""score"":100.0},""_score"":90.0},""pattern_structure"":{""left_low"":13.05,""left_idx"":43,""right_low"":13.42,""right_idx"":74,""separation_bars"":31,""structural_low"":13.05,""current_price"":15.425,""neckline_distance_pct"":-0.0709886547811994,""base_bars"":31},""pattern_geometry_features"":{""low_similarity_pct"":0.02795617680392892,""bounce_pct"":0.09808429118773941,""right_bottom_reaction"":0.9615384615384613,""atr_pct"":0.06418810140636565},""_schema_version"":""1.0""}",,,,,,,,,,
20260602T213437Z-756d21,2026-06-02T21:34:37.658687+00:00,NBIS,double_bottom,extended,50.0,97.8,77.9,40.2,38.2,10.2,49.0,40.6,84.0,92.7,14.67,19.47,3.22,5.35,1.32,3.92,2.43,5.04,4.63,True,stop_too_wide;price_extended_above_trigger,260.58,233.6,207.244,256.8,"{""trend"":{""T1_ema_stack"":{""value"":[true,true,true],""score"":100.0},""T2_ema50_slope"":{""value"":0.8566708437142514,""score"":100},""T3_high_proximity"":{""value"":0.9851423386639446,""score"":92.57116933197229},""T4_rs_1m"":{""value"":0.6327043145707674,""score"":100},""T5_rs_3m"":{""value"":1.8856008445616759,""score"":100},""T6_adr_healthy"":{""value"":8.855691277693282,""score"":78.60771805766795},""_score"":97.82},""geometry"":{""sub_low_similarity"":70.7,""sub_bounce_quality"":100,""sub_separation_fit"":100.0,""sub_right_bottom_reaction"":11.1,""sub_base_context"":100.0,""_score"":77.88},""compression"":{""VC1_atr_ratio"":{""value"":0.7772415710539589,""score"":55.689607236510284},""VC2_range_contraction"":{""value"":0.8958674102145594,""score"":17.355431630906768},""VC3_range_pct_rank"":{""score"":47.5},""_score"":40.23},""sr_quality"":{""SR1_touches"":{""value"":2,""score"":25.0},""SR2_tightness"":{""value"":3.459949999999992,""score"":70.49417489093535},""SR3_recency"":{""value"":230,""score"":0.0},""SR4_price_location"":{""score"":30.0},""SR5_reaction"":{""value"":1.6891454882358747,""score"":84.45727441179373},""_score"":38.24,""_levels_found"":6,""_target_level"":230.2699},""volume"":{""V1_rvol_day"":{""value"":0.7373735045052613,""score"":15.824900300350752},""V2_rvol_sameslot"":{""value"":0.5310696804098405,""score"":2.0713120273226986,""status"":""ok""},""V3_breakout_bar"":{""value"":0.3880899329304871,""score"":0},""V4_base_dryup"":{""value"":1.1701020589577018,""score"":32.989794104229816},""V5_bo_expansion"":{""value"":0.7373735045052612,""score"":0},""_score"":10.18},""readiness"":{""_distance_atr"":-1.15,""BR1_atr_distance"":{""score"":36.99194608469586},""BR2_compression"":{""score"":66.93203222261},""BR3_retest"":{""score"":50.0},""BR4_bo_age"":{""score"":50.0},""_score"":49.03},""risk"":{""R1_stop_clarity"":{""score"":73.08620527920681},""R2_stop_distance_pct"":{""value"":20.46818635351907,""score"":0.0},""R3_stop_distance_atr"":{""value"":2.274198598270315,""score"":100.0},""R4_rr_potential"":{""value"":-0.07087145642717922,""score"":0.0},""_score"":40.58},""market"":{""M1_spy_regime"":{""score"":100.0},""M3_earnings_risk"":{""value"":null,""score"":80.0},""M4_vix"":{""value"":null,""score"":60.0},""_score"":84.0},""liquidity"":{""L1_price"":{""value"":260.58,""score"":100.0},""L2_dollar_vol"":{""value"":3633651972.530878,""score"":100.0},""L3_spread_proxy"":{""value"":0.07325926778724384,""score"":26.740732212756157},""L4_volume_zscore"":{""value"":-0.675082672416972,""score"":100.0},""_score"":92.67},""pattern_structure"":{""left_low"":213.5,""left_idx"":38,""right_low"":210.4,""right_idx"":62,""separation_bars"":24,""structural_low"":210.4,""current_price"":262.13,""neckline_distance_pct"":-0.10883912562469004,""base_bars"":24},""pattern_geometry_features"":{""low_similarity_pct"":0.014626091059212053,""bounce_pct"":0.11026615969581743,""right_bottom_reaction"":0.1112068965517235,""atr_pct"":0.09000175432825673},""_schema_version"":""1.0""}",,,,,,,,,,
20260602T213437Z-756d21,2026-06-02T21:34:37.658687+00:00,MOD,double_bottom,extended,50.0,100.0,88.3,34.5,38.2,6.5,55.6,38.7,84.0,94.5,15.0,22.07,2.76,5.35,0.84,4.45,2.32,5.04,4.73,True,price_extended_above_trigger,306.89,287.2,262.995,307.4,"{""trend"":{""T1_ema_stack"":{""value"":[true,true,true],""score"":100.0},""T2_ema50_slope"":{""value"":0.3929465669030226,""score"":100},""T3_high_proximity"":{""value"":1.0,""score"":99.99999999999997},""T4_rs_1m"":{""value"":0.09612624409365678,""score"":100},""T5_rs_3m"":{""value"":0.32893969662047606,""score"":100},""T6_adr_healthy"":{""value"":7.068411952323555,""score"":100.0},""_score"":100.0},""geometry"":{""sub_low_similarity"":92.4,""sub_bounce_quality"":65.2,""sub_separation_fit"":100.0,""sub_right_bottom_reaction"":83.5,""sub_base_context"":100.0,""_score"":88.29},""compression"":{""VC1_atr_ratio"":{""value"":0.780493293114366,""score"":54.8766767214085},""VC2_range_contraction"":{""value"":1.388970262332093,""score"":0},""VC3_range_pct_rank"":{""score"":50.0},""_score"":34.45},""sr_quality"":{""SR1_touches"":{""value"":2,""score"":25.0},""SR2_tightness"":{""value"":3.3774999999999977,""score"":72.87186726291},""SR3_recency"":{""value"":235,""score"":0.0},""SR4_price_location"":{""score"":30.0},""SR5_reaction"":{""value"":1.6342119689080667,""score"":81.71059844540333},""_score"":38.19,""_levels_found"":6,""_target_level"":290.6775},""volume"":{""V1_rvol_day"":{""value"":0.7635037293622409,""score"":17.566915290816056},""V2_rvol_sameslot"":{""value"":0.6255292904934372,""score"":8.368619366229147,""status"":""ok""},""V3_breakout_bar"":{""value"":0.5771047651384754,""score"":5.140317675898362},""V4_base_dryup"":{""value"":1.7007798309071154,""score"":0},""V5_bo_expansion"":{""value"":0.7635037293622409,""score"":0},""_score"":6.47},""readiness"":{""_distance_atr"":-0.791,""BR1_atr_distance"":{""score"":44.18496125556469},""BR2_compression"":{""score"":81.86813399915007},""BR3_retest"":{""score"":50.0},""BR4_bo_age"":{""score"":50.0},""_score"":55.64},""risk"":{""R1_stop_clarity"":{""score"":67.83177746497543},""R2_stop_distance_pct"":{""value"":14.303170517123394,""score"":0.0},""R3_stop_distance_atr"":{""value"":1.7628266269349613,""score"":100.0},""R4_rr_potential"":{""value"":0.011618635379883611,""score"":0.0},""_score"":38.74},""market"":{""M1_spy_regime"":{""score"":100.0},""M3_earnings_risk"":{""value"":null,""score"":80.0},""M4_vix"":{""value"":null,""score"":60.0},""_score"":84.0},""liquidity"":{""L1_price"":{""value"":306.89,""score"":100.0},""L2_dollar_vol"":{""value"":328302709.44959337,""score"":100.0},""L3_spread_proxy"":{""value"":0.0546124018377922,""score"":45.3875981622078},""L4_volume_zscore"":{""value"":-0.4842500346947409,""score"":100.0},""_score"":94.54},""pattern_structure"":{""left_low"":267.0,""left_idx"":51,""right_low"":268.02,""right_idx"":63,""separation_bars"":12,""structural_low"":267.0,""current_price"":304.995,""neckline_distance_pct"":-0.05834521877407831,""base_bars"":12},""pattern_geometry_features"":{""low_similarity_pct"":0.003812941572277604,""bounce_pct"":0.07565543071161045,""right_bottom_reaction"":0.8350168350168414,""atr_pct"":0.08113770406334521},""_schema_version"":""1.0""}",,,,,,,,,,
20260602T213437Z-756d21,2026-06-02T21:34:37.658687+00:00,NOK,double_bottom,extended,50.0,100.0,60.8,14.7,38.1,14.9,47.1,35.1,84.0,96.1,15.0,15.2,1.17,5.33,1.94,3.77,2.11,5.04,4.8,True,stop_too_wide;price_extended_above_trigger,16.85,15.825,14.312,17.12,"{""trend"":{""T1_ema_stack"":{""value"":[true,true,true],""score"":100.0},""T2_ema50_slope"":{""value"":0.8225928575606272,""score"":100},""T3_high_proximity"":{""value"":1.0,""score"":99.99999999999997},""T4_rs_1m"":{""value"":0.2129104938158899,""score"":100},""T5_rs_3m"":{""value"":0.9715072853248143,""score"":100},""T6_adr_healthy"":{""value"":5.924561022256526,""score"":100.0},""_score"":100.0},""geometry"":{""sub_low_similarity"":25.7,""sub_bounce_quality"":84.5,""sub_separation_fit"":80.0,""sub_right_bottom_reaction"":27.9,""sub_base_context"":100.0,""_score"":60.8},""compression"":{""VC1_atr_ratio"":{""value"":1.001369049648554,""score"":0},""VC2_range_contraction"":{""value"":0.9271269061831414,""score"":12.145515636143097},""VC3_range_pct_rank"":{""score"":41.666666666666664},""_score"":14.67},""sr_quality"":{""SR1_touches"":{""value"":3,""score"":50.0},""SR2_tightness"":{""value"":0.18587630295441146,""score"":63.68083403542555},""SR3_recency"":{""value"":270,""score"":0.0},""SR4_price_location"":{""score"":30.0},""SR5_reaction"":{""value"":0.8027448243777621,""score"":40.1372412188881},""_score"":38.07,""_levels_found"":3,""_target_level"":8.575},""volume"":{""V1_rvol_day"":{""value"":1.1004971444687661,""score"":40.03314296458441},""V2_rvol_sameslot"":{""value"":0.7386297440130425,""score"":15.908649600869499,""status"":""ok""},""V3_breakout_bar"":{""value"":0.3253913799603484,""score"":0},""V4_base_dryup"":{""value"":1.3653547713293526,""score"":13.464522867064744},""V5_bo_expansion"":{""value"":1.1004971444687657,""score"":6.699809631251045},""_score"":14.89},""readiness"":{""_distance_atr"":-1.001,""BR1_atr_distance"":{""score"":39.97208653175153},""BR2_compression"":{""score"":54.601216509261995},""BR3_retest"":{""score"":50.0},""BR4_bo_age"":{""score"":50.0},""_score"":47.14},""risk"":{""R1_stop_clarity"":{""score"":57.41381716678296},""R2_stop_distance_pct"":{""value"":15.062017804154316,""score"":0.0},""R3_stop_distance_atr"":{""value"":2.479504535938592,""score"":100.0},""R4_rr_potential"":{""value"":0.10638507456805524,""score"":0.0},""_score"":35.09},""market"":{""M1_spy_regime"":{""score"":100.0},""M3_earnings_risk"":{""value"":null,""score"":80.0},""M4_vix"":{""value"":null,""score"":60.0},""_score"":84.0},""liquidity"":{""L1_price"":{""value"":16.85,""score"":100.0},""L2_dollar_vol"":{""value"":2210157140.932423,""score"":100.0},""L3_spread_proxy"":{""value"":0.03916913946587538,""score"":60.830860534124625},""L4_volume_zscore"":{""value"":0.38288654409151124,""score"":100.0},""_score"":96.08},""pattern_structure"":{""left_low"":15.08,""left_idx"":56,""right_low"":14.53,""right_idx"":63,""separation_bars"":7,""structural_low"":14.53,""current_price"":16.855,""neckline_distance_pct"":-0.06110946306733914,""base_bars"":7},""pattern_geometry_features"":{""low_similarity_pct"":0.037149611617696775,""bounce_pct"":0.08912594631796283,""right_bottom_reaction"":0.27941176470588436,""atr_pct"":0.060746078846969066},""_schema_version"":""1.0""}",,,,,,,,,,
20260602T213437Z-756d21,2026-06-02T21:34:37.658687+00:00,LEU,double_bottom,extended,50.0,17.9,70.6,54.4,49.4,42.9,39.5,35.7,84.0,83.2,2.68,17.66,4.35,6.92,5.58,3.16,2.14,5.04,4.16,True,stop_too_wide;price_extended_above_trigger;reversal_trend_cap,199.13,189.27,165.2928,210.73,"{""trend"":{""T1_ema_stack"":{""value"":[true,false,false],""score"":33.33333333333333},""T2_ema50_slope"":{""value"":-0.3393685780985826,""score"":0},""T3_high_proximity"":{""value"":0.8608421234653294,""score"":30.42106173266468},""T4_rs_1m"":{""value"":-0.09035019856547,""score"":0},""T5_rs_3m"":{""value"":-0.10745337966975899,""score"":0},""T6_adr_healthy"":{""value"":7.181429254389528,""score"":100.0},""_score"":17.9},""geometry"":{""sub_low_similarity"":39.1,""sub_bounce_quality"":100,""sub_separation_fit"":60.0,""sub_right_bottom_reaction"":65.9,""sub_base_context"":100.0,""_score"":70.62},""compression"":{""VC1_atr_ratio"":{""value"":0.32740982282075576,""score"":100},""VC2_range_contraction"":{""value"":0.8605701818725412,""score"":23.238303021243134},""VC3_range_pct_rank"":{""score"":25.0},""_score"":54.38},""sr_quality"":{""SR1_touches"":{""value"":3,""score"":50.0},""SR2_tightness"":{""value"":2.8553031366603148,""score"":53.72992591642591},""SR3_recency"":{""value"":255,""score"":0.0},""SR4_price_location"":{""score"":45.344617494061495},""SR5_reaction"":{""value"":2.0750424705002195,""score"":100},""_score"":49.4,""_levels_found"":6,""_target_level"":213.78},""volume"":{""V1_rvol_day"":{""value"":1.5705313313510745,""score"":71.36875542340496},""V2_rvol_sameslot"":{""value"":1.50090387203281,""score"":66.72692480218734,""status"":""ok""},""V3_breakout_bar"":{""value"":0.7169444632476349,""score"":14.462964216508997},""V4_base_dryup"":{""value"":1.202356360401174,""score"":29.7643639598826},""V5_bo_expansion"":{""value"":1.5705313313510745,""score"":38.03542209007163},""_score"":42.89},""readiness"":{""_distance_atr"":-0.799,""BR1_atr_distance"":{""score"":44.02190910637749},""BR2_compression"":{""score"":17.482108032352322},""BR3_retest"":{""score"":50.0},""BR4_bo_age"":{""score"":50.0},""_score"":39.48},""risk"":{""R1_stop_clarity"":{""score"":59.20968408429796},""R2_stop_distance_pct"":{""value"":16.99249234168634,""score"":0.0},""R3_stop_distance_atr"":{""value"":2.7416483685656186,""score"":100.0},""R4_rr_potential"":{""value"":0.3428184702316838,""score"":0.0},""_score"":35.72},""market"":{""M1_spy_regime"":{""score"":100.0},""M3_earnings_risk"":{""value"":null,""score"":80.0},""M4_vix"":{""value"":null,""score"":60.0},""_score"":84.0},""liquidity"":{""L1_price"":{""value"":199.13,""score"":100.0},""L2_dollar_vol"":{""value"":287102298.1553227,""score"":100.0},""L3_spread_proxy"":{""value"":0.0926866870888365,""score"":7.313312911163507},""L4_volume_zscore"":{""value"":2.162991593082201,""score"":70.0},""_score"":83.23},""pattern_structure"":{""left_low"":167.81,""left_idx"":32,""right_low"":173.0,""right_idx"":68,""separation_bars"":36,""structural_low"":167.81,""current_price"":199.81,""neckline_distance_pct"":-0.05275011260697659,""base_bars"":36},""pattern_geometry_features"":{""low_similarity_pct"":0.03045685279187816,""bounce_pct"":0.12788272450986238,""right_bottom_reaction"":0.6594399277326121,""atr_pct"":0.06197910912469242},""_schema_version"":""1.0""}",,,,,,,,,,
20260602T213437Z-756d21,2026-06-02T21:34:37.658687+00:00,CCJ,double_bottom,extended,50.0,38.8,61.1,52.9,60.9,46.8,43.5,27.0,84.0,91.6,5.82,15.28,4.23,8.53,6.08,3.48,1.62,5.04,4.58,True,price_extended_above_trigger;reversal_trend_cap,120.51,113.8,104.2228,121.79,"{""trend"":{""T1_ema_stack"":{""value"":[true,false,true],""score"":66.66666666666666},""T2_ema50_slope"":{""value"":-0.145101473804485,""score"":25.816421032585836},""T3_high_proximity"":{""value"":0.952874199414881,""score"":76.43709970744051},""T4_rs_1m"":{""value"":-0.05475306807390923,""score"":0},""T5_rs_3m"":{""value"":-0.09338094486831383,""score"":3.3095275658430836},""T6_adr_healthy"":{""value"":4.7526235985171645,""score"":100.0},""_score"":38.79},""geometry"":{""sub_low_similarity"":38.5,""sub_bounce_quality"":65.0,""sub_separation_fit"":100.0,""sub_right_bottom_reaction"":10.4,""sub_base_context"":100.0,""_score"":61.11},""compression"":{""VC1_atr_ratio"":{""value"":0.3865463168451742,""score"":100},""VC2_range_contraction"":{""value"":0.793991740163111,""score"":34.33470997281483},""VC3_range_pct_rank"":{""score"":3.3333333333333326},""_score"":52.85},""sr_quality"":{""SR1_touches"":{""value"":3,""score"":50.0},""SR2_tightness"":{""value"":1.0735130284361822,""score"":55.55646189459669},""SR3_recency"":{""value"":261,""score"":0.0},""SR4_price_location"":{""score"":90.36368592741871},""SR5_reaction"":{""value"":2.6293198408462173,""score"":100},""_score"":60.92,""_levels_found"":5,""_target_level"":121.2853},""volume"":{""V1_rvol_day"":{""value"":1.4867009043988813,""score"":65.78006029325874},""V2_rvol_sameslot"":{""value"":1.317337178581279,""score"":54.48914523875194,""status"":""ok""},""V3_breakout_bar"":{""value"":0.8900599512758313,""score"":26.003996751722084},""V4_base_dryup"":{""value"":0.9310513046137178,""score"":56.89486953862822},""V5_bo_expansion"":{""value"":1.4867009043988815,""score"":32.44672695992543},""_score"":46.8},""readiness"":{""_distance_atr"":-1.389,""BR1_atr_distance"":{""score"":32.220538289910024},""BR2_compression"":{""score"":52.59251664604968},""BR3_retest"":{""score"":50.0},""BR4_bo_age"":{""score"":50.0},""_score"":43.54},""risk"":{""R1_stop_clarity"":{""score"":34.29184403402462},""R2_stop_distance_pct"":{""value"":13.515185461787413,""score"":0.0},""R3_stop_distance_atr"":{""value"":3.3714475394298935,""score"":100.0},""R4_rr_potential"":{""value"":0.07858956293765244,""score"":0.0},""_score"":27.0},""market"":{""M1_spy_regime"":{""score"":100.0},""M3_earnings_risk"":{""value"":null,""score"":80.0},""M4_vix"":{""value"":null,""score"":60.0},""_score"":84.0},""liquidity"":{""L1_price"":{""value"":120.51,""score"":100.0},""L2_dollar_vol"":{""value"":578062818.1536566,""score"":100.0},""L3_spread_proxy"":{""value"":0.08381047215998667,""score"":16.189527840013326},""L4_volume_zscore"":{""value"":1.9681448003887445,""score"":100.0},""_score"":91.62},""pattern_structure"":{""left_low"":105.81,""left_idx"":50,""right_low"":109.112,""right_idx"":68,""separation_bars"":18,""structural_low"":105.81,""current_price"":121.0,""neckline_distance_pct"":-0.05950413223140498,""base_bars"":18},""pattern_geometry_features"":{""low_similarity_pct"":0.03072742669433555,""bounce_pct"":0.07551271146394475,""right_bottom_reaction"":0.10433070866142122,""atr_pct"":0.04008718897068411},""_schema_version"":""1.0""}",,,,,,,,,,
20260602T213437Z-756d21,2026-06-02T21:34:37.658687+00:00,COHR,double_bottom,extended,50.0,100.0,72.4,42.7,43.9,36.6,49.9,38.0,84.0,90.0,15.0,18.1,3.42,6.15,4.76,3.99,2.28,5.04,4.5,True,stop_too_wide;price_extended_above_trigger,426.89,393.52,331.6495,450.34,"{""trend"":{""T1_ema_stack"":{""value"":[true,true,true],""score"":100.0},""T2_ema50_slope"":{""value"":0.5928713843724837,""score"":100},""T3_high_proximity"":{""value"":1.0,""score"":99.99999999999997},""T4_rs_1m"":{""value"":0.24156224458887698,""score"":100},""T5_rs_3m"":{""value"":0.40373650609512346,""score"":100},""T6_adr_healthy"":{""value"":7.538679448246595,""score"":100.0},""_score"":100.0},""geometry"":{""sub_low_similarity"":60.0,""sub_bounce_quality"":100,""sub_separation_fit"":0.0,""sub_right_bottom_reaction"":96.0,""sub_base_context"":100.0,""_score"":72.4},""compression"":{""VC1_atr_ratio"":{""value"":0.5015364905980272,""score"":100},""VC2_range_contraction"":{""value"":0.9711433524389674,""score"":4.809441260172095},""VC3_range_pct_rank"":{""score"":4.1666666666666625},""_score"":42.72},""sr_quality"":{""SR1_touches"":{""value"":3,""score"":50.0},""SR2_tightness"":{""value"":7.774529410553112,""score"":47.225709569770856},""SR3_recency"":{""value"":247,""score"":0.0},""SR4_price_location"":{""score"":30.0},""SR5_reaction"":{""value"":1.913893747633761,""score"":95.69468738168806},""_score"":43.94,""_levels_found"":4,""_target_level"":290.7873},""volume"":{""V1_rvol_day"":{""value"":1.3612001734101313,""score"":57.41334489400876},""V2_rvol_sameslot"":{""value"":1.0513213117646056,""score"":36.754754117640374,""status"":""ok""},""V3_breakout_bar"":{""value"":0.504045015013217,""score"":0.2696676675477979},""V4_base_dryup"":{""value"":0.7935194090833457,""score"":70.64805909166543},""V5_bo_expansion"":{""value"":1.3612001734101313,""score"":24.08001156067542},""_score"":36.64},""readiness"":{""_distance_atr"":-1.133,""BR1_atr_distance"":{""score"":37.34810715017339},""BR2_compression"":{""score"":69.92370005265593},""BR3_retest"":{""score"":50.0},""BR4_bo_age"":{""score"":50.0},""_score"":49.92},""risk"":{""R1_stop_clarity"":{""score"":65.71669618278418},""R2_stop_distance_pct"":{""value"":22.310314132446297,""score"":0.0},""R3_stop_distance_atr"":{""value"":3.232510639742149,""score"":100.0},""R4_rr_potential"":{""value"":0.24621878297572974,""score"":0.0},""_score"":38.0},""market"":{""M1_spy_regime"":{""score"":100.0},""M3_earnings_risk"":{""value"":null,""score"":80.0},""M4_vix"":{""value"":null,""score"":60.0},""_score"":84.0},""liquidity"":{""L1_price"":{""value"":426.89,""score"":100.0},""L2_dollar_vol"":{""value"":3877663151.978529,""score"":100.0},""L3_spread_proxy"":{""value"":0.13143877813956767,""score"":0},""L4_volume_zscore"":{""value"":0.9341394318860481,""score"":100.0},""_score"":90.0},""pattern_structure"":{""left_low"":336.7,""left_idx"":20,""right_low"":343.51,""right_idx"":67,""separation_bars"":47,""structural_low"":336.7,""current_price"":420.48,""neckline_distance_pct"":-0.06411719939117208,""base_bars"":47},""pattern_geometry_features"":{""low_similarity_pct"":0.02002322812072743,""bounce_pct"":0.16875556875556874,""right_bottom_reaction"":0.959770114942529,""atr_pct"":0.0690185327099989},""_schema_version"":""1.0""}",,,,,,,,,,
20260602T213437Z-756d21,2026-06-02T21:34:37.658687+00:00,PANW,inverse_head_shoulders,extended,50.0,99.2,66.8,8.5,51.3,65.7,30.1,32.5,84.0,88.4,11.9,18.7,0.68,7.18,9.19,2.41,1.95,4.2,4.42,True,stop_too_wide;price_extended_above_trigger,297.18,259.6999,239.3945,276.3597,"{""trend"":{""T1_ema_stack"":{""value"":[true,true,true],""score"":100.0},""T2_ema50_slope"":{""value"":0.7272571602593237,""score"":100},""T3_high_proximity"":{""value"":0.989017571884984,""score"":94.50878594249195},""T4_rs_1m"":{""value"":0.5871462820937414,""score"":100},""T5_rs_3m"":{""value"":0.7874287070763013,""score"":100},""T6_adr_healthy"":{""value"":4.994625718557686,""score"":100.0},""_score"":99.18},""geometry"":{""sub_head_depth"":60.8,""sub_shoulder_price_sym"":74.2,""sub_shoulder_time_sym"":0,""sub_right_shoulder_reaction"":86.9,""sub_base_context"":100.0,""_score"":66.8},""compression"":{""VC1_atr_ratio"":{""value"":1.0093142927518695,""score"":0},""VC2_range_contraction"":{""value"":1.1915217770277025,""score"":0},""VC3_range_pct_rank"":{""score"":34.166666666666664},""_score"":8.54},""sr_quality"":{""SR1_touches"":{""value"":6,""score"":100},""SR2_tightness"":{""value"":3.7095488650912776,""score"":49.17797152849359},""SR3_recency"":{""value"":247,""score"":0.0},""SR4_price_location"":{""score"":30.0},""SR5_reaction"":{""value"":0.8546697153153824,""score"":42.73348576576912},""_score"":51.29,""_levels_found"":4,""_target_level"":187.9933},""volume"":{""V1_rvol_day"":{""value"":1.998351365176643,""score"":99.89009101177619},""V2_rvol_sameslot"":{""value"":2.632977741599503,""score"":100,""status"":""ok""},""V3_breakout_bar"":{""value"":1.442767862279735,""score"":62.851190818649},""V4_base_dryup"":{""value"":1.625104048234988,""score"":0},""V5_bo_expansion"":{""value"":1.9983513651766425,""score"":66.55675767844284},""_score"":65.67},""readiness"":{""_distance_atr"":-2.567,""BR1_atr_distance"":{""score"":8.651041444953798},""BR2_compression"":{""score"":36.74684065042666},""BR3_retest"":{""score"":50.0},""BR4_bo_age"":{""score"":50.0},""_score"":30.15},""risk"":{""R1_stop_clarity"":{""score"":50.054071272031244},""R2_stop_distance_pct"":{""value"":19.44461319738879,""score"":0.0},""R3_stop_distance_atr"":{""value"":3.958401020282845,""score"":100.0},""R4_rr_potential"":{""value"":-0.36030318089391283,""score"":0.0},""_score"":32.52},""market"":{""M1_spy_regime"":{""score"":100.0},""M3_earnings_risk"":{""value"":null,""score"":80.0},""M4_vix"":{""value"":null,""score"":60.0},""_score"":84.0},""liquidity"":{""L1_price"":{""value"":297.18,""score"":100.0},""L2_dollar_vol"":{""value"":5714378084.250408,""score"":100.0},""L3_spread_proxy"":{""value"":0.04058146577831618,""score"":59.41853422168382},""L4_volume_zscore"":{""value"":2.747316685694675,""score"":70.0},""_score"":88.44},""pattern_structure"":{""left_shoulder"":250.77,""left_shoulder_idx"":64,""head"":243.0401,""head_idx"":70,""right_shoulder"":256.01,""right_shoulder_idx"":82,""left_to_head_bars"":6,""head_to_right_bars"":12,""structural_low"":243.0401,""current_price"":295.845,""neckline_distance_pct"":-0.12217580151768666,""base_bars"":18},""pattern_geometry_features"":{""head_depth_pct"":0.040845731875764596,""shoulder_price_asymmetry"":0.02067958482970907,""shoulder_time_asymmetry"":0.5,""right_shoulder_reaction"":0.8692006707657922,""atr_pct"":0.04912239335467681},""_schema_version"":""1.0""}",,,,,,,,,,
20260602T213437Z-756d21,2026-06-02T21:34:37.658687+00:00,STM,double_bottom,extended,50.0,100.0,59.7,1.2,41.6,40.8,31.1,32.4,84.0,86.2,15.0,14.92,0.1,5.83,5.31,2.49,1.94,5.04,4.31,True,stop_too_wide;price_extended_above_trigger,79.51,70.99,62.8627,78.16,"{""trend"":{""T1_ema_stack"":{""value"":[true,true,true],""score"":100.0},""T2_ema50_slope"":{""value"":0.8514515836347462,""score"":100},""T3_high_proximity"":{""value"":1.0,""score"":99.99999999999997},""T4_rs_1m"":{""value"":0.37218154138998205,""score"":100},""T5_rs_3m"":{""value"":1.3980748664284874,""score"":100},""T6_adr_healthy"":{""value"":4.297341193329138,""score"":100.0},""_score"":100.0},""geometry"":{""sub_low_similarity"":3.1,""sub_bounce_quality"":100,""sub_separation_fit"":73.3,""sub_right_bottom_reaction"":51.7,""sub_base_context"":100.0,""_score"":59.68},""compression"":{""VC1_atr_ratio"":{""value"":1.0772279437578525,""score"":0},""VC2_range_contraction"":{""value"":1.0317296849648196,""score"":0},""VC3_range_pct_rank"":{""score"":5.000000000000004},""_score"":1.25},""sr_quality"":{""SR1_touches"":{""value"":3,""score"":50.0},""SR2_tightness"":{""value"":0.19510680835549116,""score"":90.31384639369901},""SR3_recency"":{""value"":281,""score"":0.0},""SR4_price_location"":{""score"":30.0},""SR5_reaction"":{""value"":0.7413711583924351,""score"":37.06855791962175},""_score"":41.61,""_levels_found"":3,""_target_level"":34.86},""volume"":{""V1_rvol_day"":{""value"":1.6905512943651437,""score"":79.37008629100959},""V2_rvol_sameslot"":{""value"":1.5405938444180376,""score"":69.3729229612025,""status"":""ok""},""V3_breakout_bar"":{""value"":0.6921092027785716,""score"":12.807280185238104},""V4_base_dryup"":{""value"":1.4521826598870884,""score"":4.781734011291164},""V5_bo_expansion"":{""value"":1.690551294365144,""score"":46.03675295767626},""_score"":40.81},""readiness"":{""_distance_atr"":-2.115,""BR1_atr_distance"":{""score"":17.702127659574415},""BR2_compression"":{""score"":25.95181847877992},""BR3_retest"":{""score"":50.0},""BR4_bo_age"":{""score"":50.0},""_score"":31.07},""risk"":{""R1_stop_clarity"":{""score"":52.4744680851062},""R2_stop_distance_pct"":{""value"":20.937366369010196,""score"":0.0},""R3_stop_distance_atr"":{""value"":4.1323085106383,""score"":93.38457446808502},""R4_rr_potential"":{""value"":-0.08109423149699999,""score"":0.0},""_score"":32.37},""market"":{""M1_spy_regime"":{""score"":100.0},""M3_earnings_risk"":{""value"":null,""score"":80.0},""M4_vix"":{""value"":null,""score"":60.0},""_score"":84.0},""liquidity"":{""L1_price"":{""value"":79.51,""score"":100.0},""L2_dollar_vol"":{""value"":1579765757.7996244,""score"":100.0},""L3_spread_proxy"":{""value"":0.06257074581813601,""score"":37.42925418186399},""L4_volume_zscore"":{""value"":2.6931089388475224,""score"":70.0},""_score"":86.24},""pattern_structure"":{""left_low"":63.82,""left_idx"":34,""right_low"":66.99,""right_idx"":68,""separation_bars"":34,""structural_low"":63.82,""current_price"":79.4,""neckline_distance_pct"":-0.10591939546599509,""base_bars"":34},""pattern_geometry_features"":{""low_similarity_pct"":0.04846724256555301,""bounce_pct"":0.11234722657474137,""right_bottom_reaction"":0.5172540983606547,""atr_pct"":0.05066748117936647},""_schema_version"":""1.0""}",,,,,,,,,,
20260602T213437Z-756d21,2026-06-02T21:34:37.658687+00:00,PLTR,double_bottom,forming,49.88,41.1,65.2,33.1,46.8,11.7,34.4,70.4,84.0,93.6,6.17,16.3,2.65,6.55,1.52,2.75,4.23,5.04,4.68,True,reversal_trend_cap,152.17,163.7,147.553,177.6,"{""trend"":{""T1_ema_stack"":{""value"":[true,false,false],""score"":33.33333333333333},""T2_ema50_slope"":{""value"":-0.14730262352110157,""score"":25.44956274648307},""T3_high_proximity"":{""value"":0.9460954986321809,""score"":73.04774931609043},""T4_rs_1m"":{""value"":0.00221587011844937,""score"":52.215870118449374},""T5_rs_3m"":{""value"":-0.08284973912855342,""score"":8.575130435723288},""T6_adr_healthy"":{""value"":4.30314474708748,""score"":100.0},""_score"":41.11},""geometry"":{""sub_low_similarity"":30.9,""sub_bounce_quality"":89.7,""sub_separation_fit"":86.7,""sub_right_bottom_reaction"":33.3,""sub_base_context"":100.0,""_score"":65.21},""compression"":{""VC1_atr_ratio"":{""value"":0.7025813107580836,""score"":74.3546723104791},""VC2_range_contraction"":{""value"":1.229755644341427,""score"":0},""VC3_range_pct_rank"":{""score"":13.33333333333333},""_score"":33.08},""sr_quality"":{""SR1_touches"":{""value"":2,""score"":25.0},""SR2_tightness"":{""value"":0.23499999999999943,""score"":92.97865960691166},""SR3_recency"":{""value"":261,""score"":0.0},""SR4_price_location"":{""score"":41.37620868000897},""SR5_reaction"":{""value"":3.081920261902397,""score"":100},""_score"":46.79,""_levels_found"":6,""_target_level"":156.515},""volume"":{""V1_rvol_day"":{""value"":0.9508401446959749,""score"":30.056009646398323},""V2_rvol_sameslot"":{""value"":0.48322800585363285,""score"":0,""status"":""ok""},""V3_breakout_bar"":{""value"":0.3143664626301936,""score"":0},""V4_base_dryup"":{""value"":1.2147491379956519,""score"":28.525086200434814},""V5_bo_expansion"":{""value"":0.9508401446959752,""score"":0},""_score"":11.72},""readiness"":{""_distance_atr"":1.722,""BR1_atr_distance"":{""score"":0},""BR2_compression"":{""score"":67.49517915424457},""BR3_retest"":{""score"":50.0},""BR4_bo_age"":{""score"":50.0},""_score"":34.37},""risk"":{""R1_stop_clarity"":{""score"":32.86403462438457},""R2_stop_distance_pct"":{""value"":3.0341065913123417,""score"":100.0},""R3_stop_distance_atr"":{""value"":0.6897346509550819,""score"":59.486732547754094},""R4_rr_potential"":{""value"":5.507905566385106,""score"":100.0},""_score"":70.43},""market"":{""M1_spy_regime"":{""score"":100.0},""M3_earnings_risk"":{""value"":null,""score"":80.0},""M4_vix"":{""value"":null,""score"":60.0},""_score"":84.0},""liquidity"":{""L1_price"":{""value"":152.17,""score"":100.0},""L2_dollar_vol"":{""value"":6494527964.353545,""score"":100.0},""L3_spread_proxy"":{""value"":0.06407307616481567,""score"":35.926923835184326},""L4_volume_zscore"":{""value"":-0.11855801307233581,""score"":100.0},""_score"":93.59},""pattern_structure"":{""left_low"":155.0702,""left_idx"":67,""right_low"":149.8,""right_idx"":75,""separation_bars"":8,""structural_low"":149.8,""current_price"":152.4,""neckline_distance_pct"":0.07414698162729648,""base_bars"":8},""pattern_geometry_features"":{""low_similarity_pct"":0.034573402057662496,""bounce_pct"":0.09279038718291038,""right_bottom_reaction"":0.33333333333332954,""atr_pct"":0.04398947605591493},""_schema_version"":""1.0""}",,,,,,,,,,
20260602T213437Z-756d21,2026-06-02T21:34:37.658687+00:00,SNPS,bull_flag,absent,49.79,82.0,31.2,20.3,54.7,49.8,35.8,56.3,84.0,94.4,11.49,9.36,1.83,5.47,6.97,3.22,1.69,5.04,4.72,True,risk_unclear,508.35,534.62,462.3295,595.47,"{""trend"":{""T1_ema_stack"":{""value"":[true,true,true],""score"":100.0},""T2_ema50_slope"":{""value"":0.32234534678705684,""score"":100},""T3_high_proximity"":{""value"":0.9509690212511226,""score"":75.48451062556127},""T4_rs_1m"":{""value"":-0.014478763754029789,""score"":35.521236245970215},""T5_rs_3m"":{""value"":0.08156161410522555,""score"":90.78080705261277},""T6_adr_healthy"":{""value"":3.421448340722176,""score"":100.0},""_score"":82.04},""geometry"":{""sub_pole_impulse"":57.0,""sub_flag_tightness"":0,""sub_flag_shallowness"":0,""sub_flag_drift"":94.1,""sub_flag_duration"":0.0,""_score"":31.21},""compression"":{""VC1_atr_ratio"":{""value"":0.8468486500652842,""score"":38.28783748367895},""VC2_range_contraction"":{""value"":1.5693684090037083,""score"":0},""VC3_range_pct_rank"":{""score"":19.999999999999996},""_score"":20.32},""sr_quality"":{""SR1_touches"":{""value"":3,""score"":50.0},""SR2_tightness"":{""value"":3.980404781202833,""score"":60.01460413723554},""SR3_recency"":{""value"":238,""score"":0.0},""SR4_price_location"":{""score"":62.643528861640775},""SR5_reaction"":{""value"":2.8952978765718744,""score"":100},""_score"":54.66,""_levels_found"":7,""_target_level"":520.3333},""volume"":{""V1_rvol_day"":{""value"":1.1838108823176041,""score"":45.58739215450694},""V2_rvol_sameslot"":{""value"":1.8966819937290949,""score"":93.112132915273,""status"":""ok""},""V3_breakout_bar"":{""value"":1.2046188451255648,""score"":46.974589675037656},""V4_base_dryup"":{""value"":1.0750269408140656,""score"":42.49730591859344},""V5_bo_expansion"":{""value"":1.1838108823176043,""score"":12.254058821173624},""_score"":49.82},""readiness"":{""_distance_atr"":1.319,""BR1_atr_distance"":{""score"":12.034377820455603},""BR2_compression"":{""score"":53.99516098831677},""BR3_retest"":{""score"":50.0},""BR4_bo_age"":{""score"":50.0},""_score"":35.81},""risk"":{""R1_stop_clarity"":{""score"":29.27373111120768},""R2_stop_distance_pct"":{""value"":9.052926133569393,""score"":73.67684666076516},""R3_stop_distance_atr"":{""value"":2.311511028051867,""score"":100.0},""R4_rr_potential"":{""value"":1.8930673362226218,""score"":44.65336681113109},""_score"":56.28},""market"":{""M1_spy_regime"":{""score"":100.0},""M3_earnings_risk"":{""value"":null,""score"":80.0},""M4_vix"":{""value"":null,""score"":60.0},""_score"":84.0},""liquidity"":{""L1_price"":{""value"":508.35,""score"":95.82499999999999},""L2_dollar_vol"":{""value"":1191862962.7372265,""score"":100.0},""L3_spread_proxy"":{""value"":0.045421461591423296,""score"":54.578538408576705},""L4_volume_zscore"":{""value"":0.427475068766354,""score"":100.0},""_score"":94.41},""pattern_structure"":{""pole_low"":473.77,""pole_low_idx"":6,""peak_price"":534.62,""peak_idx"":30,""pole_gain"":0.1284378495894633,""flag_bars"":29,""flag_low"":469.37,""flag_high"":532.28,""structural_low"":469.37,""current_price"":505.06,""neckline_distance_pct"":0.05852769967924604,""base_bars"":29},""pattern_geometry_features"":{""pole_gain"":0.1284378495894633,""pullback_pct"":0.12204930604915641,""flag_range_pct"":0.11767236541842799,""flag_drift_per_bar"":-0.001173186466261931,""atr_pct"":0.0391645379308407,""pole_atr_multiple"":3.2794424848383823},""_schema_version"":""1.0""}",,,,,,,,,,
20260602T213437Z-756d21,2026-06-02T21:34:37.658687+00:00,ONTO,bull_flag,absent,49.78,69.3,28.8,44.4,44.9,52.8,51.0,41.3,84.0,93.9,9.7,8.64,3.99,4.49,7.4,4.59,1.24,5.04,4.69,False,,278.02,284.69,246.5061,322.185,"{""trend"":{""T1_ema_stack"":{""value"":[true,true,true],""score"":100.0},""T2_ema50_slope"":{""value"":0.1958184774094315,""score"":82.63641290157193},""T3_high_proximity"":{""value"":0.9030728253102058,""score"":51.53641265510289},""T4_rs_1m"":{""value"":-0.10487393037445092,""score"":0},""T5_rs_3m"":{""value"":0.22338253352952897,""score"":100},""T6_adr_healthy"":{""value"":5.008805882328253,""score"":100.0},""_score"":69.26},""geometry"":{""sub_pole_impulse"":46.0,""sub_flag_tightness"":0,""sub_flag_shallowness"":0,""sub_flag_drift"":100,""sub_flag_duration"":0.0,""_score"":28.8},""compression"":{""VC1_atr_ratio"":{""value"":0.5190685833340656,""score"":100},""VC2_range_contraction"":{""value"":1.0227752067906084,""score"":0},""VC3_range_pct_rank"":{""score"":17.500000000000004},""_score"":44.38},""sr_quality"":{""SR1_touches"":{""value"":2,""score"":25.0},""SR2_tightness"":{""value"":3.1500000000000057,""score"":57.57575757575748},""SR3_recency"":{""value"":242,""score"":0.0},""SR4_price_location"":{""score"":55.08414469017985},""SR5_reaction"":{""value"":2.8353535353535357,""score"":100},""_score"":44.91,""_levels_found"":7,""_target_level"":312.85},""volume"":{""V1_rvol_day"":{""value"":1.470815718557632,""score"":64.72104790384213},""V2_rvol_sameslot"":{""value"":1.9570969968480476,""score"":97.13979978986984,""status"":""ok""},""V3_breakout_bar"":{""value"":1.4457155465050748,""score"":63.047703100338325},""V4_base_dryup"":{""value"":1.5275810148501183,""score"":0},""V5_bo_expansion"":{""value"":1.4708157185576323,""score"":31.38771457050882},""_score"":52.84},""readiness"":{""_distance_atr"":0.449,""BR1_atr_distance"":{""score"":70.05611672278332},""BR2_compression"":{""score"":21.96865054528585},""BR3_retest"":{""score"":50.0},""BR4_bo_age"":{""score"":50.0},""_score"":51.01},""risk"":{""R1_stop_clarity"":{""score"":49.44242424242401},""R2_stop_distance_pct"":{""value"":11.335119775555718,""score"":16.62200561110705},""R3_stop_distance_atr"":{""value"":2.1221481481481494,""score"":100.0},""R4_rr_potential"":{""value"":1.4014450766169853,""score"":20.072253830849263},""_score"":41.31},""market"":{""M1_spy_regime"":{""score"":100.0},""M3_earnings_risk"":{""value"":null,""score"":80.0},""M4_vix"":{""value"":null,""score"":60.0},""_score"":84.0},""liquidity"":{""L1_price"":{""value"":278.02,""score"":100.0},""L2_dollar_vol"":{""value"":547285127.319788,""score"":100.0},""L3_spread_proxy"":{""value"":0.06136249190705706,""score"":38.63750809294294},""L4_volume_zscore"":{""value"":0.6672122835176411,""score"":100.0},""_score"":93.86},""pattern_structure"":{""pole_low"":247.195,""pole_low_idx"":5,""peak_price"":284.69,""peak_idx"":30,""pole_gain"":0.15168187058799734,""flag_bars"":29,""flag_low"":250.26,""flag_high"":276.8499,""structural_low"":250.26,""current_price"":275.35,""neckline_distance_pct"":0.03392046486290167,""base_bars"":29},""pattern_geometry_features"":{""pole_gain"":0.15168187058799734,""pullback_pct"":0.12093856475464543,""flag_range_pct"":0.09339948716147388,""flag_drift_per_bar"":0.0006834427477433484,""atr_pct"":0.05341342349471259,""pole_atr_multiple"":2.839770616893942},""_schema_version"":""1.0""}",,,,,,,,,,
20260602T213437Z-756d21,2026-06-02T21:34:37.658687+00:00,EA,vcp,setup,49.78,44.1,50.9,48.8,44.5,23.9,60.3,38.0,84.0,99.5,6.61,12.73,5.85,5.34,3.11,4.22,1.9,5.04,4.98,True,risk_unclear,202.01,201.95,197.3546,206.72,"{""trend"":{""T1_ema_stack"":{""value"":[true,false,true],""score"":66.66666666666666},""T2_ema50_slope"":{""value"":-0.01533863219411551,""score"":47.44356130098075},""T3_high_proximity"":{""value"":0.9894690438871473,""score"":94.73452194357363},""T4_rs_1m"":{""value"":-0.05440266264644722,""score"":0},""T5_rs_3m"":{""value"":-0.11254683706885693,""score"":0},""T6_adr_healthy"":{""value"":0.4556088399333467,""score"":73.89022099833366},""_score"":44.06},""geometry"":{""sub_contraction_count"":100.0,""sub_reduction_rate"":3.7,""sub_pivot_tightness"":100,""sub_volume_dryup"":0,""sub_base_depth"":0.0,""sub_base_duration"":100.0,""_score"":50.92},""compression"":{""VC1_atr_ratio"":{""value"":0.40330938449743126,""score"":100},""VC2_range_contraction"":{""value"":1.0045304279495868,""score"":0},""VC3_range_pct_rank"":{""score"":35.0},""_score"":48.75},""sr_quality"":{""SR1_touches"":{""value"":4,""score"":75.0},""SR2_tightness"":{""value"":0.27372431386341817,""score"":41.77184586381225},""SR3_recency"":{""value"":247,""score"":0.0},""SR4_price_location"":{""score"":2.9991431019700676},""SR5_reaction"":{""value"":2.4224121557454934,""score"":100},""_score"":44.52,""_levels_found"":6,""_target_level"":203.425},""volume"":{""V1_rvol_day"":{""value"":0.837905310927543,""score"":22.527020728502865},""V2_rvol_sameslot"":{""value"":1.0896751558682318,""score"":39.31167705788212,""status"":""ok""},""V3_breakout_bar"":{""value"":0.9739886672773617,""score"":31.599244485157445},""V4_base_dryup"":{""value"":1.318439914999394,""score"":18.156008500060608},""V5_bo_expansion"":{""value"":0.8379053109275431,""score"":0},""_score"":23.9},""readiness"":{""_distance_atr"":-0.064,""BR1_atr_distance"":{""score"":100.0},""BR2_compression"":{""score"":11.286684456890535},""BR3_retest"":{""score"":50.0},""BR4_bo_age"":{""score"":50.0},""_score"":60.32},""risk"":{""R1_stop_clarity"":{""score"":0},""R2_stop_distance_pct"":{""value"":2.304539379238645,""score"":100.0},""R3_stop_distance_atr"":{""value"":4.951612535612523,""score"":52.419373219373846},""R4_rr_potential"":{""value"":1.01172831550458,""score"":0.5864157752289989},""_score"":37.98},""market"":{""M1_spy_regime"":{""score"":100.0},""M3_earnings_risk"":{""value"":null,""score"":80.0},""M4_vix"":{""value"":null,""score"":60.0},""_score"":84.0},""liquidity"":{""L1_price"":{""value"":202.01,""score"":100.0},""L2_dollar_vol"":{""value"":345993995.9018013,""score"":100.0},""L3_spread_proxy"":{""value"":0.00475223998811944,""score"":95.24776001188056},""L4_volume_zscore"":{""value"":-0.3720746165417025,""score"":100.0},""_score"":99.52},""pattern_structure"":{""n_contractions"":5,""contractions_pct"":[2.08,2.41,1.06,2.06,0.79],""descending_strict"":false,""final_low"":200.36,""final_pivot"":201.95,""structural_low"":200.36,""dry_up_ratio"":1.1238720675909224,""current_price"":202.01,""neckline_distance_pct"":-0.00029701499925747376,""base_bars"":74,""recent_base_height"":4.77000000000001},""pattern_geometry_features"":{""contraction_count"":5.0,""first_contraction_pct"":0.020801573641504745,""last_contraction_pct"":0.007873235949492326,""dry_up_ratio"":1.1238720675909224,""near_monotone"":0.0,""base_depth_pct"":0.01470371281042528},""_schema_version"":""1.0""}",,,,,,,,,,
20260602T213437Z-756d21,2026-06-02T21:34:37.658687+00:00,ROP,bull_flag,forming,49.63,22.3,57.9,42.4,71.0,17.9,43.1,65.8,84.0,96.6,3.12,17.37,3.81,7.1,2.51,3.88,1.98,5.04,4.83,True,risk_unclear;trend_floor,336.5,347.08,324.3014,382.35,"{""trend"":{""T1_ema_stack"":{""value"":[true,false,false],""score"":33.33333333333333},""T2_ema50_slope"":{""value"":-0.29241133045525725,""score"":1.2647782574571238},""T3_high_proximity"":{""value"":0.9156462585034013,""score"":57.823129251700635},""T4_rs_1m"":{""value"":-0.11463992989566985,""score"":0},""T5_rs_3m"":{""value"":-0.1712481690560943,""score"":0},""T6_adr_healthy"":{""value"":2.9469719702946096,""score"":100.0},""_score"":22.26},""geometry"":{""sub_pole_impulse"":60.7,""sub_flag_tightness"":51.5,""sub_flag_shallowness"":9.1,""sub_flag_drift"":100,""sub_flag_duration"":100.0,""_score"":57.91},""compression"":{""VC1_atr_ratio"":{""value"":0.6263776826625924,""score"":93.4055793343519},""VC2_range_contraction"":{""value"":1.0473394393167612,""score"":0},""VC3_range_pct_rank"":{""score"":19.999999999999996},""_score"":42.36},""sr_quality"":{""SR1_touches"":{""value"":7,""score"":100},""SR2_tightness"":{""value"":2.8914527628152373,""score"":47.89333582269298},""SR3_recency"":{""value"":232,""score"":0.0},""SR4_price_location"":{""score"":75.90128957039374},""SR5_reaction"":{""value"":1.9777943541717484,""score"":98.88971770858743},""_score"":70.99,""_levels_found"":4,""_target_level"":343.8142},""volume"":{""V1_rvol_day"":{""value"":0.9059173750168755,""score"":27.06115833445837},""V2_rvol_sameslot"":{""value"":0.5856801544028549,""score"":5.712010293523662,""status"":""ok""},""V3_breakout_bar"":{""value"":0.5825486893785833,""score"":5.5032459585722195},""V4_base_dryup"":{""value"":1.0013804770007755,""score"":49.86195229992245},""V5_bo_expansion"":{""value"":0.9059173750168755,""score"":0},""_score"":17.9},""readiness"":{""_distance_atr"":0.953,""BR1_atr_distance"":{""score"":36.44619133034585},""BR2_compression"":{""score"":43.95945914636174},""BR3_retest"":{""score"":50.0},""BR4_bo_age"":{""score"":50.0},""_score"":43.07},""risk"":{""R1_stop_clarity"":{""score"":11.0018413527538},""R2_stop_distance_pct"":{""value"":3.6251411589895985,""score"":100.0},""R3_stop_distance_atr"":{""value"":1.099150506291556,""score"":79.95752531457781},""R4_rr_potential"":{""value"":3.758628039283194,""score"":100.0},""_score"":65.84},""market"":{""M1_spy_regime"":{""score"":100.0},""M3_earnings_risk"":{""value"":null,""score"":80.0},""M4_vix"":{""value"":null,""score"":60.0},""_score"":84.0},""liquidity"":{""L1_price"":{""value"":336.5,""score"":100.0},""L2_dollar_vol"":{""value"":346751232.3678795,""score"":100.0},""L3_spread_proxy"":{""value"":0.03393759286775636,""score"":66.06240713224364},""L4_volume_zscore"":{""value"":-0.4015874035524352,""score"":100.0},""_score"":96.61},""pattern_structure"":{""pole_low"":311.81,""pole_low_idx"":36,""peak_price"":347.08,""peak_idx"":53,""pole_gain"":0.11311375517141843,""flag_bars"":6,""flag_low"":329.24,""flag_high"":340.66,""structural_low"":329.24,""current_price"":334.96,""neckline_distance_pct"":0.036183424886553635,""base_bars"":6},""pattern_geometry_features"":{""pole_gain"":0.11311375517141843,""pullback_pct"":0.05140025354385149,""flag_range_pct"":0.03290307710038037,""flag_drift_per_bar"":0.0022190282848271584,""atr_pct"":0.03298129908724264,""pole_atr_multiple"":3.4296331042694277},""_schema_version"":""1.0""}",,,,,,,,,,
20260602T213437Z-756d21,2026-06-02T21:34:37.658687+00:00,QCOM,ascending_triangle,absent,49.11,96.9,45.1,2.3,39.4,4.7,36.2,78.9,84.0,92.0,14.53,12.63,0.18,5.51,0.57,2.9,3.16,5.04,4.6,False,,240.84,259.92,220.8173,295.66,"{""trend"":{""T1_ema_stack"":{""value"":[true,true,true],""score"":100.0},""T2_ema50_slope"":{""value"":0.8816600949553394,""score"":100},""T3_high_proximity"":{""value"":0.9594454625129472,""score"":79.72273125647355},""T4_rs_1m"":{""value"":0.30659429656608506,""score"":100},""T5_rs_3m"":{""value"":0.6271020050593172,""score"":100},""T6_adr_healthy"":{""value"":8.069454242570853,""score"":98.26364393572868},""_score"":96.87},""geometry"":{""sub_flat_top_quality"":33.3,""sub_hl_slope"":67.0,""sub_compression"":0,""sub_duration"":100.0,""_score"":45.09},""compression"":{""VC1_atr_ratio"":{""value"":1.1510713884644113,""score"":0},""VC2_range_contraction"":{""value"":1.029281019900648,""score"":0},""VC3_range_pct_rank"":{""score"":9.166666666666668},""_score"":2.29},""sr_quality"":{""SR1_touches"":{""value"":2,""score"":25.0},""SR2_tightness"":{""value"":3.285000000000011,""score"":62.34573233211231},""SR3_recency"":{""value"":232,""score"":0.0},""SR4_price_location"":{""score"":30.0},""SR5_reaction"":{""value"":2.4776164250879433,""score"":100},""_score"":39.35,""_levels_found"":4,""_target_level"":187.735},""volume"":{""V1_rvol_day"":{""value"":0.6374446776982753,""score"":9.162978513218352},""V2_rvol_sameslot"":{""value"":0.6098010396166581,""score"":7.3200693077772065,""status"":""ok""},""V3_breakout_bar"":{""value"":0.586273991382894,""score"":5.751599425526269},""V4_base_dryup"":{""value"":1.852183853189126,""score"":0},""V5_bo_expansion"":{""value"":0.6374446776982755,""score"":0},""_score"":4.73},""readiness"":{""_distance_atr"":1.094,""BR1_atr_distance"":{""score"":27.09858679824505},""BR2_compression"":{""score"":31.450544642938418},""BR3_retest"":{""score"":50.0},""BR4_bo_age"":{""score"":50.0},""_score"":36.2},""risk"":{""R1_stop_clarity"":{""score"":61.455097142525084},""R2_stop_distance_pct"":{""value"":8.313693738581625,""score"":92.15765653545938},""R3_stop_distance_atr"":{""value"":1.147549627448724,""score"":82.37748137243621},""R4_rr_potential"":{""value"":2.7378924920215586,""score"":86.89462460107794},""_score"":78.89},""market"":{""M1_spy_regime"":{""score"":100.0},""M3_earnings_risk"":{""value"":null,""score"":80.0},""M4_vix"":{""value"":null,""score"":60.0},""_score"":84.0},""liquidity"":{""L1_price"":{""value"":240.84,""score"":100.0},""L2_dollar_vol"":{""value"":4440308582.624319,""score"":100.0},""L3_spread_proxy"":{""value"":0.07945939212755357,""score"":20.54060787244643},""L4_volume_zscore"":{""value"":-1.182300651067499,""score"":100.0},""_score"":92.05},""pattern_structure"":{""top"":259.92,""top_touches"":2,""low_slope_per_bar"":0.45045741710296816,""lowest_low"":224.18,""structural_low"":224.18,""current_price"":242.54,""neckline_distance_pct"":0.07165828316978652,""base_bars"":41},""pattern_geometry_features"":{""top_touches"":2.0,""low_slope"":0.45045741710296816,""compression"":-0.2267990790712351,""atr_pct"":0.07244735687000262},""_schema_version"":""1.0""}",,,,,,,,,,
20260602T213437Z-756d21,2026-06-02T21:34:37.658687+00:00,JCI,vcp,absent,49.1,54.0,38.4,36.6,60.0,34.0,41.2,53.1,84.0,96.0,8.1,9.6,4.4,7.2,4.43,2.89,2.65,5.04,4.8,True,risk_unclear,141.99,145.88,131.6009,159.595,"{""trend"":{""T1_ema_stack"":{""value"":[true,true,true],""score"":100.0},""T2_ema50_slope"":{""value"":0.030989591223736856,""score"":55.16493187062281},""T3_high_proximity"":{""value"":0.9723344518249675,""score"":86.16722591248372},""T4_rs_1m"":{""value"":-0.07530539329643193,""score"":0},""T5_rs_3m"":{""value"":-0.09920680419103367,""score"":0.39659790448316556},""T6_adr_healthy"":{""value"":2.93663964228666,""score"":100.0},""_score"":54.02},""geometry"":{""sub_contraction_count"":100.0,""sub_reduction_rate"":0,""sub_pivot_tightness"":22.7,""sub_volume_dryup"":0,""sub_base_depth"":0.0,""sub_base_duration"":100.0,""_score"":38.41},""compression"":{""VC1_atr_ratio"":{""value"":0.654500616305339,""score"":86.37484592366526},""VC2_range_contraction"":{""value"":1.0608812924302626,""score"":0},""VC3_range_pct_rank"":{""score"":8.333333333333337},""_score"":36.63},""sr_quality"":{""SR1_touches"":{""value"":3,""score"":50.0},""SR2_tightness"":{""value"":0.8038380157441886,""score"":61.189275858187344},""SR3_recency"":{""value"":228,""score"":0.0},""SR4_price_location"":{""score"":86.52184552830231},""SR5_reaction"":{""value"":1.8886219979802095,""score"":94.43109989901048},""_score"":59.97,""_levels_found"":8,""_target_level"":142.5867},""volume"":{""V1_rvol_day"":{""value"":1.1128423743714826,""score"":40.85615829143217},""V2_rvol_sameslot"":{""value"":0.7612388168684359,""score"":17.41592112456239,""status"":""ok""},""V3_breakout_bar"":{""value"":0.7938088344039558,""score"":19.587255626930386},""V4_base_dryup"":{""value"":0.6813924707861484,""score"":81.86075292138516},""V5_bo_expansion"":{""value"":1.1128423743714824,""score"":7.522824958098824},""_score"":34.05},""readiness"":{""_distance_atr"":0.939,""BR1_atr_distance"":{""score"":37.39463509038774},""BR2_compression"":{""score"":35.123070067069975},""BR3_retest"":{""score"":50.0},""BR4_bo_age"":{""score"":50.0},""_score"":41.24},""risk"":{""R1_stop_clarity"":{""score"":3.2397069296414003},""R2_stop_distance_pct"":{""value"":7.316765265159532,""score"":100.0},""R3_stop_distance_atr"":{""value"":2.5080147742223655,""score"":100.0},""R4_rr_potential"":{""value"":1.6945685732367854,""score"":34.728428661839274},""_score"":53.08},""market"":{""M1_spy_regime"":{""score"":100.0},""M3_earnings_risk"":{""value"":null,""score"":80.0},""M4_vix"":{""value"":null,""score"":60.0},""_score"":84.0},""liquidity"":{""L1_price"":{""value"":141.99,""score"":100.0},""L2_dollar_vol"":{""value"":604374841.9683213,""score"":100.0},""L3_spread_proxy"":{""value"":0.040143672089583894,""score"":59.856327910416105},""L4_volume_zscore"":{""value"":0.35749008696602275,""score"":100.0},""_score"":95.99},""pattern_structure"":{""n_contractions"":5,""contractions_pct"":[5.26,9.01,5.62,6.73,8.41],""descending_strict"":false,""final_low"":133.605,""final_pivot"":145.88,""structural_low"":133.605,""dry_up_ratio"":1.007385683929732,""current_price"":141.99,""neckline_distance_pct"":0.027396295513768477,""base_bars"":43,""recent_base_height"":13.715000000000003},""pattern_geometry_features"":{""contraction_count"":5.0,""first_contraction_pct"":0.052639344867018274,""last_contraction_pct"":0.0841445023306828,""dry_up_ratio"":1.007385683929732,""near_monotone"":0.0,""base_depth_pct"":0.014312589914788431},""_schema_version"":""1.0""}",,,,,,,,,,
20260602T213437Z-756d21,2026-06-02T21:34:37.658687+00:00,TDG,ascending_triangle,absent,48.96,48.8,36.7,69.6,51.5,31.6,47.8,57.5,84.0,72.9,7.32,10.27,5.57,7.21,3.79,3.82,2.3,5.04,3.65,True,risk_unclear,1246.98,1285.0,1206.1325,1345.5,"{""trend"":{""T1_ema_stack"":{""value"":[true,false,false],""score"":33.33333333333333},""T2_ema50_slope"":{""value"":-0.026920858181802135,""score"":45.51319030303298},""T3_high_proximity"":{""value"":0.9481872376665248,""score"":74.09361883326238},""T4_rs_1m"":{""value"":0.02614392170541957,""score"":76.14392170541957},""T5_rs_3m"":{""value"":-0.17630671658733377,""score"":0},""T6_adr_healthy"":{""value"":2.7408400645499227,""score"":100.0},""_score"":48.78},""geometry"":{""sub_flat_top_quality"":33.3,""sub_hl_slope"":18.6,""sub_compression"":24.4,""sub_duration"":100.0,""_score"":36.67},""compression"":{""VC1_atr_ratio"":{""value"":0.3715352088651386,""score"":100},""VC2_range_contraction"":{""value"":0.7604649513960046,""score"":39.92250810066591},""VC3_range_pct_rank"":{""score"":62.5},""_score"":69.6},""sr_quality"":{""SR1_touches"":{""value"":4,""score"":75.0},""SR2_tightness"":{""value"":6.761095972547611,""score"":57.44536269849658},""SR3_recency"":{""value"":240,""score"":0.0},""SR4_price_location"":{""score"":21.51394422310773},""SR5_reaction"":{""value"":2.863593449698225,""score"":100},""_score"":51.5,""_levels_found"":5,""_target_level"":1267.1725},""volume"":{""V1_rvol_day"":{""value"":0.9423101521541639,""score"":29.48734347694426},""V2_rvol_sameslot"":{""value"":1.0092914651059426,""score"":33.95276434039617,""status"":""ok""},""V3_breakout_bar"":{""value"":1.1250178719000798,""score"":41.667858126671995},""V4_base_dryup"":{""value"":1.0771204605715505,""score"":42.28795394284495},""V5_bo_expansion"":{""value"":0.9423101521541639,""score"":0},""_score"":31.56},""readiness"":{""_distance_atr"":1.196,""BR1_atr_distance"":{""score"":20.233479070429595},""BR2_compression"":{""score"":88.81997144445097},""BR3_retest"":{""score"":50.0},""BR4_bo_age"":{""score"":50.0},""_score"":47.8},""risk"":{""R1_stop_clarity"":{""score"":0},""R2_stop_distance_pct"":{""value"":3.275714125326796,""score"":100.0},""R3_stop_distance_atr"":{""value"":1.2854798646780516,""score"":89.27399323390259},""R4_rr_potential"":{""value"":2.4118979129689646,""score"":70.59489564844823},""_score"":57.51},""market"":{""M1_spy_regime"":{""score"":100.0},""M3_earnings_risk"":{""value"":null,""score"":80.0},""M4_vix"":{""value"":null,""score"":60.0},""_score"":84.0},""liquidity"":{""L1_price"":{""value"":1246.98,""score"":0.0},""L2_dollar_vol"":{""value"":495974161.89706975,""score"":100.0},""L3_spread_proxy"":{""value"":0.02095462637732771,""score"":79.04537362267229},""L4_volume_zscore"":{""value"":-0.2666816494068894,""score"":100.0},""_score"":72.9},""pattern_structure"":{""top"":1285.0,""top_touches"":2,""low_slope_per_bar"":0.6820152603231449,""lowest_low"":1224.5,""structural_low"":1224.5,""current_price"":1244.55,""neckline_distance_pct"":0.03250170744445787,""base_bars"":34},""pattern_geometry_features"":{""top_touches"":2.0,""low_slope"":0.6820152603231449,""compression"":0.1221607065832081,""atr_pct"":0.02548242267604245},""_schema_version"":""1.0""}",,,,,,,,,,
20260602T213437Z-756d21,2026-06-02T21:34:37.658687+00:00,ADSK,vcp,forming,48.92,20.7,50.2,50.1,60.8,27.2,43.0,70.7,84.0,96.8,3.1,12.56,6.01,7.29,3.53,3.01,3.54,5.04,4.84,True,trend_floor,236.66,251.16,229.6971,281.02,"{""trend"":{""T1_ema_stack"":{""value"":[false,false,false],""score"":0.0},""T2_ema50_slope"":{""value"":-0.046092850913767115,""score"":42.317858181038815},""T3_high_proximity"":{""value"":0.8960321066182039,""score"":48.01605330910191},""T4_rs_1m"":{""value"":-0.08547804967297357,""score"":0},""T5_rs_3m"":{""value"":-0.18253445090386355,""score"":0},""T6_adr_healthy"":{""value"":3.575771473903027,""score"":100.0},""_score"":20.67},""geometry"":{""sub_contraction_count"":100.0,""sub_reduction_rate"":16.1,""sub_pivot_tightness"":40.7,""sub_volume_dryup"":0,""sub_base_depth"":51.0,""sub_base_duration"":100.0,""_score"":50.23},""compression"":{""VC1_atr_ratio"":{""value"":0.601341867690983,""score"":99.66453307725426},""VC2_range_contraction"":{""value"":1.3059962700369794,""score"":0},""VC3_range_pct_rank"":{""score"":40.833333333333336},""_score"":50.07},""sr_quality"":{""SR1_touches"":{""value"":5,""score"":100},""SR2_tightness"":{""value"":2.885005372611979,""score"":45.97729523631685},""SR3_recency"":{""value"":232,""score"":0.0},""SR4_price_location"":{""score"":35.572384283628274},""SR5_reaction"":{""value"":2.3478748077308906,""score"":100},""_score"":60.79,""_levels_found"":6,""_target_level"":249.308},""volume"":{""V1_rvol_day"":{""value"":0.9819545896965507,""score"":32.13030597977004},""V2_rvol_sameslot"":{""value"":0.8630505298066367,""score"":24.20336865377578,""status"":""ok""},""V3_breakout_bar"":{""value"":0.7384063755804589,""score"":15.89375837203059},""V4_base_dryup"":{""value"":0.904047152717759,""score"":59.595284728224094},""V5_bo_expansion"":{""value"":0.9819545896965505,""score"":0},""_score"":27.16},""readiness"":{""_distance_atr"":1.358,""BR1_atr_distance"":{""score"":9.49419291557993},""BR2_compression"":{""score"":86.97209594530779},""BR3_retest"":{""score"":50.0},""BR4_bo_age"":{""score"":50.0},""_score"":43.04},""risk"":{""R1_stop_clarity"":{""score"":34.50016719053016},""R2_stop_distance_pct"":{""value"":2.9421638637708156,""score"":100.0},""R3_stop_distance_atr"":{""value"":0.6519156690965036,""score"":57.59578345482518},""R4_rr_potential"":{""value"":6.370885798712453,""score"":100.0},""_score"":70.71},""market"":{""M1_spy_regime"":{""score"":100.0},""M3_earnings_risk"":{""value"":null,""score"":80.0},""M4_vix"":{""value"":null,""score"":60.0},""_score"":84.0},""liquidity"":{""L1_price"":{""value"":236.66,""score"":100.0},""L2_dollar_vol"":{""value"":556710014.0539883,""score"":100.0},""L3_spread_proxy"":{""value"":0.03150088734893946,""score"":68.49911265106054},""L4_volume_zscore"":{""value"":-0.03091314520766642,""score"":100.0},""_score"":96.85},""pattern_structure"":{""n_contractions"":5,""contractions_pct"":[11.62,12.54,9.53,11.7,7.15],""descending_strict"":false,""final_low"":233.195,""final_pivot"":251.16,""structural_low"":233.195,""dry_up_ratio"":1.6718116363744715,""current_price"":236.66,""neckline_distance_pct"":0.06126933153046565,""base_bars"":45,""recent_base_height"":29.859999999999985},""pattern_geometry_features"":{""contraction_count"":5.0,""first_contraction_pct"":0.11623424187516858,""last_contraction_pct"":0.07152810957158785,""dry_up_ratio"":1.6718116363744715,""near_monotone"":0.0,""base_depth_pct"":0.10098693087628666},""_schema_version"":""1.0""}",,,,,,,,,,
20260602T213437Z-756d21,2026-06-02T21:34:37.658687+00:00,HWM,vcp,absent,48.84,56.6,36.4,63.3,44.1,32.4,22.4,54.0,84.0,97.0,8.49,9.11,7.59,5.29,4.21,1.57,2.7,5.04,4.85,True,risk_unclear,250.72,276.67,247.0872,332.8299,"{""trend"":{""T1_ema_stack"":{""value"":[false,true,true],""score"":66.66666666666666},""T2_ema50_slope"":{""value"":0.2283166212345537,""score"":88.05277020575895},""T3_high_proximity"":{""value"":0.9164412603260472,""score"":58.22063016302359},""T4_rs_1m"":{""value"":-0.007202908139166908,""score"":42.79709186083309},""T5_rs_3m"":{""value"":-0.14784361911070254,""score"":0},""T6_adr_healthy"":{""value"":2.8221729737848062,""score"":100.0},""_score"":56.57},""geometry"":{""sub_contraction_count"":100.0,""sub_reduction_rate"":0,""sub_pivot_tightness"":9.6,""sub_volume_dryup"":0,""sub_base_depth"":0.0,""sub_base_duration"":100.0,""_score"":36.44},""compression"":{""VC1_atr_ratio"":{""value"":0.4374571142894877,""score"":100},""VC2_range_contraction"":{""value"":0.7690415723176167,""score"":38.49307128039722},""VC3_range_pct_rank"":{""score"":39.16666666666667},""_score"":63.26},""sr_quality"":{""SR1_touches"":{""value"":2,""score"":25.0},""SR2_tightness"":{""value"":1.5600000000000023,""score"":59.566787003610045},""SR3_recency"":{""value"":257,""score"":0.0},""SR4_price_location"":{""score"":50.54332378599388},""SR5_reaction"":{""value"":2.26853651763399,""score"":100},""_score"":44.07,""_levels_found"":6,""_target_level"":258.26},""volume"":{""V1_rvol_day"":{""value"":1.028604616264573,""score"":35.24030775097153},""V2_rvol_sameslot"":{""value"":1.155537505060436,""score"":43.7025003373624,""status"":""ok""},""V3_breakout_bar"":{""value"":1.272572215443219,""score"":51.50481436288127},""V4_base_dryup"":{""value"":1.3300971377089317,""score"":16.99028622910683},""V5_bo_expansion"":{""value"":1.028604616264573,""score"":1.9069744176382002},""_score"":32.35},""readiness"":{""_distance_atr"":3.363,""BR1_atr_distance"":{""score"":0},""BR2_compression"":{""score"":19.619255103720775},""BR3_retest"":{""score"":50.0},""BR4_bo_age"":{""score"":50.0},""_score"":22.4},""risk"":{""R1_stop_clarity"":{""score"":2.4743126909189073},""R2_stop_distance_pct"":{""value"":1.4489270899808613,""score"":86.22317724952153},""R3_stop_distance_atr"":{""value"":0.47078126446357693,""score"":48.53906322317884},""R4_rr_potential"":{""value"":22.60268391714258,""score"":100.0},""_score"":54.01},""market"":{""M1_spy_regime"":{""score"":100.0},""M3_earnings_risk"":{""value"":null,""score"":80.0},""M4_vix"":{""value"":null,""score"":60.0},""_score"":84.0},""liquidity"":{""L1_price"":{""value"":250.72,""score"":100.0},""L2_dollar_vol"":{""value"":704982322.8974818,""score"":100.0},""L3_spread_proxy"":{""value"":0.030173101467772804,""score"":69.8268985322272},""L4_volume_zscore"":{""value"":0.05729852944118281,""score"":100.0},""_score"":96.98},""pattern_structure"":{""n_contractions"":5,""contractions_pct"":[4.56,12.9,9.5,10.2,9.33],""descending_strict"":false,""final_low"":250.85,""final_pivot"":276.67,""structural_low"":250.85,""dry_up_ratio"":1.002696196935451,""current_price"":250.72,""neckline_distance_pct"":0.10350191448627959,""base_bars"":66,""recent_base_height"":56.15990000000002},""pattern_geometry_features"":{""contraction_count"":5.0,""first_contraction_pct"":0.045578496299181884,""last_contraction_pct"":0.09332417681714686,""dry_up_ratio"":1.002696196935451,""near_monotone"":0.0,""base_depth_pct"":0.022789248149590942},""_schema_version"":""1.0""}",,,,,,,,,,
20260602T213437Z-756d21,2026-06-02T21:34:37.658687+00:00,GRMN,vcp,absent,48.66,35.6,36.9,57.9,48.4,38.6,47.7,60.8,84.0,97.9,5.34,9.22,6.95,5.8,5.02,3.34,3.04,5.04,4.89,True,risk_unclear,241.03,247.08,221.1719,295.86,"{""trend"":{""T1_ema_stack"":{""value"":[true,false,true],""score"":66.66666666666666},""T2_ema50_slope"":{""value"":-0.10831803261976576,""score"":31.94699456337237},""T3_high_proximity"":{""value"":0.9009793660287082,""score"":50.48968301435408},""T4_rs_1m"":{""value"":-0.05974064975957383,""score"":0},""T5_rs_3m"":{""value"":-0.1550065352911283,""score"":0},""T6_adr_healthy"":{""value"":2.4643904200576037,""score"":100.0},""_score"":35.63},""geometry"":{""sub_contraction_count"":100.0,""sub_reduction_rate"":0,""sub_pivot_tightness"":12.6,""sub_volume_dryup"":0,""sub_base_depth"":0.0,""sub_base_duration"":100.0,""_score"":36.89},""compression"":{""VC1_atr_ratio"":{""value"":0.43179103861298357,""score"":100},""VC2_range_contraction"":{""value"":0.9178786144647648,""score"":13.686897589205865},""VC3_range_pct_rank"":{""score"":52.5},""_score"":57.92},""sr_quality"":{""SR1_touches"":{""value"":2,""score"":25.0},""SR2_tightness"":{""value"":0.6230000000000047,""score"":79.1208344005916},""SR3_recency"":{""value"":240,""score"":0.0},""SR4_price_location"":{""score"":55.992539734025335},""SR5_reaction"":{""value"":3.1213179584283903,""score"":100},""_score"":48.37,""_levels_found"":7,""_target_level"":246.457},""volume"":{""V1_rvol_day"":{""value"":0.8015047707387701,""score"":20.100318049251342},""V2_rvol_sameslot"":{""value"":0.8459710421643647,""score"":23.06473614429098,""status"":""ok""},""V3_breakout_bar"":{""value"":1.735193774906383,""score"":82.34625166042554},""V4_base_dryup"":{""value"":1.0287640116813608,""score"":47.12359883186392},""V5_bo_expansion"":{""value"":0.8015047707387702,""score"":0},""_score"":38.64},""readiness"":{""_distance_atr"":1.014,""BR1_atr_distance"":{""score"":32.41361590346705},""BR2_compression"":{""score"":68.77048122444455},""BR3_retest"":{""score"":50.0},""BR4_bo_age"":{""score"":50.0},""_score"":47.66},""risk"":{""R1_stop_clarity"":{""score"":0},""R2_stop_distance_pct"":{""value"":8.238849935692654,""score"":94.02875160768365},""R3_stop_distance_atr"":{""value"":3.3276128281670054,""score"":100.0},""R4_rr_potential"":{""value"":2.761089933075168,""score"":88.05449665375839},""_score"":60.82},""market"":{""M1_spy_regime"":{""score"":100.0},""M3_earnings_risk"":{""value"":null,""score"":80.0},""M4_vix"":{""value"":null,""score"":60.0},""_score"":84.0},""liquidity"":{""L1_price"":{""value"":241.03,""score"":100.0},""L2_dollar_vol"":{""value"":159871014.51070905,""score"":100.0},""L3_spread_proxy"":{""value"":0.021449612081483698,""score"":78.55038791851631},""L4_volume_zscore"":{""value"":-0.5446352919081214,""score"":100.0},""_score"":97.86},""pattern_structure"":{""n_contractions"":5,""contractions_pct"":[4.73,8.7,8.32,14.16,9.12],""descending_strict"":false,""final_low"":224.54,""final_pivot"":247.08,""structural_low"":224.54,""dry_up_ratio"":1.087809662794579,""current_price"":241.03,""neckline_distance_pct"":0.025100609882587277,""base_bars"":74,""recent_base_height"":48.78},""pattern_geometry_features"":{""contraction_count"":5.0,""first_contraction_pct"":0.04734127175432672,""last_contraction_pct"":0.09122551400356167,""dry_up_ratio"":1.087809662794579,""near_monotone"":0.0,""base_depth_pct"":-0.08248565781227395},""_schema_version"":""1.0""}",,,,,,,,,,
20260602T213437Z-756d21,2026-06-02T21:34:37.658687+00:00,KLAC,breakout_retest_hold,extended,48.63,100.0,30.0,36.3,40.0,39.2,32.8,59.0,84.0,70.2,14.0,6.6,2.18,5.6,5.1,5.9,2.95,4.2,2.11,True,price_extended_above_trigger,2045.2,1911.11,1867.14,1961.33,"{""trend"":{""T1_ema_stack"":{""value"":[true,true,true],""score"":100.0},""T2_ema50_slope"":{""value"":0.3164343876120452,""score"":100},""T3_high_proximity"":{""value"":1.0,""score"":99.99999999999997},""T4_rs_1m"":{""value"":0.1307510006824446,""score"":100},""T5_rs_3m"":{""value"":0.3024746263257323,""score"":100},""T6_adr_healthy"":{""value"":3.865404586253242,""score"":100.0},""_score"":100.0},""geometry"":{""sub_retest_depth"":100.0,""sub_retest_timing"":0.0,""sub_retest_freshness"":0.0,""sub_hold_quality"":0.0,""_score"":30.0},""compression"":{""VC1_atr_ratio"":{""value"":0.6999325801128581,""score"":75.01685497178548},""VC2_range_contraction"":{""value"":1.0191008792187495,""score"":0},""VC3_range_pct_rank"":{""score"":25.0},""_score"":36.26},""sr_quality"":{""SR1_touches"":{""value"":2,""score"":25.0},""SR2_tightness"":{""value"":14.125,""score"":66.46813200788483},""SR3_recency"":{""value"":235,""score"":0.0},""SR4_price_location"":{""score"":30.0},""SR5_reaction"":{""value"":3.0516373810381747,""score"":100},""_score"":39.97,""_levels_found"":7,""_target_level"":1925.235},""volume"":{""V1_rvol_day"":{""value"":1.0354743683627599,""score"":35.69829122418399},""V2_rvol_sameslot"":{""value"":1.2479648936258287,""score"":49.86432624172192,""status"":""ok""},""V3_breakout_bar"":{""value"":1.3208608519689742,""score"":54.72405679793161},""V4_base_dryup"":{""value"":1.0964151586486548,""score"":40.35848413513452},""V5_bo_expansion"":{""value"":1.0354743683627599,""score"":2.3649578908506568},""_score"":39.22},""readiness"":{""_distance_atr"":-1.592,""BR1_atr_distance"":{""score"":28.167871298670967},""BR2_compression"":{""score"":0},""BR3_retest"":{""score"":85.09760698615915},""BR4_bo_age"":{""score"":30.0},""_score"":32.79},""risk"":{""R1_stop_clarity"":{""score"":55.22753767566046},""R2_stop_distance_pct"":{""value"":8.70623899863095,""score"":82.34402503422626},""R3_stop_distance_atr"":{""value"":2.1135166069649665,""score"":100.0},""R4_rr_potential"":{""value"":-0.471021004155904,""score"":0.0},""_score"":59.03},""market"":{""M1_spy_regime"":{""score"":100.0},""M3_earnings_risk"":{""value"":null,""score"":80.0},""M4_vix"":{""value"":null,""score"":60.0},""_score"":84.0},""liquidity"":{""L1_price"":{""value"":2045.2,""score"":0.0},""L2_dollar_vol"":{""value"":2168162259.2536592,""score"":100.0},""L3_spread_proxy"":{""value"":0.0476725992567964,""score"":52.3274007432036},""L4_volume_zscore"":{""value"":0.19800052852077415,""score"":100.0},""_score"":70.23},""pattern_structure"":{""level"":1911.11,""level_idx"":6,""breakout_idx"":44,""bo_peak_idx"":50,""bo_peak_price"":2060.08,""retest_idx"":68,""retest_low"":1886.0,""structural_low"":1886.0,""current_price"":2033.955,""neckline_distance_pct"":-0.06039710809727847,""base_bars"":73,""bars_since_breakout"":35},""pattern_geometry_features"":{""retest_depth_atr"":0.9605967865340435,""bars_breakout_to_retest"":24.0,""bars_since_retest"":11.0,""current_above_level_atr"":4.699502677888294,""bo_peak_excess_pct"":0.07794946392410695,""atr_pct"":0.04119314213070323},""_schema_version"":""1.0""}",,,,,,,,,,
20260602T213437Z-756d21,2026-06-02T21:34:37.658687+00:00,UEC,ascending_triangle,extended,48.61,47.2,42.6,41.5,38.0,63.5,29.3,36.3,84.0,90.0,7.08,11.94,3.32,5.32,7.62,2.34,1.45,5.04,4.5,True,stop_too_wide;price_extended_above_trigger,15.44,13.93,12.7311,14.935,"{""trend"":{""T1_ema_stack"":{""value"":[true,false,true],""score"":66.66666666666666},""T2_ema50_slope"":{""value"":-0.11976451442134248,""score"":30.03924759644292},""T3_high_proximity"":{""value"":0.9374620522161506,""score"":68.7310261080753},""T4_rs_1m"":{""value"":-0.020539597275291976,""score"":29.460402724708025},""T5_rs_3m"":{""value"":-0.056033327717657455,""score"":21.98333614117127},""T6_adr_healthy"":{""value"":7.127303796704402,""score"":100.0},""_score"":47.17},""geometry"":{""sub_flat_top_quality"":33.3,""sub_hl_slope"":34.6,""sub_compression"":29.1,""sub_duration"":100.0,""_score"":42.64},""compression"":{""VC1_atr_ratio"":{""value"":0.4563983784895414,""score"":100},""VC2_range_contraction"":{""value"":0.9889165473484877,""score"":1.8472421085853896},""VC3_range_pct_rank"":{""score"":3.3333333333333326},""_score"":41.48},""sr_quality"":{""SR1_touches"":{""value"":2,""score"":25.0},""SR2_tightness"":{""value"":0.005950000000000345,""score"":98.79927062537381},""SR3_recency"":{""value"":238,""score"":0.0},""SR4_price_location"":{""score"":2.789303022907217},""SR5_reaction"":{""value"":3.5709086191612185,""score"":100},""_score"":38.02,""_levels_found"":7,""_target_level"":16.834},""volume"":{""V1_rvol_day"":{""value"":1.4573580406931015,""score"":63.8238693795401},""V2_rvol_sameslot"":{""value"":2.257226478839203,""score"":100,""status"":""ok""},""V3_breakout_bar"":{""value"":1.6003956249494518,""score"":73.35970832996345},""V4_base_dryup"":{""value"":1.1100223210285138,""score"":38.99776789714862},""V5_bo_expansion"":{""value"":1.457358040693102,""score"":30.490536046206795},""_score"":63.48},""readiness"":{""_distance_atr"":-1.524,""BR1_atr_distance"":{""score"":29.527708307807625},""BR2_compression"":{""score"":0},""BR3_retest"":{""score"":50.0},""BR4_bo_age"":{""score"":50.0},""_score"":29.31},""risk"":{""R1_stop_clarity"":{""score"":60.87539369653109},""R2_stop_distance_pct"":{""value"":17.544527202072533,""score"":0.0},""R3_stop_distance_atr"":{""value"":2.7332989787313777,""score"":100.0},""R4_rr_potential"":{""value"":-0.18642425361081666,""score"":0.0},""_score"":36.31},""market"":{""M1_spy_regime"":{""score"":100.0},""M3_earnings_risk"":{""value"":null,""score"":80.0},""M4_vix"":{""value"":null,""score"":60.0},""_score"":84.0},""liquidity"":{""L1_price"":{""value"":15.44,""score"":100.0},""L2_dollar_vol"":{""value"":205763966.25565097,""score"":100.0},""L3_spread_proxy"":{""value"":0.1340673575129534,""score"":0},""L4_volume_zscore"":{""value"":1.7201314034662663,""score"":100.0},""_score"":90.0},""pattern_structure"":{""top"":13.93,""top_touches"":2,""low_slope_per_bar"":0.01341666666666667,""lowest_low"":12.925,""structural_low"":12.925,""current_price"":15.425,""neckline_distance_pct"":-0.09692058346839552,""base_bars"":24},""pattern_geometry_features"":{""top_touches"":2.0,""low_slope"":0.01341666666666667,""compression"":0.14548548824801066,""atr_pct"":0.06418810140636565},""_schema_version"":""1.0""}",,,,,,,,,,
20260602T213437Z-756d21,2026-06-02T21:34:37.658687+00:00,QCOM,bull_flag,absent,48.36,96.9,45.0,2.3,39.4,12.6,36.2,83.0,84.0,92.0,13.56,13.5,0.21,3.94,1.77,3.26,2.49,5.04,4.6,False,,240.84,259.92,222.6593,310.43,"{""trend"":{""T1_ema_stack"":{""value"":[true,true,true],""score"":100.0},""T2_ema50_slope"":{""value"":0.8816600949553394,""score"":100},""T3_high_proximity"":{""value"":0.9594454625129472,""score"":79.72273125647355},""T4_rs_1m"":{""value"":0.30659429656608506,""score"":100},""T5_rs_3m"":{""value"":0.6271020050593172,""score"":100},""T6_adr_healthy"":{""value"":8.069454242570853,""score"":98.26364393572868},""_score"":96.87},""geometry"":{""sub_pole_impulse"":58.2,""sub_flag_tightness"":21.0,""sub_flag_shallowness"":0,""sub_flag_drift"":82.0,""sub_flag_duration"":100.0,""_score"":45.01},""compression"":{""VC1_atr_ratio"":{""value"":1.1510713884644113,""score"":0},""VC2_range_contraction"":{""value"":1.029281019900648,""score"":0},""VC3_range_pct_rank"":{""score"":9.166666666666668},""_score"":2.29},""sr_quality"":{""SR1_touches"":{""value"":2,""score"":25.0},""SR2_tightness"":{""value"":3.285000000000011,""score"":62.34573233211231},""SR3_recency"":{""value"":232,""score"":0.0},""SR4_price_location"":{""score"":30.0},""SR5_reaction"":{""value"":2.4776164250879433,""score"":100},""_score"":39.35,""_levels_found"":4,""_target_level"":187.735},""volume"":{""V1_rvol_day"":{""value"":0.6374446776982753,""score"":9.162978513218352},""V2_rvol_sameslot"":{""value"":0.6098010396166581,""score"":7.3200693077772065,""status"":""ok""},""V3_breakout_bar"":{""value"":0.586273991382894,""score"":5.751599425526269},""V4_base_dryup"":{""value"":1.1052827953375866,""score"":39.471720466241344},""V5_bo_expansion"":{""value"":0.6374446776982755,""score"":0},""_score"":12.63},""readiness"":{""_distance_atr"":1.094,""BR1_atr_distance"":{""score"":27.09858679824505},""BR2_compression"":{""score"":31.450544642938418},""BR3_retest"":{""score"":50.0},""BR4_bo_age"":{""score"":50.0},""_score"":36.2},""risk"":{""R1_stop_clarity"":{""score"":61.13357440033801},""R2_stop_distance_pct"":{""value"":7.548891380169402,""score"":100.0},""R3_stop_distance_atr"":{""value"":1.0419829937639973,""score"":77.09914968819986},""R4_rr_potential"":{""value"":3.8276748758989645,""score"":100.0},""_score"":82.96},""market"":{""M1_spy_regime"":{""score"":100.0},""M3_earnings_risk"":{""value"":null,""score"":80.0},""M4_vix"":{""value"":null,""score"":60.0},""_score"":84.0},""liquidity"":{""L1_price"":{""value"":240.84,""score"":100.0},""L2_dollar_vol"":{""value"":4440308582.624319,""score"":100.0},""L3_spread_proxy"":{""value"":0.07945939212755357,""score"":20.54060787244643},""L4_volume_zscore"":{""value"":-1.182300651067499,""score"":100.0},""_score"":92.05},""pattern_structure"":{""pole_low"":209.41,""pole_low_idx"":17,""peak_price"":259.92,""peak_idx"":42,""pole_gain"":0.24120147079891133,""flag_bars"":17,""flag_low"":226.05,""flag_high"":255.76,""structural_low"":226.05,""current_price"":242.54,""neckline_distance_pct"":0.07165828316978652,""base_bars"":17},""pattern_geometry_features"":{""pole_gain"":0.24120147079891133,""pullback_pct"":0.13030932594644506,""flag_range_pct"":0.11430440135426276,""flag_drift_per_bar"":-0.0035915088596665265,""atr_pct"":0.07244735687000262,""pole_atr_multiple"":3.3293343086583005},""_schema_version"":""1.0""}",,,,,,,,,,
20260602T213437Z-756d21,2026-06-02T21:34:37.658687+00:00,CW,vcp,absent,48.29,50.2,36.4,65.9,52.6,21.6,35.0,70.3,84.0,72.6,7.53,9.1,7.91,6.32,2.81,2.45,3.52,5.04,3.63,True,risk_unclear,721.12,760.721,675.3505,895.792,"{""trend"":{""T1_ema_stack"":{""value"":[false,true,true],""score"":66.66666666666666},""T2_ema50_slope"":{""value"":0.12857440921891533,""score"":71.42906820315255},""T3_high_proximity"":{""value"":0.9602130492676432,""score"":80.10652463382156},""T4_rs_1m"":{""value"":-0.04281685073951391,""score"":7.18314926048609},""T5_rs_3m"":{""value"":-0.08922178771419165,""score"":5.389106142904176},""T6_adr_healthy"":{""value"":3.00072551141518,""score"":100.0},""_score"":50.21},""geometry"":{""sub_contraction_count"":100.0,""sub_reduction_rate"":0,""sub_pivot_tightness"":1.9,""sub_volume_dryup"":0,""sub_base_depth"":10.9,""sub_base_duration"":100.0,""_score"":36.38},""compression"":{""VC1_atr_ratio"":{""value"":0.40276043256185945,""score"":100},""VC2_range_contraction"":{""value"":0.9027042039243501,""score"":16.215966012608312},""VC3_range_pct_rank"":{""score"":80.83333333333333},""_score"":65.88},""sr_quality"":{""SR1_touches"":{""value"":4,""score"":75.0},""SR2_tightness"":{""value"":5.358953819718464,""score"":55.799148816652036},""SR3_recency"":{""value"":226,""score"":0.0},""SR4_price_location"":{""score"":27.046591316640907},""SR5_reaction"":{""value"":2.0990017812814914,""score"":100},""_score"":52.63,""_levels_found"":6,""_target_level"":754.3274},""volume"":{""V1_rvol_day"":{""value"":0.8080322737594348,""score"":20.53548491729565},""V2_rvol_sameslot"":{""value"":0.7355930841592747,""score"":15.706205610618316,""status"":""ok""},""V3_breakout_bar"":{""value"":0.7631642987866277,""score"":17.544286585775183},""V4_base_dryup"":{""value"":1.0001516390838683,""score"":49.984836091613175},""V5_bo_expansion"":{""value"":0.8080322737594348,""score"":0},""_score"":21.63},""readiness"":{""_distance_atr"":1.633,""BR1_atr_distance"":{""score"":0},""BR2_compression"":{""score"":69.83995238746779},""BR3_retest"":{""score"":50.0},""BR4_bo_age"":{""score"":50.0},""_score"":34.96},""risk"":{""R1_stop_clarity"":{""score"":15.172853823863534},""R2_stop_distance_pct"":{""value"":6.3470053527845645,""score"":100.0},""R3_stop_distance_atr"":{""value"":1.8875437551016332,""score"":100.0},""R4_rr_potential"":{""value"":3.816338491605492,""score"":100.0},""_score"":70.31},""market"":{""M1_spy_regime"":{""score"":100.0},""M3_earnings_risk"":{""value"":null,""score"":80.0},""M4_vix"":{""value"":null,""score"":60.0},""_score"":84.0},""liquidity"":{""L1_price"":{""value"":721.12,""score"":0.0},""L2_dollar_vol"":{""value"":175258527.57035664,""score"":100.0},""L3_spread_proxy"":{""value"":0.023799783669846936,""score"":76.20021633015307},""L4_volume_zscore"":{""value"":-0.3930788549641231,""score"":100.0},""_score"":72.62},""pattern_structure"":{""n_contractions"":5,""contractions_pct"":[9.6,10.62,12.71,4.82,9.87],""descending_strict"":false,""final_low"":685.635,""final_pivot"":760.721,""structural_low"":685.635,""dry_up_ratio"":1.4221645244717,""current_price"":721.12,""neckline_distance_pct"":0.05491596405591302,""base_bars"":55,""recent_base_height"":135.07100000000003},""pattern_geometry_features"":{""contraction_count"":5.0,""first_contraction_pct"":0.09603900728647347,""last_contraction_pct"":0.0987037297511177,""dry_up_ratio"":1.4221645244717,""near_monotone"":0.0,""base_depth_pct"":0.060928340546759455},""_schema_version"":""1.0""}",,,,,,,,,,
20260602T213437Z-756d21,2026-06-02T21:34:37.658687+00:00,TDG,bull_flag,absent,48.28,48.8,34.9,69.6,51.5,34.0,47.8,61.1,84.0,72.9,6.83,10.46,6.26,5.15,4.76,4.3,1.83,5.04,3.65,True,risk_unclear,1246.98,1285.0,1206.1325,1360.08,"{""trend"":{""T1_ema_stack"":{""value"":[true,false,false],""score"":33.33333333333333},""T2_ema50_slope"":{""value"":-0.026920858181802135,""score"":45.51319030303298},""T3_high_proximity"":{""value"":0.9481872376665248,""score"":74.09361883326238},""T4_rs_1m"":{""value"":0.02614392170541957,""score"":76.14392170541957},""T5_rs_3m"":{""value"":-0.17630671658733377,""score"":0},""T6_adr_healthy"":{""value"":2.7408400645499227,""score"":100.0},""_score"":48.78},""geometry"":{""sub_pole_impulse"":35.9,""sub_flag_tightness"":0,""sub_flag_shallowness"":0,""sub_flag_drift"":93.9,""sub_flag_duration"":100.0,""_score"":34.86},""compression"":{""VC1_atr_ratio"":{""value"":0.3715352088651386,""score"":100},""VC2_range_contraction"":{""value"":0.7604649513960046,""score"":39.92250810066591},""VC3_range_pct_rank"":{""score"":62.5},""_score"":69.6},""sr_quality"":{""SR1_touches"":{""value"":4,""score"":75.0},""SR2_tightness"":{""value"":6.761095972547611,""score"":57.44536269849658},""SR3_recency"":{""value"":240,""score"":0.0},""SR4_price_location"":{""score"":21.51394422310773},""SR5_reaction"":{""value"":2.863593449698225,""score"":100},""_score"":51.5,""_levels_found"":5,""_target_level"":1267.1725},""volume"":{""V1_rvol_day"":{""value"":0.9423101521541639,""score"":29.48734347694426},""V2_rvol_sameslot"":{""value"":1.0092914651059426,""score"":33.95276434039617,""status"":""ok""},""V3_breakout_bar"":{""value"":1.1250178719000798,""score"":41.667858126671995},""V4_base_dryup"":{""value"":0.9535883217221726,""score"":54.641167827782745},""V5_bo_expansion"":{""value"":0.9423101521541639,""score"":0},""_score"":34.03},""readiness"":{""_distance_atr"":1.196,""BR1_atr_distance"":{""score"":20.233479070429595},""BR2_compression"":{""score"":88.81997144445097},""BR3_retest"":{""score"":50.0},""BR4_bo_age"":{""score"":50.0},""_score"":47.8},""risk"":{""R1_stop_clarity"":{""score"":0},""R2_stop_distance_pct"":{""value"":3.275714125326796,""score"":100.0},""R3_stop_distance_atr"":{""value"":1.2854798646780516,""score"":89.27399323390259},""R4_rr_potential"":{""value"":2.7688353020380605,""score"":88.44176510190303},""_score"":61.08},""market"":{""M1_spy_regime"":{""score"":100.0},""M3_earnings_risk"":{""value"":null,""score"":80.0},""M4_vix"":{""value"":null,""score"":60.0},""_score"":84.0},""liquidity"":{""L1_price"":{""value"":1246.98,""score"":0.0},""L2_dollar_vol"":{""value"":495974161.89706975,""score"":100.0},""L3_spread_proxy"":{""value"":0.02095462637732771,""score"":79.04537362267229},""L4_volume_zscore"":{""value"":-0.2666816494068894,""score"":100.0},""_score"":72.9},""pattern_structure"":{""pole_low"":1209.92,""pole_low_idx"":20,""peak_price"":1285.0,""peak_idx"":44,""pole_gain"":0.062053689500132174,""flag_bars"":15,""flag_low"":1224.5,""flag_high"":1278.97,""structural_low"":1224.5,""current_price"":1244.55,""neckline_distance_pct"":0.03250170744445787,""base_bars"":15},""pattern_geometry_features"":{""pole_gain"":0.062053689500132174,""pullback_pct"":0.04708171206225681,""flag_range_pct"":0.04238910505836578,""flag_drift_per_bar"":-0.001229102314663349,""atr_pct"":0.02548242267604245,""pole_atr_multiple"":2.43515658966259},""_schema_version"":""1.0""}",,,,,,,,,,
20260602T213437Z-756d21,2026-06-02T21:34:37.658687+00:00,RTX,double_bottom,forming,48.23,18.1,53.6,74.8,52.6,22.6,27.3,61.3,84.0,98.4,2.72,13.39,5.99,7.36,2.94,2.18,3.68,5.04,4.92,True,risk_unclear;reversal_trend_cap,174.26,181.55,170.3952,190.11,"{""trend"":{""T1_ema_stack"":{""value"":[false,false,true],""score"":33.33333333333333},""T2_ema50_slope"":{""value"":-0.22473340701904804,""score"":12.54443216349199},""T3_high_proximity"":{""value"":0.8307589626239512,""score"":15.379481311975585},""T4_rs_1m"":{""value"":-0.05245498609458821,""score"":0},""T5_rs_3m"":{""value"":-0.27268051937937565,""score"":0},""T6_adr_healthy"":{""value"":2.12048278770089,""score"":100.0},""_score"":18.15},""geometry"":{""sub_low_similarity"":99.9,""sub_bounce_quality"":27.8,""sub_separation_fit"":0.0,""sub_right_bottom_reaction"":80.2,""sub_base_context"":30.0,""_score"":53.56},""compression"":{""VC1_atr_ratio"":{""value"":0.389378367722834,""score"":100},""VC2_range_contraction"":{""value"":0.7419375469765381,""score"":43.010408837243645},""VC3_range_pct_rank"":{""score"":79.16666666666666},""_score"":74.85},""sr_quality"":{""SR1_touches"":{""value"":4,""score"":75.0},""SR2_tightness"":{""value"":0.9392431567490899,""score"":51.08281442996896},""SR3_recency"":{""value"":226,""score"":0.0},""SR4_price_location"":{""score"":29.744936416466043},""SR5_reaction"":{""value"":2.553390660176323,""score"":100},""_score"":52.6,""_levels_found"":6,""_target_level"":181.4835},""volume"":{""V1_rvol_day"":{""value"":0.7538632084399685,""score"":16.924213895997898},""V2_rvol_sameslot"":{""value"":0.6224064572430612,""score"":8.160430482870746,""status"":""ok""},""V3_breakout_bar"":{""value"":0.7345754395677159,""score"":15.638362637847724},""V4_base_dryup"":{""value"":0.8142629673389656,""score"":68.57370326610344},""V5_bo_expansion"":{""value"":0.7538632084399685,""score"":0},""_score"":22.64},""readiness"":{""_distance_atr"":1.898,""BR1_atr_distance"":{""score"":0},""BR2_compression"":{""score"":39.12307013794927},""BR3_retest"":{""score"":50.0},""BR4_bo_age"":{""score"":50.0},""_score"":27.28},""risk"":{""R1_stop_clarity"":{""score"":0},""R2_stop_distance_pct"":{""value"":2.2178641110983532,""score"":100.0},""R3_stop_distance_atr"":{""value"":1.0064357844495797,""score"":75.32178922247898},""R4_rr_potential"":{""value"":4.10106472437483,""score"":100.0},""_score"":61.3},""market"":{""M1_spy_regime"":{""score"":100.0},""M3_earnings_risk"":{""value"":null,""score"":80.0},""M4_vix"":{""value"":null,""score"":60.0},""_score"":84.0},""liquidity"":{""L1_price"":{""value"":174.26,""score"":100.0},""L2_dollar_vol"":{""value"":762148030.6210899,""score"":100.0},""L3_spread_proxy"":{""value"":0.01583840238723741,""score"":84.16159761276259},""L4_volume_zscore"":{""value"":-1.2360872036588402,""score"":100.0},""_score"":98.42},""pattern_structure"":{""left_low"":173.0,""left_idx"":27,""right_low"":172.99,""right_idx"":74,""separation_bars"":47,""structural_low"":172.99,""current_price"":174.265,""neckline_distance_pct"":0.041804148853757356,""base_bars"":47},""pattern_geometry_features"":{""low_similarity_pct"":5.7805138876793576e-05,""bounce_pct"":0.049482629053702536,""right_bottom_reaction"":0.8016359918200348,""atr_pct"":0.02203681690741257},""_schema_version"":""1.0""}",,,,,,,,,,
20260602T213437Z-756d21,2026-06-02T21:34:37.658687+00:00,OMER,inverse_head_shoulders,invalidated,48.23,21.1,51.9,57.0,62.3,30.7,35.2,39.7,84.0,83.7,2.54,14.53,4.56,8.73,4.3,2.82,2.38,4.2,4.18,True,reversal_trend_cap,10.26,12.02,10.3918,13.49,"{""trend"":{""T1_ema_stack"":{""value"":[false,false,true],""score"":33.33333333333333},""T2_ema50_slope"":{""value"":-0.06612758821648554,""score"":38.97873529725241},""T3_high_proximity"":{""value"":0.6812749003984063,""score"":0},""T4_rs_1m"":{""value"":-0.37273189901878656,""score"":0},""T5_rs_3m"":{""value"":-0.23502958918814576,""score"":0},""T6_adr_healthy"":{""value"":5.766706441689525,""score"":100.0},""_score"":21.13},""geometry"":{""sub_head_depth"":70.8,""sub_shoulder_price_sym"":21.3,""sub_shoulder_time_sym"":45.5,""sub_right_shoulder_reaction"":100,""sub_base_context"":30.0,""_score"":51.88},""compression"":{""VC1_atr_ratio"":{""value"":0.46876398084755583,""score"":100},""VC2_range_contraction"":{""value"":0.989885614896283,""score"":1.6857308506194972},""VC3_range_pct_rank"":{""score"":65.83333333333333},""_score"":57.05},""sr_quality"":{""SR1_touches"":{""value"":3,""score"":50.0},""SR2_tightness"":{""value"":0.0659966329107447,""score"":84.22588758236716},""SR3_recency"":{""value"":227,""score"":0.0},""SR4_price_location"":{""score"":88.23529411764703},""SR5_reaction"":{""value"":1.6849882200293638,""score"":84.24941100146819},""_score"":62.33,""_levels_found"":7,""_target_level"":10.5033},""volume"":{""V1_rvol_day"":{""value"":1.4358666010743786,""score"":62.3911067382919},""V2_rvol_sameslot"":{""value"":0.8524614294736569,""score"":23.497428631577126,""status"":""ok""},""V3_breakout_bar"":{""value"":1.0496857126312655,""score"":36.6457141754177},""V4_base_dryup"":{""value"":1.5440972930430956,""score"":0},""V5_bo_expansion"":{""value"":1.4358666010743786,""score"":29.05777340495857},""_score"":30.7},""readiness"":{""_distance_atr"":2.103,""BR1_atr_distance"":{""score"":0},""BR2_compression"":{""score"":70.91084057944849},""BR3_retest"":{""score"":50.0},""BR4_bo_age"":{""score"":50.0},""_score"":35.23},""risk"":{""R1_stop_clarity"":{""score"":62.176050807525364},""R2_stop_distance_pct"":{""value"":-1.2841130604288524,""score"":17.897173489278686},""R3_stop_distance_atr"":{""value"":-0.157450404616383,""score"":17.12747976918085},""R4_rr_potential"":{""value"":null,""score"":50.0},""_score"":39.7},""market"":{""M1_spy_regime"":{""score"":100.0},""M3_earnings_risk"":{""value"":null,""score"":80.0},""M4_vix"":{""value"":null,""score"":60.0},""_score"":84.0},""liquidity"":{""L1_price"":{""value"":10.26,""score"":100.0},""L2_dollar_vol"":{""value"":25021189.664810643,""score"":69.915397747046},""L3_spread_proxy"":{""value"":0.042884990253411255,""score"":57.11500974658875},""L4_volume_zscore"":{""value"":0.7024514408373627,""score"":100.0},""_score"":83.68},""pattern_structure"":{""left_shoulder"":11.4647,""left_shoulder_idx"":64,""head"":10.55,""head_idx"":75,""right_shoulder"":10.765,""right_shoulder_idx"":83,""left_to_head_bars"":11,""head_to_right_bars"":8,""structural_low"":10.55,""current_price"":10.405,""neckline_distance_pct"":0.15521383950024029,""base_bars"":19},""pattern_geometry_features"":{""head_depth_pct"":0.050819399272144905,""shoulder_price_asymmetry"":0.06295181671367585,""shoulder_time_asymmetry"":0.2727272727272727,""right_shoulder_reaction"":1.0,""atr_pct"":0.0815566694514063},""_schema_version"":""1.0""}",,,,,,,,,,
20260602T213437Z-756d21,2026-06-02T21:34:37.658687+00:00,ADSK,double_bottom,absent,48.12,20.7,44.8,50.1,60.8,27.7,44.7,70.7,84.0,96.8,3.1,11.2,4.01,8.51,3.6,3.58,4.24,5.04,4.84,True,reversal_trend_cap,236.66,250.49,229.6971,267.785,"{""trend"":{""T1_ema_stack"":{""value"":[false,false,false],""score"":0.0},""T2_ema50_slope"":{""value"":-0.046092850913767115,""score"":42.317858181038815},""T3_high_proximity"":{""value"":0.8960321066182039,""score"":48.01605330910191},""T4_rs_1m"":{""value"":-0.08547804967297357,""score"":0},""T5_rs_3m"":{""value"":-0.18253445090386355,""score"":0},""T6_adr_healthy"":{""value"":3.575771473903027,""score"":100.0},""_score"":20.67},""geometry"":{""sub_low_similarity"":78.6,""sub_bounce_quality"":63.1,""sub_separation_fit"":0.0,""sub_right_bottom_reaction"":17.4,""sub_base_context"":30.0,""_score"":44.81},""compression"":{""VC1_atr_ratio"":{""value"":0.601341867690983,""score"":99.66453307725426},""VC2_range_contraction"":{""value"":1.3059962700369794,""score"":0},""VC3_range_pct_rank"":{""score"":40.833333333333336},""_score"":50.07},""sr_quality"":{""SR1_touches"":{""value"":5,""score"":100},""SR2_tightness"":{""value"":2.885005372611979,""score"":45.97729523631685},""SR3_recency"":{""value"":232,""score"":0.0},""SR4_price_location"":{""score"":35.572384283628274},""SR5_reaction"":{""value"":2.3478748077308906,""score"":100},""_score"":60.79,""_levels_found"":6,""_target_level"":249.308},""volume"":{""V1_rvol_day"":{""value"":0.9819545896965507,""score"":32.13030597977004},""V2_rvol_sameslot"":{""value"":0.8630505298066367,""score"":24.20336865377578,""status"":""ok""},""V3_breakout_bar"":{""value"":0.7384063755804589,""score"":15.89375837203059},""V4_base_dryup"":{""value"":0.878069275591079,""score"":62.1930724408921},""V5_bo_expansion"":{""value"":0.9819545896965505,""score"":0},""_score"":27.68},""readiness"":{""_distance_atr"":1.295,""BR1_atr_distance"":{""score"":13.676185380859962},""BR2_compression"":{""score"":86.97209594530779},""BR3_retest"":{""score"":50.0},""BR4_bo_age"":{""score"":50.0},""_score"":44.71},""risk"":{""R1_stop_clarity"":{""score"":34.50016719053016},""R2_stop_distance_pct"":{""value"":2.9421638637708156,""score"":100.0},""R3_stop_distance_atr"":{""value"":0.6519156690965036,""score"":57.59578345482518},""R4_rr_potential"":{""value"":4.470104158812564,""score"":100.0},""_score"":70.71},""market"":{""M1_spy_regime"":{""score"":100.0},""M3_earnings_risk"":{""value"":null,""score"":80.0},""M4_vix"":{""value"":null,""score"":60.0},""_score"":84.0},""liquidity"":{""L1_price"":{""value"":236.66,""score"":100.0},""L2_dollar_vol"":{""value"":556710014.0539883,""score"":100.0},""L3_spread_proxy"":{""value"":0.03150088734893946,""score"":68.49911265106054},""L4_volume_zscore"":{""value"":-0.03091314520766642,""score"":100.0},""_score"":96.85},""pattern_structure"":{""left_low"":233.195,""left_idx"":26,""right_low"":235.7,""right_idx"":75,""separation_bars"":49,""structural_low"":233.195,""current_price"":237.215,""neckline_distance_pct"":0.05596189111143901,""base_bars"":49},""pattern_geometry_features"":{""low_similarity_pct"":0.0106846948677209,""bounce_pct"":0.07416539805741983,""right_bottom_reaction"":0.17373179731290547,""atr_pct"":0.04513104996921442},""_schema_version"":""1.0""}",,,,,,,,,,
20260602T213437Z-756d21,2026-06-02T21:34:37.658687+00:00,ADI,breakout_retest_hold,extended,48.08,90.4,25.6,13.1,55.2,25.4,42.5,64.2,84.0,96.5,12.66,5.64,0.79,7.73,3.3,7.65,3.21,4.2,2.89,False,,423.2,400.73,395.9109,404.86,"{""trend"":{""T1_ema_stack"":{""value"":[true,true,true],""score"":100.0},""T2_ema50_slope"":{""value"":0.4072487991264535,""score"":100},""T3_high_proximity"":{""value"":0.9787460394551215,""score"":89.37301972756073},""T4_rs_1m"":{""value"":0.010138640498319251,""score"":60.13864049831925},""T5_rs_3m"":{""value"":0.13194151934742826,""score"":100},""T6_adr_healthy"":{""value"":3.262874245625284,""score"":100.0},""_score"":90.43},""geometry"":{""sub_retest_depth"":85.5,""sub_retest_timing"":0.0,""sub_retest_freshness"":0.0,""sub_hold_quality"":0.0,""_score"":25.65},""compression"":{""VC1_atr_ratio"":{""value"":0.9206900437423808,""score"":19.82748906440479},""VC2_range_contraction"":{""value"":1.6290644488425223,""score"":0},""VC3_range_pct_rank"":{""score"":20.833333333333336},""_score"":13.14},""sr_quality"":{""SR1_touches"":{""value"":2,""score"":25.0},""SR2_tightness"":{""value"":1.1100000000000136,""score"":87.49684202734589},""SR3_recency"":{""value"":227,""score"":0.0},""SR4_price_location"":{""score"":78.37991473235427},""SR5_reaction"":{""value"":2.9213459641511754,""score"":100},""_score"":55.22,""_levels_found"":4,""_target_level"":434.61},""volume"":{""V1_rvol_day"":{""value"":0.9927423172778748,""score"":32.849487818524985},""V2_rvol_sameslot"":{""value"":0.7288849939770871,""score"":15.25899959847247,""status"":""ok""},""V3_breakout_bar"":{""value"":0.7526037721516511,""score"":16.84025147677674},""V4_base_dryup"":{""value"":0.9220927940810164,""score"":57.790720591898356},""V5_bo_expansion"":{""value"":0.9927423172778745,""score"":0},""_score"":25.39},""readiness"":{""_distance_atr"":-1.266,""BR1_atr_distance"":{""score"":34.68955318508702},""BR2_compression"":{""score"":18.428475536278672},""BR3_retest"":{""score"":97.69085821225762},""BR4_bo_age"":{""score"":30.0},""_score"":42.52},""risk"":{""R1_stop_clarity"":{""score"":54.953712568972584},""R2_stop_distance_pct"":{""value"":6.448275047258971,""score"":100.0},""R3_stop_distance_atr"":{""value"":1.5369366136556337,""score"":100.0},""R4_rr_potential"":{""value"":-0.672063728218016,""score"":0.0},""_score"":64.23},""market"":{""M1_spy_regime"":{""score"":100.0},""M3_earnings_risk"":{""value"":null,""score"":80.0},""M4_vix"":{""value"":null,""score"":60.0},""_score"":84.0},""liquidity"":{""L1_price"":{""value"":423.2,""score"":100.0},""L2_dollar_vol"":{""value"":2021258142.2823687,""score"":100.0},""L3_spread_proxy"":{""value"":0.03537334593572786,""score"":64.62665406427215},""L4_volume_zscore"":{""value"":-0.02103516334578892,""score"":100.0},""_score"":96.46},""pattern_structure"":{""level"":400.73,""level_idx"":38,""breakout_idx"":44,""bo_peak_idx"":50,""bo_peak_price"":433.5,""retest_idx"":68,""retest_low"":399.91,""structural_low"":399.91,""current_price"":419.7511,""neckline_distance_pct"":-0.045315187976874845,""base_bars"":41,""bars_since_breakout"":35},""pattern_geometry_features"":{""retest_depth_atr"":0.19854790227568922,""bars_breakout_to_retest"":24.0,""bars_since_retest"":11.0,""current_above_level_atr"":4.605609151190417,""bo_peak_excess_pct"":0.08177575923938807,""atr_pct"":0.041955374021064036},""_schema_version"":""1.0""}",,,,,,,,,,
20260602T213437Z-756d21,2026-06-02T21:34:37.658687+00:00,TSLA,bull_flag,absent,48.01,81.1,26.7,74.4,48.6,17.3,30.3,67.3,84.0,97.5,11.36,8.02,6.69,4.87,2.42,2.73,2.02,5.04,4.87,True,risk_unclear,423.74,445.6,407.4452,484.81,"{""trend"":{""T1_ema_stack"":{""value"":[true,true,true],""score"":100.0},""T2_ema50_slope"":{""value"":0.2691174690185125,""score"":94.85291150308542},""T3_high_proximity"":{""value"":0.9516473151121791,""score"":75.82365755608956},""T4_rs_1m"":{""value"":0.03022635139392227,""score"":80.22635139392227},""T5_rs_3m"":{""value"":-0.03668795836082106,""score"":31.65602081958947},""T6_adr_healthy"":{""value"":3.4424648846009993,""score"":100.0},""_score"":81.14},""geometry"":{""sub_pole_impulse"":45.3,""sub_flag_tightness"":0,""sub_flag_shallowness"":0,""sub_flag_drift"":87.6,""sub_flag_duration"":0.0,""_score"":26.73},""compression"":{""VC1_atr_ratio"":{""value"":0.5153337791217217,""score"":100},""VC2_range_contraction"":{""value"":0.7107072157375531,""score"":48.21546404374114},""VC3_range_pct_rank"":{""score"":70.0},""_score"":74.38},""sr_quality"":{""SR1_touches"":{""value"":4,""score"":75.0},""SR2_tightness"":{""value"":3.4317151324082733,""score"":52.80317122283431},""SR3_recency"":{""value"":227,""score"":0.0},""SR4_price_location"":{""score"":12.920158075423203},""SR5_reaction"":{""value"":3.0816182851155087,""score"":100},""_score"":48.65,""_levels_found"":6,""_target_level"":451.4325},""volume"":{""V1_rvol_day"":{""value"":0.7338909098910767,""score"":15.592727326071785},""V2_rvol_sameslot"":{""value"":0.5258376340847188,""score"":1.722508938981256,""status"":""ok""},""V3_breakout_bar"":{""value"":0.5009365269816213,""score"":0.062435132108085156},""V4_base_dryup"":{""value"":0.8104898536771082,""score"":68.95101463228917},""V5_bo_expansion"":{""value"":0.7338909098910769,""score"":0},""_score"":17.27},""readiness"":{""_distance_atr"":1.503,""BR1_atr_distance"":{""score"":0},""BR2_compression"":{""score"":51.10450619571982},""BR3_retest"":{""score"":50.0},""BR4_bo_age"":{""score"":50.0},""_score"":30.28},""risk"":{""R1_stop_clarity"":{""score"":14.665258607986814},""R2_stop_distance_pct"":{""value"":3.845459479869737,""score"":100.0},""R3_stop_distance_atr"":{""value"":1.1205191807063226,""score"":81.02595903531613},""R4_rr_potential"":{""value"":3.747832890961811,""score"":100.0},""_score"":67.29},""market"":{""M1_spy_regime"":{""score"":100.0},""M3_earnings_risk"":{""value"":null,""score"":80.0},""M4_vix"":{""value"":null,""score"":60.0},""_score"":84.0},""liquidity"":{""L1_price"":{""value"":423.74,""score"":100.0},""L2_dollar_vol"":{""value"":15853001677.504145,""score"":100.0},""L3_spread_proxy"":{""value"":0.025416529003634395,""score"":74.5834709963656},""L4_volume_zscore"":{""value"":-1.2122281730295466,""score"":100.0},""_score"":97.46},""pattern_structure"":{""pole_low"":406.39,""pole_low_idx"":6,""peak_price"":445.6,""peak_idx"":31,""pole_gain"":0.09648367331873332,""flag_bars"":28,""flag_low"":413.65,""flag_high"":443.8,""structural_low"":413.65,""current_price"":420.4,""neckline_distance_pct"":0.05994291151284502,""base_bars"":28},""pattern_geometry_features"":{""pole_gain"":0.09648367331873332,""pullback_pct"":0.07170107719928197,""flag_range_pct"":0.06766157989228014,""flag_drift_per_bar"":-0.0024817022076610456,""atr_pct"":0.03431855113310724,""pole_atr_multiple"":2.8114145304244835},""_schema_version"":""1.0""}",,,,,,,,,,
20260602T213437Z-756d21,2026-06-02T21:34:37.658687+00:00,PH,double_bottom,absent,47.92,17.7,47.2,55.3,65.7,42.1,22.3,65.0,84.0,72.9,2.66,11.8,4.42,9.19,5.47,1.79,3.9,5.04,3.65,True,risk_unclear;reversal_trend_cap,836.32,880.0,802.7849,944.99,"{""trend"":{""T1_ema_stack"":{""value"":[false,false,true],""score"":33.33333333333333},""T2_ema50_slope"":{""value"":-0.2568395268773714,""score"":7.193412187104769},""T3_high_proximity"":{""value"":0.8393079362530609,""score"":19.65396812653042},""T4_rs_1m"":{""value"":-0.10604538345990278,""score"":0},""T5_rs_3m"":{""value"":-0.27056879477924534,""score"":0},""T6_adr_healthy"":{""value"":2.230098049512772,""score"":100.0},""_score"":17.72},""geometry"":{""sub_low_similarity"":41.6,""sub_bounce_quality"":71.1,""sub_separation_fit"":0.0,""sub_right_bottom_reaction"":96.8,""sub_base_context"":30.0,""_score"":47.22},""compression"":{""VC1_atr_ratio"":{""value"":0.30848227588162364,""score"":100},""VC2_range_contraction"":{""value"":0.9773202405628195,""score"":3.779959906196747},""VC3_range_pct_rank"":{""score"":55.833333333333336},""_score"":55.28},""sr_quality"":{""SR1_touches"":{""value"":4,""score"":75.0},""SR2_tightness"":{""value"":1.5787396080418037,""score"":83.93773263273559},""SR3_recency"":{""value"":238,""score"":0.0},""SR4_price_location"":{""score"":62.26296145030464},""SR5_reaction"":{""value"":2.2964233649844976,""score"":100},""_score"":65.66,""_levels_found"":7,""_target_level"":861.0475},""volume"":{""V1_rvol_day"":{""value"":1.3158917361346225,""score"":54.39278240897484},""V2_rvol_sameslot"":{""value"":1.4235560484230338,""score"":61.57040322820225,""status"":""ok""},""V3_breakout_bar"":{""value"":0.855279770377898,""score"":23.685318025193205},""V4_base_dryup"":{""value"":1.0095759843475596,""score"":49.04240156524404},""V5_bo_expansion"":{""value"":1.3158917361346227,""score"":21.059449075641513},""_score"":42.08},""readiness"":{""_distance_atr"":2.222,""BR1_atr_distance"":{""score"":0},""BR2_compression"":{""score"":19.279118119576705},""BR3_retest"":{""score"":50.0},""BR4_bo_age"":{""score"":50.0},""_score"":22.32},""risk"":{""R1_stop_clarity"":{""score"":0},""R2_stop_distance_pct"":{""value"":4.009846709393539,""score"":100.0},""R3_stop_distance_atr"":{""value"":1.7059511991639806,""score"":100.0},""R4_rr_potential"":{""value"":3.240480510747673,""score"":100.0},""_score"":65.0},""market"":{""M1_spy_regime"":{""score"":100.0},""M3_earnings_risk"":{""value"":null,""score"":80.0},""M4_vix"":{""value"":null,""score"":60.0},""_score"":84.0},""liquidity"":{""L1_price"":{""value"":836.32,""score"":0.0},""L2_dollar_vol"":{""value"":876606664.0659306,""score"":100.0},""L3_spread_proxy"":{""value"":0.02060216185192273,""score"":79.39783814807727},""L4_volume_zscore"":{""value"":1.0731665000365218,""score"":100.0},""_score"":72.94},""pattern_structure"":{""left_low"":839.15,""left_idx"":20,""right_low"":815.01,""right_idx"":70,""separation_bars"":50,""structural_low"":815.01,""current_price"":835.48,""neckline_distance_pct"":0.05328673337482642,""base_bars"":50},""pattern_geometry_features"":{""low_similarity_pct"":0.029187019393529027,""bounce_pct"":0.07974135286683601,""right_bottom_reaction"":0.9680851063829875,""atr_pct"":0.023505049331766385},""_schema_version"":""1.0""}",,,,,,,,,,
20260602T213437Z-756d21,2026-06-02T21:34:37.658687+00:00,ADSK,high_tight_pullback,forming,47.85,20.7,53.7,50.1,60.8,15.2,44.7,68.0,84.0,96.8,2.48,18.78,5.01,4.86,2.13,4.02,0.68,5.04,4.84,True,trend_floor,236.66,250.49,232.1645,283.98,"{""trend"":{""T1_ema_stack"":{""value"":[false,false,false],""score"":0.0},""T2_ema50_slope"":{""value"":-0.046092850913767115,""score"":42.317858181038815},""T3_high_proximity"":{""value"":0.8960321066182039,""score"":48.01605330910191},""T4_rs_1m"":{""value"":-0.08547804967297357,""score"":0},""T5_rs_3m"":{""value"":-0.18253445090386355,""score"":0},""T6_adr_healthy"":{""value"":3.575771473903027,""score"":100.0},""_score"":20.67},""geometry"":{""sub_pole_impulse"":60.5,""sub_flag_tightness"":42.7,""sub_flag_shallowness"":23.5,""sub_flag_drift"":67.6,""sub_flag_duration"":100.0,""_score"":53.66},""compression"":{""VC1_atr_ratio"":{""value"":0.601341867690983,""score"":99.66453307725426},""VC2_range_contraction"":{""value"":1.3059962700369794,""score"":0},""VC3_range_pct_rank"":{""score"":40.833333333333336},""_score"":50.07},""sr_quality"":{""SR1_touches"":{""value"":5,""score"":100},""SR2_tightness"":{""value"":2.885005372611979,""score"":45.97729523631685},""SR3_recency"":{""value"":232,""score"":0.0},""SR4_price_location"":{""score"":35.572384283628274},""SR5_reaction"":{""value"":2.3478748077308906,""score"":100},""_score"":60.79,""_levels_found"":6,""_target_level"":249.308},""volume"":{""V1_rvol_day"":{""value"":0.9819545896965507,""score"":32.13030597977004},""V2_rvol_sameslot"":{""value"":0.8630505298066367,""score"":24.20336865377578,""status"":""ok""},""V3_breakout_bar"":{""value"":0.7384063755804589,""score"":15.89375837203059},""V4_base_dryup"":{""value"":1.8599021890286038,""score"":0},""V5_bo_expansion"":{""value"":0.9819545896965505,""score"":0},""_score"":15.24},""readiness"":{""_distance_atr"":1.295,""BR1_atr_distance"":{""score"":13.676185380859962},""BR2_compression"":{""score"":86.97209594530779},""BR3_retest"":{""score"":50.0},""BR4_bo_age"":{""score"":50.0},""_score"":44.71},""risk"":{""R1_stop_clarity"":{""score"":33.79656256269621},""R2_stop_distance_pct"":{""value"":1.8995605510014457,""score"":97.48901377503614},""R3_stop_distance_atr"":{""value"":0.42089881629104725,""score"":46.04494081455236},""R4_rr_potential"":{""value"":10.526081637192704,""score"":100.0},""_score"":67.98},""market"":{""M1_spy_regime"":{""score"":100.0},""M3_earnings_risk"":{""value"":null,""score"":80.0},""M4_vix"":{""value"":null,""score"":60.0},""_score"":84.0},""liquidity"":{""L1_price"":{""value"":236.66,""score"":100.0},""L2_dollar_vol"":{""value"":556710014.0539883,""score"":100.0},""L3_spread_proxy"":{""value"":0.03150088734893946,""score"":68.49911265106054},""L4_volume_zscore"":{""value"":-0.03091314520766642,""score"":100.0},""_score"":96.85},""pattern_structure"":{""pole_low"":217.0,""pole_low_idx"":42,""peak_price"":250.49,""peak_idx"":51,""pole_gain"":0.15433179723502308,""flag_bars"":8,""flag_low"":235.7,""flag_high"":249.0,""structural_low"":235.7,""current_price"":237.215,""neckline_distance_pct"":0.05596189111143901,""base_bars"":8},""pattern_geometry_features"":{""pole_gain"":0.15433179723502308,""pullback_pct"":0.059044273224480096,""flag_range_pct"":0.05309593197333231,""flag_drift_per_bar"":-0.006477788383654395,""atr_pct"":0.04513104996921442,""pole_atr_multiple"":3.4196367543032693},""_schema_version"":""1.0""}",,,,,,,,,,
20260602T213437Z-756d21,2026-06-02T21:34:37.658687+00:00,ESLT,ascending_triangle,forming,47.68,42.7,55.0,42.9,40.8,18.3,42.5,67.7,84.0,68.0,6.4,15.4,3.43,5.71,2.19,3.4,2.71,5.04,3.4,True,risk_unclear,849.15,902.18,825.2133,966.58,"{""trend"":{""T1_ema_stack"":{""value"":[true,true,true],""score"":100.0},""T2_ema50_slope"":{""value"":-0.14312039167243892,""score"":26.146601387926847},""T3_high_proximity"":{""value"":0.8371535890686462,""score"":18.576794534323092},""T4_rs_1m"":{""value"":-0.032436096113614976,""score"":17.56390388638502},""T5_rs_3m"":{""value"":-0.0847991747879222,""score"":7.600412606038901},""T6_adr_healthy"":{""value"":3.0280098749049373,""score"":100.0},""_score"":42.67},""geometry"":{""sub_flat_top_quality"":33.3,""sub_hl_slope"":100,""sub_compression"":0,""sub_duration"":100.0,""_score"":54.99},""compression"":{""VC1_atr_ratio"":{""value"":0.8163344026964979,""score"":45.91639932587552},""VC2_range_contraction"":{""value"":0.9476237365521621,""score"":8.72937724130631},""VC3_range_pct_rank"":{""score"":85.83333333333334},""_score"":42.88},""sr_quality"":{""SR1_touches"":{""value"":2,""score"":25.0},""SR2_tightness"":{""value"":4.694999999999993,""score"":71.80450523083698},""SR3_recency"":{""value"":249,""score"":0.0},""SR4_price_location"":{""score"":30.0},""SR5_reaction"":{""value"":2.3659743478049178,""score"":100},""_score"":40.77,""_levels_found"":2,""_target_level"":805.305},""volume"":{""V1_rvol_day"":{""value"":0.4814689893155013,""score"":0},""V2_rvol_sameslot"":{""value"":0.2731862288679812,""score"":0,""status"":""ok""},""V3_breakout_bar"":{""value"":0.391065018854939,""score"":0},""V4_base_dryup"":{""value"":0.5859710664126987,""score"":91.40289335873013},""V5_bo_expansion"":{""value"":0.4814689893155014,""score"":0},""_score"":18.28},""readiness"":{""_distance_atr"":1.592,""BR1_atr_distance"":{""score"":0},""BR2_compression"":{""score"":100},""BR3_retest"":{""score"":50.0},""BR4_bo_age"":{""score"":50.0},""_score"":42.5},""risk"":{""R1_stop_clarity"":{""score"":24.531560358755996},""R2_stop_distance_pct"":{""value"":2.8189012541953686,""score"":100.0},""R3_stop_distance_atr"":{""value"":0.7187509048360221,""score"":60.937545241801104},""R4_rr_potential"":{""value"":4.90585586150138,""score"":100.0},""_score"":67.73},""market"":{""M1_spy_regime"":{""score"":100.0},""M3_earnings_risk"":{""value"":null,""score"":80.0},""M4_vix"":{""value"":null,""score"":60.0},""_score"":84.0},""liquidity"":{""L1_price"":{""value"":849.15,""score"":0.0},""L2_dollar_vol"":{""value"":55709536.653794244,""score"":87.29647731846919},""L3_spread_proxy"":{""value"":0.019101454395572075,""score"":80.89854560442792},""L4_volume_zscore"":{""value"":-1.26856297736592,""score"":100.0},""_score"":68.01},""pattern_structure"":{""top"":902.18,""top_touches"":2,""low_slope_per_bar"":2.5213087057010797,""lowest_low"":837.78,""structural_low"":837.78,""current_price"":846.53,""neckline_distance_pct"":0.06573895786327712,""base_bars"":35},""pattern_geometry_features"":{""top_touches"":2.0,""low_slope"":2.5213087057010797,""compression"":-0.44358531251266187,""atr_pct"":0.03921944633709339},""_schema_version"":""1.0""}",,,,,,,,,,
20260602T213437Z-756d21,2026-06-02T21:34:37.658687+00:00,LHX,double_bottom,absent,47.46,16.1,43.1,83.9,50.7,26.8,46.0,55.2,84.0,98.9,2.41,10.79,6.71,7.1,3.48,3.68,3.31,5.04,4.95,True,risk_unclear;reversal_trend_cap,308.12,315.39,299.0312,327.195,"{""trend"":{""T1_ema_stack"":{""value"":[false,false,true],""score"":33.33333333333333},""T2_ema50_slope"":{""value"":-0.28537352917414266,""score"":2.437745137642885},""T3_high_proximity"":{""value"":0.8299305069223725,""score"":14.965253461186212},""T4_rs_1m"":{""value"":-0.07076015806671265,""score"":0},""T5_rs_3m"":{""value"":-0.2791902794615657,""score"":0},""T6_adr_healthy"":{""value"":2.093239920577145,""score"":100.0},""_score"":16.07},""geometry"":{""sub_low_similarity"":76.5,""sub_bounce_quality"":12.7,""sub_separation_fit"":0.0,""sub_right_bottom_reaction"":77.7,""sub_base_context"":30.0,""_score"":43.14},""compression"":{""VC1_atr_ratio"":{""value"":0.3927717892796538,""score"":100},""VC2_range_contraction"":{""value"":0.6551508457130304,""score"":57.474859047828275},""VC3_range_pct_rank"":{""score"":95.0},""_score"":83.87},""sr_quality"":{""SR1_touches"":{""value"":2,""score"":25.0},""SR2_tightness"":{""value"":0.3199999999999932,""score"":90.2096618399719},""SR3_recency"":{""value"":226,""score"":0.0},""SR4_price_location"":{""score"":58.67903719183931},""SR5_reaction"":{""value"":2.1523446548687226,""score"":100},""_score"":50.7,""_levels_found"":7,""_target_level"":315.07},""volume"":{""V1_rvol_day"":{""value"":0.5658530933770731,""score"":4.390206225138208},""V2_rvol_sameslot"":{""value"":0.6723042083003363,""score"":11.48694722002242,""status"":""ok""},""V3_breakout_bar"":{""value"":1.2078377277578864,""score"":47.18918185052576},""V4_base_dryup"":{""value"":0.9099917565777991,""score"":59.00082434222009},""V5_bo_expansion"":{""value"":0.5658530933770731,""score"":0},""_score"":26.77},""readiness"":{""_distance_atr"":1.112,""BR1_atr_distance"":{""score"":25.858584975619124},""BR2_compression"":{""score"":72.46594733322733},""BR3_retest"":{""score"":50.0},""BR4_bo_age"":{""score"":50.0},""_score"":45.96},""risk"":{""R1_stop_clarity"":{""score"":0},""R2_stop_distance_pct"":{""value"":2.949751720109066,""score"":100.0},""R3_stop_distance_atr"":{""value"":1.390346573600185,""score"":94.51732868000924},""R4_rr_potential"":{""value"":2.0987426798440794,""score"":54.93713399220397},""_score"":55.17},""market"":{""M1_spy_regime"":{""score"":100.0},""M3_earnings_risk"":{""value"":null,""score"":80.0},""M4_vix"":{""value"":null,""score"":60.0},""_score"":84.0},""liquidity"":{""L1_price"":{""value"":308.12,""score"":100.0},""L2_dollar_vol"":{""value"":225316153.5271051,""score"":100.0},""L3_spread_proxy"":{""value"":0.010775022718421371,""score"":89.22497728157863},""L4_volume_zscore"":{""value"":-1.3156132285840922,""score"":100.0},""_score"":98.92},""pattern_structure"":{""left_low"":303.585,""left_idx"":27,""right_low"":307.17,""right_idx"":74,""separation_bars"":47,""structural_low"":303.585,""current_price"":308.46,""neckline_distance_pct"":0.022466446216689383,""base_bars"":47},""pattern_geometry_features"":{""low_similarity_pct"":0.011739568239310482,""bounce_pct"":0.03888532042096944,""right_bottom_reaction"":0.7771084337349365,""atr_pct"":0.02121594554997128},""_schema_version"":""1.0""}",,,,,,,,,,
20260602T213437Z-756d21,2026-06-02T21:34:37.658687+00:00,TSEM,bull_flag,absent,47.3,96.4,19.0,43.5,48.4,22.6,58.4,44.6,84.0,90.9,13.5,5.7,3.92,4.84,3.16,5.26,1.34,5.04,4.54,False,,274.71,290.074,237.3604,330.008,"{""trend"":{""T1_ema_stack"":{""value"":[true,true,true],""score"":100.0},""T2_ema50_slope"":{""value"":0.8425576820331481,""score"":100},""T3_high_proximity"":{""value"":0.9521020344504905,""score"":76.0510172252452},""T4_rs_1m"":{""value"":0.2060730134354285,""score"":100},""T5_rs_3m"":{""value"":1.0719282908438177,""score"":100},""T6_adr_healthy"":{""value"":7.796268539395166,""score"":100.0},""_score"":96.41},""geometry"":{""sub_pole_impulse"":19.1,""sub_flag_tightness"":0,""sub_flag_shallowness"":0,""sub_flag_drift"":88.5,""sub_flag_duration"":0.0,""_score"":19.01},""compression"":{""VC1_atr_ratio"":{""value"":0.5936847618646617,""score"":100},""VC2_range_contraction"":{""value"":1.0320249408987525,""score"":0},""VC3_range_pct_rank"":{""score"":14.166666666666671},""_score"":43.54},""sr_quality"":{""SR1_touches"":{""value"":3,""score"":50.0},""SR2_tightness"":{""value"":2.8574580778493854,""score"":77.01475054137713},""SR3_recency"":{""value"":232,""score"":0.0},""SR4_price_location"":{""score"":30.0},""SR5_reaction"":{""value"":1.9119128120106896,""score"":95.59564060053448},""_score"":48.39,""_levels_found"":4,""_target_level"":232.37},""volume"":{""V1_rvol_day"":{""value"":0.9313126421343457,""score"":28.754176142289715},""V2_rvol_sameslot"":{""value"":0.6257474881890869,""score"":8.383165879272457,""status"":""ok""},""V3_breakout_bar"":{""value"":0.44893836107514545,""score"":0},""V4_base_dryup"":{""value"":0.7417977888625084,""score"":75.82022111374917},""V5_bo_expansion"":{""value"":0.931312642134346,""score"":0},""_score"":22.59},""readiness"":{""_distance_atr"":0.618,""BR1_atr_distance"":{""score"":58.80425153392848},""BR2_compression"":{""score"":69.54023055984517},""BR3_retest"":{""score"":50.0},""BR4_bo_age"":{""score"":50.0},""_score"":58.41},""risk"":{""R1_stop_clarity"":{""score"":70.92413779630832},""R2_stop_distance_pct"":{""value"":13.59601943868078,""score"":0.0},""R3_stop_distance_atr"":{""value"":1.502192550900246,""score"":100.0},""R4_rr_potential"":{""value"":1.480550340197528,""score"":24.027517009876398},""_score"":44.63},""market"":{""M1_spy_regime"":{""score"":100.0},""M3_earnings_risk"":{""value"":null,""score"":80.0},""M4_vix"":{""value"":null,""score"":60.0},""_score"":84.0},""liquidity"":{""L1_price"":{""value"":274.71,""score"":100.0},""L2_dollar_vol"":{""value"":633551717.0186356,""score"":100.0},""L3_spread_proxy"":{""value"":0.09108004805067163,""score"":8.919951949328365},""L4_volume_zscore"":{""value"":-0.157288770858179,""score"":100.0},""_score"":90.89},""pattern_structure"":{""pole_low"":250.14,""pole_low_idx"":5,""peak_price"":290.074,""peak_idx"":30,""pole_gain"":0.15964659790517322,""flag_bars"":29,""flag_low"":240.975,""flag_high"":289.89,""structural_low"":240.975,""current_price"":274.81,""neckline_distance_pct"":0.05554383028274084,""base_bars"":29},""pattern_geometry_features"":{""pole_gain"":0.15964659790517322,""pullback_pct"":0.16926370512352026,""flag_range_pct"":0.168629384226094,""flag_drift_per_bar"":-0.002295898841349059,""atr_pct"":0.09050783423558352,""pole_atr_multiple"":1.763898111732824},""_schema_version"":""1.0""}",,,,,,,,,,
20260602T213437Z-756d21,2026-06-02T21:34:37.658687+00:00,VSAT,bull_flag,absent,46.97,79.5,32.8,24.6,39.5,28.6,39.5,79.8,84.0,97.0,11.13,9.83,2.21,3.95,4.01,3.55,2.39,5.04,4.85,False,,72.61,89.785,69.9547,109.82,"{""trend"":{""T1_ema_stack"":{""value"":[false,true,true],""score"":66.66666666666666},""T2_ema50_slope"":{""value"":0.7917141618740022,""score"":100},""T3_high_proximity"":{""value"":0.8375821894105433,""score"":18.791094705271625},""T4_rs_1m"":{""value"":0.061011628101234505,""score"":100},""T5_rs_3m"":{""value"":0.468206291240425,""score"":100},""T6_adr_healthy"":{""value"":6.326896072887445,""score"":100.0},""_score"":79.49},""geometry"":{""sub_pole_impulse"":60.6,""sub_flag_tightness"":0,""sub_flag_shallowness"":0,""sub_flag_drift"":47.3,""sub_flag_duration"":75.0,""_score"":32.77},""compression"":{""VC1_atr_ratio"":{""value"":1.0175173310656627,""score"":0},""VC2_range_contraction"":{""value"":1.6316163098015255,""score"":0},""VC3_range_pct_rank"":{""score"":98.33333333333333},""_score"":24.58},""sr_quality"":{""SR1_touches"":{""value"":2,""score"":25.0},""SR2_tightness"":{""value"":1.1099999999999994,""score"":63.55321020228675},""SR3_recency"":{""value"":232,""score"":0.0},""SR4_price_location"":{""score"":30.0},""SR5_reaction"":{""value"":2.350982116681325,""score"":100},""_score"":39.53,""_levels_found"":7,""_target_level"":66.09},""volume"":{""V1_rvol_day"":{""value"":1.1531700282880861,""score"":43.54466855253907},""V2_rvol_sameslot"":{""value"":1.0741501666420887,""score"":38.27667777613925,""status"":""ok""},""V3_breakout_bar"":{""value"":1.0230479468625029,""score"":34.86986312416686},""V4_base_dryup"":{""value"":1.398408536732307,""score"":10.159146326769303},""V5_bo_expansion"":{""value"":1.153170028288086,""score"":10.211335219205726},""_score"":28.65},""readiness"":{""_distance_atr"":2.82,""BR1_atr_distance"":{""score"":0},""BR2_compression"":{""score"":87.97680885949259},""BR3_retest"":{""score"":50.0},""BR4_bo_age"":{""score"":50.0},""_score"":39.49},""risk"":{""R1_stop_clarity"":{""score"":65.02093227792412},""R2_stop_distance_pct"":{""value"":3.6569343065693585,""score"":100.0},""R3_stop_distance_atr"":{""value"":0.43593315743183986,""score"":46.796657871592},""R4_rr_potential"":{""value"":14.013482469024154,""score"":100.0},""_score"":79.78},""market"":{""M1_spy_regime"":{""score"":100.0},""M3_earnings_risk"":{""value"":null,""score"":80.0},""M4_vix"":{""value"":null,""score"":60.0},""_score"":84.0},""liquidity"":{""L1_price"":{""value"":72.61,""score"":100.0},""L2_dollar_vol"":{""value"":199884664.32261837,""score"":100.0},""L3_spread_proxy"":{""value"":0.02974796859936643,""score"":70.25203140063357},""L4_volume_zscore"":{""value"":0.3455203641233955,""score"":100.0},""_score"":97.03},""pattern_structure"":{""pole_low"":69.75,""pole_low_idx"":17,""peak_price"":89.785,""peak_idx"":37,""pole_gain"":0.2872401433691756,""flag_bars"":22,""flag_low"":71.02,""flag_high"":89.76,""structural_low"":71.02,""current_price"":73.79,""neckline_distance_pct"":0.21676378913131847,""base_bars"":22},""pattern_geometry_features"":{""pole_gain"":0.2872401433691756,""pullback_pct"":0.2089992760483377,""flag_range_pct"":0.20872083310129766,""flag_drift_per_bar"":-0.010538723401194458,""atr_pct"":0.08388750073779687,""pole_atr_multiple"":3.4241113496394213},""_schema_version"":""1.0""}",,,,,,,,,,
20260602T213437Z-756d21,2026-06-02T21:34:37.658687+00:00,TRMB,vcp,setup,46.83,6.5,53.0,46.2,46.3,22.7,74.2,69.9,84.0,96.5,0.97,13.25,5.55,5.55,2.96,5.19,3.5,5.04,4.83,True,risk_unclear;trend_floor,57.74,57.74,53.3082,74.42,"{""trend"":{""T1_ema_stack"":{""value"":[false,false,false],""score"":0.0},""T2_ema50_slope"":{""value"":-0.5688713302720786,""score"":0},""T3_high_proximity"":{""value"":0.819472040874255,""score"":9.736020437127458},""T4_rs_1m"":{""value"":-0.2101015085665644,""score"":0},""T5_rs_3m"":{""value"":-0.28159723749209353,""score"":0},""T6_adr_healthy"":{""value"":3.846278058912677,""score"":100.0},""_score"":6.46},""geometry"":{""sub_contraction_count"":100.0,""sub_reduction_rate"":0,""sub_pivot_tightness"":53.3,""sub_volume_dryup"":0,""sub_base_depth"":100.0,""sub_base_duration"":100.0,""_score"":52.99},""compression"":{""VC1_atr_ratio"":{""value"":0.37140586997316605,""score"":100},""VC2_range_contraction"":{""value"":1.1170226807624941,""score"":0},""VC3_range_pct_rank"":{""score"":25.0},""_score"":46.25},""sr_quality"":{""SR1_touches"":{""value"":2,""score"":25.0},""SR2_tightness"":{""value"":0.030000000000001137,""score"":96.82362016547414},""SR3_recency"":{""value"":262,""score"":0.0},""SR4_price_location"":{""score"":37.02943189596168},""SR5_reaction"":{""value"":2.690658418162843,""score"":100},""_score"":46.28,""_levels_found"":7,""_target_level"":63.49},""volume"":{""V1_rvol_day"":{""value"":0.9561146766514175,""score"":30.4076451100945},""V2_rvol_sameslot"":{""value"":1.005345931515504,""score"":33.68972876770027,""status"":""ok""},""V3_breakout_bar"":{""value"":1.0953106840370237,""score"":39.68737893580158},""V4_base_dryup"":{""value"":1.8945589224786619,""score"":0},""V5_bo_expansion"":{""value"":0.9561146766514175,""score"":0},""_score"":22.74},""readiness"":{""_distance_atr"":0.0,""BR1_atr_distance"":{""score"":100.0},""BR2_compression"":{""score"":66.64699688399072},""BR3_retest"":{""score"":50.0},""BR4_bo_age"":{""score"":50.0},""_score"":74.16},""risk"":{""R1_stop_clarity"":{""score"":14.047161677733826},""R2_stop_distance_pct"":{""value"":7.675441634915141,""score"":100.0},""R3_stop_distance_atr"":{""value"":2.3461800251085263,""score"":100.0},""R4_rr_potential"":{""value"":3.7637077485446073,""score"":100.0},""_score"":69.92},""market"":{""M1_spy_regime"":{""score"":100.0},""M3_earnings_risk"":{""value"":null,""score"":80.0},""M4_vix"":{""value"":null,""score"":60.0},""_score"":84.0},""liquidity"":{""L1_price"":{""value"":57.74,""score"":100.0},""L2_dollar_vol"":{""value"":164362354.69365212,""score"":100.0},""L3_spread_proxy"":{""value"":0.034464842396951884,""score"":65.53515760304812},""L4_volume_zscore"":{""value"":-0.12917571452834134,""score"":100.0},""_score"":96.55},""pattern_structure"":{""n_contractions"":5,""contractions_pct"":[6.08,8.8,7.01,21.77,6.27],""descending_strict"":false,""final_low"":54.12,""final_pivot"":57.74,""structural_low"":54.12,""dry_up_ratio"":1.431552607685167,""current_price"":57.74,""neckline_distance_pct"":0.0,""base_bars"":67,""recent_base_height"":16.68},""pattern_geometry_features"":{""contraction_count"":5.0,""first_contraction_pct"":0.06082548877624914,""last_contraction_pct"":0.06269483893314867,""dry_up_ratio"":1.431552607685167,""near_monotone"":0.0,""base_depth_pct"":0.2162201303403331},""_schema_version"":""1.0""}",,,,,,,,,,
20260602T213437Z-756d21,2026-06-02T21:34:37.658687+00:00,ADBE,vcp,absent,46.68,38.6,49.4,26.3,41.2,28.4,73.4,36.0,84.0,95.4,5.79,12.35,3.16,4.94,3.69,5.14,1.8,5.04,4.77,False,,262.11,265.09,233.1101,298.44,"{""trend"":{""T1_ema_stack"":{""value"":[true,false,false],""score"":33.33333333333333},""T2_ema50_slope"":{""value"":-0.06962353507683774,""score"":38.39607748719371},""T3_high_proximity"":{""value"":0.9241590861011213,""score"":62.07954305056062},""T4_rs_1m"":{""value"":-0.008535936667402266,""score"":41.46406333259773},""T5_rs_3m"":{""value"":-0.14924162501097638,""score"":0},""T6_adr_healthy"":{""value"":3.436797154809464,""score"":100.0},""_score"":38.62},""geometry"":{""sub_contraction_count"":100.0,""sub_reduction_rate"":17.5,""sub_pivot_tightness"":0,""sub_volume_dryup"":0,""sub_base_depth"":100.0,""sub_base_duration"":100.0,""_score"":49.38},""compression"":{""VC1_atr_ratio"":{""value"":0.7723612918727716,""score"":56.90967703180711},""VC2_range_contraction"":{""value"":1.1606484070296497,""score"":0},""VC3_range_pct_rank"":{""score"":14.166666666666671},""_score"":26.31},""sr_quality"":{""SR1_touches"":{""value"":2,""score"":25.0},""SR2_tightness"":{""value"":2.0190000000000055,""score"":61.8098246543211},""SR3_recency"":{""value"":232,""score"":0.0},""SR4_price_location"":{""score"":37.621662091340205},""SR5_reaction"":{""value"":2.4901167079652704,""score"":100},""_score"":41.18,""_levels_found"":5,""_target_level"":267.109},""volume"":{""V1_rvol_day"":{""value"":1.2215223829321442,""score"":48.10149219547628},""V2_rvol_sameslot"":{""value"":1.0290688708685265,""score"":35.27125805790177,""status"":""ok""},""V3_breakout_bar"":{""value"":0.5936852219424046,""score"":6.245681462826972},""V4_base_dryup"":{""value"":1.1041120297662033,""score"":39.588797023379676},""V5_bo_expansion"":{""value"":1.2215223829321444,""score"":14.768158862142963},""_score"":28.37},""readiness"":{""_distance_atr"":0.282,""BR1_atr_distance"":{""score"":81.21071115566761},""BR2_compression"":{""score"":93.76176899246158},""BR3_retest"":{""score"":50.0},""BR4_bo_age"":{""score"":50.0},""_score"":73.42},""risk"":{""R1_stop_clarity"":{""score"":32.85225187735243},""R2_stop_distance_pct"":{""value"":11.0640189233528,""score"":23.399526916180015},""R3_stop_distance_atr"":{""value"":2.7427223031380668,""score"":100.0},""R4_rr_potential"":{""value"":1.2527629405618603,""score"":12.638147028093016},""_score"":36.05},""market"":{""M1_spy_regime"":{""score"":100.0},""M3_earnings_risk"":{""value"":null,""score"":80.0},""M4_vix"":{""value"":null,""score"":60.0},""_score"":84.0},""liquidity"":{""L1_price"":{""value"":262.11,""score"":100.0},""L2_dollar_vol"":{""value"":1565325696.8774278,""score"":100.0},""L3_spread_proxy"":{""value"":0.045706001297165164,""score"":54.293998702834834},""L4_volume_zscore"":{""value"":0.5579231445026693,""score"":100.0},""_score"":95.43},""pattern_structure"":{""n_contractions"":5,""contractions_pct"":[18.29,9.42,9.75,10.68,10.72],""descending_strict"":false,""final_low"":236.66,""final_pivot"":265.09,""structural_low"":236.66,""dry_up_ratio"":1.067623496842244,""current_price"":262.11,""neckline_distance_pct"":0.01136927244286735,""base_bars"":58,""recent_base_height"":33.349999999999966},""pattern_geometry_features"":{""contraction_count"":5.0,""first_contraction_pct"":0.18294435099523412,""last_contraction_pct"":0.10724659549586926,""dry_up_ratio"":1.067623496842244,""near_monotone"":0.0,""base_depth_pct"":0.1706616204093076},""_schema_version"":""1.0""}",,,,,,,,,,
20260602T213437Z-756d21,2026-06-02T21:34:37.658687+00:00,MSFT,ascending_triangle,absent,46.64,64.2,40.0,25.3,39.4,29.6,33.5,54.0,84.0,97.0,9.62,11.2,2.02,5.51,3.55,2.68,2.16,5.04,4.85,True,risk_unclear,441.31,466.32,403.4363,523.06,"{""trend"":{""T1_ema_stack"":{""value"":[true,true,false],""score"":66.66666666666666},""T2_ema50_slope"":{""value"":0.0825452854734344,""score"":63.757547578905736},""T3_high_proximity"":{""value"":0.9582862850690524,""score"":79.1431425345262},""T4_rs_1m"":{""value"":0.010827676019540933,""score"":60.82767601954093},""T5_rs_3m"":{""value"":-0.023932101387233118,""score"":38.03394930638344},""T6_adr_healthy"":{""value"":2.446801070561517,""score"":100.0},""_score"":64.16},""geometry"":{""sub_flat_top_quality"":33.3,""sub_hl_slope"":50.0,""sub_compression"":0,""sub_duration"":100.0,""_score"":39.99},""compression"":{""VC1_atr_ratio"":{""value"":0.7890178452711759,""score"":52.74553868220602},""VC2_range_contraction"":{""value"":1.1664449820186276,""score"":0},""VC3_range_pct_rank"":{""score"":16.666666666666664},""_score"":25.26},""sr_quality"":{""SR1_touches"":{""value"":2,""score"":25.0},""SR2_tightness"":{""value"":0.6899999999999977,""score"":89.33715400251342},""SR3_recency"":{""value"":325,""score"":0.0},""SR4_price_location"":{""score"":28.8564812533872},""SR5_reaction"":{""value"":1.5036158196455776,""score"":75.18079098227888},""_score"":39.39,""_levels_found"":6,""_target_level"":470.19},""volume"":{""V1_rvol_day"":{""value"":1.012143166142247,""score"":34.142877742816474},""V2_rvol_sameslot"":{""value"":1.196939939532965,""score"":46.462662635531,""status"":""ok""},""V3_breakout_bar"":{""value"":0.6644038253253963,""score"":10.960255021693088},""V4_base_dryup"":{""value"":0.9707853390095909,""score"":52.92146609904091},""V5_bo_expansion"":{""value"":1.012143166142247,""score"":0.8095444094831391},""_score"":29.57},""readiness"":{""_distance_atr"":1.932,""BR1_atr_distance"":{""score"":0},""BR2_compression"":{""score"":64.04407646273208},""BR3_retest"":{""score"":50.0},""BR4_bo_age"":{""score"":50.0},""_score"":33.51},""risk"":{""R1_stop_clarity"":{""score"":5.058946442378556},""R2_stop_distance_pct"":{""value"":8.582107815367891,""score"":85.44730461580272},""R3_stop_distance_atr"":{""value"":2.9263871772102132,""score"":100.0},""R4_rr_potential"":{""value"":2.1584899283671746,""score"":57.92449641835873},""_score"":53.99},""market"":{""M1_spy_regime"":{""score"":100.0},""M3_earnings_risk"":{""value"":null,""score"":80.0},""M4_vix"":{""value"":null,""score"":60.0},""_score"":84.0},""liquidity"":{""L1_price"":{""value"":441.31,""score"":100.0},""L2_dollar_vol"":{""value"":16303981427.419336,""score"":100.0},""L3_spread_proxy"":{""value"":0.029616369445514476,""score"":70.38363055448552},""L4_volume_zscore"":{""value"":0.03412271301332284,""score"":100.0},""_score"":97.04},""pattern_structure"":{""top"":466.32,""top_touches"":2,""low_slope_per_bar"":0.6148840240123954,""lowest_low"":409.58,""structural_low"":409.58,""current_price"":441.69,""neckline_distance_pct"":0.055763091761189966,""base_bars"":41},""pattern_geometry_features"":{""top_touches"":2.0,""low_slope"":0.6148840240123954,""compression"":-0.019798712209998515,""atr_pct"":0.029326631425269558},""_schema_version"":""1.0""}",,,,,,,,,,
20260602T213437Z-756d21,2026-06-02T21:34:37.658687+00:00,NOC,double_bottom,absent,46.4,5.0,37.8,82.2,40.0,57.1,38.6,62.5,84.0,94.2,0.75,9.46,6.58,5.61,7.42,3.09,3.75,5.04,4.71,True,risk_unclear;reversal_trend_cap,536.59,562.7,523.823,593.6,"{""trend"":{""T1_ema_stack"":{""value"":[false,false,false],""score"":0.0},""T2_ema50_slope"":{""value"":-0.5106854242347945,""score"":0},""T3_high_proximity"":{""value"":0.7096531019798183,""score"":0},""T4_rs_1m"":{""value"":-0.10953888657880795,""score"":0},""T5_rs_3m"":{""value"":-0.40960563571686004,""score"":0},""T6_adr_healthy"":{""value"":1.9687367240087843,""score"":100.0},""_score"":5.0},""geometry"":{""sub_low_similarity"":40.0,""sub_bounce_quality"":40.1,""sub_separation_fit"":0.0,""sub_right_bottom_reaction"":78.8,""sub_base_context"":30.0,""_score"":37.84},""compression"":{""VC1_atr_ratio"":{""value"":0.4162638875442031,""score"":100},""VC2_range_contraction"":{""value"":0.6763679910836243,""score"":53.938668152729285},""VC3_range_pct_rank"":{""score"":93.33333333333333},""_score"":82.21},""sr_quality"":{""SR1_touches"":{""value"":3,""score"":50.0},""SR2_tightness"":{""value"":1.8157107576802218,""score"":66.99779213564024},""SR3_recency"":{""value"":259,""score"":0.0},""SR4_price_location"":{""score"":0},""SR5_reaction"":{""value"":2.888607594936707,""score"":100},""_score"":40.05,""_levels_found"":2,""_target_level"":665.7083},""volume"":{""V1_rvol_day"":{""value"":1.5031306574927914,""score"":66.87537716618608},""V2_rvol_sameslot"":{""value"":1.7414803673626769,""score"":82.76535782417845,""status"":""ok""},""V3_breakout_bar"":{""value"":1.0744521391720168,""score"":38.296809278134454},""V4_base_dryup"":{""value"":0.8726594599777856,""score"":62.73405400222144},""V5_bo_expansion"":{""value"":1.5031306574927914,""score"":33.542043832852755},""_score"":57.08},""readiness"":{""_distance_atr"":2.373,""BR1_atr_distance"":{""score"":0},""BR2_compression"":{""score"":84.27829800454575},""BR3_retest"":{""score"":50.0},""BR4_bo_age"":{""score"":50.0},""_score"":38.57},""risk"":{""R1_stop_clarity"":{""score"":0},""R2_stop_distance_pct"":{""value"":2.3792839970927617,""score"":100.0},""R3_stop_distance_atr"":{""value"":1.1602596559558638,""score"":83.01298279779319},""R4_rr_potential"":{""value"":4.465418657476296,""score"":100.0},""_score"":62.45},""market"":{""M1_spy_regime"":{""score"":100.0},""M3_earnings_risk"":{""value"":null,""score"":80.0},""M4_vix"":{""value"":null,""score"":60.0},""_score"":84.0},""liquidity"":{""L1_price"":{""value"":536.59,""score"":81.70499999999998},""L2_dollar_vol"":{""value"":714904512.2148402,""score"":100.0},""L3_spread_proxy"":{""value"":0.012347043366443725,""score"":87.65295663355627},""L4_volume_zscore"":{""value"":1.23863904479522,""score"":100.0},""_score"":94.19},""pattern_structure"":{""left_low"":548.0,""left_idx"":26,""right_low"":531.8,""right_idx"":74,""separation_bars"":48,""structural_low"":531.8,""current_price"":535.2,""neckline_distance_pct"":0.051382660687593416,""base_bars"":48},""pattern_geometry_features"":{""low_similarity_pct"":0.03000555658455278,""bounce_pct"":0.05810455058292609,""right_bottom_reaction"":0.7878888503162117,""atr_pct"":0.02050647874274851},""_schema_version"":""1.0""}",,,,,,,,,,
20260602T213437Z-756d21,2026-06-02T21:34:37.658687+00:00,ESLT,high_tight_pullback,forming,46.36,42.7,57.2,42.9,40.8,5.2,42.5,67.7,84.0,68.0,5.12,20.03,4.29,3.26,0.72,3.82,0.68,5.04,3.4,True,risk_unclear,849.15,902.18,825.2133,1046.0,"{""trend"":{""T1_ema_stack"":{""value"":[true,true,true],""score"":100.0},""T2_ema50_slope"":{""value"":-0.14312039167243892,""score"":26.146601387926847},""T3_high_proximity"":{""value"":0.8371535890686462,""score"":18.576794534323092},""T4_rs_1m"":{""value"":-0.032436096113614976,""score"":17.56390388638502},""T5_rs_3m"":{""value"":-0.0847991747879222,""score"":7.600412606038901},""T6_adr_healthy"":{""value"":3.0280098749049373,""score"":100.0},""_score"":42.67},""geometry"":{""sub_pole_impulse"":95.9,""sub_flag_tightness"":41.5,""sub_flag_shallowness"":24.7,""sub_flag_drift"":87.6,""sub_flag_duration"":0.0,""_score"":57.22},""compression"":{""VC1_atr_ratio"":{""value"":0.8163344026964979,""score"":45.91639932587552},""VC2_range_contraction"":{""value"":0.9476237365521621,""score"":8.72937724130631},""VC3_range_pct_rank"":{""score"":85.83333333333334},""_score"":42.88},""sr_quality"":{""SR1_touches"":{""value"":2,""score"":25.0},""SR2_tightness"":{""value"":4.694999999999993,""score"":71.80450523083698},""SR3_recency"":{""value"":249,""score"":0.0},""SR4_price_location"":{""score"":30.0},""SR5_reaction"":{""value"":2.3659743478049178,""score"":100},""_score"":40.77,""_levels_found"":2,""_target_level"":805.305},""volume"":{""V1_rvol_day"":{""value"":0.4814689893155013,""score"":0},""V2_rvol_sameslot"":{""value"":0.2731862288679812,""score"":0,""status"":""ok""},""V3_breakout_bar"":{""value"":0.391065018854939,""score"":0},""V4_base_dryup"":{""value"":1.2423565583686609,""score"":25.764344163133913},""V5_bo_expansion"":{""value"":0.4814689893155014,""score"":0},""_score"":5.15},""readiness"":{""_distance_atr"":1.592,""BR1_atr_distance"":{""score"":0},""BR2_compression"":{""score"":100},""BR3_retest"":{""score"":50.0},""BR4_bo_age"":{""score"":50.0},""_score"":42.5},""risk"":{""R1_stop_clarity"":{""score"":24.531560358755996},""R2_stop_distance_pct"":{""value"":2.8189012541953686,""score"":100.0},""R3_stop_distance_atr"":{""value"":0.7187509048360221,""score"":60.937545241801104},""R4_rr_potential"":{""value"":8.223773536034635,""score"":100.0},""_score"":67.73},""market"":{""M1_spy_regime"":{""score"":100.0},""M3_earnings_risk"":{""value"":null,""score"":80.0},""M4_vix"":{""value"":null,""score"":60.0},""_score"":84.0},""liquidity"":{""L1_price"":{""value"":849.15,""score"":0.0},""L2_dollar_vol"":{""value"":55709536.653794244,""score"":87.29647731846919},""L3_spread_proxy"":{""value"":0.019101454395572075,""score"":80.89854560442792},""L4_volume_zscore"":{""value"":-1.26856297736592,""score"":100.0},""_score"":68.01},""pattern_structure"":{""pole_low"":758.36,""pole_low_idx"":13,""peak_price"":902.18,""peak_idx"":38,""pole_gain"":0.1896460783796613,""flag_bars"":21,""flag_low"":837.78,""flag_high"":897.79,""structural_low"":837.78,""current_price"":846.53,""neckline_distance_pct"":0.06573895786327712,""base_bars"":21},""pattern_geometry_features"":{""pole_gain"":0.1896460783796613,""pullback_pct"":0.0713826509122348,""flag_range_pct"":0.0665166596466337,""flag_drift_per_bar"":-0.0024867139050924517,""atr_pct"":0.03921944633709339,""pole_atr_multiple"":4.835511362135058},""_schema_version"":""1.0""}",,,,,,,,,,
20260602T213437Z-756d21,2026-06-02T21:34:37.658687+00:00,TEM,bull_flag,absent,46.08,18.9,45.0,51.2,77.2,13.8,42.5,69.0,84.0,94.8,2.64,13.49,4.61,7.72,1.94,3.82,2.07,5.04,4.74,True,trend_floor,49.62,54.7485,48.8887,64.037,"{""trend"":{""T1_ema_stack"":{""value"":[true,false,false],""score"":33.33333333333333},""T2_ema50_slope"":{""value"":-0.3328380000540527,""score"":0},""T3_high_proximity"":{""value"":0.8738992603029235,""score"":36.94963015146174},""T4_rs_1m"":{""value"":-0.1518249812353748,""score"":0},""T5_rs_3m"":{""value"":-0.15110323835177042,""score"":0},""T6_adr_healthy"":{""value"":6.134947824588579,""score"":100.0},""_score"":18.88},""geometry"":{""sub_pole_impulse"":61.0,""sub_flag_tightness"":28.8,""sub_flag_shallowness"":8.5,""sub_flag_drift"":51.7,""sub_flag_duration"":100.0,""_score"":44.95},""compression"":{""VC1_atr_ratio"":{""value"":0.4435619272127092,""score"":100},""VC2_range_contraction"":{""value"":1.1647307045336834,""score"":0},""VC3_range_pct_rank"":{""score"":44.99999999999999},""_score"":51.25},""sr_quality"":{""SR1_touches"":{""value"":8,""score"":100},""SR2_tightness"":{""value"":0.7277165382207559,""score"":50.59737550538086},""SR3_recency"":{""value"":246,""score"":0.0},""SR4_price_location"":{""score"":98.51821472512967},""SR5_reaction"":{""value"":2.512521548118677,""score"":100},""_score"":77.22,""_levels_found"":4,""_target_level"":49.7308},""volume"":{""V1_rvol_day"":{""value"":0.8863473064873408,""score"":25.756487099156054},""V2_rvol_sameslot"":{""value"":0.8612633835730759,""score"":24.08422557153839,""status"":""ok""},""V3_breakout_bar"":{""value"":0.5405755353711694,""score"":2.705035691411295},""V4_base_dryup"":{""value"":1.3403920166944385,""score"":15.960798330556145},""V5_bo_expansion"":{""value"":0.8863473064873408,""score"":0},""_score"":13.84},""readiness"":{""_distance_atr"":1.741,""BR1_atr_distance"":{""score"":0},""BR2_compression"":{""score"":100},""BR3_retest"":{""score"":50.0},""BR4_bo_age"":{""score"":50.0},""_score"":42.5},""risk"":{""R1_stop_clarity"":{""score"":49.458129368721934},""R2_stop_distance_pct"":{""value"":1.4737968561063994,""score"":86.84492140265998},""R3_stop_distance_atr"":{""value"":0.24822879919699006,""score"":37.4114399598495},""R4_rr_potential"":{""value"":19.714261491211655,""score"":100.0},""_score"":68.98},""market"":{""M1_spy_regime"":{""score"":100.0},""M3_earnings_risk"":{""value"":null,""score"":80.0},""M4_vix"":{""value"":null,""score"":60.0},""_score"":84.0},""liquidity"":{""L1_price"":{""value"":49.62,""score"":100.0},""L2_dollar_vol"":{""value"":313658413.24725956,""score"":100.0},""L3_spread_proxy"":{""value"":0.05159209995969372,""score"":48.40790004030628},""L4_volume_zscore"":{""value"":-0.29579038326461843,""score"":100.0},""_score"":94.84},""pattern_structure"":{""pole_low"":45.46,""pole_low_idx"":30,""peak_price"":54.7485,""peak_idx"":52,""pole_gain"":0.2043224813022437,""flag_bars"":7,""flag_low"":49.6332,""flag_high"":54.4099,""structural_low"":49.6332,""current_price"":49.93,""neckline_distance_pct"":0.09650510715001002,""base_bars"":7},""pattern_geometry_features"":{""pole_gain"":0.2043224813022437,""pullback_pct"":0.09343269678621328,""flag_range_pct"":0.08724805245805818,""flag_drift_per_bar"":-0.009667606077079399,""atr_pct"":0.059372516842287094,""pole_atr_multiple"":3.4413646611106503},""_schema_version"":""1.0""}",,,,,,,,,,
20260602T213437Z-756d21,2026-06-02T21:34:37.658687+00:00,GRMN,bull_flag,absent,45.95,35.6,27.2,57.9,48.4,36.1,71.0,45.8,84.0,97.9,4.99,8.16,5.21,4.84,5.06,6.39,1.37,5.04,4.89,True,risk_unclear,241.03,241.8599,226.4269,256.7598,"{""trend"":{""T1_ema_stack"":{""value"":[true,false,true],""score"":66.66666666666666},""T2_ema50_slope"":{""value"":-0.10831803261976576,""score"":31.94699456337237},""T3_high_proximity"":{""value"":0.9009793660287082,""score"":50.48968301435408},""T4_rs_1m"":{""value"":-0.05974064975957383,""score"":0},""T5_rs_3m"":{""value"":-0.1550065352911283,""score"":0},""T6_adr_healthy"":{""value"":2.4643904200576037,""score"":100.0},""_score"":35.63},""geometry"":{""sub_pole_impulse"":41.3,""sub_flag_tightness"":0,""sub_flag_shallowness"":0,""sub_flag_drift"":98.8,""sub_flag_duration"":0.0,""_score"":27.21},""compression"":{""VC1_atr_ratio"":{""value"":0.43179103861298357,""score"":100},""VC2_range_contraction"":{""value"":0.9178786144647648,""score"":13.686897589205865},""VC3_range_pct_rank"":{""score"":52.5},""_score"":57.92},""sr_quality"":{""SR1_touches"":{""value"":2,""score"":25.0},""SR2_tightness"":{""value"":0.6230000000000047,""score"":79.1208344005916},""SR3_recency"":{""value"":240,""score"":0.0},""SR4_price_location"":{""score"":55.992539734025335},""SR5_reaction"":{""value"":3.1213179584283903,""score"":100},""_score"":48.37,""_levels_found"":7,""_target_level"":246.457},""volume"":{""V1_rvol_day"":{""value"":0.8015047707387701,""score"":20.100318049251342},""V2_rvol_sameslot"":{""value"":0.8459710421643647,""score"":23.06473614429098,""status"":""ok""},""V3_breakout_bar"":{""value"":1.735193774906383,""score"":82.34625166042554},""V4_base_dryup"":{""value"":1.154138527550257,""score"":34.58614724497431},""V5_bo_expansion"":{""value"":0.8015047707387702,""score"":0},""_score"":36.14},""readiness"":{""_distance_atr"":0.139,""BR1_atr_distance"":{""score"":90.72893551046063},""BR2_compression"":{""score"":68.77048122444455},""BR3_retest"":{""score"":50.0},""BR4_bo_age"":{""score"":50.0},""_score"":70.98},""risk"":{""R1_stop_clarity"":{""score"":0},""R2_stop_distance_pct"":{""value"":6.058633780027385,""score"":100.0},""R3_stop_distance_atr"":{""value"":2.447039046098383,""score"":100.0},""R4_rr_potential"":{""value"":1.0771530066338564,""score"":3.857650331692819},""_score"":45.77},""market"":{""M1_spy_regime"":{""score"":100.0},""M3_earnings_risk"":{""value"":null,""score"":80.0},""M4_vix"":{""value"":null,""score"":60.0},""_score"":84.0},""liquidity"":{""L1_price"":{""value"":241.03,""score"":100.0},""L2_dollar_vol"":{""value"":159871014.51070905,""score"":100.0},""L3_spread_proxy"":{""value"":0.021449612081483698,""score"":78.55038791851631},""L4_volume_zscore"":{""value"":-0.5446352919081214,""score"":100.0},""_score"":97.86},""pattern_structure"":{""pole_low"":226.96,""pole_low_idx"":6,""peak_price"":241.8599,""peak_idx"":31,""pole_gain"":0.06564989425449419,""flag_bars"":28,""flag_low"":229.875,""flag_high"":240.39,""structural_low"":229.875,""current_price"":238.3,""neckline_distance_pct"":0.014938732689886693,""base_bars"":28},""pattern_geometry_features"":{""pole_gain"":0.06564989425449419,""pullback_pct"":0.04955306770572555,""flag_range_pct"":0.04347558235160101,""flag_drift_per_bar"":-0.00023784430447282886,""atr_pct"":0.024759040072071647,""pole_atr_multiple"":2.651552486016923},""_schema_version"":""1.0""}",,,,,,,,,,
20260602T213437Z-756d21,2026-06-02T21:34:37.658687+00:00,LMT,double_bottom,absent,45.86,13.3,48.3,80.6,39.1,27.3,33.8,62.0,84.0,97.0,2.0,12.08,6.44,5.48,3.55,2.7,3.72,5.04,4.85,True,risk_unclear;reversal_trend_cap,513.43,541.21,502.4485,572.32,"{""trend"":{""T1_ema_stack"":{""value"":[false,false,true],""score"":33.33333333333333},""T2_ema50_slope"":{""value"":-0.3186407490946265,""score"":0},""T3_high_proximity"":{""value"":0.7642943269273709,""score"":0},""T4_rs_1m"":{""value"":-0.05271967263520483,""score"":0},""T5_rs_3m"":{""value"":-0.3476579380209538,""score"":0},""T6_adr_healthy"":{""value"":1.955431987732839,""score"":100.0},""_score"":13.33},""geometry"":{""sub_low_similarity"":73.1,""sub_bounce_quality"":44.3,""sub_separation_fit"":0.0,""sub_right_bottom_reaction"":76.8,""sub_base_context"":30.0,""_score"":48.31},""compression"":{""VC1_atr_ratio"":{""value"":0.376940317255084,""score"":100},""VC2_range_contraction"":{""value"":0.6975550477954003,""score"":50.407492034099945},""VC3_range_pct_rank"":{""score"":91.66666666666666},""_score"":80.56},""sr_quality"":{""SR1_touches"":{""value"":2,""score"":25.0},""SR2_tightness"":{""value"":0.5600000000000023,""score"":88.77472709987052},""SR3_recency"":{""value"":267,""score"":0.0},""SR4_price_location"":{""score"":13.184192900200879},""SR5_reaction"":{""value"":4.675025485951224,""score"":100},""_score"":39.11,""_levels_found"":4,""_target_level"":594.44},""volume"":{""V1_rvol_day"":{""value"":0.820975161383675,""score"":21.398344092245},""V2_rvol_sameslot"":{""value"":0.7570554046769116,""score"":17.13702697846077,""status"":""ok""},""V3_breakout_bar"":{""value"":0.8453020453479807,""score"":23.02013635653205},""V4_base_dryup"":{""value"":0.8070620089218014,""score"":69.29379910781986},""V5_bo_expansion"":{""value"":0.820975161383675,""score"":0},""_score"":27.32},""readiness"":{""_distance_atr"":2.784,""BR1_atr_distance"":{""score"":0},""BR2_compression"":{""score"":65.15605083219239},""BR3_retest"":{""score"":50.0},""BR4_bo_age"":{""score"":50.0},""_score"":33.79},""risk"":{""R1_stop_clarity"":{""score"":0},""R2_stop_distance_pct"":{""value"":2.138850476209011,""score"":100.0},""R3_stop_distance_atr"":{""value"":1.1006279852925938,""score"":80.03139926462968},""R4_rr_potential"":{""value"":5.362655374948822,""score"":100.0},""_score"":62.0},""market"":{""M1_spy_regime"":{""score"":100.0},""M3_earnings_risk"":{""value"":null,""score"":80.0},""M4_vix"":{""value"":null,""score"":60.0},""_score"":84.0},""liquidity"":{""L1_price"":{""value"":513.43,""score"":93.28500000000003},""L2_dollar_vol"":{""value"":553083451.0458959,""score"":100.0},""L3_spread_proxy"":{""value"":0.012874199014471328,""score"":87.12580098552867},""L4_volume_zscore"":{""value"":-0.6542676348695062,""score"":100.0},""_score"":97.03},""pattern_structure"":{""left_low"":517.0,""left_idx"":29,""right_low"":510.1,""right_idx"":74,""separation_bars"":45,""structural_low"":510.1,""current_price"":512.94,""neckline_distance_pct"":0.05511365851756537,""base_bars"":45},""pattern_geometry_features"":{""low_similarity_pct"":0.013435887450102187,""bounce_pct"":0.060988041560478365,""right_bottom_reaction"":0.7677760968229835,""atr_pct"":0.019433001021143523},""_schema_version"":""1.0""}",,,,,,,,,,
20260602T213437Z-756d21,2026-06-02T21:34:37.658687+00:00,MCHP,bull_flag,absent,45.72,81.3,27.1,31.9,43.0,21.3,48.6,63.8,84.0,94.7,11.38,8.13,2.87,4.3,2.98,4.37,1.91,5.04,4.74,False,,96.96,100.25,88.8766,111.3416,"{""trend"":{""T1_ema_stack"":{""value"":[true,true,true],""score"":100.0},""T2_ema50_slope"":{""value"":0.5190782790377548,""score"":100},""T3_high_proximity"":{""value"":0.9420909444228526,""score"":71.04547221142626},""T4_rs_1m"":{""value"":-0.021968481162802256,""score"":28.031518837197744},""T5_rs_3m"":{""value"":0.2417005254861495,""score"":100},""T6_adr_healthy"":{""value"":4.4030147774568995,""score"":100.0},""_score"":81.26},""geometry"":{""sub_pole_impulse"":43.4,""sub_flag_tightness"":0,""sub_flag_shallowness"":0,""sub_flag_drift"":93.9,""sub_flag_duration"":0.0,""_score"":27.11},""compression"":{""VC1_atr_ratio"":{""value"":0.7060596845208973,""score"":73.48507886977568},""VC2_range_contraction"":{""value"":1.0981704679336746,""score"":0},""VC3_range_pct_rank"":{""score"":9.999999999999998},""_score"":31.89},""sr_quality"":{""SR1_touches"":{""value"":2,""score"":25.0},""SR2_tightness"":{""value"":0.30000000000000426,""score"":86.38631111168715},""SR3_recency"":{""value"":247,""score"":0.0},""SR4_price_location"":{""score"":30.0},""SR5_reaction"":{""value"":2.5468942961884897,""score"":100},""_score"":42.96,""_levels_found"":6,""_target_level"":83.65},""volume"":{""V1_rvol_day"":{""value"":1.1319837715571495,""score"":42.132251437143296},""V2_rvol_sameslot"":{""value"":0.8332574099961044,""score"":22.21716066640696,""status"":""ok""},""V3_breakout_bar"":{""value"":0.7794260933368845,""score"":18.628406222458967},""V4_base_dryup"":{""value"":1.3785639440858797,""score"":12.143605591412026},""V5_bo_expansion"":{""value"":1.1319837715571495,""score"":8.798918103809966},""_score"":21.28},""readiness"":{""_distance_atr"":0.746,""BR1_atr_distance"":{""score"":50.234403952723675},""BR2_compression"":{""score"":44.06598819055382},""BR3_retest"":{""score"":50.0},""BR4_bo_age"":{""score"":50.0},""_score"":48.61},""risk"":{""R1_stop_clarity"":{""score"":38.58184258037771},""R2_stop_distance_pct"":{""value"":8.33689150165015,""score"":91.57771245874625},""R3_stop_distance_atr"":{""value"":1.8340928907371776,""score"":100.0},""R4_rr_potential"":{""value"":1.7791413319807796,""score"":38.95706659903898},""_score"":63.77},""market"":{""M1_spy_regime"":{""score"":100.0},""M3_earnings_risk"":{""value"":null,""score"":80.0},""M4_vix"":{""value"":null,""score"":60.0},""_score"":84.0},""liquidity"":{""L1_price"":{""value"":96.96,""score"":100.0},""L2_dollar_vol"":{""value"":1299558505.9421453,""score"":100.0},""L3_spread_proxy"":{""value"":0.05301155115511552,""score"":46.98844884488448},""L4_volume_zscore"":{""value"":0.4510895920120114,""score"":100.0},""_score"":94.7},""pattern_structure"":{""pole_low"":89.1584,""pole_low_idx"":14,""peak_price"":100.25,""peak_idx"":30,""pole_gain"":0.12440330916660684,""flag_bars"":29,""flag_low"":90.23,""flag_high"":99.3,""structural_low"":90.23,""current_price"":95.91,""neckline_distance_pct"":0.045250755917005565,""base_bars"":29},""pattern_geometry_features"":{""pole_gain"":0.12440330916660684,""pullback_pct"":0.09995012468827927,""flag_range_pct"":0.09047381546134657,""flag_drift_per_bar"":-0.0012211530411567126,""atr_pct"":0.04545512140499765,""pole_atr_multiple"":2.7368381234359456},""_schema_version"":""1.0""}",,,,,,,,,,
20260602T213437Z-756d21,2026-06-02T21:34:37.658687+00:00,TXN,bull_flag,absent,45.58,94.6,27.4,14.1,40.3,30.4,27.8,73.3,84.0,96.9,13.25,8.21,1.27,4.03,4.25,2.5,2.2,5.04,4.85,False,,308.12,331.51,285.5811,368.24,"{""trend"":{""T1_ema_stack"":{""value"":[true,true,true],""score"":100.0},""T2_ema50_slope"":{""value"":0.7115189341662712,""score"":100},""T3_high_proximity"":{""value"":0.9483825294715135,""score"":74.19126473575672},""T4_rs_1m"":{""value"":0.04242761806199025,""score"":92.42761806199024},""T5_rs_3m"":{""value"":0.40383105421215104,""score"":100},""T6_adr_healthy"":{""value"":3.376309498302614,""score"":100.0},""_score"":94.61},""geometry"":{""sub_pole_impulse"":48.6,""sub_flag_tightness"":0,""sub_flag_shallowness"":0,""sub_flag_drift"":85.2,""sub_flag_duration"":0.0,""_score"":27.36},""compression"":{""VC1_atr_ratio"":{""value"":0.9385248732734429,""score"":15.368781681639271},""VC2_range_contraction"":{""value"":1.1290026344500823,""score"":0},""VC3_range_pct_rank"":{""score"":31.666666666666664},""_score"":14.06},""sr_quality"":{""SR1_touches"":{""value"":2,""score"":25.0},""SR2_tightness"":{""value"":2.0600000000000023,""score"":68.40360992043384},""SR3_recency"":{""value"":232,""score"":0.0},""SR4_price_location"":{""score"":30.0},""SR5_reaction"":{""value"":2.4216869119842213,""score"":100},""_score"":40.26,""_levels_found"":6,""_target_level"":289.89},""volume"":{""V1_rvol_day"":{""value"":1.3793222458952326,""score"":58.62148305968217},""V2_rvol_sameslot"":{""value"":1.266726704068456,""score"":51.11511360456373,""status"":""ok""},""V3_breakout_bar"":{""value"":0.777829647124123,""score"":18.52197647494153},""V4_base_dryup"":{""value"":1.5172053638029235,""score"":0},""V5_bo_expansion"":{""value"":1.3793222458952326,""score"":25.288149726348834},""_score"":30.37},""readiness"":{""_distance_atr"":1.794,""BR1_atr_distance"":{""score"":0},""BR2_compression"":{""score"":41.13012580732691},""BR3_retest"":{""score"":50.0},""BR4_bo_age"":{""score"":50.0},""_score"":27.78},""risk"":{""R1_stop_clarity"":{""score"":33.29557250653923},""R2_stop_distance_pct"":{""value"":7.314990912631441,""score"":100.0},""R3_stop_distance_atr"":{""value"":1.7285180975335852,""score"":100.0},""R4_rr_potential"":{""value"":2.6673824645779862,""score"":83.36912322889931},""_score"":73.33},""market"":{""M1_spy_regime"":{""score"":100.0},""M3_earnings_risk"":{""value"":null,""score"":80.0},""M4_vix"":{""value"":null,""score"":60.0},""_score"":84.0},""liquidity"":{""L1_price"":{""value"":308.12,""score"":100.0},""L2_dollar_vol"":{""value"":3444482184.14905,""score"":100.0},""L3_spread_proxy"":{""value"":0.03057250421913527,""score"":69.42749578086473},""L4_volume_zscore"":{""value"":1.2068273416094162,""score"":100.0},""_score"":96.94},""pattern_structure"":{""pole_low"":294.78,""pole_low_idx"":14,""peak_price"":331.51,""peak_idx"":30,""pole_gain"":0.12460139765248668,""flag_bars"":29,""flag_low"":289.93,""flag_high"":321.285,""structural_low"":289.93,""current_price"":304.49,""neckline_distance_pct"":0.08873854642188571,""base_bars"":29},""pattern_geometry_features"":{""pole_gain"":0.12460139765248668,""pullback_pct"":0.1254260806612168,""flag_range_pct"":0.09458236553950113,""flag_drift_per_bar"":-0.0029566017439805396,""atr_pct"":0.042319434914040936,""pole_atr_multiple"":2.9443067447752203},""_schema_version"":""1.0""}",,,,,,,,,,
20260602T213437Z-756d21,2026-06-02T21:34:37.658687+00:00,ROP,double_bottom,absent,45.15,22.3,33.8,42.4,71.0,25.3,43.1,57.1,84.0,96.6,3.34,8.45,3.39,9.94,3.29,3.45,3.42,5.04,4.83,True,risk_unclear;reversal_trend_cap,336.5,347.08,313.7914,375.59,"{""trend"":{""T1_ema_stack"":{""value"":[true,false,false],""score"":33.33333333333333},""T2_ema50_slope"":{""value"":-0.29241133045525725,""score"":1.2647782574571238},""T3_high_proximity"":{""value"":0.9156462585034013,""score"":57.823129251700635},""T4_rs_1m"":{""value"":-0.11463992989566985,""score"":0},""T5_rs_3m"":{""value"":-0.1712481690560943,""score"":0},""T6_adr_healthy"":{""value"":2.9469719702946096,""score"":100.0},""_score"":22.26},""geometry"":{""sub_low_similarity"":34.1,""sub_bounce_quality"":85.0,""sub_separation_fit"":0.0,""sub_right_bottom_reaction"":3.9,""sub_base_context"":30.0,""_score"":33.81},""compression"":{""VC1_atr_ratio"":{""value"":0.6263776826625924,""score"":93.4055793343519},""VC2_range_contraction"":{""value"":1.0473394393167612,""score"":0},""VC3_range_pct_rank"":{""score"":19.999999999999996},""_score"":42.36},""sr_quality"":{""SR1_touches"":{""value"":7,""score"":100},""SR2_tightness"":{""value"":2.8914527628152373,""score"":47.89333582269298},""SR3_recency"":{""value"":232,""score"":0.0},""SR4_price_location"":{""score"":75.90128957039374},""SR5_reaction"":{""value"":1.9777943541717484,""score"":98.88971770858743},""_score"":70.99,""_levels_found"":4,""_target_level"":343.8142},""volume"":{""V1_rvol_day"":{""value"":0.9059173750168755,""score"":27.06115833445837},""V2_rvol_sameslot"":{""value"":0.5856801544028549,""score"":5.712010293523662,""status"":""ok""},""V3_breakout_bar"":{""value"":0.5825486893785833,""score"":5.5032459585722195},""V4_base_dryup"":{""value"":0.6312778195600898,""score"":86.87221804399103},""V5_bo_expansion"":{""value"":0.9059173750168755,""score"":0},""_score"":25.3},""readiness"":{""_distance_atr"":0.953,""BR1_atr_distance"":{""score"":36.44619133034585},""BR2_compression"":{""score"":43.95945914636174},""BR3_retest"":{""score"":50.0},""BR4_bo_age"":{""score"":50.0},""_score"":43.07},""risk"":{""R1_stop_clarity"":{""score"":13.88609099667977},""R2_stop_distance_pct"":{""value"":6.74845468053492,""score"":100.0},""R3_stop_distance_atr"":{""value"":2.0461458060471793,""score"":100.0},""R4_rr_potential"":{""value"":1.7213780712550986,""score"":36.068903562754926},""_score"":57.07},""market"":{""M1_spy_regime"":{""score"":100.0},""M3_earnings_risk"":{""value"":null,""score"":80.0},""M4_vix"":{""value"":null,""score"":60.0},""_score"":84.0},""liquidity"":{""L1_price"":{""value"":336.5,""score"":100.0},""L2_dollar_vol"":{""value"":346751232.3678795,""score"":100.0},""L3_spread_proxy"":{""value"":0.03393759286775636,""score"":66.06240713224364},""L4_volume_zscore"":{""value"":-0.4015874035524352,""score"":100.0},""_score"":96.61},""pattern_structure"":{""left_low"":318.57,""left_idx"":26,""right_low"":329.24,""right_idx"":75,""separation_bars"":49,""structural_low"":318.57,""current_price"":334.96,""neckline_distance_pct"":0.036183424886553635,""base_bars"":49},""pattern_geometry_features"":{""low_similarity_pct"":0.0329417576141153,""bounce_pct"":0.08949367485952849,""right_bottom_reaction"":0.03878787878787107,""atr_pct"":0.03298129908724264},""_schema_version"":""1.0""}",,,,,,,,,,
20260602T213437Z-756d21,2026-06-02T21:34:37.658687+00:00,TMUS,double_bottom,absent,45.06,13.9,35.5,71.0,57.8,32.4,34.3,57.5,84.0,97.9,2.08,8.86,5.68,8.09,4.21,2.74,3.45,5.04,4.9,True,risk_unclear;reversal_trend_cap,188.83,194.29,182.3186,203.485,"{""trend"":{""T1_ema_stack"":{""value"":[false,false,false],""score"":0.0},""T2_ema50_slope"":{""value"":-0.15096567326764485,""score"":24.839054455392525},""T3_high_proximity"":{""value"":0.8522363135803585,""score"":26.118156790179203},""T4_rs_1m"":{""value"":-0.09088326580503325,""score"":0},""T5_rs_3m"":{""value"":-0.2523810014597393,""score"":0},""T6_adr_healthy"":{""value"":2.1789957352536717,""score"":100.0},""_score"":13.89},""geometry"":{""sub_low_similarity"":60.8,""sub_bounce_quality"":28.1,""sub_separation_fit"":0.0,""sub_right_bottom_reaction"":37.3,""sub_base_context"":30.0,""_score"":35.45},""compression"":{""VC1_atr_ratio"":{""value"":0.2453111963131383,""score"":100},""VC2_range_contraction"":{""value"":0.6926657709748782,""score"":51.22237150418696},""VC3_range_pct_rank"":{""score"":52.5},""_score"":71.05},""sr_quality"":{""SR1_touches"":{""value"":6,""score"":100},""SR2_tightness"":{""value"":0.7606726738004185,""score"":64.88817199734301},""SR3_recency"":{""value"":227,""score"":0.0},""SR4_price_location"":{""score"":12.209925026776059},""SR5_reaction"":{""value"":1.9956808440487983,""score"":99.78404220243992},""_score"":57.75,""_levels_found"":8,""_target_level"":194.9775},""volume"":{""V1_rvol_day"":{""value"":1.0061165994886596,""score"":33.741106632577306},""V2_rvol_sameslot"":{""value"":0.8386527556599407,""score"":22.57685037732938,""status"":""ok""},""V3_breakout_bar"":{""value"":0.9914461744219796,""score"":32.76307829479864},""V4_base_dryup"":{""value"":0.8550120969930305,""score"":64.49879030069695},""V5_bo_expansion"":{""value"":1.0061165994886596,""score"":0.4077732992439742},""_score"":32.42},""readiness"":{""_distance_atr"":1.26,""BR1_atr_distance"":{""score"":15.990768216287776},""BR2_compression"":{""score"":41.48423133672541},""BR3_retest"":{""score"":50.0},""BR4_bo_age"":{""score"":50.0},""_score"":34.27},""risk"":{""R1_stop_clarity"":{""score"":0},""R2_stop_distance_pct"":{""value"":3.448300058253457,""score"":100.0},""R3_stop_distance_atr"":{""value"":1.5028016815034633,""score"":100.0},""R4_rr_potential"":{""value"":2.2506594178693553,""score"":62.53297089346776},""_score"":57.51},""market"":{""M1_spy_regime"":{""score"":100.0},""M3_earnings_risk"":{""value"":null,""score"":80.0},""M4_vix"":{""value"":null,""score"":60.0},""_score"":84.0},""liquidity"":{""L1_price"":{""value"":188.83,""score"":100.0},""L2_dollar_vol"":{""value"":868313000.9960126,""score"":100.0},""L3_spread_proxy"":{""value"":0.021024201662871358,""score"":78.97579833712864},""L4_volume_zscore"":{""value"":0.02108538158823164,""score"":100.0},""_score"":97.9},""pattern_structure"":{""left_low"":188.76,""left_idx"":27,""right_low"":185.095,""right_idx"":74,""separation_bars"":47,""structural_low"":185.095,""current_price"":187.935,""neckline_distance_pct"":0.033814882805225155,""base_bars"":47},""pattern_geometry_features"":{""low_similarity_pct"":0.019606531944202924,""bounce_pct"":0.0496771927928901,""right_bottom_reaction"":0.3731117824773453,""atr_pct"":0.022945809155627498},""_schema_version"":""1.0""}",,,,,,,,,,
20260602T213437Z-756d21,2026-06-02T21:34:37.658687+00:00,TEM,inverse_head_shoulders,absent,45.02,18.9,29.1,51.2,77.2,16.9,60.5,59.2,84.0,94.8,2.27,8.14,4.1,10.81,2.36,4.84,3.55,4.2,4.74,True,reversal_trend_cap,49.62,52.0485,44.7781,58.637,"{""trend"":{""T1_ema_stack"":{""value"":[true,false,false],""score"":33.33333333333333},""T2_ema50_slope"":{""value"":-0.3328380000540527,""score"":0},""T3_high_proximity"":{""value"":0.8738992603029235,""score"":36.94963015146174},""T4_rs_1m"":{""value"":-0.1518249812353748,""score"":0},""T5_rs_3m"":{""value"":-0.15110323835177042,""score"":0},""T6_adr_healthy"":{""value"":6.134947824588579,""score"":100.0},""_score"":18.88},""geometry"":{""sub_head_depth"":62.4,""sub_shoulder_price_sym"":33.9,""sub_shoulder_time_sym"":0,""sub_right_shoulder_reaction"":9.6,""sub_base_context"":30.0,""_score"":29.07},""compression"":{""VC1_atr_ratio"":{""value"":0.4435619272127092,""score"":100},""VC2_range_contraction"":{""value"":1.1647307045336834,""score"":0},""VC3_range_pct_rank"":{""score"":44.99999999999999},""_score"":51.25},""sr_quality"":{""SR1_touches"":{""value"":8,""score"":100},""SR2_tightness"":{""value"":0.7277165382207559,""score"":50.59737550538086},""SR3_recency"":{""value"":246,""score"":0.0},""SR4_price_location"":{""score"":98.51821472512967},""SR5_reaction"":{""value"":2.512521548118677,""score"":100},""_score"":77.22,""_levels_found"":4,""_target_level"":49.7308},""volume"":{""V1_rvol_day"":{""value"":0.8863473064873408,""score"":25.756487099156054},""V2_rvol_sameslot"":{""value"":0.8612633835730759,""score"":24.08422557153839,""status"":""ok""},""V3_breakout_bar"":{""value"":0.5405755353711694,""score"":2.705035691411295},""V4_base_dryup"":{""value"":1.1879430831999296,""score"":31.205691680007035},""V5_bo_expansion"":{""value"":0.8863473064873408,""score"":0},""_score"":16.89},""readiness"":{""_distance_atr"":0.824,""BR1_atr_distance"":{""score"":45.04532681616394},""BR2_compression"":{""score"":100},""BR3_retest"":{""score"":50.0},""BR4_bo_age"":{""score"":50.0},""_score"":60.52},""risk"":{""R1_stop_clarity"":{""score"":53.707731137668006},""R2_stop_distance_pct"":{""value"":9.75796049979846,""score"":56.05098750503852},""R3_stop_distance_atr"":{""value"":1.6435147133342534,""score"":100.0},""R4_rr_potential"":{""value"":1.8622854664491222,""score"":43.11427332245611},""_score"":59.24},""market"":{""M1_spy_regime"":{""score"":100.0},""M3_earnings_risk"":{""value"":null,""score"":80.0},""M4_vix"":{""value"":null,""score"":60.0},""_score"":84.0},""liquidity"":{""L1_price"":{""value"":49.62,""score"":100.0},""L2_dollar_vol"":{""value"":313658413.24725956,""score"":100.0},""L3_spread_proxy"":{""value"":0.05159209995969372,""score"":48.40790004030628},""L4_volume_zscore"":{""value"":-0.29579038326461843,""score"":100.0},""_score"":94.84},""pattern_structure"":{""left_shoulder"":46.2201,""left_shoulder_idx"":64,""head"":45.46,""head_idx"":70,""right_shoulder"":48.73,""right_shoulder_idx"":82,""left_to_head_bars"":6,""head_to_right_bars"":12,""structural_low"":45.46,""current_price"":49.93,""neckline_distance_pct"":0.042429401161626225,""base_bars"":18},""pattern_geometry_features"":{""head_depth_pct"":0.04244439974260154,""shoulder_price_asymmetry"":0.052867769491553876,""shoulder_time_asymmetry"":0.5,""right_shoulder_reaction"":0.09615384615384677,""atr_pct"":0.059372516842287094},""_schema_version"":""1.0""}",,,,,,,,,,
20260602T213437Z-756d21,2026-06-02T21:34:37.658687+00:00,TRMB,double_bottom,absent,44.91,6.5,49.8,46.2,46.3,24.1,66.3,50.2,84.0,96.5,0.97,12.44,3.7,6.48,3.14,5.3,3.01,5.04,4.83,True,risk_unclear;reversal_trend_cap,57.74,58.3,54.175,61.6,"{""trend"":{""T1_ema_stack"":{""value"":[false,false,false],""score"":0.0},""T2_ema50_slope"":{""value"":-0.5688713302720786,""score"":0},""T3_high_proximity"":{""value"":0.819472040874255,""score"":9.736020437127458},""T4_rs_1m"":{""value"":-0.2101015085665644,""score"":0},""T5_rs_3m"":{""value"":-0.28159723749209353,""score"":0},""T6_adr_healthy"":{""value"":3.846278058912677,""score"":100.0},""_score"":6.46},""geometry"":{""sub_low_similarity"":65.0,""sub_bounce_quality"":42.9,""sub_separation_fit"":100.0,""sub_right_bottom_reaction"":4.5,""sub_base_context"":30.0,""_score"":49.75},""compression"":{""VC1_atr_ratio"":{""value"":0.37140586997316605,""score"":100},""VC2_range_contraction"":{""value"":1.1170226807624941,""score"":0},""VC3_range_pct_rank"":{""score"":25.0},""_score"":46.25},""sr_quality"":{""SR1_touches"":{""value"":2,""score"":25.0},""SR2_tightness"":{""value"":0.030000000000001137,""score"":96.82362016547414},""SR3_recency"":{""value"":262,""score"":0.0},""SR4_price_location"":{""score"":37.02943189596168},""SR5_reaction"":{""value"":2.690658418162843,""score"":100},""_score"":46.28,""_levels_found"":7,""_target_level"":63.49},""volume"":{""V1_rvol_day"":{""value"":0.9561146766514175,""score"":30.4076451100945},""V2_rvol_sameslot"":{""value"":1.005345931515504,""score"":33.68972876770027,""status"":""ok""},""V3_breakout_bar"":{""value"":1.0953106840370237,""score"":39.68737893580158},""V4_base_dryup"":{""value"":1.4294475777996825,""score"":7.055242220031758},""V5_bo_expansion"":{""value"":0.9561146766514175,""score"":0},""_score"":24.15},""readiness"":{""_distance_atr"":0.296,""BR1_atr_distance"":{""score"":80.2358588073956},""BR2_compression"":{""score"":66.64699688399072},""BR3_retest"":{""score"":50.0},""BR4_bo_age"":{""score"":50.0},""_score"":66.26},""risk"":{""R1_stop_clarity"":{""score"":12.649554550541993},""R2_stop_distance_pct"":{""value"":6.174229303775554,""score"":100.0},""R3_stop_distance_atr"":{""value"":1.8872990183473766,""score"":100.0},""R4_rr_potential"":{""value"":1.0827489481065882,""score"":4.137447405329409},""_score"":50.25},""market"":{""M1_spy_regime"":{""score"":100.0},""M3_earnings_risk"":{""value"":null,""score"":80.0},""M4_vix"":{""value"":null,""score"":60.0},""_score"":84.0},""liquidity"":{""L1_price"":{""value"":57.74,""score"":100.0},""L2_dollar_vol"":{""value"":164362354.69365212,""score"":100.0},""L3_spread_proxy"":{""value"":0.034464842396951884,""score"":65.53515760304812},""L4_volume_zscore"":{""value"":-0.12917571452834134,""score"":100.0},""_score"":96.55},""pattern_structure"":{""left_low"":55.0,""left_idx"":44,""right_low"":55.97,""right_idx"":74,""separation_bars"":30,""structural_low"":55.0,""current_price"":57.25,""neckline_distance_pct"":0.01834061135371174,""base_bars"":30},""pattern_geometry_features"":{""low_similarity_pct"":0.017482202397044226,""bounce_pct"":0.05999999999999995,""right_bottom_reaction"":0.045226130653268,""atr_pct"":0.032714632094611326},""_schema_version"":""1.0""}",,,,,,,,,,
20260602T213437Z-756d21,2026-06-02T21:34:37.658687+00:00,BA,ascending_triangle,absent,44.22,41.2,43.5,44.6,35.4,28.6,22.6,57.3,84.0,95.5,6.18,12.17,3.57,4.96,3.43,1.81,2.29,5.04,4.78,True,risk_unclear,217.7,232.3,214.6413,246.69,"{""trend"":{""T1_ema_stack"":{""value"":[false,true,true],""score"":66.66666666666666},""T2_ema50_slope"":{""value"":0.050870961266500814,""score"":58.47849354441681},""T3_high_proximity"":{""value"":0.9048212801330008,""score"":52.41064006650037},""T4_rs_1m"":{""value"":-0.09657870547753244,""score"":0},""T5_rs_3m"":{""value"":-0.14511825670977907,""score"":0},""T6_adr_healthy"":{""value"":2.8986632654870177,""score"":100.0},""_score"":41.22},""geometry"":{""sub_flat_top_quality"":33.3,""sub_hl_slope"":35.4,""sub_compression"":31.4,""sub_duration"":100.0,""_score"":43.46},""compression"":{""VC1_atr_ratio"":{""value"":0.5878344739985981,""score"":100},""VC2_range_contraction"":{""value"":0.9534510877228173,""score"":7.75815204619712},""VC3_range_pct_rank"":{""score"":7.499999999999996},""_score"":44.59},""sr_quality"":{""SR1_touches"":{""value"":2,""score"":25.0},""SR2_tightness"":{""value"":1.5,""score"":60.69623806850086},""SR3_recency"":{""value"":283,""score"":0.0},""SR4_price_location"":{""score"":15.19256140397522},""SR5_reaction"":{""value"":3.049971925884333,""score"":100},""_score"":35.4,""_levels_found"":4,""_target_level"":230.46},""volume"":{""V1_rvol_day"":{""value"":1.015585394047051,""score"":34.37235960313673},""V2_rvol_sameslot"":{""value"":0.9344252748189131,""score"":28.961684987927544,""status"":""ok""},""V3_breakout_bar"":{""value"":0.8270584188684943,""score"":21.803894591232954},""V4_base_dryup"":{""value"":0.9851160391730843,""score"":51.488396082691565},""V5_bo_expansion"":{""value"":1.015585394047051,""score"":1.0390262698033967},""_score"":28.57},""readiness"":{""_distance_atr"":1.913,""BR1_atr_distance"":{""score"":0},""BR2_compression"":{""score"":20.549481377831896},""BR3_retest"":{""score"":50.0},""BR4_bo_age"":{""score"":50.0},""_score"":22.64},""risk"":{""R1_stop_clarity"":{""score"":14.35317237507003},""R2_stop_distance_pct"":{""value"":1.4049839228295822,""score"":85.12459807073955},""R3_stop_distance_atr"":{""value"":0.40072150477259944,""score"":45.03607523862997},""R4_rr_potential"":{""value"":9.478037696369325,""score"":100.0},""_score"":57.32},""market"":{""M1_spy_regime"":{""score"":100.0},""M3_earnings_risk"":{""value"":null,""score"":80.0},""M4_vix"":{""value"":null,""score"":60.0},""_score"":84.0},""liquidity"":{""L1_price"":{""value"":217.7,""score"":100.0},""L2_dollar_vol"":{""value"":1660135167.8280334,""score"":100.0},""L3_spread_proxy"":{""value"":0.04446485989894353,""score"":55.53514010105647},""L4_volume_zscore"":{""value"":0.04060596514180469,""score"":100.0},""_score"":95.55},""pattern_structure"":{""top"":232.3,""top_touches"":2,""low_slope_per_bar"":0.23149561005146793,""lowest_low"":217.91,""structural_low"":217.91,""current_price"":216.435,""neckline_distance_pct"":0.07330145309215241,""base_bars"":43},""pattern_geometry_features"":{""top_touches"":2.0,""low_slope"":0.23149561005146793,""compression"":0.15706357210820743,""atr_pct"":0.03506135573200344},""_schema_version"":""1.0""}",,,,,,,,,,
20260602T213437Z-756d21,2026-06-02T21:34:37.658687+00:00,TRMB,bull_flag,absent,43.6,6.5,41.8,46.2,46.3,27.6,66.3,56.2,84.0,96.5,0.9,12.53,4.16,4.63,3.86,5.96,1.68,5.04,4.83,True,risk_unclear;trend_floor,57.74,58.3,55.1304,62.48,"{""trend"":{""T1_ema_stack"":{""value"":[false,false,false],""score"":0.0},""T2_ema50_slope"":{""value"":-0.5688713302720786,""score"":0},""T3_high_proximity"":{""value"":0.819472040874255,""score"":9.736020437127458},""T4_rs_1m"":{""value"":-0.2101015085665644,""score"":0},""T5_rs_3m"":{""value"":-0.28159723749209353,""score"":0},""T6_adr_healthy"":{""value"":3.846278058912677,""score"":100.0},""_score"":6.46},""geometry"":{""sub_pole_impulse"":34.0,""sub_flag_tightness"":26.3,""sub_flag_shallowness"":0,""sub_flag_drift"":100,""sub_flag_duration"":100.0,""_score"":41.77},""compression"":{""VC1_atr_ratio"":{""value"":0.37140586997316605,""score"":100},""VC2_range_contraction"":{""value"":1.1170226807624941,""score"":0},""VC3_range_pct_rank"":{""score"":25.0},""_score"":46.25},""sr_quality"":{""SR1_touches"":{""value"":2,""score"":25.0},""SR2_tightness"":{""value"":0.030000000000001137,""score"":96.82362016547414},""SR3_recency"":{""value"":262,""score"":0.0},""SR4_price_location"":{""score"":37.02943189596168},""SR5_reaction"":{""value"":2.690658418162843,""score"":100},""_score"":46.28,""_levels_found"":7,""_target_level"":63.49},""volume"":{""V1_rvol_day"":{""value"":0.9561146766514175,""score"":30.4076451100945},""V2_rvol_sameslot"":{""value"":1.005345931515504,""score"":33.68972876770027,""status"":""ok""},""V3_breakout_bar"":{""value"":1.0953106840370237,""score"":39.68737893580158},""V4_base_dryup"":{""value"":1.2573572080324453,""score"":24.264279196755467},""V5_bo_expansion"":{""value"":0.9561146766514175,""score"":0},""_score"":27.59},""readiness"":{""_distance_atr"":0.296,""BR1_atr_distance"":{""score"":80.2358588073956},""BR2_compression"":{""score"":66.64699688399072},""BR3_retest"":{""score"":50.0},""BR4_bo_age"":{""score"":50.0},""_score"":66.26},""risk"":{""R1_stop_clarity"":{""score"":11.109010330797034},""R2_stop_distance_pct"":{""value"":4.51948389331487,""score"":100.0},""R3_stop_distance_atr"":{""value"":1.381486999531108,""score"":94.07434997655541},""R4_rr_potential"":{""value"":1.8164051273207964,""score"":40.82025636603982},""_score"":56.16},""market"":{""M1_spy_regime"":{""score"":100.0},""M3_earnings_risk"":{""value"":null,""score"":80.0},""M4_vix"":{""value"":null,""score"":60.0},""_score"":84.0},""liquidity"":{""L1_price"":{""value"":57.74,""score"":100.0},""L2_dollar_vol"":{""value"":164362354.69365212,""score"":100.0},""L3_spread_proxy"":{""value"":0.034464842396951884,""score"":65.53515760304812},""L4_volume_zscore"":{""value"":-0.12917571452834134,""score"":100.0},""_score"":96.55},""pattern_structure"":{""pole_low"":54.12,""pole_low_idx"":36,""peak_price"":58.3,""peak_idx"":53,""pole_gain"":0.07723577235772358,""flag_bars"":6,""flag_low"":55.97,""flag_high"":57.96,""structural_low"":55.97,""current_price"":57.25,""neckline_distance_pct"":0.01834061135371174,""base_bars"":6},""pattern_geometry_features"":{""pole_gain"":0.07723577235772358,""pullback_pct"":0.03996569468267579,""flag_range_pct"":0.03413379073756436,""flag_drift_per_bar"":0.0038253275109170603,""atr_pct"":0.032714632094611326,""pole_atr_multiple"":2.360893808444988},""_schema_version"":""1.0""}",,,,,,,,,,
20260602T213437Z-756d21,2026-06-02T21:34:37.658687+00:00,INTC,bull_flag,absent,43.48,75.1,19.8,58.1,43.9,17.2,30.6,80.7,84.0,95.5,10.51,5.94,5.23,4.39,2.41,2.75,2.42,5.04,4.78,False,,107.93,126.64,102.6075,136.97,"{""trend"":{""T1_ema_stack"":{""value"":[false,true,true],""score"":66.66666666666666},""T2_ema50_slope"":{""value"":1.3889476359502562,""score"":100},""T3_high_proximity"":{""value"":0.8338226205191596,""score"":16.91131025957976},""T4_rs_1m"":{""value"":0.029410185124064014,""score"":79.41018512406401},""T5_rs_3m"":{""value"":1.3877034459495108,""score"":100},""T6_adr_healthy"":{""value"":7.348054714843882,""score"":100.0},""_score"":75.09},""geometry"":{""sub_pole_impulse"":2.7,""sub_flag_tightness"":0,""sub_flag_shallowness"":0,""sub_flag_drift"":59.9,""sub_flag_duration"":100.0,""_score"":19.8},""compression"":{""VC1_atr_ratio"":{""value"":0.5069999468890233,""score"":100},""VC2_range_contraction"":{""value"":0.9675051754980438,""score"":5.4158040836593635},""VC3_range_pct_rank"":{""score"":65.0},""_score"":58.15},""sr_quality"":{""SR1_touches"":{""value"":4,""score"":75.0},""SR2_tightness"":{""value"":1.7040406942030477,""score"":60.55784171295063},""SR3_recency"":{""value"":270,""score"":0.0},""SR4_price_location"":{""score"":30.0},""SR5_reaction"":{""value"":0.6451439572984683,""score"":32.25719786492341},""_score"":43.92,""_levels_found"":3,""_target_level"":48.8688},""volume"":{""V1_rvol_day"":{""value"":0.7513340460448752,""score"":16.755603069658346},""V2_rvol_sameslot"":{""value"":0.676683824056638,""score"":11.778921603775865,""status"":""ok""},""V3_breakout_bar"":{""value"":0.49579963522015735,""score"":0},""V4_base_dryup"":{""value"":0.926270515560094,""score"":57.3729484439906},""V5_bo_expansion"":{""value"":0.7513340460448753,""score"":0},""_score"":17.18},""readiness"":{""_distance_atr"":2.165,""BR1_atr_distance"":{""score"":0},""BR2_compression"":{""score"":52.44393602730748},""BR3_retest"":{""score"":50.0},""BR4_bo_age"":{""score"":50.0},""_score"":30.61},""risk"":{""R1_stop_clarity"":{""score"":63.832821222469356},""R2_stop_distance_pct"":{""value"":4.931483368850187,""score"":100.0},""R3_stop_distance_atr"":{""value"":0.6159854641526535,""score"":55.79927320763267},""R4_rr_potential"":{""value"":5.45603141351419,""score"":100.0},""_score"":80.71},""market"":{""M1_spy_regime"":{""score"":100.0},""M3_earnings_risk"":{""value"":null,""score"":80.0},""M4_vix"":{""value"":null,""score"":60.0},""_score"":84.0},""liquidity"":{""L1_price"":{""value"":107.93,""score"":100.0},""L2_dollar_vol"":{""value"":11368698651.832767,""score"":100.0},""L3_spread_proxy"":{""value"":0.04475122764754932,""score"":55.248772352450686},""L4_volume_zscore"":{""value"":-0.8775233550571683,""score"":100.0},""_score"":95.52},""pattern_structure"":{""pole_low"":116.31,""pole_low_idx"":36,""peak_price"":126.64,""peak_idx"":42,""pole_gain"":0.08881437537614993,""flag_bars"":17,""flag_low"":104.17,""flag_high"":120.55,""structural_low"":104.17,""current_price"":107.2,""neckline_distance_pct"":0.18134328358208954,""base_bars"":17},""pattern_geometry_features"":{""pole_gain"":0.08881437537614993,""pullback_pct"":0.17743209096651927,""flag_range_pct"":0.1293430195830701,""flag_drift_per_bar"":-0.00801718201273046,""atr_pct"":0.0800584373469577,""pole_atr_multiple"":1.109369334692928},""_schema_version"":""1.0""}",,,,,,,,,,
20260602T213437Z-756d21,2026-06-02T21:34:37.658687+00:00,SATS,bull_flag,absent,43.41,49.0,27.3,49.2,52.4,13.1,52.9,77.8,84.0,94.9,6.87,8.18,4.43,5.24,1.83,4.76,2.33,5.04,4.74,False,,123.55,131.77,119.4411,143.99,"{""trend"":{""T1_ema_stack"":{""value"":[false,true,true],""score"":66.66666666666666},""T2_ema50_slope"":{""value"":0.2699371038831592,""score"":94.98951731385986},""T3_high_proximity"":{""value"":0.8712976022566995,""score"":35.648801128349724},""T4_rs_1m"":{""value"":-0.051003065044729956,""score"":0},""T5_rs_3m"":{""value"":-0.059586660612307885,""score"":20.20666969384606},""T6_adr_healthy"":{""value"":6.091726732430978,""score"":100.0},""_score"":49.04},""geometry"":{""sub_pole_impulse"":11.0,""sub_flag_tightness"":0,""sub_flag_shallowness"":0,""sub_flag_drift"":93.1,""sub_flag_duration"":100.0,""_score"":27.26},""compression"":{""VC1_atr_ratio"":{""value"":0.6249003226479217,""score"":93.77491933801957},""VC2_range_contraction"":{""value"":1.3389363027708105,""score"":0},""VC3_range_pct_rank"":{""score"":46.666666666666664},""_score"":49.18},""sr_quality"":{""SR1_touches"":{""value"":2,""score"":25.0},""SR2_tightness"":{""value"":0.17499999999999716,""score"":96.01286948087568},""SR3_recency"":{""value"":245,""score"":0.0},""SR4_price_location"":{""score"":82.10089025244194},""SR5_reaction"":{""value"":1.329121350351599,""score"":66.45606751757995},""_score"":52.4,""_levels_found"":5,""_target_level"":124.785},""volume"":{""V1_rvol_day"":{""value"":0.7010173588661229,""score"":13.401157257741527},""V2_rvol_sameslot"":{""value"":0.6868972991067319,""score"":12.459819940448796,""status"":""ok""},""V3_breakout_bar"":{""value"":0.8040680774545397,""score"":20.271205163635976},""V4_base_dryup"":{""value"":1.3594253902490805,""score"":14.057460975091956},""V5_bo_expansion"":{""value"":0.7010173588661229,""score"":0},""_score"":13.05},""readiness"":{""_distance_atr"":0.936,""BR1_atr_distance"":{""score"":37.57292787199511},""BR2_compression"":{""score"":81.33612570558448},""BR3_retest"":{""score"":50.0},""BR4_bo_age"":{""score"":50.0},""_score"":52.86},""risk"":{""R1_stop_clarity"":{""score"":58.55890456436939},""R2_stop_distance_pct"":{""value"":3.3256980979360513,""score"":100.0},""R3_stop_distance_atr"":{""value"":0.46807773114371964,""score"":48.403886557185984},""R4_rr_potential"":{""value"":4.9745674024678275,""score"":100.0},""_score"":77.76},""market"":{""M1_spy_regime"":{""score"":100.0},""M3_earnings_risk"":{""value"":null,""score"":80.0},""M4_vix"":{""value"":null,""score"":60.0},""_score"":84.0},""liquidity"":{""L1_price"":{""value"":123.55,""score"":100.0},""L2_dollar_vol"":{""value"":560476411.7557212,""score"":100.0},""L3_spread_proxy"":{""value"":0.05139619587211651,""score"":48.60380412788349},""L4_volume_zscore"":{""value"":-0.7899002286138467,""score"":100.0},""_score"":94.86},""pattern_structure"":{""pole_low"":119.55,""pole_low_idx"":36,""peak_price"":131.77,""peak_idx"":41,""pole_gain"":0.10221664575491438,""flag_bars"":18,""flag_low"":121.26,""flag_high"":129.88,""structural_low"":121.26,""current_price"":123.35,""neckline_distance_pct"":0.06826104580462113,""base_bars"":18},""pattern_geometry_features"":{""pole_gain"":0.10221664575491438,""pullback_pct"":0.07976018820672387,""flag_range_pct"":0.06541701449495325,""flag_drift_per_bar"":-0.0013826597777975658,""atr_pct"":0.07105012429901139,""pole_atr_multiple"":1.4386554107173692},""_schema_version"":""1.0""}",,,,,,,,,,
20260602T213437Z-756d21,2026-06-02T21:34:37.658687+00:00,BELFB,high_tight_pullback,absent,43.37,63.4,33.2,60.3,54.0,4.4,31.0,75.0,84.0,91.9,7.6,11.62,6.03,4.32,0.62,2.79,0.75,5.04,4.6,False,,269.22,287.38,259.1338,324.03,"{""trend"":{""T1_ema_stack"":{""value"":[false,true,true],""score"":66.66666666666666},""T2_ema50_slope"":{""value"":0.3574828766876224,""score"":100},""T3_high_proximity"":{""value"":0.889307303537806,""score"":44.65365176890296},""T4_rs_1m"":{""value"":-0.10471201803496433,""score"":0},""T5_rs_3m"":{""value"":0.1436254034411908,""score"":100},""T6_adr_healthy"":{""value"":4.994163081239146,""score"":100.0},""_score"":63.36},""geometry"":{""sub_pole_impulse"":42.2,""sub_flag_tightness"":24.3,""sub_flag_shallowness"":0,""sub_flag_drift"":96.5,""sub_flag_duration"":0.0,""_score"":33.21},""compression"":{""VC1_atr_ratio"":{""value"":0.33839966679136574,""score"":100},""VC2_range_contraction"":{""value"":0.8449626603442606,""score"":25.839556609289904},""VC3_range_pct_rank"":{""score"":44.99999999999999},""_score"":60.29},""sr_quality"":{""SR1_touches"":{""value"":2,""score"":25.0},""SR2_tightness"":{""value"":0.5750500000000045,""score"":92.13934700740198},""SR3_recency"":{""value"":240,""score"":0.0},""SR4_price_location"":{""score"":70.73777840753472},""SR5_reaction"":{""value"":2.2547792032041327,""score"":100},""_score"":54.01,""_levels_found"":7,""_target_level"":278.995},""volume"":{""V1_rvol_day"":{""value"":0.7366072645754494,""score"":15.773817638363298},""V2_rvol_sameslot"":{""value"":0.5966640085154155,""score"":6.44426723436103,""status"":""ok""},""V3_breakout_bar"":{""value"":0.4510417650602525,""score"":0},""V4_base_dryup"":{""value"":1.7195081727200978,""score"":0},""V5_bo_expansion"":{""value"":0.7366072645754494,""score"":0},""_score"":4.44},""readiness"":{""_distance_atr"":1.241,""BR1_atr_distance"":{""score"":17.253886128407004},""BR2_compression"":{""score"":26.392915879076494},""BR3_retest"":{""score"":50.0},""BR4_bo_age"":{""score"":50.0},""_score"":31.0},""risk"":{""R1_stop_clarity"":{""score"":46.057370942718244},""R2_stop_distance_pct"":{""value"":3.746452715251474,""score"":100.0},""R3_stop_distance_atr"":{""value"":0.6893671699325422,""score"":59.468358496627104},""R4_rr_potential"":{""value"":5.434157561817121,""score"":100.0},""_score"":75.04},""market"":{""M1_spy_regime"":{""score"":100.0},""M3_earnings_risk"":{""value"":null,""score"":80.0},""M4_vix"":{""value"":null,""score"":60.0},""_score"":84.0},""liquidity"":{""L1_price"":{""value"":269.22,""score"":100.0},""L2_dollar_vol"":{""value"":67388364.27344953,""score"":91.42924574065341},""L3_spread_proxy"":{""value"":0.04657900601738362,""score"":53.42099398261638},""L4_volume_zscore"":{""value"":-0.42093834375041417,""score"":100.0},""_score"":91.91},""pattern_structure"":{""pole_low"":250.73,""pole_low_idx"":12,""peak_price"":287.38,""peak_idx"":36,""pole_gain"":0.14617317433095364,""flag_bars"":23,""flag_low"":263.08,""flag_high"":282.17,""structural_low"":263.08,""current_price"":271.28,""neckline_distance_pct"":0.0593482748451785,""base_bars"":23},""pattern_geometry_features"":{""pole_gain"":0.14617317433095364,""pullback_pct"":0.084557032500522,""flag_range_pct"":0.06642772635534844,""flag_drift_per_bar"":-0.0006919145133071425,""atr_pct"":0.0543462595646683,""pole_atr_multiple"":2.689663934589972},""_schema_version"":""1.0""}",,,,,,,,,,
20260602T213437Z-756d21,2026-06-02T21:34:37.658687+00:00,FLY,bull_flag,absent,43.32,71.7,28.1,33.1,52.5,11.4,35.0,74.1,84.0,92.1,10.03,8.43,2.98,5.25,1.6,3.15,2.22,5.04,4.61,False,,43.37,62.15,39.1538,83.65,"{""trend"":{""T1_ema_stack"":{""value"":[false,true,true],""score"":66.66666666666666},""T2_ema50_slope"":{""value"":0.8857673309196807,""score"":100},""T3_high_proximity"":{""value"":0.7374596157116136,""score"":0},""T4_rs_1m"":{""value"":0.22912929525736336,""score"":100},""T5_rs_3m"":{""value"":0.9626258654381799,""score"":100},""T6_adr_healthy"":{""value"":12.096816897432113,""score"":0.0},""_score"":71.67},""geometry"":{""sub_pole_impulse"":72.0,""sub_flag_tightness"":0,""sub_flag_shallowness"":0,""sub_flag_drift"":35.0,""sub_flag_duration"":12.5,""_score"":28.1},""compression"":{""VC1_atr_ratio"":{""value"":0.8372091234494439,""score"":40.697719137639034},""VC2_range_contraction"":{""value"":1.0496666657750338,""score"":0},""VC3_range_pct_rank"":{""score"":67.5},""_score"":33.15},""sr_quality"":{""SR1_touches"":{""value"":2,""score"":25.0},""SR2_tightness"":{""value"":0.7070499999999988,""score"":76.0923487883992},""SR3_recency"":{""value"":96,""score"":0.0},""SR4_price_location"":{""score"":74.5173718091477},""SR5_reaction"":{""value"":2.3462922574926517,""score"":100},""_score"":52.54,""_levels_found"":5,""_target_level"":47.0029},""volume"":{""V1_rvol_day"":{""value"":0.64270231632177,""score"":9.513487754784666},""V2_rvol_sameslot"":{""value"":0.5968122955958697,""score"":6.454153039724646,""status"":""ok""},""V3_breakout_bar"":{""value"":0.4103607708561286,""score"":0},""V4_base_dryup"":{""value"":1.0881858786279657,""score"":41.18141213720343},""V5_bo_expansion"":{""value"":0.64270231632177,""score"":0},""_score"":11.43},""readiness"":{""_distance_atr"":3.175,""BR1_atr_distance"":{""score"":0},""BR2_compression"":{""score"":69.87713176698726},""BR3_retest"":{""score"":50.0},""BR4_bo_age"":{""score"":50.0},""_score"":34.97},""risk"":{""R1_stop_clarity"":{""score"":79.83885575996473},""R2_stop_distance_pct"":{""value"":9.721581738528927,""score"":56.96045653677682},""R3_stop_distance_atr"":{""value"":0.7128253618620459,""score"":60.6412680931023},""R4_rr_potential"":{""value"":9.553513193003274,""score"":100.0},""_score"":74.13},""market"":{""M1_spy_regime"":{""score"":100.0},""M3_earnings_risk"":{""value"":null,""score"":80.0},""M4_vix"":{""value"":null,""score"":60.0},""_score"":84.0},""liquidity"":{""L1_price"":{""value"":43.37,""score"":100.0},""L2_dollar_vol"":{""value"":267810674.4328511,""score"":100.0},""L3_spread_proxy"":{""value"":0.07862347244639153,""score"":21.37652755360847},""L4_volume_zscore"":{""value"":-0.7300876265043785,""score"":100.0},""_score"":92.14},""pattern_structure"":{""pole_low"":40.65,""pole_low_idx"":12,""peak_price"":62.15,""peak_idx"":32,""pole_gain"":0.5289052890528906,""flag_bars"":27,""flag_low"":39.75,""flag_high"":60.909,""structural_low"":39.75,""current_price"":44.01,""neckline_distance_pct"":0.41217905021586004,""base_bars"":27},""pattern_geometry_features"":{""pole_gain"":0.5289052890528906,""pullback_pct"":0.3604183427192277,""flag_range_pct"":0.340450522928399,""flag_drift_per_bar"":-0.012990235042041444,""atr_pct"":0.1363809743403933,""pole_atr_multiple"":3.8781456989212857},""_schema_version"":""1.0""}",,,,,,,,,,
20260602T213437Z-756d21,2026-06-02T21:34:37.658687+00:00,CW,bull_flag,absent,42.84,50.2,27.3,65.9,52.6,19.2,35.0,63.6,84.0,72.6,7.03,8.2,5.93,5.26,2.69,3.15,1.91,5.04,3.63,True,risk_unclear,721.12,758.4487,702.5709,807.6774,"{""trend"":{""T1_ema_stack"":{""value"":[false,true,true],""score"":66.66666666666666},""T2_ema50_slope"":{""value"":0.12857440921891533,""score"":71.42906820315255},""T3_high_proximity"":{""value"":0.9602130492676432,""score"":80.10652463382156},""T4_rs_1m"":{""value"":-0.04281685073951391,""score"":7.18314926048609},""T5_rs_3m"":{""value"":-0.08922178771419165,""score"":5.389106142904176},""T6_adr_healthy"":{""value"":3.00072551141518,""score"":100.0},""_score"":50.21},""geometry"":{""sub_pole_impulse"":26.6,""sub_flag_tightness"":0,""sub_flag_shallowness"":0,""sub_flag_drift"":87.3,""sub_flag_duration"":62.5,""_score"":27.32},""compression"":{""VC1_atr_ratio"":{""value"":0.40276043256185945,""score"":100},""VC2_range_contraction"":{""value"":0.9027042039243501,""score"":16.215966012608312},""VC3_range_pct_rank"":{""score"":80.83333333333333},""_score"":65.88},""sr_quality"":{""SR1_touches"":{""value"":4,""score"":75.0},""SR2_tightness"":{""value"":5.358953819718464,""score"":55.799148816652036},""SR3_recency"":{""value"":226,""score"":0.0},""SR4_price_location"":{""score"":27.046591316640907},""SR5_reaction"":{""value"":2.0990017812814914,""score"":100},""_score"":52.63,""_levels_found"":6,""_target_level"":754.3274},""volume"":{""V1_rvol_day"":{""value"":0.8080322737594348,""score"":20.53548491729565},""V2_rvol_sameslot"":{""value"":0.7355930841592747,""score"":15.706205610618316,""status"":""ok""},""V3_breakout_bar"":{""value"":0.7631642987866277,""score"":17.544286585775183},""V4_base_dryup"":{""value"":1.1200073360744067,""score"":37.99926639255933},""V5_bo_expansion"":{""value"":0.8080322737594348,""score"":0},""_score"":19.23},""readiness"":{""_distance_atr"":1.539,""BR1_atr_distance"":{""score"":0},""BR2_compression"":{""score"":69.83995238746779},""BR3_retest"":{""score"":50.0},""BR4_bo_age"":{""score"":50.0},""_score"":34.96},""risk"":{""R1_stop_clarity"":{""score"":11.753836147435578},""R2_stop_distance_pct"":{""value"":2.5722556578655533,""score"":100.0},""R3_stop_distance_atr"":{""value"":0.7649662846745311,""score"":63.24831423372655},""R4_rr_potential"":{""value"":4.666406096269063,""score"":100.0},""_score"":63.6},""market"":{""M1_spy_regime"":{""score"":100.0},""M3_earnings_risk"":{""value"":null,""score"":80.0},""M4_vix"":{""value"":null,""score"":60.0},""_score"":84.0},""liquidity"":{""L1_price"":{""value"":721.12,""score"":0.0},""L2_dollar_vol"":{""value"":175258527.57035664,""score"":100.0},""L3_spread_proxy"":{""value"":0.023799783669846936,""score"":76.20021633015307},""L4_volume_zscore"":{""value"":-0.3930788549641231,""score"":100.0},""_score"":72.62},""pattern_structure"":{""pole_low"":709.22,""pole_low_idx"":12,""peak_price"":758.4487,""peak_idx"":36,""pole_gain"":0.06941245311750938,""flag_bars"":23,""flag_low"":713.27,""flag_high"":755.9,""structural_low"":713.27,""current_price"":717.29,""neckline_distance_pct"":0.05738083620293057,""base_bars"":23},""pattern_geometry_features"":{""pole_gain"":0.06941245311750938,""pullback_pct"":0.05956724561595273,""flag_range_pct"":0.056206833764762196,""flag_drift_per_bar"":-0.0025317831383021403,""atr_pct"":0.03362573892991855,""pole_atr_multiple"":2.064265509887414},""_schema_version"":""1.0""}",,,,,,,,,,
20260602T213437Z-756d21,2026-06-02T21:34:37.658687+00:00,BA,double_bottom,absent,42.59,41.2,34.2,44.6,35.4,30.5,22.6,62.4,84.0,95.5,6.18,8.54,3.57,4.96,3.97,1.81,3.74,5.04,4.78,True,risk_unclear;reversal_trend_cap,217.7,232.3,213.5382,247.81,"{""trend"":{""T1_ema_stack"":{""value"":[false,true,true],""score"":66.66666666666666},""T2_ema50_slope"":{""value"":0.050870961266500814,""score"":58.47849354441681},""T3_high_proximity"":{""value"":0.9048212801330008,""score"":52.41064006650037},""T4_rs_1m"":{""value"":-0.09657870547753244,""score"":0},""T5_rs_3m"":{""value"":-0.14511825670977907,""score"":0},""T6_adr_healthy"":{""value"":2.8986632654870177,""score"":100.0},""_score"":41.22},""geometry"":{""sub_low_similarity"":50.6,""sub_bounce_quality"":59.3,""sub_separation_fit"":0.0,""sub_right_bottom_reaction"":7.6,""sub_base_context"":30.0,""_score"":34.18},""compression"":{""VC1_atr_ratio"":{""value"":0.5878344739985981,""score"":100},""VC2_range_contraction"":{""value"":0.9534510877228173,""score"":7.75815204619712},""VC3_range_pct_rank"":{""score"":7.499999999999996},""_score"":44.59},""sr_quality"":{""SR1_touches"":{""value"":2,""score"":25.0},""SR2_tightness"":{""value"":1.5,""score"":60.69623806850086},""SR3_recency"":{""value"":283,""score"":0.0},""SR4_price_location"":{""score"":15.19256140397522},""SR5_reaction"":{""value"":3.049971925884333,""score"":100},""_score"":35.4,""_levels_found"":4,""_target_level"":230.46},""volume"":{""V1_rvol_day"":{""value"":1.015585394047051,""score"":34.37235960313673},""V2_rvol_sameslot"":{""value"":0.9344252748189131,""score"":28.961684987927544,""status"":""ok""},""V3_breakout_bar"":{""value"":0.8270584188684943,""score"":21.803894591232954},""V4_base_dryup"":{""value"":0.8876554851939797,""score"":61.234451480602026},""V5_bo_expansion"":{""value"":1.015585394047051,""score"":1.0390262698033967},""_score"":30.52},""readiness"":{""_distance_atr"":1.913,""BR1_atr_distance"":{""score"":0},""BR2_compression"":{""score"":20.549481377831896},""BR3_retest"":{""score"":50.0},""BR4_bo_age"":{""score"":50.0},""_score"":22.64},""risk"":{""R1_stop_clarity"":{""score"":14.79337450870328},""R2_stop_distance_pct"":{""value"":1.9117363344051386,""score"":97.79340836012847},""R3_stop_distance_atr"":{""value"":0.5452545386486972,""score"":52.26272693243486},""R4_rr_potential"":{""value"":7.234763386474798,""score"":100.0},""_score"":62.36},""market"":{""M1_spy_regime"":{""score"":100.0},""M3_earnings_risk"":{""value"":null,""score"":80.0},""M4_vix"":{""value"":null,""score"":60.0},""_score"":84.0},""liquidity"":{""L1_price"":{""value"":217.7,""score"":100.0},""L2_dollar_vol"":{""value"":1660135167.8280334,""score"":100.0},""L3_spread_proxy"":{""value"":0.04446485989894353,""score"":55.53514010105647},""L4_volume_zscore"":{""value"":0.04060596514180469,""score"":100.0},""_score"":95.55},""pattern_structure"":{""left_low"":216.79,""left_idx"":19,""right_low"":222.21,""right_idx"":68,""separation_bars"":49,""structural_low"":216.79,""current_price"":216.435,""neckline_distance_pct"":0.07330145309215241,""base_bars"":49},""pattern_geometry_features"":{""low_similarity_pct"":0.02469248291571761,""bounce_pct"":0.07154389040084884,""right_bottom_reaction"":0.07588770864946935,""atr_pct"":0.03506135573200344},""_schema_version"":""1.0""}",,,,,,,,,,
20260602T213437Z-756d21,2026-06-02T21:34:37.658687+00:00,BA,cup_with_handle,absent,42.47,41.2,39.3,44.6,35.4,23.1,22.6,66.1,84.0,95.5,5.77,11.78,3.57,4.25,3.0,1.81,3.3,4.2,4.78,True,risk_unclear,217.7,236.45,210.79,285.24,"{""trend"":{""T1_ema_stack"":{""value"":[false,true,true],""score"":66.66666666666666},""T2_ema50_slope"":{""value"":0.050870961266500814,""score"":58.47849354441681},""T3_high_proximity"":{""value"":0.9048212801330008,""score"":52.41064006650037},""T4_rs_1m"":{""value"":-0.09657870547753244,""score"":0},""T5_rs_3m"":{""value"":-0.14511825670977907,""score"":0},""T6_adr_healthy"":{""value"":2.8986632654870177,""score"":100.0},""_score"":41.22},""geometry"":{""sub_cup_depth"":100.0,""sub_cup_duration"":0.0,""sub_rim_symmetry"":3.4,""sub_handle_shallowness"":20.9,""sub_handle_proportion"":100.0,""sub_u_shape"":29.5,""_score"":39.28},""compression"":{""VC1_atr_ratio"":{""value"":0.5878344739985981,""score"":100},""VC2_range_contraction"":{""value"":0.9534510877228173,""score"":7.75815204619712},""VC3_range_pct_rank"":{""score"":7.499999999999996},""_score"":44.59},""sr_quality"":{""SR1_touches"":{""value"":2,""score"":25.0},""SR2_tightness"":{""value"":1.5,""score"":60.69623806850086},""SR3_recency"":{""value"":283,""score"":0.0},""SR4_price_location"":{""score"":15.19256140397522},""SR5_reaction"":{""value"":3.049971925884333,""score"":100},""_score"":35.4,""_levels_found"":4,""_target_level"":230.46},""volume"":{""V1_rvol_day"":{""value"":1.015585394047051,""score"":34.37235960313673},""V2_rvol_sameslot"":{""value"":0.9344252748189131,""score"":28.961684987927544,""status"":""ok""},""V3_breakout_bar"":{""value"":0.8270584188684943,""score"":21.803894591232954},""V4_base_dryup"":{""value"":1.2593376651846209,""score"":24.066233481537907},""V5_bo_expansion"":{""value"":1.015585394047051,""score"":1.0390262698033967},""_score"":23.09},""readiness"":{""_distance_atr"":2.456,""BR1_atr_distance"":{""score"":0},""BR2_compression"":{""score"":20.549481377831896},""BR3_retest"":{""score"":50.0},""BR4_bo_age"":{""score"":50.0},""_score"":22.64},""risk"":{""R1_stop_clarity"":{""score"":15.889949466591645},""R2_stop_distance_pct"":{""value"":3.174092788240697,""score"":100.0},""R3_stop_distance_atr"":{""value"":0.9052966498221963,""score"":70.26483249110981},""R4_rr_potential"":{""value"":9.774240231548488,""score"":100.0},""_score"":66.1},""market"":{""M1_spy_regime"":{""score"":100.0},""M3_earnings_risk"":{""value"":null,""score"":80.0},""M4_vix"":{""value"":null,""score"":60.0},""_score"":84.0},""liquidity"":{""L1_price"":{""value"":217.7,""score"":100.0},""L2_dollar_vol"":{""value"":1660135167.8280334,""score"":100.0},""L3_spread_proxy"":{""value"":0.04446485989894353,""score"":55.53514010105647},""L4_volume_zscore"":{""value"":0.04060596514180469,""score"":100.0},""_score"":95.55},""pattern_structure"":{""left_rim"":225.56,""left_rim_idx"":31,""cup_bottom"":176.77,""cup_bottom_idx"":49,""right_rim"":236.45,""right_rim_idx"":153,""handle_low"":214.0,""handle_bars"":26,""cup_bars"":122,""structural_low"":214.0,""current_price"":217.7,""neckline_distance_pct"":0.08612769866789159,""base_bars"":148},""pattern_geometry_features"":{""cup_depth_pct"":0.2163060826387657,""rim_symmetry_pct"":0.048279836850505346,""handle_depth_pct"":0.09494607739479802,""handle_to_cup_ratio"":0.21311475409836064,""cup_duration_bars"":122.0,""atr_pct"":0.03506135573200344,""u_shape_score"":0.14754098360655737},""_schema_version"":""1.0""}",,,,,,,,,,
20260602T213437Z-756d21,2026-06-02T21:34:37.658687+00:00,TTWO,bull_flag,absent,42.43,46.0,25.4,49.2,49.0,21.1,45.5,70.1,84.0,97.0,6.43,7.63,4.43,4.9,2.96,4.09,2.1,5.04,4.85,False,,222.38,231.02,214.0996,245.73,"{""trend"":{""T1_ema_stack"":{""value"":[false,true,false],""score"":33.33333333333333},""T2_ema50_slope"":{""value"":0.24405930891763516,""score"":90.67655148627253},""T3_high_proximity"":{""value"":0.9172578782379145,""score"":58.62893911895723},""T4_rs_1m"":{""value"":-0.0246127337781612,""score"":25.3872662218388},""T5_rs_3m"":{""value"":-0.09191633436776847,""score"":4.041832816115765},""T6_adr_healthy"":{""value"":3.4287457435007997,""score"":100.0},""_score"":45.95},""geometry"":{""sub_pole_impulse"":13.4,""sub_flag_tightness"":0,""sub_flag_shallowness"":0,""sub_flag_drift"":76.0,""sub_flag_duration"":100.0,""_score"":25.42},""compression"":{""VC1_atr_ratio"":{""value"":0.570568781927498,""score"":100},""VC2_range_contraction"":{""value"":1.4158125834639437,""score"":0},""VC3_range_pct_rank"":{""score"":36.66666666666667},""_score"":49.17},""sr_quality"":{""SR1_touches"":{""value"":4,""score"":75.0},""SR2_tightness"":{""value"":1.517015986031457,""score"":69.18305215676399},""SR3_recency"":{""value"":229,""score"":0.0},""SR4_price_location"":{""score"":4.581009851964443},""SR5_reaction"":{""value"":2.6520146958639605,""score"":100},""_score"":49.02,""_levels_found"":5,""_target_level"":248.0},""volume"":{""V1_rvol_day"":{""value"":0.9527575630229744,""score"":30.18383753486496},""V2_rvol_sameslot"":{""value"":1.0438394863036233,""score"":36.255965753574884,""status"":""ok""},""V3_breakout_bar"":{""value"":0.9696015362912677,""score"":31.30676908608451},""V4_base_dryup"":{""value"":1.822105613093018,""score"":0},""V5_bo_expansion"":{""value"":0.9527575630229745,""score"":0},""_score"":21.11},""readiness"":{""_distance_atr"":0.878,""BR1_atr_distance"":{""score"":41.49513874227595},""BR2_compression"":{""score"":45.55745259271786},""BR3_retest"":{""score"":50.0},""BR4_bo_age"":{""score"":50.0},""_score"":45.49},""risk"":{""R1_stop_clarity"":{""score"":33.767621651151586},""R2_stop_distance_pct"":{""value"":3.7235362892346373,""score"":100.0},""R3_stop_distance_atr"":{""value"":0.8410480089556538,""score"":67.05240044778269},""R4_rr_potential"":{""value"":2.819912081541962,""score"":90.99560407709811},""_score"":70.08},""market"":{""M1_spy_regime"":{""score"":100.0},""M3_earnings_risk"":{""value"":null,""score"":80.0},""M4_vix"":{""value"":null,""score"":60.0},""_score"":84.0},""liquidity"":{""L1_price"":{""value"":222.38,""score"":100.0},""L2_dollar_vol"":{""value"":596294726.3236762,""score"":100.0},""L3_spread_proxy"":{""value"":0.029858800251821145,""score"":70.14119974817885},""L4_volume_zscore"":{""value"":-0.08499875313003212,""score"":100.0},""_score"":97.01},""pattern_structure"":{""pole_low"":216.31,""pole_low_idx"":36,""peak_price"":231.02,""peak_idx"":48,""pole_gain"":0.06800425315519397,""flag_bars"":11,""flag_low"":217.36,""flag_high"":230.17,""structural_low"":217.36,""current_price"":220.76,""neckline_distance_pct"":0.04647581083529634,""base_bars"":11},""pattern_geometry_features"":{""pole_gain"":0.06800425315519397,""pullback_pct"":0.059129079733356404,""flag_range_pct"":0.05544974461085609,""flag_drift_per_bar"":-0.0048088010014989925,""atr_pct"":0.04427257718448471,""pole_atr_multiple"":1.5360355660303868},""_schema_version"":""1.0""}",,,,,,,,,,
20260602T213437Z-756d21,2026-06-02T21:34:37.658687+00:00,MSTR,bull_flag,absent,42.42,34.0,18.1,51.3,39.3,70.3,23.9,78.4,84.0,86.1,4.76,5.43,4.61,3.93,9.84,2.15,2.35,5.04,4.31,False,,136.08,162.06,132.0984,179.82,"{""trend"":{""T1_ema_stack"":{""value"":[false,true,false],""score"":33.33333333333333},""T2_ema50_slope"":{""value"":0.3131982971892944,""score"":100},""T3_high_proximity"":{""value"":0.6944983158109627,""score"":0},""T4_rs_1m"":{""value"":-0.28593094007305997,""score"":0},""T5_rs_3m"":{""value"":-0.09084732288739583,""score"":4.576338556302083},""T6_adr_healthy"":{""value"":5.318605607361894,""score"":100.0},""_score"":34.02},""geometry"":{""sub_pole_impulse"":14.2,""sub_flag_tightness"":0,""sub_flag_shallowness"":0,""sub_flag_drift"":25.7,""sub_flag_duration"":100.0,""_score"":18.11},""compression"":{""VC1_atr_ratio"":{""value"":0.5148245114804528,""score"":100},""VC2_range_contraction"":{""value"":0.9424786893608441,""score"":9.586885106525981},""VC3_range_pct_rank"":{""score"":31.666666666666664},""_score"":51.27},""sr_quality"":{""SR1_touches"":{""value"":2,""score"":25.0},""SR2_tightness"":{""value"":2.134999999999991,""score"":60.0261855900352},""SR3_recency"":{""value"":270,""score"":0.0},""SR4_price_location"":{""score"":31.01407875943711},""SR5_reaction"":{""value"":2.1082208442913615,""score"":100},""_score"":39.26,""_levels_found"":6,""_target_level"":141.715},""volume"":{""V1_rvol_day"":{""value"":1.9838438915911372,""score"":98.92292610607582},""V2_rvol_sameslot"":{""value"":2.6320751845025496,""score"":100,""status"":""ok""},""V3_breakout_bar"":{""value"":1.1251010003007125,""score"":41.673400020047495},""V4_base_dryup"":{""value"":0.9891531379316347,""score"":51.08468620683653},""V5_bo_expansion"":{""value"":1.9838438915911374,""score"":65.58959277274249},""_score"":70.26},""readiness"":{""_distance_atr"":2.432,""BR1_atr_distance"":{""score"":0},""BR2_compression"":{""score"":25.485875013389858},""BR3_retest"":{""score"":50.0},""BR4_bo_age"":{""score"":50.0},""_score"":23.87},""risk"":{""R1_stop_clarity"":{""score"":62.33567973873247},""R2_stop_distance_pct"":{""value"":2.9259626690182254,""score"":100.0},""R3_stop_distance_atr"":{""value"":0.3727441174366209,""score"":43.63720587183104},""R4_rr_potential"":{""value"":10.985395501864796,""score"":100.0},""_score"":78.36},""market"":{""M1_spy_regime"":{""score"":100.0},""M3_earnings_risk"":{""value"":null,""score"":80.0},""M4_vix"":{""value"":null,""score"":60.0},""_score"":84.0},""liquidity"":{""L1_price"":{""value"":136.08,""score"":100.0},""L2_dollar_vol"":{""value"":4194976370.9329176,""score"":100.0},""L3_spread_proxy"":{""value"":0.06385949441504994,""score"":36.140505584950056},""L4_volume_zscore"":{""value"":3.251640621333558,""score"":70.0},""_score"":86.11},""pattern_structure"":{""pole_low"":144.3,""pole_low_idx"":36,""peak_price"":162.06,""peak_idx"":45,""pole_gain"":0.123076923076923,""flag_bars"":14,""flag_low"":134.11,""flag_high"":161.9,""structural_low"":134.11,""current_price"":134.1901,""neckline_distance_pct"":0.20768968798741488,""base_bars"":14},""pattern_geometry_features"":{""pole_gain"":0.123076923076923,""pullback_pct"":0.17246698753548062,""flag_range_pct"":0.1714796988769591,""flag_drift_per_bar"":-0.014858167350925022,""atr_pct"":0.0784978898966994,""pole_atr_multiple"":1.5679010383449559},""_schema_version"":""1.0""}",,,,,,,,,,
20260602T213437Z-756d21,2026-06-02T21:34:37.658687+00:00,AXTI,bull_flag,absent,42.38,80.0,19.6,37.0,38.9,24.7,36.5,59.9,84.0,90.0,11.2,5.87,3.33,3.89,3.46,3.29,1.8,5.04,4.5,True,stop_too_wide,110.85,133.54,91.8325,165.2,"{""trend"":{""T1_ema_stack"":{""value"":[true,true,true],""score"":100.0},""T2_ema50_slope"":{""value"":1.4479634572970006,""score"":100},""T3_high_proximity"":{""value"":0.7871192217567279,""score"":0},""T4_rs_1m"":{""value"":0.10068070058280698,""score"":100},""T5_rs_3m"":{""value"":1.5379811348312877,""score"":100},""T6_adr_healthy"":{""value"":14.412115912847387,""score"":0.0},""_score"":80.0},""geometry"":{""sub_pole_impulse"":25.0,""sub_flag_tightness"":0,""sub_flag_shallowness"":0,""sub_flag_drift"":80.5,""sub_flag_duration"":0.0,""_score"":19.57},""compression"":{""VC1_atr_ratio"":{""value"":0.7568790704362531,""score"":60.78023239093672},""VC2_range_contraction"":{""value"":1.0836998628391181,""score"":0},""VC3_range_pct_rank"":{""score"":50.83333333333333},""_score"":37.02},""sr_quality"":{""SR1_touches"":{""value"":2,""score"":25.0},""SR2_tightness"":{""value"":3.4899499999999968,""score"":59.45176944606394},""SR3_recency"":{""value"":247,""score"":0.0},""SR4_price_location"":{""score"":30.0},""SR5_reaction"":{""value"":2.2447049401747345,""score"":100},""_score"":38.92,""_levels_found"":4,""_target_level"":61.5301},""volume"":{""V1_rvol_day"":{""value"":1.0576180818349843,""score"":37.17453878899895},""V2_rvol_sameslot"":{""value"":0.7273298905390347,""score"":15.155326035935648,""status"":""ok""},""V3_breakout_bar"":{""value"":0.41271972607826496,""score"":0},""V4_base_dryup"":{""value"":0.8153206134953,""score"":68.46793865046999},""V5_bo_expansion"":{""value"":1.0576180818349843,""score"":3.8412054556656194},""_score"":24.74},""readiness"":{""_distance_atr"":1.318,""BR1_atr_distance"":{""score"":12.124877503611799},""BR2_compression"":{""score"":56.63741162562118},""BR3_retest"":{""score"":50.0},""BR4_bo_age"":{""score"":50.0},""_score"":36.51},""risk"":{""R1_stop_clarity"":{""score"":83.75183563042155},""R2_stop_distance_pct"":{""value"":17.1560351826793,""score"":0.0},""R3_stop_distance_atr"":{""value"":1.1047788010879962,""score"":80.2389400543998},""R4_rr_potential"":{""value"":2.857899304665474,""score"":92.8949652332737},""_score"":59.93},""market"":{""M1_spy_regime"":{""score"":100.0},""M3_earnings_risk"":{""value"":null,""score"":80.0},""M4_vix"":{""value"":null,""score"":60.0},""_score"":84.0},""liquidity"":{""L1_price"":{""value"":110.85,""score"":100.0},""L2_dollar_vol"":{""value"":1148161987.818469,""score"":100.0},""L3_spread_proxy"":{""value"":0.1416319350473613,""score"":0},""L4_volume_zscore"":{""value"":0.24273958980325672,""score"":100.0},""_score"":90.0},""pattern_structure"":{""pole_low"":101.88,""pole_low_idx"":11,""peak_price"":133.54,""peak_idx"":30,""pole_gain"":0.3107577542206517,""flag_bars"":29,""flag_low"":93.231,""flag_high"":129.35,""structural_low"":93.231,""current_price"":110.875,""neckline_distance_pct"":0.20441939120631333,""base_bars"":29},""pattern_geometry_features"":{""pole_gain"":0.3107577542206517,""pullback_pct"":0.30184963306874346,""flag_range_pct"":0.27047326643702263,""flag_drift_per_bar"":-0.0039030708570984346,""atr_pct"":0.1552893227656421,""pole_atr_multiple"":2.001153387020934},""_schema_version"":""1.0""}",,,,,,,,,,
20260602T213437Z-756d21,2026-06-02T21:34:37.658687+00:00,TRMB,ascending_triangle,absent,41.12,6.5,35.3,46.2,46.3,24.1,66.3,50.6,84.0,96.5,0.97,9.88,3.7,6.48,2.9,5.3,2.02,5.04,4.83,True,risk_unclear;trend_floor,57.74,58.3,53.3082,62.48,"{""trend"":{""T1_ema_stack"":{""value"":[false,false,false],""score"":0.0},""T2_ema50_slope"":{""value"":-0.5688713302720786,""score"":0},""T3_high_proximity"":{""value"":0.819472040874255,""score"":9.736020437127458},""T4_rs_1m"":{""value"":-0.2101015085665644,""score"":0},""T5_rs_3m"":{""value"":-0.28159723749209353,""score"":0},""T6_adr_healthy"":{""value"":3.846278058912677,""score"":100.0},""_score"":6.46},""geometry"":{""sub_flat_top_quality"":33.3,""sub_hl_slope"":20.2,""sub_compression"":17.0,""sub_duration"":100.0,""_score"":35.3},""compression"":{""VC1_atr_ratio"":{""value"":0.37140586997316605,""score"":100},""VC2_range_contraction"":{""value"":1.1170226807624941,""score"":0},""VC3_range_pct_rank"":{""score"":25.0},""_score"":46.25},""sr_quality"":{""SR1_touches"":{""value"":2,""score"":25.0},""SR2_tightness"":{""value"":0.030000000000001137,""score"":96.82362016547414},""SR3_recency"":{""value"":262,""score"":0.0},""SR4_price_location"":{""score"":37.02943189596168},""SR5_reaction"":{""value"":2.690658418162843,""score"":100},""_score"":46.28,""_levels_found"":7,""_target_level"":63.49},""volume"":{""V1_rvol_day"":{""value"":0.9561146766514175,""score"":30.4076451100945},""V2_rvol_sameslot"":{""value"":1.005345931515504,""score"":33.68972876770027,""status"":""ok""},""V3_breakout_bar"":{""value"":1.0953106840370237,""score"":39.68737893580158},""V4_base_dryup"":{""value"":1.4294475777996825,""score"":7.055242220031758},""V5_bo_expansion"":{""value"":0.9561146766514175,""score"":0},""_score"":24.15},""readiness"":{""_distance_atr"":0.296,""BR1_atr_distance"":{""score"":80.2358588073956},""BR2_compression"":{""score"":66.64699688399072},""BR3_retest"":{""score"":50.0},""BR4_bo_age"":{""score"":50.0},""_score"":66.26},""risk"":{""R1_stop_clarity"":{""score"":14.047161677733826},""R2_stop_distance_pct"":{""value"":7.675441634915141,""score"":100.0},""R3_stop_distance_atr"":{""value"":2.3461800251085263,""score"":100.0},""R4_rr_potential"":{""value"":1.06954284940656,""score"":3.4771424703279985},""_score"":50.61},""market"":{""M1_spy_regime"":{""score"":100.0},""M3_earnings_risk"":{""value"":null,""score"":80.0},""M4_vix"":{""value"":null,""score"":60.0},""_score"":84.0},""liquidity"":{""L1_price"":{""value"":57.74,""score"":100.0},""L2_dollar_vol"":{""value"":164362354.69365212,""score"":100.0},""L3_spread_proxy"":{""value"":0.034464842396951884,""score"":65.53515760304812},""L4_volume_zscore"":{""value"":-0.12917571452834134,""score"":100.0},""_score"":96.55},""pattern_structure"":{""top"":58.3,""top_touches"":2,""low_slope_per_bar"":0.0328706624605667,""lowest_low"":54.12,""structural_low"":54.12,""current_price"":57.25,""neckline_distance_pct"":0.01834061135371174,""base_bars"":30},""pattern_geometry_features"":{""top_touches"":2.0,""low_slope"":0.0328706624605667,""compression"":0.08518830465647853,""atr_pct"":0.032714632094611326},""_schema_version"":""1.0""}",,,,,,,,,,
20260602T213437Z-756d21,2026-06-02T21:34:37.658687+00:00,RKLB,bull_flag,absent,40.93,85.6,17.2,39.6,34.2,9.6,35.9,80.5,84.0,95.3,11.98,5.17,3.56,3.42,1.35,3.23,2.41,5.04,4.76,False,,123.32,150.85,119.9237,177.9,"{""trend"":{""T1_ema_stack"":{""value"":[true,true,true],""score"":100.0},""T2_ema50_slope"":{""value"":1.2765977296695086,""score"":100},""T3_high_proximity"":{""value"":0.8208746588564202,""score"":10.437329428210074},""T4_rs_1m"":{""value"":0.5107692442320901,""score"":100},""T5_rs_3m"":{""value"":0.6419757073083461,""score"":100},""T6_adr_healthy"":{""value"":8.786685056821863,""score"":80.33287357945342},""_score"":85.58},""geometry"":{""sub_pole_impulse"":29.6,""sub_flag_tightness"":0,""sub_flag_shallowness"":0,""sub_flag_drift"":55.8,""sub_flag_duration"":0.0,""_score"":17.25},""compression"":{""VC1_atr_ratio"":{""value"":0.9184888372680942,""score"":20.37779068297646},""VC2_range_contraction"":{""value"":0.8682082614149781,""score"":21.965289764170322},""VC3_range_pct_rank"":{""score"":95.0},""_score"":39.59},""sr_quality"":{""SR1_touches"":{""value"":2,""score"":25.0},""SR2_tightness"":{""value"":1.6149999999999949,""score"":73.81431908543536},""SR3_recency"":{""value"":251,""score"":0.0},""SR4_price_location"":{""score"":30.0},""SR5_reaction"":{""value"":1.083098133184473,""score"":54.15490665922364},""_score"":34.2,""_levels_found"":4,""_target_level"":91.485},""volume"":{""V1_rvol_day"":{""value"":0.6156318268357001,""score"":7.7087884557133375},""V2_rvol_sameslot"":{""value"":0.4495855963461769,""score"":0,""status"":""ok""},""V3_breakout_bar"":{""value"":0.3524576092680801,""score"":0},""V4_base_dryup"":{""value"":1.0958801386821047,""score"":40.41198613178953},""V5_bo_expansion"":{""value"":0.6156318268357001,""score"":0},""_score"":9.62},""readiness"":{""_distance_atr"":2.232,""BR1_atr_distance"":{""score"":0},""BR2_compression"":{""score"":73.5285156349436},""BR3_retest"":{""score"":50.0},""BR4_bo_age"":{""score"":50.0},""_score"":35.88},""risk"":{""R1_stop_clarity"":{""score"":70.38910230945889},""R2_stop_distance_pct"":{""value"":2.7540139474537746,""score"":100.0},""R3_stop_distance_atr"":{""value"":0.2753347331457905,""score"":38.76673665728953},""R4_rr_potential"":{""value"":16.070666175929354,""score"":100.0},""_score"":80.45},""market"":{""M1_spy_regime"":{""score"":100.0},""M3_earnings_risk"":{""value"":null,""score"":80.0},""M4_vix"":{""value"":null,""score"":60.0},""_score"":84.0},""liquidity"":{""L1_price"":{""value"":123.32,""score"":100.0},""L2_dollar_vol"":{""value"":2381831460.615095,""score"":100.0},""L3_spread_proxy"":{""value"":0.047356470969834606,""score"":52.643529030165396},""L4_volume_zscore"":{""value"":-0.8488095634523786,""score"":100.0},""_score"":95.26},""pattern_structure"":{""pole_low"":123.8,""pole_low_idx"":12,""peak_price"":150.85,""peak_idx"":30,""pole_gain"":0.21849757673667203,""flag_bars"":29,""flag_low"":121.75,""flag_high"":150.83,""structural_low"":121.75,""current_price"":123.775,""neckline_distance_pct"":0.21874368814380923,""base_bars"":29},""pattern_geometry_features"":{""pole_gain"":0.21849757673667203,""pullback_pct"":0.19290686112031816,""flag_range_pct"":0.19277427908518405,""flag_drift_per_bar"":-0.008830578685900155,""atr_pct"":0.10002421111162596,""pole_atr_multiple"":2.1844468884921375},""_schema_version"":""1.0""}",,,,,,,,,,
20260602T213437Z-756d21,2026-06-02T21:34:37.658687+00:00,INTU,double_bottom,absent,40.56,5.0,39.8,5.2,51.7,35.1,35.7,83.5,84.0,94.7,0.75,9.94,0.42,7.24,4.56,2.86,5.01,5.04,4.74,True,reversal_trend_cap,322.14,363.175,297.8284,423.9861,"{""trend"":{""T1_ema_stack"":{""value"":[false,false,false],""score"":0.0},""T2_ema50_slope"":{""value"":-0.571104378929827,""score"":0},""T3_high_proximity"":{""value"":0.6694931105430513,""score"":0},""T4_rs_1m"":{""value"":-0.24671930944125064,""score"":0},""T5_rs_3m"":{""value"":-0.3731014793652484,""score"":0},""T6_adr_healthy"":{""value"":4.5490553018899424,""score"":100.0},""_score"":5.0},""geometry"":{""sub_low_similarity"":15.0,""sub_bounce_quality"":100,""sub_separation_fit"":26.7,""sub_right_bottom_reaction"":35.1,""sub_base_context"":30.0,""_score"":39.77},""compression"":{""VC1_atr_ratio"":{""value"":1.0956733538029593,""score"":0},""VC2_range_contraction"":{""value"":1.4008607789941085,""score"":0},""VC3_range_pct_rank"":{""score"":20.833333333333336},""_score"":5.21},""sr_quality"":{""SR1_touches"":{""value"":2,""score"":25.0},""SR2_tightness"":{""value"":3.447499999999991,""score"":73.41476627550328},""SR3_recency"":{""value"":259,""score"":0.0},""SR4_price_location"":{""score"":72.91834149783402},""SR5_reaction"":{""value"":2.7669656782511964,""score"":100},""_score"":51.74,""_levels_found"":6,""_target_level"":345.5525},""volume"":{""V1_rvol_day"":{""value"":1.2441794575997678,""score"":49.61196383998452},""V2_rvol_sameslot"":{""value"":1.237807004703293,""score"":49.1871336468862,""status"":""ok""},""V3_breakout_bar"":{""value"":0.7305330522704938,""score"":15.368870151366254},""V4_base_dryup"":{""value"":1.0477219123129622,""score"":45.22780876870378},""V5_bo_expansion"":{""value"":1.2441794575997678,""score"":16.278630506651183},""_score"":35.09},""readiness"":{""_distance_atr"":1.582,""BR1_atr_distance"":{""score"":0},""BR2_compression"":{""score"":72.90094669647227},""BR3_retest"":{""score"":50.0},""BR4_bo_age"":{""score"":50.0},""_score"":35.73},""risk"":{""R1_stop_clarity"":{""score"":65.02502559238413},""R2_stop_distance_pct"":{""value"":7.546892189731171,""score"":100.0},""R3_stop_distance_atr"":{""value"":0.9373871862643599,""score"":71.869359313218},""R4_rr_potential"":{""value"":4.189204900212386,""score"":100.0},""_score"":83.54},""market"":{""M1_spy_regime"":{""score"":100.0},""M3_earnings_risk"":{""value"":null,""score"":80.0},""M4_vix"":{""value"":null,""score"":60.0},""_score"":84.0},""liquidity"":{""L1_price"":{""value"":322.14,""score"":100.0},""L2_dollar_vol"":{""value"":2369337197.3114133,""score"":100.0},""L3_spread_proxy"":{""value"":0.052554789842925456,""score"":47.44521015707454},""L4_volume_zscore"":{""value"":0.28946887817472516,""score"":100.0},""_score"":94.74},""pattern_structure"":{""left_low"":302.3639,""left_idx"":34,""right_low"":315.5,""right_idx"":75,""separation_bars"":41,""structural_low"":302.3639,""current_price"":323.955,""neckline_distance_pct"":0.12106619746569748,""base_bars"":41},""pattern_geometry_features"":{""low_similarity_pct"":0.0425210147412723,""bounce_pct"":0.2011189166431575,""right_bottom_reaction"":0.3510158013544028,""atr_pct"":0.08050987148444774},""_schema_version"":""1.0""}",,,,,,,,,,
20260602T213437Z-756d21,2026-06-02T21:34:37.658687+00:00,MRVL,ascending_triangle,extended,40.0,100.0,28.2,0.2,34.1,66.6,30.5,32.3,84.0,82.5,15.0,7.9,0.02,4.78,7.99,2.44,1.29,5.04,4.12,True,stop_extreme;price_extended_above_trigger,290.79,218.2599,191.7795,241.8198,"{""trend"":{""T1_ema_stack"":{""value"":[true,true,true],""score"":100.0},""T2_ema50_slope"":{""value"":0.6376678713774702,""score"":100},""T3_high_proximity"":{""value"":1.0,""score"":99.99999999999997},""T4_rs_1m"":{""value"":0.708891048415484,""score"":100},""T5_rs_3m"":{""value"":2.6351720608816156,""score"":100},""T6_adr_healthy"":{""value"":7.4354611104064565,""score"":100.0},""_score"":100.0},""geometry"":{""sub_flat_top_quality"":33.3,""sub_hl_slope"":10.8,""sub_compression"":0,""sub_duration"":100.0,""_score"":28.23},""compression"":{""VC1_atr_ratio"":{""value"":1.3017583107829325,""score"":0},""VC2_range_contraction"":{""value"":1.3215057464595432,""score"":0},""VC3_range_pct_rank"":{""score"":0.8333333333333304},""_score"":0.21},""sr_quality"":{""SR1_touches"":{""value"":2,""score"":25.0},""SR2_tightness"":{""value"":2.480000000000004,""score"":75.02902013357169},""SR3_recency"":{""value"":241,""score"":0.0},""SR4_price_location"":{""score"":30.0},""SR5_reaction"":{""value"":1.0529496969967225,""score"":52.647484849836125},""_score"":34.15,""_levels_found"":4,""_target_level"":173.32},""volume"":{""V1_rvol_day"":{""value"":3.1605860532592307,""score"":100},""V2_rvol_sameslot"":{""value"":2.72669976839296,""score"":100,""status"":""ok""},""V3_breakout_bar"":{""value"":0.6641543696649119,""score"":10.94362464432746},""V4_base_dryup"":{""value"":1.05735774863663,""score"":44.26422513633701},""V5_bo_expansion"":{""value"":3.1605860532592307,""score"":100},""_score"":66.59},""readiness"":{""_distance_atr"":-3.652,""BR1_atr_distance"":{""score"":0},""BR2_compression"":{""score"":52.0405460587007},""BR3_retest"":{""score"":50.0},""BR4_bo_age"":{""score"":50.0},""_score"":30.51},""risk"":{""R1_stop_clarity"":{""score"":70.5936505242323},""R2_stop_distance_pct"":{""value"":34.0487981017229,""score"":0.0},""R3_stop_distance_atr"":{""value"":4.984655649324592,""score"":50.76721753377038},""R4_rr_potential"":{""value"":-0.4945960276940326,""score"":0.0},""_score"":32.32},""market"":{""M1_spy_regime"":{""score"":100.0},""M3_earnings_risk"":{""value"":null,""score"":80.0},""M4_vix"":{""value"":null,""score"":60.0},""_score"":84.0},""liquidity"":{""L1_price"":{""value"":290.79,""score"":100.0},""L2_dollar_vol"":{""value"":30567918833.854523,""score"":100.0},""L3_spread_proxy"":{""value"":0.13367034629801575,""score"":0},""L4_volume_zscore"":{""value"":3.655643738799837,""score"":70.0},""_score"":82.5},""pattern_structure"":{""top"":218.2599,""top_touches"":2,""low_slope_per_bar"":0.06293691128148644,""lowest_low"":194.7,""structural_low"":194.7,""current_price"":284.375,""neckline_distance_pct"":-0.23249265934065938,""base_bars"":25},""pattern_geometry_features"":{""top_touches"":2.0,""low_slope"":0.06293691128148644,""compression"":-0.2188781128489552,""atr_pct"":0.06830722219765858},""_schema_version"":""1.0""}",,,,,,,,,,
20260602T213437Z-756d21,2026-06-02T21:34:37.658687+00:00,MSTR,vcp,invalidated,40.0,34.0,43.4,51.3,39.3,71.8,23.9,27.7,84.0,86.1,5.1,10.86,6.15,4.71,9.34,1.67,1.39,5.04,4.31,True,invalid_already_breached,136.08,190.41,173.0842,255.78,"{""trend"":{""T1_ema_stack"":{""value"":[false,true,false],""score"":33.33333333333333},""T2_ema50_slope"":{""value"":0.3131982971892944,""score"":100},""T3_high_proximity"":{""value"":0.6944983158109627,""score"":0},""T4_rs_1m"":{""value"":-0.28593094007305997,""score"":0},""T5_rs_3m"":{""value"":-0.09084732288739583,""score"":4.576338556302083},""T6_adr_healthy"":{""value"":5.318605607361894,""score"":100.0},""_score"":34.02},""geometry"":{""sub_contraction_count"":100.0,""sub_reduction_rate"":0,""sub_pivot_tightness"":32.7,""sub_volume_dryup"":23.5,""sub_base_depth"":0.0,""sub_base_duration"":100.0,""_score"":43.43},""compression"":{""VC1_atr_ratio"":{""value"":0.5148245114804528,""score"":100},""VC2_range_contraction"":{""value"":0.9424786893608441,""score"":9.586885106525981},""VC3_range_pct_rank"":{""score"":31.666666666666664},""_score"":51.27},""sr_quality"":{""SR1_touches"":{""value"":2,""score"":25.0},""SR2_tightness"":{""value"":2.134999999999991,""score"":60.0261855900352},""SR3_recency"":{""value"":270,""score"":0.0},""SR4_price_location"":{""score"":31.01407875943711},""SR5_reaction"":{""value"":2.1082208442913615,""score"":100},""_score"":39.26,""_levels_found"":6,""_target_level"":141.715},""volume"":{""V1_rvol_day"":{""value"":1.9838438915911372,""score"":98.92292610607582},""V2_rvol_sameslot"":{""value"":2.6320751845025496,""score"":100,""status"":""ok""},""V3_breakout_bar"":{""value"":1.1251010003007125,""score"":41.673400020047495},""V4_base_dryup"":{""value"":0.9096065558206778,""score"":59.03934441793221},""V5_bo_expansion"":{""value"":1.9838438915911374,""score"":65.58959277274249},""_score"":71.85},""readiness"":{""_distance_atr"":5.086,""BR1_atr_distance"":{""score"":0},""BR2_compression"":{""score"":25.485875013389858},""BR3_retest"":{""score"":50.0},""BR4_bo_age"":{""score"":50.0},""_score"":23.87},""risk"":{""R1_stop_clarity"":{""score"":50.649658069421434},""R2_stop_distance_pct"":{""value"":-27.192974720752495,""score"":0.0},""R3_stop_distance_atr"":{""value"":-3.4641663306539243,""score"":0.0},""R4_rr_potential"":{""value"":null,""score"":50.0},""_score"":27.73},""market"":{""M1_spy_regime"":{""score"":100.0},""M3_earnings_risk"":{""value"":null,""score"":80.0},""M4_vix"":{""value"":null,""score"":60.0},""_score"":84.0},""liquidity"":{""L1_price"":{""value"":136.08,""score"":100.0},""L2_dollar_vol"":{""value"":4194976370.9329176,""score"":100.0},""L3_spread_proxy"":{""value"":0.06385949441504994,""score"":36.140505584950056},""L4_volume_zscore"":{""value"":3.251640621333558,""score"":70.0},""_score"":86.11},""pattern_structure"":{""n_contractions"":5,""contractions_pct"":[12.81,19.08,7.03,14.81,7.71],""descending_strict"":false,""final_low"":175.72,""final_pivot"":190.41,""structural_low"":175.72,""dry_up_ratio"":0.8826521226773743,""current_price"":136.08,""neckline_distance_pct"":0.39925044091710743,""base_bars"":36,""recent_base_height"":65.36999999999999},""pattern_geometry_features"":{""contraction_count"":5.0,""first_contraction_pct"":0.12812766795823222,""last_contraction_pct"":0.07714930938501129,""dry_up_ratio"":0.8826521226773743,""near_monotone"":0.0,""base_depth_pct"":-0.15400275825835677},""_schema_version"":""1.0""}",,,,,,,,,,
20260602T213437Z-756d21,2026-06-02T21:34:37.658687+00:00,MRVL,double_bottom,extended,40.0,100.0,77.1,0.2,34.1,64.8,30.5,30.3,84.0,82.5,15.0,19.27,0.02,4.78,8.43,2.44,1.82,5.04,4.12,True,stop_extreme;price_extended_above_trigger,290.79,218.2599,185.4656,248.2298,"{""trend"":{""T1_ema_stack"":{""value"":[true,true,true],""score"":100.0},""T2_ema50_slope"":{""value"":0.6376678713774702,""score"":100},""T3_high_proximity"":{""value"":1.0,""score"":99.99999999999997},""T4_rs_1m"":{""value"":0.708891048415484,""score"":100},""T5_rs_3m"":{""value"":2.6351720608816156,""score"":100},""T6_adr_healthy"":{""value"":7.4354611104064565,""score"":100.0},""_score"":100.0},""geometry"":{""sub_low_similarity"":28.7,""sub_bounce_quality"":100,""sub_separation_fit"":93.3,""sub_right_bottom_reaction"":96.5,""sub_base_context"":100.0,""_score"":77.08},""compression"":{""VC1_atr_ratio"":{""value"":1.3017583107829325,""score"":0},""VC2_range_contraction"":{""value"":1.3215057464595432,""score"":0},""VC3_range_pct_rank"":{""score"":0.8333333333333304},""_score"":0.21},""sr_quality"":{""SR1_touches"":{""value"":2,""score"":25.0},""SR2_tightness"":{""value"":2.480000000000004,""score"":75.02902013357169},""SR3_recency"":{""value"":241,""score"":0.0},""SR4_price_location"":{""score"":30.0},""SR5_reaction"":{""value"":1.0529496969967225,""score"":52.647484849836125},""_score"":34.15,""_levels_found"":4,""_target_level"":173.32},""volume"":{""V1_rvol_day"":{""value"":3.1605860532592307,""score"":100},""V2_rvol_sameslot"":{""value"":2.72669976839296,""score"":100,""status"":""ok""},""V3_breakout_bar"":{""value"":0.6641543696649119,""score"":10.94362464432746},""V4_base_dryup"":{""value"":1.1450989141630645,""score"":35.49010858369354},""V5_bo_expansion"":{""value"":3.1605860532592307,""score"":100},""_score"":64.83},""readiness"":{""_distance_atr"":-3.652,""BR1_atr_distance"":{""score"":0},""BR2_compression"":{""score"":52.0405460587007},""BR3_retest"":{""score"":50.0},""BR4_bo_age"":{""score"":50.0},""_score"":30.51},""risk"":{""R1_stop_clarity"":{""score"":71.56177944123107},""R2_stop_distance_pct"":{""value"":36.22007290484543,""score"":0.0},""R3_stop_distance_atr"":{""value"":5.302524643739205,""score"":34.87376781303975},""R4_rr_potential"":{""value"":-0.40408699412813864,""score"":0.0},""_score"":30.28},""market"":{""M1_spy_regime"":{""score"":100.0},""M3_earnings_risk"":{""value"":null,""score"":80.0},""M4_vix"":{""value"":null,""score"":60.0},""_score"":84.0},""liquidity"":{""L1_price"":{""value"":290.79,""score"":100.0},""L2_dollar_vol"":{""value"":30567918833.854523,""score"":100.0},""L3_spread_proxy"":{""value"":0.13367034629801575,""score"":0},""L4_volume_zscore"":{""value"":3.655643738799837,""score"":70.0},""_score"":82.5},""pattern_structure"":{""left_low"":188.29,""left_idx"":37,""right_low"":195.12,""right_idx"":68,""separation_bars"":31,""structural_low"":188.29,""current_price"":284.375,""neckline_distance_pct"":-0.23249265934065938,""base_bars"":31},""pattern_geometry_features"":{""low_similarity_pct"":0.035627657077280266,""bounce_pct"":0.15916883530723883,""right_bottom_reaction"":0.9646637581909523,""atr_pct"":0.06830722219765858},""_schema_version"":""1.0""}",,,,,,,,,,
20260602T213437Z-756d21,2026-06-02T21:34:37.658687+00:00,LHX,vcp,invalidated,40.0,16.1,54.2,83.9,50.7,24.9,35.6,10.0,84.0,98.9,2.41,13.56,10.06,6.08,3.24,2.49,0.5,5.04,4.95,True,risk_unclear;invalid_already_breached;trend_floor,308.12,364.27,339.7265,397.582,"{""trend"":{""T1_ema_stack"":{""value"":[false,false,true],""score"":33.33333333333333},""T2_ema50_slope"":{""value"":-0.28537352917414266,""score"":2.437745137642885},""T3_high_proximity"":{""value"":0.8299305069223725,""score"":14.965253461186212},""T4_rs_1m"":{""value"":-0.07076015806671265,""score"":0},""T5_rs_3m"":{""value"":-0.2791902794615657,""score"":0},""T6_adr_healthy"":{""value"":2.093239920577145,""score"":100.0},""_score"":16.07},""geometry"":{""sub_contraction_count"":100.0,""sub_reduction_rate"":3.9,""sub_pivot_tightness"":66.9,""sub_volume_dryup"":54.9,""sub_base_depth"":0.0,""sub_base_duration"":100.0,""_score"":54.25},""compression"":{""VC1_atr_ratio"":{""value"":0.3927717892796538,""score"":100},""VC2_range_contraction"":{""value"":0.6551508457130304,""score"":57.474859047828275},""VC3_range_pct_rank"":{""score"":95.0},""_score"":83.87},""sr_quality"":{""SR1_touches"":{""value"":2,""score"":25.0},""SR2_tightness"":{""value"":0.3199999999999932,""score"":90.2096618399719},""SR3_recency"":{""value"":226,""score"":0.0},""SR4_price_location"":{""score"":58.67903719183931},""SR5_reaction"":{""value"":2.1523446548687226,""score"":100},""_score"":50.7,""_levels_found"":7,""_target_level"":315.07},""volume"":{""V1_rvol_day"":{""value"":0.5658530933770731,""score"":4.390206225138208},""V2_rvol_sameslot"":{""value"":0.6723042083003363,""score"":11.48694722002242,""status"":""ok""},""V3_breakout_bar"":{""value"":1.2078377277578864,""score"":47.18918185052576},""V4_base_dryup"":{""value"":1.003181562725993,""score"":49.6818437274007},""V5_bo_expansion"":{""value"":0.5658530933770731,""score"":0},""_score"":24.91},""readiness"":{""_distance_atr"":8.589,""BR1_atr_distance"":{""score"":0},""BR2_compression"":{""score"":72.46594733322733},""BR3_retest"":{""score"":50.0},""BR4_bo_age"":{""score"":50.0},""_score"":35.62},""risk"":{""R1_stop_clarity"":{""score"":0},""R2_stop_distance_pct"":{""value"":-10.257854082824867,""score"":0.0},""R3_stop_distance_atr"":{""value"":-4.834973797733353,""score"":0.0},""R4_rr_potential"":{""value"":null,""score"":50.0},""_score"":10.0},""market"":{""M1_spy_regime"":{""score"":100.0},""M3_earnings_risk"":{""value"":null,""score"":80.0},""M4_vix"":{""value"":null,""score"":60.0},""_score"":84.0},""liquidity"":{""L1_price"":{""value"":308.12,""score"":100.0},""L2_dollar_vol"":{""value"":225316153.5271051,""score"":100.0},""L3_spread_proxy"":{""value"":0.010775022718421371,""score"":89.22497728157863},""L4_volume_zscore"":{""value"":-1.3156132285840922,""score"":100.0},""_score"":98.92},""pattern_structure"":{""n_contractions"":5,""contractions_pct"":[9.1,6.32,4.73,8.9,5.32],""descending_strict"":false,""final_low"":344.9,""final_pivot"":364.27,""structural_low"":344.9,""dry_up_ratio"":0.725515682029217,""current_price"":308.12,""neckline_distance_pct"":0.18223419446968706,""base_bars"":34,""recent_base_height"":33.31200000000001},""pattern_geometry_features"":{""contraction_count"":5.0,""first_contraction_pct"":0.09097547172415696,""last_contraction_pct"":0.053174842836357664,""dry_up_ratio"":0.725515682029217,""near_monotone"":0.0,""base_depth_pct"":0.047855673802918094},""_schema_version"":""1.0""}",,,,,,,,,,
20260602T213437Z-756d21,2026-06-02T21:34:37.658687+00:00,FTNT,cup_with_handle,extended,40.0,100.0,66.7,12.1,55.9,26.1,24.9,19.8,84.0,95.1,14.0,20.02,0.96,6.7,3.4,1.99,0.99,4.2,4.76,True,stop_extreme;price_extended_above_trigger,148.86,87.64,80.5829,101.745,"{""trend"":{""T1_ema_stack"":{""value"":[true,true,true],""score"":100.0},""T2_ema50_slope"":{""value"":0.8404052431190993,""score"":100},""T3_high_proximity"":{""value"":1.0,""score"":99.99999999999997},""T4_rs_1m"":{""value"":0.6711061916594092,""score"":100},""T5_rs_3m"":{""value"":0.7190388257761979,""score"":100},""T6_adr_healthy"":{""value"":4.07675372309306,""score"":100.0},""_score"":100.0},""geometry"":{""sub_cup_depth"":80.9,""sub_cup_duration"":0.0,""sub_rim_symmetry"":99.7,""sub_handle_shallowness"":44.6,""sub_handle_proportion"":82.2,""sub_u_shape"":89.7,""_score"":66.72},""compression"":{""VC1_atr_ratio"":{""value"":0.9065371300037035,""score"":23.365717499074123},""VC2_range_contraction"":{""value"":1.0797326360051576,""score"":0},""VC3_range_pct_rank"":{""score"":10.833333333333329},""_score"":12.05},""sr_quality"":{""SR1_touches"":{""value"":6,""score"":100},""SR2_tightness"":{""value"":1.1489947297045724,""score"":59.439609937003254},""SR3_recency"":{""value"":247,""score"":0.0},""SR4_price_location"":{""score"":30.0},""SR5_reaction"":{""value"":1.2602578132354314,""score"":63.01289066177157},""_score"":55.87,""_levels_found"":3,""_target_level"":86.8833},""volume"":{""V1_rvol_day"":{""value"":1.0285012114862537,""score"":35.23341409908358},""V2_rvol_sameslot"":{""value"":1.023792357896815,""score"":34.91949052645434,""status"":""ok""},""V3_breakout_bar"":{""value"":0.8880750436142264,""score"":25.871669574281757},""V4_base_dryup"":{""value"":1.2324410328801385,""score"":26.755896711986153},""V5_bo_expansion"":{""value"":1.0285012114862537,""score"":1.9000807657502488},""_score"":26.13},""readiness"":{""_distance_atr"":-10.806,""BR1_atr_distance"":{""score"":0},""BR2_compression"":{""score"":29.465447387351816},""BR3_retest"":{""score"":50.0},""BR4_bo_age"":{""score"":50.0},""_score"":24.87},""risk"":{""R1_stop_clarity"":{""score"":56.68066930245715},""R2_stop_distance_pct"":{""value"":45.86668681983072,""score"":0.0},""R3_stop_distance_atr"":{""value"":12.051177280429252,""score"":0.0},""R4_rr_potential"":{""value"":-0.690055164868481,""score"":0.0},""_score"":19.84},""market"":{""M1_spy_regime"":{""score"":100.0},""M3_earnings_risk"":{""value"":null,""score"":80.0},""M4_vix"":{""value"":null,""score"":60.0},""_score"":84.0},""liquidity"":{""L1_price"":{""value"":148.86,""score"":100.0},""L2_dollar_vol"":{""value"":1061808157.4609227,""score"":100.0},""L3_spread_proxy"":{""value"":0.04890501142012629,""score"":51.09498857987371},""L4_volume_zscore"":{""value"":0.06448782277242814,""score"":100.0},""_score"":95.11},""pattern_structure"":{""left_rim"":87.655,""left_rim_idx"":35,""cup_bottom"":73.55,""cup_bottom_idx"":87,""right_rim"":87.64,""right_rim_idx"":151,""handle_low"":81.81,""handle_bars"":28,""cup_bars"":116,""structural_low"":81.81,""current_price"":148.86,""neckline_distance_pct"":-0.4112589009807874,""base_bars"":144},""pattern_geometry_features"":{""cup_depth_pct"":0.16091495065883296,""rim_symmetry_pct"":0.0001711254349438203,""handle_depth_pct"":0.06652213601095389,""handle_to_cup_ratio"":0.2413793103448276,""cup_duration_bars"":116.0,""atr_pct"":0.03805992207443237,""u_shape_score"":0.4482758620689655},""_schema_version"":""1.0""}",,,,,,,,,,
20260602T213437Z-756d21,2026-06-02T21:34:37.658687+00:00,APP,cup_with_handle,extended,40.0,97.6,73.8,58.8,57.7,15.7,42.4,34.9,84.0,82.5,13.67,22.15,4.7,6.93,2.04,3.39,1.74,4.2,4.12,True,stop_extreme;price_extended_above_trigger,605.63,515.39,454.085,671.11,"{""trend"":{""T1_ema_stack"":{""value"":[true,true,true],""score"":100.0},""T2_ema50_slope"":{""value"":0.2587211438827892,""score"":93.12019064713154},""T3_high_proximity"":{""value"":0.9868502525664005,""score"":93.42512628320021},""T4_rs_1m"":{""value"":0.2625801571045463,""score"":100},""T5_rs_3m"":{""value"":0.2634400740884473,""score"":100},""T6_adr_healthy"":{""value"":6.710844854801135,""score"":100.0},""_score"":97.64},""geometry"":{""sub_cup_depth"":80.7,""sub_cup_duration"":100.0,""sub_rim_symmetry"":80.9,""sub_handle_shallowness"":12.1,""sub_handle_proportion"":100.0,""sub_u_shape"":93.9,""_score"":73.83},""compression"":{""VC1_atr_ratio"":{""value"":0.5683651087582156,""score"":100},""VC2_range_contraction"":{""value"":1.1033460074168062,""score"":0},""VC3_range_pct_rank"":{""score"":75.0},""_score"":58.75},""sr_quality"":{""SR1_touches"":{""value"":5,""score"":100},""SR2_tightness"":{""value"":9.683416347632685,""score"":46.075321191756636},""SR3_recency"":{""value"":233,""score"":0.0},""SR4_price_location"":{""score"":30.0},""SR5_reaction"":{""value"":1.7777165832279906,""score"":88.88582916139953},""_score"":57.74,""_levels_found"":5,""_target_level"":509.894},""volume"":{""V1_rvol_day"":{""value"":0.49465853264974896,""score"":0},""V2_rvol_sameslot"":{""value"":0.4298181344972055,""score"":0,""status"":""ok""},""V3_breakout_bar"":{""value"":0.5849078289277158,""score"":5.660521928514384},""V4_base_dryup"":{""value"":0.787969388357487,""score"":71.2030611642513},""V5_bo_expansion"":{""value"":0.49465853264974885,""score"":0},""_score"":15.66},""readiness"":{""_distance_atr"":-2.513,""BR1_atr_distance"":{""score"":9.747456466172515},""BR2_compression"":{""score"":83.93216255648366},""BR3_retest"":{""score"":50.0},""BR4_bo_age"":{""score"":50.0},""_score"":42.38},""risk"":{""R1_stop_clarity"":{""score"":61.491983761478494},""R2_stop_distance_pct"":{""value"":25.022703630929776,""score"":0.0},""R3_stop_distance_atr"":{""value"":4.219593145962924,""score"":89.02034270185379},""R4_rr_potential"":{""value"":0.43208287967270453,""score"":0.0},""_score"":34.88},""market"":{""M1_spy_regime"":{""score"":100.0},""M3_earnings_risk"":{""value"":null,""score"":80.0},""M4_vix"":{""value"":null,""score"":60.0},""_score"":84.0},""liquidity"":{""L1_price"":{""value"":605.63,""score"":47.185},""L2_dollar_vol"":{""value"":1642502406.6027691,""score"":100.0},""L3_spread_proxy"":{""value"":0.04293050212175751,""score"":57.069497878242494},""L4_volume_zscore"":{""value"":-1.1619360555120306,""score"":100.0},""_score"":82.5},""pattern_structure"":{""left_rim"":520.36,""left_rim_idx"":120,""cup_bottom"":364.64,""cup_bottom_idx"":143,""right_rim"":515.39,""right_rim_idx"":169,""handle_low"":461.0,""handle_bars"":10,""cup_bars"":49,""structural_low"":461.0,""current_price"":605.63,""neckline_distance_pct"":-0.14900186582566916,""base_bars"":59},""pattern_geometry_features"":{""cup_depth_pct"":0.2992543623645169,""rim_symmetry_pct"":0.009551080021523613,""handle_depth_pct"":0.1055317332505481,""handle_to_cup_ratio"":0.20408163265306123,""cup_duration_bars"":49.0,""atr_pct"":0.059301223519310456,""u_shape_score"":0.46938775510204084},""_schema_version"":""1.0""}",,,,,,,,,,
20260602T213437Z-756d21,2026-06-02T21:34:37.658687+00:00,NET,double_bottom,extended,40.0,93.0,81.4,44.3,39.9,8.7,38.1,18.9,84.0,95.6,13.95,20.34,3.54,5.59,1.13,3.05,1.13,5.04,4.78,True,stop_extreme;price_extended_above_trigger,272.66,221.11,204.88,234.22,"{""trend"":{""T1_ema_stack"":{""value"":[true,true,true],""score"":100.0},""T2_ema50_slope"":{""value"":0.08904952576467705,""score"":64.84158762744617},""T3_high_proximity"":{""value"":1.0,""score"":99.99999999999997},""T4_rs_1m"":{""value"":0.1996023959851061,""score"":100},""T5_rs_3m"":{""value"":0.40753359554967394,""score"":100},""T6_adr_healthy"":{""value"":5.661907095084367,""score"":100.0},""_score"":92.97},""geometry"":{""sub_low_similarity"":97.7,""sub_bounce_quality"":47.2,""sub_separation_fit"":73.3,""sub_right_bottom_reaction"":77.5,""sub_base_context"":100.0,""_score"":81.37},""compression"":{""VC1_atr_ratio"":{""value"":0.6878218578540704,""score"":78.04453553648241},""VC2_range_contraction"":{""value"":0.9978709190598138,""score"":0.35484682336435946},""VC3_range_pct_rank"":{""score"":51.66666666666666},""_score"":44.26},""sr_quality"":{""SR1_touches"":{""value"":2,""score"":25.0},""SR2_tightness"":{""value"":2.010000000000005,""score"":66.18739441070652},""SR3_recency"":{""value"":261,""score"":0.0},""SR4_price_location"":{""score"":30.0},""SR5_reaction"":{""value"":3.3635972575020965,""score"":100},""_score"":39.93,""_levels_found"":5,""_target_level"":227.14},""volume"":{""V1_rvol_day"":{""value"":0.9024900307865628,""score"":26.832668719104184},""V2_rvol_sameslot"":{""value"":0.7485686536130395,""score"":16.571243574202633,""status"":""ok""},""V3_breakout_bar"":{""value"":0.47815732402165034,""score"":0},""V4_base_dryup"":{""value"":1.6517206455914992,""score"":0},""V5_bo_expansion"":{""value"":0.9024900307865626,""score"":0},""_score"":8.68},""readiness"":{""_distance_atr"":-4.336,""BR1_atr_distance"":{""score"":0},""BR2_compression"":{""score"":82.47510639382668},""BR3_retest"":{""score"":50.0},""BR4_bo_age"":{""score"":50.0},""_score"":38.12},""risk"":{""R1_stop_clarity"":{""score"":47.51476147333554},""R2_stop_distance_pct"":{""value"":24.858798503630904,""score"":0.0},""R3_stop_distance_atr"":{""value"":5.701040813040565,""score"":14.947959347971729},""R4_rr_potential"":{""value"":-0.5671289465919147,""score"":0.0},""_score"":18.87},""market"":{""M1_spy_regime"":{""score"":100.0},""M3_earnings_risk"":{""value"":null,""score"":80.0},""M4_vix"":{""value"":null,""score"":60.0},""_score"":84.0},""liquidity"":{""L1_price"":{""value"":272.66,""score"":100.0},""L2_dollar_vol"":{""value"":1338871239.1543663,""score"":100.0},""L3_spread_proxy"":{""value"":0.04436587691630613,""score"":55.63412308369387},""L4_volume_zscore"":{""value"":-0.1441347361641397,""score"":100.0},""_score"":95.56},""pattern_structure"":{""left_low"":208.24,""left_idx"":44,""right_low"":208.0,""right_idx"":50,""separation_bars"":6,""structural_low"":208.0,""current_price"":273.645,""neckline_distance_pct"":-0.191982312850591,""base_bars"":6},""pattern_geometry_features"":{""low_similarity_pct"":0.0011531808571978142,""bounce_pct"":0.06302884615384621,""right_bottom_reaction"":0.7754800590841938,""atr_pct"":0.04360396516855109},""_schema_version"":""1.0""}",,,,,,,,,,
20260602T213437Z-756d21,2026-06-02T21:34:37.658687+00:00,NOC,vcp,invalidated,40.0,5.0,45.3,82.2,40.0,55.1,38.6,10.0,84.0,94.2,0.75,11.33,9.87,4.81,7.16,2.7,0.5,5.04,4.71,True,risk_unclear;invalid_already_breached;trend_floor,536.59,708.55,655.025,790.44,"{""trend"":{""T1_ema_stack"":{""value"":[false,false,false],""score"":0.0},""T2_ema50_slope"":{""value"":-0.5106854242347945,""score"":0},""T3_high_proximity"":{""value"":0.7096531019798183,""score"":0},""T4_rs_1m"":{""value"":-0.10953888657880795,""score"":0},""T5_rs_3m"":{""value"":-0.40960563571686004,""score"":0},""T6_adr_healthy"":{""value"":1.9687367240087843,""score"":100.0},""_score"":5.0},""geometry"":{""sub_contraction_count"":100.0,""sub_reduction_rate"":0,""sub_pivot_tightness"":55.0,""sub_volume_dryup"":0,""sub_base_depth"":20.7,""sub_base_duration"":100.0,""_score"":45.32},""compression"":{""VC1_atr_ratio"":{""value"":0.4162638875442031,""score"":100},""VC2_range_contraction"":{""value"":0.6763679910836243,""score"":53.938668152729285},""VC3_range_pct_rank"":{""score"":93.33333333333333},""_score"":82.21},""sr_quality"":{""SR1_touches"":{""value"":3,""score"":50.0},""SR2_tightness"":{""value"":1.8157107576802218,""score"":66.99779213564024},""SR3_recency"":{""value"":259,""score"":0.0},""SR4_price_location"":{""score"":0},""SR5_reaction"":{""value"":2.888607594936707,""score"":100},""_score"":40.05,""_levels_found"":2,""_target_level"":665.7083},""volume"":{""V1_rvol_day"":{""value"":1.5031306574927914,""score"":66.87537716618608},""V2_rvol_sameslot"":{""value"":1.7414803673626769,""score"":82.76535782417845,""status"":""ok""},""V3_breakout_bar"":{""value"":1.0744521391720168,""score"":38.296809278134454},""V4_base_dryup"":{""value"":0.9736183747473001,""score"":52.63816252526999},""V5_bo_expansion"":{""value"":1.5031306574927914,""score"":33.542043832852755},""_score"":55.06},""readiness"":{""_distance_atr"":15.628,""BR1_atr_distance"":{""score"":0},""BR2_compression"":{""score"":84.27829800454575},""BR3_retest"":{""score"":50.0},""BR4_bo_age"":{""score"":50.0},""_score"":38.57},""risk"":{""R1_stop_clarity"":{""score"":0},""R2_stop_distance_pct"":{""value"":-22.071786652751623,""score"":0.0},""R3_stop_distance_atr"":{""value"":-10.763323596234988,""score"":0.0},""R4_rr_potential"":{""value"":null,""score"":50.0},""_score"":10.0},""market"":{""M1_spy_regime"":{""score"":100.0},""M3_earnings_risk"":{""value"":null,""score"":80.0},""M4_vix"":{""value"":null,""score"":60.0},""_score"":84.0},""liquidity"":{""L1_price"":{""value"":536.59,""score"":81.70499999999998},""L2_dollar_vol"":{""value"":714904512.2148402,""score"":100.0},""L3_spread_proxy"":{""value"":0.012347043366443725,""score"":87.65295663355627},""L4_volume_zscore"":{""value"":1.23863904479522,""score"":100.0},""_score"":94.19},""pattern_structure"":{""n_contractions"":4,""contractions_pct"":[5.71,7.31,10.54,6.15],""descending_strict"":false,""final_low"":665.0,""final_pivot"":708.55,""structural_low"":665.0,""dry_up_ratio"":1.1681584963799416,""current_price"":536.59,""neckline_distance_pct"":0.3204681414115058,""base_bars"":42,""recent_base_height"":81.88999999999999},""pattern_geometry_features"":{""contraction_count"":4.0,""first_contraction_pct"":0.05709814004835038,""last_contraction_pct"":0.06146355232517106,""dry_up_ratio"":1.1681584963799416,""near_monotone"":0.0,""base_depth_pct"":0.07072287978088626},""_schema_version"":""1.0""}",,,,,,,,,,
20260602T213437Z-756d21,2026-06-02T21:34:37.658687+00:00,ORCL,cup_with_handle,extended,40.0,90.6,55.0,19.8,54.6,39.4,34.1,17.6,84.0,95.8,12.68,16.51,1.58,6.55,5.12,2.73,0.88,4.2,4.79,True,stop_extreme;price_extended_above_trigger,244.58,200.709,176.118,266.5089,"{""trend"":{""T1_ema_stack"":{""value"":[true,true,false],""score"":66.66666666666666},""T2_ema50_slope"":{""value"":0.36012698304603974,""score"":100},""T3_high_proximity"":{""value"":0.9856135401974613,""score"":92.80677009873062},""T4_rs_1m"":{""value"":0.36937677737382146,""score"":100},""T5_rs_3m"":{""value"":0.5248934630943762,""score"":100},""T6_adr_healthy"":{""value"":4.764439848406776,""score"":100.0},""_score"":90.59},""geometry"":{""sub_cup_depth"":51.6,""sub_cup_duration"":40.0,""sub_rim_symmetry"":96.6,""sub_handle_shallowness"":9.0,""sub_handle_proportion"":100.0,""sub_u_shape"":50.5,""_score"":55.02},""compression"":{""VC1_atr_ratio"":{""value"":0.9188641476757586,""score"":20.283963081060342},""VC2_range_contraction"":{""value"":1.077384377457677,""score"":0},""VC3_range_pct_rank"":{""score"":46.666666666666664},""_score"":19.78},""sr_quality"":{""SR1_touches"":{""value"":4,""score"":75.0},""SR2_tightness"":{""value"":0.5890909750412044,""score"":89.09579024394915},""SR3_recency"":{""value"":235,""score"":0.0},""SR4_price_location"":{""score"":30.0},""SR5_reaction"":{""value"":1.498606774612161,""score"":74.93033873060804},""_score"":54.6,""_levels_found"":7,""_target_level"":200.7297},""volume"":{""V1_rvol_day"":{""value"":1.3624420188295647,""score"":57.496134588637645},""V2_rvol_sameslot"":{""value"":1.0704540075991875,""score"":38.03026717327917,""status"":""ok""},""V3_breakout_bar"":{""value"":0.39283026224121137,""score"":0},""V4_base_dryup"":{""value"":0.6666022322174985,""score"":83.33977677825015},""V5_bo_expansion"":{""value"":1.3624420188295647,""score"":24.162801255304313},""_score"":39.4},""readiness"":{""_distance_atr"":-4.06,""BR1_atr_distance"":{""score"":0},""BR2_compression"":{""score"":66.35397468010927},""BR3_retest"":{""score"":50.0},""BR4_bo_age"":{""score"":50.0},""_score"":34.09},""risk"":{""R1_stop_clarity"":{""score"":50.35556169625076},""R2_stop_distance_pct"":{""value"":27.991659170823457,""score"":0.0},""R3_stop_distance_atr"":{""value"":6.3362370155690915,""score"":0.0},""R4_rr_potential"":{""value"":0.3203076159037133,""score"":0.0},""_score"":17.62},""market"":{""M1_spy_regime"":{""score"":100.0},""M3_earnings_risk"":{""value"":null,""score"":80.0},""M4_vix"":{""value"":null,""score"":60.0},""_score"":84.0},""liquidity"":{""L1_price"":{""value"":244.58,""score"":100.0},""L2_dollar_vol"":{""value"":7376139938.565579,""score"":100.0},""L3_spread_proxy"":{""value"":0.04154060021260936,""score"":58.459399787390645},""L4_volume_zscore"":{""value"":0.8112203270713093,""score"":100.0},""_score"":95.85},""pattern_structure"":{""left_rim"":200.3699,""left_rim_idx"":72,""cup_bottom"":134.57,""cup_bottom_idx"":143,""right_rim"":200.709,""right_rim_idx"":167,""handle_low"":178.8,""handle_bars"":12,""cup_bars"":95,""structural_low"":178.8,""current_price"":244.58,""neckline_distance_pct"":-0.17937280235505768,""base_bars"":107},""pattern_geometry_features"":{""cup_depth_pct"":0.32839213873940154,""rim_symmetry_pct"":0.0016923699617557425,""handle_depth_pct"":0.10915803476675182,""handle_to_cup_ratio"":0.12631578947368421,""cup_duration_bars"":95.0,""atr_pct"":0.04417710243799865,""u_shape_score"":0.25263157894736843},""_schema_version"":""1.0""}",,,,,,,,,,
20260602T213437Z-756d21,2026-06-02T21:34:37.658687+00:00,LHX,base_on_base,invalidated,40.0,16.1,55.0,83.9,50.7,26.1,35.6,10.0,84.0,98.9,2.89,13.75,8.39,5.07,3.13,2.85,0.5,5.88,4.95,True,risk_unclear;invalid_already_breached;trend_floor,308.12,364.27,324.3413,391.96,"{""trend"":{""T1_ema_stack"":{""value"":[false,false,true],""score"":33.33333333333333},""T2_ema50_slope"":{""value"":-0.28537352917414266,""score"":2.437745137642885},""T3_high_proximity"":{""value"":0.8299305069223725,""score"":14.965253461186212},""T4_rs_1m"":{""value"":-0.07076015806671265,""score"":0},""T5_rs_3m"":{""value"":-0.2791902794615657,""score"":0},""T6_adr_healthy"":{""value"":2.093239920577145,""score"":100.0},""_score"":16.07},""geometry"":{""sub_shallower_second"":0,""sub_second_base_depth"":100.0,""sub_rim_advance"":100,""sub_dry_up"":0,""sub_second_base_duration"":100.0,""_score"":55.0},""compression"":{""VC1_atr_ratio"":{""value"":0.3927717892796538,""score"":100},""VC2_range_contraction"":{""value"":0.6551508457130304,""score"":57.474859047828275},""VC3_range_pct_rank"":{""score"":95.0},""_score"":83.87},""sr_quality"":{""SR1_touches"":{""value"":2,""score"":25.0},""SR2_tightness"":{""value"":0.3199999999999932,""score"":90.2096618399719},""SR3_recency"":{""value"":226,""score"":0.0},""SR4_price_location"":{""score"":58.67903719183931},""SR5_reaction"":{""value"":2.1523446548687226,""score"":100},""_score"":50.7,""_levels_found"":7,""_target_level"":315.07},""volume"":{""V1_rvol_day"":{""value"":0.5658530933770731,""score"":4.390206225138208},""V2_rvol_sameslot"":{""value"":0.6723042083003363,""score"":11.48694722002242,""status"":""ok""},""V3_breakout_bar"":{""value"":1.2078377277578864,""score"":47.18918185052576},""V4_base_dryup"":{""value"":0.9434916696593728,""score"":55.65083303406272},""V5_bo_expansion"":{""value"":0.5658530933770731,""score"":0},""_score"":26.1},""readiness"":{""_distance_atr"":8.589,""BR1_atr_distance"":{""score"":0},""BR2_compression"":{""score"":72.46594733322733},""BR3_retest"":{""score"":50.0},""BR4_bo_age"":{""score"":50.0},""_score"":35.62},""risk"":{""R1_stop_clarity"":{""score"":0},""R2_stop_distance_pct"":{""value"":-5.264602265351163,""score"":0.0},""R3_stop_distance_atr"":{""value"":-2.481436546370798,""score"":0.0},""R4_rr_potential"":{""value"":null,""score"":50.0},""_score"":10.0},""market"":{""M1_spy_regime"":{""score"":100.0},""M3_earnings_risk"":{""value"":null,""score"":80.0},""M4_vix"":{""value"":null,""score"":60.0},""_score"":84.0},""liquidity"":{""L1_price"":{""value"":308.12,""score"":100.0},""L2_dollar_vol"":{""value"":225316153.5271051,""score"":100.0},""L3_spread_proxy"":{""value"":0.010775022718421371,""score"":89.22497728157863},""L4_volume_zscore"":{""value"":-1.3156132285840922,""score"":100.0},""_score"":98.92},""pattern_structure"":{""first_base_low"":272.14,""first_base_top"":299.83,""first_base_bars"":60,""second_base_low"":329.2805,""second_base_top"":364.27,""second_base_bars"":59,""structural_low"":329.2805,""stacking_overlap_pct"":-0.09822399359637139,""current_price"":308.12,""neckline_distance_pct"":0.18223419446968706,""base_bars"":59},""pattern_geometry_features"":{""first_base_depth_pct"":0.0923523329886936,""second_base_depth_pct"":0.09605375133829293,""second_dry_up_ratio"":1.3139386898997694,""rim_advance_pct"":0.21492178901377448,""atr_pct"":0.02121594554997128},""_schema_version"":""1.0""}",,,,,,,,,,
20260602T213437Z-756d21,2026-06-02T21:34:37.658687+00:00,NBIS,inverse_head_shoulders,extended,40.0,97.8,73.6,40.2,38.2,10.2,48.8,41.1,84.0,92.7,11.74,20.61,3.22,5.35,1.43,3.9,2.47,4.2,4.63,True,stop_extreme;price_extended_above_trigger,260.58,232.89,195.3354,267.47,"{""trend"":{""T1_ema_stack"":{""value"":[true,true,true],""score"":100.0},""T2_ema50_slope"":{""value"":0.8566708437142514,""score"":100},""T3_high_proximity"":{""value"":0.9851423386639446,""score"":92.57116933197229},""T4_rs_1m"":{""value"":0.6327043145707674,""score"":100},""T5_rs_3m"":{""value"":1.8856008445616759,""score"":100},""T6_adr_healthy"":{""value"":8.855691277693282,""score"":78.60771805766795},""_score"":97.82},""geometry"":{""sub_head_depth"":84.4,""sub_shoulder_price_sym"":81.7,""sub_shoulder_time_sym"":100,""sub_right_shoulder_reaction"":11.1,""sub_base_context"":100.0,""_score"":73.61},""compression"":{""VC1_atr_ratio"":{""value"":0.7772415710539589,""score"":55.689607236510284},""VC2_range_contraction"":{""value"":0.8958674102145594,""score"":17.355431630906768},""VC3_range_pct_rank"":{""score"":47.5},""_score"":40.23},""sr_quality"":{""SR1_touches"":{""value"":2,""score"":25.0},""SR2_tightness"":{""value"":3.459949999999992,""score"":70.49417489093535},""SR3_recency"":{""value"":230,""score"":0.0},""SR4_price_location"":{""score"":30.0},""SR5_reaction"":{""value"":1.6891454882358747,""score"":84.45727441179373},""_score"":38.24,""_levels_found"":6,""_target_level"":230.2699},""volume"":{""V1_rvol_day"":{""value"":0.7373735045052613,""score"":15.824900300350752},""V2_rvol_sameslot"":{""value"":0.5310696804098405,""score"":2.0713120273226986,""status"":""ok""},""V3_breakout_bar"":{""value"":0.3880899329304871,""score"":0},""V4_base_dryup"":{""value"":1.1701020589577018,""score"":32.989794104229816},""V5_bo_expansion"":{""value"":0.7373735045052612,""score"":0},""_score"":10.18},""readiness"":{""_distance_atr"":-1.181,""BR1_atr_distance"":{""score"":36.38647098166153},""BR2_compression"":{""score"":66.93203222261},""BR3_retest"":{""score"":50.0},""BR4_bo_age"":{""score"":50.0},""_score"":48.79},""risk"":{""R1_stop_clarity"":{""score"":74.63272513745018},""R2_stop_distance_pct"":{""value"":25.038241614859153,""score"":0.0},""R3_stop_distance_atr"":{""value"":2.7819726183935294,""score"":100.0},""R4_rr_potential"":{""value"":0.10560252832990887,""score"":0.0},""_score"":41.12},""market"":{""M1_spy_regime"":{""score"":100.0},""M3_earnings_risk"":{""value"":null,""score"":80.0},""M4_vix"":{""value"":null,""score"":60.0},""_score"":84.0},""liquidity"":{""L1_price"":{""value"":260.58,""score"":100.0},""L2_dollar_vol"":{""value"":3633651972.530878,""score"":100.0},""L3_spread_proxy"":{""value"":0.07325926778724384,""score"":26.740732212756157},""L4_volume_zscore"":{""value"":-0.675082672416972,""score"":100.0},""_score"":92.67},""pattern_structure"":{""left_shoulder"":213.5,""left_shoulder_idx"":58,""head"":198.31,""head_idx"":70,""right_shoulder"":210.4,""right_shoulder_idx"":82,""left_to_head_bars"":12,""head_to_right_bars"":12,""structural_low"":198.31,""current_price"":262.13,""neckline_distance_pct"":-0.11154770533704654,""base_bars"":24},""pattern_geometry_features"":{""head_depth_pct"":0.06435480066053309,""shoulder_price_asymmetry"":0.014626091059212053,""shoulder_time_asymmetry"":0.0,""right_shoulder_reaction"":0.1112068965517235,""atr_pct"":0.09000175432825673},""_schema_version"":""1.0""}",,,,,,,,,,
20260602T213437Z-756d21,2026-06-02T21:34:37.658687+00:00,NBIS,ascending_triangle,forming,40.0,97.8,51.5,40.2,38.2,12.8,53.5,46.3,84.0,92.7,14.67,14.42,3.22,5.35,1.54,4.28,1.85,5.04,4.63,True,stop_extreme,260.58,278.8399,195.3354,359.3698,"{""trend"":{""T1_ema_stack"":{""value"":[true,true,true],""score"":100.0},""T2_ema50_slope"":{""value"":0.8566708437142514,""score"":100},""T3_high_proximity"":{""value"":0.9851423386639446,""score"":92.57116933197229},""T4_rs_1m"":{""value"":0.6327043145707674,""score"":100},""T5_rs_3m"":{""value"":1.8856008445616759,""score"":100},""T6_adr_healthy"":{""value"":8.855691277693282,""score"":78.60771805766795},""_score"":97.82},""geometry"":{""sub_flat_top_quality"":33.3,""sub_hl_slope"":72.9,""sub_compression"":18.6,""sub_duration"":100.0,""_score"":51.51},""compression"":{""VC1_atr_ratio"":{""value"":0.7772415710539589,""score"":55.689607236510284},""VC2_range_contraction"":{""value"":0.8958674102145594,""score"":17.355431630906768},""VC3_range_pct_rank"":{""score"":47.5},""_score"":40.23},""sr_quality"":{""SR1_touches"":{""value"":2,""score"":25.0},""SR2_tightness"":{""value"":3.459949999999992,""score"":70.49417489093535},""SR3_recency"":{""value"":230,""score"":0.0},""SR4_price_location"":{""score"":30.0},""SR5_reaction"":{""value"":1.6891454882358747,""score"":84.45727441179373},""_score"":38.24,""_levels_found"":6,""_target_level"":230.2699},""volume"":{""V1_rvol_day"":{""value"":0.7373735045052613,""score"":15.824900300350752},""V2_rvol_sameslot"":{""value"":0.5310696804098405,""score"":2.0713120273226986,""status"":""ok""},""V3_breakout_bar"":{""value"":0.3880899329304871,""score"":0},""V4_base_dryup"":{""value"":1.0383332697045808,""score"":46.16667302954192},""V5_bo_expansion"":{""value"":0.7373735045052612,""score"":0},""_score"":12.81},""readiness"":{""_distance_atr"":0.779,""BR1_atr_distance"":{""score"":48.09429655447707},""BR2_compression"":{""score"":66.93203222261},""BR3_retest"":{""score"":50.0},""BR4_bo_age"":{""score"":50.0},""_score"":53.47},""risk"":{""R1_stop_clarity"":{""score"":74.63272513745018},""R2_stop_distance_pct"":{""value"":25.038241614859153,""score"":0.0},""R3_stop_distance_atr"":{""value"":2.7819726183935294,""score"":100.0},""R4_rr_potential"":{""value"":1.5141440715828816,""score"":25.70720357914408},""_score"":46.26},""market"":{""M1_spy_regime"":{""score"":100.0},""M3_earnings_risk"":{""value"":null,""score"":80.0},""M4_vix"":{""value"":null,""score"":60.0},""_score"":84.0},""liquidity"":{""L1_price"":{""value"":260.58,""score"":100.0},""L2_dollar_vol"":{""value"":3633651972.530878,""score"":100.0},""L3_spread_proxy"":{""value"":0.07325926778724384,""score"":26.740732212756157},""L4_volume_zscore"":{""value"":-0.675082672416972,""score"":100.0},""_score"":92.67},""pattern_structure"":{""top"":278.8399,""top_touches"":2,""low_slope_per_bar"":0.43393116820164873,""lowest_low"":198.31,""structural_low"":198.31,""current_price"":262.13,""neckline_distance_pct"":0.06374661427535958,""base_bars"":35},""pattern_geometry_features"":{""top_touches"":2.0,""low_slope"":0.43393116820164873,""compression"":0.09314366600298685,""atr_pct"":0.09000175432825673},""_schema_version"":""1.0""}",,,,,,,,,,
20260602T213437Z-756d21,2026-06-02T21:34:37.658687+00:00,WOLF,bull_flag,absent,38.58,82.3,19.4,18.4,35.1,6.6,42.3,59.4,84.0,90.0,11.52,5.83,1.65,3.52,0.93,3.81,1.78,5.04,4.5,True,stop_too_wide,61.06,74.0328,48.9151,94.2856,"{""trend"":{""T1_ema_stack"":{""value"":[true,true,true],""score"":100.0},""T2_ema50_slope"":{""value"":1.7843086710827443,""score"":100},""T3_high_proximity"":{""value"":0.8307482993197279,""score"":15.374149659863946},""T4_rs_1m"":{""value"":0.6070378142933621,""score"":100},""T5_rs_3m"":{""value"":1.812064282106571,""score"":100},""T6_adr_healthy"":{""value"":16.615312838677927,""score"":0.0},""_score"":82.31},""geometry"":{""sub_pole_impulse"":23.4,""sub_flag_tightness"":0,""sub_flag_shallowness"":0,""sub_flag_drift"":82.9,""sub_flag_duration"":0.0,""_score"":19.45},""compression"":{""VC1_atr_ratio"":{""value"":0.8830673981367855,""score"":29.233150465803632},""VC2_range_contraction"":{""value"":1.093824557023278,""score"":0},""VC3_range_pct_rank"":{""score"":26.66666666666667},""_score"":18.36},""sr_quality"":{""SR1_touches"":{""value"":2,""score"":25.0},""SR2_tightness"":{""value"":0.40995000000000026,""score"":93.09028808224282},""SR3_recency"":{""value"":247,""score"":0.0},""SR4_price_location"":{""score"":30.0},""SR5_reaction"":{""value"":0.8246272183151371,""score"":41.23136091575685},""_score"":35.15,""_levels_found"":2,""_target_level"":25.49},""volume"":{""V1_rvol_day"":{""value"":0.7546978740165695,""score"":16.9798582677713},""V2_rvol_sameslot"":{""value"":0.7410764730782536,""score"":16.071764871883577,""status"":""ok""},""V3_breakout_bar"":{""value"":0.4794233128710876,""score"":0},""V4_base_dryup"":{""value"":4.746674376398898,""score"":0},""V5_bo_expansion"":{""value"":0.7546978740165695,""score"":0},""_score"":6.61},""readiness"":{""_distance_atr"":1.093,""BR1_atr_distance"":{""score"":27.11443609653189},""BR2_compression"":{""score"":55.96719066117055},""BR3_retest"":{""score"":50.0},""BR4_bo_age"":{""score"":50.0},""_score"":42.34},""risk"":{""R1_stop_clarity"":{""score"":87.44470201844779},""R2_stop_distance_pct"":{""value"":19.890108090402894,""score"":0.0},""R3_stop_distance_atr"":{""value"":1.0235121389190045,""score"":76.17560694595022},""R4_rr_potential"":{""value"":2.7357656300175357,""score"":86.78828150087679},""_score"":59.39},""market"":{""M1_spy_regime"":{""score"":100.0},""M3_earnings_risk"":{""value"":null,""score"":80.0},""M4_vix"":{""value"":null,""score"":60.0},""_score"":84.0},""liquidity"":{""L1_price"":{""value"":61.06,""score"":100.0},""L2_dollar_vol"":{""value"":536539858.6353418,""score"":100.0},""L3_spread_proxy"":{""value"":0.12757943006878478,""score"":0},""L4_volume_zscore"":{""value"":-0.4686135584570963,""score"":100.0},""_score"":90.0},""pattern_structure"":{""pole_low"":53.78,""pole_low_idx"":6,""peak_price"":74.0328,""peak_idx"":30,""pole_gain"":0.3765860914838228,""flag_bars"":29,""flag_low"":49.66,""flag_high"":69.27,""structural_low"":49.66,""current_price"":61.835,""neckline_distance_pct"":0.1972636856149429,""base_bars"":29},""pattern_geometry_features"":{""pole_gain"":0.3765860914838228,""pullback_pct"":0.32921623928853155,""flag_range_pct"":0.26488259258058594,""flag_drift_per_bar"":-0.0034240775048486414,""atr_pct"":0.19433192176313693,""pole_atr_multiple"":1.937849881106141},""_schema_version"":""1.0""}",,,,,,,,,,
20260602T213437Z-756d21,2026-06-02T21:34:37.658687+00:00,BA,bull_flag,absent,38.47,41.2,27.8,44.6,35.4,21.5,22.6,65.0,84.0,95.5,5.77,8.33,4.01,3.54,3.01,2.04,1.95,5.04,4.78,True,risk_unclear,217.7,232.3,211.7848,246.69,"{""trend"":{""T1_ema_stack"":{""value"":[false,true,true],""score"":66.66666666666666},""T2_ema50_slope"":{""value"":0.050870961266500814,""score"":58.47849354441681},""T3_high_proximity"":{""value"":0.9048212801330008,""score"":52.41064006650037},""T4_rs_1m"":{""value"":-0.09657870547753244,""score"":0},""T5_rs_3m"":{""value"":-0.14511825670977907,""score"":0},""T6_adr_healthy"":{""value"":2.8986632654870177,""score"":100.0},""_score"":41.22},""geometry"":{""sub_pole_impulse"":22.1,""sub_flag_tightness"":0,""sub_flag_shallowness"":0,""sub_flag_drift"":74.3,""sub_flag_duration"":100.0,""_score"":27.77},""compression"":{""VC1_atr_ratio"":{""value"":0.5878344739985981,""score"":100},""VC2_range_contraction"":{""value"":0.9534510877228173,""score"":7.75815204619712},""VC3_range_pct_rank"":{""score"":7.499999999999996},""_score"":44.59},""sr_quality"":{""SR1_touches"":{""value"":2,""score"":25.0},""SR2_tightness"":{""value"":1.5,""score"":60.69623806850086},""SR3_recency"":{""value"":283,""score"":0.0},""SR4_price_location"":{""score"":15.19256140397522},""SR5_reaction"":{""value"":3.049971925884333,""score"":100},""_score"":35.4,""_levels_found"":4,""_target_level"":230.46},""volume"":{""V1_rvol_day"":{""value"":1.015585394047051,""score"":34.37235960313673},""V2_rvol_sameslot"":{""value"":0.9344252748189131,""score"":28.961684987927544,""status"":""ok""},""V3_breakout_bar"":{""value"":0.8270584188684943,""score"":21.803894591232954},""V4_base_dryup"":{""value"":1.3402089873832257,""score"":15.979101261677428},""V5_bo_expansion"":{""value"":1.015585394047051,""score"":1.0390262698033967},""_score"":21.47},""readiness"":{""_distance_atr"":1.913,""BR1_atr_distance"":{""score"":0},""BR2_compression"":{""score"":20.549481377831896},""BR3_retest"":{""score"":50.0},""BR4_bo_age"":{""score"":50.0},""_score"":22.64},""risk"":{""R1_stop_clarity"":{""score"":15.492981471083368},""R2_stop_distance_pct"":{""value"":2.7171107028020263,""score"":100.0},""R3_stop_distance_atr"":{""value"":0.7749588246303585,""score"":63.74794123151793},""R4_rr_potential"":{""value"":4.900974616028331,""score"":100.0},""_score"":64.98},""market"":{""M1_spy_regime"":{""score"":100.0},""M3_earnings_risk"":{""value"":null,""score"":80.0},""M4_vix"":{""value"":null,""score"":60.0},""_score"":84.0},""liquidity"":{""L1_price"":{""value"":217.7,""score"":100.0},""L2_dollar_vol"":{""value"":1660135167.8280334,""score"":100.0},""L3_spread_proxy"":{""value"":0.04446485989894353,""score"":55.53514010105647},""L4_volume_zscore"":{""value"":0.04060596514180469,""score"":100.0},""_score"":95.55},""pattern_structure"":{""pole_low"":217.91,""pole_low_idx"":29,""peak_price"":232.3,""peak_idx"":45,""pole_gain"":0.06603643706117211,""flag_bars"":14,""flag_low"":215.01,""flag_high"":231.26,""structural_low"":215.01,""current_price"":216.435,""neckline_distance_pct"":0.07330145309215241,""base_bars"":14},""pattern_geometry_features"":{""pole_gain"":0.06603643706117211,""pullback_pct"":0.07442961687473104,""flag_range_pct"":0.06995264743865691,""flag_drift_per_bar"":-0.005145146996141554,""atr_pct"":0.03506135573200344,""pole_atr_multiple"":1.8834536110335038},""_schema_version"":""1.0""}",,,,,,,,,,
20260602T213437Z-756d21,2026-06-02T21:34:37.658687+00:00,INTU,bull_flag,absent,33.95,5.0,28.6,5.2,51.7,26.0,35.7,79.3,84.0,94.7,0.7,8.59,0.47,5.17,3.65,3.22,2.38,5.04,4.74,True,trend_floor,322.14,363.175,310.7675,425.85,"{""trend"":{""T1_ema_stack"":{""value"":[false,false,false],""score"":0.0},""T2_ema50_slope"":{""value"":-0.571104378929827,""score"":0},""T3_high_proximity"":{""value"":0.6694931105430513,""score"":0},""T4_rs_1m"":{""value"":-0.24671930944125064,""score"":0},""T5_rs_3m"":{""value"":-0.3731014793652484,""score"":0},""T6_adr_healthy"":{""value"":4.5490553018899424,""score"":100.0},""_score"":5.0},""geometry"":{""sub_pole_impulse"":39.8,""sub_flag_tightness"":6.8,""sub_flag_shallowness"":0,""sub_flag_drift"":33.2,""sub_flag_duration"":100.0,""_score"":28.62},""compression"":{""VC1_atr_ratio"":{""value"":1.0956733538029593,""score"":0},""VC2_range_contraction"":{""value"":1.4008607789941085,""score"":0},""VC3_range_pct_rank"":{""score"":20.833333333333336},""_score"":5.21},""sr_quality"":{""SR1_touches"":{""value"":2,""score"":25.0},""SR2_tightness"":{""value"":3.447499999999991,""score"":73.41476627550328},""SR3_recency"":{""value"":259,""score"":0.0},""SR4_price_location"":{""score"":72.91834149783402},""SR5_reaction"":{""value"":2.7669656782511964,""score"":100},""_score"":51.74,""_levels_found"":6,""_target_level"":345.5525},""volume"":{""V1_rvol_day"":{""value"":1.2441794575997678,""score"":49.61196383998452},""V2_rvol_sameslot"":{""value"":1.237807004703293,""score"":49.1871336468862,""status"":""ok""},""V3_breakout_bar"":{""value"":0.7305330522704938,""score"":15.368870151366254},""V4_base_dryup"":{""value"":3.1261138278566394,""score"":0},""V5_bo_expansion"":{""value"":1.2441794575997678,""score"":16.278630506651183},""_score"":26.04},""readiness"":{""_distance_atr"":1.582,""BR1_atr_distance"":{""score"":0},""BR2_compression"":{""score"":72.90094669647227},""BR3_retest"":{""score"":50.0},""BR4_bo_age"":{""score"":50.0},""_score"":35.73},""risk"":{""R1_stop_clarity"":{""score"":63.50554935426209},""R2_stop_distance_pct"":{""value"":3.53029738622959,""score"":100.0},""R3_stop_distance_atr"":{""value"":0.43849248808098584,""score"":46.9246244040493},""R4_rr_potential"":{""value"":9.11936689382282,""score"":100.0},""_score"":79.27},""market"":{""M1_spy_regime"":{""score"":100.0},""M3_earnings_risk"":{""value"":null,""score"":80.0},""M4_vix"":{""value"":null,""score"":60.0},""_score"":84.0},""liquidity"":{""L1_price"":{""value"":322.14,""score"":100.0},""L2_dollar_vol"":{""value"":2369337197.3114133,""score"":100.0},""L3_spread_proxy"":{""value"":0.052554789842925456,""score"":47.44521015707454},""L4_volume_zscore"":{""value"":0.28946887817472516,""score"":100.0},""_score"":94.74},""pattern_structure"":{""pole_low"":300.5,""pole_low_idx"":30,""peak_price"":363.175,""peak_idx"":51,""pole_gain"":0.20856905158069888,""flag_bars"":8,""flag_low"":315.5,""flag_high"":357.86,""structural_low"":315.5,""current_price"":323.955,""neckline_distance_pct"":0.12106619746569748,""base_bars"":8},""pattern_geometry_features"":{""pole_gain"":0.20856905158069888,""pullback_pct"":0.13127280236800443,""flag_range_pct"":0.11663798444276179,""flag_drift_per_bar"":-0.01336059682010514,""atr_pct"":0.08050987148444774,""pole_atr_multiple"":2.590602217281996},""_schema_version"":""1.0""}",,,,,,,,,,
